1 Build	Set up job	﻿2026-10-07T13:41:50.9446595Z Current runner version: '2.337.0'
1 Build	Set up job	2026-10-07T13:41:50.9484878Z ##[group]Runner Image Provisioner
1 Build	Set up job	2026-10-07T13:41:50.9486633Z Hosted Compute Agent
1 Build	Set up job	2026-10-07T13:41:50.9487605Z Version: 20260901.588
1 Build	Set up job	2026-10-07T13:41:50.9488712Z Commit: f88ec8081b781fac6c440065ac7ff9e710ce3d0b
1 Build	Set up job	2026-10-07T13:41:50.9489913Z Build Date: 2026-09-01T19:56:44Z
1 Build	Set up job	2026-10-07T13:41:50.9491437Z Worker ID: {81b5c833-1a32-4113-a960-f752419e1c3e}
1 Build	Set up job	2026-10-07T13:41:50.9492907Z Azure Region: centralus
1 Build	Set up job	2026-10-07T13:41:50.9494054Z ##[endgroup]
1 Build	Set up job	2026-10-07T13:41:50.9497535Z ##[group]Operating System
1 Build	Set up job	2026-10-07T13:41:50.9498635Z Ubuntu
1 Build	Set up job	2026-10-07T13:41:50.9500031Z 24.04.5
1 Build	Set up job	2026-10-07T13:41:50.9501159Z LTS
1 Build	Set up job	2026-10-07T13:41:50.9502061Z ##[endgroup]
1 Build	Set up job	2026-10-07T13:41:50.9503189Z ##[group]Runner Image
1 Build	Set up job	2026-10-07T13:41:50.9504474Z Image: ubuntu-24.04
1 Build	Set up job	2026-10-07T13:41:50.9505848Z Version: 20260927.320.1
1 Build	Set up job	2026-10-07T13:41:50.9508069Z Included Software: https://github.com/actions/runner-images/blob/ubuntu24/20260927.320/images/ubuntu/Ubuntu2404-Readme.md
1 Build	Set up job	2026-10-07T13:41:50.9511540Z Image Release: https://github.com/actions/runner-images/releases/tag/ubuntu24%2F20260927.320
1 Build	Set up job	2026-10-07T13:41:50.9513606Z ##[endgroup]
1 Build	Set up job	2026-10-07T13:41:50.9516003Z ##[group]GITHUB_TOKEN Permissions
1 Build	Set up job	2026-10-07T13:41:50.9518977Z Contents: read
1 Build	Set up job	2026-10-07T13:41:50.9520024Z Metadata: read
1 Build	Set up job	2026-10-07T13:41:50.9521172Z ##[endgroup]
1 Build	Set up job	2026-10-07T13:41:50.9524352Z Secret source: Actions
1 Build	Set up job	2026-10-07T13:41:50.9526513Z Cache mode: write
1 Build	Set up job	2026-10-07T13:41:50.9528270Z Prepare workflow directory
1 Build	Set up job	2026-10-07T13:41:51.0034235Z Prepare all required actions
1 Build	Set up job	2026-10-07T13:41:51.0109004Z Getting action download info
1 Build	Set up job	2026-10-07T13:41:51.3223793Z Download action repository 'actions/checkout@v4' (SHA:11d5960a326750d5838078e36cf38b85af677262)
1 Build	Set up job	2026-10-07T13:41:51.4439253Z Download action repository 'actions/setup-python@v5' (SHA:a26af69be951a213d495a4c3e4e4022e16d87065)
1 Build	Set up job	2026-10-07T13:41:51.5232781Z Download action repository 'actions/upload-artifact@v4' (SHA:ea165f8d65b6e75b540449e92b4886f43607fa02)
1 Build	Set up job	2026-10-07T13:41:51.7399861Z Complete job name: 1 Build
1 Build	Checkout code	﻿2026-10-07T13:41:51.8195012Z ##[group]Run actions/checkout@v4
1 Build	Checkout code	2026-10-07T13:41:51.8196263Z with:
1 Build	Checkout code	2026-10-07T13:41:51.8196789Z   repository: AmanYadav7015/devops-coursework
1 Build	Checkout code	2026-10-07T13:41:51.8200502Z   token: ***
1 Build	Checkout code	2026-10-07T13:41:51.8200947Z   ssh-strict: true
1 Build	Checkout code	2026-10-07T13:41:51.8201393Z   ssh-user: git
1 Build	Checkout code	2026-10-07T13:41:51.8201846Z   persist-credentials: true
1 Build	Checkout code	2026-10-07T13:41:51.8202342Z   clean: true
1 Build	Checkout code	2026-10-07T13:41:51.8202792Z   sparse-checkout-cone-mode: true
1 Build	Checkout code	2026-10-07T13:41:51.8203324Z   fetch-depth: 1
1 Build	Checkout code	2026-10-07T13:41:51.8203769Z   fetch-tags: false
1 Build	Checkout code	2026-10-07T13:41:51.8204214Z   show-progress: true
1 Build	Checkout code	2026-10-07T13:41:51.8204657Z   lfs: false
1 Build	Checkout code	2026-10-07T13:41:51.8205071Z   submodules: false
1 Build	Checkout code	2026-10-07T13:41:51.8205699Z   set-safe-directory: true
1 Build	Checkout code	2026-10-07T13:41:51.8206211Z   allow-unsafe-pr-checkout: false
1 Build	Checkout code	2026-10-07T13:41:51.8207013Z env:
1 Build	Checkout code	2026-10-07T13:41:51.8207514Z   APP_DIR: labs/17-devsecops
1 Build	Checkout code	2026-10-07T13:41:51.8208082Z   IMAGE_NAME: claim-check-api
1 Build	Checkout code	2026-10-07T13:41:51.8208608Z   TRIVY_VERSION: 0.75.0
1 Build	Checkout code	2026-10-07T13:41:51.8209109Z   GITLEAKS_VERSION: 8.30.1
1 Build	Checkout code	2026-10-07T13:41:51.8209585Z   PYTHON_VERSION: 3.13
1 Build	Checkout code	2026-10-07T13:41:51.8210040Z ##[endgroup]
1 Build	Checkout code	2026-10-07T13:41:51.9269671Z Syncing repository: AmanYadav7015/devops-coursework
1 Build	Checkout code	2026-10-07T13:41:51.9272389Z ##[group]Getting Git version info
1 Build	Checkout code	2026-10-07T13:41:51.9273297Z Working directory is '/home/runner/work/devops-coursework/devops-coursework'
1 Build	Checkout code	2026-10-07T13:41:51.9274429Z [command]/usr/bin/git version
1 Build	Checkout code	2026-10-07T13:41:51.9385208Z git version 2.55.0
1 Build	Checkout code	2026-10-07T13:41:51.9415856Z ##[endgroup]
1 Build	Checkout code	2026-10-07T13:41:51.9432888Z Temporarily overriding HOME='/home/runner/work/_temp/f1a59365-9f09-46ec-ae20-c13a6cff5906' before making global git config changes
1 Build	Checkout code	2026-10-07T13:41:51.9434603Z Adding repository directory to the temporary git global config as a safe directory
1 Build	Checkout code	2026-10-07T13:41:51.9440992Z [command]/usr/bin/git config --global --add safe.directory /home/runner/work/devops-coursework/devops-coursework
1 Build	Checkout code	2026-10-07T13:41:51.9501256Z Deleting the contents of '/home/runner/work/devops-coursework/devops-coursework'
1 Build	Checkout code	2026-10-07T13:41:51.9505246Z ##[group]Initializing the repository
1 Build	Checkout code	2026-10-07T13:41:51.9511484Z [command]/usr/bin/git init /home/runner/work/devops-coursework/devops-coursework
1 Build	Checkout code	2026-10-07T13:41:51.9654019Z hint: Using 'master' as the name for the initial branch. This default branch name
1 Build	Checkout code	2026-10-07T13:41:51.9656821Z hint: will change to "main" in Git 3.0. To configure the initial branch name
1 Build	Checkout code	2026-10-07T13:41:51.9658969Z hint: to use in all of your new repositories, which will suppress this warning,
1 Build	Checkout code	2026-10-07T13:41:51.9660814Z hint: call:
1 Build	Checkout code	2026-10-07T13:41:51.9661857Z hint:
1 Build	Checkout code	2026-10-07T13:41:51.9663064Z hint: 	git config --global init.defaultBranch <name>
1 Build	Checkout code	2026-10-07T13:41:51.9664427Z hint:
1 Build	Checkout code	2026-10-07T13:41:51.9666047Z hint: Names commonly chosen instead of 'master' are 'main', 'trunk' and
1 Build	Checkout code	2026-10-07T13:41:51.9668432Z hint: 'development'. The just-created branch can be renamed via this command:
1 Build	Checkout code	2026-10-07T13:41:51.9669756Z hint:
1 Build	Checkout code	2026-10-07T13:41:51.9670566Z hint: 	git branch -m <name>
1 Build	Checkout code	2026-10-07T13:41:51.9671488Z hint:
1 Build	Checkout code	2026-10-07T13:41:51.9672684Z hint: Disable this message with "git config set advice.defaultBranchName false"
1 Build	Checkout code	2026-10-07T13:41:51.9674745Z Initialized empty Git repository in /home/runner/work/devops-coursework/devops-coursework/.git/
1 Build	Checkout code	2026-10-07T13:41:51.9678467Z [command]/usr/bin/git remote add origin https://github.com/AmanYadav7015/devops-coursework
1 Build	Checkout code	2026-10-07T13:41:51.9756404Z ##[endgroup]
1 Build	Checkout code	2026-10-07T13:41:51.9758496Z ##[group]Disabling automatic garbage collection
1 Build	Checkout code	2026-10-07T13:41:51.9762029Z [command]/usr/bin/git config --local gc.auto 0
1 Build	Checkout code	2026-10-07T13:41:51.9820710Z ##[endgroup]
1 Build	Checkout code	2026-10-07T13:41:51.9822039Z ##[group]Setting up auth
1 Build	Checkout code	2026-10-07T13:41:51.9832433Z [command]/usr/bin/git config --local --name-only --get-regexp core\.sshCommand
1 Build	Checkout code	2026-10-07T13:41:51.9886332Z [command]/usr/bin/git submodule foreach --recursive sh -c "git config --local --name-only --get-regexp 'core\.sshCommand' && git config --local --unset-all 'core.sshCommand' || :"
1 Build	Checkout code	2026-10-07T13:41:52.0419079Z [command]/usr/bin/git config --local --name-only --get-regexp http\.https\:\/\/github\.com\/\.extraheader
1 Build	Checkout code	2026-10-07T13:41:52.0465323Z [command]/usr/bin/git submodule foreach --recursive sh -c "git config --local --name-only --get-regexp 'http\.https\:\/\/github\.com\/\.extraheader' && git config --local --unset-all 'http.https://github.com/.extraheader' || :"
1 Build	Checkout code	2026-10-07T13:41:52.0721475Z [command]/usr/bin/git config --local --name-only --get-regexp ^includeIf\.gitdir:
1 Build	Checkout code	2026-10-07T13:41:52.0752500Z [command]/usr/bin/git submodule foreach --recursive git config --local --show-origin --name-only --get-regexp remote.origin.url
1 Build	Checkout code	2026-10-07T13:41:52.0989550Z [command]/usr/bin/git config --local http.https://github.com/.extraheader AUTHORIZATION: basic ***
1 Build	Checkout code	2026-10-07T13:41:52.1034720Z ##[endgroup]
1 Build	Checkout code	2026-10-07T13:41:52.1036461Z ##[group]Fetching the repository
1 Build	Checkout code	2026-10-07T13:41:52.1048309Z [command]/usr/bin/git -c protocol.version=2 fetch --no-tags --prune --no-recurse-submodules --depth=1 origin +da35a33a980e016775f43c28f0ea7e242c140bcd:refs/remotes/origin/session-17-devsecops-ci
1 Build	Checkout code	2026-10-07T13:41:53.1163409Z From https://github.com/AmanYadav7015/devops-coursework
1 Build	Checkout code	2026-10-07T13:41:53.1166414Z  * [new ref]         da35a33a980e016775f43c28f0ea7e242c140bcd -> origin/session-17-devsecops-ci
1 Build	Checkout code	2026-10-07T13:41:53.1171824Z ##[endgroup]
1 Build	Checkout code	2026-10-07T13:41:53.1173883Z ##[group]Determining the checkout info
1 Build	Checkout code	2026-10-07T13:41:53.1176484Z ##[endgroup]
1 Build	Checkout code	2026-10-07T13:41:53.1178026Z [command]/usr/bin/git sparse-checkout disable
1 Build	Checkout code	2026-10-07T13:41:53.1236957Z [command]/usr/bin/git config --local --unset-all extensions.worktreeConfig
1 Build	Checkout code	2026-10-07T13:41:53.1272273Z ##[group]Checking out the ref
1 Build	Checkout code	2026-10-07T13:41:53.1277231Z [command]/usr/bin/git checkout --progress --force -B session-17-devsecops-ci refs/remotes/origin/session-17-devsecops-ci
1 Build	Checkout code	2026-10-07T13:41:53.2496630Z Switched to a new branch 'session-17-devsecops-ci'
1 Build	Checkout code	2026-10-07T13:41:53.2504795Z branch 'session-17-devsecops-ci' set up to track 'origin/session-17-devsecops-ci'.
1 Build	Checkout code	2026-10-07T13:41:53.2517245Z ##[endgroup]
1 Build	Checkout code	2026-10-07T13:41:53.2567825Z [command]/usr/bin/git log -1 --format=%H
1 Build	Checkout code	2026-10-07T13:41:53.2598284Z da35a33a980e016775f43c28f0ea7e242c140bcd
1 Build	Setup Python	﻿2026-10-07T13:41:53.2998530Z ##[group]Run actions/setup-python@v5
1 Build	Setup Python	2026-10-07T13:41:53.2999943Z with:
1 Build	Setup Python	2026-10-07T13:41:53.3000858Z   python-version: 3.13
1 Build	Setup Python	2026-10-07T13:41:53.3001916Z   check-latest: false
1 Build	Setup Python	2026-10-07T13:41:53.3011863Z   token: ***
1 Build	Setup Python	2026-10-07T13:41:53.3079859Z   update-environment: true
1 Build	Setup Python	2026-10-07T13:41:53.3081349Z   allow-prereleases: false
1 Build	Setup Python	2026-10-07T13:41:53.3082523Z   freethreaded: false
1 Build	Setup Python	2026-10-07T13:41:53.3083527Z env:
1 Build	Setup Python	2026-10-07T13:41:53.3084412Z   APP_DIR: labs/17-devsecops
1 Build	Setup Python	2026-10-07T13:41:53.3085749Z   IMAGE_NAME: claim-check-api
1 Build	Setup Python	2026-10-07T13:41:53.3086907Z   TRIVY_VERSION: 0.75.0
1 Build	Setup Python	2026-10-07T13:41:53.3087963Z   GITLEAKS_VERSION: 8.30.1
1 Build	Setup Python	2026-10-07T13:41:53.3089041Z   PYTHON_VERSION: 3.13
1 Build	Setup Python	2026-10-07T13:41:53.3090035Z ##[endgroup]
1 Build	Setup Python	2026-10-07T13:41:53.4516559Z ##[group]Installed versions
1 Build	Setup Python	2026-10-07T13:41:53.4626109Z (node:2324) [DEP0040] DeprecationWarning: The `punycode` module is deprecated. Please use a userland alternative instead.
1 Build	Setup Python	2026-10-07T13:41:53.4627035Z (Use `node --trace-deprecation ...` to show where the warning was created)
1 Build	Setup Python	2026-10-07T13:41:53.4628106Z Successfully set up CPython (3.13.15)
1 Build	Setup Python	2026-10-07T13:41:53.4629088Z ##[endgroup]
1 Build	Resolve the version and the registry reference	﻿2026-10-07T13:41:53.4786654Z ##[group]Run APP_VERSION="1.0.${GITHUB_RUN_NUMBER}+${GITHUB_SHA::7}"
1 Build	Resolve the version and the registry reference	2026-10-07T13:41:53.4787357Z [36;1mAPP_VERSION="1.0.${GITHUB_RUN_NUMBER}+${GITHUB_SHA::7}"[0m
1 Build	Resolve the version and the registry reference	2026-10-07T13:41:53.4787857Z [36;1mIMAGE_TAG="1.0.${GITHUB_RUN_NUMBER}-${GITHUB_SHA::7}"[0m
1 Build	Resolve the version and the registry reference	2026-10-07T13:41:53.4788380Z [36;1mOWNER_REPO=$(echo "${GITHUB_REPOSITORY}" | tr '[:upper:]' '[:lower:]')[0m
1 Build	Resolve the version and the registry reference	2026-10-07T13:41:53.4788914Z [36;1mIMAGE_REPO="ghcr.io/${OWNER_REPO}/${IMAGE_NAME}"[0m
1 Build	Resolve the version and the registry reference	2026-10-07T13:41:53.4789395Z [36;1mecho "app_version=${APP_VERSION}" >> "$GITHUB_OUTPUT"[0m
1 Build	Resolve the version and the registry reference	2026-10-07T13:41:53.4789851Z [36;1mecho "image_tag=${IMAGE_TAG}" >> "$GITHUB_OUTPUT"[0m
1 Build	Resolve the version and the registry reference	2026-10-07T13:41:53.4790334Z [36;1mecho "image_repo=${IMAGE_REPO}" >> "$GITHUB_OUTPUT"[0m
1 Build	Resolve the version and the registry reference	2026-10-07T13:41:53.4790769Z [36;1mecho "application version : ${APP_VERSION}"[0m
1 Build	Resolve the version and the registry reference	2026-10-07T13:41:53.4791158Z [36;1mecho "image tag           : ${IMAGE_TAG}"[0m
1 Build	Resolve the version and the registry reference	2026-10-07T13:41:53.4791582Z [36;1mecho "registry reference  : ${IMAGE_REPO}:${IMAGE_TAG}"[0m
1 Build	Resolve the version and the registry reference	2026-10-07T13:41:53.5153228Z shell: /usr/bin/bash --noprofile --norc -e -o pipefail {0}
1 Build	Resolve the version and the registry reference	2026-10-07T13:41:53.5153940Z env:
1 Build	Resolve the version and the registry reference	2026-10-07T13:41:53.5154342Z   APP_DIR: labs/17-devsecops
1 Build	Resolve the version and the registry reference	2026-10-07T13:41:53.5154824Z   IMAGE_NAME: claim-check-api
1 Build	Resolve the version and the registry reference	2026-10-07T13:41:53.5155507Z   TRIVY_VERSION: 0.75.0
1 Build	Resolve the version and the registry reference	2026-10-07T13:41:53.5155968Z   GITLEAKS_VERSION: 8.30.1
1 Build	Resolve the version and the registry reference	2026-10-07T13:41:53.5156392Z   PYTHON_VERSION: 3.13
1 Build	Resolve the version and the registry reference	2026-10-07T13:41:53.5156831Z   pythonLocation: /opt/hostedtoolcache/Python/3.13.15/x64
1 Build	Resolve the version and the registry reference	2026-10-07T13:41:53.5157474Z   PKG_CONFIG_PATH: /opt/hostedtoolcache/Python/3.13.15/x64/lib/pkgconfig
1 Build	Resolve the version and the registry reference	2026-10-07T13:41:53.5158107Z   Python_ROOT_DIR: /opt/hostedtoolcache/Python/3.13.15/x64
1 Build	Resolve the version and the registry reference	2026-10-07T13:41:53.5158710Z   Python2_ROOT_DIR: /opt/hostedtoolcache/Python/3.13.15/x64
1 Build	Resolve the version and the registry reference	2026-10-07T13:41:53.5159284Z   Python3_ROOT_DIR: /opt/hostedtoolcache/Python/3.13.15/x64
1 Build	Resolve the version and the registry reference	2026-10-07T13:41:53.5159866Z   LD_LIBRARY_PATH: /opt/hostedtoolcache/Python/3.13.15/x64/lib
1 Build	Resolve the version and the registry reference	2026-10-07T13:41:53.5160368Z ##[endgroup]
1 Build	Resolve the version and the registry reference	2026-10-07T13:41:53.5301318Z application version : 1.0.2+da35a33
1 Build	Resolve the version and the registry reference	2026-10-07T13:41:53.5302204Z image tag           : 1.0.2-da35a33
1 Build	Resolve the version and the registry reference	2026-10-07T13:41:53.5303363Z registry reference  : ghcr.io/amanyadav7015/devops-coursework/claim-check-api:1.0.2-da35a33
1 Build	Install runtime dependencies	﻿2026-10-07T13:41:53.5363703Z ##[group]Run python -m pip install --upgrade pip
1 Build	Install runtime dependencies	2026-10-07T13:41:53.5364222Z [36;1mpython -m pip install --upgrade pip[0m
1 Build	Install runtime dependencies	2026-10-07T13:41:53.5364626Z [36;1mpip install -r requirements.txt[0m
1 Build	Install runtime dependencies	2026-10-07T13:41:53.5364970Z [36;1mpip list[0m
1 Build	Install runtime dependencies	2026-10-07T13:41:53.5430230Z shell: /usr/bin/bash --noprofile --norc -e -o pipefail {0}
1 Build	Install runtime dependencies	2026-10-07T13:41:53.5430730Z env:
1 Build	Install runtime dependencies	2026-10-07T13:41:53.5431221Z   APP_DIR: labs/17-devsecops
1 Build	Install runtime dependencies	2026-10-07T13:41:53.5431586Z   IMAGE_NAME: claim-check-api
1 Build	Install runtime dependencies	2026-10-07T13:41:53.5431940Z   TRIVY_VERSION: 0.75.0
1 Build	Install runtime dependencies	2026-10-07T13:41:53.5432274Z   GITLEAKS_VERSION: 8.30.1
1 Build	Install runtime dependencies	2026-10-07T13:41:53.5432615Z   PYTHON_VERSION: 3.13
1 Build	Install runtime dependencies	2026-10-07T13:41:53.5433023Z   pythonLocation: /opt/hostedtoolcache/Python/3.13.15/x64
1 Build	Install runtime dependencies	2026-10-07T13:41:53.5433618Z   PKG_CONFIG_PATH: /opt/hostedtoolcache/Python/3.13.15/x64/lib/pkgconfig
1 Build	Install runtime dependencies	2026-10-07T13:41:53.5434207Z   Python_ROOT_DIR: /opt/hostedtoolcache/Python/3.13.15/x64
1 Build	Install runtime dependencies	2026-10-07T13:41:53.5434748Z   Python2_ROOT_DIR: /opt/hostedtoolcache/Python/3.13.15/x64
1 Build	Install runtime dependencies	2026-10-07T13:41:53.5435483Z   Python3_ROOT_DIR: /opt/hostedtoolcache/Python/3.13.15/x64
1 Build	Install runtime dependencies	2026-10-07T13:41:53.5436038Z   LD_LIBRARY_PATH: /opt/hostedtoolcache/Python/3.13.15/x64/lib
1 Build	Install runtime dependencies	2026-10-07T13:41:53.5436510Z ##[endgroup]
1 Build	Install runtime dependencies	2026-10-07T13:41:54.3632742Z Requirement already satisfied: pip in /opt/hostedtoolcache/Python/3.13.15/x64/lib/python3.13/site-packages (26.2.1)
1 Build	Install runtime dependencies	2026-10-07T13:41:55.0025133Z Collecting Flask==3.0.0 (from -r requirements.txt (line 1))
1 Build	Install runtime dependencies	2026-10-07T13:41:55.0722849Z   Downloading flask-3.0.0-py3-none-any.whl.metadata (3.6 kB)
1 Build	Install runtime dependencies	2026-10-07T13:41:55.1069546Z Collecting Werkzeug==3.0.1 (from -r requirements.txt (line 2))
1 Build	Install runtime dependencies	2026-10-07T13:41:55.1176817Z   Downloading werkzeug-3.0.1-py3-none-any.whl.metadata (4.1 kB)
1 Build	Install runtime dependencies	2026-10-07T13:41:55.1398790Z Collecting Jinja2==3.1.3 (from -r requirements.txt (line 3))
1 Build	Install runtime dependencies	2026-10-07T13:41:55.1504006Z   Downloading Jinja2-3.1.3-py3-none-any.whl.metadata (3.3 kB)
1 Build	Install runtime dependencies	2026-10-07T13:41:55.2005255Z Collecting PyYAML==6.0.2 (from -r requirements.txt (line 4))
1 Build	Install runtime dependencies	2026-10-07T13:41:55.2112445Z   Downloading PyYAML-6.0.2-cp313-cp313-manylinux_2_17_x86_64.manylinux2014_x86_64.whl.metadata (2.1 kB)
1 Build	Install runtime dependencies	2026-10-07T13:41:55.2449157Z Collecting requests==2.31.0 (from -r requirements.txt (line 5))
1 Build	Install runtime dependencies	2026-10-07T13:41:55.2554474Z   Downloading requests-2.31.0-py3-none-any.whl.metadata (4.6 kB)
1 Build	Install runtime dependencies	2026-10-07T13:41:55.2822548Z Collecting urllib3==2.0.7 (from -r requirements.txt (line 6))
1 Build	Install runtime dependencies	2026-10-07T13:41:55.2929178Z   Downloading urllib3-2.0.7-py3-none-any.whl.metadata (6.6 kB)
1 Build	Install runtime dependencies	2026-10-07T13:41:55.3171112Z Collecting certifi==2023.5.7 (from -r requirements.txt (line 7))
1 Build	Install runtime dependencies	2026-10-07T13:41:55.3273275Z   Downloading certifi-2023.5.7-py3-none-any.whl.metadata (2.2 kB)
1 Build	Install runtime dependencies	2026-10-07T13:41:55.3514036Z Collecting gunicorn==20.0.4 (from -r requirements.txt (line 8))
1 Build	Install runtime dependencies	2026-10-07T13:41:55.3644451Z   Downloading gunicorn-20.0.4-py2.py3-none-any.whl.metadata (3.5 kB)
1 Build	Install runtime dependencies	2026-10-07T13:41:55.3847596Z Collecting itsdangerous>=2.1.2 (from Flask==3.0.0->-r requirements.txt (line 1))
1 Build	Install runtime dependencies	2026-10-07T13:41:55.3950492Z   Downloading itsdangerous-2.2.0-py3-none-any.whl.metadata (1.9 kB)
1 Build	Install runtime dependencies	2026-10-07T13:41:55.4206812Z Collecting click>=8.1.3 (from Flask==3.0.0->-r requirements.txt (line 1))
1 Build	Install runtime dependencies	2026-10-07T13:41:55.4319670Z   Downloading click-8.5.0-py3-none-any.whl.metadata (2.6 kB)
1 Build	Install runtime dependencies	2026-10-07T13:41:55.4609860Z Collecting blinker>=1.6.2 (from Flask==3.0.0->-r requirements.txt (line 1))
1 Build	Install runtime dependencies	2026-10-07T13:41:55.4716003Z   Downloading blinker-1.9.0-py3-none-any.whl.metadata (1.6 kB)
1 Build	Install runtime dependencies	2026-10-07T13:41:55.5356368Z Collecting MarkupSafe>=2.1.1 (from Werkzeug==3.0.1->-r requirements.txt (line 2))
1 Build	Install runtime dependencies	2026-10-07T13:41:55.5463765Z   Downloading markupsafe-3.0.4-cp313-cp313-manylinux2014_x86_64.manylinux_2_17_x86_64.manylinux_2_28_x86_64.whl.metadata (2.7 kB)
1 Build	Install runtime dependencies	2026-10-07T13:41:55.6815161Z Collecting charset-normalizer<4,>=2 (from requests==2.31.0->-r requirements.txt (line 5))
1 Build	Install runtime dependencies	2026-10-07T13:41:55.6925744Z   Downloading charset_normalizer-3.5.2-cp313-cp313-manylinux2014_x86_64.manylinux_2_17_x86_64.manylinux_2_28_x86_64.whl.metadata (46 kB)
1 Build	Install runtime dependencies	2026-10-07T13:41:55.7246471Z Collecting idna<4,>=2.5 (from requests==2.31.0->-r requirements.txt (line 5))
1 Build	Install runtime dependencies	2026-10-07T13:41:55.7348954Z   Downloading idna-3.20-py3-none-any.whl.metadata (7.2 kB)
1 Build	Install runtime dependencies	2026-10-07T13:41:55.8384358Z Collecting setuptools>=3.0 (from gunicorn==20.0.4->-r requirements.txt (line 8))
1 Build	Install runtime dependencies	2026-10-07T13:41:55.8489516Z   Downloading setuptools-84.0.0-py3-none-any.whl.metadata (6.6 kB)
1 Build	Install runtime dependencies	2026-10-07T13:41:55.8706248Z Downloading flask-3.0.0-py3-none-any.whl (99 kB)
1 Build	Install runtime dependencies	2026-10-07T13:41:55.8929744Z Downloading werkzeug-3.0.1-py3-none-any.whl (226 kB)
1 Build	Install runtime dependencies	2026-10-07T13:41:55.9153461Z Downloading Jinja2-3.1.3-py3-none-any.whl (133 kB)
1 Build	Install runtime dependencies	2026-10-07T13:41:55.9284947Z Downloading PyYAML-6.0.2-cp313-cp313-manylinux_2_17_x86_64.manylinux2014_x86_64.whl (759 kB)
1 Build	Install runtime dependencies	2026-10-07T13:41:55.9523208Z    ━━━━━━━━━━━━━━━━━━━━━━━━━━━━━━━━━━━━━━━━ 759.5/759.5 kB 39.1 MB/s  0:00:00
1 Build	Install runtime dependencies	2026-10-07T13:41:55.9626293Z Downloading requests-2.31.0-py3-none-any.whl (62 kB)
1 Build	Install runtime dependencies	2026-10-07T13:41:55.9749830Z Downloading urllib3-2.0.7-py3-none-any.whl (124 kB)
1 Build	Install runtime dependencies	2026-10-07T13:41:55.9889619Z Downloading certifi-2023.5.7-py3-none-any.whl (156 kB)
1 Build	Install runtime dependencies	2026-10-07T13:41:56.0037899Z Downloading gunicorn-20.0.4-py2.py3-none-any.whl (77 kB)
1 Build	Install runtime dependencies	2026-10-07T13:41:56.0171909Z Downloading charset_normalizer-3.5.2-cp313-cp313-manylinux2014_x86_64.manylinux_2_17_x86_64.manylinux_2_28_x86_64.whl (254 kB)
1 Build	Install runtime dependencies	2026-10-07T13:41:56.0311474Z Downloading idna-3.20-py3-none-any.whl (69 kB)
1 Build	Install runtime dependencies	2026-10-07T13:41:56.0440619Z Downloading blinker-1.9.0-py3-none-any.whl (8.5 kB)
1 Build	Install runtime dependencies	2026-10-07T13:41:56.0564041Z Downloading click-8.5.0-py3-none-any.whl (125 kB)
1 Build	Install runtime dependencies	2026-10-07T13:41:56.0697461Z Downloading itsdangerous-2.2.0-py3-none-any.whl (16 kB)
1 Build	Install runtime dependencies	2026-10-07T13:41:56.0832790Z Downloading markupsafe-3.0.4-cp313-cp313-manylinux2014_x86_64.manylinux_2_17_x86_64.manylinux_2_28_x86_64.whl (23 kB)
1 Build	Install runtime dependencies	2026-10-07T13:41:56.0985822Z Downloading setuptools-84.0.0-py3-none-any.whl (818 kB)
1 Build	Install runtime dependencies	2026-10-07T13:41:56.1129345Z    ━━━━━━━━━━━━━━━━━━━━━━━━━━━━━━━━━━━━━━━━ 818.2/818.2 kB 47.6 MB/s  0:00:00
1 Build	Install runtime dependencies	2026-10-07T13:41:56.1887424Z Installing collected packages: urllib3, setuptools, PyYAML, MarkupSafe, itsdangerous, idna, click, charset-normalizer, certifi, blinker, Werkzeug, requests, Jinja2, gunicorn, Flask
1 Build	Install runtime dependencies	2026-10-07T13:41:57.4191874Z 
1 Build	Install runtime dependencies	2026-10-07T13:41:57.4216134Z Successfully installed Flask-3.0.0 Jinja2-3.1.3 MarkupSafe-3.0.4 PyYAML-6.0.2 Werkzeug-3.0.1 blinker-1.9.0 certifi-2023.5.7 charset-normalizer-3.5.2 click-8.5.0 gunicorn-20.0.4 idna-3.20 itsdangerous-2.2.0 requests-2.31.0 setuptools-84.0.0 urllib3-2.0.7
1 Build	Install runtime dependencies	2026-10-07T13:41:57.7000575Z Package            Version
1 Build	Install runtime dependencies	2026-10-07T13:41:57.7001456Z ------------------ --------
1 Build	Install runtime dependencies	2026-10-07T13:41:57.7003561Z blinker            1.9.0
1 Build	Install runtime dependencies	2026-10-07T13:41:57.7005063Z certifi            2023.5.7
1 Build	Install runtime dependencies	2026-10-07T13:41:57.7007415Z charset-normalizer 3.5.2
1 Build	Install runtime dependencies	2026-10-07T13:41:57.7008738Z click              8.5.0
1 Build	Install runtime dependencies	2026-10-07T13:41:57.7010496Z Flask              3.0.0
1 Build	Install runtime dependencies	2026-10-07T13:41:57.7011913Z gunicorn           20.0.4
1 Build	Install runtime dependencies	2026-10-07T13:41:57.7013622Z idna               3.20
1 Build	Install runtime dependencies	2026-10-07T13:41:57.7015092Z itsdangerous       2.2.0
1 Build	Install runtime dependencies	2026-10-07T13:41:57.7017101Z Jinja2             3.1.3
1 Build	Install runtime dependencies	2026-10-07T13:41:57.7018735Z MarkupSafe         3.0.4
1 Build	Install runtime dependencies	2026-10-07T13:41:57.7020284Z pip                26.2.1
1 Build	Install runtime dependencies	2026-10-07T13:41:57.7021843Z PyYAML             6.0.2
1 Build	Install runtime dependencies	2026-10-07T13:41:57.7023402Z requests           2.31.0
1 Build	Install runtime dependencies	2026-10-07T13:41:57.7024949Z setuptools         84.0.0
1 Build	Install runtime dependencies	2026-10-07T13:41:57.7026861Z urllib3            2.0.7
1 Build	Install runtime dependencies	2026-10-07T13:41:57.7028430Z Werkzeug           3.0.1
1 Build	Byte-compile the application	﻿2026-10-07T13:41:57.7382517Z ##[group]Run python -m compileall -q app
1 Build	Byte-compile the application	2026-10-07T13:41:57.7383051Z [36;1mpython -m compileall -q app[0m
1 Build	Byte-compile the application	2026-10-07T13:41:57.7383910Z [36;1mpython -c "from app.server import app; print('routes:'); [print(' ', r.rule, sorted(r.methods - {'HEAD', 'OPTIONS'})) for r in app.url_map.iter_rules()]"[0m
1 Build	Byte-compile the application	2026-10-07T13:41:57.7453208Z shell: /usr/bin/bash --noprofile --norc -e -o pipefail {0}
1 Build	Byte-compile the application	2026-10-07T13:41:57.7453680Z env:
1 Build	Byte-compile the application	2026-10-07T13:41:57.7453943Z   APP_DIR: labs/17-devsecops
1 Build	Byte-compile the application	2026-10-07T13:41:57.7454271Z   IMAGE_NAME: claim-check-api
1 Build	Byte-compile the application	2026-10-07T13:41:57.7454585Z   TRIVY_VERSION: 0.75.0
1 Build	Byte-compile the application	2026-10-07T13:41:57.7454872Z   GITLEAKS_VERSION: 8.30.1
1 Build	Byte-compile the application	2026-10-07T13:41:57.7455170Z   PYTHON_VERSION: 3.13
1 Build	Byte-compile the application	2026-10-07T13:41:57.7455732Z   pythonLocation: /opt/hostedtoolcache/Python/3.13.15/x64
1 Build	Byte-compile the application	2026-10-07T13:41:57.7456306Z   PKG_CONFIG_PATH: /opt/hostedtoolcache/Python/3.13.15/x64/lib/pkgconfig
1 Build	Byte-compile the application	2026-10-07T13:41:57.7456878Z   Python_ROOT_DIR: /opt/hostedtoolcache/Python/3.13.15/x64
1 Build	Byte-compile the application	2026-10-07T13:41:57.7457597Z   Python2_ROOT_DIR: /opt/hostedtoolcache/Python/3.13.15/x64
1 Build	Byte-compile the application	2026-10-07T13:41:57.7458200Z   Python3_ROOT_DIR: /opt/hostedtoolcache/Python/3.13.15/x64
1 Build	Byte-compile the application	2026-10-07T13:41:57.7458723Z   LD_LIBRARY_PATH: /opt/hostedtoolcache/Python/3.13.15/x64/lib
1 Build	Byte-compile the application	2026-10-07T13:41:57.7459148Z ##[endgroup]
1 Build	Byte-compile the application	2026-10-07T13:41:58.0405761Z routes:
1 Build	Byte-compile the application	2026-10-07T13:41:58.0406776Z   /static/<path:filename> ['GET']
1 Build	Byte-compile the application	2026-10-07T13:41:58.0407476Z   /health ['GET']
1 Build	Byte-compile the application	2026-10-07T13:41:58.0407896Z   /version ['GET']
1 Build	Byte-compile the application	2026-10-07T13:41:58.0408313Z   /claims/validate ['POST']
1 Build	Byte-compile the application	2026-10-07T13:41:58.0408782Z   /claims/price ['POST']
1 Build	Byte-compile the application	2026-10-07T13:41:58.0409226Z   /claims/batch ['POST']
1 Build	Byte-compile the application	2026-10-07T13:41:58.0409654Z   /policy/apply ['POST']
1 Build	Byte-compile the application	2026-10-07T13:41:58.0410086Z   /policy/quote ['POST']
1 Build	Byte-compile the application	2026-10-07T13:41:58.0410510Z   /diag/host ['GET']
1 Build	Byte-compile the application	2026-10-07T13:41:58.0410886Z   /fx ['GET']
1 Build	Assemble the deployable package	﻿2026-10-07T13:41:58.0807294Z ##[group]Run rm -rf dist
1 Build	Assemble the deployable package	2026-10-07T13:41:58.0807609Z [36;1mrm -rf dist[0m
1 Build	Assemble the deployable package	2026-10-07T13:41:58.0807829Z [36;1mmkdir -p dist[0m
1 Build	Assemble the deployable package	2026-10-07T13:41:58.0808075Z [36;1mcp -R app dist/app[0m
1 Build	Assemble the deployable package	2026-10-07T13:41:58.0808397Z [36;1mcp Dockerfile .dockerignore requirements.txt dist/[0m
1 Build	Assemble the deployable package	2026-10-07T13:41:58.0808854Z [36;1mfind dist -name '__pycache__' -type d -prune -exec rm -rf {} +[0m
1 Build	Assemble the deployable package	2026-10-07T13:41:58.0809261Z [36;1mcat > dist/build-info.txt <<INFO[0m
1 Build	Assemble the deployable package	2026-10-07T13:41:58.0809570Z [36;1mservice=claim-check-api[0m
1 Build	Assemble the deployable package	2026-10-07T13:41:58.0809831Z [36;1mversion=1.0.2+da35a33[0m
1 Build	Assemble the deployable package	2026-10-07T13:41:58.0810073Z [36;1mimage_tag=1.0.2-da35a33[0m
1 Build	Assemble the deployable package	2026-10-07T13:41:58.0810320Z [36;1mcommit=${GITHUB_SHA}[0m
1 Build	Assemble the deployable package	2026-10-07T13:41:58.0810593Z [36;1mbuilt_at=$(date -u +%Y-%m-%dT%H:%M:%SZ)[0m
1 Build	Assemble the deployable package	2026-10-07T13:41:58.0810923Z [36;1mbuilder=github-actions-${GITHUB_RUN_ID}[0m
1 Build	Assemble the deployable package	2026-10-07T13:41:58.0811209Z [36;1mINFO[0m
1 Build	Assemble the deployable package	2026-10-07T13:41:58.0811413Z [36;1mcat dist/build-info.txt[0m
1 Build	Assemble the deployable package	2026-10-07T13:41:58.0811690Z [36;1mfind dist -type f | sort[0m
1 Build	Assemble the deployable package	2026-10-07T13:41:58.0876017Z shell: /usr/bin/bash --noprofile --norc -e -o pipefail {0}
1 Build	Assemble the deployable package	2026-10-07T13:41:58.0876443Z env:
1 Build	Assemble the deployable package	2026-10-07T13:41:58.0876682Z   APP_DIR: labs/17-devsecops
1 Build	Assemble the deployable package	2026-10-07T13:41:58.0876984Z   IMAGE_NAME: claim-check-api
1 Build	Assemble the deployable package	2026-10-07T13:41:58.0877272Z   TRIVY_VERSION: 0.75.0
1 Build	Assemble the deployable package	2026-10-07T13:41:58.0877538Z   GITLEAKS_VERSION: 8.30.1
1 Build	Assemble the deployable package	2026-10-07T13:41:58.0877806Z   PYTHON_VERSION: 3.13
1 Build	Assemble the deployable package	2026-10-07T13:41:58.0878150Z   pythonLocation: /opt/hostedtoolcache/Python/3.13.15/x64
1 Build	Assemble the deployable package	2026-10-07T13:41:58.0878674Z   PKG_CONFIG_PATH: /opt/hostedtoolcache/Python/3.13.15/x64/lib/pkgconfig
1 Build	Assemble the deployable package	2026-10-07T13:41:58.0879192Z   Python_ROOT_DIR: /opt/hostedtoolcache/Python/3.13.15/x64
1 Build	Assemble the deployable package	2026-10-07T13:41:58.0879652Z   Python2_ROOT_DIR: /opt/hostedtoolcache/Python/3.13.15/x64
1 Build	Assemble the deployable package	2026-10-07T13:41:58.0880112Z   Python3_ROOT_DIR: /opt/hostedtoolcache/Python/3.13.15/x64
1 Build	Assemble the deployable package	2026-10-07T13:41:58.0880581Z   LD_LIBRARY_PATH: /opt/hostedtoolcache/Python/3.13.15/x64/lib
1 Build	Assemble the deployable package	2026-10-07T13:41:58.0880969Z ##[endgroup]
1 Build	Assemble the deployable package	2026-10-07T13:41:58.1078578Z service=claim-check-api
1 Build	Assemble the deployable package	2026-10-07T13:41:58.1079174Z version=1.0.2+da35a33
1 Build	Assemble the deployable package	2026-10-07T13:41:58.1079482Z image_tag=1.0.2-da35a33
1 Build	Assemble the deployable package	2026-10-07T13:41:58.1079788Z commit=da35a33a980e016775f43c28f0ea7e242c140bcd
1 Build	Assemble the deployable package	2026-10-07T13:41:58.1080156Z built_at=2026-10-07T13:41:58Z
1 Build	Assemble the deployable package	2026-10-07T13:41:58.1080466Z builder=github-actions-37630551638
1 Build	Assemble the deployable package	2026-10-07T13:41:58.1097372Z dist/.dockerignore
1 Build	Assemble the deployable package	2026-10-07T13:41:58.1097799Z dist/Dockerfile
1 Build	Assemble the deployable package	2026-10-07T13:41:58.1098174Z dist/app/__init__.py
1 Build	Assemble the deployable package	2026-10-07T13:41:58.1098567Z dist/app/claims.py
1 Build	Assemble the deployable package	2026-10-07T13:41:58.1098927Z dist/app/server.py
1 Build	Assemble the deployable package	2026-10-07T13:41:58.1099209Z dist/build-info.txt
1 Build	Assemble the deployable package	2026-10-07T13:41:58.1099561Z dist/requirements.txt
1 Build	Upload the deployable package	﻿2026-10-07T13:41:58.1170069Z ##[group]Run actions/upload-artifact@v4
1 Build	Upload the deployable package	2026-10-07T13:41:58.1170369Z with:
1 Build	Upload the deployable package	2026-10-07T13:41:58.1170573Z   name: claim-check-api-package
1 Build	Upload the deployable package	2026-10-07T13:41:58.1170838Z   path: labs/17-devsecops/dist
1 Build	Upload the deployable package	2026-10-07T13:41:58.1171076Z   retention-days: 7
1 Build	Upload the deployable package	2026-10-07T13:41:58.1171288Z   if-no-files-found: warn
1 Build	Upload the deployable package	2026-10-07T13:41:58.1171523Z   compression-level: 6
1 Build	Upload the deployable package	2026-10-07T13:41:58.1171740Z   overwrite: false
1 Build	Upload the deployable package	2026-10-07T13:41:58.1171955Z   include-hidden-files: false
1 Build	Upload the deployable package	2026-10-07T13:41:58.1172372Z env:
1 Build	Upload the deployable package	2026-10-07T13:41:58.1172562Z   APP_DIR: labs/17-devsecops
1 Build	Upload the deployable package	2026-10-07T13:41:58.1172823Z   IMAGE_NAME: claim-check-api
1 Build	Upload the deployable package	2026-10-07T13:41:58.1173102Z   TRIVY_VERSION: 0.75.0
1 Build	Upload the deployable package	2026-10-07T13:41:58.1173323Z   GITLEAKS_VERSION: 8.30.1
1 Build	Upload the deployable package	2026-10-07T13:41:58.1173557Z   PYTHON_VERSION: 3.13
1 Build	Upload the deployable package	2026-10-07T13:41:58.1173839Z   pythonLocation: /opt/hostedtoolcache/Python/3.13.15/x64
1 Build	Upload the deployable package	2026-10-07T13:41:58.1174296Z   PKG_CONFIG_PATH: /opt/hostedtoolcache/Python/3.13.15/x64/lib/pkgconfig
1 Build	Upload the deployable package	2026-10-07T13:41:58.1174730Z   Python_ROOT_DIR: /opt/hostedtoolcache/Python/3.13.15/x64
1 Build	Upload the deployable package	2026-10-07T13:41:58.1175160Z   Python2_ROOT_DIR: /opt/hostedtoolcache/Python/3.13.15/x64
1 Build	Upload the deployable package	2026-10-07T13:41:58.1175808Z   Python3_ROOT_DIR: /opt/hostedtoolcache/Python/3.13.15/x64
1 Build	Upload the deployable package	2026-10-07T13:41:58.1176202Z   LD_LIBRARY_PATH: /opt/hostedtoolcache/Python/3.13.15/x64/lib
1 Build	Upload the deployable package	2026-10-07T13:41:58.1176527Z ##[endgroup]
1 Build	Upload the deployable package	2026-10-07T13:41:58.2850747Z (node:2404) [DEP0040] DeprecationWarning: The `punycode` module is deprecated. Please use a userland alternative instead.
1 Build	Upload the deployable package	2026-10-07T13:41:58.2851685Z (Use `node --trace-deprecation ...` to show where the warning was created)
1 Build	Upload the deployable package	2026-10-07T13:41:58.2937611Z With the provided path, there will be 6 files uploaded
1 Build	Upload the deployable package	2026-10-07T13:41:58.2943789Z Artifact name is valid!
1 Build	Upload the deployable package	2026-10-07T13:41:58.2944667Z Root directory input is valid!
1 Build	Upload the deployable package	2026-10-07T13:41:58.5952506Z Beginning upload of artifact content to blob storage
1 Build	Upload the deployable package	2026-10-07T13:41:58.6309532Z (node:2404) [DEP0169] DeprecationWarning: `url.parse()` behavior is not standardized and prone to errors that have security implications. Use the WHATWG URL API instead. CVEs are not issued for `url.parse()` vulnerabilities.
1 Build	Upload the deployable package	2026-10-07T13:41:58.7875868Z Uploaded bytes 3558
1 Build	Upload the deployable package	2026-10-07T13:41:58.8336021Z Finished uploading artifact content to blob storage!
1 Build	Upload the deployable package	2026-10-07T13:41:58.8337434Z SHA256 digest of uploaded artifact zip is 8191adf0559be26dfc124d8d7c6a8f7862891ac013037fa6d552038464d2939a
1 Build	Upload the deployable package	2026-10-07T13:41:58.8339535Z Finalizing artifact upload
1 Build	Upload the deployable package	2026-10-07T13:41:59.0906801Z Artifact claim-check-api-package.zip successfully finalized. Artifact ID 11485748979
1 Build	Upload the deployable package	2026-10-07T13:41:59.0908669Z Artifact claim-check-api-package has been successfully uploaded! Final size is 3558 bytes. Artifact ID is 11485748979
1 Build	Upload the deployable package	2026-10-07T13:41:59.0910605Z Artifact download URL: https://github.com/AmanYadav7015/devops-coursework/actions/runs/37630551638/artifacts/11485748979
1 Build	Post Setup Python	﻿2026-10-07T13:41:59.1093525Z Post job cleanup.
1 Build	Post Setup Python	2026-10-07T13:41:59.2334895Z (node:2417) [DEP0040] DeprecationWarning: The `punycode` module is deprecated. Please use a userland alternative instead.
1 Build	Post Setup Python	2026-10-07T13:41:59.2336523Z (Use `node --trace-deprecation ...` to show where the warning was created)
1 Build	Post Checkout code	﻿2026-10-07T13:41:59.2508039Z Post job cleanup.
1 Build	Post Checkout code	2026-10-07T13:41:59.3439769Z [command]/usr/bin/git version
1 Build	Post Checkout code	2026-10-07T13:41:59.3485765Z git version 2.55.0
1 Build	Post Checkout code	2026-10-07T13:41:59.3530669Z Temporarily overriding HOME='/home/runner/work/_temp/76e58712-76e6-42aa-812a-c8ff25ff1b81' before making global git config changes
1 Build	Post Checkout code	2026-10-07T13:41:59.3531898Z Adding repository directory to the temporary git global config as a safe directory
1 Build	Post Checkout code	2026-10-07T13:41:59.3539027Z [command]/usr/bin/git config --global --add safe.directory /home/runner/work/devops-coursework/devops-coursework
1 Build	Post Checkout code	2026-10-07T13:41:59.3579906Z [command]/usr/bin/git config --local --name-only --get-regexp core\.sshCommand
1 Build	Post Checkout code	2026-10-07T13:41:59.3618046Z [command]/usr/bin/git submodule foreach --recursive sh -c "git config --local --name-only --get-regexp 'core\.sshCommand' && git config --local --unset-all 'core.sshCommand' || :"
1 Build	Post Checkout code	2026-10-07T13:41:59.3882909Z [command]/usr/bin/git config --local --name-only --get-regexp http\.https\:\/\/github\.com\/\.extraheader
1 Build	Post Checkout code	2026-10-07T13:41:59.3915977Z http.https://github.com/.extraheader
1 Build	Post Checkout code	2026-10-07T13:41:59.3928922Z [command]/usr/bin/git config --local --unset-all http.https://github.com/.extraheader
1 Build	Post Checkout code	2026-10-07T13:41:59.3971331Z [command]/usr/bin/git submodule foreach --recursive sh -c "git config --local --name-only --get-regexp 'http\.https\:\/\/github\.com\/\.extraheader' && git config --local --unset-all 'http.https://github.com/.extraheader' || :"
1 Build	Post Checkout code	2026-10-07T13:41:59.4246295Z [command]/usr/bin/git config --local --name-only --get-regexp ^includeIf\.gitdir:
1 Build	Post Checkout code	2026-10-07T13:41:59.4286382Z [command]/usr/bin/git submodule foreach --recursive git config --local --show-origin --name-only --get-regexp remote.origin.url
1 Build	Complete job	﻿2026-10-07T13:41:59.4691436Z Evaluate and set job outputs
1 Build	Complete job	2026-10-07T13:41:59.4697436Z Set output 'app-version'
1 Build	Complete job	2026-10-07T13:41:59.4699302Z Set output 'image-tag'
1 Build	Complete job	2026-10-07T13:41:59.4700193Z Set output 'image-repo'
1 Build	Complete job	2026-10-07T13:41:59.4700901Z Cleaning up orphan processes
1 Build	Complete job	2026-10-07T13:41:59.4980218Z ##[warning]Node.js 20 is deprecated. The following actions target Node.js 20 but are being forced to run on Node.js 24: actions/checkout@v4, actions/setup-python@v5, actions/upload-artifact@v4. For more information see: https://github.blog/changelog/2025-09-19-deprecation-of-node-20-on-github-actions-runners/
2 Unit Test	Set up job	﻿2026-10-07T13:42:06.3596684Z Current runner version: '2.337.0'
2 Unit Test	Set up job	2026-10-07T13:42:06.3618500Z ##[group]Runner Image Provisioner
2 Unit Test	Set up job	2026-10-07T13:42:06.3619450Z Hosted Compute Agent
2 Unit Test	Set up job	2026-10-07T13:42:06.3619940Z Version: 20260901.588
2 Unit Test	Set up job	2026-10-07T13:42:06.3620453Z Commit: f88ec8081b781fac6c440065ac7ff9e710ce3d0b
2 Unit Test	Set up job	2026-10-07T13:42:06.3621106Z Build Date: 2026-09-01T19:56:44Z
2 Unit Test	Set up job	2026-10-07T13:42:06.3621676Z Worker ID: {30a9000e-2c1c-4e0f-a78f-c439a733dc93}
2 Unit Test	Set up job	2026-10-07T13:42:06.3622358Z Azure Region: westus3
2 Unit Test	Set up job	2026-10-07T13:42:06.3622832Z ##[endgroup]
2 Unit Test	Set up job	2026-10-07T13:42:06.3624015Z ##[group]Operating System
2 Unit Test	Set up job	2026-10-07T13:42:06.3624596Z Ubuntu
2 Unit Test	Set up job	2026-10-07T13:42:06.3625032Z 24.04.5
2 Unit Test	Set up job	2026-10-07T13:42:06.3625513Z LTS
2 Unit Test	Set up job	2026-10-07T13:42:06.3625952Z ##[endgroup]
2 Unit Test	Set up job	2026-10-07T13:42:06.3626408Z ##[group]Runner Image
2 Unit Test	Set up job	2026-10-07T13:42:06.3627269Z Image: ubuntu-24.04
2 Unit Test	Set up job	2026-10-07T13:42:06.3627739Z Version: 20260927.320.1
2 Unit Test	Set up job	2026-10-07T13:42:06.3628691Z Included Software: https://github.com/actions/runner-images/blob/ubuntu24/20260927.320/images/ubuntu/Ubuntu2404-Readme.md
2 Unit Test	Set up job	2026-10-07T13:42:06.3630218Z Image Release: https://github.com/actions/runner-images/releases/tag/ubuntu24%2F20260927.320
2 Unit Test	Set up job	2026-10-07T13:42:06.3631033Z ##[endgroup]
2 Unit Test	Set up job	2026-10-07T13:42:06.3631973Z ##[group]GITHUB_TOKEN Permissions
2 Unit Test	Set up job	2026-10-07T13:42:06.3633726Z Contents: read
2 Unit Test	Set up job	2026-10-07T13:42:06.3634262Z Metadata: read
2 Unit Test	Set up job	2026-10-07T13:42:06.3634773Z ##[endgroup]
2 Unit Test	Set up job	2026-10-07T13:42:06.3636499Z Secret source: Actions
2 Unit Test	Set up job	2026-10-07T13:42:06.3637277Z Cache mode: write
2 Unit Test	Set up job	2026-10-07T13:42:06.3637927Z Prepare workflow directory
2 Unit Test	Set up job	2026-10-07T13:42:06.3966712Z Prepare all required actions
2 Unit Test	Set up job	2026-10-07T13:42:06.4006978Z Getting action download info
2 Unit Test	Set up job	2026-10-07T13:42:06.7515120Z Download action repository 'actions/checkout@v4' (SHA:11d5960a326750d5838078e36cf38b85af677262)
2 Unit Test	Set up job	2026-10-07T13:42:06.8782275Z Download action repository 'actions/setup-python@v5' (SHA:a26af69be951a213d495a4c3e4e4022e16d87065)
2 Unit Test	Set up job	2026-10-07T13:42:07.0025578Z Download action repository 'actions/upload-artifact@v4' (SHA:ea165f8d65b6e75b540449e92b4886f43607fa02)
2 Unit Test	Set up job	2026-10-07T13:42:07.2637707Z Complete job name: 2 Unit Test
2 Unit Test	Checkout code	﻿2026-10-07T13:42:07.3256816Z ##[group]Run actions/checkout@v4
2 Unit Test	Checkout code	2026-10-07T13:42:07.3257516Z with:
2 Unit Test	Checkout code	2026-10-07T13:42:07.3257906Z   repository: AmanYadav7015/devops-coursework
2 Unit Test	Checkout code	2026-10-07T13:42:07.3261085Z   token: ***
2 Unit Test	Checkout code	2026-10-07T13:42:07.3261442Z   ssh-strict: true
2 Unit Test	Checkout code	2026-10-07T13:42:07.3261801Z   ssh-user: git
2 Unit Test	Checkout code	2026-10-07T13:42:07.3262159Z   persist-credentials: true
2 Unit Test	Checkout code	2026-10-07T13:42:07.3262550Z   clean: true
2 Unit Test	Checkout code	2026-10-07T13:42:07.3262899Z   sparse-checkout-cone-mode: true
2 Unit Test	Checkout code	2026-10-07T13:42:07.3263318Z   fetch-depth: 1
2 Unit Test	Checkout code	2026-10-07T13:42:07.3263666Z   fetch-tags: false
2 Unit Test	Checkout code	2026-10-07T13:42:07.3264020Z   show-progress: true
2 Unit Test	Checkout code	2026-10-07T13:42:07.3264375Z   lfs: false
2 Unit Test	Checkout code	2026-10-07T13:42:07.3264702Z   submodules: false
2 Unit Test	Checkout code	2026-10-07T13:42:07.3265060Z   set-safe-directory: true
2 Unit Test	Checkout code	2026-10-07T13:42:07.3265460Z   allow-unsafe-pr-checkout: false
2 Unit Test	Checkout code	2026-10-07T13:42:07.3266022Z env:
2 Unit Test	Checkout code	2026-10-07T13:42:07.3266354Z   APP_DIR: labs/17-devsecops
2 Unit Test	Checkout code	2026-10-07T13:42:07.3266748Z   IMAGE_NAME: claim-check-api
2 Unit Test	Checkout code	2026-10-07T13:42:07.3267158Z   TRIVY_VERSION: 0.75.0
2 Unit Test	Checkout code	2026-10-07T13:42:07.3267552Z   GITLEAKS_VERSION: 8.30.1
2 Unit Test	Checkout code	2026-10-07T13:42:07.3267921Z   PYTHON_VERSION: 3.13
2 Unit Test	Checkout code	2026-10-07T13:42:07.3268279Z ##[endgroup]
2 Unit Test	Checkout code	2026-10-07T13:42:07.4087071Z Syncing repository: AmanYadav7015/devops-coursework
2 Unit Test	Checkout code	2026-10-07T13:42:07.4089612Z ##[group]Getting Git version info
2 Unit Test	Checkout code	2026-10-07T13:42:07.4090612Z Working directory is '/home/runner/work/devops-coursework/devops-coursework'
2 Unit Test	Checkout code	2026-10-07T13:42:07.4109705Z [command]/usr/bin/git version
2 Unit Test	Checkout code	2026-10-07T13:42:07.4285778Z git version 2.55.0
2 Unit Test	Checkout code	2026-10-07T13:42:07.4304598Z ##[endgroup]
2 Unit Test	Checkout code	2026-10-07T13:42:07.4317741Z Temporarily overriding HOME='/home/runner/work/_temp/27a1ec46-4b72-48a0-a113-169258161e7c' before making global git config changes
2 Unit Test	Checkout code	2026-10-07T13:42:07.4319853Z Adding repository directory to the temporary git global config as a safe directory
2 Unit Test	Checkout code	2026-10-07T13:42:07.4324409Z [command]/usr/bin/git config --global --add safe.directory /home/runner/work/devops-coursework/devops-coursework
2 Unit Test	Checkout code	2026-10-07T13:42:07.4378294Z Deleting the contents of '/home/runner/work/devops-coursework/devops-coursework'
2 Unit Test	Checkout code	2026-10-07T13:42:07.4382684Z ##[group]Initializing the repository
2 Unit Test	Checkout code	2026-10-07T13:42:07.4387349Z [command]/usr/bin/git init /home/runner/work/devops-coursework/devops-coursework
2 Unit Test	Checkout code	2026-10-07T13:42:07.4469282Z hint: Using 'master' as the name for the initial branch. This default branch name
2 Unit Test	Checkout code	2026-10-07T13:42:07.4470791Z hint: will change to "main" in Git 3.0. To configure the initial branch name
2 Unit Test	Checkout code	2026-10-07T13:42:07.4472118Z hint: to use in all of your new repositories, which will suppress this warning,
2 Unit Test	Checkout code	2026-10-07T13:42:07.4473189Z hint: call:
2 Unit Test	Checkout code	2026-10-07T13:42:07.4473780Z hint:
2 Unit Test	Checkout code	2026-10-07T13:42:07.4474504Z hint: 	git config --global init.defaultBranch <name>
2 Unit Test	Checkout code	2026-10-07T13:42:07.4475388Z hint:
2 Unit Test	Checkout code	2026-10-07T13:42:07.4476205Z hint: Names commonly chosen instead of 'master' are 'main', 'trunk' and
2 Unit Test	Checkout code	2026-10-07T13:42:07.4477444Z hint: 'development'. The just-created branch can be renamed via this command:
2 Unit Test	Checkout code	2026-10-07T13:42:07.4478674Z hint:
2 Unit Test	Checkout code	2026-10-07T13:42:07.4479436Z hint: 	git branch -m <name>
2 Unit Test	Checkout code	2026-10-07T13:42:07.4480152Z hint:
2 Unit Test	Checkout code	2026-10-07T13:42:07.4481025Z hint: Disable this message with "git config set advice.defaultBranchName false"
2 Unit Test	Checkout code	2026-10-07T13:42:07.4482598Z Initialized empty Git repository in /home/runner/work/devops-coursework/devops-coursework/.git/
2 Unit Test	Checkout code	2026-10-07T13:42:07.4484759Z [command]/usr/bin/git remote add origin https://github.com/AmanYadav7015/devops-coursework
2 Unit Test	Checkout code	2026-10-07T13:42:07.4532555Z ##[endgroup]
2 Unit Test	Checkout code	2026-10-07T13:42:07.4533500Z ##[group]Disabling automatic garbage collection
2 Unit Test	Checkout code	2026-10-07T13:42:07.4542754Z [command]/usr/bin/git config --local gc.auto 0
2 Unit Test	Checkout code	2026-10-07T13:42:07.4569304Z ##[endgroup]
2 Unit Test	Checkout code	2026-10-07T13:42:07.4570201Z ##[group]Setting up auth
2 Unit Test	Checkout code	2026-10-07T13:42:07.4574879Z [command]/usr/bin/git config --local --name-only --get-regexp core\.sshCommand
2 Unit Test	Checkout code	2026-10-07T13:42:07.4606696Z [command]/usr/bin/git submodule foreach --recursive sh -c "git config --local --name-only --get-regexp 'core\.sshCommand' && git config --local --unset-all 'core.sshCommand' || :"
2 Unit Test	Checkout code	2026-10-07T13:42:07.4890245Z [command]/usr/bin/git config --local --name-only --get-regexp http\.https\:\/\/github\.com\/\.extraheader
2 Unit Test	Checkout code	2026-10-07T13:42:07.4920982Z [command]/usr/bin/git submodule foreach --recursive sh -c "git config --local --name-only --get-regexp 'http\.https\:\/\/github\.com\/\.extraheader' && git config --local --unset-all 'http.https://github.com/.extraheader' || :"
2 Unit Test	Checkout code	2026-10-07T13:42:07.5109515Z [command]/usr/bin/git config --local --name-only --get-regexp ^includeIf\.gitdir:
2 Unit Test	Checkout code	2026-10-07T13:42:07.5142453Z [command]/usr/bin/git submodule foreach --recursive git config --local --show-origin --name-only --get-regexp remote.origin.url
2 Unit Test	Checkout code	2026-10-07T13:42:07.5335460Z [command]/usr/bin/git config --local http.https://github.com/.extraheader AUTHORIZATION: basic ***
2 Unit Test	Checkout code	2026-10-07T13:42:07.5372235Z ##[endgroup]
2 Unit Test	Checkout code	2026-10-07T13:42:07.5373071Z ##[group]Fetching the repository
2 Unit Test	Checkout code	2026-10-07T13:42:07.5380566Z [command]/usr/bin/git -c protocol.version=2 fetch --no-tags --prune --no-recurse-submodules --depth=1 origin +da35a33a980e016775f43c28f0ea7e242c140bcd:refs/remotes/origin/session-17-devsecops-ci
2 Unit Test	Checkout code	2026-10-07T13:42:09.1628451Z From https://github.com/AmanYadav7015/devops-coursework
2 Unit Test	Checkout code	2026-10-07T13:42:09.1630531Z  * [new ref]         da35a33a980e016775f43c28f0ea7e242c140bcd -> origin/session-17-devsecops-ci
2 Unit Test	Checkout code	2026-10-07T13:42:09.1641800Z ##[endgroup]
2 Unit Test	Checkout code	2026-10-07T13:42:09.1643351Z ##[group]Determining the checkout info
2 Unit Test	Checkout code	2026-10-07T13:42:09.1644741Z ##[endgroup]
2 Unit Test	Checkout code	2026-10-07T13:42:09.1645842Z [command]/usr/bin/git sparse-checkout disable
2 Unit Test	Checkout code	2026-10-07T13:42:09.1689449Z [command]/usr/bin/git config --local --unset-all extensions.worktreeConfig
2 Unit Test	Checkout code	2026-10-07T13:42:09.1720692Z ##[group]Checking out the ref
2 Unit Test	Checkout code	2026-10-07T13:42:09.1723765Z [command]/usr/bin/git checkout --progress --force -B session-17-devsecops-ci refs/remotes/origin/session-17-devsecops-ci
2 Unit Test	Checkout code	2026-10-07T13:42:09.2739455Z Switched to a new branch 'session-17-devsecops-ci'
2 Unit Test	Checkout code	2026-10-07T13:42:09.2743568Z branch 'session-17-devsecops-ci' set up to track 'origin/session-17-devsecops-ci'.
2 Unit Test	Checkout code	2026-10-07T13:42:09.2750874Z ##[endgroup]
2 Unit Test	Checkout code	2026-10-07T13:42:09.2791065Z [command]/usr/bin/git log -1 --format=%H
2 Unit Test	Checkout code	2026-10-07T13:42:09.2815336Z da35a33a980e016775f43c28f0ea7e242c140bcd
2 Unit Test	Setup Python	﻿2026-10-07T13:42:09.3124467Z ##[group]Run actions/setup-python@v5
2 Unit Test	Setup Python	2026-10-07T13:42:09.3125498Z with:
2 Unit Test	Setup Python	2026-10-07T13:42:09.3126203Z   python-version: 3.13
2 Unit Test	Setup Python	2026-10-07T13:42:09.3126998Z   check-latest: false
2 Unit Test	Setup Python	2026-10-07T13:42:09.3134088Z   token: ***
2 Unit Test	Setup Python	2026-10-07T13:42:09.3134838Z   update-environment: true
2 Unit Test	Setup Python	2026-10-07T13:42:09.3135691Z   allow-prereleases: false
2 Unit Test	Setup Python	2026-10-07T13:42:09.3136523Z   freethreaded: false
2 Unit Test	Setup Python	2026-10-07T13:42:09.3137269Z env:
2 Unit Test	Setup Python	2026-10-07T13:42:09.3137936Z   APP_DIR: labs/17-devsecops
2 Unit Test	Setup Python	2026-10-07T13:42:09.3138961Z   IMAGE_NAME: claim-check-api
2 Unit Test	Setup Python	2026-10-07T13:42:09.3139851Z   TRIVY_VERSION: 0.75.0
2 Unit Test	Setup Python	2026-10-07T13:42:09.3140632Z   GITLEAKS_VERSION: 8.30.1
2 Unit Test	Setup Python	2026-10-07T13:42:09.3141445Z   PYTHON_VERSION: 3.13
2 Unit Test	Setup Python	2026-10-07T13:42:09.3199385Z ##[endgroup]
2 Unit Test	Setup Python	2026-10-07T13:42:09.4246960Z ##[group]Installed versions
2 Unit Test	Setup Python	2026-10-07T13:42:09.4311444Z (node:2091) [DEP0040] DeprecationWarning: The `punycode` module is deprecated. Please use a userland alternative instead.
2 Unit Test	Setup Python	2026-10-07T13:42:09.4314574Z (Use `node --trace-deprecation ...` to show where the warning was created)
2 Unit Test	Setup Python	2026-10-07T13:42:09.4316068Z Successfully set up CPython (3.13.15)
2 Unit Test	Setup Python	2026-10-07T13:42:09.4317519Z ##[endgroup]
2 Unit Test	Install test dependencies	﻿2026-10-07T13:42:09.4511806Z ##[group]Run python -m pip install --upgrade pip
2 Unit Test	Install test dependencies	2026-10-07T13:42:09.4513639Z [36;1mpython -m pip install --upgrade pip[0m
2 Unit Test	Install test dependencies	2026-10-07T13:42:09.4515286Z [36;1mpip install -r requirements-dev.txt[0m
2 Unit Test	Install test dependencies	2026-10-07T13:42:09.5842391Z shell: /usr/bin/bash --noprofile --norc -e -o pipefail {0}
2 Unit Test	Install test dependencies	2026-10-07T13:42:09.5842858Z env:
2 Unit Test	Install test dependencies	2026-10-07T13:42:09.5843121Z   APP_DIR: labs/17-devsecops
2 Unit Test	Install test dependencies	2026-10-07T13:42:09.5843428Z   IMAGE_NAME: claim-check-api
2 Unit Test	Install test dependencies	2026-10-07T13:42:09.5843711Z   TRIVY_VERSION: 0.75.0
2 Unit Test	Install test dependencies	2026-10-07T13:42:09.5844005Z   GITLEAKS_VERSION: 8.30.1
2 Unit Test	Install test dependencies	2026-10-07T13:42:09.5844271Z   PYTHON_VERSION: 3.13
2 Unit Test	Install test dependencies	2026-10-07T13:42:09.5844621Z   pythonLocation: /opt/hostedtoolcache/Python/3.13.15/x64
2 Unit Test	Install test dependencies	2026-10-07T13:42:09.5845080Z   PKG_CONFIG_PATH: /opt/hostedtoolcache/Python/3.13.15/x64/lib/pkgconfig
2 Unit Test	Install test dependencies	2026-10-07T13:42:09.5845520Z   Python_ROOT_DIR: /opt/hostedtoolcache/Python/3.13.15/x64
2 Unit Test	Install test dependencies	2026-10-07T13:42:09.5845923Z   Python2_ROOT_DIR: /opt/hostedtoolcache/Python/3.13.15/x64
2 Unit Test	Install test dependencies	2026-10-07T13:42:09.5846319Z   Python3_ROOT_DIR: /opt/hostedtoolcache/Python/3.13.15/x64
2 Unit Test	Install test dependencies	2026-10-07T13:42:09.5846788Z   LD_LIBRARY_PATH: /opt/hostedtoolcache/Python/3.13.15/x64/lib
2 Unit Test	Install test dependencies	2026-10-07T13:42:09.5847133Z ##[endgroup]
2 Unit Test	Install test dependencies	2026-10-07T13:42:10.3975419Z Requirement already satisfied: pip in /opt/hostedtoolcache/Python/3.13.15/x64/lib/python3.13/site-packages (26.2.1)
2 Unit Test	Install test dependencies	2026-10-07T13:42:10.9291524Z Collecting Flask==3.0.0 (from -r /home/runner/work/devops-coursework/devops-coursework/labs/17-devsecops/requirements.txt (line 1))
2 Unit Test	Install test dependencies	2026-10-07T13:42:10.9682696Z   Downloading flask-3.0.0-py3-none-any.whl.metadata (3.6 kB)
2 Unit Test	Install test dependencies	2026-10-07T13:42:11.0634367Z Collecting Werkzeug==3.0.1 (from -r /home/runner/work/devops-coursework/devops-coursework/labs/17-devsecops/requirements.txt (line 2))
2 Unit Test	Install test dependencies	2026-10-07T13:42:11.0676391Z   Downloading werkzeug-3.0.1-py3-none-any.whl.metadata (4.1 kB)
2 Unit Test	Install test dependencies	2026-10-07T13:42:11.1122934Z Collecting Jinja2==3.1.3 (from -r /home/runner/work/devops-coursework/devops-coursework/labs/17-devsecops/requirements.txt (line 3))
2 Unit Test	Install test dependencies	2026-10-07T13:42:11.1160960Z   Downloading Jinja2-3.1.3-py3-none-any.whl.metadata (3.3 kB)
2 Unit Test	Install test dependencies	2026-10-07T13:42:11.1709227Z Collecting PyYAML==6.0.2 (from -r /home/runner/work/devops-coursework/devops-coursework/labs/17-devsecops/requirements.txt (line 4))
2 Unit Test	Install test dependencies	2026-10-07T13:42:11.1741443Z   Downloading PyYAML-6.0.2-cp313-cp313-manylinux_2_17_x86_64.manylinux2014_x86_64.whl.metadata (2.1 kB)
2 Unit Test	Install test dependencies	2026-10-07T13:42:11.1954082Z Collecting requests==2.31.0 (from -r /home/runner/work/devops-coursework/devops-coursework/labs/17-devsecops/requirements.txt (line 5))
2 Unit Test	Install test dependencies	2026-10-07T13:42:11.1984434Z   Downloading requests-2.31.0-py3-none-any.whl.metadata (4.6 kB)
2 Unit Test	Install test dependencies	2026-10-07T13:42:11.2186376Z Collecting urllib3==2.0.7 (from -r /home/runner/work/devops-coursework/devops-coursework/labs/17-devsecops/requirements.txt (line 6))
2 Unit Test	Install test dependencies	2026-10-07T13:42:11.2217228Z   Downloading urllib3-2.0.7-py3-none-any.whl.metadata (6.6 kB)
2 Unit Test	Install test dependencies	2026-10-07T13:42:11.2411276Z Collecting certifi==2023.5.7 (from -r /home/runner/work/devops-coursework/devops-coursework/labs/17-devsecops/requirements.txt (line 7))
2 Unit Test	Install test dependencies	2026-10-07T13:42:11.2452047Z   Downloading certifi-2023.5.7-py3-none-any.whl.metadata (2.2 kB)
2 Unit Test	Install test dependencies	2026-10-07T13:42:11.2631129Z Collecting gunicorn==20.0.4 (from -r /home/runner/work/devops-coursework/devops-coursework/labs/17-devsecops/requirements.txt (line 8))
2 Unit Test	Install test dependencies	2026-10-07T13:42:11.2669375Z   Downloading gunicorn-20.0.4-py2.py3-none-any.whl.metadata (3.5 kB)
2 Unit Test	Install test dependencies	2026-10-07T13:42:11.2984604Z Collecting pytest==9.1.1 (from -r requirements-dev.txt (line 2))
2 Unit Test	Install test dependencies	2026-10-07T13:42:11.3017467Z   Downloading pytest-9.1.1-py3-none-any.whl.metadata (7.6 kB)
2 Unit Test	Install test dependencies	2026-10-07T13:42:11.3216998Z Collecting pytest-cov==7.1.0 (from -r requirements-dev.txt (line 3))
2 Unit Test	Install test dependencies	2026-10-07T13:42:11.3255837Z   Downloading pytest_cov-7.1.0-py3-none-any.whl.metadata (32 kB)
2 Unit Test	Install test dependencies	2026-10-07T13:42:11.3549375Z Collecting flake8==7.4.1 (from -r requirements-dev.txt (line 4))
2 Unit Test	Install test dependencies	2026-10-07T13:42:11.3584161Z   Downloading flake8-7.4.1-py2.py3-none-any.whl.metadata (3.8 kB)
2 Unit Test	Install test dependencies	2026-10-07T13:42:11.3760820Z Collecting bandit==1.9.4 (from -r requirements-dev.txt (line 5))
2 Unit Test	Install test dependencies	2026-10-07T13:42:11.3791525Z   Downloading bandit-1.9.4-py3-none-any.whl.metadata (7.1 kB)
2 Unit Test	Install test dependencies	2026-10-07T13:42:11.4038888Z Collecting pip-audit==2.10.1 (from -r requirements-dev.txt (line 6))
2 Unit Test	Install test dependencies	2026-10-07T13:42:11.4072384Z   Downloading pip_audit-2.10.1-py3-none-any.whl.metadata (28 kB)
2 Unit Test	Install test dependencies	2026-10-07T13:42:11.4263480Z Collecting itsdangerous>=2.1.2 (from Flask==3.0.0->-r /home/runner/work/devops-coursework/devops-coursework/labs/17-devsecops/requirements.txt (line 1))
2 Unit Test	Install test dependencies	2026-10-07T13:42:11.4294019Z   Downloading itsdangerous-2.2.0-py3-none-any.whl.metadata (1.9 kB)
2 Unit Test	Install test dependencies	2026-10-07T13:42:11.4480014Z Collecting click>=8.1.3 (from Flask==3.0.0->-r /home/runner/work/devops-coursework/devops-coursework/labs/17-devsecops/requirements.txt (line 1))
2 Unit Test	Install test dependencies	2026-10-07T13:42:11.4515478Z   Downloading click-8.5.0-py3-none-any.whl.metadata (2.6 kB)
2 Unit Test	Install test dependencies	2026-10-07T13:42:11.4701592Z Collecting blinker>=1.6.2 (from Flask==3.0.0->-r /home/runner/work/devops-coursework/devops-coursework/labs/17-devsecops/requirements.txt (line 1))
2 Unit Test	Install test dependencies	2026-10-07T13:42:11.4736525Z   Downloading blinker-1.9.0-py3-none-any.whl.metadata (1.6 kB)
2 Unit Test	Install test dependencies	2026-10-07T13:42:11.5209155Z Collecting MarkupSafe>=2.1.1 (from Werkzeug==3.0.1->-r /home/runner/work/devops-coursework/devops-coursework/labs/17-devsecops/requirements.txt (line 2))
2 Unit Test	Install test dependencies	2026-10-07T13:42:11.5242567Z   Downloading markupsafe-3.0.4-cp313-cp313-manylinux2014_x86_64.manylinux_2_17_x86_64.manylinux_2_28_x86_64.whl.metadata (2.7 kB)
2 Unit Test	Install test dependencies	2026-10-07T13:42:11.6379339Z Collecting charset-normalizer<4,>=2 (from requests==2.31.0->-r /home/runner/work/devops-coursework/devops-coursework/labs/17-devsecops/requirements.txt (line 5))
2 Unit Test	Install test dependencies	2026-10-07T13:42:11.6412361Z   Downloading charset_normalizer-3.5.2-cp313-cp313-manylinux2014_x86_64.manylinux_2_17_x86_64.manylinux_2_28_x86_64.whl.metadata (46 kB)
2 Unit Test	Install test dependencies	2026-10-07T13:42:11.6612402Z Collecting idna<4,>=2.5 (from requests==2.31.0->-r /home/runner/work/devops-coursework/devops-coursework/labs/17-devsecops/requirements.txt (line 5))
2 Unit Test	Install test dependencies	2026-10-07T13:42:11.6642549Z   Downloading idna-3.20-py3-none-any.whl.metadata (7.2 kB)
2 Unit Test	Install test dependencies	2026-10-07T13:42:11.7360423Z Collecting setuptools>=3.0 (from gunicorn==20.0.4->-r /home/runner/work/devops-coursework/devops-coursework/labs/17-devsecops/requirements.txt (line 8))
2 Unit Test	Install test dependencies	2026-10-07T13:42:11.7396601Z   Downloading setuptools-84.0.0-py3-none-any.whl.metadata (6.6 kB)
2 Unit Test	Install test dependencies	2026-10-07T13:42:11.7728470Z Collecting iniconfig>=1.0.1 (from pytest==9.1.1->-r requirements-dev.txt (line 2))
2 Unit Test	Install test dependencies	2026-10-07T13:42:11.7761917Z   Downloading iniconfig-2.3.1-py3-none-any.whl.metadata (2.8 kB)
2 Unit Test	Install test dependencies	2026-10-07T13:42:11.7939376Z Collecting packaging>=22 (from pytest==9.1.1->-r requirements-dev.txt (line 2))
2 Unit Test	Install test dependencies	2026-10-07T13:42:11.7977708Z   Downloading packaging-26.3-py3-none-any.whl.metadata (3.5 kB)
2 Unit Test	Install test dependencies	2026-10-07T13:42:11.8139493Z Collecting pluggy<2,>=1.5 (from pytest==9.1.1->-r requirements-dev.txt (line 2))
2 Unit Test	Install test dependencies	2026-10-07T13:42:11.8169492Z   Downloading pluggy-1.6.0-py3-none-any.whl.metadata (4.8 kB)
2 Unit Test	Install test dependencies	2026-10-07T13:42:11.8370845Z Collecting pygments>=2.7.2 (from pytest==9.1.1->-r requirements-dev.txt (line 2))
2 Unit Test	Install test dependencies	2026-10-07T13:42:11.8401155Z   Downloading pygments-2.21.0-py3-none-any.whl.metadata (2.5 kB)
2 Unit Test	Install test dependencies	2026-10-07T13:42:12.1319262Z Collecting coverage>=7.10.6 (from coverage[toml]>=7.10.6->pytest-cov==7.1.0->-r requirements-dev.txt (line 3))
2 Unit Test	Install test dependencies	2026-10-07T13:42:12.1352831Z   Downloading coverage-7.16.2-cp313-cp313-manylinux1_x86_64.manylinux_2_28_x86_64.manylinux_2_5_x86_64.whl.metadata (8.2 kB)
2 Unit Test	Install test dependencies	2026-10-07T13:42:12.4033362Z Collecting mccabe<0.8.0,>=0.7.0 (from flake8==7.4.1->-r requirements-dev.txt (line 4))
2 Unit Test	Install test dependencies	2026-10-07T13:42:12.4068113Z   Downloading mccabe-0.7.0-py2.py3-none-any.whl.metadata (5.0 kB)
2 Unit Test	Install test dependencies	2026-10-07T13:42:12.4232821Z Collecting pycodestyle<2.16.0,>=2.15.0 (from flake8==7.4.1->-r requirements-dev.txt (line 4))
2 Unit Test	Install test dependencies	2026-10-07T13:42:12.4262610Z   Downloading pycodestyle-2.15.0-py2.py3-none-any.whl.metadata (4.5 kB)
2 Unit Test	Install test dependencies	2026-10-07T13:42:12.4431672Z Collecting pyflakes<4.1.0,>=4.0.0 (from flake8==7.4.1->-r requirements-dev.txt (line 4))
2 Unit Test	Install test dependencies	2026-10-07T13:42:12.4462810Z   Downloading pyflakes-4.0.2-py2.py3-none-any.whl.metadata (3.7 kB)
2 Unit Test	Install test dependencies	2026-10-07T13:42:12.4679143Z Collecting stevedore>=1.20.0 (from bandit==1.9.4->-r requirements-dev.txt (line 5))
2 Unit Test	Install test dependencies	2026-10-07T13:42:12.4710879Z   Downloading stevedore-5.9.1-py3-none-any.whl.metadata (2.3 kB)
2 Unit Test	Install test dependencies	2026-10-07T13:42:12.5019701Z Collecting rich (from bandit==1.9.4->-r requirements-dev.txt (line 5))
2 Unit Test	Install test dependencies	2026-10-07T13:42:12.5052478Z   Downloading rich-15.0.0-py3-none-any.whl.metadata (18 kB)
2 Unit Test	Install test dependencies	2026-10-07T13:42:12.5239810Z Collecting CacheControl>=0.13.0 (from CacheControl[filecache]>=0.13.0->pip-audit==2.10.1->-r requirements-dev.txt (line 6))
2 Unit Test	Install test dependencies	2026-10-07T13:42:12.5271952Z   Downloading cachecontrol-0.14.4-py3-none-any.whl.metadata (3.1 kB)
2 Unit Test	Install test dependencies	2026-10-07T13:42:12.5544089Z Collecting cyclonedx-python-lib<12,>=5 (from pip-audit==2.10.1->-r requirements-dev.txt (line 6))
2 Unit Test	Install test dependencies	2026-10-07T13:42:12.5575344Z   Downloading cyclonedx_python_lib-11.12.0-py3-none-any.whl.metadata (6.9 kB)
2 Unit Test	Install test dependencies	2026-10-07T13:42:12.5756615Z Collecting pip-api>=0.0.28 (from pip-audit==2.10.1->-r requirements-dev.txt (line 6))
2 Unit Test	Install test dependencies	2026-10-07T13:42:12.5788379Z   Downloading pip_api-0.0.35-py3-none-any.whl.metadata (17 kB)
2 Unit Test	Install test dependencies	2026-10-07T13:42:12.6136518Z Collecting pip-requirements-parser>=32.0.0 (from pip-audit==2.10.1->-r requirements-dev.txt (line 6))
2 Unit Test	Install test dependencies	2026-10-07T13:42:12.6170061Z   Downloading pip_requirements_parser-32.0.1-py3-none-any.whl.metadata (9.3 kB)
2 Unit Test	Install test dependencies	2026-10-07T13:42:12.6448106Z Collecting tomli>=2.2.1 (from pip-audit==2.10.1->-r requirements-dev.txt (line 6))
2 Unit Test	Install test dependencies	2026-10-07T13:42:12.6488288Z   Downloading tomli-2.5.0-cp313-cp313-manylinux2014_x86_64.manylinux_2_17_x86_64.manylinux_2_28_x86_64.whl.metadata (10 kB)
2 Unit Test	Install test dependencies	2026-10-07T13:42:12.6648109Z Collecting tomli-w>=1.2.0 (from pip-audit==2.10.1->-r requirements-dev.txt (line 6))
2 Unit Test	Install test dependencies	2026-10-07T13:42:12.6680234Z   Downloading tomli_w-1.2.0-py3-none-any.whl.metadata (5.7 kB)
2 Unit Test	Install test dependencies	2026-10-07T13:42:12.6889480Z Collecting platformdirs>=4.2.0 (from pip-audit==2.10.1->-r requirements-dev.txt (line 6))
2 Unit Test	Install test dependencies	2026-10-07T13:42:12.6922790Z   Downloading platformdirs-4.12.3-py3-none-any.whl.metadata (5.5 kB)
2 Unit Test	Install test dependencies	2026-10-07T13:42:12.7113587Z Collecting license-expression<31,>=30 (from cyclonedx-python-lib<12,>=5->pip-audit==2.10.1->-r requirements-dev.txt (line 6))
2 Unit Test	Install test dependencies	2026-10-07T13:42:12.7145248Z   Downloading license_expression-30.4.4-py3-none-any.whl.metadata (11 kB)
2 Unit Test	Install test dependencies	2026-10-07T13:42:12.7366708Z Collecting packageurl-python<2,>=0.11 (from cyclonedx-python-lib<12,>=5->pip-audit==2.10.1->-r requirements-dev.txt (line 6))
2 Unit Test	Install test dependencies	2026-10-07T13:42:12.7402208Z   Downloading packageurl_python-0.17.6-py3-none-any.whl.metadata (5.1 kB)
2 Unit Test	Install test dependencies	2026-10-07T13:42:12.7591514Z Collecting py-serializable<3.0.0,>=2.1.0 (from cyclonedx-python-lib<12,>=5->pip-audit==2.10.1->-r requirements-dev.txt (line 6))
2 Unit Test	Install test dependencies	2026-10-07T13:42:12.7622704Z   Downloading py_serializable-2.1.0-py3-none-any.whl.metadata (4.3 kB)
2 Unit Test	Install test dependencies	2026-10-07T13:42:12.7793300Z Collecting sortedcontainers<3.0.0,>=2.4.0 (from cyclonedx-python-lib<12,>=5->pip-audit==2.10.1->-r requirements-dev.txt (line 6))
2 Unit Test	Install test dependencies	2026-10-07T13:42:12.7825588Z   Downloading sortedcontainers-2.4.0-py2.py3-none-any.whl.metadata (10 kB)
2 Unit Test	Install test dependencies	2026-10-07T13:42:12.8158424Z Collecting boolean.py>=4.0 (from license-expression<31,>=30->cyclonedx-python-lib<12,>=5->pip-audit==2.10.1->-r requirements-dev.txt (line 6))
2 Unit Test	Install test dependencies	2026-10-07T13:42:12.8192933Z   Downloading boolean_py-5.0-py3-none-any.whl.metadata (2.3 kB)
2 Unit Test	Install test dependencies	2026-10-07T13:42:12.8371585Z Collecting defusedxml<0.8.0,>=0.7.1 (from py-serializable<3.0.0,>=2.1.0->cyclonedx-python-lib<12,>=5->pip-audit==2.10.1->-r requirements-dev.txt (line 6))
2 Unit Test	Install test dependencies	2026-10-07T13:42:12.8404595Z   Downloading defusedxml-0.7.1-py2.py3-none-any.whl.metadata (32 kB)
2 Unit Test	Install test dependencies	2026-10-07T13:42:12.9066978Z Collecting msgpack<2.0.0,>=0.5.2 (from CacheControl>=0.13.0->CacheControl[filecache]>=0.13.0->pip-audit==2.10.1->-r requirements-dev.txt (line 6))
2 Unit Test	Install test dependencies	2026-10-07T13:42:12.9103253Z   Downloading msgpack-1.2.3-cp313-cp313-manylinux2014_x86_64.manylinux_2_17_x86_64.manylinux_2_28_x86_64.whl.metadata (8.3 kB)
2 Unit Test	Install test dependencies	2026-10-07T13:42:12.9355954Z Collecting filelock>=3.8.0 (from CacheControl[filecache]>=0.13.0->pip-audit==2.10.1->-r requirements-dev.txt (line 6))
2 Unit Test	Install test dependencies	2026-10-07T13:42:12.9390113Z   Downloading filelock-4.0.12-py3-none-any.whl.metadata (2.0 kB)
2 Unit Test	Install test dependencies	2026-10-07T13:42:12.9449776Z Requirement already satisfied: pip in /opt/hostedtoolcache/Python/3.13.15/x64/lib/python3.13/site-packages (from pip-api>=0.0.28->pip-audit==2.10.1->-r requirements-dev.txt (line 6)) (26.2.1)
2 Unit Test	Install test dependencies	2026-10-07T13:42:12.9669289Z Collecting pyparsing (from pip-requirements-parser>=32.0.0->pip-audit==2.10.1->-r requirements-dev.txt (line 6))
2 Unit Test	Install test dependencies	2026-10-07T13:42:12.9702643Z   Downloading pyparsing-3.3.3-py3-none-any.whl.metadata (5.9 kB)
2 Unit Test	Install test dependencies	2026-10-07T13:42:12.9896502Z Collecting markdown-it-py>=2.2.0 (from rich->bandit==1.9.4->-r requirements-dev.txt (line 5))
2 Unit Test	Install test dependencies	2026-10-07T13:42:12.9931067Z   Downloading markdown_it_py-4.2.0-py3-none-any.whl.metadata (7.4 kB)
2 Unit Test	Install test dependencies	2026-10-07T13:42:13.0207955Z Collecting mdurl~=0.1 (from markdown-it-py>=2.2.0->rich->bandit==1.9.4->-r requirements-dev.txt (line 5))
2 Unit Test	Install test dependencies	2026-10-07T13:42:13.0240690Z   Downloading mdurl-0.1.2-py3-none-any.whl.metadata (1.6 kB)
2 Unit Test	Install test dependencies	2026-10-07T13:42:13.0334364Z Downloading flask-3.0.0-py3-none-any.whl (99 kB)
2 Unit Test	Install test dependencies	2026-10-07T13:42:13.0399909Z Downloading werkzeug-3.0.1-py3-none-any.whl (226 kB)
2 Unit Test	Install test dependencies	2026-10-07T13:42:13.0490494Z Downloading Jinja2-3.1.3-py3-none-any.whl (133 kB)
2 Unit Test	Install test dependencies	2026-10-07T13:42:13.0539554Z Downloading PyYAML-6.0.2-cp313-cp313-manylinux_2_17_x86_64.manylinux2014_x86_64.whl (759 kB)
2 Unit Test	Install test dependencies	2026-10-07T13:42:13.0638914Z    ━━━━━━━━━━━━━━━━━━━━━━━━━━━━━━━━━━━━━━━━ 759.5/759.5 kB 81.2 MB/s  0:00:00
2 Unit Test	Install test dependencies	2026-10-07T13:42:13.0671053Z Downloading requests-2.31.0-py3-none-any.whl (62 kB)
2 Unit Test	Install test dependencies	2026-10-07T13:42:13.0717682Z Downloading urllib3-2.0.7-py3-none-any.whl (124 kB)
2 Unit Test	Install test dependencies	2026-10-07T13:42:13.0815820Z Downloading certifi-2023.5.7-py3-none-any.whl (156 kB)
2 Unit Test	Install test dependencies	2026-10-07T13:42:13.0873870Z Downloading gunicorn-20.0.4-py2.py3-none-any.whl (77 kB)
2 Unit Test	Install test dependencies	2026-10-07T13:42:13.0925205Z Downloading pytest-9.1.1-py3-none-any.whl (386 kB)
2 Unit Test	Install test dependencies	2026-10-07T13:42:13.0995539Z Downloading pytest_cov-7.1.0-py3-none-any.whl (22 kB)
2 Unit Test	Install test dependencies	2026-10-07T13:42:13.1040325Z Downloading flake8-7.4.1-py2.py3-none-any.whl (57 kB)
2 Unit Test	Install test dependencies	2026-10-07T13:42:13.1085059Z Downloading bandit-1.9.4-py3-none-any.whl (134 kB)
2 Unit Test	Install test dependencies	2026-10-07T13:42:13.1132495Z Downloading pip_audit-2.10.1-py3-none-any.whl (62 kB)
2 Unit Test	Install test dependencies	2026-10-07T13:42:13.1181669Z Downloading charset_normalizer-3.5.2-cp313-cp313-manylinux2014_x86_64.manylinux_2_17_x86_64.manylinux_2_28_x86_64.whl (254 kB)
2 Unit Test	Install test dependencies	2026-10-07T13:42:13.1232149Z Downloading cyclonedx_python_lib-11.12.0-py3-none-any.whl (529 kB)
2 Unit Test	Install test dependencies	2026-10-07T13:42:13.1278416Z    ━━━━━━━━━━━━━━━━━━━━━━━━━━━━━━━━━━━━━━━━ 529.5/529.5 kB 95.5 MB/s  0:00:00
2 Unit Test	Install test dependencies	2026-10-07T13:42:13.1309058Z Downloading idna-3.20-py3-none-any.whl (69 kB)
2 Unit Test	Install test dependencies	2026-10-07T13:42:13.1362266Z Downloading license_expression-30.4.4-py3-none-any.whl (120 kB)
2 Unit Test	Install test dependencies	2026-10-07T13:42:13.1415739Z Downloading mccabe-0.7.0-py2.py3-none-any.whl (7.3 kB)
2 Unit Test	Install test dependencies	2026-10-07T13:42:13.1466970Z Downloading packageurl_python-0.17.6-py3-none-any.whl (36 kB)
2 Unit Test	Install test dependencies	2026-10-07T13:42:13.1520857Z Downloading pluggy-1.6.0-py3-none-any.whl (20 kB)
2 Unit Test	Install test dependencies	2026-10-07T13:42:13.1573523Z Downloading py_serializable-2.1.0-py3-none-any.whl (23 kB)
2 Unit Test	Install test dependencies	2026-10-07T13:42:13.1619288Z Downloading defusedxml-0.7.1-py2.py3-none-any.whl (25 kB)
2 Unit Test	Install test dependencies	2026-10-07T13:42:13.1663571Z Downloading pycodestyle-2.15.0-py2.py3-none-any.whl (31 kB)
2 Unit Test	Install test dependencies	2026-10-07T13:42:13.1707354Z Downloading pyflakes-4.0.2-py2.py3-none-any.whl (66 kB)
2 Unit Test	Install test dependencies	2026-10-07T13:42:13.1752895Z Downloading sortedcontainers-2.4.0-py2.py3-none-any.whl (29 kB)
2 Unit Test	Install test dependencies	2026-10-07T13:42:13.1797212Z Downloading blinker-1.9.0-py3-none-any.whl (8.5 kB)
2 Unit Test	Install test dependencies	2026-10-07T13:42:13.1840092Z Downloading boolean_py-5.0-py3-none-any.whl (26 kB)
2 Unit Test	Install test dependencies	2026-10-07T13:42:13.1885988Z Downloading cachecontrol-0.14.4-py3-none-any.whl (22 kB)
2 Unit Test	Install test dependencies	2026-10-07T13:42:13.1932984Z Downloading msgpack-1.2.3-cp313-cp313-manylinux2014_x86_64.manylinux_2_17_x86_64.manylinux_2_28_x86_64.whl (466 kB)
2 Unit Test	Install test dependencies	2026-10-07T13:42:13.1999363Z Downloading click-8.5.0-py3-none-any.whl (125 kB)
2 Unit Test	Install test dependencies	2026-10-07T13:42:13.2049021Z Downloading coverage-7.16.2-cp313-cp313-manylinux1_x86_64.manylinux_2_28_x86_64.manylinux_2_5_x86_64.whl (257 kB)
2 Unit Test	Install test dependencies	2026-10-07T13:42:13.2099154Z Downloading filelock-4.0.12-py3-none-any.whl (111 kB)
2 Unit Test	Install test dependencies	2026-10-07T13:42:13.2318688Z Downloading iniconfig-2.3.1-py3-none-any.whl (7.6 kB)
2 Unit Test	Install test dependencies	2026-10-07T13:42:13.2364913Z Downloading itsdangerous-2.2.0-py3-none-any.whl (16 kB)
2 Unit Test	Install test dependencies	2026-10-07T13:42:13.2410341Z Downloading markupsafe-3.0.4-cp313-cp313-manylinux2014_x86_64.manylinux_2_17_x86_64.manylinux_2_28_x86_64.whl (23 kB)
2 Unit Test	Install test dependencies	2026-10-07T13:42:13.2455919Z Downloading packaging-26.3-py3-none-any.whl (129 kB)
2 Unit Test	Install test dependencies	2026-10-07T13:42:13.2505453Z Downloading pip_api-0.0.35-py3-none-any.whl (123 kB)
2 Unit Test	Install test dependencies	2026-10-07T13:42:13.2556929Z Downloading pip_requirements_parser-32.0.1-py3-none-any.whl (35 kB)
2 Unit Test	Install test dependencies	2026-10-07T13:42:13.2603563Z Downloading platformdirs-4.12.3-py3-none-any.whl (32 kB)
2 Unit Test	Install test dependencies	2026-10-07T13:42:13.2649395Z Downloading pygments-2.21.0-py3-none-any.whl (1.3 MB)
2 Unit Test	Install test dependencies	2026-10-07T13:42:13.2755721Z    ━━━━━━━━━━━━━━━━━━━━━━━━━━━━━━━━━━━━━━━━ 1.3/1.3 MB 111.0 MB/s  0:00:00
2 Unit Test	Install test dependencies	2026-10-07T13:42:13.2788480Z Downloading rich-15.0.0-py3-none-any.whl (310 kB)
2 Unit Test	Install test dependencies	2026-10-07T13:42:13.2842264Z Downloading markdown_it_py-4.2.0-py3-none-any.whl (91 kB)
2 Unit Test	Install test dependencies	2026-10-07T13:42:13.2890942Z Downloading mdurl-0.1.2-py3-none-any.whl (10.0 kB)
2 Unit Test	Install test dependencies	2026-10-07T13:42:13.2936217Z Downloading setuptools-84.0.0-py3-none-any.whl (818 kB)
2 Unit Test	Install test dependencies	2026-10-07T13:42:13.3016011Z    ━━━━━━━━━━━━━━━━━━━━━━━━━━━━━━━━━━━━━━━━ 818.2/818.2 kB 91.3 MB/s  0:00:00
2 Unit Test	Install test dependencies	2026-10-07T13:42:13.3047254Z Downloading stevedore-5.9.1-py3-none-any.whl (54 kB)
2 Unit Test	Install test dependencies	2026-10-07T13:42:13.3106046Z Downloading tomli-2.5.0-cp313-cp313-manylinux2014_x86_64.manylinux_2_17_x86_64.manylinux_2_28_x86_64.whl (283 kB)
2 Unit Test	Install test dependencies	2026-10-07T13:42:13.3157177Z Downloading tomli_w-1.2.0-py3-none-any.whl (6.7 kB)
2 Unit Test	Install test dependencies	2026-10-07T13:42:13.3201247Z Downloading pyparsing-3.3.3-py3-none-any.whl (126 kB)
2 Unit Test	Install test dependencies	2026-10-07T13:42:13.4681503Z Installing collected packages: sortedcontainers, boolean.py, urllib3, tomli-w, tomli, stevedore, setuptools, PyYAML, pyparsing, pygments, pyflakes, pycodestyle, pluggy, platformdirs, pip-api, packaging, packageurl-python, msgpack, mdurl, mccabe, MarkupSafe, license-expression, itsdangerous, iniconfig, idna, filelock, defusedxml, coverage, click, charset-normalizer, certifi, blinker, Werkzeug, requests, pytest, py-serializable, pip-requirements-parser, markdown-it-py, Jinja2, gunicorn, flake8, rich, pytest-cov, Flask, cyclonedx-python-lib, CacheControl, bandit, pip-audit
2 Unit Test	Install test dependencies	2026-10-07T13:42:16.8546201Z 
2 Unit Test	Install test dependencies	2026-10-07T13:42:16.8583474Z Successfully installed CacheControl-0.14.4 Flask-3.0.0 Jinja2-3.1.3 MarkupSafe-3.0.4 PyYAML-6.0.2 Werkzeug-3.0.1 bandit-1.9.4 blinker-1.9.0 boolean.py-5.0 certifi-2023.5.7 charset-normalizer-3.5.2 click-8.5.0 coverage-7.16.2 cyclonedx-python-lib-11.12.0 defusedxml-0.7.1 filelock-4.0.12 flake8-7.4.1 gunicorn-20.0.4 idna-3.20 iniconfig-2.3.1 itsdangerous-2.2.0 license-expression-30.4.4 markdown-it-py-4.2.0 mccabe-0.7.0 mdurl-0.1.2 msgpack-1.2.3 packageurl-python-0.17.6 packaging-26.3 pip-api-0.0.35 pip-audit-2.10.1 pip-requirements-parser-32.0.1 platformdirs-4.12.3 pluggy-1.6.0 py-serializable-2.1.0 pycodestyle-2.15.0 pyflakes-4.0.2 pygments-2.21.0 pyparsing-3.3.3 pytest-9.1.1 pytest-cov-7.1.0 requests-2.31.0 rich-15.0.0 setuptools-84.0.0 sortedcontainers-2.4.0 stevedore-5.9.1 tomli-2.5.0 tomli-w-1.2.0 urllib3-2.0.7
2 Unit Test	Lint	﻿2026-10-07T13:42:16.9800999Z ##[group]Run flake8 app tests
2 Unit Test	Lint	2026-10-07T13:42:16.9801261Z [36;1mflake8 app tests[0m
2 Unit Test	Lint	2026-10-07T13:42:16.9859952Z shell: /usr/bin/bash --noprofile --norc -e -o pipefail {0}
2 Unit Test	Lint	2026-10-07T13:42:16.9860242Z env:
2 Unit Test	Lint	2026-10-07T13:42:16.9860420Z   APP_DIR: labs/17-devsecops
2 Unit Test	Lint	2026-10-07T13:42:16.9860633Z   IMAGE_NAME: claim-check-api
2 Unit Test	Lint	2026-10-07T13:42:16.9860828Z   TRIVY_VERSION: 0.75.0
2 Unit Test	Lint	2026-10-07T13:42:16.9861023Z   GITLEAKS_VERSION: 8.30.1
2 Unit Test	Lint	2026-10-07T13:42:16.9861224Z   PYTHON_VERSION: 3.13
2 Unit Test	Lint	2026-10-07T13:42:16.9861458Z   pythonLocation: /opt/hostedtoolcache/Python/3.13.15/x64
2 Unit Test	Lint	2026-10-07T13:42:16.9861798Z   PKG_CONFIG_PATH: /opt/hostedtoolcache/Python/3.13.15/x64/lib/pkgconfig
2 Unit Test	Lint	2026-10-07T13:42:16.9862131Z   Python_ROOT_DIR: /opt/hostedtoolcache/Python/3.13.15/x64
2 Unit Test	Lint	2026-10-07T13:42:16.9862444Z   Python2_ROOT_DIR: /opt/hostedtoolcache/Python/3.13.15/x64
2 Unit Test	Lint	2026-10-07T13:42:16.9862743Z   Python3_ROOT_DIR: /opt/hostedtoolcache/Python/3.13.15/x64
2 Unit Test	Lint	2026-10-07T13:42:16.9863042Z   LD_LIBRARY_PATH: /opt/hostedtoolcache/Python/3.13.15/x64/lib
2 Unit Test	Lint	2026-10-07T13:42:16.9863341Z ##[endgroup]
2 Unit Test	Run the unit test suite	﻿2026-10-07T13:42:17.3348609Z ##[group]Run mkdir -p reports
2 Unit Test	Run the unit test suite	2026-10-07T13:42:17.3349001Z [36;1mmkdir -p reports[0m
2 Unit Test	Run the unit test suite	2026-10-07T13:42:17.3349344Z [36;1mpytest --cov=app --cov-report=term-missing --cov-report=xml:reports/coverage.xml \[0m
2 Unit Test	Run the unit test suite	2026-10-07T13:42:17.3349726Z [36;1m       --junitxml=reports/junit.xml[0m
2 Unit Test	Run the unit test suite	2026-10-07T13:42:17.3407925Z shell: /usr/bin/bash --noprofile --norc -e -o pipefail {0}
2 Unit Test	Run the unit test suite	2026-10-07T13:42:17.3408231Z env:
2 Unit Test	Run the unit test suite	2026-10-07T13:42:17.3408402Z   APP_DIR: labs/17-devsecops
2 Unit Test	Run the unit test suite	2026-10-07T13:42:17.3408609Z   IMAGE_NAME: claim-check-api
2 Unit Test	Run the unit test suite	2026-10-07T13:42:17.3408887Z   TRIVY_VERSION: 0.75.0
2 Unit Test	Run the unit test suite	2026-10-07T13:42:17.3409074Z   GITLEAKS_VERSION: 8.30.1
2 Unit Test	Run the unit test suite	2026-10-07T13:42:17.3409258Z   PYTHON_VERSION: 3.13
2 Unit Test	Run the unit test suite	2026-10-07T13:42:17.3409491Z   pythonLocation: /opt/hostedtoolcache/Python/3.13.15/x64
2 Unit Test	Run the unit test suite	2026-10-07T13:42:17.3409820Z   PKG_CONFIG_PATH: /opt/hostedtoolcache/Python/3.13.15/x64/lib/pkgconfig
2 Unit Test	Run the unit test suite	2026-10-07T13:42:17.3410148Z   Python_ROOT_DIR: /opt/hostedtoolcache/Python/3.13.15/x64
2 Unit Test	Run the unit test suite	2026-10-07T13:42:17.3410447Z   Python2_ROOT_DIR: /opt/hostedtoolcache/Python/3.13.15/x64
2 Unit Test	Run the unit test suite	2026-10-07T13:42:17.3410807Z   Python3_ROOT_DIR: /opt/hostedtoolcache/Python/3.13.15/x64
2 Unit Test	Run the unit test suite	2026-10-07T13:42:17.3411097Z   LD_LIBRARY_PATH: /opt/hostedtoolcache/Python/3.13.15/x64/lib
2 Unit Test	Run the unit test suite	2026-10-07T13:42:17.3411347Z ##[endgroup]
2 Unit Test	Run the unit test suite	2026-10-07T13:42:17.7994202Z ============================= test session starts ==============================
2 Unit Test	Run the unit test suite	2026-10-07T13:42:17.7995143Z platform linux -- Python 3.13.15, pytest-9.1.1, pluggy-1.6.0 -- /opt/hostedtoolcache/Python/3.13.15/x64/bin/python
2 Unit Test	Run the unit test suite	2026-10-07T13:42:17.7995720Z cachedir: .pytest_cache
2 Unit Test	Run the unit test suite	2026-10-07T13:42:17.7996138Z rootdir: /home/runner/work/devops-coursework/devops-coursework/labs/17-devsecops
2 Unit Test	Run the unit test suite	2026-10-07T13:42:17.7996617Z configfile: setup.cfg
2 Unit Test	Run the unit test suite	2026-10-07T13:42:17.7996865Z testpaths: tests
2 Unit Test	Run the unit test suite	2026-10-07T13:42:17.7997124Z plugins: platformdirs-4.12.3, cov-7.1.0
2 Unit Test	Run the unit test suite	2026-10-07T13:42:18.1656399Z collecting ... collected 26 items
2 Unit Test	Run the unit test suite	2026-10-07T13:42:18.1656793Z 
2 Unit Test	Run the unit test suite	2026-10-07T13:42:18.1758278Z tests/test_claims.py::test_validate_claim_accepts_a_normal_claim PASSED  [  3%]
2 Unit Test	Run the unit test suite	2026-10-07T13:42:18.1773623Z tests/test_claims.py::test_validate_claim_rejects_bad_input[claim0] PASSED [  7%]
2 Unit Test	Run the unit test suite	2026-10-07T13:42:18.1784951Z tests/test_claims.py::test_validate_claim_rejects_bad_input[claim1] PASSED [ 11%]
2 Unit Test	Run the unit test suite	2026-10-07T13:42:18.1795697Z tests/test_claims.py::test_validate_claim_rejects_bad_input[claim2] PASSED [ 15%]
2 Unit Test	Run the unit test suite	2026-10-07T13:42:18.1806286Z tests/test_claims.py::test_validate_claim_rejects_bad_input[claim3] PASSED [ 19%]
2 Unit Test	Run the unit test suite	2026-10-07T13:42:18.1816680Z tests/test_claims.py::test_validate_claim_rejects_bad_input[claim4] PASSED [ 23%]
2 Unit Test	Run the unit test suite	2026-10-07T13:42:18.1827185Z tests/test_claims.py::test_validate_claim_rejects_bad_input[claim5] PASSED [ 26%]
2 Unit Test	Run the unit test suite	2026-10-07T13:42:18.1836655Z tests/test_claims.py::test_validate_claim_rejects_a_non_object PASSED    [ 30%]
2 Unit Test	Run the unit test suite	2026-10-07T13:42:18.1846303Z tests/test_claims.py::test_price_claim_applies_the_category_rate PASSED  [ 34%]
2 Unit Test	Run the unit test suite	2026-10-07T13:42:18.1855547Z tests/test_claims.py::test_price_claim_caps_the_category PASSED          [ 38%]
2 Unit Test	Run the unit test suite	2026-10-07T13:42:18.1865030Z tests/test_claims.py::test_price_claim_halves_a_claim_without_receipts PASSED [ 42%]
2 Unit Test	Run the unit test suite	2026-10-07T13:42:18.1874732Z tests/test_claims.py::test_price_claim_flags_large_reimbursements_for_approval PASSED [ 46%]
2 Unit Test	Run the unit test suite	2026-10-07T13:42:18.1885138Z tests/test_claims.py::test_fingerprint_is_stable_and_salted PASSED       [ 50%]
2 Unit Test	Run the unit test suite	2026-10-07T13:42:18.1940390Z tests/test_claims.py::test_issue_reference_is_unique_and_prefixed PASSED [ 53%]
2 Unit Test	Run the unit test suite	2026-10-07T13:42:18.1950622Z tests/test_claims.py::test_summarise_adds_up_a_batch PASSED              [ 57%]
2 Unit Test	Run the unit test suite	2026-10-07T13:42:18.1961694Z tests/test_claims.py::test_summarise_rejects_an_empty_batch PASSED       [ 61%]
2 Unit Test	Run the unit test suite	2026-10-07T13:42:18.2021071Z tests/test_server.py::test_health_endpoint PASSED                        [ 65%]
2 Unit Test	Run the unit test suite	2026-10-07T13:42:18.2039480Z tests/test_server.py::test_version_endpoint_reports_build_metadata PASSED [ 69%]
2 Unit Test	Run the unit test suite	2026-10-07T13:42:18.2059399Z tests/test_server.py::test_validate_endpoint_accepts_a_claim PASSED      [ 73%]
2 Unit Test	Run the unit test suite	2026-10-07T13:42:18.2077223Z tests/test_server.py::test_validate_endpoint_rejects_a_bad_claim PASSED  [ 76%]
2 Unit Test	Run the unit test suite	2026-10-07T13:42:18.2095885Z tests/test_server.py::test_price_endpoint_prices_a_claim PASSED          [ 80%]
2 Unit Test	Run the unit test suite	2026-10-07T13:42:18.2113910Z tests/test_server.py::test_batch_endpoint_summarises PASSED              [ 84%]
2 Unit Test	Run the unit test suite	2026-10-07T13:42:18.2130217Z tests/test_server.py::test_batch_endpoint_rejects_an_empty_body PASSED   [ 88%]
2 Unit Test	Run the unit test suite	2026-10-07T13:42:18.2159178Z tests/test_server.py::test_policy_endpoint_parses_yaml PASSED            [ 92%]
2 Unit Test	Run the unit test suite	2026-10-07T13:42:18.2180330Z tests/test_server.py::test_policy_endpoint_rejects_broken_yaml PASSED    [ 96%]
2 Unit Test	Run the unit test suite	2026-10-07T13:42:18.2809556Z tests/test_server.py::test_fx_endpoint_reports_no_upstream PASSED        [100%]
2 Unit Test	Run the unit test suite	2026-10-07T13:42:18.2810063Z 
2 Unit Test	Run the unit test suite	2026-10-07T13:42:18.2810504Z - generated xml file: /home/runner/work/devops-coursework/devops-coursework/labs/17-devsecops/reports/junit.xml -
2 Unit Test	Run the unit test suite	2026-10-07T13:42:18.2811253Z ================================ tests coverage ================================
2 Unit Test	Run the unit test suite	2026-10-07T13:42:18.2811796Z _______________ coverage: platform linux, python 3.13.15-final-0 _______________
2 Unit Test	Run the unit test suite	2026-10-07T13:42:18.2812137Z 
2 Unit Test	Run the unit test suite	2026-10-07T13:42:18.2812275Z Name              Stmts   Miss  Cover   Missing
2 Unit Test	Run the unit test suite	2026-10-07T13:42:18.2812618Z -----------------------------------------------
2 Unit Test	Run the unit test suite	2026-10-07T13:42:18.2812944Z app/__init__.py       1      0   100%
2 Unit Test	Run the unit test suite	2026-10-07T13:42:18.2813243Z app/claims.py        58      0   100%
2 Unit Test	Run the unit test suite	2026-10-07T13:42:18.2813641Z app/server.py        75     15    80%   68-69, 91, 97-102, 107-109, 116-117, 121
2 Unit Test	Run the unit test suite	2026-10-07T13:42:18.2814066Z -----------------------------------------------
2 Unit Test	Run the unit test suite	2026-10-07T13:42:18.2814377Z TOTAL               134     15    89%
2 Unit Test	Run the unit test suite	2026-10-07T13:42:18.2814710Z Coverage XML written to file reports/coverage.xml
2 Unit Test	Run the unit test suite	2026-10-07T13:42:18.2815122Z ============================== 26 passed in 0.47s ==============================
2 Unit Test	Upload the test report	﻿2026-10-07T13:42:18.3395523Z ##[group]Run actions/upload-artifact@v4
2 Unit Test	Upload the test report	2026-10-07T13:42:18.3395760Z with:
2 Unit Test	Upload the test report	2026-10-07T13:42:18.3395923Z   name: unit-test-report
2 Unit Test	Upload the test report	2026-10-07T13:42:18.3396123Z   path: labs/17-devsecops/reports
2 Unit Test	Upload the test report	2026-10-07T13:42:18.3396328Z   retention-days: 7
2 Unit Test	Upload the test report	2026-10-07T13:42:18.3396502Z   if-no-files-found: warn
2 Unit Test	Upload the test report	2026-10-07T13:42:18.3396698Z   compression-level: 6
2 Unit Test	Upload the test report	2026-10-07T13:42:18.3396872Z   overwrite: false
2 Unit Test	Upload the test report	2026-10-07T13:42:18.3397045Z   include-hidden-files: false
2 Unit Test	Upload the test report	2026-10-07T13:42:18.3397235Z env:
2 Unit Test	Upload the test report	2026-10-07T13:42:18.3397397Z   APP_DIR: labs/17-devsecops
2 Unit Test	Upload the test report	2026-10-07T13:42:18.3397746Z   IMAGE_NAME: claim-check-api
2 Unit Test	Upload the test report	2026-10-07T13:42:18.3397932Z   TRIVY_VERSION: 0.75.0
2 Unit Test	Upload the test report	2026-10-07T13:42:18.3398111Z   GITLEAKS_VERSION: 8.30.1
2 Unit Test	Upload the test report	2026-10-07T13:42:18.3398296Z   PYTHON_VERSION: 3.13
2 Unit Test	Upload the test report	2026-10-07T13:42:18.3398524Z   pythonLocation: /opt/hostedtoolcache/Python/3.13.15/x64
2 Unit Test	Upload the test report	2026-10-07T13:42:18.3399093Z   PKG_CONFIG_PATH: /opt/hostedtoolcache/Python/3.13.15/x64/lib/pkgconfig
2 Unit Test	Upload the test report	2026-10-07T13:42:18.3399428Z   Python_ROOT_DIR: /opt/hostedtoolcache/Python/3.13.15/x64
2 Unit Test	Upload the test report	2026-10-07T13:42:18.3399762Z   Python2_ROOT_DIR: /opt/hostedtoolcache/Python/3.13.15/x64
2 Unit Test	Upload the test report	2026-10-07T13:42:18.3400050Z   Python3_ROOT_DIR: /opt/hostedtoolcache/Python/3.13.15/x64
2 Unit Test	Upload the test report	2026-10-07T13:42:18.3400336Z   LD_LIBRARY_PATH: /opt/hostedtoolcache/Python/3.13.15/x64/lib
2 Unit Test	Upload the test report	2026-10-07T13:42:18.3400589Z ##[endgroup]
2 Unit Test	Upload the test report	2026-10-07T13:42:18.4806629Z (node:2163) [DEP0040] DeprecationWarning: The `punycode` module is deprecated. Please use a userland alternative instead.
2 Unit Test	Upload the test report	2026-10-07T13:42:18.4807367Z (Use `node --trace-deprecation ...` to show where the warning was created)
2 Unit Test	Upload the test report	2026-10-07T13:42:18.4853497Z With the provided path, there will be 2 files uploaded
2 Unit Test	Upload the test report	2026-10-07T13:42:18.4856860Z Artifact name is valid!
2 Unit Test	Upload the test report	2026-10-07T13:42:18.4857306Z Root directory input is valid!
2 Unit Test	Upload the test report	2026-10-07T13:42:18.8084340Z Beginning upload of artifact content to blob storage
2 Unit Test	Upload the test report	2026-10-07T13:42:18.8244984Z (node:2163) [DEP0169] DeprecationWarning: `url.parse()` behavior is not standardized and prone to errors that have security implications. Use the WHATWG URL API instead. CVEs are not issued for `url.parse()` vulnerabilities.
2 Unit Test	Upload the test report	2026-10-07T13:42:19.0393477Z Uploaded bytes 1582
2 Unit Test	Upload the test report	2026-10-07T13:42:19.1008525Z Finished uploading artifact content to blob storage!
2 Unit Test	Upload the test report	2026-10-07T13:42:19.1009408Z SHA256 digest of uploaded artifact zip is 922162897114dd33533446cbe27cbc91ae052efd573779eb4c7124ddbcffc1e5
2 Unit Test	Upload the test report	2026-10-07T13:42:19.1010347Z Finalizing artifact upload
2 Unit Test	Upload the test report	2026-10-07T13:42:19.3640147Z Artifact unit-test-report.zip successfully finalized. Artifact ID 11484979782
2 Unit Test	Upload the test report	2026-10-07T13:42:19.3641073Z Artifact unit-test-report has been successfully uploaded! Final size is 1582 bytes. Artifact ID is 11484979782
2 Unit Test	Upload the test report	2026-10-07T13:42:19.3642463Z Artifact download URL: https://github.com/AmanYadav7015/devops-coursework/actions/runs/37630551638/artifacts/11484979782
2 Unit Test	Post Setup Python	﻿2026-10-07T13:42:19.3789732Z Post job cleanup.
2 Unit Test	Post Setup Python	2026-10-07T13:42:19.4762441Z (node:2178) [DEP0040] DeprecationWarning: The `punycode` module is deprecated. Please use a userland alternative instead.
2 Unit Test	Post Setup Python	2026-10-07T13:42:19.4763067Z (Use `node --trace-deprecation ...` to show where the warning was created)
2 Unit Test	Post Checkout code	﻿2026-10-07T13:42:19.4930329Z Post job cleanup.
2 Unit Test	Post Checkout code	2026-10-07T13:42:19.5678450Z [command]/usr/bin/git version
2 Unit Test	Post Checkout code	2026-10-07T13:42:19.5715763Z git version 2.55.0
2 Unit Test	Post Checkout code	2026-10-07T13:42:19.5779877Z Temporarily overriding HOME='/home/runner/work/_temp/c0a045b9-20d1-484d-b3b3-57cbd32f07c7' before making global git config changes
2 Unit Test	Post Checkout code	2026-10-07T13:42:19.5795326Z Adding repository directory to the temporary git global config as a safe directory
2 Unit Test	Post Checkout code	2026-10-07T13:42:19.5796294Z [command]/usr/bin/git config --global --add safe.directory /home/runner/work/devops-coursework/devops-coursework
2 Unit Test	Post Checkout code	2026-10-07T13:42:19.5797612Z [command]/usr/bin/git config --local --name-only --get-regexp core\.sshCommand
2 Unit Test	Post Checkout code	2026-10-07T13:42:19.5839109Z [command]/usr/bin/git submodule foreach --recursive sh -c "git config --local --name-only --get-regexp 'core\.sshCommand' && git config --local --unset-all 'core.sshCommand' || :"
2 Unit Test	Post Checkout code	2026-10-07T13:42:19.6123223Z [command]/usr/bin/git config --local --name-only --get-regexp http\.https\:\/\/github\.com\/\.extraheader
2 Unit Test	Post Checkout code	2026-10-07T13:42:19.6170423Z http.https://github.com/.extraheader
2 Unit Test	Post Checkout code	2026-10-07T13:42:19.6201407Z [command]/usr/bin/git config --local --unset-all http.https://github.com/.extraheader
2 Unit Test	Post Checkout code	2026-10-07T13:42:19.6242383Z [command]/usr/bin/git submodule foreach --recursive sh -c "git config --local --name-only --get-regexp 'http\.https\:\/\/github\.com\/\.extraheader' && git config --local --unset-all 'http.https://github.com/.extraheader' || :"
2 Unit Test	Post Checkout code	2026-10-07T13:42:19.6512415Z [command]/usr/bin/git config --local --name-only --get-regexp ^includeIf\.gitdir:
2 Unit Test	Post Checkout code	2026-10-07T13:42:19.6547510Z [command]/usr/bin/git submodule foreach --recursive git config --local --show-origin --name-only --get-regexp remote.origin.url
2 Unit Test	Complete job	﻿2026-10-07T13:42:19.6872375Z Cleaning up orphan processes
2 Unit Test	Complete job	2026-10-07T13:42:19.7112376Z ##[warning]Node.js 20 is deprecated. The following actions target Node.js 20 but are being forced to run on Node.js 24: actions/checkout@v4, actions/setup-python@v5, actions/upload-artifact@v4. For more information see: https://github.blog/changelog/2025-09-19-deprecation-of-node-20-on-github-actions-runners/
3 SAST (bandit)	Set up job	﻿2026-10-07T13:42:27.6752487Z Current runner version: '2.337.0'
3 SAST (bandit)	Set up job	2026-10-07T13:42:27.6783393Z ##[group]Runner Image Provisioner
3 SAST (bandit)	Set up job	2026-10-07T13:42:27.6784684Z Hosted Compute Agent
3 SAST (bandit)	Set up job	2026-10-07T13:42:27.6785439Z Version: 20260901.588
3 SAST (bandit)	Set up job	2026-10-07T13:42:27.6786103Z Commit: f88ec8081b781fac6c440065ac7ff9e710ce3d0b
3 SAST (bandit)	Set up job	2026-10-07T13:42:27.6786962Z Build Date: 2026-09-01T19:56:44Z
3 SAST (bandit)	Set up job	2026-10-07T13:42:27.6787702Z Worker ID: {05a8634b-84a9-4613-8a8e-0b2ddf688078}
3 SAST (bandit)	Set up job	2026-10-07T13:42:27.6788488Z Azure Region: westus2
3 SAST (bandit)	Set up job	2026-10-07T13:42:27.6789199Z ##[endgroup]
3 SAST (bandit)	Set up job	2026-10-07T13:42:27.6790928Z ##[group]Operating System
3 SAST (bandit)	Set up job	2026-10-07T13:42:27.6791682Z Ubuntu
3 SAST (bandit)	Set up job	2026-10-07T13:42:27.6792246Z 24.04.5
3 SAST (bandit)	Set up job	2026-10-07T13:42:27.6792807Z LTS
3 SAST (bandit)	Set up job	2026-10-07T13:42:27.6793389Z ##[endgroup]
3 SAST (bandit)	Set up job	2026-10-07T13:42:27.6793963Z ##[group]Runner Image
3 SAST (bandit)	Set up job	2026-10-07T13:42:27.6795381Z Image: ubuntu-24.04
3 SAST (bandit)	Set up job	2026-10-07T13:42:27.6796086Z Version: 20260927.320.1
3 SAST (bandit)	Set up job	2026-10-07T13:42:27.6797249Z Included Software: https://github.com/actions/runner-images/blob/ubuntu24/20260927.320/images/ubuntu/Ubuntu2404-Readme.md
3 SAST (bandit)	Set up job	2026-10-07T13:42:27.6799175Z Image Release: https://github.com/actions/runner-images/releases/tag/ubuntu24%2F20260927.320
3 SAST (bandit)	Set up job	2026-10-07T13:42:27.6800202Z ##[endgroup]
3 SAST (bandit)	Set up job	2026-10-07T13:42:27.6801632Z ##[group]GITHUB_TOKEN Permissions
3 SAST (bandit)	Set up job	2026-10-07T13:42:27.6803921Z Contents: read
3 SAST (bandit)	Set up job	2026-10-07T13:42:27.6804948Z Metadata: read
3 SAST (bandit)	Set up job	2026-10-07T13:42:27.6805587Z ##[endgroup]
3 SAST (bandit)	Set up job	2026-10-07T13:42:27.6807975Z Secret source: Actions
3 SAST (bandit)	Set up job	2026-10-07T13:42:27.6808951Z Cache mode: write
3 SAST (bandit)	Set up job	2026-10-07T13:42:27.6809734Z Prepare workflow directory
3 SAST (bandit)	Set up job	2026-10-07T13:42:27.7273184Z Prepare all required actions
3 SAST (bandit)	Set up job	2026-10-07T13:42:27.7323322Z Getting action download info
3 SAST (bandit)	Set up job	2026-10-07T13:42:28.1121994Z Download action repository 'actions/checkout@v4' (SHA:11d5960a326750d5838078e36cf38b85af677262)
3 SAST (bandit)	Set up job	2026-10-07T13:42:28.2291709Z Download action repository 'actions/setup-python@v5' (SHA:a26af69be951a213d495a4c3e4e4022e16d87065)
3 SAST (bandit)	Set up job	2026-10-07T13:42:28.3142090Z Download action repository 'actions/upload-artifact@v4' (SHA:ea165f8d65b6e75b540449e92b4886f43607fa02)
3 SAST (bandit)	Set up job	2026-10-07T13:42:28.5486302Z Complete job name: 3 SAST (bandit)
3 SAST (bandit)	Checkout code	﻿2026-10-07T13:42:28.6313231Z ##[group]Run actions/checkout@v4
3 SAST (bandit)	Checkout code	2026-10-07T13:42:28.6314224Z with:
3 SAST (bandit)	Checkout code	2026-10-07T13:42:28.6314972Z   repository: AmanYadav7015/devops-coursework
3 SAST (bandit)	Checkout code	2026-10-07T13:42:28.6319423Z   token: ***
3 SAST (bandit)	Checkout code	2026-10-07T13:42:28.6319880Z   ssh-strict: true
3 SAST (bandit)	Checkout code	2026-10-07T13:42:28.6320346Z   ssh-user: git
3 SAST (bandit)	Checkout code	2026-10-07T13:42:28.6320821Z   persist-credentials: true
3 SAST (bandit)	Checkout code	2026-10-07T13:42:28.6321353Z   clean: true
3 SAST (bandit)	Checkout code	2026-10-07T13:42:28.6321830Z   sparse-checkout-cone-mode: true
3 SAST (bandit)	Checkout code	2026-10-07T13:42:28.6322376Z   fetch-depth: 1
3 SAST (bandit)	Checkout code	2026-10-07T13:42:28.6322818Z   fetch-tags: false
3 SAST (bandit)	Checkout code	2026-10-07T13:42:28.6323279Z   show-progress: true
3 SAST (bandit)	Checkout code	2026-10-07T13:42:28.6323733Z   lfs: false
3 SAST (bandit)	Checkout code	2026-10-07T13:42:28.6324152Z   submodules: false
3 SAST (bandit)	Checkout code	2026-10-07T13:42:28.6324767Z   set-safe-directory: true
3 SAST (bandit)	Checkout code	2026-10-07T13:42:28.6325300Z   allow-unsafe-pr-checkout: false
3 SAST (bandit)	Checkout code	2026-10-07T13:42:28.6326099Z env:
3 SAST (bandit)	Checkout code	2026-10-07T13:42:28.6326558Z   APP_DIR: labs/17-devsecops
3 SAST (bandit)	Checkout code	2026-10-07T13:42:28.6327093Z   IMAGE_NAME: claim-check-api
3 SAST (bandit)	Checkout code	2026-10-07T13:42:28.6327635Z   TRIVY_VERSION: 0.75.0
3 SAST (bandit)	Checkout code	2026-10-07T13:42:28.6328159Z   GITLEAKS_VERSION: 8.30.1
3 SAST (bandit)	Checkout code	2026-10-07T13:42:28.6328650Z   PYTHON_VERSION: 3.13
3 SAST (bandit)	Checkout code	2026-10-07T13:42:28.6329113Z ##[endgroup]
3 SAST (bandit)	Checkout code	2026-10-07T13:42:28.7557618Z Syncing repository: AmanYadav7015/devops-coursework
3 SAST (bandit)	Checkout code	2026-10-07T13:42:28.7560463Z ##[group]Getting Git version info
3 SAST (bandit)	Checkout code	2026-10-07T13:42:28.7561813Z Working directory is '/home/runner/work/devops-coursework/devops-coursework'
3 SAST (bandit)	Checkout code	2026-10-07T13:42:28.7563882Z [command]/usr/bin/git version
3 SAST (bandit)	Checkout code	2026-10-07T13:42:28.7717845Z git version 2.55.0
3 SAST (bandit)	Checkout code	2026-10-07T13:42:28.7750718Z ##[endgroup]
3 SAST (bandit)	Checkout code	2026-10-07T13:42:28.7782026Z Temporarily overriding HOME='/home/runner/work/_temp/5fb604c5-2ebd-44a9-bd7d-7b19bef5bc34' before making global git config changes
3 SAST (bandit)	Checkout code	2026-10-07T13:42:28.7784969Z Adding repository directory to the temporary git global config as a safe directory
3 SAST (bandit)	Checkout code	2026-10-07T13:42:28.7792186Z [command]/usr/bin/git config --global --add safe.directory /home/runner/work/devops-coursework/devops-coursework
3 SAST (bandit)	Checkout code	2026-10-07T13:42:28.7873693Z Deleting the contents of '/home/runner/work/devops-coursework/devops-coursework'
3 SAST (bandit)	Checkout code	2026-10-07T13:42:28.7886114Z ##[group]Initializing the repository
3 SAST (bandit)	Checkout code	2026-10-07T13:42:28.7900794Z [command]/usr/bin/git init /home/runner/work/devops-coursework/devops-coursework
3 SAST (bandit)	Checkout code	2026-10-07T13:42:28.8039962Z hint: Using 'master' as the name for the initial branch. This default branch name
3 SAST (bandit)	Checkout code	2026-10-07T13:42:28.8042594Z hint: will change to "main" in Git 3.0. To configure the initial branch name
3 SAST (bandit)	Checkout code	2026-10-07T13:42:28.8046416Z hint: to use in all of your new repositories, which will suppress this warning,
3 SAST (bandit)	Checkout code	2026-10-07T13:42:28.8050673Z hint: call:
3 SAST (bandit)	Checkout code	2026-10-07T13:42:28.8051539Z hint:
3 SAST (bandit)	Checkout code	2026-10-07T13:42:28.8052541Z hint: 	git config --global init.defaultBranch <name>
3 SAST (bandit)	Checkout code	2026-10-07T13:42:28.8055714Z hint:
3 SAST (bandit)	Checkout code	2026-10-07T13:42:28.8056946Z hint: Names commonly chosen instead of 'master' are 'main', 'trunk' and
3 SAST (bandit)	Checkout code	2026-10-07T13:42:28.8058842Z hint: 'development'. The just-created branch can be renamed via this command:
3 SAST (bandit)	Checkout code	2026-10-07T13:42:28.8060320Z hint:
3 SAST (bandit)	Checkout code	2026-10-07T13:42:28.8061429Z hint: 	git branch -m <name>
3 SAST (bandit)	Checkout code	2026-10-07T13:42:28.8062440Z hint:
3 SAST (bandit)	Checkout code	2026-10-07T13:42:28.8063670Z hint: Disable this message with "git config set advice.defaultBranchName false"
3 SAST (bandit)	Checkout code	2026-10-07T13:42:28.8066064Z Initialized empty Git repository in /home/runner/work/devops-coursework/devops-coursework/.git/
3 SAST (bandit)	Checkout code	2026-10-07T13:42:28.8070347Z [command]/usr/bin/git remote add origin https://github.com/AmanYadav7015/devops-coursework
3 SAST (bandit)	Checkout code	2026-10-07T13:42:28.8132502Z ##[endgroup]
3 SAST (bandit)	Checkout code	2026-10-07T13:42:28.8134768Z ##[group]Disabling automatic garbage collection
3 SAST (bandit)	Checkout code	2026-10-07T13:42:28.8139313Z [command]/usr/bin/git config --local gc.auto 0
3 SAST (bandit)	Checkout code	2026-10-07T13:42:28.8181835Z ##[endgroup]
3 SAST (bandit)	Checkout code	2026-10-07T13:42:28.8183241Z ##[group]Setting up auth
3 SAST (bandit)	Checkout code	2026-10-07T13:42:28.8193237Z [command]/usr/bin/git config --local --name-only --get-regexp core\.sshCommand
3 SAST (bandit)	Checkout code	2026-10-07T13:42:28.8250546Z [command]/usr/bin/git submodule foreach --recursive sh -c "git config --local --name-only --get-regexp 'core\.sshCommand' && git config --local --unset-all 'core.sshCommand' || :"
3 SAST (bandit)	Checkout code	2026-10-07T13:42:28.8673876Z [command]/usr/bin/git config --local --name-only --get-regexp http\.https\:\/\/github\.com\/\.extraheader
3 SAST (bandit)	Checkout code	2026-10-07T13:42:28.8717593Z [command]/usr/bin/git submodule foreach --recursive sh -c "git config --local --name-only --get-regexp 'http\.https\:\/\/github\.com\/\.extraheader' && git config --local --unset-all 'http.https://github.com/.extraheader' || :"
3 SAST (bandit)	Checkout code	2026-10-07T13:42:28.8958794Z [command]/usr/bin/git config --local --name-only --get-regexp ^includeIf\.gitdir:
3 SAST (bandit)	Checkout code	2026-10-07T13:42:28.9002604Z [command]/usr/bin/git submodule foreach --recursive git config --local --show-origin --name-only --get-regexp remote.origin.url
3 SAST (bandit)	Checkout code	2026-10-07T13:42:28.9239955Z [command]/usr/bin/git config --local http.https://github.com/.extraheader AUTHORIZATION: basic ***
3 SAST (bandit)	Checkout code	2026-10-07T13:42:28.9284579Z ##[endgroup]
3 SAST (bandit)	Checkout code	2026-10-07T13:42:28.9285921Z ##[group]Fetching the repository
3 SAST (bandit)	Checkout code	2026-10-07T13:42:28.9295716Z [command]/usr/bin/git -c protocol.version=2 fetch --no-tags --prune --no-recurse-submodules --depth=1 origin +da35a33a980e016775f43c28f0ea7e242c140bcd:refs/remotes/origin/session-17-devsecops-ci
3 SAST (bandit)	Checkout code	2026-10-07T13:42:30.5614119Z From https://github.com/AmanYadav7015/devops-coursework
3 SAST (bandit)	Checkout code	2026-10-07T13:42:30.5617574Z  * [new ref]         da35a33a980e016775f43c28f0ea7e242c140bcd -> origin/session-17-devsecops-ci
3 SAST (bandit)	Checkout code	2026-10-07T13:42:30.5625080Z ##[endgroup]
3 SAST (bandit)	Checkout code	2026-10-07T13:42:30.5627049Z ##[group]Determining the checkout info
3 SAST (bandit)	Checkout code	2026-10-07T13:42:30.5628955Z ##[endgroup]
3 SAST (bandit)	Checkout code	2026-10-07T13:42:30.5633387Z [command]/usr/bin/git sparse-checkout disable
3 SAST (bandit)	Checkout code	2026-10-07T13:42:30.5701948Z [command]/usr/bin/git config --local --unset-all extensions.worktreeConfig
3 SAST (bandit)	Checkout code	2026-10-07T13:42:30.5755308Z ##[group]Checking out the ref
3 SAST (bandit)	Checkout code	2026-10-07T13:42:30.5760772Z [command]/usr/bin/git checkout --progress --force -B session-17-devsecops-ci refs/remotes/origin/session-17-devsecops-ci
3 SAST (bandit)	Checkout code	2026-10-07T13:42:30.6987941Z Switched to a new branch 'session-17-devsecops-ci'
3 SAST (bandit)	Checkout code	2026-10-07T13:42:30.6992319Z branch 'session-17-devsecops-ci' set up to track 'origin/session-17-devsecops-ci'.
3 SAST (bandit)	Checkout code	2026-10-07T13:42:30.7009552Z ##[endgroup]
3 SAST (bandit)	Checkout code	2026-10-07T13:42:30.7061551Z [command]/usr/bin/git log -1 --format=%H
3 SAST (bandit)	Checkout code	2026-10-07T13:42:30.7091511Z da35a33a980e016775f43c28f0ea7e242c140bcd
3 SAST (bandit)	Setup Python	﻿2026-10-07T13:42:30.7419539Z ##[group]Run actions/setup-python@v5
3 SAST (bandit)	Setup Python	2026-10-07T13:42:30.7420307Z with:
3 SAST (bandit)	Setup Python	2026-10-07T13:42:30.7420779Z   python-version: 3.13
3 SAST (bandit)	Setup Python	2026-10-07T13:42:30.7421310Z   check-latest: false
3 SAST (bandit)	Setup Python	2026-10-07T13:42:30.7426211Z   token: ***
3 SAST (bandit)	Setup Python	2026-10-07T13:42:30.7426904Z   update-environment: true
3 SAST (bandit)	Setup Python	2026-10-07T13:42:30.7427484Z   allow-prereleases: false
3 SAST (bandit)	Setup Python	2026-10-07T13:42:30.7428048Z   freethreaded: false
3 SAST (bandit)	Setup Python	2026-10-07T13:42:30.7428556Z env:
3 SAST (bandit)	Setup Python	2026-10-07T13:42:30.7429030Z   APP_DIR: labs/17-devsecops
3 SAST (bandit)	Setup Python	2026-10-07T13:42:30.7429618Z   IMAGE_NAME: claim-check-api
3 SAST (bandit)	Setup Python	2026-10-07T13:42:30.7430196Z   TRIVY_VERSION: 0.75.0
3 SAST (bandit)	Setup Python	2026-10-07T13:42:30.7430726Z   GITLEAKS_VERSION: 8.30.1
3 SAST (bandit)	Setup Python	2026-10-07T13:42:30.7431273Z   PYTHON_VERSION: 3.13
3 SAST (bandit)	Setup Python	2026-10-07T13:42:30.7431782Z ##[endgroup]
3 SAST (bandit)	Setup Python	2026-10-07T13:42:30.9038906Z ##[group]Installed versions
3 SAST (bandit)	Setup Python	2026-10-07T13:42:30.9146926Z (node:2275) [DEP0040] DeprecationWarning: The `punycode` module is deprecated. Please use a userland alternative instead.
3 SAST (bandit)	Setup Python	2026-10-07T13:42:30.9150362Z (Use `node --trace-deprecation ...` to show where the warning was created)
3 SAST (bandit)	Setup Python	2026-10-07T13:42:30.9153157Z Successfully set up CPython (3.13.15)
3 SAST (bandit)	Setup Python	2026-10-07T13:42:30.9157202Z ##[endgroup]
3 SAST (bandit)	Install bandit	﻿2026-10-07T13:42:30.9418619Z ##[group]Run pip install 'bandit[sarif]==1.9.4'
3 SAST (bandit)	Install bandit	2026-10-07T13:42:30.9420254Z [36;1mpip install 'bandit[sarif]==1.9.4'[0m
3 SAST (bandit)	Install bandit	2026-10-07T13:42:30.9879733Z shell: /usr/bin/bash --noprofile --norc -e -o pipefail {0}
3 SAST (bandit)	Install bandit	2026-10-07T13:42:30.9882042Z env:
3 SAST (bandit)	Install bandit	2026-10-07T13:42:30.9883293Z   APP_DIR: labs/17-devsecops
3 SAST (bandit)	Install bandit	2026-10-07T13:42:30.9884968Z   IMAGE_NAME: claim-check-api
3 SAST (bandit)	Install bandit	2026-10-07T13:42:30.9886379Z   TRIVY_VERSION: 0.75.0
3 SAST (bandit)	Install bandit	2026-10-07T13:42:30.9887674Z   GITLEAKS_VERSION: 8.30.1
3 SAST (bandit)	Install bandit	2026-10-07T13:42:30.9889039Z   PYTHON_VERSION: 3.13
3 SAST (bandit)	Install bandit	2026-10-07T13:42:30.9890638Z   pythonLocation: /opt/hostedtoolcache/Python/3.13.15/x64
3 SAST (bandit)	Install bandit	2026-10-07T13:42:30.9893166Z   PKG_CONFIG_PATH: /opt/hostedtoolcache/Python/3.13.15/x64/lib/pkgconfig
3 SAST (bandit)	Install bandit	2026-10-07T13:42:30.9895457Z   Python_ROOT_DIR: /opt/hostedtoolcache/Python/3.13.15/x64
3 SAST (bandit)	Install bandit	2026-10-07T13:42:30.9897323Z   Python2_ROOT_DIR: /opt/hostedtoolcache/Python/3.13.15/x64
3 SAST (bandit)	Install bandit	2026-10-07T13:42:30.9899193Z   Python3_ROOT_DIR: /opt/hostedtoolcache/Python/3.13.15/x64
3 SAST (bandit)	Install bandit	2026-10-07T13:42:30.9901065Z   LD_LIBRARY_PATH: /opt/hostedtoolcache/Python/3.13.15/x64/lib
3 SAST (bandit)	Install bandit	2026-10-07T13:42:30.9902790Z ##[endgroup]
3 SAST (bandit)	Install bandit	2026-10-07T13:42:34.2055660Z Collecting bandit==1.9.4 (from bandit[sarif]==1.9.4)
3 SAST (bandit)	Install bandit	2026-10-07T13:42:34.2650722Z   Downloading bandit-1.9.4-py3-none-any.whl.metadata (7.1 kB)
3 SAST (bandit)	Install bandit	2026-10-07T13:42:34.3195634Z Collecting PyYAML>=5.3.1 (from bandit==1.9.4->bandit[sarif]==1.9.4)
3 SAST (bandit)	Install bandit	2026-10-07T13:42:34.3268582Z   Downloading pyyaml-6.0.3-cp313-cp313-manylinux2014_x86_64.manylinux_2_17_x86_64.manylinux_2_28_x86_64.whl.metadata (2.4 kB)
3 SAST (bandit)	Install bandit	2026-10-07T13:42:34.3508674Z Collecting stevedore>=1.20.0 (from bandit==1.9.4->bandit[sarif]==1.9.4)
3 SAST (bandit)	Install bandit	2026-10-07T13:42:34.3591622Z   Downloading stevedore-5.9.1-py3-none-any.whl.metadata (2.3 kB)
3 SAST (bandit)	Install bandit	2026-10-07T13:42:34.3989516Z Collecting rich (from bandit==1.9.4->bandit[sarif]==1.9.4)
3 SAST (bandit)	Install bandit	2026-10-07T13:42:34.4064166Z   Downloading rich-15.0.0-py3-none-any.whl.metadata (18 kB)
3 SAST (bandit)	Install bandit	2026-10-07T13:42:34.4285446Z Collecting sarif-om>=1.0.4 (from bandit[sarif]==1.9.4)
3 SAST (bandit)	Install bandit	2026-10-07T13:42:34.4355009Z   Downloading sarif_om-1.0.4-py3-none-any.whl.metadata (3.2 kB)
3 SAST (bandit)	Install bandit	2026-10-07T13:42:34.4510863Z Collecting jschema-to-python>=1.2.3 (from bandit[sarif]==1.9.4)
3 SAST (bandit)	Install bandit	2026-10-07T13:42:34.4584027Z   Downloading jschema_to_python-1.2.3-py3-none-any.whl.metadata (3.1 kB)
3 SAST (bandit)	Install bandit	2026-10-07T13:42:34.4762545Z Collecting attrs (from jschema-to-python>=1.2.3->bandit[sarif]==1.9.4)
3 SAST (bandit)	Install bandit	2026-10-07T13:42:34.4832055Z   Downloading attrs-26.1.0-py3-none-any.whl.metadata (8.8 kB)
3 SAST (bandit)	Install bandit	2026-10-07T13:42:34.5041418Z Collecting jsonpickle (from jschema-to-python>=1.2.3->bandit[sarif]==1.9.4)
3 SAST (bandit)	Install bandit	2026-10-07T13:42:34.5112112Z   Downloading jsonpickle-4.1.3-py3-none-any.whl.metadata (8.1 kB)
3 SAST (bandit)	Install bandit	2026-10-07T13:42:34.5388509Z Collecting pbr (from jschema-to-python>=1.2.3->bandit[sarif]==1.9.4)
3 SAST (bandit)	Install bandit	2026-10-07T13:42:34.5459091Z   Downloading pbr-7.1.3-py2.py3-none-any.whl.metadata (4.1 kB)
3 SAST (bandit)	Install bandit	2026-10-07T13:42:34.6555539Z Collecting setuptools (from pbr->jschema-to-python>=1.2.3->bandit[sarif]==1.9.4)
3 SAST (bandit)	Install bandit	2026-10-07T13:42:34.6632578Z   Downloading setuptools-84.0.0-py3-none-any.whl.metadata (6.6 kB)
3 SAST (bandit)	Install bandit	2026-10-07T13:42:34.6857604Z Collecting markdown-it-py>=2.2.0 (from rich->bandit==1.9.4->bandit[sarif]==1.9.4)
3 SAST (bandit)	Install bandit	2026-10-07T13:42:34.6925089Z   Downloading markdown_it_py-4.2.0-py3-none-any.whl.metadata (7.4 kB)
3 SAST (bandit)	Install bandit	2026-10-07T13:42:34.7161771Z Collecting pygments<3.0.0,>=2.13.0 (from rich->bandit==1.9.4->bandit[sarif]==1.9.4)
3 SAST (bandit)	Install bandit	2026-10-07T13:42:34.7234568Z   Downloading pygments-2.21.0-py3-none-any.whl.metadata (2.5 kB)
3 SAST (bandit)	Install bandit	2026-10-07T13:42:34.7377408Z Collecting mdurl~=0.1 (from markdown-it-py>=2.2.0->rich->bandit==1.9.4->bandit[sarif]==1.9.4)
3 SAST (bandit)	Install bandit	2026-10-07T13:42:34.7444727Z   Downloading mdurl-0.1.2-py3-none-any.whl.metadata (1.6 kB)
3 SAST (bandit)	Install bandit	2026-10-07T13:42:34.7568508Z Downloading bandit-1.9.4-py3-none-any.whl (134 kB)
3 SAST (bandit)	Install bandit	2026-10-07T13:42:34.7794080Z Downloading jschema_to_python-1.2.3-py3-none-any.whl (10 kB)
3 SAST (bandit)	Install bandit	2026-10-07T13:42:34.7893160Z Downloading pyyaml-6.0.3-cp313-cp313-manylinux2014_x86_64.manylinux_2_17_x86_64.manylinux_2_28_x86_64.whl (801 kB)
3 SAST (bandit)	Install bandit	2026-10-07T13:42:34.8129854Z    ━━━━━━━━━━━━━━━━━━━━━━━━━━━━━━━━━━━━━━━━ 801.6/801.6 kB 42.6 MB/s  0:00:00
3 SAST (bandit)	Install bandit	2026-10-07T13:42:34.8208335Z Downloading sarif_om-1.0.4-py3-none-any.whl (30 kB)
3 SAST (bandit)	Install bandit	2026-10-07T13:42:34.8302686Z Downloading stevedore-5.9.1-py3-none-any.whl (54 kB)
3 SAST (bandit)	Install bandit	2026-10-07T13:42:34.8402803Z Downloading attrs-26.1.0-py3-none-any.whl (67 kB)
3 SAST (bandit)	Install bandit	2026-10-07T13:42:34.8504167Z Downloading jsonpickle-4.1.3-py3-none-any.whl (49 kB)
3 SAST (bandit)	Install bandit	2026-10-07T13:42:34.8613151Z Downloading pbr-7.1.3-py2.py3-none-any.whl (136 kB)
3 SAST (bandit)	Install bandit	2026-10-07T13:42:34.8715277Z Downloading rich-15.0.0-py3-none-any.whl (310 kB)
3 SAST (bandit)	Install bandit	2026-10-07T13:42:34.8851962Z Downloading pygments-2.21.0-py3-none-any.whl (1.3 MB)
3 SAST (bandit)	Install bandit	2026-10-07T13:42:34.8994970Z    ━━━━━━━━━━━━━━━━━━━━━━━━━━━━━━━━━━━━━━━━ 1.3/1.3 MB 82.4 MB/s  0:00:00
3 SAST (bandit)	Install bandit	2026-10-07T13:42:34.9063321Z Downloading markdown_it_py-4.2.0-py3-none-any.whl (91 kB)
3 SAST (bandit)	Install bandit	2026-10-07T13:42:34.9154536Z Downloading mdurl-0.1.2-py3-none-any.whl (10.0 kB)
3 SAST (bandit)	Install bandit	2026-10-07T13:42:34.9245806Z Downloading setuptools-84.0.0-py3-none-any.whl (818 kB)
3 SAST (bandit)	Install bandit	2026-10-07T13:42:34.9296355Z    ━━━━━━━━━━━━━━━━━━━━━━━━━━━━━━━━━━━━━━━━ 818.2/818.2 kB 168.7 MB/s  0:00:00
3 SAST (bandit)	Install bandit	2026-10-07T13:42:35.1658766Z Installing collected packages: stevedore, setuptools, PyYAML, pygments, mdurl, jsonpickle, attrs, pbr, markdown-it-py, sarif-om, rich, jschema-to-python, bandit
3 SAST (bandit)	Install bandit	2026-10-07T13:42:37.3393347Z 
3 SAST (bandit)	Install bandit	2026-10-07T13:42:37.3427551Z Successfully installed PyYAML-6.0.3 attrs-26.1.0 bandit-1.9.4 jschema-to-python-1.2.3 jsonpickle-4.1.3 markdown-it-py-4.2.0 mdurl-0.1.2 pbr-7.1.3 pygments-2.21.0 rich-15.0.0 sarif-om-1.0.4 setuptools-84.0.0 stevedore-5.9.1
3 SAST (bandit)	Report every finding	﻿2026-10-07T13:42:37.5404062Z ##[group]Run mkdir -p reports
3 SAST (bandit)	Report every finding	2026-10-07T13:42:37.5404944Z [36;1mmkdir -p reports[0m
3 SAST (bandit)	Report every finding	2026-10-07T13:42:37.5405674Z [36;1mbandit -c security/bandit.yaml -r app -f screen --exit-zero | tee reports/bandit-screen.txt[0m
3 SAST (bandit)	Report every finding	2026-10-07T13:42:37.5406504Z [36;1mbandit -c security/bandit.yaml -r app -f json --exit-zero -o reports/bandit.json[0m
3 SAST (bandit)	Report every finding	2026-10-07T13:42:37.5407200Z [36;1mbandit -c security/bandit.yaml -r app -f sarif --exit-zero -o reports/bandit.sarif[0m
3 SAST (bandit)	Report every finding	2026-10-07T13:42:37.5484899Z shell: /usr/bin/bash --noprofile --norc -e -o pipefail {0}
3 SAST (bandit)	Report every finding	2026-10-07T13:42:37.5485385Z env:
3 SAST (bandit)	Report every finding	2026-10-07T13:42:37.5485664Z   APP_DIR: labs/17-devsecops
3 SAST (bandit)	Report every finding	2026-10-07T13:42:37.5486000Z   IMAGE_NAME: claim-check-api
3 SAST (bandit)	Report every finding	2026-10-07T13:42:37.5486320Z   TRIVY_VERSION: 0.75.0
3 SAST (bandit)	Report every finding	2026-10-07T13:42:37.5486616Z   GITLEAKS_VERSION: 8.30.1
3 SAST (bandit)	Report every finding	2026-10-07T13:42:37.5486914Z   PYTHON_VERSION: 3.13
3 SAST (bandit)	Report every finding	2026-10-07T13:42:37.5487301Z   pythonLocation: /opt/hostedtoolcache/Python/3.13.15/x64
3 SAST (bandit)	Report every finding	2026-10-07T13:42:37.5487892Z   PKG_CONFIG_PATH: /opt/hostedtoolcache/Python/3.13.15/x64/lib/pkgconfig
3 SAST (bandit)	Report every finding	2026-10-07T13:42:37.5488564Z   Python_ROOT_DIR: /opt/hostedtoolcache/Python/3.13.15/x64
3 SAST (bandit)	Report every finding	2026-10-07T13:42:37.5489310Z   Python2_ROOT_DIR: /opt/hostedtoolcache/Python/3.13.15/x64
3 SAST (bandit)	Report every finding	2026-10-07T13:42:37.5489836Z   Python3_ROOT_DIR: /opt/hostedtoolcache/Python/3.13.15/x64
3 SAST (bandit)	Report every finding	2026-10-07T13:42:37.5490383Z   LD_LIBRARY_PATH: /opt/hostedtoolcache/Python/3.13.15/x64/lib
3 SAST (bandit)	Report every finding	2026-10-07T13:42:37.5490824Z ##[endgroup]
3 SAST (bandit)	Report every finding	2026-10-07T13:42:38.3963602Z [main]	INFO	profile include tests: None
3 SAST (bandit)	Report every finding	2026-10-07T13:42:38.3965176Z [main]	INFO	profile exclude tests: None
3 SAST (bandit)	Report every finding	2026-10-07T13:42:38.3965780Z [main]	INFO	cli include tests: None
3 SAST (bandit)	Report every finding	2026-10-07T13:42:38.3966343Z [main]	INFO	cli exclude tests: None
3 SAST (bandit)	Report every finding	2026-10-07T13:42:38.3966911Z [main]	INFO	using config: security/bandit.yaml
3 SAST (bandit)	Report every finding	2026-10-07T13:42:38.3967555Z [main]	INFO	running on Python 3.13.15
3 SAST (bandit)	Report every finding	2026-10-07T13:42:38.4235222Z [95mRun started:2026-10-07 13:42:38.422783+00:00[0m
3 SAST (bandit)	Report every finding	2026-10-07T13:42:38.4235864Z [95m
3 SAST (bandit)	Report every finding	2026-10-07T13:42:38.4236203Z Test results:[0m
3 SAST (bandit)	Report every finding	2026-10-07T13:42:38.4236961Z [91m>> Issue: [B324:hashlib] Use of weak MD5 hash for security. Consider usedforsecurity=False
3 SAST (bandit)	Report every finding	2026-10-07T13:42:38.4237707Z    Severity: High   Confidence: High
3 SAST (bandit)	Report every finding	2026-10-07T13:42:38.4238282Z    CWE: CWE-327 (https://cwe.mitre.org/data/definitions/327.html)
3 SAST (bandit)	Report every finding	2026-10-07T13:42:38.4239027Z    More Info: https://bandit.readthedocs.io/en/1.9.4/plugins/b324_hashlib.html
3 SAST (bandit)	Report every finding	2026-10-07T13:42:38.4239749Z    Location: app/claims.py:96:13[0m
3 SAST (bandit)	Report every finding	2026-10-07T13:42:38.4240142Z 95	    )
3 SAST (bandit)	Report every finding	2026-10-07T13:42:38.4240577Z 96	    digest = hashlib.md5((salt + payload).encode("utf-8")).hexdigest()
3 SAST (bandit)	Report every finding	2026-10-07T13:42:38.4241159Z 97	    return digest[:32]
3 SAST (bandit)	Report every finding	2026-10-07T13:42:38.4241395Z 
3 SAST (bandit)	Report every finding	2026-10-07T13:42:38.4241566Z --------------------------------------------------
3 SAST (bandit)	Report every finding	2026-10-07T13:42:38.4242608Z [94m>> Issue: [B311:blacklist] Standard pseudo-random generators are not suitable for security/cryptographic purposes.
3 SAST (bandit)	Report every finding	2026-10-07T13:42:38.4243459Z    Severity: Low   Confidence: High
3 SAST (bandit)	Report every finding	2026-10-07T13:42:38.4243976Z    CWE: CWE-330 (https://cwe.mitre.org/data/definitions/330.html)
3 SAST (bandit)	Report every finding	2026-10-07T13:42:38.4245098Z    More Info: https://bandit.readthedocs.io/en/1.9.4/blacklists/blacklist_calls.html#b311-random
3 SAST (bandit)	Report every finding	2026-10-07T13:42:38.4245914Z    Location: app/claims.py:104:28[0m
3 SAST (bandit)	Report every finding	2026-10-07T13:42:38.4246314Z 103	def issue_reference():
3 SAST (bandit)	Report every finding	2026-10-07T13:42:38.4246871Z 104	    return "CLM-" + "".join(random.choice(REFERENCE_ALPHABET) for _ in range(16))
3 SAST (bandit)	Report every finding	2026-10-07T13:42:38.4247451Z 105	
3 SAST (bandit)	Report every finding	2026-10-07T13:42:38.4247603Z 
3 SAST (bandit)	Report every finding	2026-10-07T13:42:38.4247767Z --------------------------------------------------
3 SAST (bandit)	Report every finding	2026-10-07T13:42:38.4248757Z [94m>> Issue: [B404:blacklist] Consider possible security implications associated with the subprocess module.
3 SAST (bandit)	Report every finding	2026-10-07T13:42:38.4249535Z    Severity: Low   Confidence: High
3 SAST (bandit)	Report every finding	2026-10-07T13:42:38.4250038Z    CWE: CWE-78 (https://cwe.mitre.org/data/definitions/78.html)
3 SAST (bandit)	Report every finding	2026-10-07T13:42:38.4250909Z    More Info: https://bandit.readthedocs.io/en/1.9.4/blacklists/blacklist_imports.html#b404-import-subprocess
3 SAST (bandit)	Report every finding	2026-10-07T13:42:38.4251750Z    Location: app/server.py:2:0[0m
3 SAST (bandit)	Report every finding	2026-10-07T13:42:38.4252510Z 1	import os
3 SAST (bandit)	Report every finding	2026-10-07T13:42:38.4252820Z 2	import subprocess
3 SAST (bandit)	Report every finding	2026-10-07T13:42:38.4253135Z 3	
3 SAST (bandit)	Report every finding	2026-10-07T13:42:38.4253300Z 
3 SAST (bandit)	Report every finding	2026-10-07T13:42:38.4253455Z --------------------------------------------------
3 SAST (bandit)	Report every finding	2026-10-07T13:42:38.4254607Z [94m>> Issue: [B105:hardcoded_password_string] Possible hardcoded password: 'claim-check-default-salt'
3 SAST (bandit)	Report every finding	2026-10-07T13:42:38.4255398Z    Severity: Low   Confidence: Medium
3 SAST (bandit)	Report every finding	2026-10-07T13:42:38.4255935Z    CWE: CWE-259 (https://cwe.mitre.org/data/definitions/259.html)
3 SAST (bandit)	Report every finding	2026-10-07T13:42:38.4256721Z    More Info: https://bandit.readthedocs.io/en/1.9.4/plugins/b105_hardcoded_password_string.html
3 SAST (bandit)	Report every finding	2026-10-07T13:42:38.4257506Z    Location: app/server.py:22:17[0m
3 SAST (bandit)	Report every finding	2026-10-07T13:42:38.4258001Z 21	GIT_COMMIT = os.environ.get("GIT_COMMIT", "unknown")
3 SAST (bandit)	Report every finding	2026-10-07T13:42:38.4258536Z 22	FALLBACK_TOKEN = "claim-check-default-salt"
3 SAST (bandit)	Report every finding	2026-10-07T13:42:38.4259118Z 23	TOKEN_SALT = os.environ.get("CLAIM_TOKEN_SALT", FALLBACK_TOKEN)
3 SAST (bandit)	Report every finding	2026-10-07T13:42:38.4259540Z 
3 SAST (bandit)	Report every finding	2026-10-07T13:42:38.4259728Z --------------------------------------------------
3 SAST (bandit)	Report every finding	2026-10-07T13:42:38.4260992Z [93m>> Issue: [B506:yaml_load] Use of unsafe yaml load. Allows instantiation of arbitrary objects. Consider yaml.safe_load().
3 SAST (bandit)	Report every finding	2026-10-07T13:42:38.4261849Z    Severity: Medium   Confidence: High
3 SAST (bandit)	Report every finding	2026-10-07T13:42:38.4262380Z    CWE: CWE-20 (https://cwe.mitre.org/data/definitions/20.html)
3 SAST (bandit)	Report every finding	2026-10-07T13:42:38.4263092Z    More Info: https://bandit.readthedocs.io/en/1.9.4/plugins/b506_yaml_load.html
3 SAST (bandit)	Report every finding	2026-10-07T13:42:38.4263796Z    Location: app/server.py:87:17[0m
3 SAST (bandit)	Report every finding	2026-10-07T13:42:38.4264190Z 86	    try:
3 SAST (bandit)	Report every finding	2026-10-07T13:42:38.4264759Z 87	        parsed = yaml.load(document, Loader=yaml.Loader)
3 SAST (bandit)	Report every finding	2026-10-07T13:42:38.4265275Z 88	    except yaml.YAMLError as exc:
3 SAST (bandit)	Report every finding	2026-10-07T13:42:38.4265536Z 
3 SAST (bandit)	Report every finding	2026-10-07T13:42:38.4265709Z --------------------------------------------------
3 SAST (bandit)	Report every finding	2026-10-07T13:42:38.4266579Z [93m>> Issue: [B307:blacklist] Use of possibly insecure function - consider using safer ast.literal_eval.
3 SAST (bandit)	Report every finding	2026-10-07T13:42:38.4267343Z    Severity: Medium   Confidence: High
3 SAST (bandit)	Report every finding	2026-10-07T13:42:38.4267860Z    CWE: CWE-78 (https://cwe.mitre.org/data/definitions/78.html)
3 SAST (bandit)	Report every finding	2026-10-07T13:42:38.4268634Z    More Info: https://bandit.readthedocs.io/en/1.9.4/blacklists/blacklist_calls.html#b307-eval
3 SAST (bandit)	Report every finding	2026-10-07T13:42:38.4269403Z    Location: app/server.py:99:59[0m
3 SAST (bandit)	Report every finding	2026-10-07T13:42:38.4269781Z 98	    try:
3 SAST (bandit)	Report every finding	2026-10-07T13:42:38.4270239Z 99	        return jsonify({"expression": expression, "value": eval(expression)})
3 SAST (bandit)	Report every finding	2026-10-07T13:42:38.4270837Z 100	    except Exception:
3 SAST (bandit)	Report every finding	2026-10-07T13:42:38.4271047Z 
3 SAST (bandit)	Report every finding	2026-10-07T13:42:38.4271208Z --------------------------------------------------
3 SAST (bandit)	Report every finding	2026-10-07T13:42:38.4271836Z [94m>> Issue: [B110:try_except_pass] Try, Except, Pass detected.
3 SAST (bandit)	Report every finding	2026-10-07T13:42:38.4272351Z    Severity: Low   Confidence: High
3 SAST (bandit)	Report every finding	2026-10-07T13:42:38.4272890Z    CWE: CWE-703 (https://cwe.mitre.org/data/definitions/703.html)
3 SAST (bandit)	Report every finding	2026-10-07T13:42:38.4273805Z    More Info: https://bandit.readthedocs.io/en/1.9.4/plugins/b110_try_except_pass.html
3 SAST (bandit)	Report every finding	2026-10-07T13:42:38.4274760Z    Location: app/server.py:100:4[0m
3 SAST (bandit)	Report every finding	2026-10-07T13:42:38.4275312Z 99	        return jsonify({"expression": expression, "value": eval(expression)})
3 SAST (bandit)	Report every finding	2026-10-07T13:42:38.4275894Z 100	    except Exception:
3 SAST (bandit)	Report every finding	2026-10-07T13:42:38.4276244Z 101	        pass
3 SAST (bandit)	Report every finding	2026-10-07T13:42:38.4276711Z 102	    return jsonify({"error": "could not evaluate the expression"}), 400
3 SAST (bandit)	Report every finding	2026-10-07T13:42:38.4277149Z 
3 SAST (bandit)	Report every finding	2026-10-07T13:42:38.4277309Z --------------------------------------------------
3 SAST (bandit)	Report every finding	2026-10-07T13:42:38.4278260Z [91m>> Issue: [B602:subprocess_popen_with_shell_equals_true] subprocess call with shell=True identified, security issue.
3 SAST (bandit)	Report every finding	2026-10-07T13:42:38.4279086Z    Severity: High   Confidence: High
3 SAST (bandit)	Report every finding	2026-10-07T13:42:38.4279607Z    CWE: CWE-78 (https://cwe.mitre.org/data/definitions/78.html)
3 SAST (bandit)	Report every finding	2026-10-07T13:42:38.4280451Z    More Info: https://bandit.readthedocs.io/en/1.9.4/plugins/b602_subprocess_popen_with_shell_equals_true.html
3 SAST (bandit)	Report every finding	2026-10-07T13:42:38.4281289Z    Location: app/server.py:108:13[0m
3 SAST (bandit)	Report every finding	2026-10-07T13:42:38.4282031Z 107	    host = request.args.get("host", "localhost")
3 SAST (bandit)	Report every finding	2026-10-07T13:42:38.4282662Z 108	    output = subprocess.check_output("getent hosts " + host, shell=True)
3 SAST (bandit)	Report every finding	2026-10-07T13:42:38.4283429Z 109	    return jsonify({"host": host, "resolved": output.decode("utf-8").strip()})
3 SAST (bandit)	Report every finding	2026-10-07T13:42:38.4283962Z 
3 SAST (bandit)	Report every finding	2026-10-07T13:42:38.4284122Z --------------------------------------------------
3 SAST (bandit)	Report every finding	2026-10-07T13:42:38.4285437Z [91m>> Issue: [B501:request_with_no_cert_validation] Call to requests with verify=False disabling SSL certificate checks, security issue.
3 SAST (bandit)	Report every finding	2026-10-07T13:42:38.4286358Z    Severity: High   Confidence: High
3 SAST (bandit)	Report every finding	2026-10-07T13:42:38.4286868Z    CWE: CWE-295 (https://cwe.mitre.org/data/definitions/295.html)
3 SAST (bandit)	Report every finding	2026-10-07T13:42:38.4287663Z    More Info: https://bandit.readthedocs.io/en/1.9.4/plugins/b501_request_with_no_cert_validation.html
3 SAST (bandit)	Report every finding	2026-10-07T13:42:38.4288456Z    Location: app/server.py:116:15[0m
3 SAST (bandit)	Report every finding	2026-10-07T13:42:38.4289067Z 115	        return jsonify({"error": "no upstream rate service configured"}), 503
3 SAST (bandit)	Report every finding	2026-10-07T13:42:38.4289749Z 116	    upstream = requests.get(FX_ENDPOINT, verify=False)
3 SAST (bandit)	Report every finding	2026-10-07T13:42:38.4290683Z 117	    return jsonify({"source": FX_ENDPOINT, "rate": upstream.json()})
3 SAST (bandit)	Report every finding	2026-10-07T13:42:38.4291115Z 
3 SAST (bandit)	Report every finding	2026-10-07T13:42:38.4291291Z --------------------------------------------------
3 SAST (bandit)	Report every finding	2026-10-07T13:42:38.4292000Z [93m>> Issue: [B113:request_without_timeout] Call to requests without timeout
3 SAST (bandit)	Report every finding	2026-10-07T13:42:38.4292608Z    Severity: Medium   Confidence: Low
3 SAST (bandit)	Report every finding	2026-10-07T13:42:38.4293114Z    CWE: CWE-400 (https://cwe.mitre.org/data/definitions/400.html)
3 SAST (bandit)	Report every finding	2026-10-07T13:42:38.4293896Z    More Info: https://bandit.readthedocs.io/en/1.9.4/plugins/b113_request_without_timeout.html
3 SAST (bandit)	Report every finding	2026-10-07T13:42:38.4294894Z    Location: app/server.py:116:15[0m
3 SAST (bandit)	Report every finding	2026-10-07T13:42:38.4295477Z 115	        return jsonify({"error": "no upstream rate service configured"}), 503
3 SAST (bandit)	Report every finding	2026-10-07T13:42:38.4296130Z 116	    upstream = requests.get(FX_ENDPOINT, verify=False)
3 SAST (bandit)	Report every finding	2026-10-07T13:42:38.4296750Z 117	    return jsonify({"source": FX_ENDPOINT, "rate": upstream.json()})
3 SAST (bandit)	Report every finding	2026-10-07T13:42:38.4297198Z 
3 SAST (bandit)	Report every finding	2026-10-07T13:42:38.4297371Z --------------------------------------------------
3 SAST (bandit)	Report every finding	2026-10-07T13:42:38.4298564Z [91m>> Issue: [B201:flask_debug_true] A Flask app appears to be run with debug=True, which exposes the Werkzeug debugger and allows the execution of arbitrary code.
3 SAST (bandit)	Report every finding	2026-10-07T13:42:38.4299585Z    Severity: High   Confidence: Medium
3 SAST (bandit)	Report every finding	2026-10-07T13:42:38.4300101Z    CWE: CWE-94 (https://cwe.mitre.org/data/definitions/94.html)
3 SAST (bandit)	Report every finding	2026-10-07T13:42:38.4300823Z    More Info: https://bandit.readthedocs.io/en/1.9.4/plugins/b201_flask_debug_true.html
3 SAST (bandit)	Report every finding	2026-10-07T13:42:38.4301542Z    Location: app/server.py:121:4[0m
3 SAST (bandit)	Report every finding	2026-10-07T13:42:38.4301935Z 120	if __name__ == "__main__":
3 SAST (bandit)	Report every finding	2026-10-07T13:42:38.4302483Z 121	    app.run(host="0.0.0.0", port=int(os.environ.get("PORT", "5017")), debug=True)
3 SAST (bandit)	Report every finding	2026-10-07T13:42:38.4302936Z 
3 SAST (bandit)	Report every finding	2026-10-07T13:42:38.4303104Z --------------------------------------------------
3 SAST (bandit)	Report every finding	2026-10-07T13:42:38.4303845Z [93m>> Issue: [B104:hardcoded_bind_all_interfaces] Possible binding to all interfaces.
3 SAST (bandit)	Report every finding	2026-10-07T13:42:38.4304697Z    Severity: Medium   Confidence: Medium
3 SAST (bandit)	Report every finding	2026-10-07T13:42:38.4305223Z    CWE: CWE-605 (https://cwe.mitre.org/data/definitions/605.html)
3 SAST (bandit)	Report every finding	2026-10-07T13:42:38.4306051Z    More Info: https://bandit.readthedocs.io/en/1.9.4/plugins/b104_hardcoded_bind_all_interfaces.html
3 SAST (bandit)	Report every finding	2026-10-07T13:42:38.4306868Z    Location: app/server.py:121:17[0m
3 SAST (bandit)	Report every finding	2026-10-07T13:42:38.4307267Z 120	if __name__ == "__main__":
3 SAST (bandit)	Report every finding	2026-10-07T13:42:38.4307810Z 121	    app.run(host="0.0.0.0", port=int(os.environ.get("PORT", "5017")), debug=True)
3 SAST (bandit)	Report every finding	2026-10-07T13:42:38.4308270Z 
3 SAST (bandit)	Report every finding	2026-10-07T13:42:38.4308435Z --------------------------------------------------
3 SAST (bandit)	Report every finding	2026-10-07T13:42:38.4308868Z [95m
3 SAST (bandit)	Report every finding	2026-10-07T13:42:38.4309164Z Code scanned:[0m
3 SAST (bandit)	Report every finding	2026-10-07T13:42:38.4309479Z 	Total lines of code: 186
3 SAST (bandit)	Report every finding	2026-10-07T13:42:38.4309842Z 	Total lines skipped (#nosec): 0
3 SAST (bandit)	Report every finding	2026-10-07T13:42:38.4310227Z [95m
3 SAST (bandit)	Report every finding	2026-10-07T13:42:38.4310531Z Run metrics:[0m
3 SAST (bandit)	Report every finding	2026-10-07T13:42:38.4311053Z 	Total issues (by severity):
3 SAST (bandit)	Report every finding	2026-10-07T13:42:38.4311405Z 		Undefined: 0
3 SAST (bandit)	Report every finding	2026-10-07T13:42:38.4311688Z 		Low: 4
3 SAST (bandit)	Report every finding	2026-10-07T13:42:38.4311975Z 		Medium: 4
3 SAST (bandit)	Report every finding	2026-10-07T13:42:38.4312249Z 		High: 4
3 SAST (bandit)	Report every finding	2026-10-07T13:42:38.4312544Z 	Total issues (by confidence):
3 SAST (bandit)	Report every finding	2026-10-07T13:42:38.4312912Z 		Undefined: 0
3 SAST (bandit)	Report every finding	2026-10-07T13:42:38.4313202Z 		Low: 1
3 SAST (bandit)	Report every finding	2026-10-07T13:42:38.4313475Z 		Medium: 3
3 SAST (bandit)	Report every finding	2026-10-07T13:42:38.4313751Z 		High: 8
3 SAST (bandit)	Report every finding	2026-10-07T13:42:38.4314112Z [95mFiles skipped (0):[0m
3 SAST (bandit)	Report every finding	2026-10-07T13:42:38.6570102Z [main]	INFO	profile include tests: None
3 SAST (bandit)	Report every finding	2026-10-07T13:42:38.6570927Z [main]	INFO	profile exclude tests: None
3 SAST (bandit)	Report every finding	2026-10-07T13:42:38.6571602Z [main]	INFO	cli include tests: None
3 SAST (bandit)	Report every finding	2026-10-07T13:42:38.6572265Z [main]	INFO	cli exclude tests: None
3 SAST (bandit)	Report every finding	2026-10-07T13:42:38.6832973Z [json]	INFO	JSON output written to file: reports/bandit.json
3 SAST (bandit)	Report every finding	2026-10-07T13:42:38.9104072Z [main]	INFO	profile include tests: None
3 SAST (bandit)	Report every finding	2026-10-07T13:42:38.9105153Z [main]	INFO	profile exclude tests: None
3 SAST (bandit)	Report every finding	2026-10-07T13:42:38.9105743Z [main]	INFO	cli include tests: None
3 SAST (bandit)	Report every finding	2026-10-07T13:42:38.9106347Z [main]	INFO	cli exclude tests: None
3 SAST (bandit)	Report every finding	2026-10-07T13:42:38.9107415Z [main]	INFO	using config: security/bandit.yaml
3 SAST (bandit)	Report every finding	2026-10-07T13:42:38.9108061Z [main]	INFO	running on Python 3.13.15
3 SAST (bandit)	Report every finding	2026-10-07T13:42:38.9448320Z [sarif]	INFO	SARIF output written to file: reports/bandit.sarif
3 SAST (bandit)	Enforce the SAST policy	﻿2026-10-07T13:42:38.9779765Z ##[group]Run echo "policy: any finding of MEDIUM severity or above blocks the pipeline"
3 SAST (bandit)	Enforce the SAST policy	2026-10-07T13:42:38.9780618Z [36;1mecho "policy: any finding of MEDIUM severity or above blocks the pipeline"[0m
3 SAST (bandit)	Enforce the SAST policy	2026-10-07T13:42:38.9781285Z [36;1mbandit -c security/bandit.yaml -r app -ll -q -f screen[0m
3 SAST (bandit)	Enforce the SAST policy	2026-10-07T13:42:38.9781767Z [36;1mecho "SAST policy satisfied"[0m
3 SAST (bandit)	Enforce the SAST policy	2026-10-07T13:42:38.9849786Z shell: /usr/bin/bash --noprofile --norc -e -o pipefail {0}
3 SAST (bandit)	Enforce the SAST policy	2026-10-07T13:42:38.9850303Z env:
3 SAST (bandit)	Enforce the SAST policy	2026-10-07T13:42:38.9850582Z   APP_DIR: labs/17-devsecops
3 SAST (bandit)	Enforce the SAST policy	2026-10-07T13:42:38.9850939Z   IMAGE_NAME: claim-check-api
3 SAST (bandit)	Enforce the SAST policy	2026-10-07T13:42:38.9851285Z   TRIVY_VERSION: 0.75.0
3 SAST (bandit)	Enforce the SAST policy	2026-10-07T13:42:38.9851602Z   GITLEAKS_VERSION: 8.30.1
3 SAST (bandit)	Enforce the SAST policy	2026-10-07T13:42:38.9851943Z   PYTHON_VERSION: 3.13
3 SAST (bandit)	Enforce the SAST policy	2026-10-07T13:42:38.9852345Z   pythonLocation: /opt/hostedtoolcache/Python/3.13.15/x64
3 SAST (bandit)	Enforce the SAST policy	2026-10-07T13:42:38.9852973Z   PKG_CONFIG_PATH: /opt/hostedtoolcache/Python/3.13.15/x64/lib/pkgconfig
3 SAST (bandit)	Enforce the SAST policy	2026-10-07T13:42:38.9853596Z   Python_ROOT_DIR: /opt/hostedtoolcache/Python/3.13.15/x64
3 SAST (bandit)	Enforce the SAST policy	2026-10-07T13:42:38.9854224Z   Python2_ROOT_DIR: /opt/hostedtoolcache/Python/3.13.15/x64
3 SAST (bandit)	Enforce the SAST policy	2026-10-07T13:42:38.9854971Z   Python3_ROOT_DIR: /opt/hostedtoolcache/Python/3.13.15/x64
3 SAST (bandit)	Enforce the SAST policy	2026-10-07T13:42:38.9855540Z   LD_LIBRARY_PATH: /opt/hostedtoolcache/Python/3.13.15/x64/lib
3 SAST (bandit)	Enforce the SAST policy	2026-10-07T13:42:38.9856017Z ##[endgroup]
3 SAST (bandit)	Enforce the SAST policy	2026-10-07T13:42:38.9941081Z policy: any finding of MEDIUM severity or above blocks the pipeline
3 SAST (bandit)	Enforce the SAST policy	2026-10-07T13:42:39.2158431Z [95mRun started:2026-10-07 13:42:39.215185+00:00[0m
3 SAST (bandit)	Enforce the SAST policy	2026-10-07T13:42:39.2159104Z [95m
3 SAST (bandit)	Enforce the SAST policy	2026-10-07T13:42:39.2159442Z Test results:[0m
3 SAST (bandit)	Enforce the SAST policy	2026-10-07T13:42:39.2160182Z [91m>> Issue: [B324:hashlib] Use of weak MD5 hash for security. Consider usedforsecurity=False
3 SAST (bandit)	Enforce the SAST policy	2026-10-07T13:42:39.2160938Z    Severity: High   Confidence: High
3 SAST (bandit)	Enforce the SAST policy	2026-10-07T13:42:39.2161492Z    CWE: CWE-327 (https://cwe.mitre.org/data/definitions/327.html)
3 SAST (bandit)	Enforce the SAST policy	2026-10-07T13:42:39.2162237Z    More Info: https://bandit.readthedocs.io/en/1.9.4/plugins/b324_hashlib.html
3 SAST (bandit)	Enforce the SAST policy	2026-10-07T13:42:39.2163028Z    Location: app/claims.py:96:13[0m
3 SAST (bandit)	Enforce the SAST policy	2026-10-07T13:42:39.2163445Z 95	    )
3 SAST (bandit)	Enforce the SAST policy	2026-10-07T13:42:39.2163867Z 96	    digest = hashlib.md5((salt + payload).encode("utf-8")).hexdigest()
3 SAST (bandit)	Enforce the SAST policy	2026-10-07T13:42:39.2164684Z 97	    return digest[:32]
3 SAST (bandit)	Enforce the SAST policy	2026-10-07T13:42:39.2164931Z 
3 SAST (bandit)	Enforce the SAST policy	2026-10-07T13:42:39.2165103Z --------------------------------------------------
3 SAST (bandit)	Enforce the SAST policy	2026-10-07T13:42:39.2166135Z [93m>> Issue: [B506:yaml_load] Use of unsafe yaml load. Allows instantiation of arbitrary objects. Consider yaml.safe_load().
3 SAST (bandit)	Enforce the SAST policy	2026-10-07T13:42:39.2166987Z    Severity: Medium   Confidence: High
3 SAST (bandit)	Enforce the SAST policy	2026-10-07T13:42:39.2167506Z    CWE: CWE-20 (https://cwe.mitre.org/data/definitions/20.html)
3 SAST (bandit)	Enforce the SAST policy	2026-10-07T13:42:39.2168236Z    More Info: https://bandit.readthedocs.io/en/1.9.4/plugins/b506_yaml_load.html
3 SAST (bandit)	Enforce the SAST policy	2026-10-07T13:42:39.2168906Z    Location: app/server.py:87:17[0m
3 SAST (bandit)	Enforce the SAST policy	2026-10-07T13:42:39.2169272Z 86	    try:
3 SAST (bandit)	Enforce the SAST policy	2026-10-07T13:42:39.2169640Z 87	        parsed = yaml.load(document, Loader=yaml.Loader)
3 SAST (bandit)	Enforce the SAST policy	2026-10-07T13:42:39.2170131Z 88	    except yaml.YAMLError as exc:
3 SAST (bandit)	Enforce the SAST policy	2026-10-07T13:42:39.2170419Z 
3 SAST (bandit)	Enforce the SAST policy	2026-10-07T13:42:39.2170589Z --------------------------------------------------
3 SAST (bandit)	Enforce the SAST policy	2026-10-07T13:42:39.2171464Z [93m>> Issue: [B307:blacklist] Use of possibly insecure function - consider using safer ast.literal_eval.
3 SAST (bandit)	Enforce the SAST policy	2026-10-07T13:42:39.2172197Z    Severity: Medium   Confidence: High
3 SAST (bandit)	Enforce the SAST policy	2026-10-07T13:42:39.2172699Z    CWE: CWE-78 (https://cwe.mitre.org/data/definitions/78.html)
3 SAST (bandit)	Enforce the SAST policy	2026-10-07T13:42:39.2173474Z    More Info: https://bandit.readthedocs.io/en/1.9.4/blacklists/blacklist_calls.html#b307-eval
3 SAST (bandit)	Enforce the SAST policy	2026-10-07T13:42:39.2174240Z    Location: app/server.py:99:59[0m
3 SAST (bandit)	Enforce the SAST policy	2026-10-07T13:42:39.2174822Z 98	    try:
3 SAST (bandit)	Enforce the SAST policy	2026-10-07T13:42:39.2175271Z 99	        return jsonify({"expression": expression, "value": eval(expression)})
3 SAST (bandit)	Enforce the SAST policy	2026-10-07T13:42:39.2176384Z 100	    except Exception:
3 SAST (bandit)	Enforce the SAST policy	2026-10-07T13:42:39.2176596Z 
3 SAST (bandit)	Enforce the SAST policy	2026-10-07T13:42:39.2176768Z --------------------------------------------------
3 SAST (bandit)	Enforce the SAST policy	2026-10-07T13:42:39.2177754Z [91m>> Issue: [B602:subprocess_popen_with_shell_equals_true] subprocess call with shell=True identified, security issue.
3 SAST (bandit)	Enforce the SAST policy	2026-10-07T13:42:39.2178981Z    Severity: High   Confidence: High
3 SAST (bandit)	Enforce the SAST policy	2026-10-07T13:42:39.2179479Z    CWE: CWE-78 (https://cwe.mitre.org/data/definitions/78.html)
3 SAST (bandit)	Enforce the SAST policy	2026-10-07T13:42:39.2180360Z    More Info: https://bandit.readthedocs.io/en/1.9.4/plugins/b602_subprocess_popen_with_shell_equals_true.html
3 SAST (bandit)	Enforce the SAST policy	2026-10-07T13:42:39.2181240Z    Location: app/server.py:108:13[0m
3 SAST (bandit)	Enforce the SAST policy	2026-10-07T13:42:39.2181714Z 107	    host = request.args.get("host", "localhost")
3 SAST (bandit)	Enforce the SAST policy	2026-10-07T13:42:39.2182364Z 108	    output = subprocess.check_output("getent hosts " + host, shell=True)
3 SAST (bandit)	Enforce the SAST policy	2026-10-07T13:42:39.2183104Z 109	    return jsonify({"host": host, "resolved": output.decode("utf-8").strip()})
3 SAST (bandit)	Enforce the SAST policy	2026-10-07T13:42:39.2183564Z 
3 SAST (bandit)	Enforce the SAST policy	2026-10-07T13:42:39.2183740Z --------------------------------------------------
3 SAST (bandit)	Enforce the SAST policy	2026-10-07T13:42:39.2185017Z [91m>> Issue: [B501:request_with_no_cert_validation] Call to requests with verify=False disabling SSL certificate checks, security issue.
3 SAST (bandit)	Enforce the SAST policy	2026-10-07T13:42:39.2185957Z    Severity: High   Confidence: High
3 SAST (bandit)	Enforce the SAST policy	2026-10-07T13:42:39.2186526Z    CWE: CWE-295 (https://cwe.mitre.org/data/definitions/295.html)
3 SAST (bandit)	Enforce the SAST policy	2026-10-07T13:42:39.2187362Z    More Info: https://bandit.readthedocs.io/en/1.9.4/plugins/b501_request_with_no_cert_validation.html
3 SAST (bandit)	Enforce the SAST policy	2026-10-07T13:42:39.2188160Z    Location: app/server.py:116:15[0m
3 SAST (bandit)	Enforce the SAST policy	2026-10-07T13:42:39.2188746Z 115	        return jsonify({"error": "no upstream rate service configured"}), 503
3 SAST (bandit)	Enforce the SAST policy	2026-10-07T13:42:39.2189402Z 116	    upstream = requests.get(FX_ENDPOINT, verify=False)
3 SAST (bandit)	Enforce the SAST policy	2026-10-07T13:42:39.2190011Z 117	    return jsonify({"source": FX_ENDPOINT, "rate": upstream.json()})
3 SAST (bandit)	Enforce the SAST policy	2026-10-07T13:42:39.2190414Z 
3 SAST (bandit)	Enforce the SAST policy	2026-10-07T13:42:39.2190584Z --------------------------------------------------
3 SAST (bandit)	Enforce the SAST policy	2026-10-07T13:42:39.2191273Z [93m>> Issue: [B113:request_without_timeout] Call to requests without timeout
3 SAST (bandit)	Enforce the SAST policy	2026-10-07T13:42:39.2191872Z    Severity: Medium   Confidence: Low
3 SAST (bandit)	Enforce the SAST policy	2026-10-07T13:42:39.2192400Z    CWE: CWE-400 (https://cwe.mitre.org/data/definitions/400.html)
3 SAST (bandit)	Enforce the SAST policy	2026-10-07T13:42:39.2193188Z    More Info: https://bandit.readthedocs.io/en/1.9.4/plugins/b113_request_without_timeout.html
3 SAST (bandit)	Enforce the SAST policy	2026-10-07T13:42:39.2193940Z    Location: app/server.py:116:15[0m
3 SAST (bandit)	Enforce the SAST policy	2026-10-07T13:42:39.2194709Z 115	        return jsonify({"error": "no upstream rate service configured"}), 503
3 SAST (bandit)	Enforce the SAST policy	2026-10-07T13:42:39.2195360Z 116	    upstream = requests.get(FX_ENDPOINT, verify=False)
3 SAST (bandit)	Enforce the SAST policy	2026-10-07T13:42:39.2195982Z 117	    return jsonify({"source": FX_ENDPOINT, "rate": upstream.json()})
3 SAST (bandit)	Enforce the SAST policy	2026-10-07T13:42:39.2196401Z 
3 SAST (bandit)	Enforce the SAST policy	2026-10-07T13:42:39.2196560Z --------------------------------------------------
3 SAST (bandit)	Enforce the SAST policy	2026-10-07T13:42:39.2197727Z [91m>> Issue: [B201:flask_debug_true] A Flask app appears to be run with debug=True, which exposes the Werkzeug debugger and allows the execution of arbitrary code.
3 SAST (bandit)	Enforce the SAST policy	2026-10-07T13:42:39.2198730Z    Severity: High   Confidence: Medium
3 SAST (bandit)	Enforce the SAST policy	2026-10-07T13:42:39.2199248Z    CWE: CWE-94 (https://cwe.mitre.org/data/definitions/94.html)
3 SAST (bandit)	Enforce the SAST policy	2026-10-07T13:42:39.2199991Z    More Info: https://bandit.readthedocs.io/en/1.9.4/plugins/b201_flask_debug_true.html
3 SAST (bandit)	Enforce the SAST policy	2026-10-07T13:42:39.2200727Z    Location: app/server.py:121:4[0m
3 SAST (bandit)	Enforce the SAST policy	2026-10-07T13:42:39.2201126Z 120	if __name__ == "__main__":
3 SAST (bandit)	Enforce the SAST policy	2026-10-07T13:42:39.2201638Z 121	    app.run(host="0.0.0.0", port=int(os.environ.get("PORT", "5017")), debug=True)
3 SAST (bandit)	Enforce the SAST policy	2026-10-07T13:42:39.2202096Z 
3 SAST (bandit)	Enforce the SAST policy	2026-10-07T13:42:39.2202245Z --------------------------------------------------
3 SAST (bandit)	Enforce the SAST policy	2026-10-07T13:42:39.2202977Z [93m>> Issue: [B104:hardcoded_bind_all_interfaces] Possible binding to all interfaces.
3 SAST (bandit)	Enforce the SAST policy	2026-10-07T13:42:39.2203609Z    Severity: Medium   Confidence: Medium
3 SAST (bandit)	Enforce the SAST policy	2026-10-07T13:42:39.2204129Z    CWE: CWE-605 (https://cwe.mitre.org/data/definitions/605.html)
3 SAST (bandit)	Enforce the SAST policy	2026-10-07T13:42:39.2205176Z    More Info: https://bandit.readthedocs.io/en/1.9.4/plugins/b104_hardcoded_bind_all_interfaces.html
3 SAST (bandit)	Enforce the SAST policy	2026-10-07T13:42:39.2206189Z    Location: app/server.py:121:17[0m
3 SAST (bandit)	Enforce the SAST policy	2026-10-07T13:42:39.2206589Z 120	if __name__ == "__main__":
3 SAST (bandit)	Enforce the SAST policy	2026-10-07T13:42:39.2207107Z 121	    app.run(host="0.0.0.0", port=int(os.environ.get("PORT", "5017")), debug=True)
3 SAST (bandit)	Enforce the SAST policy	2026-10-07T13:42:39.2207774Z 
3 SAST (bandit)	Enforce the SAST policy	2026-10-07T13:42:39.2207931Z --------------------------------------------------
3 SAST (bandit)	Enforce the SAST policy	2026-10-07T13:42:39.2208372Z [95m
3 SAST (bandit)	Enforce the SAST policy	2026-10-07T13:42:39.2208678Z Code scanned:[0m
3 SAST (bandit)	Enforce the SAST policy	2026-10-07T13:42:39.2208992Z 	Total lines of code: 186
3 SAST (bandit)	Enforce the SAST policy	2026-10-07T13:42:39.2209351Z 	Total lines skipped (#nosec): 0
3 SAST (bandit)	Enforce the SAST policy	2026-10-07T13:42:39.2209743Z [95m
3 SAST (bandit)	Enforce the SAST policy	2026-10-07T13:42:39.2210047Z Run metrics:[0m
3 SAST (bandit)	Enforce the SAST policy	2026-10-07T13:42:39.2210354Z 	Total issues (by severity):
3 SAST (bandit)	Enforce the SAST policy	2026-10-07T13:42:39.2210689Z 		Undefined: 0
3 SAST (bandit)	Enforce the SAST policy	2026-10-07T13:42:39.2210958Z 		Low: 4
3 SAST (bandit)	Enforce the SAST policy	2026-10-07T13:42:39.2211208Z 		Medium: 4
3 SAST (bandit)	Enforce the SAST policy	2026-10-07T13:42:39.2211469Z 		High: 4
3 SAST (bandit)	Enforce the SAST policy	2026-10-07T13:42:39.2211836Z 	Total issues (by confidence):
3 SAST (bandit)	Enforce the SAST policy	2026-10-07T13:42:39.2212183Z 		Undefined: 0
3 SAST (bandit)	Enforce the SAST policy	2026-10-07T13:42:39.2212470Z 		Low: 1
3 SAST (bandit)	Enforce the SAST policy	2026-10-07T13:42:39.2212733Z 		Medium: 3
3 SAST (bandit)	Enforce the SAST policy	2026-10-07T13:42:39.2213001Z 		High: 8
3 SAST (bandit)	Enforce the SAST policy	2026-10-07T13:42:39.2213331Z [95mFiles skipped (0):[0m
3 SAST (bandit)	Enforce the SAST policy	2026-10-07T13:42:39.2477176Z ##[error]Process completed with exit code 1.
3 SAST (bandit)	Upload the SAST report	﻿2026-10-07T13:42:39.2618510Z ##[group]Run actions/upload-artifact@v4
3 SAST (bandit)	Upload the SAST report	2026-10-07T13:42:39.2618863Z with:
3 SAST (bandit)	Upload the SAST report	2026-10-07T13:42:39.2619106Z   name: sast-bandit-report
3 SAST (bandit)	Upload the SAST report	2026-10-07T13:42:39.2619406Z   path: labs/17-devsecops/reports
3 SAST (bandit)	Upload the SAST report	2026-10-07T13:42:39.2619684Z   retention-days: 7
3 SAST (bandit)	Upload the SAST report	2026-10-07T13:42:39.2619923Z   if-no-files-found: warn
3 SAST (bandit)	Upload the SAST report	2026-10-07T13:42:39.2620183Z   compression-level: 6
3 SAST (bandit)	Upload the SAST report	2026-10-07T13:42:39.2620420Z   overwrite: false
3 SAST (bandit)	Upload the SAST report	2026-10-07T13:42:39.2620659Z   include-hidden-files: false
3 SAST (bandit)	Upload the SAST report	2026-10-07T13:42:39.2620920Z env:
3 SAST (bandit)	Upload the SAST report	2026-10-07T13:42:39.2621129Z   APP_DIR: labs/17-devsecops
3 SAST (bandit)	Upload the SAST report	2026-10-07T13:42:39.2621399Z   IMAGE_NAME: claim-check-api
3 SAST (bandit)	Upload the SAST report	2026-10-07T13:42:39.2621661Z   TRIVY_VERSION: 0.75.0
3 SAST (bandit)	Upload the SAST report	2026-10-07T13:42:39.2621906Z   GITLEAKS_VERSION: 8.30.1
3 SAST (bandit)	Upload the SAST report	2026-10-07T13:42:39.2622175Z   PYTHON_VERSION: 3.13
3 SAST (bandit)	Upload the SAST report	2026-10-07T13:42:39.2622494Z   pythonLocation: /opt/hostedtoolcache/Python/3.13.15/x64
3 SAST (bandit)	Upload the SAST report	2026-10-07T13:42:39.2622969Z   PKG_CONFIG_PATH: /opt/hostedtoolcache/Python/3.13.15/x64/lib/pkgconfig
3 SAST (bandit)	Upload the SAST report	2026-10-07T13:42:39.2623437Z   Python_ROOT_DIR: /opt/hostedtoolcache/Python/3.13.15/x64
3 SAST (bandit)	Upload the SAST report	2026-10-07T13:42:39.2623904Z   Python2_ROOT_DIR: /opt/hostedtoolcache/Python/3.13.15/x64
3 SAST (bandit)	Upload the SAST report	2026-10-07T13:42:39.2624590Z   Python3_ROOT_DIR: /opt/hostedtoolcache/Python/3.13.15/x64
3 SAST (bandit)	Upload the SAST report	2026-10-07T13:42:39.2625072Z   LD_LIBRARY_PATH: /opt/hostedtoolcache/Python/3.13.15/x64/lib
3 SAST (bandit)	Upload the SAST report	2026-10-07T13:42:39.2625438Z ##[endgroup]
3 SAST (bandit)	Upload the SAST report	2026-10-07T13:42:39.4368489Z (node:2341) [DEP0040] DeprecationWarning: The `punycode` module is deprecated. Please use a userland alternative instead.
3 SAST (bandit)	Upload the SAST report	2026-10-07T13:42:39.4369897Z (Use `node --trace-deprecation ...` to show where the warning was created)
3 SAST (bandit)	Upload the SAST report	2026-10-07T13:42:39.4444517Z With the provided path, there will be 3 files uploaded
3 SAST (bandit)	Upload the SAST report	2026-10-07T13:42:39.4452627Z Artifact name is valid!
3 SAST (bandit)	Upload the SAST report	2026-10-07T13:42:39.4453471Z Root directory input is valid!
3 SAST (bandit)	Upload the SAST report	2026-10-07T13:42:39.8299683Z Beginning upload of artifact content to blob storage
3 SAST (bandit)	Upload the SAST report	2026-10-07T13:42:39.8562264Z (node:2341) [DEP0169] DeprecationWarning: `url.parse()` behavior is not standardized and prone to errors that have security implications. Use the WHATWG URL API instead. CVEs are not issued for `url.parse()` vulnerabilities.
3 SAST (bandit)	Upload the SAST report	2026-10-07T13:42:40.1510635Z Uploaded bytes 7333
3 SAST (bandit)	Upload the SAST report	2026-10-07T13:42:40.2390982Z Finished uploading artifact content to blob storage!
3 SAST (bandit)	Upload the SAST report	2026-10-07T13:42:40.2392579Z SHA256 digest of uploaded artifact zip is 175713e83949ae02922fdfb906bbe656c80401e86e2287ee61486c95a1cf1426
3 SAST (bandit)	Upload the SAST report	2026-10-07T13:42:40.2393777Z Finalizing artifact upload
3 SAST (bandit)	Upload the SAST report	2026-10-07T13:42:40.5298126Z Artifact sast-bandit-report.zip successfully finalized. Artifact ID 11485654244
3 SAST (bandit)	Upload the SAST report	2026-10-07T13:42:40.5300387Z Artifact sast-bandit-report has been successfully uploaded! Final size is 7333 bytes. Artifact ID is 11485654244
3 SAST (bandit)	Upload the SAST report	2026-10-07T13:42:40.5308504Z Artifact download URL: https://github.com/AmanYadav7015/devops-coursework/actions/runs/37630551638/artifacts/11485654244
3 SAST (bandit)	Post Checkout code	﻿2026-10-07T13:42:40.5522851Z Post job cleanup.
3 SAST (bandit)	Post Checkout code	2026-10-07T13:42:40.6445357Z [command]/usr/bin/git version
3 SAST (bandit)	Post Checkout code	2026-10-07T13:42:40.6505067Z git version 2.55.0
3 SAST (bandit)	Post Checkout code	2026-10-07T13:42:40.6518584Z Temporarily overriding HOME='/home/runner/work/_temp/5ecc7f21-6e5d-4933-af4e-31835c942588' before making global git config changes
3 SAST (bandit)	Post Checkout code	2026-10-07T13:42:40.6520338Z Adding repository directory to the temporary git global config as a safe directory
3 SAST (bandit)	Post Checkout code	2026-10-07T13:42:40.6525959Z [command]/usr/bin/git config --global --add safe.directory /home/runner/work/devops-coursework/devops-coursework
3 SAST (bandit)	Post Checkout code	2026-10-07T13:42:40.6567655Z [command]/usr/bin/git config --local --name-only --get-regexp core\.sshCommand
3 SAST (bandit)	Post Checkout code	2026-10-07T13:42:40.6603058Z [command]/usr/bin/git submodule foreach --recursive sh -c "git config --local --name-only --get-regexp 'core\.sshCommand' && git config --local --unset-all 'core.sshCommand' || :"
3 SAST (bandit)	Post Checkout code	2026-10-07T13:42:40.6868767Z [command]/usr/bin/git config --local --name-only --get-regexp http\.https\:\/\/github\.com\/\.extraheader
3 SAST (bandit)	Post Checkout code	2026-10-07T13:42:40.6906288Z http.https://github.com/.extraheader
3 SAST (bandit)	Post Checkout code	2026-10-07T13:42:40.6917042Z [command]/usr/bin/git config --local --unset-all http.https://github.com/.extraheader
3 SAST (bandit)	Post Checkout code	2026-10-07T13:42:40.6952914Z [command]/usr/bin/git submodule foreach --recursive sh -c "git config --local --name-only --get-regexp 'http\.https\:\/\/github\.com\/\.extraheader' && git config --local --unset-all 'http.https://github.com/.extraheader' || :"
3 SAST (bandit)	Post Checkout code	2026-10-07T13:42:40.7210310Z [command]/usr/bin/git config --local --name-only --get-regexp ^includeIf\.gitdir:
3 SAST (bandit)	Post Checkout code	2026-10-07T13:42:40.7258671Z [command]/usr/bin/git submodule foreach --recursive git config --local --show-origin --name-only --get-regexp remote.origin.url
3 SAST (bandit)	Complete job	﻿2026-10-07T13:42:40.7740375Z Cleaning up orphan processes
3 SAST (bandit)	Complete job	2026-10-07T13:42:40.8022435Z ##[warning]Node.js 20 is deprecated. The following actions target Node.js 20 but are being forced to run on Node.js 24: actions/checkout@v4, actions/setup-python@v5, actions/upload-artifact@v4. For more information see: https://github.blog/changelog/2025-09-19-deprecation-of-node-20-on-github-actions-runners/
3b SAST (CodeQL)	Set up job	﻿2026-10-07T13:42:26.5460482Z Current runner version: '2.337.0'
3b SAST (CodeQL)	Set up job	2026-10-07T13:42:26.5487663Z ##[group]Runner Image Provisioner
3b SAST (CodeQL)	Set up job	2026-10-07T13:42:26.5488598Z Hosted Compute Agent
3b SAST (CodeQL)	Set up job	2026-10-07T13:42:26.5489209Z Version: 20261002.596
3b SAST (CodeQL)	Set up job	2026-10-07T13:42:26.5489870Z Commit: c3d12f3313a95f25162a1503be624f3b0617f8c0
3b SAST (CodeQL)	Set up job	2026-10-07T13:42:26.5490640Z Build Date: 2026-10-02T22:28:27Z
3b SAST (CodeQL)	Set up job	2026-10-07T13:42:26.5491332Z Worker ID: {2ad91fc0-e70c-41bc-9e5f-461f59969f46}
3b SAST (CodeQL)	Set up job	2026-10-07T13:42:26.5492028Z Region: eastus
3b SAST (CodeQL)	Set up job	2026-10-07T13:42:26.5492630Z Cloud: Azure
3b SAST (CodeQL)	Set up job	2026-10-07T13:42:26.5493621Z ##[endgroup]
3b SAST (CodeQL)	Set up job	2026-10-07T13:42:26.5495629Z ##[group]Operating System
3b SAST (CodeQL)	Set up job	2026-10-07T13:42:26.5496299Z Ubuntu
3b SAST (CodeQL)	Set up job	2026-10-07T13:42:26.5496808Z 24.04.5
3b SAST (CodeQL)	Set up job	2026-10-07T13:42:26.5497390Z LTS
3b SAST (CodeQL)	Set up job	2026-10-07T13:42:26.5497963Z ##[endgroup]
3b SAST (CodeQL)	Set up job	2026-10-07T13:42:26.5498581Z ##[group]Runner Image
3b SAST (CodeQL)	Set up job	2026-10-07T13:42:26.5499209Z Image: ubuntu-24.04
3b SAST (CodeQL)	Set up job	2026-10-07T13:42:26.5499789Z Version: 20261004.327.1
3b SAST (CodeQL)	Set up job	2026-10-07T13:42:26.5500905Z Included Software: https://github.com/actions/runner-images/blob/ubuntu24/20261004.327/images/ubuntu/Ubuntu2404-Readme.md
3b SAST (CodeQL)	Set up job	2026-10-07T13:42:26.5502754Z Image Release: https://github.com/actions/runner-images/releases/tag/ubuntu24%2F20261004.327
3b SAST (CodeQL)	Set up job	2026-10-07T13:42:26.5504090Z ##[endgroup]
3b SAST (CodeQL)	Set up job	2026-10-07T13:42:26.5505832Z ##[group]GITHUB_TOKEN Permissions
3b SAST (CodeQL)	Set up job	2026-10-07T13:42:26.5508362Z Contents: read
3b SAST (CodeQL)	Set up job	2026-10-07T13:42:26.5508993Z Metadata: read
3b SAST (CodeQL)	Set up job	2026-10-07T13:42:26.5509696Z SecurityEvents: write
3b SAST (CodeQL)	Set up job	2026-10-07T13:42:26.5510296Z ##[endgroup]
3b SAST (CodeQL)	Set up job	2026-10-07T13:42:26.5512531Z Secret source: Actions
3b SAST (CodeQL)	Set up job	2026-10-07T13:42:26.5513758Z Cache mode: write
3b SAST (CodeQL)	Set up job	2026-10-07T13:42:26.5514788Z Prepare workflow directory
3b SAST (CodeQL)	Set up job	2026-10-07T13:42:26.5943745Z Prepare all required actions
3b SAST (CodeQL)	Set up job	2026-10-07T13:42:26.6014089Z Getting action download info
3b SAST (CodeQL)	Set up job	2026-10-07T13:42:26.8970422Z Download action repository 'actions/checkout@v4' (SHA:11d5960a326750d5838078e36cf38b85af677262)
3b SAST (CodeQL)	Set up job	2026-10-07T13:42:26.9952307Z Download action repository 'github/codeql-action@v3' (SHA:1190a975f95ce23525efb6a3fc21ea29567c1b52)
3b SAST (CodeQL)	Set up job	2026-10-07T13:42:27.3806048Z Complete job name: 3b SAST (CodeQL)
3b SAST (CodeQL)	Checkout code	﻿2026-10-07T13:42:27.4731085Z ##[group]Run actions/checkout@v4
3b SAST (CodeQL)	Checkout code	2026-10-07T13:42:27.4732024Z with:
3b SAST (CodeQL)	Checkout code	2026-10-07T13:42:27.4733056Z   repository: AmanYadav7015/devops-coursework
3b SAST (CodeQL)	Checkout code	2026-10-07T13:42:27.4738951Z   token: ***
3b SAST (CodeQL)	Checkout code	2026-10-07T13:42:27.4739389Z   ssh-strict: true
3b SAST (CodeQL)	Checkout code	2026-10-07T13:42:27.4740316Z   ssh-user: git
3b SAST (CodeQL)	Checkout code	2026-10-07T13:42:27.4740771Z   persist-credentials: true
3b SAST (CodeQL)	Checkout code	2026-10-07T13:42:27.4741253Z   clean: true
3b SAST (CodeQL)	Checkout code	2026-10-07T13:42:27.4741945Z   sparse-checkout-cone-mode: true
3b SAST (CodeQL)	Checkout code	2026-10-07T13:42:27.4742702Z   fetch-depth: 1
3b SAST (CodeQL)	Checkout code	2026-10-07T13:42:27.4743305Z   fetch-tags: false
3b SAST (CodeQL)	Checkout code	2026-10-07T13:42:27.4743766Z   show-progress: true
3b SAST (CodeQL)	Checkout code	2026-10-07T13:42:27.4744664Z   lfs: false
3b SAST (CodeQL)	Checkout code	2026-10-07T13:42:27.4745134Z   submodules: false
3b SAST (CodeQL)	Checkout code	2026-10-07T13:42:27.4745585Z   set-safe-directory: true
3b SAST (CodeQL)	Checkout code	2026-10-07T13:42:27.4746440Z   allow-unsafe-pr-checkout: false
3b SAST (CodeQL)	Checkout code	2026-10-07T13:42:27.4747453Z env:
3b SAST (CodeQL)	Checkout code	2026-10-07T13:42:27.4747884Z   APP_DIR: labs/17-devsecops
3b SAST (CodeQL)	Checkout code	2026-10-07T13:42:27.4748692Z   IMAGE_NAME: claim-check-api
3b SAST (CodeQL)	Checkout code	2026-10-07T13:42:27.4749431Z   TRIVY_VERSION: 0.75.0
3b SAST (CodeQL)	Checkout code	2026-10-07T13:42:27.4749970Z   GITLEAKS_VERSION: 8.30.1
3b SAST (CodeQL)	Checkout code	2026-10-07T13:42:27.4750454Z   PYTHON_VERSION: 3.13
3b SAST (CodeQL)	Checkout code	2026-10-07T13:42:27.4750901Z ##[endgroup]
3b SAST (CodeQL)	Checkout code	2026-10-07T13:42:27.5936581Z Syncing repository: AmanYadav7015/devops-coursework
3b SAST (CodeQL)	Checkout code	2026-10-07T13:42:27.5939602Z ##[group]Getting Git version info
3b SAST (CodeQL)	Checkout code	2026-10-07T13:42:27.5941459Z Working directory is '/home/runner/work/devops-coursework/devops-coursework'
3b SAST (CodeQL)	Checkout code	2026-10-07T13:42:27.5944125Z [command]/usr/bin/git version
3b SAST (CodeQL)	Checkout code	2026-10-07T13:42:27.6104668Z git version 2.55.0
3b SAST (CodeQL)	Checkout code	2026-10-07T13:42:27.6150547Z ##[endgroup]
3b SAST (CodeQL)	Checkout code	2026-10-07T13:42:27.6168182Z Temporarily overriding HOME='/home/runner/work/_temp/ef27d182-b397-4a00-a1f9-86f042931340' before making global git config changes
3b SAST (CodeQL)	Checkout code	2026-10-07T13:42:27.6171215Z Adding repository directory to the temporary git global config as a safe directory
3b SAST (CodeQL)	Checkout code	2026-10-07T13:42:27.6176767Z [command]/usr/bin/git config --global --add safe.directory /home/runner/work/devops-coursework/devops-coursework
3b SAST (CodeQL)	Checkout code	2026-10-07T13:42:27.6250815Z Deleting the contents of '/home/runner/work/devops-coursework/devops-coursework'
3b SAST (CodeQL)	Checkout code	2026-10-07T13:42:27.6261314Z ##[group]Initializing the repository
3b SAST (CodeQL)	Checkout code	2026-10-07T13:42:27.6274870Z [command]/usr/bin/git init /home/runner/work/devops-coursework/devops-coursework
3b SAST (CodeQL)	Checkout code	2026-10-07T13:42:27.6435895Z hint: Using 'master' as the name for the initial branch. This default branch name
3b SAST (CodeQL)	Checkout code	2026-10-07T13:42:27.6437686Z hint: will change to "main" in Git 3.0. To configure the initial branch name
3b SAST (CodeQL)	Checkout code	2026-10-07T13:42:27.6439196Z hint: to use in all of your new repositories, which will suppress this warning,
3b SAST (CodeQL)	Checkout code	2026-10-07T13:42:27.6440463Z hint: call:
3b SAST (CodeQL)	Checkout code	2026-10-07T13:42:27.6441128Z hint:
3b SAST (CodeQL)	Checkout code	2026-10-07T13:42:27.6441985Z hint: 	git config --global init.defaultBranch <name>
3b SAST (CodeQL)	Checkout code	2026-10-07T13:42:27.6442977Z hint:
3b SAST (CodeQL)	Checkout code	2026-10-07T13:42:27.6444117Z hint: Names commonly chosen instead of 'master' are 'main', 'trunk' and
3b SAST (CodeQL)	Checkout code	2026-10-07T13:42:27.6445636Z hint: 'development'. The just-created branch can be renamed via this command:
3b SAST (CodeQL)	Checkout code	2026-10-07T13:42:27.6446922Z hint:
3b SAST (CodeQL)	Checkout code	2026-10-07T13:42:27.6447880Z hint: 	git branch -m <name>
3b SAST (CodeQL)	Checkout code	2026-10-07T13:42:27.6448539Z hint:
3b SAST (CodeQL)	Checkout code	2026-10-07T13:42:27.6449210Z hint: Disable this message with "git config set advice.defaultBranchName false"
3b SAST (CodeQL)	Checkout code	2026-10-07T13:42:27.6450376Z Initialized empty Git repository in /home/runner/work/devops-coursework/devops-coursework/.git/
3b SAST (CodeQL)	Checkout code	2026-10-07T13:42:27.6466630Z [command]/usr/bin/git remote add origin https://github.com/AmanYadav7015/devops-coursework
3b SAST (CodeQL)	Checkout code	2026-10-07T13:42:27.6556367Z ##[endgroup]
3b SAST (CodeQL)	Checkout code	2026-10-07T13:42:27.6558521Z ##[group]Disabling automatic garbage collection
3b SAST (CodeQL)	Checkout code	2026-10-07T13:42:27.6560340Z [command]/usr/bin/git config --local gc.auto 0
3b SAST (CodeQL)	Checkout code	2026-10-07T13:42:27.6628556Z ##[endgroup]
3b SAST (CodeQL)	Checkout code	2026-10-07T13:42:27.6630496Z ##[group]Setting up auth
3b SAST (CodeQL)	Checkout code	2026-10-07T13:42:27.6632467Z [command]/usr/bin/git config --local --name-only --get-regexp core\.sshCommand
3b SAST (CodeQL)	Checkout code	2026-10-07T13:42:27.6682931Z [command]/usr/bin/git submodule foreach --recursive sh -c "git config --local --name-only --get-regexp 'core\.sshCommand' && git config --local --unset-all 'core.sshCommand' || :"
3b SAST (CodeQL)	Checkout code	2026-10-07T13:42:27.7135119Z [command]/usr/bin/git config --local --name-only --get-regexp http\.https\:\/\/github\.com\/\.extraheader
3b SAST (CodeQL)	Checkout code	2026-10-07T13:42:27.7174111Z [command]/usr/bin/git submodule foreach --recursive sh -c "git config --local --name-only --get-regexp 'http\.https\:\/\/github\.com\/\.extraheader' && git config --local --unset-all 'http.https://github.com/.extraheader' || :"
3b SAST (CodeQL)	Checkout code	2026-10-07T13:42:27.7410063Z [command]/usr/bin/git config --local --name-only --get-regexp ^includeIf\.gitdir:
3b SAST (CodeQL)	Checkout code	2026-10-07T13:42:27.7452527Z [command]/usr/bin/git submodule foreach --recursive git config --local --show-origin --name-only --get-regexp remote.origin.url
3b SAST (CodeQL)	Checkout code	2026-10-07T13:42:27.7687570Z [command]/usr/bin/git config --local http.https://github.com/.extraheader AUTHORIZATION: basic ***
3b SAST (CodeQL)	Checkout code	2026-10-07T13:42:27.7732657Z ##[endgroup]
3b SAST (CodeQL)	Checkout code	2026-10-07T13:42:27.7734368Z ##[group]Fetching the repository
3b SAST (CodeQL)	Checkout code	2026-10-07T13:42:27.7745154Z [command]/usr/bin/git -c protocol.version=2 fetch --no-tags --prune --no-recurse-submodules --depth=1 origin +da35a33a980e016775f43c28f0ea7e242c140bcd:refs/remotes/origin/session-17-devsecops-ci
3b SAST (CodeQL)	Checkout code	2026-10-07T13:42:28.2755193Z From https://github.com/AmanYadav7015/devops-coursework
3b SAST (CodeQL)	Checkout code	2026-10-07T13:42:28.2758125Z  * [new ref]         da35a33a980e016775f43c28f0ea7e242c140bcd -> origin/session-17-devsecops-ci
3b SAST (CodeQL)	Checkout code	2026-10-07T13:42:28.2763781Z ##[endgroup]
3b SAST (CodeQL)	Checkout code	2026-10-07T13:42:28.2765838Z ##[group]Determining the checkout info
3b SAST (CodeQL)	Checkout code	2026-10-07T13:42:28.2767671Z ##[endgroup]
3b SAST (CodeQL)	Checkout code	2026-10-07T13:42:28.2771752Z [command]/usr/bin/git sparse-checkout disable
3b SAST (CodeQL)	Checkout code	2026-10-07T13:42:28.2835107Z [command]/usr/bin/git config --local --unset-all extensions.worktreeConfig
3b SAST (CodeQL)	Checkout code	2026-10-07T13:42:28.2881405Z ##[group]Checking out the ref
3b SAST (CodeQL)	Checkout code	2026-10-07T13:42:28.2884935Z [command]/usr/bin/git checkout --progress --force -B session-17-devsecops-ci refs/remotes/origin/session-17-devsecops-ci
3b SAST (CodeQL)	Checkout code	2026-10-07T13:42:28.4142849Z Switched to a new branch 'session-17-devsecops-ci'
3b SAST (CodeQL)	Checkout code	2026-10-07T13:42:28.4148352Z branch 'session-17-devsecops-ci' set up to track 'origin/session-17-devsecops-ci'.
3b SAST (CodeQL)	Checkout code	2026-10-07T13:42:28.4158885Z ##[endgroup]
3b SAST (CodeQL)	Checkout code	2026-10-07T13:42:28.4207270Z [command]/usr/bin/git log -1 --format=%H
3b SAST (CodeQL)	Checkout code	2026-10-07T13:42:28.4235839Z da35a33a980e016775f43c28f0ea7e242c140bcd
3b SAST (CodeQL)	Initialize CodeQL	﻿2026-10-07T13:42:28.4760424Z ##[group]Run github/codeql-action/init@v3
3b SAST (CodeQL)	Initialize CodeQL	2026-10-07T13:42:28.4761724Z with:
3b SAST (CodeQL)	Initialize CodeQL	2026-10-07T13:42:28.4762589Z   languages: python
3b SAST (CodeQL)	Initialize CodeQL	2026-10-07T13:42:28.4763973Z   config: paths:
3b SAST (CodeQL)	Initialize CodeQL	  - labs/17-devsecops/app
3b SAST (CodeQL)	Initialize CodeQL	
3b SAST (CodeQL)	Initialize CodeQL	2026-10-07T13:42:28.4765231Z   analysis-kinds: code-scanning
3b SAST (CodeQL)	Initialize CodeQL	2026-10-07T13:42:28.4775270Z   token: ***
3b SAST (CodeQL)	Initialize CodeQL	2026-10-07T13:42:28.4776190Z   matrix: null
3b SAST (CodeQL)	Initialize CodeQL	2026-10-07T13:42:28.4777078Z   debug: false
3b SAST (CodeQL)	Initialize CodeQL	2026-10-07T13:42:28.4777997Z   check-run-id: 112823657762
3b SAST (CodeQL)	Initialize CodeQL	2026-10-07T13:42:28.4779022Z   job-status: success
3b SAST (CodeQL)	Initialize CodeQL	2026-10-07T13:42:28.4779961Z env:
3b SAST (CodeQL)	Initialize CodeQL	2026-10-07T13:42:28.4780827Z   APP_DIR: labs/17-devsecops
3b SAST (CodeQL)	Initialize CodeQL	2026-10-07T13:42:28.4781895Z   IMAGE_NAME: claim-check-api
3b SAST (CodeQL)	Initialize CodeQL	2026-10-07T13:42:28.4782982Z   TRIVY_VERSION: 0.75.0
3b SAST (CodeQL)	Initialize CodeQL	2026-10-07T13:42:28.4784267Z   GITLEAKS_VERSION: 8.30.1
3b SAST (CodeQL)	Initialize CodeQL	2026-10-07T13:42:28.4785317Z   PYTHON_VERSION: 3.13
3b SAST (CodeQL)	Initialize CodeQL	2026-10-07T13:42:28.4786324Z ##[endgroup]
3b SAST (CodeQL)	Initialize CodeQL	2026-10-07T13:42:28.7323004Z Job run UUID is 6b59d888-a002-4f74-9676-bdd3948563d7.
3b SAST (CodeQL)	Initialize CodeQL	2026-10-07T13:42:28.7397949Z ##[warning]CodeQL Action v3 will be deprecated in December 2026. Please update all occurrences of the CodeQL Action in your workflow files to v4. For more information, see https://github.blog/changelog/2025-10-28-upcoming-deprecation-of-codeql-action-v3/
3b SAST (CodeQL)	Initialize CodeQL	2026-10-07T13:42:29.7771258Z ##[group]Setup CodeQL tools
3b SAST (CodeQL)	Initialize CodeQL	2026-10-07T13:42:29.7817121Z [command]/usr/bin/tar --version
3b SAST (CodeQL)	Initialize CodeQL	2026-10-07T13:42:29.7860444Z tar (GNU tar) 1.35
3b SAST (CodeQL)	Initialize CodeQL	2026-10-07T13:42:29.7860940Z Copyright (C) 2023 Free Software Foundation, Inc.
3b SAST (CodeQL)	Initialize CodeQL	2026-10-07T13:42:29.7861521Z License GPLv3+: GNU GPL version 3 or later <https://gnu.org/licenses/gpl.html>.
3b SAST (CodeQL)	Initialize CodeQL	2026-10-07T13:42:29.7862069Z This is free software: you are free to change and redistribute it.
3b SAST (CodeQL)	Initialize CodeQL	2026-10-07T13:42:29.7862522Z There is NO WARRANTY, to the extent permitted by law.
3b SAST (CodeQL)	Initialize CodeQL	2026-10-07T13:42:29.7862775Z 
3b SAST (CodeQL)	Initialize CodeQL	2026-10-07T13:42:29.7862914Z Written by John Gilmore and Jay Fenlason.
3b SAST (CodeQL)	Initialize CodeQL	2026-10-07T13:42:29.7871638Z Found gnu tar version 1.35.
3b SAST (CodeQL)	Initialize CodeQL	2026-10-07T13:42:29.7896463Z Found CodeQL tools version 2.27.1 in the toolcache.
3b SAST (CodeQL)	Initialize CodeQL	2026-10-07T13:42:29.7897357Z Using CodeQL CLI version 2.27.1 from toolcache at /opt/hostedtoolcache/CodeQL/2.27.1/x64
3b SAST (CodeQL)	Initialize CodeQL	2026-10-07T13:42:30.7383771Z {
3b SAST (CodeQL)	Initialize CodeQL	2026-10-07T13:42:30.7384403Z   "productName": "CodeQL",
3b SAST (CodeQL)	Initialize CodeQL	2026-10-07T13:42:30.7384870Z   "vendor": "GitHub",
3b SAST (CodeQL)	Initialize CodeQL	2026-10-07T13:42:30.7385158Z   "version": "2.27.1",
3b SAST (CodeQL)	Initialize CodeQL	2026-10-07T13:42:30.7385433Z   "sha": "938af3639d0709b587251e45d9f8d2bdc3505696",
3b SAST (CodeQL)	Initialize CodeQL	2026-10-07T13:42:30.7385749Z   "branches": [
3b SAST (CodeQL)	Initialize CodeQL	2026-10-07T13:42:30.7386028Z     "codeql-cli-2.27.1"
3b SAST (CodeQL)	Initialize CodeQL	2026-10-07T13:42:30.7386264Z   ],
3b SAST (CodeQL)	Initialize CodeQL	2026-10-07T13:42:30.7386512Z   "copyright": "Copyright (C) 2019-2026 GitHub, Inc.",
3b SAST (CodeQL)	Initialize CodeQL	2026-10-07T13:42:30.7386924Z   "unpackedLocation": "/opt/hostedtoolcache/CodeQL/2.27.1/x64/codeql",
3b SAST (CodeQL)	Initialize CodeQL	2026-10-07T13:42:30.7387368Z   "configFileLocation": "/home/runner/.config/codeql/config",
3b SAST (CodeQL)	Initialize CodeQL	2026-10-07T13:42:30.7387707Z   "configFileFound": false,
3b SAST (CodeQL)	Initialize CodeQL	2026-10-07T13:42:30.7388007Z   "overlayVersion": 4,
3b SAST (CodeQL)	Initialize CodeQL	2026-10-07T13:42:30.7388247Z   "features": {
3b SAST (CodeQL)	Initialize CodeQL	2026-10-07T13:42:30.7388476Z     "analysisSummaryV2Default": true,
3b SAST (CodeQL)	Initialize CodeQL	2026-10-07T13:42:30.7388766Z     "buildModeOption": true,
3b SAST (CodeQL)	Initialize CodeQL	2026-10-07T13:42:30.7389067Z     "bundleSupportsIncludeDiagnostics": true,
3b SAST (CodeQL)	Initialize CodeQL	2026-10-07T13:42:30.7389427Z     "bundleSupportsIncludeLogs": true,
3b SAST (CodeQL)	Initialize CodeQL	2026-10-07T13:42:30.7389740Z     "bundleSupportsOverlay": true,
3b SAST (CodeQL)	Initialize CodeQL	2026-10-07T13:42:30.7390134Z     "databaseInterpretResultsSupportsSarifRunProperty": true,
3b SAST (CodeQL)	Initialize CodeQL	2026-10-07T13:42:30.7390511Z     "featuresInVersionResult": true,
3b SAST (CodeQL)	Initialize CodeQL	2026-10-07T13:42:30.7390822Z     "indirectTracingSupportsStaticBinaries": false,
3b SAST (CodeQL)	Initialize CodeQL	2026-10-07T13:42:30.7391181Z     "informsAboutUnsupportedPathFilters": true,
3b SAST (CodeQL)	Initialize CodeQL	2026-10-07T13:42:30.7391486Z     "supportsPython312": true,
3b SAST (CodeQL)	Initialize CodeQL	2026-10-07T13:42:30.7391731Z     "mrvaPackCreate": true,
3b SAST (CodeQL)	Initialize CodeQL	2026-10-07T13:42:30.7391970Z     "threatModelOption": true,
3b SAST (CodeQL)	Initialize CodeQL	2026-10-07T13:42:30.7392225Z     "traceCommandUseBuildMode": true,
3b SAST (CodeQL)	Initialize CodeQL	2026-10-07T13:42:30.7392499Z     "v2ramSizing": true,
3b SAST (CodeQL)	Initialize CodeQL	2026-10-07T13:42:30.7393048Z     "mrvaPackCreateMultipleQueries": true,
3b SAST (CodeQL)	Initialize CodeQL	2026-10-07T13:42:30.7394230Z     "setsCodeqlRunnerEnvVar": true,
3b SAST (CodeQL)	Initialize CodeQL	2026-10-07T13:42:30.7394546Z     "sarifMergeRunsFromEqualCategory": true,
3b SAST (CodeQL)	Initialize CodeQL	2026-10-07T13:42:30.7395073Z     "forceOverwrite": true,
3b SAST (CodeQL)	Initialize CodeQL	2026-10-07T13:42:30.7395333Z     "generateSummarySymbolMap": true,
3b SAST (CodeQL)	Initialize CodeQL	2026-10-07T13:42:30.7395632Z     "pythonDefaultIsToNotExtractStdlib": true,
3b SAST (CodeQL)	Initialize CodeQL	2026-10-07T13:42:30.7395950Z     "queryServerRunQueries": true,
3b SAST (CodeQL)	Initialize CodeQL	2026-10-07T13:42:30.7396232Z     "queryServerTrimCacheWithMode": true,
3b SAST (CodeQL)	Initialize CodeQL	2026-10-07T13:42:30.7396565Z     "builtinExtractorsSpecifyDefaultQueries": true,
3b SAST (CodeQL)	Initialize CodeQL	2026-10-07T13:42:30.7396909Z     "bqrsDiffResultSets": true,
3b SAST (CodeQL)	Initialize CodeQL	2026-10-07T13:42:30.7397178Z     "bundleSupportsIncludeOption": true,
3b SAST (CodeQL)	Initialize CodeQL	2026-10-07T13:42:30.7397499Z     "suppressesMissingFileBaselineWarning": true
3b SAST (CodeQL)	Initialize CodeQL	2026-10-07T13:42:30.7397790Z   }
3b SAST (CodeQL)	Initialize CodeQL	2026-10-07T13:42:30.7397961Z }
3b SAST (CodeQL)	Initialize CodeQL	2026-10-07T13:42:30.7398900Z ##[endgroup]
3b SAST (CodeQL)	Initialize CodeQL	2026-10-07T13:42:30.7399310Z ##[group]Validating workflow
3b SAST (CodeQL)	Initialize CodeQL	2026-10-07T13:42:31.1379068Z Detected no issues with the code scanning workflow.
3b SAST (CodeQL)	Initialize CodeQL	2026-10-07T13:42:31.1380623Z ##[endgroup]
3b SAST (CodeQL)	Initialize CodeQL	2026-10-07T13:42:31.1382707Z ##[group]Load language configuration
3b SAST (CodeQL)	Initialize CodeQL	2026-10-07T13:42:31.1402237Z [command]/opt/hostedtoolcache/CodeQL/2.27.1/x64/codeql/codeql resolve languages --format=betterjson --extractor-options-verbosity=4 --extractor-include-aliases --filter-to-languages-with-queries
3b SAST (CodeQL)	Initialize CodeQL	2026-10-07T13:42:32.2731062Z {
3b SAST (CodeQL)	Initialize CodeQL	2026-10-07T13:42:32.2731880Z   "aliases" : {
3b SAST (CodeQL)	Initialize CodeQL	2026-10-07T13:42:32.2753876Z     "c" : "cpp",
3b SAST (CodeQL)	Initialize CodeQL	2026-10-07T13:42:32.2764008Z     "c++" : "cpp",
3b SAST (CodeQL)	Initialize CodeQL	2026-10-07T13:42:32.2764572Z     "c-c++" : "cpp",
3b SAST (CodeQL)	Initialize CodeQL	2026-10-07T13:42:32.2765169Z     "c-cpp" : "cpp",
3b SAST (CodeQL)	Initialize CodeQL	2026-10-07T13:42:32.2765768Z     "c#" : "csharp",
3b SAST (CodeQL)	Initialize CodeQL	2026-10-07T13:42:32.2767179Z     "java-kotlin" : "java",
3b SAST (CodeQL)	Initialize CodeQL	2026-10-07T13:42:32.2767720Z     "kotlin" : "java",
3b SAST (CodeQL)	Initialize CodeQL	2026-10-07T13:42:32.2768349Z     "javascript-typescript" : "javascript",
3b SAST (CodeQL)	Initialize CodeQL	2026-10-07T13:42:32.2769668Z     "typescript" : "javascript"
3b SAST (CodeQL)	Initialize CodeQL	2026-10-07T13:42:32.2770395Z   },
3b SAST (CodeQL)	Initialize CodeQL	2026-10-07T13:42:32.2770944Z   "extractors" : {
3b SAST (CodeQL)	Initialize CodeQL	2026-10-07T13:42:32.2771407Z     "rust" : [
3b SAST (CodeQL)	Initialize CodeQL	2026-10-07T13:42:32.2771879Z       {
3b SAST (CodeQL)	Initialize CodeQL	2026-10-07T13:42:32.2772504Z         "extractor_root" : "/opt/hostedtoolcache/CodeQL/2.27.1/x64/codeql/rust",
3b SAST (CodeQL)	Initialize CodeQL	2026-10-07T13:42:32.2773780Z         "extractor_options" : {
3b SAST (CodeQL)	Initialize CodeQL	2026-10-07T13:42:32.2774240Z           "trap" : {
3b SAST (CodeQL)	Initialize CodeQL	2026-10-07T13:42:32.2774664Z             "title" : "Options pertaining to TRAP.",
3b SAST (CodeQL)	Initialize CodeQL	2026-10-07T13:42:32.2775259Z             "description" : "Options pertaining to TRAP.",
3b SAST (CodeQL)	Initialize CodeQL	2026-10-07T13:42:32.2775797Z             "type" : "object",
3b SAST (CodeQL)	Initialize CodeQL	2026-10-07T13:42:32.2776219Z             "properties" : {
3b SAST (CodeQL)	Initialize CodeQL	2026-10-07T13:42:32.2776636Z               "compression" : {
3b SAST (CodeQL)	Initialize CodeQL	2026-10-07T13:42:32.2777286Z                 "title" : "Controls compression for the TRAP files written by the extractor.",
3b SAST (CodeQL)	Initialize CodeQL	2026-10-07T13:42:32.2779185Z                 "description" : "This option is only intended for use in debugging the extractor. Accepted values are 'gzip' (to write gzip-compressed TRAP) 'zstd' (the default, to write Zstandard-compressed TRAP) and 'none' (to write uncompressed TRAP).\n",
3b SAST (CodeQL)	Initialize CodeQL	2026-10-07T13:42:32.2781130Z                 "type" : "string",
3b SAST (CodeQL)	Initialize CodeQL	2026-10-07T13:42:32.2781626Z                 "pattern" : "^(none|gzip|zstd)$"
3b SAST (CodeQL)	Initialize CodeQL	2026-10-07T13:42:32.2782180Z               }
3b SAST (CodeQL)	Initialize CodeQL	2026-10-07T13:42:32.2782505Z             }
3b SAST (CodeQL)	Initialize CodeQL	2026-10-07T13:42:32.2782816Z           },
3b SAST (CodeQL)	Initialize CodeQL	2026-10-07T13:42:32.2783445Z           "cargo_target_dir" : {
3b SAST (CodeQL)	Initialize CodeQL	2026-10-07T13:42:32.2783983Z             "title" : "Directory to use for cargo output files.",
3b SAST (CodeQL)	Initialize CodeQL	2026-10-07T13:42:32.2786517Z             "description" : "This value is an optional path to use as `CARGO_TARGET_DIR` for the internal cargo commands the extractor uses. Pointing it to a persistent directory may reduce execution time of consecutive extractor runs. By default, a new scratch directory is used for each extraction, while qltests use the test's `target` directory so artifacts can be reused across runs.\n",
3b SAST (CodeQL)	Initialize CodeQL	2026-10-07T13:42:32.2814371Z             "type" : "string"
3b SAST (CodeQL)	Initialize CodeQL	2026-10-07T13:42:32.2815043Z           },
3b SAST (CodeQL)	Initialize CodeQL	2026-10-07T13:42:32.2815913Z           "cargo_target" : {
3b SAST (CodeQL)	Initialize CodeQL	2026-10-07T13:42:32.2816375Z             "title" : "Target architecture",
3b SAST (CodeQL)	Initialize CodeQL	2026-10-07T13:42:32.2817471Z             "description" : "Target architecture to use for analysis, analogous to `cargo --target`. By default the host architecture is used.\n",
3b SAST (CodeQL)	Initialize CodeQL	2026-10-07T13:42:32.2818877Z             "type" : "string"
3b SAST (CodeQL)	Initialize CodeQL	2026-10-07T13:42:32.2819249Z           },
3b SAST (CodeQL)	Initialize CodeQL	2026-10-07T13:42:32.2819566Z           "cargo_features" : {
3b SAST (CodeQL)	Initialize CodeQL	2026-10-07T13:42:32.2820013Z             "title" : "Cargo features to turn on",
3b SAST (CodeQL)	Initialize CodeQL	2026-10-07T13:42:32.2821859Z             "description" : "Comma-separated list of features to turn on. By default all features are enabled. If any features are specified, then only those features are enabled. The `default` feature must be explicitly specified if only default features are desired. Can be repeated.\n",
3b SAST (CodeQL)	Initialize CodeQL	2026-10-07T13:42:32.2824005Z             "type" : "array"
3b SAST (CodeQL)	Initialize CodeQL	2026-10-07T13:42:32.2824389Z           },
3b SAST (CodeQL)	Initialize CodeQL	2026-10-07T13:42:32.2824701Z           "cargo_cfg_overrides" : {
3b SAST (CodeQL)	Initialize CodeQL	2026-10-07T13:42:32.2825157Z             "title" : "Cargo cfg overrides",
3b SAST (CodeQL)	Initialize CodeQL	2026-10-07T13:42:32.2826105Z             "description" : "Comma-separated list of cfg settings to enable, or disable if prefixed with `-`. Can be repeated.\n",
3b SAST (CodeQL)	Initialize CodeQL	2026-10-07T13:42:32.2827096Z             "type" : "array"
3b SAST (CodeQL)	Initialize CodeQL	2026-10-07T13:42:32.2827494Z           },
3b SAST (CodeQL)	Initialize CodeQL	2026-10-07T13:42:32.2827822Z           "logging" : {
3b SAST (CodeQL)	Initialize CodeQL	2026-10-07T13:42:32.2828271Z             "title" : "Options pertaining to logging.",
3b SAST (CodeQL)	Initialize CodeQL	2026-10-07T13:42:32.2828901Z             "description" : "Options pertaining to logging.",
3b SAST (CodeQL)	Initialize CodeQL	2026-10-07T13:42:32.2829455Z             "type" : "object",
3b SAST (CodeQL)	Initialize CodeQL	2026-10-07T13:42:32.2829876Z             "properties" : {
3b SAST (CodeQL)	Initialize CodeQL	2026-10-07T13:42:32.2830275Z               "verbosity" : {
3b SAST (CodeQL)	Initialize CodeQL	2026-10-07T13:42:32.2830755Z                 "title" : "Extractor logging verbosity level.",
3b SAST (CodeQL)	Initialize CodeQL	2026-10-07T13:42:32.2832470Z                 "description" : "Controls the level of verbosity of the extractor. The supported levels are (in order of increasing verbosity):\n  - off\n  - errors\n  - warnings\n  - info or progress\n  - debug or progress+\n  - trace or progress++\n  - progress+++\n",
3b SAST (CodeQL)	Initialize CodeQL	2026-10-07T13:42:32.2864562Z                 "type" : "string",
3b SAST (CodeQL)	Initialize CodeQL	2026-10-07T13:42:32.2865464Z                 "pattern" : "^(off|errors|warnings|(info|progress)|(debug|progress\\+)|(trace|progress\\+\\+)|progress\\+\\+\\+)$"
3b SAST (CodeQL)	Initialize CodeQL	2026-10-07T13:42:32.2866405Z               },
3b SAST (CodeQL)	Initialize CodeQL	2026-10-07T13:42:32.2866745Z               "flamegraph" : {
3b SAST (CodeQL)	Initialize CodeQL	2026-10-07T13:42:32.2867305Z                 "title" : "[Experimental] File path for write flame graph log",
3b SAST (CodeQL)	Initialize CodeQL	2026-10-07T13:42:32.2868921Z                 "description" : "Collect flame graph data using the `tracing-flame` crate. To render a flame graph or chart, run the `inferno-flamegraph` command. See also: https://crates.io/crates/tracing-flame\n",
3b SAST (CodeQL)	Initialize CodeQL	2026-10-07T13:42:32.2870372Z                 "type" : "string"
3b SAST (CodeQL)	Initialize CodeQL	2026-10-07T13:42:32.2870793Z               }
3b SAST (CodeQL)	Initialize CodeQL	2026-10-07T13:42:32.2871155Z             }
3b SAST (CodeQL)	Initialize CodeQL	2026-10-07T13:42:32.2871439Z           },
3b SAST (CodeQL)	Initialize CodeQL	2026-10-07T13:42:32.2871768Z           "extract_dependencies_as_source" : {
3b SAST (CodeQL)	Initialize CodeQL	2026-10-07T13:42:32.2872322Z             "title" : "Extract dependencies as source code",
3b SAST (CodeQL)	Initialize CodeQL	2026-10-07T13:42:32.2873456Z             "description" : "Extract the full source code of dependencies instead of only extracting signatures.\n",
3b SAST (CodeQL)	Initialize CodeQL	2026-10-07T13:42:32.2874367Z             "type" : "string",
3b SAST (CodeQL)	Initialize CodeQL	2026-10-07T13:42:32.2874791Z             "pattern" : "^(false|true)$"
3b SAST (CodeQL)	Initialize CodeQL	2026-10-07T13:42:32.2875230Z           }
3b SAST (CodeQL)	Initialize CodeQL	2026-10-07T13:42:32.2875557Z         }
3b SAST (CodeQL)	Initialize CodeQL	2026-10-07T13:42:32.2875854Z       }
3b SAST (CodeQL)	Initialize CodeQL	2026-10-07T13:42:32.2876150Z     ],
3b SAST (CodeQL)	Initialize CodeQL	2026-10-07T13:42:32.2876455Z     "csharp" : [
3b SAST (CodeQL)	Initialize CodeQL	2026-10-07T13:42:32.2876776Z       {
3b SAST (CodeQL)	Initialize CodeQL	2026-10-07T13:42:32.2877295Z         "extractor_root" : "/opt/hostedtoolcache/CodeQL/2.27.1/x64/codeql/csharp",
3b SAST (CodeQL)	Initialize CodeQL	2026-10-07T13:42:32.2877979Z         "extractor_options" : {
3b SAST (CodeQL)	Initialize CodeQL	2026-10-07T13:42:32.2878382Z           "trap" : {
3b SAST (CodeQL)	Initialize CodeQL	2026-10-07T13:42:32.2878787Z             "title" : "Options pertaining to TRAP.",
3b SAST (CodeQL)	Initialize CodeQL	2026-10-07T13:42:32.2879357Z             "description" : "Options pertaining to TRAP.",
3b SAST (CodeQL)	Initialize CodeQL	2026-10-07T13:42:32.2880273Z             "type" : "object",
3b SAST (CodeQL)	Initialize CodeQL	2026-10-07T13:42:32.2880671Z             "properties" : {
3b SAST (CodeQL)	Initialize CodeQL	2026-10-07T13:42:32.2881066Z               "compression" : {
3b SAST (CodeQL)	Initialize CodeQL	2026-10-07T13:42:32.2881716Z                 "title" : "Controls compression for the TRAP files written by the extractor.",
3b SAST (CodeQL)	Initialize CodeQL	2026-10-07T13:42:32.2883958Z                 "description" : "This option is only intended for use in debugging the extractor. Accepted values are 'brotli' (the default, to write brotli-compressed TRAP), 'gzip', and 'none' (to write uncompressed TRAP).\n",
3b SAST (CodeQL)	Initialize CodeQL	2026-10-07T13:42:32.2885399Z                 "type" : "string",
3b SAST (CodeQL)	Initialize CodeQL	2026-10-07T13:42:32.2885838Z                 "pattern" : "^(none|gzip|brotli)$"
3b SAST (CodeQL)	Initialize CodeQL	2026-10-07T13:42:32.2886274Z               }
3b SAST (CodeQL)	Initialize CodeQL	2026-10-07T13:42:32.2886567Z             }
3b SAST (CodeQL)	Initialize CodeQL	2026-10-07T13:42:32.2886848Z           },
3b SAST (CodeQL)	Initialize CodeQL	2026-10-07T13:42:32.2887137Z           "buildless" : {
3b SAST (CodeQL)	Initialize CodeQL	2026-10-07T13:42:32.2887697Z             "title" : "DEPRECATED - Whether to use buildless (standalone) extraction.",
3b SAST (CodeQL)	Initialize CodeQL	2026-10-07T13:42:32.2890916Z             "description" : "DEPRECATED: Use `--build-mode none` instead.\nA value indicating, which type of extraction the autobuilder should perform. If 'true', then the standalone extractor will be used, otherwise tracing extraction will be performed. The default is 'false'. Note that buildless extraction will generally yield less accurate analysis results, and should only be used in cases where it is not possible to build the code (for example if it uses inaccessible dependencies).\n",
3b SAST (CodeQL)	Initialize CodeQL	2026-10-07T13:42:32.2894562Z             "type" : "string",
3b SAST (CodeQL)	Initialize CodeQL	2026-10-07T13:42:32.2894992Z             "pattern" : "^(false|true)$"
3b SAST (CodeQL)	Initialize CodeQL	2026-10-07T13:42:32.2895427Z           },
3b SAST (CodeQL)	Initialize CodeQL	2026-10-07T13:42:32.2895744Z           "logging" : {
3b SAST (CodeQL)	Initialize CodeQL	2026-10-07T13:42:32.2896172Z             "title" : "Options pertaining to logging.",
3b SAST (CodeQL)	Initialize CodeQL	2026-10-07T13:42:32.2896780Z             "description" : "Options pertaining to logging.",
3b SAST (CodeQL)	Initialize CodeQL	2026-10-07T13:42:32.2897325Z             "type" : "object",
3b SAST (CodeQL)	Initialize CodeQL	2026-10-07T13:42:32.2897720Z             "properties" : {
3b SAST (CodeQL)	Initialize CodeQL	2026-10-07T13:42:32.2898154Z               "verbosity" : {
3b SAST (CodeQL)	Initialize CodeQL	2026-10-07T13:42:32.2898611Z                 "title" : "Extractor logging verbosity level.",
3b SAST (CodeQL)	Initialize CodeQL	2026-10-07T13:42:32.2900264Z                 "description" : "Controls the level of verbosity of the extractor. The supported levels are (in order of increasing verbosity):\n  - off\n  - errors\n  - warnings\n  - info or progress\n  - debug or progress+\n  - trace or progress++\n  - progress+++\n",
3b SAST (CodeQL)	Initialize CodeQL	2026-10-07T13:42:32.2901930Z                 "type" : "string",
3b SAST (CodeQL)	Initialize CodeQL	2026-10-07T13:42:32.2902771Z                 "pattern" : "^(off|errors|warnings|(info|progress)|(debug|progress\\+)|(trace|progress\\+\\+)|progress\\+\\+\\+)$"
3b SAST (CodeQL)	Initialize CodeQL	2026-10-07T13:42:32.2903904Z               }
3b SAST (CodeQL)	Initialize CodeQL	2026-10-07T13:42:32.2904234Z             }
3b SAST (CodeQL)	Initialize CodeQL	2026-10-07T13:42:32.2904538Z           },
3b SAST (CodeQL)	Initialize CodeQL	2026-10-07T13:42:32.2904840Z           "binlog" : {
3b SAST (CodeQL)	Initialize CodeQL	2026-10-07T13:42:32.2905200Z             "title" : "Binlog",
3b SAST (CodeQL)	Initialize CodeQL	2026-10-07T13:42:32.2906590Z             "description" : "[EXPERIMENTAL] The value is a path to the MsBuild binary log file that should be extracted. This option only works when `--build-mode none` is also specified.\n",
3b SAST (CodeQL)	Initialize CodeQL	2026-10-07T13:42:32.2907890Z             "type" : "array"
3b SAST (CodeQL)	Initialize CodeQL	2026-10-07T13:42:32.2908266Z           },
3b SAST (CodeQL)	Initialize CodeQL	2026-10-07T13:42:32.2908627Z           "buildless_dependency_dir" : {
3b SAST (CodeQL)	Initialize CodeQL	2026-10-07T13:42:32.2909386Z             "title" : "The path where buildless (standalone) extraction should keep dependencies.",
3b SAST (CodeQL)	Initialize CodeQL	2026-10-07T13:42:32.2910581Z             "description" : "If set, the buildless (standalone) extractor will store dependencies in this directory.\n",
3b SAST (CodeQL)	Initialize CodeQL	2026-10-07T13:42:32.2911478Z             "type" : "string"
3b SAST (CodeQL)	Initialize CodeQL	2026-10-07T13:42:32.2911860Z           }
3b SAST (CodeQL)	Initialize CodeQL	2026-10-07T13:42:32.2912157Z         }
3b SAST (CodeQL)	Initialize CodeQL	2026-10-07T13:42:32.2912445Z       }
3b SAST (CodeQL)	Initialize CodeQL	2026-10-07T13:42:32.2912738Z     ],
3b SAST (CodeQL)	Initialize CodeQL	2026-10-07T13:42:32.2913027Z     "python" : [
3b SAST (CodeQL)	Initialize CodeQL	2026-10-07T13:42:32.2913535Z       {
3b SAST (CodeQL)	Initialize CodeQL	2026-10-07T13:42:32.2914041Z         "extractor_root" : "/opt/hostedtoolcache/CodeQL/2.27.1/x64/codeql/python",
3b SAST (CodeQL)	Initialize CodeQL	2026-10-07T13:42:32.2914768Z         "extractor_options" : {
3b SAST (CodeQL)	Initialize CodeQL	2026-10-07T13:42:32.2915460Z           "logging" : {
3b SAST (CodeQL)	Initialize CodeQL	2026-10-07T13:42:32.2915888Z             "title" : "Options pertaining to logging.",
3b SAST (CodeQL)	Initialize CodeQL	2026-10-07T13:42:32.2916491Z             "description" : "Options pertaining to logging.",
3b SAST (CodeQL)	Initialize CodeQL	2026-10-07T13:42:32.2917240Z             "type" : "object",
3b SAST (CodeQL)	Initialize CodeQL	2026-10-07T13:42:32.2917683Z             "properties" : {
3b SAST (CodeQL)	Initialize CodeQL	2026-10-07T13:42:32.2918272Z               "verbosity" : {
3b SAST (CodeQL)	Initialize CodeQL	2026-10-07T13:42:32.2919022Z                 "title" : "Python extractor logging verbosity level.",
3b SAST (CodeQL)	Initialize CodeQL	2026-10-07T13:42:32.2920884Z                 "description" : "Controls the level of verbosity of the CodeQL Python extractor.\nThe supported levels are (in order of increasing verbosity):\n\n  - off\n  - errors\n  - warnings\n  - info or progress\n  - debug or progress+\n  - trace or progress++\n  - progress+++\n",
3b SAST (CodeQL)	Initialize CodeQL	2026-10-07T13:42:32.2922702Z                 "type" : "string",
3b SAST (CodeQL)	Initialize CodeQL	2026-10-07T13:42:32.2923803Z                 "pattern" : "^(off|errors|warnings|(info|progress)|(debug|progress\\+)|(trace|progress\\+\\+)|progress\\+\\+\\+)$"
3b SAST (CodeQL)	Initialize CodeQL	2026-10-07T13:42:32.2924668Z               }
3b SAST (CodeQL)	Initialize CodeQL	2026-10-07T13:42:32.2924967Z             }
3b SAST (CodeQL)	Initialize CodeQL	2026-10-07T13:42:32.2925255Z           },
3b SAST (CodeQL)	Initialize CodeQL	2026-10-07T13:42:32.2925580Z           "python_executable_name" : {
3b SAST (CodeQL)	Initialize CodeQL	2026-10-07T13:42:32.2926327Z             "title" : "Controls the name of the Python executable used by the Python extractor.",
3b SAST (CodeQL)	Initialize CodeQL	2026-10-07T13:42:32.2928909Z             "description" : "The Python extractor uses platform-dependent heuristics to determine the name of the Python executable to use. Specifying a value for this option overrides the name of the Python executable used by the extractor. Accepted values are py, python and python3. Use this setting with caution, the Python extractor requires Python 3 to run.\n",
3b SAST (CodeQL)	Initialize CodeQL	2026-10-07T13:42:32.2931297Z             "type" : "string",
3b SAST (CodeQL)	Initialize CodeQL	2026-10-07T13:42:32.2931758Z             "pattern" : "^(py|python|python3)$"
3b SAST (CodeQL)	Initialize CodeQL	2026-10-07T13:42:32.2932232Z           }
3b SAST (CodeQL)	Initialize CodeQL	2026-10-07T13:42:32.2932513Z         }
3b SAST (CodeQL)	Initialize CodeQL	2026-10-07T13:42:32.2932777Z       }
3b SAST (CodeQL)	Initialize CodeQL	2026-10-07T13:42:32.2933057Z     ],
3b SAST (CodeQL)	Initialize CodeQL	2026-10-07T13:42:32.2933610Z     "cpp" : [
3b SAST (CodeQL)	Initialize CodeQL	2026-10-07T13:42:32.2933920Z       {
3b SAST (CodeQL)	Initialize CodeQL	2026-10-07T13:42:32.2934416Z         "extractor_root" : "/opt/hostedtoolcache/CodeQL/2.27.1/x64/codeql/cpp",
3b SAST (CodeQL)	Initialize CodeQL	2026-10-07T13:42:32.2935074Z         "extractor_options" : {
3b SAST (CodeQL)	Initialize CodeQL	2026-10-07T13:42:32.2935472Z           "trap" : {
3b SAST (CodeQL)	Initialize CodeQL	2026-10-07T13:42:32.2935831Z             "title" : "TRAP options",
3b SAST (CodeQL)	Initialize CodeQL	2026-10-07T13:42:32.2936434Z             "description" : "Options about how the extractor handles TRAP files",
3b SAST (CodeQL)	Initialize CodeQL	2026-10-07T13:42:32.2937071Z             "type" : "object",
3b SAST (CodeQL)	Initialize CodeQL	2026-10-07T13:42:32.2937457Z             "visibility" : 3,
3b SAST (CodeQL)	Initialize CodeQL	2026-10-07T13:42:32.2937843Z             "properties" : {
3b SAST (CodeQL)	Initialize CodeQL	2026-10-07T13:42:32.2938256Z               "cache" : {
3b SAST (CodeQL)	Initialize CodeQL	2026-10-07T13:42:32.2938629Z                 "title" : "TRAP cache options",
3b SAST (CodeQL)	Initialize CodeQL	2026-10-07T13:42:32.2939240Z                 "description" : "Options about how the extractor handles its TRAP cache",
3b SAST (CodeQL)	Initialize CodeQL	2026-10-07T13:42:32.2939910Z                 "type" : "object",
3b SAST (CodeQL)	Initialize CodeQL	2026-10-07T13:42:32.2940321Z                 "properties" : {
3b SAST (CodeQL)	Initialize CodeQL	2026-10-07T13:42:32.2940691Z                   "dir" : {
3b SAST (CodeQL)	Initialize CodeQL	2026-10-07T13:42:32.2941089Z                     "title" : "TRAP cache directory",
3b SAST (CodeQL)	Initialize CodeQL	2026-10-07T13:42:32.2941694Z                     "description" : "The directory of the TRAP cache to use",
3b SAST (CodeQL)	Initialize CodeQL	2026-10-07T13:42:32.2942325Z                     "type" : "string"
3b SAST (CodeQL)	Initialize CodeQL	2026-10-07T13:42:32.2942744Z                   },
3b SAST (CodeQL)	Initialize CodeQL	2026-10-07T13:42:32.2943367Z                   "bound" : {
3b SAST (CodeQL)	Initialize CodeQL	2026-10-07T13:42:32.2943809Z                     "title" : "TRAP cache bound",
3b SAST (CodeQL)	Initialize CodeQL	2026-10-07T13:42:32.2944484Z                     "description" : "A soft limit (in MB) on the size of the TRAP cache",
3b SAST (CodeQL)	Initialize CodeQL	2026-10-07T13:42:32.2945136Z                     "type" : "string",
3b SAST (CodeQL)	Initialize CodeQL	2026-10-07T13:42:32.2945572Z                     "pattern" : "[0-9]+"
3b SAST (CodeQL)	Initialize CodeQL	2026-10-07T13:42:32.2945985Z                   },
3b SAST (CodeQL)	Initialize CodeQL	2026-10-07T13:42:32.2946335Z                   "write" : {
3b SAST (CodeQL)	Initialize CodeQL	2026-10-07T13:42:32.2946771Z                     "title" : "TRAP cache writeable",
3b SAST (CodeQL)	Initialize CodeQL	2026-10-07T13:42:32.2947505Z                     "description" : "Whether to write to the TRAP cache as well as reading it",
3b SAST (CodeQL)	Initialize CodeQL	2026-10-07T13:42:32.2948528Z                     "type" : "string",
3b SAST (CodeQL)	Initialize CodeQL	2026-10-07T13:42:32.2949025Z                     "pattern" : "(true|TRUE|false|FALSE)"
3b SAST (CodeQL)	Initialize CodeQL	2026-10-07T13:42:32.2949823Z                   }
3b SAST (CodeQL)	Initialize CodeQL	2026-10-07T13:42:32.2950167Z                 }
3b SAST (CodeQL)	Initialize CodeQL	2026-10-07T13:42:32.2950482Z               }
3b SAST (CodeQL)	Initialize CodeQL	2026-10-07T13:42:32.2950802Z             }
3b SAST (CodeQL)	Initialize CodeQL	2026-10-07T13:42:32.2951109Z           },
3b SAST (CodeQL)	Initialize CodeQL	2026-10-07T13:42:32.2951440Z           "scale_timeouts" : {
3b SAST (CodeQL)	Initialize CodeQL	2026-10-07T13:42:32.2952011Z             "title" : "Value to scale compiler introspection timeouts with",
3b SAST (CodeQL)	Initialize CodeQL	2026-10-07T13:42:32.2954816Z             "description" : "The extractor attempts to determine what compiler the source code being extracted is compiled with. To this end the extractor makes additional calls to the compiler, some of which are expected to return within a certain fixed time (either 10s or 15s). On some systems that are under high load this time might be too short, and can be scaled up using this option.\n",
3b SAST (CodeQL)	Initialize CodeQL	2026-10-07T13:42:32.2957425Z             "type" : "string",
3b SAST (CodeQL)	Initialize CodeQL	2026-10-07T13:42:32.2957863Z             "pattern" : "[0-9]+"
3b SAST (CodeQL)	Initialize CodeQL	2026-10-07T13:42:32.2958299Z           },
3b SAST (CodeQL)	Initialize CodeQL	2026-10-07T13:42:32.2958663Z           "log_verbosity" : {
3b SAST (CodeQL)	Initialize CodeQL	2026-10-07T13:42:32.2959156Z             "title" : "Verbosity of the extractor logging",
3b SAST (CodeQL)	Initialize CodeQL	2026-10-07T13:42:32.2960556Z             "description" : "Set the verbosity of the extractor logging to 'quiet' (0), 'normal' (1), 'chatty' (2), or 'noisy' (3). The default is 'normal'.\n",
3b SAST (CodeQL)	Initialize CodeQL	2026-10-07T13:42:32.2961801Z             "type" : "string",
3b SAST (CodeQL)	Initialize CodeQL	2026-10-07T13:42:32.2962223Z             "pattern" : "[0-3]"
3b SAST (CodeQL)	Initialize CodeQL	2026-10-07T13:42:32.2962613Z           },
3b SAST (CodeQL)	Initialize CodeQL	2026-10-07T13:42:32.2962963Z           "frontend_options" : {
3b SAST (CodeQL)	Initialize CodeQL	2026-10-07T13:42:32.2963711Z             "title" : "C/C++ extractor frontend options",
3b SAST (CodeQL)	Initialize CodeQL	2026-10-07T13:42:32.2964611Z             "description" : "Set additional options that should be passed to the C/C++ extractor frontend.\n",
3b SAST (CodeQL)	Initialize CodeQL	2026-10-07T13:42:32.2965443Z             "type" : "array",
3b SAST (CodeQL)	Initialize CodeQL	2026-10-07T13:42:32.2965858Z             "visibility" : 3
3b SAST (CodeQL)	Initialize CodeQL	2026-10-07T13:42:32.2966246Z           }
3b SAST (CodeQL)	Initialize CodeQL	2026-10-07T13:42:32.2966556Z         }
3b SAST (CodeQL)	Initialize CodeQL	2026-10-07T13:42:32.2966851Z       }
3b SAST (CodeQL)	Initialize CodeQL	2026-10-07T13:42:32.2967158Z     ],
3b SAST (CodeQL)	Initialize CodeQL	2026-10-07T13:42:32.2967467Z     "java" : [
3b SAST (CodeQL)	Initialize CodeQL	2026-10-07T13:42:32.2967796Z       {
3b SAST (CodeQL)	Initialize CodeQL	2026-10-07T13:42:32.2968324Z         "extractor_root" : "/opt/hostedtoolcache/CodeQL/2.27.1/x64/codeql/java",
3b SAST (CodeQL)	Initialize CodeQL	2026-10-07T13:42:32.2969012Z         "extractor_options" : {
3b SAST (CodeQL)	Initialize CodeQL	2026-10-07T13:42:32.2969434Z           "exclude" : {
3b SAST (CodeQL)	Initialize CodeQL	2026-10-07T13:42:32.2969897Z             "title" : "A glob excluding files from analysis.",
3b SAST (CodeQL)	Initialize CodeQL	2026-10-07T13:42:32.2971243Z             "description" : "A glob indicating what files to exclude from the analysis. This accepts glob patterns that are supported by Java's 'getPathMatcher' implementation.\n",
3b SAST (CodeQL)	Initialize CodeQL	2026-10-07T13:42:32.2972499Z             "type" : "string"
3b SAST (CodeQL)	Initialize CodeQL	2026-10-07T13:42:32.2972874Z           },
3b SAST (CodeQL)	Initialize CodeQL	2026-10-07T13:42:32.2973498Z           "add_prefer_source" : {
3b SAST (CodeQL)	Initialize CodeQL	2026-10-07T13:42:32.2974085Z             "title" : "Whether to always prefer source files over class files.",
3b SAST (CodeQL)	Initialize CodeQL	2026-10-07T13:42:32.2976162Z             "description" : "A value indicating whether source files should be preferred over class files. If set to 'true', the extraction adds '-Xprefer:source' to the javac command line. If set to 'false', the extraction uses the default javac behavior ('-Xprefer:newer'). The default is 'true'.\n",
3b SAST (CodeQL)	Initialize CodeQL	2026-10-07T13:42:32.2978078Z             "type" : "string",
3b SAST (CodeQL)	Initialize CodeQL	2026-10-07T13:42:32.2978510Z             "pattern" : "^(false|true)$"
3b SAST (CodeQL)	Initialize CodeQL	2026-10-07T13:42:32.2978953Z           },
3b SAST (CodeQL)	Initialize CodeQL	2026-10-07T13:42:32.2979270Z           "buildless" : {
3b SAST (CodeQL)	Initialize CodeQL	2026-10-07T13:42:32.2979868Z             "title" : "Whether to use buildless (standalone) extraction (experimental).",
3b SAST (CodeQL)	Initialize CodeQL	2026-10-07T13:42:32.2982934Z             "description" : "A value indicating, which type of extraction the autobuilder should perform. If 'true', then the standalone extractor will be used, otherwise tracing extraction will be performed. The default is 'false'. Note that buildless extraction will generally yield less accurate analysis results, and should only be used in cases where it is not possible to build the code (for example if it uses inaccessible dependencies).\n",
3b SAST (CodeQL)	Initialize CodeQL	2026-10-07T13:42:32.2986262Z             "type" : "string",
3b SAST (CodeQL)	Initialize CodeQL	2026-10-07T13:42:32.2986531Z             "pattern" : "^(false|true)$"
3b SAST (CodeQL)	Initialize CodeQL	2026-10-07T13:42:32.2986791Z           },
3b SAST (CodeQL)	Initialize CodeQL	2026-10-07T13:42:32.2987008Z           "buildless_dependency_dir" : {
3b SAST (CodeQL)	Initialize CodeQL	2026-10-07T13:42:32.2987444Z             "title" : "The path where buildless (standalone) extraction should keep dependencies.",
3b SAST (CodeQL)	Initialize CodeQL	2026-10-07T13:42:32.2988104Z             "description" : "If set, the buildless (standalone) extractor will store dependencies in this directory.\n",
3b SAST (CodeQL)	Initialize CodeQL	2026-10-07T13:42:32.2988595Z             "type" : "string"
3b SAST (CodeQL)	Initialize CodeQL	2026-10-07T13:42:32.2988816Z           },
3b SAST (CodeQL)	Initialize CodeQL	2026-10-07T13:42:32.2989017Z           "minimize_dependency_jars" : {
3b SAST (CodeQL)	Initialize CodeQL	2026-10-07T13:42:32.2989445Z             "title" : "Whether to rewrite and minimize downloaded JAR dependencies (experimental).",
3b SAST (CodeQL)	Initialize CodeQL	2026-10-07T13:42:32.2990535Z             "description" : "If 'true', JAR dependencies downloaded during extraction will be rewritten to remove unneeded data, such as method bodies. The default is 'false'.\n",
3b SAST (CodeQL)	Initialize CodeQL	2026-10-07T13:42:32.2991566Z             "type" : "string",
3b SAST (CodeQL)	Initialize CodeQL	2026-10-07T13:42:32.2991809Z             "pattern" : "^(false|true)$"
3b SAST (CodeQL)	Initialize CodeQL	2026-10-07T13:42:32.2992053Z           }
3b SAST (CodeQL)	Initialize CodeQL	2026-10-07T13:42:32.2992224Z         }
3b SAST (CodeQL)	Initialize CodeQL	2026-10-07T13:42:32.2992395Z       }
3b SAST (CodeQL)	Initialize CodeQL	2026-10-07T13:42:32.2992560Z     ],
3b SAST (CodeQL)	Initialize CodeQL	2026-10-07T13:42:32.2992831Z     "go" : [
3b SAST (CodeQL)	Initialize CodeQL	2026-10-07T13:42:32.2993376Z       {
3b SAST (CodeQL)	Initialize CodeQL	2026-10-07T13:42:32.2993854Z         "extractor_root" : "/opt/hostedtoolcache/CodeQL/2.27.1/x64/codeql/go",
3b SAST (CodeQL)	Initialize CodeQL	2026-10-07T13:42:32.2994299Z         "extractor_options" : {
3b SAST (CodeQL)	Initialize CodeQL	2026-10-07T13:42:32.2994541Z           "extract_tests" : {
3b SAST (CodeQL)	Initialize CodeQL	2026-10-07T13:42:32.2994920Z             "title" : "Whether to include Go test files in the CodeQL database.",
3b SAST (CodeQL)	Initialize CodeQL	2026-10-07T13:42:32.2995764Z             "description" : "A value indicating whether Go test files should be included in the CodeQL database. The default is 'false'.\n",
3b SAST (CodeQL)	Initialize CodeQL	2026-10-07T13:42:32.2996505Z             "type" : "string",
3b SAST (CodeQL)	Initialize CodeQL	2026-10-07T13:42:32.2996903Z             "pattern" : "^(false|true)$"
3b SAST (CodeQL)	Initialize CodeQL	2026-10-07T13:42:32.2997170Z           },
3b SAST (CodeQL)	Initialize CodeQL	2026-10-07T13:42:32.2997360Z           "extract_vendor_dirs" : {
3b SAST (CodeQL)	Initialize CodeQL	2026-10-07T13:42:32.2997729Z             "title" : "Whether to include Go vendor directories in the CodeQL database.",
3b SAST (CodeQL)	Initialize CodeQL	2026-10-07T13:42:32.2998586Z             "description" : "A value indicating whether Go vendor directories should be included in the CodeQL database. The default is 'false'.\n",
3b SAST (CodeQL)	Initialize CodeQL	2026-10-07T13:42:32.2999292Z             "type" : "string",
3b SAST (CodeQL)	Initialize CodeQL	2026-10-07T13:42:32.2999623Z             "pattern" : "^(false|true)$"
3b SAST (CodeQL)	Initialize CodeQL	2026-10-07T13:42:32.2999894Z           }
3b SAST (CodeQL)	Initialize CodeQL	2026-10-07T13:42:32.3000063Z         }
3b SAST (CodeQL)	Initialize CodeQL	2026-10-07T13:42:32.3000231Z       }
3b SAST (CodeQL)	Initialize CodeQL	2026-10-07T13:42:32.3000394Z     ],
3b SAST (CodeQL)	Initialize CodeQL	2026-10-07T13:42:32.3000569Z     "actions" : [
3b SAST (CodeQL)	Initialize CodeQL	2026-10-07T13:42:32.3000760Z       {
3b SAST (CodeQL)	Initialize CodeQL	2026-10-07T13:42:32.3001191Z         "extractor_root" : "/opt/hostedtoolcache/CodeQL/2.27.1/x64/codeql/actions",
3b SAST (CodeQL)	Initialize CodeQL	2026-10-07T13:42:32.3001666Z         "extractor_options" : {
3b SAST (CodeQL)	Initialize CodeQL	2026-10-07T13:42:32.3001970Z           "trap" : {
3b SAST (CodeQL)	Initialize CodeQL	2026-10-07T13:42:32.3002226Z             "title" : "TRAP options",
3b SAST (CodeQL)	Initialize CodeQL	2026-10-07T13:42:32.3002712Z             "description" : "Options about how the extractor handles TRAP files",
3b SAST (CodeQL)	Initialize CodeQL	2026-10-07T13:42:32.3003282Z             "type" : "object",
3b SAST (CodeQL)	Initialize CodeQL	2026-10-07T13:42:32.3003569Z             "visibility" : 3,
3b SAST (CodeQL)	Initialize CodeQL	2026-10-07T13:42:32.3003804Z             "properties" : {
3b SAST (CodeQL)	Initialize CodeQL	2026-10-07T13:42:32.3004027Z               "cache" : {
3b SAST (CodeQL)	Initialize CodeQL	2026-10-07T13:42:32.3004315Z                 "title" : "TRAP cache options",
3b SAST (CodeQL)	Initialize CodeQL	2026-10-07T13:42:32.3004821Z                 "description" : "Options about how the extractor handles its TRAP cache",
3b SAST (CodeQL)	Initialize CodeQL	2026-10-07T13:42:32.3005340Z                 "type" : "object",
3b SAST (CodeQL)	Initialize CodeQL	2026-10-07T13:42:32.3005603Z                 "properties" : {
3b SAST (CodeQL)	Initialize CodeQL	2026-10-07T13:42:32.3005963Z                   "dir" : {
3b SAST (CodeQL)	Initialize CodeQL	2026-10-07T13:42:32.3006221Z                     "title" : "TRAP cache directory",
3b SAST (CodeQL)	Initialize CodeQL	2026-10-07T13:42:32.3006802Z                     "description" : "The directory of the TRAP cache to use",
3b SAST (CodeQL)	Initialize CodeQL	2026-10-07T13:42:32.3007144Z                     "type" : "string"
3b SAST (CodeQL)	Initialize CodeQL	2026-10-07T13:42:32.3007497Z                   },
3b SAST (CodeQL)	Initialize CodeQL	2026-10-07T13:42:32.3007700Z                   "bound" : {
3b SAST (CodeQL)	Initialize CodeQL	2026-10-07T13:42:32.3007940Z                     "title" : "TRAP cache bound",
3b SAST (CodeQL)	Initialize CodeQL	2026-10-07T13:42:32.3008313Z                     "description" : "A soft limit (in MB) on the size of the TRAP cache",
3b SAST (CodeQL)	Initialize CodeQL	2026-10-07T13:42:32.3008686Z                     "type" : "string",
3b SAST (CodeQL)	Initialize CodeQL	2026-10-07T13:42:32.3008939Z                     "pattern" : "[0-9]+"
3b SAST (CodeQL)	Initialize CodeQL	2026-10-07T13:42:32.3009180Z                   },
3b SAST (CodeQL)	Initialize CodeQL	2026-10-07T13:42:32.3009379Z                   "write" : {
3b SAST (CodeQL)	Initialize CodeQL	2026-10-07T13:42:32.3009619Z                     "title" : "TRAP cache writeable",
3b SAST (CodeQL)	Initialize CodeQL	2026-10-07T13:42:32.3010017Z                     "description" : "Whether to write to the TRAP cache as well as reading it",
3b SAST (CodeQL)	Initialize CodeQL	2026-10-07T13:42:32.3010409Z                     "type" : "string",
3b SAST (CodeQL)	Initialize CodeQL	2026-10-07T13:42:32.3010684Z                     "pattern" : "(true|TRUE|false|FALSE)"
3b SAST (CodeQL)	Initialize CodeQL	2026-10-07T13:42:32.3010949Z                   }
3b SAST (CodeQL)	Initialize CodeQL	2026-10-07T13:42:32.3011132Z                 }
3b SAST (CodeQL)	Initialize CodeQL	2026-10-07T13:42:32.3011311Z               }
3b SAST (CodeQL)	Initialize CodeQL	2026-10-07T13:42:32.3011494Z             }
3b SAST (CodeQL)	Initialize CodeQL	2026-10-07T13:42:32.3011668Z           }
3b SAST (CodeQL)	Initialize CodeQL	2026-10-07T13:42:32.3011837Z         }
3b SAST (CodeQL)	Initialize CodeQL	2026-10-07T13:42:32.3012008Z       }
3b SAST (CodeQL)	Initialize CodeQL	2026-10-07T13:42:32.3012172Z     ],
3b SAST (CodeQL)	Initialize CodeQL	2026-10-07T13:42:32.3012344Z     "javascript" : [
3b SAST (CodeQL)	Initialize CodeQL	2026-10-07T13:42:32.3012533Z       {
3b SAST (CodeQL)	Initialize CodeQL	2026-10-07T13:42:32.3012833Z         "extractor_root" : "/opt/hostedtoolcache/CodeQL/2.27.1/x64/codeql/javascript",
3b SAST (CodeQL)	Initialize CodeQL	2026-10-07T13:42:32.3013501Z         "extractor_options" : {
3b SAST (CodeQL)	Initialize CodeQL	2026-10-07T13:42:32.3013733Z           "trap" : {
3b SAST (CodeQL)	Initialize CodeQL	2026-10-07T13:42:32.3013939Z             "title" : "TRAP options",
3b SAST (CodeQL)	Initialize CodeQL	2026-10-07T13:42:32.3014300Z             "description" : "Options about how the extractor handles TRAP files",
3b SAST (CodeQL)	Initialize CodeQL	2026-10-07T13:42:32.3014668Z             "type" : "object",
3b SAST (CodeQL)	Initialize CodeQL	2026-10-07T13:42:32.3014928Z             "visibility" : 3,
3b SAST (CodeQL)	Initialize CodeQL	2026-10-07T13:42:32.3015169Z             "properties" : {
3b SAST (CodeQL)	Initialize CodeQL	2026-10-07T13:42:32.3015394Z               "cache" : {
3b SAST (CodeQL)	Initialize CodeQL	2026-10-07T13:42:32.3015629Z                 "title" : "TRAP cache options",
3b SAST (CodeQL)	Initialize CodeQL	2026-10-07T13:42:32.3016024Z                 "description" : "Options about how the extractor handles its TRAP cache",
3b SAST (CodeQL)	Initialize CodeQL	2026-10-07T13:42:32.3016402Z                 "type" : "object",
3b SAST (CodeQL)	Initialize CodeQL	2026-10-07T13:42:32.3016642Z                 "properties" : {
3b SAST (CodeQL)	Initialize CodeQL	2026-10-07T13:42:32.3016870Z                   "dir" : {
3b SAST (CodeQL)	Initialize CodeQL	2026-10-07T13:42:32.3017113Z                     "title" : "TRAP cache directory",
3b SAST (CodeQL)	Initialize CodeQL	2026-10-07T13:42:32.3017480Z                     "description" : "The directory of the TRAP cache to use",
3b SAST (CodeQL)	Initialize CodeQL	2026-10-07T13:42:32.3017861Z                     "type" : "string"
3b SAST (CodeQL)	Initialize CodeQL	2026-10-07T13:42:32.3018139Z                   },
3b SAST (CodeQL)	Initialize CodeQL	2026-10-07T13:42:32.3018379Z                   "bound" : {
3b SAST (CodeQL)	Initialize CodeQL	2026-10-07T13:42:32.3018692Z                     "title" : "TRAP cache bound",
3b SAST (CodeQL)	Initialize CodeQL	2026-10-07T13:42:32.3019106Z                     "description" : "A soft limit (in MB) on the size of the TRAP cache",
3b SAST (CodeQL)	Initialize CodeQL	2026-10-07T13:42:32.3019484Z                     "type" : "string",
3b SAST (CodeQL)	Initialize CodeQL	2026-10-07T13:42:32.3019735Z                     "pattern" : "[0-9]+"
3b SAST (CodeQL)	Initialize CodeQL	2026-10-07T13:42:32.3019980Z                   },
3b SAST (CodeQL)	Initialize CodeQL	2026-10-07T13:42:32.3020174Z                   "write" : {
3b SAST (CodeQL)	Initialize CodeQL	2026-10-07T13:42:32.3020417Z                     "title" : "TRAP cache writeable",
3b SAST (CodeQL)	Initialize CodeQL	2026-10-07T13:42:32.3020820Z                     "description" : "Whether to write to the TRAP cache as well as reading it",
3b SAST (CodeQL)	Initialize CodeQL	2026-10-07T13:42:32.3021216Z                     "type" : "string",
3b SAST (CodeQL)	Initialize CodeQL	2026-10-07T13:42:32.3021481Z                     "pattern" : "(true|TRUE|false|FALSE)"
3b SAST (CodeQL)	Initialize CodeQL	2026-10-07T13:42:32.3021744Z                   }
3b SAST (CodeQL)	Initialize CodeQL	2026-10-07T13:42:32.3021927Z                 }
3b SAST (CodeQL)	Initialize CodeQL	2026-10-07T13:42:32.3022102Z               }
3b SAST (CodeQL)	Initialize CodeQL	2026-10-07T13:42:32.3022275Z             }
3b SAST (CodeQL)	Initialize CodeQL	2026-10-07T13:42:32.3022445Z           },
3b SAST (CodeQL)	Initialize CodeQL	2026-10-07T13:42:32.3022629Z           "skip_types" : {
3b SAST (CodeQL)	Initialize CodeQL	2026-10-07T13:42:32.3022888Z             "title" : "Skip type extraction for TypeScript",
3b SAST (CodeQL)	Initialize CodeQL	2026-10-07T13:42:32.3023767Z             "description" : "Whether to skip the extraction of types in a TypeScript application",
3b SAST (CodeQL)	Initialize CodeQL	2026-10-07T13:42:32.3024199Z             "type" : "string",
3b SAST (CodeQL)	Initialize CodeQL	2026-10-07T13:42:32.3024606Z             "pattern" : "^(false|true)$"
3b SAST (CodeQL)	Initialize CodeQL	2026-10-07T13:42:32.3024846Z           }
3b SAST (CodeQL)	Initialize CodeQL	2026-10-07T13:42:32.3025013Z         }
3b SAST (CodeQL)	Initialize CodeQL	2026-10-07T13:42:32.3025181Z       }
3b SAST (CodeQL)	Initialize CodeQL	2026-10-07T13:42:32.3025342Z     ],
3b SAST (CodeQL)	Initialize CodeQL	2026-10-07T13:42:32.3025508Z     "ruby" : [
3b SAST (CodeQL)	Initialize CodeQL	2026-10-07T13:42:32.3025684Z       {
3b SAST (CodeQL)	Initialize CodeQL	2026-10-07T13:42:32.3025965Z         "extractor_root" : "/opt/hostedtoolcache/CodeQL/2.27.1/x64/codeql/ruby",
3b SAST (CodeQL)	Initialize CodeQL	2026-10-07T13:42:32.3026334Z         "extractor_options" : {
3b SAST (CodeQL)	Initialize CodeQL	2026-10-07T13:42:32.3026559Z           "trap" : {
3b SAST (CodeQL)	Initialize CodeQL	2026-10-07T13:42:32.3026793Z             "title" : "Options pertaining to TRAP.",
3b SAST (CodeQL)	Initialize CodeQL	2026-10-07T13:42:32.3027112Z             "description" : "Options pertaining to TRAP.",
3b SAST (CodeQL)	Initialize CodeQL	2026-10-07T13:42:32.3027405Z             "type" : "object",
3b SAST (CodeQL)	Initialize CodeQL	2026-10-07T13:42:32.3027633Z             "properties" : {
3b SAST (CodeQL)	Initialize CodeQL	2026-10-07T13:42:32.3027871Z               "compression" : {
3b SAST (CodeQL)	Initialize CodeQL	2026-10-07T13:42:32.3028235Z                 "title" : "Controls compression for the TRAP files written by the extractor.",
3b SAST (CodeQL)	Initialize CodeQL	2026-10-07T13:42:32.3029315Z                 "description" : "This option is only intended for use in debugging the extractor. Accepted values are 'gzip' (the default, to write gzip-compressed TRAP) 'zstd' (to write Zstandard-compressed TRAP) and 'none' (to write uncompressed TRAP).\n",
3b SAST (CodeQL)	Initialize CodeQL	2026-10-07T13:42:32.3030262Z                 "type" : "string",
3b SAST (CodeQL)	Initialize CodeQL	2026-10-07T13:42:32.3030523Z                 "pattern" : "^(none|gzip|zstd)$"
3b SAST (CodeQL)	Initialize CodeQL	2026-10-07T13:42:32.3030784Z               }
3b SAST (CodeQL)	Initialize CodeQL	2026-10-07T13:42:32.3030962Z             }
3b SAST (CodeQL)	Initialize CodeQL	2026-10-07T13:42:32.3031140Z           }
3b SAST (CodeQL)	Initialize CodeQL	2026-10-07T13:42:32.3031309Z         }
3b SAST (CodeQL)	Initialize CodeQL	2026-10-07T13:42:32.3031476Z       }
3b SAST (CodeQL)	Initialize CodeQL	2026-10-07T13:42:32.3031638Z     ],
3b SAST (CodeQL)	Initialize CodeQL	2026-10-07T13:42:32.3031807Z     "swift" : [
3b SAST (CodeQL)	Initialize CodeQL	2026-10-07T13:42:32.3031987Z       {
3b SAST (CodeQL)	Initialize CodeQL	2026-10-07T13:42:32.3032259Z         "extractor_root" : "/opt/hostedtoolcache/CodeQL/2.27.1/x64/codeql/swift"
3b SAST (CodeQL)	Initialize CodeQL	2026-10-07T13:42:32.3032613Z       }
3b SAST (CodeQL)	Initialize CodeQL	2026-10-07T13:42:32.3032775Z     ]
3b SAST (CodeQL)	Initialize CodeQL	2026-10-07T13:42:32.3032942Z   }
3b SAST (CodeQL)	Initialize CodeQL	2026-10-07T13:42:32.3033356Z }
3b SAST (CodeQL)	Initialize CodeQL	2026-10-07T13:42:32.3033886Z Languages from configuration: python
3b SAST (CodeQL)	Initialize CodeQL	2026-10-07T13:42:32.3043357Z Using Git version 2.55.0
3b SAST (CodeQL)	Initialize CodeQL	2026-10-07T13:42:32.3660765Z Using overlay database mode: none without caching.
3b SAST (CodeQL)	Initialize CodeQL	2026-10-07T13:42:32.3696401Z Not performing diff-informed analysis because we are not analyzing a pull request.
3b SAST (CodeQL)	Initialize CodeQL	2026-10-07T13:42:32.3697323Z [command]/opt/hostedtoolcache/CodeQL/2.27.1/x64/codeql/codeql resolve languages --format=betterjson --extractor-options-verbosity=4 --extractor-include-aliases
3b SAST (CodeQL)	Initialize CodeQL	2026-10-07T13:42:33.3834263Z {
3b SAST (CodeQL)	Initialize CodeQL	2026-10-07T13:42:33.3854196Z   "aliases" : {
3b SAST (CodeQL)	Initialize CodeQL	2026-10-07T13:42:33.3856324Z     "c" : "cpp",
3b SAST (CodeQL)	Initialize CodeQL	2026-10-07T13:42:33.3884019Z     "c++" : "cpp",
3b SAST (CodeQL)	Initialize CodeQL	2026-10-07T13:42:33.3884434Z     "c-c++" : "cpp",
3b SAST (CodeQL)	Initialize CodeQL	2026-10-07T13:42:33.3884812Z     "c-cpp" : "cpp",
3b SAST (CodeQL)	Initialize CodeQL	2026-10-07T13:42:33.3885177Z     "c#" : "csharp",
3b SAST (CodeQL)	Initialize CodeQL	2026-10-07T13:42:33.3885555Z     "java-kotlin" : "java",
3b SAST (CodeQL)	Initialize CodeQL	2026-10-07T13:42:33.3885996Z     "kotlin" : "java",
3b SAST (CodeQL)	Initialize CodeQL	2026-10-07T13:42:33.3886387Z     "javascript-typescript" : "javascript",
3b SAST (CodeQL)	Initialize CodeQL	2026-10-07T13:42:33.3886881Z     "typescript" : "javascript"
3b SAST (CodeQL)	Initialize CodeQL	2026-10-07T13:42:33.3887292Z   },
3b SAST (CodeQL)	Initialize CodeQL	2026-10-07T13:42:33.3887633Z   "extractors" : {
3b SAST (CodeQL)	Initialize CodeQL	2026-10-07T13:42:33.3887974Z     "javascript" : [
3b SAST (CodeQL)	Initialize CodeQL	2026-10-07T13:42:33.3888324Z       {
3b SAST (CodeQL)	Initialize CodeQL	2026-10-07T13:42:33.3888872Z         "extractor_root" : "/opt/hostedtoolcache/CodeQL/2.27.1/x64/codeql/javascript",
3b SAST (CodeQL)	Initialize CodeQL	2026-10-07T13:42:33.3889568Z         "extractor_options" : {
3b SAST (CodeQL)	Initialize CodeQL	2026-10-07T13:42:33.3889962Z           "trap" : {
3b SAST (CodeQL)	Initialize CodeQL	2026-10-07T13:42:33.3890317Z             "title" : "TRAP options",
3b SAST (CodeQL)	Initialize CodeQL	2026-10-07T13:42:33.3890903Z             "description" : "Options about how the extractor handles TRAP files",
3b SAST (CodeQL)	Initialize CodeQL	2026-10-07T13:42:33.3891513Z             "type" : "object",
3b SAST (CodeQL)	Initialize CodeQL	2026-10-07T13:42:33.3891918Z             "visibility" : 3,
3b SAST (CodeQL)	Initialize CodeQL	2026-10-07T13:42:33.3892334Z             "properties" : {
3b SAST (CodeQL)	Initialize CodeQL	2026-10-07T13:42:33.3892750Z               "cache" : {
3b SAST (CodeQL)	Initialize CodeQL	2026-10-07T13:42:33.3893420Z                 "title" : "TRAP cache options",
3b SAST (CodeQL)	Initialize CodeQL	2026-10-07T13:42:33.3894606Z                 "description" : "Options about how the extractor handles its TRAP cache",
3b SAST (CodeQL)	Initialize CodeQL	2026-10-07T13:42:33.3895282Z                 "type" : "object",
3b SAST (CodeQL)	Initialize CodeQL	2026-10-07T13:42:33.3895970Z                 "properties" : {
3b SAST (CodeQL)	Initialize CodeQL	2026-10-07T13:42:33.3896385Z                   "dir" : {
3b SAST (CodeQL)	Initialize CodeQL	2026-10-07T13:42:33.3896802Z                     "title" : "TRAP cache directory",
3b SAST (CodeQL)	Initialize CodeQL	2026-10-07T13:42:33.3897459Z                     "description" : "The directory of the TRAP cache to use",
3b SAST (CodeQL)	Initialize CodeQL	2026-10-07T13:42:33.3898084Z                     "type" : "string"
3b SAST (CodeQL)	Initialize CodeQL	2026-10-07T13:42:33.3898483Z                   },
3b SAST (CodeQL)	Initialize CodeQL	2026-10-07T13:42:33.3898788Z                   "bound" : {
3b SAST (CodeQL)	Initialize CodeQL	2026-10-07T13:42:33.3899165Z                     "title" : "TRAP cache bound",
3b SAST (CodeQL)	Initialize CodeQL	2026-10-07T13:42:33.3899554Z                     "description" : "A soft limit (in MB) on the size of the TRAP cache",
3b SAST (CodeQL)	Initialize CodeQL	2026-10-07T13:42:33.3899947Z                     "type" : "string",
3b SAST (CodeQL)	Initialize CodeQL	2026-10-07T13:42:33.3900217Z                     "pattern" : "[0-9]+"
3b SAST (CodeQL)	Initialize CodeQL	2026-10-07T13:42:33.3900484Z                   },
3b SAST (CodeQL)	Initialize CodeQL	2026-10-07T13:42:33.3900688Z                   "write" : {
3b SAST (CodeQL)	Initialize CodeQL	2026-10-07T13:42:33.3900942Z                     "title" : "TRAP cache writeable",
3b SAST (CodeQL)	Initialize CodeQL	2026-10-07T13:42:33.3901366Z                     "description" : "Whether to write to the TRAP cache as well as reading it",
3b SAST (CodeQL)	Initialize CodeQL	2026-10-07T13:42:33.3901773Z                     "type" : "string",
3b SAST (CodeQL)	Initialize CodeQL	2026-10-07T13:42:33.3902049Z                     "pattern" : "(true|TRUE|false|FALSE)"
3b SAST (CodeQL)	Initialize CodeQL	2026-10-07T13:42:33.3902320Z                   }
3b SAST (CodeQL)	Initialize CodeQL	2026-10-07T13:42:33.3902510Z                 }
3b SAST (CodeQL)	Initialize CodeQL	2026-10-07T13:42:33.3902695Z               }
3b SAST (CodeQL)	Initialize CodeQL	2026-10-07T13:42:33.3902905Z             }
3b SAST (CodeQL)	Initialize CodeQL	2026-10-07T13:42:33.3903314Z           },
3b SAST (CodeQL)	Initialize CodeQL	2026-10-07T13:42:33.3903635Z           "skip_types" : {
3b SAST (CodeQL)	Initialize CodeQL	2026-10-07T13:42:33.3904050Z             "title" : "Skip type extraction for TypeScript",
3b SAST (CodeQL)	Initialize CodeQL	2026-10-07T13:42:33.3904739Z             "description" : "Whether to skip the extraction of types in a TypeScript application",
3b SAST (CodeQL)	Initialize CodeQL	2026-10-07T13:42:33.3905178Z             "type" : "string",
3b SAST (CodeQL)	Initialize CodeQL	2026-10-07T13:42:33.3905596Z             "pattern" : "^(false|true)$"
3b SAST (CodeQL)	Initialize CodeQL	2026-10-07T13:42:33.3905853Z           }
3b SAST (CodeQL)	Initialize CodeQL	2026-10-07T13:42:33.3906041Z         }
3b SAST (CodeQL)	Initialize CodeQL	2026-10-07T13:42:33.3906227Z       }
3b SAST (CodeQL)	Initialize CodeQL	2026-10-07T13:42:33.3906404Z     ],
3b SAST (CodeQL)	Initialize CodeQL	2026-10-07T13:42:33.3906580Z     "go" : [
3b SAST (CodeQL)	Initialize CodeQL	2026-10-07T13:42:33.3907351Z       {
3b SAST (CodeQL)	Initialize CodeQL	2026-10-07T13:42:33.3907712Z         "extractor_root" : "/opt/hostedtoolcache/CodeQL/2.27.1/x64/codeql/go",
3b SAST (CodeQL)	Initialize CodeQL	2026-10-07T13:42:33.3908091Z         "extractor_options" : {
3b SAST (CodeQL)	Initialize CodeQL	2026-10-07T13:42:33.3908351Z           "extract_tests" : {
3b SAST (CodeQL)	Initialize CodeQL	2026-10-07T13:42:33.3908692Z             "title" : "Whether to include Go test files in the CodeQL database.",
3b SAST (CodeQL)	Initialize CodeQL	2026-10-07T13:42:33.3909360Z             "description" : "A value indicating whether Go test files should be included in the CodeQL database. The default is 'false'.\n",
3b SAST (CodeQL)	Initialize CodeQL	2026-10-07T13:42:33.3909921Z             "type" : "string",
3b SAST (CodeQL)	Initialize CodeQL	2026-10-07T13:42:33.3910168Z             "pattern" : "^(false|true)$"
3b SAST (CodeQL)	Initialize CodeQL	2026-10-07T13:42:33.3910419Z           },
3b SAST (CodeQL)	Initialize CodeQL	2026-10-07T13:42:33.3910621Z           "extract_vendor_dirs" : {
3b SAST (CodeQL)	Initialize CodeQL	2026-10-07T13:42:33.3910985Z             "title" : "Whether to include Go vendor directories in the CodeQL database.",
3b SAST (CodeQL)	Initialize CodeQL	2026-10-07T13:42:33.3911690Z             "description" : "A value indicating whether Go vendor directories should be included in the CodeQL database. The default is 'false'.\n",
3b SAST (CodeQL)	Initialize CodeQL	2026-10-07T13:42:33.3912274Z             "type" : "string",
3b SAST (CodeQL)	Initialize CodeQL	2026-10-07T13:42:33.3912509Z             "pattern" : "^(false|true)$"
3b SAST (CodeQL)	Initialize CodeQL	2026-10-07T13:42:33.3912749Z           }
3b SAST (CodeQL)	Initialize CodeQL	2026-10-07T13:42:33.3912920Z         }
3b SAST (CodeQL)	Initialize CodeQL	2026-10-07T13:42:33.3913362Z       }
3b SAST (CodeQL)	Initialize CodeQL	2026-10-07T13:42:33.3913554Z     ],
3b SAST (CodeQL)	Initialize CodeQL	2026-10-07T13:42:33.3913731Z     "html" : [
3b SAST (CodeQL)	Initialize CodeQL	2026-10-07T13:42:33.3913914Z       {
3b SAST (CodeQL)	Initialize CodeQL	2026-10-07T13:42:33.3914205Z         "extractor_root" : "/opt/hostedtoolcache/CodeQL/2.27.1/x64/codeql/html"
3b SAST (CodeQL)	Initialize CodeQL	2026-10-07T13:42:33.3914560Z       }
3b SAST (CodeQL)	Initialize CodeQL	2026-10-07T13:42:33.3914725Z     ],
3b SAST (CodeQL)	Initialize CodeQL	2026-10-07T13:42:33.3914896Z     "csharp" : [
3b SAST (CodeQL)	Initialize CodeQL	2026-10-07T13:42:33.3915082Z       {
3b SAST (CodeQL)	Initialize CodeQL	2026-10-07T13:42:33.3915367Z         "extractor_root" : "/opt/hostedtoolcache/CodeQL/2.27.1/x64/codeql/csharp",
3b SAST (CodeQL)	Initialize CodeQL	2026-10-07T13:42:33.3915960Z         "extractor_options" : {
3b SAST (CodeQL)	Initialize CodeQL	2026-10-07T13:42:33.3916189Z           "trap" : {
3b SAST (CodeQL)	Initialize CodeQL	2026-10-07T13:42:33.3916432Z             "title" : "Options pertaining to TRAP.",
3b SAST (CodeQL)	Initialize CodeQL	2026-10-07T13:42:33.3916875Z             "description" : "Options pertaining to TRAP.",
3b SAST (CodeQL)	Initialize CodeQL	2026-10-07T13:42:33.3917171Z             "type" : "object",
3b SAST (CodeQL)	Initialize CodeQL	2026-10-07T13:42:33.3917402Z             "properties" : {
3b SAST (CodeQL)	Initialize CodeQL	2026-10-07T13:42:33.3917629Z               "compression" : {
3b SAST (CodeQL)	Initialize CodeQL	2026-10-07T13:42:33.3918000Z                 "title" : "Controls compression for the TRAP files written by the extractor.",
3b SAST (CodeQL)	Initialize CodeQL	2026-10-07T13:42:33.3918980Z                 "description" : "This option is only intended for use in debugging the extractor. Accepted values are 'brotli' (the default, to write brotli-compressed TRAP), 'gzip', and 'none' (to write uncompressed TRAP).\n",
3b SAST (CodeQL)	Initialize CodeQL	2026-10-07T13:42:33.3919847Z                 "type" : "string",
3b SAST (CodeQL)	Initialize CodeQL	2026-10-07T13:42:33.3920110Z                 "pattern" : "^(none|gzip|brotli)$"
3b SAST (CodeQL)	Initialize CodeQL	2026-10-07T13:42:33.3920380Z               }
3b SAST (CodeQL)	Initialize CodeQL	2026-10-07T13:42:33.3920563Z             }
3b SAST (CodeQL)	Initialize CodeQL	2026-10-07T13:42:33.3920740Z           },
3b SAST (CodeQL)	Initialize CodeQL	2026-10-07T13:42:33.3920927Z           "buildless" : {
3b SAST (CodeQL)	Initialize CodeQL	2026-10-07T13:42:33.3921274Z             "title" : "DEPRECATED - Whether to use buildless (standalone) extraction.",
3b SAST (CodeQL)	Initialize CodeQL	2026-10-07T13:42:33.3923543Z             "description" : "DEPRECATED: Use `--build-mode none` instead.\nA value indicating, which type of extraction the autobuilder should perform. If 'true', then the standalone extractor will be used, otherwise tracing extraction will be performed. The default is 'false'. Note that buildless extraction will generally yield less accurate analysis results, and should only be used in cases where it is not possible to build the code (for example if it uses inaccessible dependencies).\n",
3b SAST (CodeQL)	Initialize CodeQL	2026-10-07T13:42:33.3926251Z             "type" : "string",
3b SAST (CodeQL)	Initialize CodeQL	2026-10-07T13:42:33.3926642Z             "pattern" : "^(false|true)$"
3b SAST (CodeQL)	Initialize CodeQL	2026-10-07T13:42:33.3927026Z           },
3b SAST (CodeQL)	Initialize CodeQL	2026-10-07T13:42:33.3927327Z           "logging" : {
3b SAST (CodeQL)	Initialize CodeQL	2026-10-07T13:42:33.3927726Z             "title" : "Options pertaining to logging.",
3b SAST (CodeQL)	Initialize CodeQL	2026-10-07T13:42:33.3928299Z             "description" : "Options pertaining to logging.",
3b SAST (CodeQL)	Initialize CodeQL	2026-10-07T13:42:33.3928825Z             "type" : "object",
3b SAST (CodeQL)	Initialize CodeQL	2026-10-07T13:42:33.3929196Z             "properties" : {
3b SAST (CodeQL)	Initialize CodeQL	2026-10-07T13:42:33.3929552Z               "verbosity" : {
3b SAST (CodeQL)	Initialize CodeQL	2026-10-07T13:42:33.3929973Z                 "title" : "Extractor logging verbosity level.",
3b SAST (CodeQL)	Initialize CodeQL	2026-10-07T13:42:33.3931595Z                 "description" : "Controls the level of verbosity of the extractor. The supported levels are (in order of increasing verbosity):\n  - off\n  - errors\n  - warnings\n  - info or progress\n  - debug or progress+\n  - trace or progress++\n  - progress+++\n",
3b SAST (CodeQL)	Initialize CodeQL	2026-10-07T13:42:33.3933355Z                 "type" : "string",
3b SAST (CodeQL)	Initialize CodeQL	2026-10-07T13:42:33.3934158Z                 "pattern" : "^(off|errors|warnings|(info|progress)|(debug|progress\\+)|(trace|progress\\+\\+)|progress\\+\\+\\+)$"
3b SAST (CodeQL)	Initialize CodeQL	2026-10-07T13:42:33.3934962Z               }
3b SAST (CodeQL)	Initialize CodeQL	2026-10-07T13:42:33.3935253Z             }
3b SAST (CodeQL)	Initialize CodeQL	2026-10-07T13:42:33.3935540Z           },
3b SAST (CodeQL)	Initialize CodeQL	2026-10-07T13:42:33.3935835Z           "binlog" : {
3b SAST (CodeQL)	Initialize CodeQL	2026-10-07T13:42:33.3936177Z             "title" : "Binlog",
3b SAST (CodeQL)	Initialize CodeQL	2026-10-07T13:42:33.3937339Z             "description" : "[EXPERIMENTAL] The value is a path to the MsBuild binary log file that should be extracted. This option only works when `--build-mode none` is also specified.\n",
3b SAST (CodeQL)	Initialize CodeQL	2026-10-07T13:42:33.3938570Z             "type" : "array"
3b SAST (CodeQL)	Initialize CodeQL	2026-10-07T13:42:33.3938917Z           },
3b SAST (CodeQL)	Initialize CodeQL	2026-10-07T13:42:33.3939251Z           "buildless_dependency_dir" : {
3b SAST (CodeQL)	Initialize CodeQL	2026-10-07T13:42:33.3939961Z             "title" : "The path where buildless (standalone) extraction should keep dependencies.",
3b SAST (CodeQL)	Initialize CodeQL	2026-10-07T13:42:33.3941150Z             "description" : "If set, the buildless (standalone) extractor will store dependencies in this directory.\n",
3b SAST (CodeQL)	Initialize CodeQL	2026-10-07T13:42:33.3942021Z             "type" : "string"
3b SAST (CodeQL)	Initialize CodeQL	2026-10-07T13:42:33.3942394Z           }
3b SAST (CodeQL)	Initialize CodeQL	2026-10-07T13:42:33.3942892Z         }
3b SAST (CodeQL)	Initialize CodeQL	2026-10-07T13:42:33.3943400Z       }
3b SAST (CodeQL)	Initialize CodeQL	2026-10-07T13:42:33.3943686Z     ],
3b SAST (CodeQL)	Initialize CodeQL	2026-10-07T13:42:33.3943972Z     "csv" : [
3b SAST (CodeQL)	Initialize CodeQL	2026-10-07T13:42:33.3944268Z       {
3b SAST (CodeQL)	Initialize CodeQL	2026-10-07T13:42:33.3944743Z         "extractor_root" : "/opt/hostedtoolcache/CodeQL/2.27.1/x64/codeql/csv"
3b SAST (CodeQL)	Initialize CodeQL	2026-10-07T13:42:33.3945520Z       }
3b SAST (CodeQL)	Initialize CodeQL	2026-10-07T13:42:33.3945799Z     ],
3b SAST (CodeQL)	Initialize CodeQL	2026-10-07T13:42:33.3946085Z     "actions" : [
3b SAST (CodeQL)	Initialize CodeQL	2026-10-07T13:42:33.3946400Z       {
3b SAST (CodeQL)	Initialize CodeQL	2026-10-07T13:42:33.3946904Z         "extractor_root" : "/opt/hostedtoolcache/CodeQL/2.27.1/x64/codeql/actions",
3b SAST (CodeQL)	Initialize CodeQL	2026-10-07T13:42:33.3947568Z         "extractor_options" : {
3b SAST (CodeQL)	Initialize CodeQL	2026-10-07T13:42:33.3947958Z           "trap" : {
3b SAST (CodeQL)	Initialize CodeQL	2026-10-07T13:42:33.3948306Z             "title" : "TRAP options",
3b SAST (CodeQL)	Initialize CodeQL	2026-10-07T13:42:33.3948890Z             "description" : "Options about how the extractor handles TRAP files",
3b SAST (CodeQL)	Initialize CodeQL	2026-10-07T13:42:33.3949528Z             "type" : "object",
3b SAST (CodeQL)	Initialize CodeQL	2026-10-07T13:42:33.3949919Z             "visibility" : 3,
3b SAST (CodeQL)	Initialize CodeQL	2026-10-07T13:42:33.3950316Z             "properties" : {
3b SAST (CodeQL)	Initialize CodeQL	2026-10-07T13:42:33.3950695Z               "cache" : {
3b SAST (CodeQL)	Initialize CodeQL	2026-10-07T13:42:33.3951116Z                 "title" : "TRAP cache options",
3b SAST (CodeQL)	Initialize CodeQL	2026-10-07T13:42:33.3951789Z                 "description" : "Options about how the extractor handles its TRAP cache",
3b SAST (CodeQL)	Initialize CodeQL	2026-10-07T13:42:33.3952464Z                 "type" : "object",
3b SAST (CodeQL)	Initialize CodeQL	2026-10-07T13:42:33.3952875Z                 "properties" : {
3b SAST (CodeQL)	Initialize CodeQL	2026-10-07T13:42:33.3953447Z                   "dir" : {
3b SAST (CodeQL)	Initialize CodeQL	2026-10-07T13:42:33.3953854Z                     "title" : "TRAP cache directory",
3b SAST (CodeQL)	Initialize CodeQL	2026-10-07T13:42:33.3954445Z                     "description" : "The directory of the TRAP cache to use",
3b SAST (CodeQL)	Initialize CodeQL	2026-10-07T13:42:33.3955017Z                     "type" : "string"
3b SAST (CodeQL)	Initialize CodeQL	2026-10-07T13:42:33.3955387Z                   },
3b SAST (CodeQL)	Initialize CodeQL	2026-10-07T13:42:33.3955727Z                   "bound" : {
3b SAST (CodeQL)	Initialize CodeQL	2026-10-07T13:42:33.3956145Z                     "title" : "TRAP cache bound",
3b SAST (CodeQL)	Initialize CodeQL	2026-10-07T13:42:33.3956784Z                     "description" : "A soft limit (in MB) on the size of the TRAP cache",
3b SAST (CodeQL)	Initialize CodeQL	2026-10-07T13:42:33.3957428Z                     "type" : "string",
3b SAST (CodeQL)	Initialize CodeQL	2026-10-07T13:42:33.3957856Z                     "pattern" : "[0-9]+"
3b SAST (CodeQL)	Initialize CodeQL	2026-10-07T13:42:33.3958268Z                   },
3b SAST (CodeQL)	Initialize CodeQL	2026-10-07T13:42:33.3958595Z                   "write" : {
3b SAST (CodeQL)	Initialize CodeQL	2026-10-07T13:42:33.3959013Z                     "title" : "TRAP cache writeable",
3b SAST (CodeQL)	Initialize CodeQL	2026-10-07T13:42:33.3959699Z                     "description" : "Whether to write to the TRAP cache as well as reading it",
3b SAST (CodeQL)	Initialize CodeQL	2026-10-07T13:42:33.3960378Z                     "type" : "string",
3b SAST (CodeQL)	Initialize CodeQL	2026-10-07T13:42:33.3960846Z                     "pattern" : "(true|TRUE|false|FALSE)"
3b SAST (CodeQL)	Initialize CodeQL	2026-10-07T13:42:33.3961315Z                   }
3b SAST (CodeQL)	Initialize CodeQL	2026-10-07T13:42:33.3961628Z                 }
3b SAST (CodeQL)	Initialize CodeQL	2026-10-07T13:42:33.3961933Z               }
3b SAST (CodeQL)	Initialize CodeQL	2026-10-07T13:42:33.3962233Z             }
3b SAST (CodeQL)	Initialize CodeQL	2026-10-07T13:42:33.3962531Z           }
3b SAST (CodeQL)	Initialize CodeQL	2026-10-07T13:42:33.3962817Z         }
3b SAST (CodeQL)	Initialize CodeQL	2026-10-07T13:42:33.3963254Z       }
3b SAST (CodeQL)	Initialize CodeQL	2026-10-07T13:42:33.3963536Z     ],
3b SAST (CodeQL)	Initialize CodeQL	2026-10-07T13:42:33.3963822Z     "ruby" : [
3b SAST (CodeQL)	Initialize CodeQL	2026-10-07T13:42:33.3964123Z       {
3b SAST (CodeQL)	Initialize CodeQL	2026-10-07T13:42:33.3964607Z         "extractor_root" : "/opt/hostedtoolcache/CodeQL/2.27.1/x64/codeql/ruby",
3b SAST (CodeQL)	Initialize CodeQL	2026-10-07T13:42:33.3965253Z         "extractor_options" : {
3b SAST (CodeQL)	Initialize CodeQL	2026-10-07T13:42:33.3965639Z           "trap" : {
3b SAST (CodeQL)	Initialize CodeQL	2026-10-07T13:42:33.3966031Z             "title" : "Options pertaining to TRAP.",
3b SAST (CodeQL)	Initialize CodeQL	2026-10-07T13:42:33.3966587Z             "description" : "Options pertaining to TRAP.",
3b SAST (CodeQL)	Initialize CodeQL	2026-10-07T13:42:33.3967105Z             "type" : "object",
3b SAST (CodeQL)	Initialize CodeQL	2026-10-07T13:42:33.3967499Z             "properties" : {
3b SAST (CodeQL)	Initialize CodeQL	2026-10-07T13:42:33.3967890Z               "compression" : {
3b SAST (CodeQL)	Initialize CodeQL	2026-10-07T13:42:33.3968516Z                 "title" : "Controls compression for the TRAP files written by the extractor.",
3b SAST (CodeQL)	Initialize CodeQL	2026-10-07T13:42:33.3970380Z                 "description" : "This option is only intended for use in debugging the extractor. Accepted values are 'gzip' (the default, to write gzip-compressed TRAP) 'zstd' (to write Zstandard-compressed TRAP) and 'none' (to write uncompressed TRAP).\n",
3b SAST (CodeQL)	Initialize CodeQL	2026-10-07T13:42:33.3972012Z                 "type" : "string",
3b SAST (CodeQL)	Initialize CodeQL	2026-10-07T13:42:33.3972603Z                 "pattern" : "^(none|gzip|zstd)$"
3b SAST (CodeQL)	Initialize CodeQL	2026-10-07T13:42:33.3973043Z               }
3b SAST (CodeQL)	Initialize CodeQL	2026-10-07T13:42:33.3973518Z             }
3b SAST (CodeQL)	Initialize CodeQL	2026-10-07T13:42:33.3973820Z           }
3b SAST (CodeQL)	Initialize CodeQL	2026-10-07T13:42:33.3974254Z         }
3b SAST (CodeQL)	Initialize CodeQL	2026-10-07T13:42:33.3974536Z       }
3b SAST (CodeQL)	Initialize CodeQL	2026-10-07T13:42:33.3974810Z     ],
3b SAST (CodeQL)	Initialize CodeQL	2026-10-07T13:42:33.3975096Z     "yaml" : [
3b SAST (CodeQL)	Initialize CodeQL	2026-10-07T13:42:33.3975391Z       {
3b SAST (CodeQL)	Initialize CodeQL	2026-10-07T13:42:33.3975862Z         "extractor_root" : "/opt/hostedtoolcache/CodeQL/2.27.1/x64/codeql/yaml"
3b SAST (CodeQL)	Initialize CodeQL	2026-10-07T13:42:33.3976467Z       }
3b SAST (CodeQL)	Initialize CodeQL	2026-10-07T13:42:33.3976736Z     ],
3b SAST (CodeQL)	Initialize CodeQL	2026-10-07T13:42:33.3977014Z     "xml" : [
3b SAST (CodeQL)	Initialize CodeQL	2026-10-07T13:42:33.3977301Z       {
3b SAST (CodeQL)	Initialize CodeQL	2026-10-07T13:42:33.3977773Z         "extractor_root" : "/opt/hostedtoolcache/CodeQL/2.27.1/x64/codeql/xml"
3b SAST (CodeQL)	Initialize CodeQL	2026-10-07T13:42:33.3978362Z       }
3b SAST (CodeQL)	Initialize CodeQL	2026-10-07T13:42:33.3978634Z     ],
3b SAST (CodeQL)	Initialize CodeQL	2026-10-07T13:42:33.3978913Z     "python" : [
3b SAST (CodeQL)	Initialize CodeQL	2026-10-07T13:42:33.3979221Z       {
3b SAST (CodeQL)	Initialize CodeQL	2026-10-07T13:42:33.3979697Z         "extractor_root" : "/opt/hostedtoolcache/CodeQL/2.27.1/x64/codeql/python",
3b SAST (CodeQL)	Initialize CodeQL	2026-10-07T13:42:33.3980336Z         "extractor_options" : {
3b SAST (CodeQL)	Initialize CodeQL	2026-10-07T13:42:33.3980727Z           "logging" : {
3b SAST (CodeQL)	Initialize CodeQL	2026-10-07T13:42:33.3981140Z             "title" : "Options pertaining to logging.",
3b SAST (CodeQL)	Initialize CodeQL	2026-10-07T13:42:33.3981722Z             "description" : "Options pertaining to logging.",
3b SAST (CodeQL)	Initialize CodeQL	2026-10-07T13:42:33.3982225Z             "type" : "object",
3b SAST (CodeQL)	Initialize CodeQL	2026-10-07T13:42:33.3982614Z             "properties" : {
3b SAST (CodeQL)	Initialize CodeQL	2026-10-07T13:42:33.3982999Z               "verbosity" : {
3b SAST (CodeQL)	Initialize CodeQL	2026-10-07T13:42:33.3983704Z                 "title" : "Python extractor logging verbosity level.",
3b SAST (CodeQL)	Initialize CodeQL	2026-10-07T13:42:33.3985620Z                 "description" : "Controls the level of verbosity of the CodeQL Python extractor.\nThe supported levels are (in order of increasing verbosity):\n\n  - off\n  - errors\n  - warnings\n  - info or progress\n  - debug or progress+\n  - trace or progress++\n  - progress+++\n",
3b SAST (CodeQL)	Initialize CodeQL	2026-10-07T13:42:33.3987373Z                 "type" : "string",
3b SAST (CodeQL)	Initialize CodeQL	2026-10-07T13:42:33.3988219Z                 "pattern" : "^(off|errors|warnings|(info|progress)|(debug|progress\\+)|(trace|progress\\+\\+)|progress\\+\\+\\+)$"
3b SAST (CodeQL)	Initialize CodeQL	2026-10-07T13:42:33.3989091Z               }
3b SAST (CodeQL)	Initialize CodeQL	2026-10-07T13:42:33.3989397Z             }
3b SAST (CodeQL)	Initialize CodeQL	2026-10-07T13:42:33.3989709Z           },
3b SAST (CodeQL)	Initialize CodeQL	2026-10-07T13:42:33.3990051Z           "python_executable_name" : {
3b SAST (CodeQL)	Initialize CodeQL	2026-10-07T13:42:33.3990755Z             "title" : "Controls the name of the Python executable used by the Python extractor.",
3b SAST (CodeQL)	Initialize CodeQL	2026-10-07T13:42:33.3993362Z             "description" : "The Python extractor uses platform-dependent heuristics to determine the name of the Python executable to use. Specifying a value for this option overrides the name of the Python executable used by the extractor. Accepted values are py, python and python3. Use this setting with caution, the Python extractor requires Python 3 to run.\n",
3b SAST (CodeQL)	Initialize CodeQL	2026-10-07T13:42:33.3995355Z             "type" : "string",
3b SAST (CodeQL)	Initialize CodeQL	2026-10-07T13:42:33.3995624Z             "pattern" : "^(py|python|python3)$"
3b SAST (CodeQL)	Initialize CodeQL	2026-10-07T13:42:33.3995892Z           }
3b SAST (CodeQL)	Initialize CodeQL	2026-10-07T13:42:33.3996071Z         }
3b SAST (CodeQL)	Initialize CodeQL	2026-10-07T13:42:33.3996243Z       }
3b SAST (CodeQL)	Initialize CodeQL	2026-10-07T13:42:33.3996410Z     ],
3b SAST (CodeQL)	Initialize CodeQL	2026-10-07T13:42:33.3996586Z     "cpp" : [
3b SAST (CodeQL)	Initialize CodeQL	2026-10-07T13:42:33.3996761Z       {
3b SAST (CodeQL)	Initialize CodeQL	2026-10-07T13:42:33.3997042Z         "extractor_root" : "/opt/hostedtoolcache/CodeQL/2.27.1/x64/codeql/cpp",
3b SAST (CodeQL)	Initialize CodeQL	2026-10-07T13:42:33.3997601Z         "extractor_options" : {
3b SAST (CodeQL)	Initialize CodeQL	2026-10-07T13:42:33.3997993Z           "trap" : {
3b SAST (CodeQL)	Initialize CodeQL	2026-10-07T13:42:33.3998261Z             "title" : "TRAP options",
3b SAST (CodeQL)	Initialize CodeQL	2026-10-07T13:42:33.3998875Z             "description" : "Options about how the extractor handles TRAP files",
3b SAST (CodeQL)	Initialize CodeQL	2026-10-07T13:42:33.3999268Z             "type" : "object",
3b SAST (CodeQL)	Initialize CodeQL	2026-10-07T13:42:33.3999500Z             "visibility" : 3,
3b SAST (CodeQL)	Initialize CodeQL	2026-10-07T13:42:33.3999729Z             "properties" : {
3b SAST (CodeQL)	Initialize CodeQL	2026-10-07T13:42:33.3999950Z               "cache" : {
3b SAST (CodeQL)	Initialize CodeQL	2026-10-07T13:42:33.4000186Z                 "title" : "TRAP cache options",
3b SAST (CodeQL)	Initialize CodeQL	2026-10-07T13:42:33.4000576Z                 "description" : "Options about how the extractor handles its TRAP cache",
3b SAST (CodeQL)	Initialize CodeQL	2026-10-07T13:42:33.4001132Z                 "type" : "object",
3b SAST (CodeQL)	Initialize CodeQL	2026-10-07T13:42:33.4001374Z                 "properties" : {
3b SAST (CodeQL)	Initialize CodeQL	2026-10-07T13:42:33.4001607Z                   "dir" : {
3b SAST (CodeQL)	Initialize CodeQL	2026-10-07T13:42:33.4001848Z                     "title" : "TRAP cache directory",
3b SAST (CodeQL)	Initialize CodeQL	2026-10-07T13:42:33.4002311Z                     "description" : "The directory of the TRAP cache to use",
3b SAST (CodeQL)	Initialize CodeQL	2026-10-07T13:42:33.4002649Z                     "type" : "string"
3b SAST (CodeQL)	Initialize CodeQL	2026-10-07T13:42:33.4002879Z                   },
3b SAST (CodeQL)	Initialize CodeQL	2026-10-07T13:42:33.4003304Z                   "bound" : {
3b SAST (CodeQL)	Initialize CodeQL	2026-10-07T13:42:33.4003626Z                     "title" : "TRAP cache bound",
3b SAST (CodeQL)	Initialize CodeQL	2026-10-07T13:42:33.4004004Z                     "description" : "A soft limit (in MB) on the size of the TRAP cache",
3b SAST (CodeQL)	Initialize CodeQL	2026-10-07T13:42:33.4004394Z                     "type" : "string",
3b SAST (CodeQL)	Initialize CodeQL	2026-10-07T13:42:33.4004650Z                     "pattern" : "[0-9]+"
3b SAST (CodeQL)	Initialize CodeQL	2026-10-07T13:42:33.4004899Z                   },
3b SAST (CodeQL)	Initialize CodeQL	2026-10-07T13:42:33.4005137Z                   "write" : {
3b SAST (CodeQL)	Initialize CodeQL	2026-10-07T13:42:33.4005391Z                     "title" : "TRAP cache writeable",
3b SAST (CodeQL)	Initialize CodeQL	2026-10-07T13:42:33.4005808Z                     "description" : "Whether to write to the TRAP cache as well as reading it",
3b SAST (CodeQL)	Initialize CodeQL	2026-10-07T13:42:33.4006207Z                     "type" : "string",
3b SAST (CodeQL)	Initialize CodeQL	2026-10-07T13:42:33.4006487Z                     "pattern" : "(true|TRUE|false|FALSE)"
3b SAST (CodeQL)	Initialize CodeQL	2026-10-07T13:42:33.4006761Z                   }
3b SAST (CodeQL)	Initialize CodeQL	2026-10-07T13:42:33.4006950Z                 }
3b SAST (CodeQL)	Initialize CodeQL	2026-10-07T13:42:33.4007136Z               }
3b SAST (CodeQL)	Initialize CodeQL	2026-10-07T13:42:33.4007317Z             }
3b SAST (CodeQL)	Initialize CodeQL	2026-10-07T13:42:33.4007501Z           },
3b SAST (CodeQL)	Initialize CodeQL	2026-10-07T13:42:33.4007693Z           "scale_timeouts" : {
3b SAST (CodeQL)	Initialize CodeQL	2026-10-07T13:42:33.4008014Z             "title" : "Value to scale compiler introspection timeouts with",
3b SAST (CodeQL)	Initialize CodeQL	2026-10-07T13:42:33.4009474Z             "description" : "The extractor attempts to determine what compiler the source code being extracted is compiled with. To this end the extractor makes additional calls to the compiler, some of which are expected to return within a certain fixed time (either 10s or 15s). On some systems that are under high load this time might be too short, and can be scaled up using this option.\n",
3b SAST (CodeQL)	Initialize CodeQL	2026-10-07T13:42:33.4010852Z             "type" : "string",
3b SAST (CodeQL)	Initialize CodeQL	2026-10-07T13:42:33.4011123Z             "pattern" : "[0-9]+"
3b SAST (CodeQL)	Initialize CodeQL	2026-10-07T13:42:33.4011364Z           },
3b SAST (CodeQL)	Initialize CodeQL	2026-10-07T13:42:33.4011554Z           "log_verbosity" : {
3b SAST (CodeQL)	Initialize CodeQL	2026-10-07T13:42:33.4011843Z             "title" : "Verbosity of the extractor logging",
3b SAST (CodeQL)	Initialize CodeQL	2026-10-07T13:42:33.4012473Z             "description" : "Set the verbosity of the extractor logging to 'quiet' (0), 'normal' (1), 'chatty' (2), or 'noisy' (3). The default is 'normal'.\n",
3b SAST (CodeQL)	Initialize CodeQL	2026-10-07T13:42:33.4013247Z             "type" : "string",
3b SAST (CodeQL)	Initialize CodeQL	2026-10-07T13:42:33.4013543Z             "pattern" : "[0-3]"
3b SAST (CodeQL)	Initialize CodeQL	2026-10-07T13:42:33.4013769Z           },
3b SAST (CodeQL)	Initialize CodeQL	2026-10-07T13:42:33.4013961Z           "frontend_options" : {
3b SAST (CodeQL)	Initialize CodeQL	2026-10-07T13:42:33.4014271Z             "title" : "C/C++ extractor frontend options",
3b SAST (CodeQL)	Initialize CodeQL	2026-10-07T13:42:33.4014774Z             "description" : "Set additional options that should be passed to the C/C++ extractor frontend.\n",
3b SAST (CodeQL)	Initialize CodeQL	2026-10-07T13:42:33.4015259Z             "type" : "array",
3b SAST (CodeQL)	Initialize CodeQL	2026-10-07T13:42:33.4015491Z             "visibility" : 3
3b SAST (CodeQL)	Initialize CodeQL	2026-10-07T13:42:33.4015701Z           }
3b SAST (CodeQL)	Initialize CodeQL	2026-10-07T13:42:33.4015872Z         }
3b SAST (CodeQL)	Initialize CodeQL	2026-10-07T13:42:33.4016047Z       }
3b SAST (CodeQL)	Initialize CodeQL	2026-10-07T13:42:33.4016248Z     ],
3b SAST (CodeQL)	Initialize CodeQL	2026-10-07T13:42:33.4016428Z     "properties" : [
3b SAST (CodeQL)	Initialize CodeQL	2026-10-07T13:42:33.4016639Z       {
3b SAST (CodeQL)	Initialize CodeQL	2026-10-07T13:42:33.4017004Z         "extractor_root" : "/opt/hostedtoolcache/CodeQL/2.27.1/x64/codeql/properties"
3b SAST (CodeQL)	Initialize CodeQL	2026-10-07T13:42:33.4017392Z       }
3b SAST (CodeQL)	Initialize CodeQL	2026-10-07T13:42:33.4017572Z     ],
3b SAST (CodeQL)	Initialize CodeQL	2026-10-07T13:42:33.4017754Z     "rust" : [
3b SAST (CodeQL)	Initialize CodeQL	2026-10-07T13:42:33.4017960Z       {
3b SAST (CodeQL)	Initialize CodeQL	2026-10-07T13:42:33.4018268Z         "extractor_root" : "/opt/hostedtoolcache/CodeQL/2.27.1/x64/codeql/rust",
3b SAST (CodeQL)	Initialize CodeQL	2026-10-07T13:42:33.4018647Z         "extractor_options" : {
3b SAST (CodeQL)	Initialize CodeQL	2026-10-07T13:42:33.4018876Z           "trap" : {
3b SAST (CodeQL)	Initialize CodeQL	2026-10-07T13:42:33.4019183Z             "title" : "Options pertaining to TRAP.",
3b SAST (CodeQL)	Initialize CodeQL	2026-10-07T13:42:33.4019713Z             "description" : "Options pertaining to TRAP.",
3b SAST (CodeQL)	Initialize CodeQL	2026-10-07T13:42:33.4020445Z             "type" : "object",
3b SAST (CodeQL)	Initialize CodeQL	2026-10-07T13:42:33.4020861Z             "properties" : {
3b SAST (CodeQL)	Initialize CodeQL	2026-10-07T13:42:33.4021250Z               "compression" : {
3b SAST (CodeQL)	Initialize CodeQL	2026-10-07T13:42:33.4022039Z                 "title" : "Controls compression for the TRAP files written by the extractor.",
3b SAST (CodeQL)	Initialize CodeQL	2026-10-07T13:42:33.4023495Z                 "description" : "This option is only intended for use in debugging the extractor. Accepted values are 'gzip' (to write gzip-compressed TRAP) 'zstd' (the default, to write Zstandard-compressed TRAP) and 'none' (to write uncompressed TRAP).\n",
3b SAST (CodeQL)	Initialize CodeQL	2026-10-07T13:42:33.4024453Z                 "type" : "string",
3b SAST (CodeQL)	Initialize CodeQL	2026-10-07T13:42:33.4024717Z                 "pattern" : "^(none|gzip|zstd)$"
3b SAST (CodeQL)	Initialize CodeQL	2026-10-07T13:42:33.4024982Z               }
3b SAST (CodeQL)	Initialize CodeQL	2026-10-07T13:42:33.4025163Z             }
3b SAST (CodeQL)	Initialize CodeQL	2026-10-07T13:42:33.4025337Z           },
3b SAST (CodeQL)	Initialize CodeQL	2026-10-07T13:42:33.4025526Z           "cargo_target_dir" : {
3b SAST (CodeQL)	Initialize CodeQL	2026-10-07T13:42:33.4025837Z             "title" : "Directory to use for cargo output files.",
3b SAST (CodeQL)	Initialize CodeQL	2026-10-07T13:42:33.4028154Z             "description" : "This value is an optional path to use as `CARGO_TARGET_DIR` for the internal cargo commands the extractor uses. Pointing it to a persistent directory may reduce execution time of consecutive extractor runs. By default, a new scratch directory is used for each extraction, while qltests use the test's `target` directory so artifacts can be reused across runs.\n",
3b SAST (CodeQL)	Initialize CodeQL	2026-10-07T13:42:33.4029594Z             "type" : "string"
3b SAST (CodeQL)	Initialize CodeQL	2026-10-07T13:42:33.4029813Z           },
3b SAST (CodeQL)	Initialize CodeQL	2026-10-07T13:42:33.4029999Z           "cargo_target" : {
3b SAST (CodeQL)	Initialize CodeQL	2026-10-07T13:42:33.4030254Z             "title" : "Target architecture",
3b SAST (CodeQL)	Initialize CodeQL	2026-10-07T13:42:33.4030848Z             "description" : "Target architecture to use for analysis, analogous to `cargo --target`. By default the host architecture is used.\n",
3b SAST (CodeQL)	Initialize CodeQL	2026-10-07T13:42:33.4031419Z             "type" : "string"
3b SAST (CodeQL)	Initialize CodeQL	2026-10-07T13:42:33.4031639Z           },
3b SAST (CodeQL)	Initialize CodeQL	2026-10-07T13:42:33.4031829Z           "cargo_features" : {
3b SAST (CodeQL)	Initialize CodeQL	2026-10-07T13:42:33.4032092Z             "title" : "Cargo features to turn on",
3b SAST (CodeQL)	Initialize CodeQL	2026-10-07T13:42:33.4033539Z             "description" : "Comma-separated list of features to turn on. By default all features are enabled. If any features are specified, then only those features are enabled. The `default` feature must be explicitly specified if only default features are desired. Can be repeated.\n",
3b SAST (CodeQL)	Initialize CodeQL	2026-10-07T13:42:33.4034638Z             "type" : "array"
3b SAST (CodeQL)	Initialize CodeQL	2026-10-07T13:42:33.4034852Z           },
3b SAST (CodeQL)	Initialize CodeQL	2026-10-07T13:42:33.4035062Z           "cargo_cfg_overrides" : {
3b SAST (CodeQL)	Initialize CodeQL	2026-10-07T13:42:33.4035340Z             "title" : "Cargo cfg overrides",
3b SAST (CodeQL)	Initialize CodeQL	2026-10-07T13:42:33.4036079Z             "description" : "Comma-separated list of cfg settings to enable, or disable if prefixed with `-`. Can be repeated.\n",
3b SAST (CodeQL)	Initialize CodeQL	2026-10-07T13:42:33.4036948Z             "type" : "array"
3b SAST (CodeQL)	Initialize CodeQL	2026-10-07T13:42:33.4037191Z           },
3b SAST (CodeQL)	Initialize CodeQL	2026-10-07T13:42:33.4037518Z           "logging" : {
3b SAST (CodeQL)	Initialize CodeQL	2026-10-07T13:42:33.4037941Z             "title" : "Options pertaining to logging.",
3b SAST (CodeQL)	Initialize CodeQL	2026-10-07T13:42:33.4038524Z             "description" : "Options pertaining to logging.",
3b SAST (CodeQL)	Initialize CodeQL	2026-10-07T13:42:33.4038923Z             "type" : "object",
3b SAST (CodeQL)	Initialize CodeQL	2026-10-07T13:42:33.4039323Z             "properties" : {
3b SAST (CodeQL)	Initialize CodeQL	2026-10-07T13:42:33.4039739Z               "verbosity" : {
3b SAST (CodeQL)	Initialize CodeQL	2026-10-07T13:42:33.4040096Z                 "title" : "Extractor logging verbosity level.",
3b SAST (CodeQL)	Initialize CodeQL	2026-10-07T13:42:33.4041147Z                 "description" : "Controls the level of verbosity of the extractor. The supported levels are (in order of increasing verbosity):\n  - off\n  - errors\n  - warnings\n  - info or progress\n  - debug or progress+\n  - trace or progress++\n  - progress+++\n",
3b SAST (CodeQL)	Initialize CodeQL	2026-10-07T13:42:33.4042122Z                 "type" : "string",
3b SAST (CodeQL)	Initialize CodeQL	2026-10-07T13:42:33.4042615Z                 "pattern" : "^(off|errors|warnings|(info|progress)|(debug|progress\\+)|(trace|progress\\+\\+)|progress\\+\\+\\+)$"
3b SAST (CodeQL)	Initialize CodeQL	2026-10-07T13:42:33.4043375Z               },
3b SAST (CodeQL)	Initialize CodeQL	2026-10-07T13:42:33.4043734Z               "flamegraph" : {
3b SAST (CodeQL)	Initialize CodeQL	2026-10-07T13:42:33.4044239Z                 "title" : "[Experimental] File path for write flame graph log",
3b SAST (CodeQL)	Initialize CodeQL	2026-10-07T13:42:33.4045401Z                 "description" : "Collect flame graph data using the `tracing-flame` crate. To render a flame graph or chart, run the `inferno-flamegraph` command. See also: https://crates.io/crates/tracing-flame\n",
3b SAST (CodeQL)	Initialize CodeQL	2026-10-07T13:42:33.4046358Z                 "type" : "string"
3b SAST (CodeQL)	Initialize CodeQL	2026-10-07T13:42:33.4046590Z               }
3b SAST (CodeQL)	Initialize CodeQL	2026-10-07T13:42:33.4046791Z             }
3b SAST (CodeQL)	Initialize CodeQL	2026-10-07T13:42:33.4046972Z           },
3b SAST (CodeQL)	Initialize CodeQL	2026-10-07T13:42:33.4047194Z           "extract_dependencies_as_source" : {
3b SAST (CodeQL)	Initialize CodeQL	2026-10-07T13:42:33.4047533Z             "title" : "Extract dependencies as source code",
3b SAST (CodeQL)	Initialize CodeQL	2026-10-07T13:42:33.4048069Z             "description" : "Extract the full source code of dependencies instead of only extracting signatures.\n",
3b SAST (CodeQL)	Initialize CodeQL	2026-10-07T13:42:33.4048630Z             "type" : "string",
3b SAST (CodeQL)	Initialize CodeQL	2026-10-07T13:42:33.4048884Z             "pattern" : "^(false|true)$"
3b SAST (CodeQL)	Initialize CodeQL	2026-10-07T13:42:33.4049131Z           }
3b SAST (CodeQL)	Initialize CodeQL	2026-10-07T13:42:33.4049309Z         }
3b SAST (CodeQL)	Initialize CodeQL	2026-10-07T13:42:33.4049479Z       }
3b SAST (CodeQL)	Initialize CodeQL	2026-10-07T13:42:33.4049649Z     ],
3b SAST (CodeQL)	Initialize CodeQL	2026-10-07T13:42:33.4049828Z     "swift" : [
3b SAST (CodeQL)	Initialize CodeQL	2026-10-07T13:42:33.4050014Z       {
3b SAST (CodeQL)	Initialize CodeQL	2026-10-07T13:42:33.4050314Z         "extractor_root" : "/opt/hostedtoolcache/CodeQL/2.27.1/x64/codeql/swift"
3b SAST (CodeQL)	Initialize CodeQL	2026-10-07T13:42:33.4050673Z       }
3b SAST (CodeQL)	Initialize CodeQL	2026-10-07T13:42:33.4050835Z     ],
3b SAST (CodeQL)	Initialize CodeQL	2026-10-07T13:42:33.4051004Z     "java" : [
3b SAST (CodeQL)	Initialize CodeQL	2026-10-07T13:42:33.4051181Z       {
3b SAST (CodeQL)	Initialize CodeQL	2026-10-07T13:42:33.4051452Z         "extractor_root" : "/opt/hostedtoolcache/CodeQL/2.27.1/x64/codeql/java",
3b SAST (CodeQL)	Initialize CodeQL	2026-10-07T13:42:33.4051813Z         "extractor_options" : {
3b SAST (CodeQL)	Initialize CodeQL	2026-10-07T13:42:33.4052046Z           "exclude" : {
3b SAST (CodeQL)	Initialize CodeQL	2026-10-07T13:42:33.4052301Z             "title" : "A glob excluding files from analysis.",
3b SAST (CodeQL)	Initialize CodeQL	2026-10-07T13:42:33.4053307Z             "description" : "A glob indicating what files to exclude from the analysis. This accepts glob patterns that are supported by Java's 'getPathMatcher' implementation.\n",
3b SAST (CodeQL)	Initialize CodeQL	2026-10-07T13:42:33.4054258Z             "type" : "string"
3b SAST (CodeQL)	Initialize CodeQL	2026-10-07T13:42:33.4054489Z           },
3b SAST (CodeQL)	Initialize CodeQL	2026-10-07T13:42:33.4054683Z           "add_prefer_source" : {
3b SAST (CodeQL)	Initialize CodeQL	2026-10-07T13:42:33.4055017Z             "title" : "Whether to always prefer source files over class files.",
3b SAST (CodeQL)	Initialize CodeQL	2026-10-07T13:42:33.4056268Z             "description" : "A value indicating whether source files should be preferred over class files. If set to 'true', the extraction adds '-Xprefer:source' to the javac command line. If set to 'false', the extraction uses the default javac behavior ('-Xprefer:newer'). The default is 'true'.\n",
3b SAST (CodeQL)	Initialize CodeQL	2026-10-07T13:42:33.4057409Z             "type" : "string",
3b SAST (CodeQL)	Initialize CodeQL	2026-10-07T13:42:33.4057663Z             "pattern" : "^(false|true)$"
3b SAST (CodeQL)	Initialize CodeQL	2026-10-07T13:42:33.4057943Z           },
3b SAST (CodeQL)	Initialize CodeQL	2026-10-07T13:42:33.4058159Z           "buildless" : {
3b SAST (CodeQL)	Initialize CodeQL	2026-10-07T13:42:33.4058523Z             "title" : "Whether to use buildless (standalone) extraction (experimental).",
3b SAST (CodeQL)	Initialize CodeQL	2026-10-07T13:42:33.4060416Z             "description" : "A value indicating, which type of extraction the autobuilder should perform. If 'true', then the standalone extractor will be used, otherwise tracing extraction will be performed. The default is 'false'. Note that buildless extraction will generally yield less accurate analysis results, and should only be used in cases where it is not possible to build the code (for example if it uses inaccessible dependencies).\n",
3b SAST (CodeQL)	Initialize CodeQL	2026-10-07T13:42:33.4061962Z             "type" : "string",
3b SAST (CodeQL)	Initialize CodeQL	2026-10-07T13:42:33.4062199Z             "pattern" : "^(false|true)$"
3b SAST (CodeQL)	Initialize CodeQL	2026-10-07T13:42:33.4062442Z           },
3b SAST (CodeQL)	Initialize CodeQL	2026-10-07T13:42:33.4062647Z           "buildless_dependency_dir" : {
3b SAST (CodeQL)	Initialize CodeQL	2026-10-07T13:42:33.4063268Z             "title" : "The path where buildless (standalone) extraction should keep dependencies.",
3b SAST (CodeQL)	Initialize CodeQL	2026-10-07T13:42:33.4064048Z             "description" : "If set, the buildless (standalone) extractor will store dependencies in this directory.\n",
3b SAST (CodeQL)	Initialize CodeQL	2026-10-07T13:42:33.4064546Z             "type" : "string"
3b SAST (CodeQL)	Initialize CodeQL	2026-10-07T13:42:33.4064767Z           },
3b SAST (CodeQL)	Initialize CodeQL	2026-10-07T13:42:33.4064967Z           "minimize_dependency_jars" : {
3b SAST (CodeQL)	Initialize CodeQL	2026-10-07T13:42:33.4065541Z             "title" : "Whether to rewrite and minimize downloaded JAR dependencies (experimental).",
3b SAST (CodeQL)	Initialize CodeQL	2026-10-07T13:42:33.4066418Z             "description" : "If 'true', JAR dependencies downloaded during extraction will be rewritten to remove unneeded data, such as method bodies. The default is 'false'.\n",
3b SAST (CodeQL)	Initialize CodeQL	2026-10-07T13:42:33.4067400Z             "type" : "string",
3b SAST (CodeQL)	Initialize CodeQL	2026-10-07T13:42:33.4067657Z             "pattern" : "^(false|true)$"
3b SAST (CodeQL)	Initialize CodeQL	2026-10-07T13:42:33.4067901Z           }
3b SAST (CodeQL)	Initialize CodeQL	2026-10-07T13:42:33.4068074Z         }
3b SAST (CodeQL)	Initialize CodeQL	2026-10-07T13:42:33.4068245Z       }
3b SAST (CodeQL)	Initialize CodeQL	2026-10-07T13:42:33.4068413Z     ]
3b SAST (CodeQL)	Initialize CodeQL	2026-10-07T13:42:33.4068583Z   }
3b SAST (CodeQL)	Initialize CodeQL	2026-10-07T13:42:33.4068755Z }
3b SAST (CodeQL)	Initialize CodeQL	2026-10-07T13:42:33.4069046Z python does not support TRAP caching (missing option group)
3b SAST (CodeQL)	Initialize CodeQL	2026-10-07T13:42:33.4069397Z Found 0 languages that support TRAP caching
3b SAST (CodeQL)	Initialize CodeQL	2026-10-07T13:42:33.4070027Z ##[endgroup]
3b SAST (CodeQL)	Initialize CodeQL	2026-10-07T13:42:33.4070821Z While resolving threads, found a cgroup CPUs file with 4 CPUs in /sys/fs/cgroup/cpuset.cpus.effective.
3b SAST (CodeQL)	Initialize CodeQL	2026-10-07T13:42:34.4162742Z Writing augmented user configuration file to /home/runner/work/_temp/user-config.yaml
3b SAST (CodeQL)	Initialize CodeQL	2026-10-07T13:42:34.4164115Z ##[group]Augmented user configuration file contents
3b SAST (CodeQL)	Initialize CodeQL	2026-10-07T13:42:34.4184427Z paths:
3b SAST (CodeQL)	Initialize CodeQL	2026-10-07T13:42:34.4184877Z   - labs/17-devsecops/app
3b SAST (CodeQL)	Initialize CodeQL	2026-10-07T13:42:34.4185161Z 
3b SAST (CodeQL)	Initialize CodeQL	2026-10-07T13:42:34.4185634Z ##[endgroup]
3b SAST (CodeQL)	Initialize CodeQL	2026-10-07T13:42:34.4191868Z [command]/opt/hostedtoolcache/CodeQL/2.27.1/x64/codeql/codeql database init --force-overwrite --db-cluster /home/runner/work/_temp/codeql_databases --source-root=/home/runner/work/devops-coursework/devops-coursework --calculate-language-specific-baseline --sublanguage-file-coverage --extractor-include-aliases --language=python --codescanning-config=/home/runner/work/_temp/user-config.yaml
3b SAST (CodeQL)	Initialize CodeQL	2026-10-07T13:42:35.7944561Z Package install location: /home/runner/.codeql/packages
3b SAST (CodeQL)	Initialize CodeQL	2026-10-07T13:42:35.7955343Z Nothing downloaded.
3b SAST (CodeQL)	Initialize CodeQL	2026-10-07T13:42:36.7972368Z Calculating baseline information in /home/runner/work/devops-coursework/devops-coursework
3b SAST (CodeQL)	Initialize CodeQL	2026-10-07T13:42:38.2442144Z Calculated baseline information for languages: python (1.4s).
3b SAST (CodeQL)	Initialize CodeQL	2026-10-07T13:42:38.5648475Z Resolving extractor python.
3b SAST (CodeQL)	Initialize CodeQL	2026-10-07T13:42:38.5711819Z Successfully loaded extractor Python (python) from /opt/hostedtoolcache/CodeQL/2.27.1/x64/codeql/python.
3b SAST (CodeQL)	Initialize CodeQL	2026-10-07T13:42:38.6145370Z Created skeleton CodeQL database at /home/runner/work/_temp/codeql_databases/python. This in-progress database is ready to be populated by an extractor.
3b SAST (CodeQL)	Analyze code	﻿2026-10-07T13:42:40.0167918Z ##[group]Run github/codeql-action/analyze@v3
3b SAST (CodeQL)	Analyze code	2026-10-07T13:42:40.0168251Z with:
3b SAST (CodeQL)	Analyze code	2026-10-07T13:42:40.0168453Z   category: session17-devsecops
3b SAST (CodeQL)	Analyze code	2026-10-07T13:42:40.0168697Z   output: ../results
3b SAST (CodeQL)	Analyze code	2026-10-07T13:42:40.0168896Z   upload: always
3b SAST (CodeQL)	Analyze code	2026-10-07T13:42:40.0169101Z   skip-queries: false
3b SAST (CodeQL)	Analyze code	2026-10-07T13:42:40.0169417Z   checkout_path: /home/runner/work/devops-coursework/devops-coursework
3b SAST (CodeQL)	Analyze code	2026-10-07T13:42:40.0169790Z   upload-database: true
3b SAST (CodeQL)	Analyze code	2026-10-07T13:42:40.0170023Z   wait-for-processing: true
3b SAST (CodeQL)	Analyze code	2026-10-07T13:42:40.0172812Z   token: ***
3b SAST (CodeQL)	Analyze code	2026-10-07T13:42:40.0173017Z   matrix: null
3b SAST (CodeQL)	Analyze code	2026-10-07T13:42:40.0173566Z   expect-error: false
3b SAST (CodeQL)	Analyze code	2026-10-07T13:42:40.0173796Z env:
3b SAST (CodeQL)	Analyze code	2026-10-07T13:42:40.0173982Z   APP_DIR: labs/17-devsecops
3b SAST (CodeQL)	Analyze code	2026-10-07T13:42:40.0174227Z   IMAGE_NAME: claim-check-api
3b SAST (CodeQL)	Analyze code	2026-10-07T13:42:40.0174462Z   TRIVY_VERSION: 0.75.0
3b SAST (CodeQL)	Analyze code	2026-10-07T13:42:40.0174682Z   GITLEAKS_VERSION: 8.30.1
3b SAST (CodeQL)	Analyze code	2026-10-07T13:42:40.0174903Z   PYTHON_VERSION: 3.13
3b SAST (CodeQL)	Analyze code	2026-10-07T13:42:40.0175192Z   CODEQL_ACTION_JOB_RUN_UUID: 6b59d888-a002-4f74-9676-bdd3948563d7
3b SAST (CodeQL)	Analyze code	2026-10-07T13:42:40.0175611Z   CODEQL_ACTION_FEATURE_MULTI_LANGUAGE: false
3b SAST (CodeQL)	Analyze code	2026-10-07T13:42:40.0175907Z   CODEQL_ACTION_FEATURE_SANDWICH: false
3b SAST (CodeQL)	Analyze code	2026-10-07T13:42:40.0176193Z   CODEQL_ACTION_FEATURE_SARIF_COMBINE: true
3b SAST (CodeQL)	Analyze code	2026-10-07T13:42:40.0176481Z   CODEQL_ACTION_FEATURE_WILL_UPLOAD: true
3b SAST (CodeQL)	Analyze code	2026-10-07T13:42:40.0176752Z   CODEQL_ACTION_VERSION: 3.38.2
3b SAST (CodeQL)	Analyze code	2026-10-07T13:42:40.0177023Z   CODEQL_ACTION_DID_LOG_VERSION_DEPRECATION: true
3b SAST (CodeQL)	Analyze code	2026-10-07T13:42:40.0177329Z   CODEQL_ACTION_INIT_HAS_RUN: true
3b SAST (CodeQL)	Analyze code	2026-10-07T13:42:40.0177882Z   CODEQL_ACTION_ANALYSIS_KEY: .github/workflows/session17-devsecops.yml:codeql
3b SAST (CodeQL)	Analyze code	2026-10-07T13:42:40.0178317Z   CODEQL_WORKFLOW_STARTED_AT: 2026-10-07T13:42:28.731Z
3b SAST (CodeQL)	Analyze code	2026-10-07T13:42:40.0178623Z   CODEQL_ACTION_HAS_SET_UP_CODEQL: true
3b SAST (CodeQL)	Analyze code	2026-10-07T13:42:40.0178874Z   CODEQL_RAM: 14575
3b SAST (CodeQL)	Analyze code	2026-10-07T13:42:40.0179072Z   CODEQL_THREADS: 4
3b SAST (CodeQL)	Analyze code	2026-10-07T13:42:40.0179266Z ##[endgroup]
3b SAST (CodeQL)	Analyze code	2026-10-07T13:42:40.2825943Z Existing job run UUID is 6b59d888-a002-4f74-9676-bdd3948563d7.
3b SAST (CodeQL)	Analyze code	2026-10-07T13:42:41.4034714Z While resolving threads, found a cgroup CPUs file with 4 CPUs in /sys/fs/cgroup/cpuset.cpus.effective.
3b SAST (CodeQL)	Analyze code	2026-10-07T13:42:41.4061257Z ##[group]Generating diff range extension pack
3b SAST (CodeQL)	Analyze code	2026-10-07T13:42:41.4062776Z No precomputed diff ranges found; skipping diff-informed analysis stage.
3b SAST (CodeQL)	Analyze code	2026-10-07T13:42:41.4064350Z ##[endgroup]
3b SAST (CodeQL)	Analyze code	2026-10-07T13:42:42.4738054Z ##[group]Extracting python
3b SAST (CodeQL)	Analyze code	2026-10-07T13:42:42.4741803Z [command]/opt/hostedtoolcache/CodeQL/2.27.1/x64/codeql/codeql database trace-command --index-traceless-dbs /home/runner/work/_temp/codeql_databases/python
3b SAST (CodeQL)	Analyze code	2026-10-07T13:42:43.3527020Z Running command in /home/runner/work/devops-coursework/devops-coursework: [/opt/hostedtoolcache/CodeQL/2.27.1/x64/codeql/python/tools/autobuild.sh]
3b SAST (CodeQL)	Analyze code	2026-10-07T13:42:43.4678616Z [2026-10-07 13:42:43] [build-stderr] /bin/sh: 1: python2: not found
3b SAST (CodeQL)	Analyze code	2026-10-07T13:42:43.5054005Z [2026-10-07 13:42:43] [build-stdout] No directories containing root identifiers were found. Returning working directory as root.
3b SAST (CodeQL)	Analyze code	2026-10-07T13:42:43.5059860Z [2026-10-07 13:42:43] [build-stdout] Will try to guess Python version, as it was not specified in `lgtm.yml`
3b SAST (CodeQL)	Analyze code	2026-10-07T13:42:43.5061659Z [2026-10-07 13:42:43] [build-stdout] Trying to guess Python version based on Trove classifiers in setup.py
3b SAST (CodeQL)	Analyze code	2026-10-07T13:42:43.5063877Z [2026-10-07 13:42:43] [build-stdout] Did not find setup.py (expected it to be at /home/runner/work/devops-coursework/devops-coursework/setup.py)
3b SAST (CodeQL)	Analyze code	2026-10-07T13:42:43.5066247Z [2026-10-07 13:42:43] [build-stdout] Trying to guess Python version based on travis file
3b SAST (CodeQL)	Analyze code	2026-10-07T13:42:43.5143965Z [2026-10-07 13:42:43] [build-stdout] Did not find any travis files (expected them at either ['/home/runner/work/devops-coursework/devops-coursework/.travis.yml', '/home/runner/work/devops-coursework/devops-coursework/travis.yml'])
3b SAST (CodeQL)	Analyze code	2026-10-07T13:42:43.5145134Z [2026-10-07 13:42:43] [build-stdout] Trying to guess Python version based on installed versions
3b SAST (CodeQL)	Analyze code	2026-10-07T13:42:43.5145768Z [2026-10-07 13:42:43] [build-stdout] Wanted to run Python 2, but it is not available. Using Python 3 instead
3b SAST (CodeQL)	Analyze code	2026-10-07T13:42:43.5146805Z [2026-10-07 13:42:43] [build-stdout] This script is running Python 3, but Python 2 is also available (as 'python3')
3b SAST (CodeQL)	Analyze code	2026-10-07T13:42:43.5147442Z [2026-10-07 13:42:43] [build-stdout] Could not guess Python version, will use default: Python 3
3b SAST (CodeQL)	Analyze code	2026-10-07T13:42:43.5148711Z [2026-10-07 13:42:43] [build-stdout] Calling python3 -S /opt/hostedtoolcache/CodeQL/2.27.1/x64/codeql/python/tools/python_tracer.py --verbosity 3 -z all -c /home/runner/work/_temp/codeql_databases/python/working/trap_cache -R labs/17-devsecops/app --filter include:labs/17-devsecops/app
3b SAST (CodeQL)	Analyze code	2026-10-07T13:42:44.8316145Z [2026-10-07 13:42:44] [build-stdout] INFO: The Python extractor has recently stopped extracting the standard library by default. If you encounter problems, please let us know by submitting an issue to https://github.com/github/codeql. It is possible to re-enable extraction of the standard library by setting the environment variable CODEQL_EXTRACTOR_PYTHON_EXTRACT_STDLIB.
3b SAST (CodeQL)	Analyze code	2026-10-07T13:42:44.8336129Z [2026-10-07 13:42:44] [build-stdout] [INFO] Extraction will use the Python 3 standard library.
3b SAST (CodeQL)	Analyze code	2026-10-07T13:42:44.8353804Z [2026-10-07 13:42:44] [build-stdout] [INFO] sys_path is: ['/opt/hostedtoolcache/CodeQL/2.27.1/x64/codeql/python/tools', '/usr/lib/python312.zip', '/usr/lib/python3.12', '/usr/lib/python3.12/lib-dynload']
3b SAST (CodeQL)	Analyze code	2026-10-07T13:42:44.8357267Z [2026-10-07 13:42:44] [build-stdout] [INFO] Python version 3.12.3
3b SAST (CodeQL)	Analyze code	2026-10-07T13:42:44.8358280Z [2026-10-07 13:42:44] [build-stdout] [INFO] Python extractor version 7.1.10
3b SAST (CodeQL)	Analyze code	2026-10-07T13:42:44.9234921Z [2026-10-07 13:42:44] [build-stdout] [INFO] [2] Extracted file /home/runner/work/devops-coursework/devops-coursework/labs/17-devsecops/app/__init__.py in 7ms
3b SAST (CodeQL)	Analyze code	2026-10-07T13:42:44.9236916Z [2026-10-07 13:42:44] [build-stdout] [INFO] [4] Extracted folder /home/runner/work/devops-coursework/devops-coursework/labs/17-devsecops/app in 2ms
3b SAST (CodeQL)	Analyze code	2026-10-07T13:42:44.9954898Z [2026-10-07 13:42:44] [build-stdout] [INFO] [3] Extracted file /home/runner/work/devops-coursework/devops-coursework/labs/17-devsecops/app/claims.py in 80ms
3b SAST (CodeQL)	Analyze code	2026-10-07T13:42:44.9956519Z [2026-10-07 13:42:44] [build-stdout] [INFO] [2] Skipped built-in file /usr/lib/python3.12/decimal.py
3b SAST (CodeQL)	Analyze code	2026-10-07T13:42:44.9957921Z [2026-10-07 13:42:44] [build-stdout] [INFO] [1] Extracted file /home/runner/work/devops-coursework/devops-coursework/labs/17-devsecops/app/server.py in 81ms
3b SAST (CodeQL)	Analyze code	2026-10-07T13:42:44.9959331Z [2026-10-07 13:42:44] [build-stdout] [INFO] [3] Skipped built-in file /usr/lib/python3.12/hashlib.py
3b SAST (CodeQL)	Analyze code	2026-10-07T13:42:44.9959990Z [2026-10-07 13:42:44] [build-stdout] [INFO] [2] Skipped built-in file /usr/lib/python3.12/os.py
3b SAST (CodeQL)	Analyze code	2026-10-07T13:42:44.9960626Z [2026-10-07 13:42:44] [build-stdout] [INFO] [1] Skipped built-in file /usr/lib/python3.12/subprocess.py
3b SAST (CodeQL)	Analyze code	2026-10-07T13:42:44.9961242Z [2026-10-07 13:42:44] [build-stdout] [INFO] [4] Skipped built-in file /usr/lib/python3.12/random.py
3b SAST (CodeQL)	Analyze code	2026-10-07T13:42:45.0363504Z [2026-10-07 13:42:45] [build-stdout] [INFO] Processed 9 modules in 0.19s
3b SAST (CodeQL)	Analyze code	2026-10-07T13:42:45.0795769Z ##[endgroup]
3b SAST (CodeQL)	Analyze code	2026-10-07T13:42:45.0802950Z ##[group]Finalizing python
3b SAST (CodeQL)	Analyze code	2026-10-07T13:42:45.0805262Z [command]/opt/hostedtoolcache/CodeQL/2.27.1/x64/codeql/codeql database finalize --finalize-dataset --threads=4 --ram=14575 /home/runner/work/_temp/codeql_databases/python
3b SAST (CodeQL)	Analyze code	2026-10-07T13:42:45.9612316Z Running pre-finalize script /opt/hostedtoolcache/CodeQL/2.27.1/x64/codeql/python/tools/pre-finalize.sh in /home/runner/work/devops-coursework/devops-coursework.
3b SAST (CodeQL)	Analyze code	2026-10-07T13:42:46.0429296Z Running command in /home/runner/work/devops-coursework/devops-coursework: [/opt/hostedtoolcache/CodeQL/2.27.1/x64/codeql/python/tools/pre-finalize.sh]
3b SAST (CodeQL)	Analyze code	2026-10-07T13:42:46.8942537Z [2026-10-07 13:42:46] [build-stderr] Scanning for files in /home/runner/work/devops-coursework/devops-coursework...
3b SAST (CodeQL)	Analyze code	2026-10-07T13:42:46.9921441Z Pre-finalize script /opt/hostedtoolcache/CodeQL/2.27.1/x64/codeql/python/tools/pre-finalize.sh completed in 1030 ms.
3b SAST (CodeQL)	Analyze code	2026-10-07T13:42:46.9960740Z Running TRAP import for CodeQL database at /home/runner/work/_temp/codeql_databases/python...
3b SAST (CodeQL)	Analyze code	2026-10-07T13:42:47.8635412Z Importing TRAP files
3b SAST (CodeQL)	Analyze code	2026-10-07T13:42:48.3107586Z Merging relations
3b SAST (CodeQL)	Analyze code	2026-10-07T13:42:48.5232357Z Finished writing database (relations: 70.68 KiB; string pool: 2.08 MiB).
3b SAST (CodeQL)	Analyze code	2026-10-07T13:42:48.5450710Z TRAP import complete (1.5s).
3b SAST (CodeQL)	Analyze code	2026-10-07T13:42:48.7452219Z Finished zipping source archive (3.11 KiB).
3b SAST (CodeQL)	Analyze code	2026-10-07T13:42:48.7563649Z ##[endgroup]
3b SAST (CodeQL)	Analyze code	2026-10-07T13:42:49.7434348Z ##[group]Running queries for python
3b SAST (CodeQL)	Analyze code	2026-10-07T13:42:49.7435587Z [command]/opt/hostedtoolcache/CodeQL/2.27.1/x64/codeql/codeql database run-queries --ram=14575 --threads=4 --expect-discarded-cache /home/runner/work/_temp/codeql_databases/python --min-disk-free=1024 -v
3b SAST (CodeQL)	Analyze code	2026-10-07T13:42:50.5432144Z Writing logs to /home/runner/work/_temp/codeql_databases/python/log/database-run-queries-20261007.134250.540.log.
3b SAST (CodeQL)	Analyze code	2026-10-07T13:42:51.2264610Z Writing logs to /home/runner/work/_temp/codeql_databases/python/log/execute-queries-20261007.134251.222.log.
3b SAST (CodeQL)	Analyze code	2026-10-07T13:42:51.5952137Z Recording pack reference codeql/python-queries at /opt/hostedtoolcache/CodeQL/2.27.1/x64/codeql/qlpacks/codeql/python-queries/1.8.11.
3b SAST (CodeQL)	Analyze code	2026-10-07T13:42:51.8194540Z Resolving data extensions.
3b SAST (CodeQL)	Analyze code	2026-10-07T13:42:53.2008017Z Finished resolving data extensions.
3b SAST (CodeQL)	Analyze code	2026-10-07T13:42:53.2610667Z Loading data extensions.
3b SAST (CodeQL)	Analyze code	2026-10-07T13:42:53.7098139Z Finished loading data extensions.
3b SAST (CodeQL)	Analyze code	2026-10-07T13:42:54.7664501Z [1/45] Loaded /opt/hostedtoolcache/CodeQL/2.27.1/x64/codeql/qlpacks/codeql/python-queries/1.8.11/Expressions/UseofInput.qlx.
3b SAST (CodeQL)	Analyze code	2026-10-07T13:42:54.7693898Z [2/45] Loaded /opt/hostedtoolcache/CodeQL/2.27.1/x64/codeql/qlpacks/codeql/python-queries/1.8.11/Security/CWE-326/WeakCryptoKey.qlx.
3b SAST (CodeQL)	Analyze code	2026-10-07T13:42:54.9554787Z [3/45] Loaded /opt/hostedtoolcache/CodeQL/2.27.1/x64/codeql/qlpacks/codeql/python-queries/1.8.11/Security/CWE-116/BadTagFilter.qlx.
3b SAST (CodeQL)	Analyze code	2026-10-07T13:42:55.1274681Z [4/45] Loaded /opt/hostedtoolcache/CodeQL/2.27.1/x64/codeql/qlpacks/codeql/python-queries/1.8.11/Security/CWE-079/ReflectedXss.qlx.
3b SAST (CodeQL)	Analyze code	2026-10-07T13:42:55.1506063Z [5/45] Loaded /opt/hostedtoolcache/CodeQL/2.27.1/x64/codeql/qlpacks/codeql/python-queries/1.8.11/Security/CWE-918/FullServerSideRequestForgery.qlx.
3b SAST (CodeQL)	Analyze code	2026-10-07T13:42:55.1526898Z [6/45] Loaded /opt/hostedtoolcache/CodeQL/2.27.1/x64/codeql/qlpacks/codeql/python-queries/1.8.11/Security/CWE-022/PathInjection.qlx.
3b SAST (CodeQL)	Analyze code	2026-10-07T13:42:55.3990902Z [7/45] Loaded /opt/hostedtoolcache/CodeQL/2.27.1/x64/codeql/qlpacks/codeql/python-queries/1.8.11/Security/CWE-094/CodeInjection.qlx.
3b SAST (CodeQL)	Analyze code	2026-10-07T13:42:55.4064328Z [8/45] Loaded /opt/hostedtoolcache/CodeQL/2.27.1/x64/codeql/qlpacks/codeql/python-queries/1.8.11/Security/CWE-643/XpathInjection.qlx.
3b SAST (CodeQL)	Analyze code	2026-10-07T13:42:55.4562341Z [9/45] Loaded /opt/hostedtoolcache/CodeQL/2.27.1/x64/codeql/qlpacks/codeql/python-queries/1.8.11/Security/CWE-377/InsecureTemporaryFile.qlx.
3b SAST (CodeQL)	Analyze code	2026-10-07T13:42:55.4586727Z [10/45] Loaded /opt/hostedtoolcache/CodeQL/2.27.1/x64/codeql/qlpacks/codeql/python-queries/1.8.11/Security/CWE-209/StackTraceExposure.qlx.
3b SAST (CodeQL)	Analyze code	2026-10-07T13:42:55.5796519Z [11/45] Loaded /opt/hostedtoolcache/CodeQL/2.27.1/x64/codeql/qlpacks/codeql/python-queries/1.8.11/Security/CWE-730/ReDoS.qlx.
3b SAST (CodeQL)	Analyze code	2026-10-07T13:42:55.6054804Z [12/45] Loaded /opt/hostedtoolcache/CodeQL/2.27.1/x64/codeql/qlpacks/codeql/python-queries/1.8.11/Security/CWE-943/NoSqlInjection.qlx.
3b SAST (CodeQL)	Analyze code	2026-10-07T13:42:55.6149224Z [13/45] Loaded /opt/hostedtoolcache/CodeQL/2.27.1/x64/codeql/qlpacks/codeql/python-queries/1.8.11/Security/CWE-295/MissingHostKeyValidation.qlx.
3b SAST (CodeQL)	Analyze code	2026-10-07T13:42:55.6174262Z [14/45] Loaded /opt/hostedtoolcache/CodeQL/2.27.1/x64/codeql/qlpacks/codeql/python-queries/1.8.11/Security/CWE-730/PolynomialReDoS.qlx.
3b SAST (CodeQL)	Analyze code	2026-10-07T13:42:55.7544629Z [15/45] Loaded /opt/hostedtoolcache/CodeQL/2.27.1/x64/codeql/qlpacks/codeql/python-queries/1.8.11/Security/CWE-730/RegexInjection.qlx.
3b SAST (CodeQL)	Analyze code	2026-10-07T13:42:55.8014743Z [16/45] Loaded /opt/hostedtoolcache/CodeQL/2.27.1/x64/codeql/qlpacks/codeql/python-queries/1.8.11/Security/CWE-611/Xxe.qlx.
3b SAST (CodeQL)	Analyze code	2026-10-07T13:42:55.8174862Z [17/45] Loaded /opt/hostedtoolcache/CodeQL/2.27.1/x64/codeql/qlpacks/codeql/python-queries/1.8.11/Security/CWE-1275/SameSiteNoneCookie.qlx.
3b SAST (CodeQL)	Analyze code	2026-10-07T13:42:55.8244560Z [18/45] Loaded /opt/hostedtoolcache/CodeQL/2.27.1/x64/codeql/qlpacks/codeql/python-queries/1.8.11/Security/CWE-601/UrlRedirect.qlx.
3b SAST (CodeQL)	Analyze code	2026-10-07T13:42:55.8314466Z [19/45] Loaded /opt/hostedtoolcache/CodeQL/2.27.1/x64/codeql/qlpacks/codeql/python-queries/1.8.11/Security/CWE-352/CSRFProtectionDisabled.qlx.
3b SAST (CodeQL)	Analyze code	2026-10-07T13:42:55.9444672Z [20/45] Loaded /opt/hostedtoolcache/CodeQL/2.27.1/x64/codeql/qlpacks/codeql/python-queries/1.8.11/Security/CWE-1004/NonHttpOnlyCookie.qlx.
3b SAST (CodeQL)	Analyze code	2026-10-07T13:42:55.9734707Z [21/45] Loaded /opt/hostedtoolcache/CodeQL/2.27.1/x64/codeql/qlpacks/codeql/python-queries/1.8.11/Security/CWE-312/CleartextLogging.qlx.
3b SAST (CodeQL)	Analyze code	2026-10-07T13:42:56.0104649Z [22/45] Loaded /opt/hostedtoolcache/CodeQL/2.27.1/x64/codeql/qlpacks/codeql/python-queries/1.8.11/Security/CWE-312/CleartextStorage.qlx.
3b SAST (CodeQL)	Analyze code	2026-10-07T13:42:56.0414701Z [23/45] Loaded /opt/hostedtoolcache/CodeQL/2.27.1/x64/codeql/qlpacks/codeql/python-queries/1.8.11/Security/CWE-776/XmlBomb.qlx.
3b SAST (CodeQL)	Analyze code	2026-10-07T13:42:56.1664836Z [24/45] Loaded /opt/hostedtoolcache/CodeQL/2.27.1/x64/codeql/qlpacks/codeql/python-queries/1.8.11/Security/CWE-502/UnsafeDeserialization.qlx.
3b SAST (CodeQL)	Analyze code	2026-10-07T13:42:56.1724666Z [25/45] Loaded /opt/hostedtoolcache/CodeQL/2.27.1/x64/codeql/qlpacks/codeql/python-queries/1.8.11/Security/CVE-2018-1281/BindToAllInterfaces.qlx.
3b SAST (CodeQL)	Analyze code	2026-10-07T13:42:56.2234848Z [26/45] Loaded /opt/hostedtoolcache/CodeQL/2.27.1/x64/codeql/qlpacks/codeql/python-queries/1.8.11/Security/CWE-215/FlaskDebug.qlx.
3b SAST (CodeQL)	Analyze code	2026-10-07T13:42:56.2355434Z [27/45] Loaded /opt/hostedtoolcache/CodeQL/2.27.1/x64/codeql/qlpacks/codeql/python-queries/1.8.11/Security/CWE-089/SqlInjection.qlx.
3b SAST (CodeQL)	Analyze code	2026-10-07T13:42:56.2917110Z [28/45] Loaded /opt/hostedtoolcache/CodeQL/2.27.1/x64/codeql/qlpacks/codeql/python-queries/1.8.11/Security/CWE-078/CommandInjection.qlx.
3b SAST (CodeQL)	Analyze code	2026-10-07T13:42:56.4842808Z [29/45] Loaded /opt/hostedtoolcache/CodeQL/2.27.1/x64/codeql/qlpacks/codeql/python-queries/1.8.11/Security/CWE-090/LdapInjection.qlx.
3b SAST (CodeQL)	Analyze code	2026-10-07T13:42:56.4844869Z [30/45] Loaded /opt/hostedtoolcache/CodeQL/2.27.1/x64/codeql/qlpacks/codeql/python-queries/1.8.11/Security/CWE-074/TemplateInjection.qlx.
3b SAST (CodeQL)	Analyze code	2026-10-07T13:42:56.5156840Z [31/45] Loaded /opt/hostedtoolcache/CodeQL/2.27.1/x64/codeql/qlpacks/codeql/python-queries/1.8.11/Security/CWE-327/InsecureProtocol.qlx.
3b SAST (CodeQL)	Analyze code	2026-10-07T13:42:56.5245044Z [32/45] Loaded /opt/hostedtoolcache/CodeQL/2.27.1/x64/codeql/qlpacks/codeql/python-queries/1.8.11/Security/CWE-327/InsecureDefaultProtocol.qlx.
3b SAST (CodeQL)	Analyze code	2026-10-07T13:42:56.5435044Z [33/45] Loaded /opt/hostedtoolcache/CodeQL/2.27.1/x64/codeql/qlpacks/codeql/python-queries/1.8.11/Security/CWE-327/BrokenCryptoAlgorithm.qlx.
3b SAST (CodeQL)	Analyze code	2026-10-07T13:42:56.5484502Z [34/45] Loaded /opt/hostedtoolcache/CodeQL/2.27.1/x64/codeql/qlpacks/codeql/python-queries/1.8.11/Security/CWE-327/WeakSensitiveDataHashing.qlx.
3b SAST (CodeQL)	Analyze code	2026-10-07T13:42:56.5654792Z [35/45] Loaded /opt/hostedtoolcache/CodeQL/2.27.1/x64/codeql/qlpacks/codeql/python-queries/1.8.11/Security/CWE-020/IncompleteUrlSubstringSanitization.qlx.
3b SAST (CodeQL)	Analyze code	2026-10-07T13:42:56.6104603Z [36/45] Loaded /opt/hostedtoolcache/CodeQL/2.27.1/x64/codeql/qlpacks/codeql/python-queries/1.8.11/Security/CWE-614/InsecureCookie.qlx.
3b SAST (CodeQL)	Analyze code	2026-10-07T13:42:56.6134610Z [37/45] Loaded /opt/hostedtoolcache/CodeQL/2.27.1/x64/codeql/qlpacks/codeql/python-queries/1.8.11/Security/CWE-020/IncompleteHostnameRegExp.qlx.
3b SAST (CodeQL)	Analyze code	2026-10-07T13:42:56.6274783Z [38/45] Loaded /opt/hostedtoolcache/CodeQL/2.27.1/x64/codeql/qlpacks/codeql/python-queries/1.8.11/Security/CWE-285/PamAuthorization.qlx.
3b SAST (CodeQL)	Analyze code	2026-10-07T13:42:56.6324752Z [39/45] Loaded /opt/hostedtoolcache/CodeQL/2.27.1/x64/codeql/qlpacks/codeql/python-queries/1.8.11/Diagnostics/ExtractionWarnings.qlx.
3b SAST (CodeQL)	Analyze code	2026-10-07T13:42:56.6397082Z [40/45] Loaded /opt/hostedtoolcache/CodeQL/2.27.1/x64/codeql/qlpacks/codeql/python-queries/1.8.11/Diagnostics/ExtractedFiles.qlx.
3b SAST (CodeQL)	Analyze code	2026-10-07T13:42:56.6514302Z [41/45] Loaded /opt/hostedtoolcache/CodeQL/2.27.1/x64/codeql/qlpacks/codeql/python-queries/1.8.11/Summary/LinesOfUserCode.qlx.
3b SAST (CodeQL)	Analyze code	2026-10-07T13:42:56.6567503Z [42/45] Loaded /opt/hostedtoolcache/CodeQL/2.27.1/x64/codeql/qlpacks/codeql/python-queries/1.8.11/Security/CWE-020/OverlyLargeRange.qlx.
3b SAST (CodeQL)	Analyze code	2026-10-07T13:42:56.6624458Z [43/45] Loaded /opt/hostedtoolcache/CodeQL/2.27.1/x64/codeql/qlpacks/codeql/python-queries/1.8.11/Summary/LinesOfCode.qlx.
3b SAST (CodeQL)	Analyze code	2026-10-07T13:42:56.7154795Z [44/45] Loaded /opt/hostedtoolcache/CodeQL/2.27.1/x64/codeql/qlpacks/codeql/python-queries/1.8.11/Security/CWE-113/HeaderInjection.qlx.
3b SAST (CodeQL)	Analyze code	2026-10-07T13:42:56.7859291Z [45/45] Loaded /opt/hostedtoolcache/CodeQL/2.27.1/x64/codeql/qlpacks/codeql/python-queries/1.8.11/Security/CWE-020/CookieInjection.qlx.
3b SAST (CodeQL)	Analyze code	2026-10-07T13:42:57.2116697Z Starting evaluation of codeql/python-queries/Diagnostics/ExtractedFiles.ql.
3b SAST (CodeQL)	Analyze code	2026-10-07T13:42:57.2134501Z Starting evaluation of codeql/python-queries/Expressions/UseofInput.ql.
3b SAST (CodeQL)	Analyze code	2026-10-07T13:42:57.2176189Z Starting evaluation of codeql/python-queries/Security/CVE-2018-1281/BindToAllInterfaces.ql.
3b SAST (CodeQL)	Analyze code	2026-10-07T13:42:57.2196533Z Starting evaluation of codeql/python-queries/Diagnostics/ExtractionWarnings.ql.
3b SAST (CodeQL)	Analyze code	2026-10-07T13:42:57.2245607Z Starting evaluation of codeql/python-queries/Security/CWE-020/CookieInjection.ql.
3b SAST (CodeQL)	Analyze code	2026-10-07T13:42:57.2246756Z Starting evaluation of codeql/python-queries/Security/CWE-020/IncompleteHostnameRegExp.ql.
3b SAST (CodeQL)	Analyze code	2026-10-07T13:42:57.2247969Z Starting evaluation of codeql/python-queries/Security/CWE-020/IncompleteUrlSubstringSanitization.ql.
3b SAST (CodeQL)	Analyze code	2026-10-07T13:42:57.3687859Z [1/45 eval 152ms] Evaluation done; writing results to codeql/python-queries/Diagnostics/ExtractionWarnings.bqrs.
3b SAST (CodeQL)	Analyze code	2026-10-07T13:42:57.4536924Z [2/45 eval 244ms] Evaluation done; writing results to codeql/python-queries/Diagnostics/ExtractedFiles.bqrs.
3b SAST (CodeQL)	Analyze code	2026-10-07T13:42:57.4767292Z [3/45 eval 257ms] Evaluation done; writing results to codeql/python-queries/Security/CWE-020/IncompleteUrlSubstringSanitization.bqrs.
3b SAST (CodeQL)	Analyze code	2026-10-07T13:42:58.1334599Z Starting evaluation of codeql/python-queries/Security/CWE-020/OverlyLargeRange.ql.
3b SAST (CodeQL)	Analyze code	2026-10-07T13:42:58.1374482Z Starting evaluation of codeql/python-queries/Security/CWE-022/PathInjection.ql.
3b SAST (CodeQL)	Analyze code	2026-10-07T13:42:58.1594431Z Starting evaluation of codeql/python-queries/Security/CWE-074/TemplateInjection.ql.
3b SAST (CodeQL)	Analyze code	2026-10-07T13:42:58.2644440Z Starting evaluation of codeql/python-queries/Security/CWE-078/CommandInjection.ql.
3b SAST (CodeQL)	Analyze code	2026-10-07T13:42:58.3144527Z Starting evaluation of codeql/python-queries/Security/CWE-079/ReflectedXss.ql.
3b SAST (CodeQL)	Analyze code	2026-10-07T13:42:58.3314351Z Starting evaluation of codeql/python-queries/Security/CWE-089/SqlInjection.ql.
3b SAST (CodeQL)	Analyze code	2026-10-07T13:42:58.3731700Z Starting evaluation of codeql/python-queries/Security/CWE-090/LdapInjection.ql.
3b SAST (CodeQL)	Analyze code	2026-10-07T13:42:58.5804472Z Starting evaluation of codeql/python-queries/Security/CWE-094/CodeInjection.ql.
3b SAST (CodeQL)	Analyze code	2026-10-07T13:42:58.5805855Z Starting evaluation of codeql/python-queries/Security/CWE-1004/NonHttpOnlyCookie.ql.
3b SAST (CodeQL)	Analyze code	2026-10-07T13:42:58.5807159Z Starting evaluation of codeql/python-queries/Security/CWE-113/HeaderInjection.ql.
3b SAST (CodeQL)	Analyze code	2026-10-07T13:42:58.5835706Z Starting evaluation of codeql/python-queries/Security/CWE-116/BadTagFilter.ql.
3b SAST (CodeQL)	Analyze code	2026-10-07T13:42:58.5864000Z Starting evaluation of codeql/python-queries/Security/CWE-1275/SameSiteNoneCookie.ql.
3b SAST (CodeQL)	Analyze code	2026-10-07T13:42:58.5865119Z Starting evaluation of codeql/python-queries/Security/CWE-209/StackTraceExposure.ql.
3b SAST (CodeQL)	Analyze code	2026-10-07T13:42:58.5894211Z Starting evaluation of codeql/python-queries/Security/CWE-215/FlaskDebug.ql.
3b SAST (CodeQL)	Analyze code	2026-10-07T13:42:58.5924122Z Starting evaluation of codeql/python-queries/Security/CWE-285/PamAuthorization.ql.
3b SAST (CodeQL)	Analyze code	2026-10-07T13:42:58.5946604Z Starting evaluation of codeql/python-queries/Security/CWE-295/MissingHostKeyValidation.ql.
3b SAST (CodeQL)	Analyze code	2026-10-07T13:42:58.5983658Z Starting evaluation of codeql/python-queries/Security/CWE-312/CleartextLogging.ql.
3b SAST (CodeQL)	Analyze code	2026-10-07T13:42:58.5984938Z Starting evaluation of codeql/python-queries/Security/CWE-312/CleartextStorage.ql.
3b SAST (CodeQL)	Analyze code	2026-10-07T13:42:58.6014065Z Starting evaluation of codeql/python-queries/Security/CWE-326/WeakCryptoKey.ql.
3b SAST (CodeQL)	Analyze code	2026-10-07T13:42:58.6024481Z Starting evaluation of codeql/python-queries/Security/CWE-327/BrokenCryptoAlgorithm.ql.
3b SAST (CodeQL)	Analyze code	2026-10-07T13:42:58.6044117Z Starting evaluation of codeql/python-queries/Security/CWE-327/InsecureDefaultProtocol.ql.
3b SAST (CodeQL)	Analyze code	2026-10-07T13:42:58.6074162Z Starting evaluation of codeql/python-queries/Security/CWE-327/InsecureProtocol.ql.
3b SAST (CodeQL)	Analyze code	2026-10-07T13:42:58.6104053Z Starting evaluation of codeql/python-queries/Security/CWE-327/WeakSensitiveDataHashing.ql.
3b SAST (CodeQL)	Analyze code	2026-10-07T13:42:58.6134095Z Starting evaluation of codeql/python-queries/Security/CWE-352/CSRFProtectionDisabled.ql.
3b SAST (CodeQL)	Analyze code	2026-10-07T13:42:58.6135275Z Starting evaluation of codeql/python-queries/Security/CWE-377/InsecureTemporaryFile.ql.
3b SAST (CodeQL)	Analyze code	2026-10-07T13:42:58.6164091Z Starting evaluation of codeql/python-queries/Security/CWE-502/UnsafeDeserialization.ql.
3b SAST (CodeQL)	Analyze code	2026-10-07T13:42:58.6165197Z Starting evaluation of codeql/python-queries/Security/CWE-601/UrlRedirect.ql.
3b SAST (CodeQL)	Analyze code	2026-10-07T13:42:58.6201898Z Starting evaluation of codeql/python-queries/Security/CWE-611/Xxe.ql.
3b SAST (CodeQL)	Analyze code	2026-10-07T13:42:58.6232884Z Starting evaluation of codeql/python-queries/Security/CWE-614/InsecureCookie.ql.
3b SAST (CodeQL)	Analyze code	2026-10-07T13:42:58.6263917Z Starting evaluation of codeql/python-queries/Security/CWE-643/XpathInjection.ql.
3b SAST (CodeQL)	Analyze code	2026-10-07T13:42:58.6283964Z Starting evaluation of codeql/python-queries/Security/CWE-730/PolynomialReDoS.ql.
3b SAST (CodeQL)	Analyze code	2026-10-07T13:42:58.6293998Z Starting evaluation of codeql/python-queries/Security/CWE-730/ReDoS.ql.
3b SAST (CodeQL)	Analyze code	2026-10-07T13:42:58.6324094Z Starting evaluation of codeql/python-queries/Security/CWE-730/RegexInjection.ql.
3b SAST (CodeQL)	Analyze code	2026-10-07T13:42:58.7164756Z [4/45 eval 131ms] Evaluation done; writing results to codeql/python-queries/Security/CWE-352/CSRFProtectionDisabled.bqrs.
3b SAST (CodeQL)	Analyze code	2026-10-07T13:42:59.1357836Z [5/45 eval 552ms] Evaluation done; writing results to codeql/python-queries/Security/CWE-327/InsecureDefaultProtocol.bqrs.
3b SAST (CodeQL)	Analyze code	2026-10-07T13:42:59.1366396Z [6/45 eval 1.9s] Evaluation done; writing results to codeql/python-queries/Expressions/UseofInput.bqrs.
3b SAST (CodeQL)	Analyze code	2026-10-07T13:42:59.1610111Z [7/45 eval 579ms] Evaluation done; writing results to codeql/python-queries/Security/CWE-295/MissingHostKeyValidation.bqrs.
3b SAST (CodeQL)	Analyze code	2026-10-07T13:42:59.3443472Z [8/45 eval 757ms] Evaluation done; writing results to codeql/python-queries/Security/CWE-326/WeakCryptoKey.bqrs.
3b SAST (CodeQL)	Analyze code	2026-10-07T13:42:59.4104496Z Starting evaluation of codeql/python-queries/Security/CWE-776/XmlBomb.ql.
3b SAST (CodeQL)	Analyze code	2026-10-07T13:42:59.4284425Z Starting evaluation of codeql/python-queries/Security/CWE-918/FullServerSideRequestForgery.ql.
3b SAST (CodeQL)	Analyze code	2026-10-07T13:42:59.4453477Z Starting evaluation of codeql/python-queries/Security/CWE-943/NoSqlInjection.ql.
3b SAST (CodeQL)	Analyze code	2026-10-07T13:42:59.4634860Z Starting evaluation of codeql/python-queries/Summary/LinesOfCode.ql.
3b SAST (CodeQL)	Analyze code	2026-10-07T13:42:59.4677476Z Starting evaluation of codeql/python-queries/Summary/LinesOfUserCode.ql.
3b SAST (CodeQL)	Analyze code	2026-10-07T13:42:59.4764687Z [9/45 eval 4ms] Evaluation done; writing results to codeql/python-queries/Summary/LinesOfCode.bqrs.
3b SAST (CodeQL)	Analyze code	2026-10-07T13:42:59.4994544Z [10/45 eval 33ms] Evaluation done; writing results to codeql/python-queries/Summary/LinesOfUserCode.bqrs.
3b SAST (CodeQL)	Analyze code	2026-10-07T13:42:59.8416877Z [11/45 eval 1.3s] Evaluation done; writing results to codeql/python-queries/Security/CWE-285/PamAuthorization.bqrs.
3b SAST (CodeQL)	Analyze code	2026-10-07T13:42:59.9127576Z [12/45 eval 464ms] Evaluation done; writing results to codeql/python-queries/Security/CWE-943/NoSqlInjection.bqrs.
3b SAST (CodeQL)	Analyze code	2026-10-07T13:42:59.9359545Z [13/45 eval 2.7s] Evaluation done; writing results to codeql/python-queries/Security/CVE-2018-1281/BindToAllInterfaces.bqrs.
3b SAST (CodeQL)	Analyze code	2026-10-07T13:43:00.0029468Z [14/45 eval 2.8s] Evaluation done; writing results to codeql/python-queries/Security/CWE-020/IncompleteHostnameRegExp.bqrs.
3b SAST (CodeQL)	Analyze code	2026-10-07T13:43:00.0140145Z [15/45 eval 1.9s] Evaluation done; writing results to codeql/python-queries/Security/CWE-020/OverlyLargeRange.bqrs.
3b SAST (CodeQL)	Analyze code	2026-10-07T13:43:00.0174802Z [16/45 eval 1.4s] Evaluation done; writing results to codeql/python-queries/Security/CWE-116/BadTagFilter.bqrs.
3b SAST (CodeQL)	Analyze code	2026-10-07T13:43:00.0176195Z [17/45 eval 1.4s] Evaluation done; writing results to codeql/python-queries/Security/CWE-730/PolynomialReDoS.bqrs.
3b SAST (CodeQL)	Analyze code	2026-10-07T13:43:00.0194877Z [18/45 eval 1.4s] Evaluation done; writing results to codeql/python-queries/Security/CWE-730/ReDoS.bqrs.
3b SAST (CodeQL)	Analyze code	2026-10-07T13:43:00.0366634Z [19/45 eval 1.9s] Evaluation done; writing results to codeql/python-queries/Security/CWE-074/TemplateInjection.bqrs.
3b SAST (CodeQL)	Analyze code	2026-10-07T13:43:00.0658418Z [20/45 eval 1.5s] Evaluation done; writing results to codeql/python-queries/Security/CWE-643/XpathInjection.bqrs.
3b SAST (CodeQL)	Analyze code	2026-10-07T13:43:00.1120357Z [21/45 eval 1.5s] Evaluation done; writing results to codeql/python-queries/Security/CWE-601/UrlRedirect.bqrs.
3b SAST (CodeQL)	Analyze code	2026-10-07T13:43:00.1126352Z [22/45 eval 1.5s] Evaluation done; writing results to codeql/python-queries/Security/CWE-611/Xxe.bqrs.
3b SAST (CodeQL)	Analyze code	2026-10-07T13:43:00.1151499Z [23/45 eval 705ms] Evaluation done; writing results to codeql/python-queries/Security/CWE-776/XmlBomb.bqrs.
3b SAST (CodeQL)	Analyze code	2026-10-07T13:43:00.1785549Z [24/45 eval 1.6s] Evaluation done; writing results to codeql/python-queries/Security/CWE-113/HeaderInjection.bqrs.
3b SAST (CodeQL)	Analyze code	2026-10-07T13:43:00.1794268Z [25/45 eval 3s] Evaluation done; writing results to codeql/python-queries/Security/CWE-020/CookieInjection.bqrs.
3b SAST (CodeQL)	Analyze code	2026-10-07T13:43:00.2384720Z [26/45 eval 2.1s] Evaluation done; writing results to codeql/python-queries/Security/CWE-022/PathInjection.bqrs.
3b SAST (CodeQL)	Analyze code	2026-10-07T13:43:00.2589167Z [27/45 eval 1.9s] Evaluation done; writing results to codeql/python-queries/Security/CWE-089/SqlInjection.bqrs.
3b SAST (CodeQL)	Analyze code	2026-10-07T13:43:00.2754481Z [28/45 eval 2s] Evaluation done; writing results to codeql/python-queries/Security/CWE-079/ReflectedXss.bqrs.
3b SAST (CodeQL)	Analyze code	2026-10-07T13:43:00.4559738Z [29/45 eval 1.9s] Evaluation done; writing results to codeql/python-queries/Security/CWE-1004/NonHttpOnlyCookie.bqrs.
3b SAST (CodeQL)	Analyze code	2026-10-07T13:43:00.4584333Z [30/45 eval 1.9s] Evaluation done; writing results to codeql/python-queries/Security/CWE-614/InsecureCookie.bqrs.
3b SAST (CodeQL)	Analyze code	2026-10-07T13:43:00.5474746Z [31/45 eval 2s] Evaluation done; writing results to codeql/python-queries/Security/CWE-1275/SameSiteNoneCookie.bqrs.
3b SAST (CodeQL)	Analyze code	2026-10-07T13:43:00.5761554Z [32/45 eval 2.2s] Evaluation done; writing results to codeql/python-queries/Security/CWE-090/LdapInjection.bqrs.
3b SAST (CodeQL)	Analyze code	2026-10-07T13:43:00.6128762Z [33/45 eval 2s] Evaluation done; writing results to codeql/python-queries/Security/CWE-215/FlaskDebug.bqrs.
3b SAST (CodeQL)	Analyze code	2026-10-07T13:43:00.6367445Z [34/45 eval 2.1s] Evaluation done; writing results to codeql/python-queries/Security/CWE-312/CleartextLogging.bqrs.
3b SAST (CodeQL)	Analyze code	2026-10-07T13:43:00.6924704Z [35/45 eval 2.1s] Evaluation done; writing results to codeql/python-queries/Security/CWE-312/CleartextStorage.bqrs.
3b SAST (CodeQL)	Analyze code	2026-10-07T13:43:00.7982682Z [36/45 eval 2.2s] Evaluation done; writing results to codeql/python-queries/Security/CWE-327/BrokenCryptoAlgorithm.bqrs.
3b SAST (CodeQL)	Analyze code	2026-10-07T13:43:00.9144721Z [37/45 eval 2.3s] Evaluation done; writing results to codeql/python-queries/Security/CWE-327/InsecureProtocol.bqrs.
3b SAST (CodeQL)	Analyze code	2026-10-07T13:43:01.1569251Z [38/45 eval 2.6s] Evaluation done; writing results to codeql/python-queries/Security/CWE-094/CodeInjection.bqrs.
3b SAST (CodeQL)	Analyze code	2026-10-07T13:43:01.1782799Z [39/45 eval 2.6s] Evaluation done; writing results to codeql/python-queries/Security/CWE-377/InsecureTemporaryFile.bqrs.
3b SAST (CodeQL)	Analyze code	2026-10-07T13:43:01.2357628Z [40/45 eval 2.7s] Evaluation done; writing results to codeql/python-queries/Security/CWE-209/StackTraceExposure.bqrs.
3b SAST (CodeQL)	Analyze code	2026-10-07T13:43:01.2536924Z [41/45 eval 2.7s] Evaluation done; writing results to codeql/python-queries/Security/CWE-730/RegexInjection.bqrs.
3b SAST (CodeQL)	Analyze code	2026-10-07T13:43:01.4477848Z [42/45 eval 2s] Evaluation done; writing results to codeql/python-queries/Security/CWE-918/FullServerSideRequestForgery.bqrs.
3b SAST (CodeQL)	Analyze code	2026-10-07T13:43:01.4514703Z [43/45 eval 3.2s] Evaluation done; writing results to codeql/python-queries/Security/CWE-078/CommandInjection.bqrs.
3b SAST (CodeQL)	Analyze code	2026-10-07T13:43:01.6719563Z [44/45 eval 3.1s] Evaluation done; writing results to codeql/python-queries/Security/CWE-327/WeakSensitiveDataHashing.bqrs.
3b SAST (CodeQL)	Analyze code	2026-10-07T13:43:01.6776366Z [45/45 eval 3.1s] Evaluation done; writing results to codeql/python-queries/Security/CWE-502/UnsafeDeserialization.bqrs.
3b SAST (CodeQL)	Analyze code	2026-10-07T13:43:01.6804022Z Shutting down query evaluator.
3b SAST (CodeQL)	Analyze code	2026-10-07T13:43:01.7548937Z Interpreting code scanning results for python
3b SAST (CodeQL)	Analyze code	2026-10-07T13:43:02.5544668Z Writing logs to /home/runner/work/_temp/codeql_databases/python/log/database-interpret-results-20261007.134302.551.log.
3b SAST (CodeQL)	Analyze code	2026-10-07T13:43:02.7134001Z Recording pack reference codeql/python-queries at /opt/hostedtoolcache/CodeQL/2.27.1/x64/codeql/qlpacks/codeql/python-queries/1.8.11.
3b SAST (CodeQL)	Analyze code	2026-10-07T13:43:02.7463490Z Resolving extensions
3b SAST (CodeQL)	Analyze code	2026-10-07T13:43:03.9168633Z Interpreting /opt/hostedtoolcache/CodeQL/2.27.1/x64/codeql/qlpacks/codeql/python-queries/1.8.11/Expressions/UseofInput.ql...
3b SAST (CodeQL)	Analyze code	2026-10-07T13:43:03.9478688Z  ... found results file at /home/runner/work/_temp/codeql_databases/python/results/codeql/python-queries/Expressions/UseofInput.bqrs.
3b SAST (CodeQL)	Analyze code	2026-10-07T13:43:03.9675007Z Interpreting /opt/hostedtoolcache/CodeQL/2.27.1/x64/codeql/qlpacks/codeql/python-queries/1.8.11/Security/CWE-918/FullServerSideRequestForgery.ql...
3b SAST (CodeQL)	Analyze code	2026-10-07T13:43:03.9835597Z  ... found results file at /home/runner/work/_temp/codeql_databases/python/results/codeql/python-queries/Security/CWE-918/FullServerSideRequestForgery.bqrs.
3b SAST (CodeQL)	Analyze code	2026-10-07T13:43:03.9846810Z Interpreting /opt/hostedtoolcache/CodeQL/2.27.1/x64/codeql/qlpacks/codeql/python-queries/1.8.11/Security/CWE-079/ReflectedXss.ql...
3b SAST (CodeQL)	Analyze code	2026-10-07T13:43:03.9981179Z  ... found results file at /home/runner/work/_temp/codeql_databases/python/results/codeql/python-queries/Security/CWE-079/ReflectedXss.bqrs.
3b SAST (CodeQL)	Analyze code	2026-10-07T13:43:03.9990471Z Interpreting /opt/hostedtoolcache/CodeQL/2.27.1/x64/codeql/qlpacks/codeql/python-queries/1.8.11/Security/CWE-326/WeakCryptoKey.ql...
3b SAST (CodeQL)	Analyze code	2026-10-07T13:43:04.0122683Z  ... found results file at /home/runner/work/_temp/codeql_databases/python/results/codeql/python-queries/Security/CWE-326/WeakCryptoKey.bqrs.
3b SAST (CodeQL)	Analyze code	2026-10-07T13:43:04.0146389Z Interpreting /opt/hostedtoolcache/CodeQL/2.27.1/x64/codeql/qlpacks/codeql/python-queries/1.8.11/Security/CWE-022/PathInjection.ql...
3b SAST (CodeQL)	Analyze code	2026-10-07T13:43:04.0274811Z  ... found results file at /home/runner/work/_temp/codeql_databases/python/results/codeql/python-queries/Security/CWE-022/PathInjection.bqrs.
3b SAST (CodeQL)	Analyze code	2026-10-07T13:43:04.0294867Z Interpreting /opt/hostedtoolcache/CodeQL/2.27.1/x64/codeql/qlpacks/codeql/python-queries/1.8.11/Security/CWE-116/BadTagFilter.ql...
3b SAST (CodeQL)	Analyze code	2026-10-07T13:43:04.0386086Z  ... found results file at /home/runner/work/_temp/codeql_databases/python/results/codeql/python-queries/Security/CWE-116/BadTagFilter.bqrs.
3b SAST (CodeQL)	Analyze code	2026-10-07T13:43:04.0393931Z Interpreting /opt/hostedtoolcache/CodeQL/2.27.1/x64/codeql/qlpacks/codeql/python-queries/1.8.11/Security/CWE-943/NoSqlInjection.ql...
3b SAST (CodeQL)	Analyze code	2026-10-07T13:43:04.0503329Z  ... found results file at /home/runner/work/_temp/codeql_databases/python/results/codeql/python-queries/Security/CWE-943/NoSqlInjection.bqrs.
3b SAST (CodeQL)	Analyze code	2026-10-07T13:43:04.0529508Z Interpreting /opt/hostedtoolcache/CodeQL/2.27.1/x64/codeql/qlpacks/codeql/python-queries/1.8.11/Security/CWE-209/StackTraceExposure.ql...
3b SAST (CodeQL)	Analyze code	2026-10-07T13:43:04.0604773Z  ... found results file at /home/runner/work/_temp/codeql_databases/python/results/codeql/python-queries/Security/CWE-209/StackTraceExposure.bqrs.
3b SAST (CodeQL)	Analyze code	2026-10-07T13:43:04.0616763Z Interpreting /opt/hostedtoolcache/CodeQL/2.27.1/x64/codeql/qlpacks/codeql/python-queries/1.8.11/Security/CWE-643/XpathInjection.ql...
3b SAST (CodeQL)	Analyze code	2026-10-07T13:43:04.0719678Z  ... found results file at /home/runner/work/_temp/codeql_databases/python/results/codeql/python-queries/Security/CWE-643/XpathInjection.bqrs.
3b SAST (CodeQL)	Analyze code	2026-10-07T13:43:04.0761881Z Interpreting /opt/hostedtoolcache/CodeQL/2.27.1/x64/codeql/qlpacks/codeql/python-queries/1.8.11/Security/CWE-094/CodeInjection.ql...
3b SAST (CodeQL)	Analyze code	2026-10-07T13:43:04.0834677Z  ... found results file at /home/runner/work/_temp/codeql_databases/python/results/codeql/python-queries/Security/CWE-094/CodeInjection.bqrs.
3b SAST (CodeQL)	Analyze code	2026-10-07T13:43:04.0839969Z Interpreting /opt/hostedtoolcache/CodeQL/2.27.1/x64/codeql/qlpacks/codeql/python-queries/1.8.11/Security/CWE-377/InsecureTemporaryFile.ql...
3b SAST (CodeQL)	Analyze code	2026-10-07T13:43:04.1063842Z  ... found results file at /home/runner/work/_temp/codeql_databases/python/results/codeql/python-queries/Security/CWE-377/InsecureTemporaryFile.bqrs.
3b SAST (CodeQL)	Analyze code	2026-10-07T13:43:04.1066572Z Interpreting /opt/hostedtoolcache/CodeQL/2.27.1/x64/codeql/qlpacks/codeql/python-queries/1.8.11/Security/CWE-730/PolynomialReDoS.ql...
3b SAST (CodeQL)	Analyze code	2026-10-07T13:43:04.1153752Z  ... found results file at /home/runner/work/_temp/codeql_databases/python/results/codeql/python-queries/Security/CWE-730/PolynomialReDoS.bqrs.
3b SAST (CodeQL)	Analyze code	2026-10-07T13:43:04.1168253Z Interpreting /opt/hostedtoolcache/CodeQL/2.27.1/x64/codeql/qlpacks/codeql/python-queries/1.8.11/Security/CWE-730/ReDoS.ql...
3b SAST (CodeQL)	Analyze code	2026-10-07T13:43:04.1252596Z  ... found results file at /home/runner/work/_temp/codeql_databases/python/results/codeql/python-queries/Security/CWE-730/ReDoS.bqrs.
3b SAST (CodeQL)	Analyze code	2026-10-07T13:43:04.1262003Z Interpreting /opt/hostedtoolcache/CodeQL/2.27.1/x64/codeql/qlpacks/codeql/python-queries/1.8.11/Security/CWE-730/RegexInjection.ql...
3b SAST (CodeQL)	Analyze code	2026-10-07T13:43:04.1354166Z  ... found results file at /home/runner/work/_temp/codeql_databases/python/results/codeql/python-queries/Security/CWE-730/RegexInjection.bqrs.
3b SAST (CodeQL)	Analyze code	2026-10-07T13:43:04.1367049Z Interpreting /opt/hostedtoolcache/CodeQL/2.27.1/x64/codeql/qlpacks/codeql/python-queries/1.8.11/Security/CWE-295/MissingHostKeyValidation.ql...
3b SAST (CodeQL)	Analyze code	2026-10-07T13:43:04.1434760Z  ... found results file at /home/runner/work/_temp/codeql_databases/python/results/codeql/python-queries/Security/CWE-295/MissingHostKeyValidation.bqrs.
3b SAST (CodeQL)	Analyze code	2026-10-07T13:43:04.1451833Z Interpreting /opt/hostedtoolcache/CodeQL/2.27.1/x64/codeql/qlpacks/codeql/python-queries/1.8.11/Security/CWE-601/UrlRedirect.ql...
3b SAST (CodeQL)	Analyze code	2026-10-07T13:43:04.1522148Z  ... found results file at /home/runner/work/_temp/codeql_databases/python/results/codeql/python-queries/Security/CWE-601/UrlRedirect.bqrs.
3b SAST (CodeQL)	Analyze code	2026-10-07T13:43:04.1529215Z Interpreting /opt/hostedtoolcache/CodeQL/2.27.1/x64/codeql/qlpacks/codeql/python-queries/1.8.11/Security/CWE-611/Xxe.ql...
3b SAST (CodeQL)	Analyze code	2026-10-07T13:43:04.1603677Z  ... found results file at /home/runner/work/_temp/codeql_databases/python/results/codeql/python-queries/Security/CWE-611/Xxe.bqrs.
3b SAST (CodeQL)	Analyze code	2026-10-07T13:43:04.1619408Z Interpreting /opt/hostedtoolcache/CodeQL/2.27.1/x64/codeql/qlpacks/codeql/python-queries/1.8.11/Security/CWE-1275/SameSiteNoneCookie.ql...
3b SAST (CodeQL)	Analyze code	2026-10-07T13:43:04.1688755Z  ... found results file at /home/runner/work/_temp/codeql_databases/python/results/codeql/python-queries/Security/CWE-1275/SameSiteNoneCookie.bqrs.
3b SAST (CodeQL)	Analyze code	2026-10-07T13:43:04.1715714Z Interpreting /opt/hostedtoolcache/CodeQL/2.27.1/x64/codeql/qlpacks/codeql/python-queries/1.8.11/Security/CWE-352/CSRFProtectionDisabled.ql...
3b SAST (CodeQL)	Analyze code	2026-10-07T13:43:04.1806913Z  ... found results file at /home/runner/work/_temp/codeql_databases/python/results/codeql/python-queries/Security/CWE-352/CSRFProtectionDisabled.bqrs.
3b SAST (CodeQL)	Analyze code	2026-10-07T13:43:04.1844377Z Interpreting /opt/hostedtoolcache/CodeQL/2.27.1/x64/codeql/qlpacks/codeql/python-queries/1.8.11/Security/CWE-312/CleartextStorage.ql...
3b SAST (CodeQL)	Analyze code	2026-10-07T13:43:04.1870613Z  ... found results file at /home/runner/work/_temp/codeql_databases/python/results/codeql/python-queries/Security/CWE-312/CleartextStorage.bqrs.
3b SAST (CodeQL)	Analyze code	2026-10-07T13:43:04.1894343Z Interpreting /opt/hostedtoolcache/CodeQL/2.27.1/x64/codeql/qlpacks/codeql/python-queries/1.8.11/Security/CWE-312/CleartextLogging.ql...
3b SAST (CodeQL)	Analyze code	2026-10-07T13:43:04.1975052Z  ... found results file at /home/runner/work/_temp/codeql_databases/python/results/codeql/python-queries/Security/CWE-312/CleartextLogging.bqrs.
3b SAST (CodeQL)	Analyze code	2026-10-07T13:43:04.1984235Z Interpreting /opt/hostedtoolcache/CodeQL/2.27.1/x64/codeql/qlpacks/codeql/python-queries/1.8.11/Security/CWE-776/XmlBomb.ql...
3b SAST (CodeQL)	Analyze code	2026-10-07T13:43:04.2041267Z  ... found results file at /home/runner/work/_temp/codeql_databases/python/results/codeql/python-queries/Security/CWE-776/XmlBomb.bqrs.
3b SAST (CodeQL)	Analyze code	2026-10-07T13:43:04.2064813Z Interpreting /opt/hostedtoolcache/CodeQL/2.27.1/x64/codeql/qlpacks/codeql/python-queries/1.8.11/Security/CWE-1004/NonHttpOnlyCookie.ql...
3b SAST (CodeQL)	Analyze code	2026-10-07T13:43:04.2124673Z  ... found results file at /home/runner/work/_temp/codeql_databases/python/results/codeql/python-queries/Security/CWE-1004/NonHttpOnlyCookie.bqrs.
3b SAST (CodeQL)	Analyze code	2026-10-07T13:43:04.2132016Z Interpreting /opt/hostedtoolcache/CodeQL/2.27.1/x64/codeql/qlpacks/codeql/python-queries/1.8.11/Security/CWE-502/UnsafeDeserialization.ql...
3b SAST (CodeQL)	Analyze code	2026-10-07T13:43:04.2204903Z  ... found results file at /home/runner/work/_temp/codeql_databases/python/results/codeql/python-queries/Security/CWE-502/UnsafeDeserialization.bqrs.
3b SAST (CodeQL)	Analyze code	2026-10-07T13:43:04.2214736Z Interpreting /opt/hostedtoolcache/CodeQL/2.27.1/x64/codeql/qlpacks/codeql/python-queries/1.8.11/Security/CWE-089/SqlInjection.ql...
3b SAST (CodeQL)	Analyze code	2026-10-07T13:43:04.2274828Z  ... found results file at /home/runner/work/_temp/codeql_databases/python/results/codeql/python-queries/Security/CWE-089/SqlInjection.bqrs.
3b SAST (CodeQL)	Analyze code	2026-10-07T13:43:04.2278570Z Interpreting /opt/hostedtoolcache/CodeQL/2.27.1/x64/codeql/qlpacks/codeql/python-queries/1.8.11/Security/CVE-2018-1281/BindToAllInterfaces.ql...
3b SAST (CodeQL)	Analyze code	2026-10-07T13:43:04.2374937Z  ... found results file at /home/runner/work/_temp/codeql_databases/python/results/codeql/python-queries/Security/CVE-2018-1281/BindToAllInterfaces.bqrs.
3b SAST (CodeQL)	Analyze code	2026-10-07T13:43:04.2376807Z Interpreting /opt/hostedtoolcache/CodeQL/2.27.1/x64/codeql/qlpacks/codeql/python-queries/1.8.11/Security/CWE-078/CommandInjection.ql...
3b SAST (CodeQL)	Analyze code	2026-10-07T13:43:04.2449333Z  ... found results file at /home/runner/work/_temp/codeql_databases/python/results/codeql/python-queries/Security/CWE-078/CommandInjection.bqrs.
3b SAST (CodeQL)	Analyze code	2026-10-07T13:43:04.2467401Z Interpreting /opt/hostedtoolcache/CodeQL/2.27.1/x64/codeql/qlpacks/codeql/python-queries/1.8.11/Security/CWE-074/TemplateInjection.ql...
3b SAST (CodeQL)	Analyze code	2026-10-07T13:43:04.2514544Z  ... found results file at /home/runner/work/_temp/codeql_databases/python/results/codeql/python-queries/Security/CWE-074/TemplateInjection.bqrs.
3b SAST (CodeQL)	Analyze code	2026-10-07T13:43:04.2536389Z Interpreting /opt/hostedtoolcache/CodeQL/2.27.1/x64/codeql/qlpacks/codeql/python-queries/1.8.11/Security/CWE-215/FlaskDebug.ql...
3b SAST (CodeQL)	Analyze code	2026-10-07T13:43:04.2602023Z  ... found results file at /home/runner/work/_temp/codeql_databases/python/results/codeql/python-queries/Security/CWE-215/FlaskDebug.bqrs.
3b SAST (CodeQL)	Analyze code	2026-10-07T13:43:04.2614591Z Interpreting /opt/hostedtoolcache/CodeQL/2.27.1/x64/codeql/qlpacks/codeql/python-queries/1.8.11/Security/CWE-090/LdapInjection.ql...
3b SAST (CodeQL)	Analyze code	2026-10-07T13:43:04.2674236Z  ... found results file at /home/runner/work/_temp/codeql_databases/python/results/codeql/python-queries/Security/CWE-090/LdapInjection.bqrs.
3b SAST (CodeQL)	Analyze code	2026-10-07T13:43:04.2677306Z Interpreting /opt/hostedtoolcache/CodeQL/2.27.1/x64/codeql/qlpacks/codeql/python-queries/1.8.11/Security/CWE-327/WeakSensitiveDataHashing.ql...
3b SAST (CodeQL)	Analyze code	2026-10-07T13:43:04.2734034Z  ... found results file at /home/runner/work/_temp/codeql_databases/python/results/codeql/python-queries/Security/CWE-327/WeakSensitiveDataHashing.bqrs.
3b SAST (CodeQL)	Analyze code	2026-10-07T13:43:04.2755440Z Interpreting /opt/hostedtoolcache/CodeQL/2.27.1/x64/codeql/qlpacks/codeql/python-queries/1.8.11/Security/CWE-327/InsecureProtocol.ql...
3b SAST (CodeQL)	Analyze code	2026-10-07T13:43:04.2831947Z  ... found results file at /home/runner/work/_temp/codeql_databases/python/results/codeql/python-queries/Security/CWE-327/InsecureProtocol.bqrs.
3b SAST (CodeQL)	Analyze code	2026-10-07T13:43:04.2845686Z Interpreting /opt/hostedtoolcache/CodeQL/2.27.1/x64/codeql/qlpacks/codeql/python-queries/1.8.11/Security/CWE-327/BrokenCryptoAlgorithm.ql...
3b SAST (CodeQL)	Analyze code	2026-10-07T13:43:04.2898944Z  ... found results file at /home/runner/work/_temp/codeql_databases/python/results/codeql/python-queries/Security/CWE-327/BrokenCryptoAlgorithm.bqrs.
3b SAST (CodeQL)	Analyze code	2026-10-07T13:43:04.2912070Z Interpreting /opt/hostedtoolcache/CodeQL/2.27.1/x64/codeql/qlpacks/codeql/python-queries/1.8.11/Security/CWE-327/InsecureDefaultProtocol.ql...
3b SAST (CodeQL)	Analyze code	2026-10-07T13:43:04.2964912Z  ... found results file at /home/runner/work/_temp/codeql_databases/python/results/codeql/python-queries/Security/CWE-327/InsecureDefaultProtocol.bqrs.
3b SAST (CodeQL)	Analyze code	2026-10-07T13:43:04.2995603Z Interpreting /opt/hostedtoolcache/CodeQL/2.27.1/x64/codeql/qlpacks/codeql/python-queries/1.8.11/Security/CWE-614/InsecureCookie.ql...
3b SAST (CodeQL)	Analyze code	2026-10-07T13:43:04.3044620Z  ... found results file at /home/runner/work/_temp/codeql_databases/python/results/codeql/python-queries/Security/CWE-614/InsecureCookie.bqrs.
3b SAST (CodeQL)	Analyze code	2026-10-07T13:43:04.3048518Z Interpreting /opt/hostedtoolcache/CodeQL/2.27.1/x64/codeql/qlpacks/codeql/python-queries/1.8.11/Security/CWE-285/PamAuthorization.ql...
3b SAST (CodeQL)	Analyze code	2026-10-07T13:43:04.3114722Z  ... found results file at /home/runner/work/_temp/codeql_databases/python/results/codeql/python-queries/Security/CWE-285/PamAuthorization.bqrs.
3b SAST (CodeQL)	Analyze code	2026-10-07T13:43:04.3136128Z Interpreting /opt/hostedtoolcache/CodeQL/2.27.1/x64/codeql/qlpacks/codeql/python-queries/1.8.11/Security/CWE-020/IncompleteUrlSubstringSanitization.ql...
3b SAST (CodeQL)	Analyze code	2026-10-07T13:43:04.3205065Z  ... found results file at /home/runner/work/_temp/codeql_databases/python/results/codeql/python-queries/Security/CWE-020/IncompleteUrlSubstringSanitization.bqrs.
3b SAST (CodeQL)	Analyze code	2026-10-07T13:43:04.3207608Z Interpreting /opt/hostedtoolcache/CodeQL/2.27.1/x64/codeql/qlpacks/codeql/python-queries/1.8.11/Security/CWE-020/IncompleteHostnameRegExp.ql...
3b SAST (CodeQL)	Analyze code	2026-10-07T13:43:04.3279367Z  ... found results file at /home/runner/work/_temp/codeql_databases/python/results/codeql/python-queries/Security/CWE-020/IncompleteHostnameRegExp.bqrs.
3b SAST (CodeQL)	Analyze code	2026-10-07T13:43:04.3294571Z Interpreting /opt/hostedtoolcache/CodeQL/2.27.1/x64/codeql/qlpacks/codeql/python-queries/1.8.11/Security/CWE-020/OverlyLargeRange.ql...
3b SAST (CodeQL)	Analyze code	2026-10-07T13:43:04.3359035Z  ... found results file at /home/runner/work/_temp/codeql_databases/python/results/codeql/python-queries/Security/CWE-020/OverlyLargeRange.bqrs.
3b SAST (CodeQL)	Analyze code	2026-10-07T13:43:04.3367871Z Interpreting /opt/hostedtoolcache/CodeQL/2.27.1/x64/codeql/qlpacks/codeql/python-queries/1.8.11/Security/CWE-020/CookieInjection.ql...
3b SAST (CodeQL)	Analyze code	2026-10-07T13:43:04.3421047Z  ... found results file at /home/runner/work/_temp/codeql_databases/python/results/codeql/python-queries/Security/CWE-020/CookieInjection.bqrs.
3b SAST (CodeQL)	Analyze code	2026-10-07T13:43:04.3454512Z Interpreting /opt/hostedtoolcache/CodeQL/2.27.1/x64/codeql/qlpacks/codeql/python-queries/1.8.11/Security/CWE-113/HeaderInjection.ql...
3b SAST (CodeQL)	Analyze code	2026-10-07T13:43:04.3497270Z  ... found results file at /home/runner/work/_temp/codeql_databases/python/results/codeql/python-queries/Security/CWE-113/HeaderInjection.bqrs.
3b SAST (CodeQL)	Analyze code	2026-10-07T13:43:04.3507582Z Interpreting /opt/hostedtoolcache/CodeQL/2.27.1/x64/codeql/qlpacks/codeql/python-queries/1.8.11/Diagnostics/ExtractionWarnings.ql...
3b SAST (CodeQL)	Analyze code	2026-10-07T13:43:04.3559263Z  ... found results file at /home/runner/work/_temp/codeql_databases/python/results/codeql/python-queries/Diagnostics/ExtractionWarnings.bqrs.
3b SAST (CodeQL)	Analyze code	2026-10-07T13:43:04.3567293Z Interpreting /opt/hostedtoolcache/CodeQL/2.27.1/x64/codeql/qlpacks/codeql/python-queries/1.8.11/Diagnostics/ExtractedFiles.ql...
3b SAST (CodeQL)	Analyze code	2026-10-07T13:43:04.3639955Z  ... found results file at /home/runner/work/_temp/codeql_databases/python/results/codeql/python-queries/Diagnostics/ExtractedFiles.bqrs.
3b SAST (CodeQL)	Analyze code	2026-10-07T13:43:04.3644199Z Interpreting /opt/hostedtoolcache/CodeQL/2.27.1/x64/codeql/qlpacks/codeql/python-queries/1.8.11/Summary/LinesOfUserCode.ql...
3b SAST (CodeQL)	Analyze code	2026-10-07T13:43:04.3707897Z  ... found results file at /home/runner/work/_temp/codeql_databases/python/results/codeql/python-queries/Summary/LinesOfUserCode.bqrs.
3b SAST (CodeQL)	Analyze code	2026-10-07T13:43:04.3734691Z Interpreting /opt/hostedtoolcache/CodeQL/2.27.1/x64/codeql/qlpacks/codeql/python-queries/1.8.11/Summary/LinesOfCode.ql...
3b SAST (CodeQL)	Analyze code	2026-10-07T13:43:04.3800853Z  ... found results file at /home/runner/work/_temp/codeql_databases/python/results/codeql/python-queries/Summary/LinesOfCode.bqrs.
3b SAST (CodeQL)	Analyze code	2026-10-07T13:43:04.4555162Z Interpreted problem query "'input' function used in Python 2" (py/use-of-input) at path /home/runner/work/_temp/codeql_databases/python/results/codeql/python-queries/Expressions/UseofInput.bqrs.
3b SAST (CodeQL)	Analyze code	2026-10-07T13:43:04.4578643Z Interpreted pathproblem query "Full server-side request forgery" (py/full-ssrf) at path /home/runner/work/_temp/codeql_databases/python/results/codeql/python-queries/Security/CWE-918/FullServerSideRequestForgery.bqrs.
3b SAST (CodeQL)	Analyze code	2026-10-07T13:43:04.4581487Z Interpreted pathproblem query "Reflected server-side cross-site scripting" (py/reflective-xss) at path /home/runner/work/_temp/codeql_databases/python/results/codeql/python-queries/Security/CWE-079/ReflectedXss.bqrs.
3b SAST (CodeQL)	Analyze code	2026-10-07T13:43:04.4604501Z Interpreted problem query "Use of weak cryptographic key" (py/weak-crypto-key) at path /home/runner/work/_temp/codeql_databases/python/results/codeql/python-queries/Security/CWE-326/WeakCryptoKey.bqrs.
3b SAST (CodeQL)	Analyze code	2026-10-07T13:43:04.4633848Z Interpreted pathproblem query "Uncontrolled data used in path expression" (py/path-injection) at path /home/runner/work/_temp/codeql_databases/python/results/codeql/python-queries/Security/CWE-022/PathInjection.bqrs.
3b SAST (CodeQL)	Analyze code	2026-10-07T13:43:04.4636395Z Interpreted problem query "Bad HTML filtering regexp" (py/bad-tag-filter) at path /home/runner/work/_temp/codeql_databases/python/results/codeql/python-queries/Security/CWE-116/BadTagFilter.bqrs.
3b SAST (CodeQL)	Analyze code	2026-10-07T13:43:04.4638682Z Interpreted pathproblem query "NoSQL Injection" (py/nosql-injection) at path /home/runner/work/_temp/codeql_databases/python/results/codeql/python-queries/Security/CWE-943/NoSqlInjection.bqrs.
3b SAST (CodeQL)	Analyze code	2026-10-07T13:43:04.4641347Z Interpreted pathproblem query "Information exposure through an exception" (py/stack-trace-exposure) at path /home/runner/work/_temp/codeql_databases/python/results/codeql/python-queries/Security/CWE-209/StackTraceExposure.bqrs.
3b SAST (CodeQL)	Analyze code	2026-10-07T13:43:04.4644446Z Interpreted pathproblem query "XPath query built from user-controlled sources" (py/xpath-injection) at path /home/runner/work/_temp/codeql_databases/python/results/codeql/python-queries/Security/CWE-643/XpathInjection.bqrs.
3b SAST (CodeQL)	Analyze code	2026-10-07T13:43:04.4646983Z Interpreted pathproblem query "Code injection" (py/code-injection) at path /home/runner/work/_temp/codeql_databases/python/results/codeql/python-queries/Security/CWE-094/CodeInjection.bqrs.
3b SAST (CodeQL)	Analyze code	2026-10-07T13:43:04.4649793Z Interpreted problem query "Insecure temporary file" (py/insecure-temporary-file) at path /home/runner/work/_temp/codeql_databases/python/results/codeql/python-queries/Security/CWE-377/InsecureTemporaryFile.bqrs.
3b SAST (CodeQL)	Analyze code	2026-10-07T13:43:04.4652505Z Interpreted pathproblem query "Polynomial regular expression used on uncontrolled data" (py/polynomial-redos) at path /home/runner/work/_temp/codeql_databases/python/results/codeql/python-queries/Security/CWE-730/PolynomialReDoS.bqrs.
3b SAST (CodeQL)	Analyze code	2026-10-07T13:43:04.4679415Z Interpreted problem query "Inefficient regular expression" (py/redos) at path /home/runner/work/_temp/codeql_databases/python/results/codeql/python-queries/Security/CWE-730/ReDoS.bqrs.
3b SAST (CodeQL)	Analyze code	2026-10-07T13:43:04.4683511Z Interpreted pathproblem query "Regular expression injection" (py/regex-injection) at path /home/runner/work/_temp/codeql_databases/python/results/codeql/python-queries/Security/CWE-730/RegexInjection.bqrs.
3b SAST (CodeQL)	Analyze code	2026-10-07T13:43:04.4686465Z Interpreted problem query "Accepting unknown SSH host keys when using Paramiko" (py/paramiko-missing-host-key-validation) at path /home/runner/work/_temp/codeql_databases/python/results/codeql/python-queries/Security/CWE-295/MissingHostKeyValidation.bqrs.
3b SAST (CodeQL)	Analyze code	2026-10-07T13:43:04.4689402Z Interpreted pathproblem query "URL redirection from remote source" (py/url-redirection) at path /home/runner/work/_temp/codeql_databases/python/results/codeql/python-queries/Security/CWE-601/UrlRedirect.bqrs.
3b SAST (CodeQL)	Analyze code	2026-10-07T13:43:04.4691832Z Interpreted pathproblem query "XML external entity expansion" (py/xxe) at path /home/runner/work/_temp/codeql_databases/python/results/codeql/python-queries/Security/CWE-611/Xxe.bqrs.
3b SAST (CodeQL)	Analyze code	2026-10-07T13:43:04.4694718Z Interpreted problem query "Sensitive cookie with `SameSite` attribute set to `None`" (py/samesite-none-cookie) at path /home/runner/work/_temp/codeql_databases/python/results/codeql/python-queries/Security/CWE-1275/SameSiteNoneCookie.bqrs.
3b SAST (CodeQL)	Analyze code	2026-10-07T13:43:04.4697613Z Interpreted problem query "CSRF protection weakened or disabled" (py/csrf-protection-disabled) at path /home/runner/work/_temp/codeql_databases/python/results/codeql/python-queries/Security/CWE-352/CSRFProtectionDisabled.bqrs.
3b SAST (CodeQL)	Analyze code	2026-10-07T13:43:04.4700544Z Interpreted pathproblem query "Clear-text storage of sensitive information" (py/clear-text-storage-sensitive-data) at path /home/runner/work/_temp/codeql_databases/python/results/codeql/python-queries/Security/CWE-312/CleartextStorage.bqrs.
3b SAST (CodeQL)	Analyze code	2026-10-07T13:43:04.4714577Z Interpreted pathproblem query "Clear-text logging of sensitive information" (py/clear-text-logging-sensitive-data) at path /home/runner/work/_temp/codeql_databases/python/results/codeql/python-queries/Security/CWE-312/CleartextLogging.bqrs.
3b SAST (CodeQL)	Analyze code	2026-10-07T13:43:04.4717672Z Interpreted pathproblem query "XML internal entity expansion" (py/xml-bomb) at path /home/runner/work/_temp/codeql_databases/python/results/codeql/python-queries/Security/CWE-776/XmlBomb.bqrs.
3b SAST (CodeQL)	Analyze code	2026-10-07T13:43:04.4720336Z Interpreted problem query "Sensitive cookie missing `HttpOnly` attribute" (py/client-exposed-cookie) at path /home/runner/work/_temp/codeql_databases/python/results/codeql/python-queries/Security/CWE-1004/NonHttpOnlyCookie.bqrs.
3b SAST (CodeQL)	Analyze code	2026-10-07T13:43:04.4723532Z Interpreted pathproblem query "Deserialization of user-controlled data" (py/unsafe-deserialization) at path /home/runner/work/_temp/codeql_databases/python/results/codeql/python-queries/Security/CWE-502/UnsafeDeserialization.bqrs.
3b SAST (CodeQL)	Analyze code	2026-10-07T13:43:04.4726428Z Interpreted pathproblem query "SQL query built from user-controlled sources" (py/sql-injection) at path /home/runner/work/_temp/codeql_databases/python/results/codeql/python-queries/Security/CWE-089/SqlInjection.bqrs.
3b SAST (CodeQL)	Analyze code	2026-10-07T13:43:04.4729433Z Interpreted pathproblem query "Binding a socket to all network interfaces" (py/bind-socket-all-network-interfaces) at path /home/runner/work/_temp/codeql_databases/python/results/codeql/python-queries/Security/CVE-2018-1281/BindToAllInterfaces.bqrs.
3b SAST (CodeQL)	Analyze code	2026-10-07T13:43:04.4732357Z Interpreted pathproblem query "Uncontrolled command line" (py/command-line-injection) at path /home/runner/work/_temp/codeql_databases/python/results/codeql/python-queries/Security/CWE-078/CommandInjection.bqrs.
3b SAST (CodeQL)	Analyze code	2026-10-07T13:43:04.4735674Z Interpreted pathproblem query "Server Side Template Injection" (py/template-injection) at path /home/runner/work/_temp/codeql_databases/python/results/codeql/python-queries/Security/CWE-074/TemplateInjection.bqrs.
3b SAST (CodeQL)	Analyze code	2026-10-07T13:43:04.4738257Z Interpreted problem query "Flask app is run in debug mode" (py/flask-debug) at path /home/runner/work/_temp/codeql_databases/python/results/codeql/python-queries/Security/CWE-215/FlaskDebug.bqrs.
3b SAST (CodeQL)	Analyze code	2026-10-07T13:43:04.4740754Z Interpreted pathproblem query "LDAP query built from user-controlled sources" (py/ldap-injection) at path /home/runner/work/_temp/codeql_databases/python/results/codeql/python-queries/Security/CWE-090/LdapInjection.bqrs.
3b SAST (CodeQL)	Analyze code	2026-10-07T13:43:04.4760419Z Interpreted pathproblem query "Use of a broken or weak cryptographic hashing algorithm on sensitive data" (py/weak-sensitive-data-hashing) at path /home/runner/work/_temp/codeql_databases/python/results/codeql/python-queries/Security/CWE-327/WeakSensitiveDataHashing.bqrs.
3b SAST (CodeQL)	Analyze code	2026-10-07T13:43:04.4764658Z Interpreted problem query "Use of insecure SSL/TLS version" (py/insecure-protocol) at path /home/runner/work/_temp/codeql_databases/python/results/codeql/python-queries/Security/CWE-327/InsecureProtocol.bqrs.
3b SAST (CodeQL)	Analyze code	2026-10-07T13:43:04.4768519Z Interpreted problem query "Use of a broken or weak cryptographic algorithm" (py/weak-cryptographic-algorithm) at path /home/runner/work/_temp/codeql_databases/python/results/codeql/python-queries/Security/CWE-327/BrokenCryptoAlgorithm.bqrs.
3b SAST (CodeQL)	Analyze code	2026-10-07T13:43:04.4771551Z Interpreted problem query "Default version of SSL/TLS may be insecure" (py/insecure-default-protocol) at path /home/runner/work/_temp/codeql_databases/python/results/codeql/python-queries/Security/CWE-327/InsecureDefaultProtocol.bqrs.
3b SAST (CodeQL)	Analyze code	2026-10-07T13:43:04.4774516Z Interpreted problem query "Failure to use secure cookies" (py/insecure-cookie) at path /home/runner/work/_temp/codeql_databases/python/results/codeql/python-queries/Security/CWE-614/InsecureCookie.bqrs.
3b SAST (CodeQL)	Analyze code	2026-10-07T13:43:04.4777182Z Interpreted pathproblem query "PAM authorization bypass due to incorrect usage" (py/pam-auth-bypass) at path /home/runner/work/_temp/codeql_databases/python/results/codeql/python-queries/Security/CWE-285/PamAuthorization.bqrs.
3b SAST (CodeQL)	Analyze code	2026-10-07T13:43:04.4780301Z Interpreted problem query "Incomplete URL substring sanitization" (py/incomplete-url-substring-sanitization) at path /home/runner/work/_temp/codeql_databases/python/results/codeql/python-queries/Security/CWE-020/IncompleteUrlSubstringSanitization.bqrs.
3b SAST (CodeQL)	Analyze code	2026-10-07T13:43:04.4786665Z Interpreted problem query "Incomplete regular expression for hostnames" (py/incomplete-hostname-regexp) at path /home/runner/work/_temp/codeql_databases/python/results/codeql/python-queries/Security/CWE-020/IncompleteHostnameRegExp.bqrs.
3b SAST (CodeQL)	Analyze code	2026-10-07T13:43:04.4789615Z Interpreted problem query "Overly permissive regular expression range" (py/overly-large-range) at path /home/runner/work/_temp/codeql_databases/python/results/codeql/python-queries/Security/CWE-020/OverlyLargeRange.bqrs.
3b SAST (CodeQL)	Analyze code	2026-10-07T13:43:04.4792435Z Interpreted pathproblem query "Construction of a cookie using user-supplied input" (py/cookie-injection) at path /home/runner/work/_temp/codeql_databases/python/results/codeql/python-queries/Security/CWE-020/CookieInjection.bqrs.
3b SAST (CodeQL)	Analyze code	2026-10-07T13:43:04.4795348Z Interpreted pathproblem query "HTTP Response Splitting" (py/http-response-splitting) at path /home/runner/work/_temp/codeql_databases/python/results/codeql/python-queries/Security/CWE-113/HeaderInjection.bqrs.
3b SAST (CodeQL)	Analyze code	2026-10-07T13:43:04.4798028Z Interpreted diagnostic query "Python extraction warnings" (py/diagnostics/extraction-warnings) at path /home/runner/work/_temp/codeql_databases/python/results/codeql/python-queries/Diagnostics/ExtractionWarnings.bqrs.
3b SAST (CodeQL)	Analyze code	2026-10-07T13:43:04.4800779Z Interpreted diagnostic query "Extracted Python files" (py/diagnostics/successfully-extracted-files) at path /home/runner/work/_temp/codeql_databases/python/results/codeql/python-queries/Diagnostics/ExtractedFiles.bqrs.
3b SAST (CodeQL)	Analyze code	2026-10-07T13:43:04.4804043Z Interpreted metric query "Total lines of user written Python code in the database" (py/summary/lines-of-user-code) at path /home/runner/work/_temp/codeql_databases/python/results/codeql/python-queries/Summary/LinesOfUserCode.bqrs.
3b SAST (CodeQL)	Analyze code	2026-10-07T13:43:04.4806700Z Interpreted metric query "Total lines of Python code in the database" (py/summary/lines-of-code) at path /home/runner/work/_temp/codeql_databases/python/results/codeql/python-queries/Summary/LinesOfCode.bqrs.
3b SAST (CodeQL)	Analyze code	2026-10-07T13:43:04.4808533Z Reading source archive /home/runner/work/_temp/codeql_databases/python/src.zip
3b SAST (CodeQL)	Analyze code	2026-10-07T13:43:04.5479049Z Loaded file baseline information.
3b SAST (CodeQL)	Analyze code	2026-10-07T13:43:04.5595444Z Interpreting file coverage baseline information
3b SAST (CodeQL)	Analyze code	2026-10-07T13:43:04.5605701Z Finished interpreting file coverage baseline information.
3b SAST (CodeQL)	Analyze code	2026-10-07T13:43:04.5611003Z Interpreting diagnostic messages...
3b SAST (CodeQL)	Analyze code	2026-10-07T13:43:04.5985967Z Found 5 raw diagnostic messages.
3b SAST (CodeQL)	Analyze code	2026-10-07T13:43:04.6078062Z Processed diagnostic messages (removed 0 due to limits, created 0 summary diagnostics for status page).
3b SAST (CodeQL)	Analyze code	2026-10-07T13:43:04.6097191Z Interpreted diagnostic messages (46ms).
3b SAST (CodeQL)	Analyze code	2026-10-07T13:43:04.8776980Z Exporting results to SARIF...
3b SAST (CodeQL)	Analyze code	2026-10-07T13:43:05.0968740Z Exported results to SARIF (219ms).
3b SAST (CodeQL)	Analyze code	2026-10-07T13:43:05.1210619Z ##[endgroup]
3b SAST (CodeQL)	Analyze code	2026-10-07T13:43:05.1211979Z CodeQL scanned 3 out of 3 Python files in this invocation. Check the status page for overall coverage information: https://github.com/AmanYadav7015/devops-coursework/security/code-scanning/tools/CodeQL/status/
3b SAST (CodeQL)	Analyze code	2026-10-07T13:43:05.1213669Z 
3b SAST (CodeQL)	Analyze code	2026-10-07T13:43:05.1222299Z Post-processing sarif files: ["/home/runner/work/devops-coursework/results/python.sarif"]
3b SAST (CodeQL)	Analyze code	2026-10-07T13:43:05.1248928Z Adding fingerprints to SARIF file. See https://docs.github.com/en/code-security/reference/code-scanning/sarif-support-for-code-scanning#data-for-preventing-duplicated-alerts for more information.
3b SAST (CodeQL)	Analyze code	2026-10-07T13:43:05.1352469Z ##[group]Uploading code scanning results
3b SAST (CodeQL)	Analyze code	2026-10-07T13:43:05.1487159Z Uploading results
3b SAST (CodeQL)	Analyze code	2026-10-07T13:43:05.5732267Z Successfully uploaded results
3b SAST (CodeQL)	Analyze code	2026-10-07T13:43:05.5732844Z ##[endgroup]
3b SAST (CodeQL)	Analyze code	2026-10-07T13:43:05.5747929Z ##[group]Waiting for processing to finish
3b SAST (CodeQL)	Analyze code	2026-10-07T13:43:10.7625744Z Analysis upload status is pending.
3b SAST (CodeQL)	Analyze code	2026-10-07T13:43:20.9511344Z Analysis upload status is complete.
3b SAST (CodeQL)	Analyze code	2026-10-07T13:43:20.9511986Z ##[endgroup]
3b SAST (CodeQL)	Post Analyze code	﻿2026-10-07T13:43:21.4727230Z Post job cleanup.
3b SAST (CodeQL)	Post Initialize CodeQL	﻿2026-10-07T13:43:21.7548869Z Post job cleanup.
3b SAST (CodeQL)	Post Initialize CodeQL	2026-10-07T13:43:22.0334387Z CodeQL job status was success.
3b SAST (CodeQL)	Post Initialize CodeQL	2026-10-07T13:43:22.0353909Z Sending status report for init-post step.
3b SAST (CodeQL)	Post Initialize CodeQL	2026-10-07T13:43:22.3496837Z Status report sent for init-post step.
3b SAST (CodeQL)	Post Checkout code	﻿2026-10-07T13:43:22.3931181Z Post job cleanup.
3b SAST (CodeQL)	Post Checkout code	2026-10-07T13:43:22.4807390Z [command]/usr/bin/git version
3b SAST (CodeQL)	Post Checkout code	2026-10-07T13:43:22.4860078Z git version 2.55.0
3b SAST (CodeQL)	Post Checkout code	2026-10-07T13:43:22.4907015Z Temporarily overriding HOME='/home/runner/work/_temp/da0a1793-347d-4363-93f3-22be39cb328c' before making global git config changes
3b SAST (CodeQL)	Post Checkout code	2026-10-07T13:43:22.4908080Z Adding repository directory to the temporary git global config as a safe directory
3b SAST (CodeQL)	Post Checkout code	2026-10-07T13:43:22.4914513Z [command]/usr/bin/git config --global --add safe.directory /home/runner/work/devops-coursework/devops-coursework
3b SAST (CodeQL)	Post Checkout code	2026-10-07T13:43:22.4957952Z [command]/usr/bin/git config --local --name-only --get-regexp core\.sshCommand
3b SAST (CodeQL)	Post Checkout code	2026-10-07T13:43:22.4996366Z [command]/usr/bin/git submodule foreach --recursive sh -c "git config --local --name-only --get-regexp 'core\.sshCommand' && git config --local --unset-all 'core.sshCommand' || :"
3b SAST (CodeQL)	Post Checkout code	2026-10-07T13:43:22.5251370Z [command]/usr/bin/git config --local --name-only --get-regexp http\.https\:\/\/github\.com\/\.extraheader
3b SAST (CodeQL)	Post Checkout code	2026-10-07T13:43:22.5278582Z http.https://github.com/.extraheader
3b SAST (CodeQL)	Post Checkout code	2026-10-07T13:43:22.5299578Z [command]/usr/bin/git config --local --unset-all http.https://github.com/.extraheader
3b SAST (CodeQL)	Post Checkout code	2026-10-07T13:43:22.5327960Z [command]/usr/bin/git submodule foreach --recursive sh -c "git config --local --name-only --get-regexp 'http\.https\:\/\/github\.com\/\.extraheader' && git config --local --unset-all 'http.https://github.com/.extraheader' || :"
3b SAST (CodeQL)	Post Checkout code	2026-10-07T13:43:22.5599655Z [command]/usr/bin/git config --local --name-only --get-regexp ^includeIf\.gitdir:
3b SAST (CodeQL)	Post Checkout code	2026-10-07T13:43:22.5641137Z [command]/usr/bin/git submodule foreach --recursive git config --local --show-origin --name-only --get-regexp remote.origin.url
3b SAST (CodeQL)	Complete job	﻿2026-10-07T13:43:22.6050652Z Cleaning up orphan processes
3b SAST (CodeQL)	Complete job	2026-10-07T13:43:22.6473499Z ##[warning]Node.js 20 is deprecated. The following actions target Node.js 20 but are being forced to run on Node.js 24: actions/checkout@v4, github/codeql-action/analyze@v3, github/codeql-action/init@v3. For more information see: https://github.blog/changelog/2025-09-19-deprecation-of-node-20-on-github-actions-runners/
Pipeline summary	Set up job	﻿2026-10-07T13:43:30.5526459Z Current runner version: '2.337.0'
Pipeline summary	Set up job	2026-10-07T13:43:30.5550878Z ##[group]Runner Image Provisioner
Pipeline summary	Set up job	2026-10-07T13:43:30.5552027Z Hosted Compute Agent
Pipeline summary	Set up job	2026-10-07T13:43:30.5552700Z Version: 20261002.596
Pipeline summary	Set up job	2026-10-07T13:43:30.5553284Z Commit: c3d12f3313a95f25162a1503be624f3b0617f8c0
Pipeline summary	Set up job	2026-10-07T13:43:30.5554027Z Build Date: 2026-10-02T22:28:27Z
Pipeline summary	Set up job	2026-10-07T13:43:30.5554680Z Worker ID: {b8006b20-1ab6-4b47-af7a-39a05382f938}
Pipeline summary	Set up job	2026-10-07T13:43:30.5555367Z Region: centralus
Pipeline summary	Set up job	2026-10-07T13:43:30.5555934Z Cloud: Azure
Pipeline summary	Set up job	2026-10-07T13:43:30.5556546Z ##[endgroup]
Pipeline summary	Set up job	2026-10-07T13:43:30.5557929Z ##[group]Operating System
Pipeline summary	Set up job	2026-10-07T13:43:30.5558523Z Ubuntu
Pipeline summary	Set up job	2026-10-07T13:43:30.5559021Z 24.04.5
Pipeline summary	Set up job	2026-10-07T13:43:30.5559574Z LTS
Pipeline summary	Set up job	2026-10-07T13:43:30.5560106Z ##[endgroup]
Pipeline summary	Set up job	2026-10-07T13:43:30.5560650Z ##[group]Runner Image
Pipeline summary	Set up job	2026-10-07T13:43:30.5561225Z Image: ubuntu-24.04
Pipeline summary	Set up job	2026-10-07T13:43:30.5561905Z Version: 20261004.327.1
Pipeline summary	Set up job	2026-10-07T13:43:30.5563354Z Included Software: https://github.com/actions/runner-images/blob/ubuntu24/20261004.327/images/ubuntu/Ubuntu2404-Readme.md
Pipeline summary	Set up job	2026-10-07T13:43:30.5565031Z Image Release: https://github.com/actions/runner-images/releases/tag/ubuntu24%2F20261004.327
Pipeline summary	Set up job	2026-10-07T13:43:30.5565938Z ##[endgroup]
Pipeline summary	Set up job	2026-10-07T13:43:30.5567054Z ##[group]GITHUB_TOKEN Permissions
Pipeline summary	Set up job	2026-10-07T13:43:30.5569266Z Contents: read
Pipeline summary	Set up job	2026-10-07T13:43:30.5569822Z Metadata: read
Pipeline summary	Set up job	2026-10-07T13:43:30.5570382Z ##[endgroup]
Pipeline summary	Set up job	2026-10-07T13:43:30.5572601Z Secret source: Actions
Pipeline summary	Set up job	2026-10-07T13:43:30.5573579Z Cache mode: write
Pipeline summary	Set up job	2026-10-07T13:43:30.5574238Z Prepare workflow directory
Pipeline summary	Set up job	2026-10-07T13:43:30.5956217Z Prepare all required actions
Pipeline summary	Set up job	2026-10-07T13:43:30.6028762Z Complete job name: Pipeline summary
Pipeline summary	Print every stage result	﻿2026-10-07T13:43:30.6713570Z ##[group]Run printf '%-26s %s\n' "1 build"               "success"
Pipeline summary	Print every stage result	2026-10-07T13:43:30.6715012Z [36;1mprintf '%-26s %s\n' "1 build"               "success"[0m
Pipeline summary	Print every stage result	2026-10-07T13:43:30.6715976Z [36;1mprintf '%-26s %s\n' "2 test"                "success"[0m
Pipeline summary	Print every stage result	2026-10-07T13:43:30.6716959Z [36;1mprintf '%-26s %s\n' "3 sast"                "failure"[0m
Pipeline summary	Print every stage result	2026-10-07T13:43:30.6717831Z [36;1mprintf '%-26s %s\n' "3b codeql"             "success"[0m
Pipeline summary	Print every stage result	2026-10-07T13:43:30.6718633Z [36;1mprintf '%-26s %s\n' "4 sca"                 "skipped"[0m
Pipeline summary	Print every stage result	2026-10-07T13:43:30.6719527Z [36;1mprintf '%-26s %s\n' "5 secret-scan"         "skipped"[0m
Pipeline summary	Print every stage result	2026-10-07T13:43:30.6720364Z [36;1mprintf '%-26s %s\n' "6 docker-build"        "skipped"[0m
Pipeline summary	Print every stage result	2026-10-07T13:43:30.6721151Z [36;1mprintf '%-26s %s\n' "7 image-scan"          "skipped"[0m
Pipeline summary	Print every stage result	2026-10-07T13:43:30.6722253Z [36;1mprintf '%-26s %s\n' "8 security-gate"       "skipped"[0m
Pipeline summary	Print every stage result	2026-10-07T13:43:30.6723076Z [36;1mprintf '%-26s %s\n' "9 push-image"          "skipped"[0m
Pipeline summary	Print every stage result	2026-10-07T13:43:30.6724008Z [36;1mprintf '%-26s %s\n' "10 deploy"             "skipped"[0m
Pipeline summary	Print every stage result	2026-10-07T13:43:30.7374588Z shell: /usr/bin/bash --noprofile --norc -e -o pipefail {0}
Pipeline summary	Print every stage result	2026-10-07T13:43:30.7375752Z env:
Pipeline summary	Print every stage result	2026-10-07T13:43:30.7376275Z   APP_DIR: labs/17-devsecops
Pipeline summary	Print every stage result	2026-10-07T13:43:30.7376888Z   IMAGE_NAME: claim-check-api
Pipeline summary	Print every stage result	2026-10-07T13:43:30.7377546Z   TRIVY_VERSION: 0.75.0
Pipeline summary	Print every stage result	2026-10-07T13:43:30.7378094Z   GITLEAKS_VERSION: 8.30.1
Pipeline summary	Print every stage result	2026-10-07T13:43:30.7378661Z   PYTHON_VERSION: 3.13
Pipeline summary	Print every stage result	2026-10-07T13:43:30.7379196Z ##[endgroup]
Pipeline summary	Print every stage result	2026-10-07T13:43:30.7573427Z 1 build                    success
Pipeline summary	Print every stage result	2026-10-07T13:43:30.7574620Z 2 test                     success
Pipeline summary	Print every stage result	2026-10-07T13:43:30.7575496Z 3 sast                     failure
Pipeline summary	Print every stage result	2026-10-07T13:43:30.7576353Z 3b codeql                  success
Pipeline summary	Print every stage result	2026-10-07T13:43:30.7577375Z 4 sca                      skipped
Pipeline summary	Print every stage result	2026-10-07T13:43:30.7578308Z 5 secret-scan              skipped
Pipeline summary	Print every stage result	2026-10-07T13:43:30.7579268Z 6 docker-build             skipped
Pipeline summary	Print every stage result	2026-10-07T13:43:30.7580202Z 7 image-scan               skipped
Pipeline summary	Print every stage result	2026-10-07T13:43:30.7581183Z 8 security-gate            skipped
Pipeline summary	Print every stage result	2026-10-07T13:43:30.7582318Z 9 push-image               skipped
Pipeline summary	Print every stage result	2026-10-07T13:43:30.7583285Z 10 deploy                  skipped
Pipeline summary	Fail the pipeline when any stage failed	﻿2026-10-07T13:43:30.7765002Z ##[group]Run echo "::error::at least one stage did not pass, nothing was promoted"
Pipeline summary	Fail the pipeline when any stage failed	2026-10-07T13:43:30.7766202Z [36;1mecho "::error::at least one stage did not pass, nothing was promoted"[0m
Pipeline summary	Fail the pipeline when any stage failed	2026-10-07T13:43:30.7767076Z [36;1mexit 1[0m
Pipeline summary	Fail the pipeline when any stage failed	2026-10-07T13:43:30.7806001Z shell: /usr/bin/bash --noprofile --norc -e -o pipefail {0}
Pipeline summary	Fail the pipeline when any stage failed	2026-10-07T13:43:30.7806740Z env:
Pipeline summary	Fail the pipeline when any stage failed	2026-10-07T13:43:30.7807278Z   APP_DIR: labs/17-devsecops
Pipeline summary	Fail the pipeline when any stage failed	2026-10-07T13:43:30.7807874Z   IMAGE_NAME: claim-check-api
Pipeline summary	Fail the pipeline when any stage failed	2026-10-07T13:43:30.7808442Z   TRIVY_VERSION: 0.75.0
Pipeline summary	Fail the pipeline when any stage failed	2026-10-07T13:43:30.7808997Z   GITLEAKS_VERSION: 8.30.1
Pipeline summary	Fail the pipeline when any stage failed	2026-10-07T13:43:30.7809542Z   PYTHON_VERSION: 3.13
Pipeline summary	Fail the pipeline when any stage failed	2026-10-07T13:43:30.7810070Z ##[endgroup]
Pipeline summary	Fail the pipeline when any stage failed	2026-10-07T13:43:30.7899322Z ##[error]at least one stage did not pass, nothing was promoted
Pipeline summary	Fail the pipeline when any stage failed	2026-10-07T13:43:30.7908419Z ##[error]Process completed with exit code 1.
Pipeline summary	Complete job	﻿2026-10-07T13:43:30.8019098Z Cleaning up orphan processes
