1 Build	Set up job	﻿2026-10-07T13:44:58.3980244Z Current runner version: '2.337.0'
1 Build	Set up job	2026-10-07T13:44:58.4008545Z ##[group]Runner Image Provisioner
1 Build	Set up job	2026-10-07T13:44:58.4009660Z Hosted Compute Agent
1 Build	Set up job	2026-10-07T13:44:58.4010341Z Version: 20260901.588
1 Build	Set up job	2026-10-07T13:44:58.4011086Z Commit: f88ec8081b781fac6c440065ac7ff9e710ce3d0b
1 Build	Set up job	2026-10-07T13:44:58.4011954Z Build Date: 2026-09-01T19:56:44Z
1 Build	Set up job	2026-10-07T13:44:58.4012683Z Worker ID: {ccdad116-d34e-4754-a093-35842b3b4cb7}
1 Build	Set up job	2026-10-07T13:44:58.4013793Z Azure Region: westus
1 Build	Set up job	2026-10-07T13:44:58.4014447Z ##[endgroup]
1 Build	Set up job	2026-10-07T13:44:58.4016294Z ##[group]Operating System
1 Build	Set up job	2026-10-07T13:44:58.4017043Z Ubuntu
1 Build	Set up job	2026-10-07T13:44:58.4017609Z 24.04.5
1 Build	Set up job	2026-10-07T13:44:58.4018658Z LTS
1 Build	Set up job	2026-10-07T13:44:58.4019230Z ##[endgroup]
1 Build	Set up job	2026-10-07T13:44:58.4019819Z ##[group]Runner Image
1 Build	Set up job	2026-10-07T13:44:58.4020590Z Image: ubuntu-24.04
1 Build	Set up job	2026-10-07T13:44:58.4021178Z Version: 20260927.320.1
1 Build	Set up job	2026-10-07T13:44:58.4022395Z Included Software: https://github.com/actions/runner-images/blob/ubuntu24/20260927.320/images/ubuntu/Ubuntu2404-Readme.md
1 Build	Set up job	2026-10-07T13:44:58.4024522Z Image Release: https://github.com/actions/runner-images/releases/tag/ubuntu24%2F20260927.320
1 Build	Set up job	2026-10-07T13:44:58.4025766Z ##[endgroup]
1 Build	Set up job	2026-10-07T13:44:58.4026908Z ##[group]GITHUB_TOKEN Permissions
1 Build	Set up job	2026-10-07T13:44:58.4029485Z Contents: read
1 Build	Set up job	2026-10-07T13:44:58.4030154Z Metadata: read
1 Build	Set up job	2026-10-07T13:44:58.4030821Z ##[endgroup]
1 Build	Set up job	2026-10-07T13:44:58.4033140Z Secret source: Actions
1 Build	Set up job	2026-10-07T13:44:58.4034513Z Cache mode: write
1 Build	Set up job	2026-10-07T13:44:58.4035277Z Prepare workflow directory
1 Build	Set up job	2026-10-07T13:44:58.4554492Z Prepare all required actions
1 Build	Set up job	2026-10-07T13:44:58.4608122Z Getting action download info
1 Build	Set up job	2026-10-07T13:44:58.8355084Z Download action repository 'actions/checkout@v4' (SHA:11d5960a326750d5838078e36cf38b85af677262)
1 Build	Set up job	2026-10-07T13:44:58.9458880Z Download action repository 'actions/setup-python@v5' (SHA:a26af69be951a213d495a4c3e4e4022e16d87065)
1 Build	Set up job	2026-10-07T13:44:59.0292769Z Download action repository 'actions/upload-artifact@v4' (SHA:ea165f8d65b6e75b540449e92b4886f43607fa02)
1 Build	Set up job	2026-10-07T13:44:59.2579324Z Complete job name: 1 Build
1 Build	Checkout code	﻿2026-10-07T13:44:59.3431052Z ##[group]Run actions/checkout@v4
1 Build	Checkout code	2026-10-07T13:44:59.3431992Z with:
1 Build	Checkout code	2026-10-07T13:44:59.3432524Z   repository: AmanYadav7015/devops-coursework
1 Build	Checkout code	2026-10-07T13:44:59.3437313Z   token: ***
1 Build	Checkout code	2026-10-07T13:44:59.3437784Z   ssh-strict: true
1 Build	Checkout code	2026-10-07T13:44:59.3438249Z   ssh-user: git
1 Build	Checkout code	2026-10-07T13:44:59.3438714Z   persist-credentials: true
1 Build	Checkout code	2026-10-07T13:44:59.3439277Z   clean: true
1 Build	Checkout code	2026-10-07T13:44:59.3439748Z   sparse-checkout-cone-mode: true
1 Build	Checkout code	2026-10-07T13:44:59.3440300Z   fetch-depth: 1
1 Build	Checkout code	2026-10-07T13:44:59.3440760Z   fetch-tags: false
1 Build	Checkout code	2026-10-07T13:44:59.3441226Z   show-progress: true
1 Build	Checkout code	2026-10-07T13:44:59.3441695Z   lfs: false
1 Build	Checkout code	2026-10-07T13:44:59.3442126Z   submodules: false
1 Build	Checkout code	2026-10-07T13:44:59.3442596Z   set-safe-directory: true
1 Build	Checkout code	2026-10-07T13:44:59.3443131Z   allow-unsafe-pr-checkout: false
1 Build	Checkout code	2026-10-07T13:44:59.3444100Z env:
1 Build	Checkout code	2026-10-07T13:44:59.3444572Z   APP_DIR: labs/17-devsecops
1 Build	Checkout code	2026-10-07T13:44:59.3445117Z   IMAGE_NAME: claim-check-api
1 Build	Checkout code	2026-10-07T13:44:59.3445671Z   TRIVY_VERSION: 0.75.0
1 Build	Checkout code	2026-10-07T13:44:59.3446210Z   GITLEAKS_VERSION: 8.30.1
1 Build	Checkout code	2026-10-07T13:44:59.3446719Z   PYTHON_VERSION: 3.13
1 Build	Checkout code	2026-10-07T13:44:59.3447201Z ##[endgroup]
1 Build	Checkout code	2026-10-07T13:44:59.4600513Z Syncing repository: AmanYadav7015/devops-coursework
1 Build	Checkout code	2026-10-07T13:44:59.4604059Z ##[group]Getting Git version info
1 Build	Checkout code	2026-10-07T13:44:59.4605422Z Working directory is '/home/runner/work/devops-coursework/devops-coursework'
1 Build	Checkout code	2026-10-07T13:44:59.4607357Z [command]/usr/bin/git version
1 Build	Checkout code	2026-10-07T13:44:59.4766926Z git version 2.55.0
1 Build	Checkout code	2026-10-07T13:44:59.4815493Z ##[endgroup]
1 Build	Checkout code	2026-10-07T13:44:59.4823287Z Temporarily overriding HOME='/home/runner/work/_temp/a06d9d49-1bc5-4597-b240-ae819861d5ee' before making global git config changes
1 Build	Checkout code	2026-10-07T13:44:59.4826217Z Adding repository directory to the temporary git global config as a safe directory
1 Build	Checkout code	2026-10-07T13:44:59.4828656Z [command]/usr/bin/git config --global --add safe.directory /home/runner/work/devops-coursework/devops-coursework
1 Build	Checkout code	2026-10-07T13:44:59.4897915Z Deleting the contents of '/home/runner/work/devops-coursework/devops-coursework'
1 Build	Checkout code	2026-10-07T13:44:59.4903404Z ##[group]Initializing the repository
1 Build	Checkout code	2026-10-07T13:44:59.4911475Z [command]/usr/bin/git init /home/runner/work/devops-coursework/devops-coursework
1 Build	Checkout code	2026-10-07T13:44:59.5042798Z hint: Using 'master' as the name for the initial branch. This default branch name
1 Build	Checkout code	2026-10-07T13:44:59.5045344Z hint: will change to "main" in Git 3.0. To configure the initial branch name
1 Build	Checkout code	2026-10-07T13:44:59.5048572Z hint: to use in all of your new repositories, which will suppress this warning,
1 Build	Checkout code	2026-10-07T13:44:59.5050113Z hint: call:
1 Build	Checkout code	2026-10-07T13:44:59.5051909Z hint:
1 Build	Checkout code	2026-10-07T13:44:59.5052944Z hint: 	git config --global init.defaultBranch <name>
1 Build	Checkout code	2026-10-07T13:44:59.5055514Z hint:
1 Build	Checkout code	2026-10-07T13:44:59.5057350Z hint: Names commonly chosen instead of 'master' are 'main', 'trunk' and
1 Build	Checkout code	2026-10-07T13:44:59.5059113Z hint: 'development'. The just-created branch can be renamed via this command:
1 Build	Checkout code	2026-10-07T13:44:59.5060692Z hint:
1 Build	Checkout code	2026-10-07T13:44:59.5061543Z hint: 	git branch -m <name>
1 Build	Checkout code	2026-10-07T13:44:59.5062437Z hint:
1 Build	Checkout code	2026-10-07T13:44:59.5063757Z hint: Disable this message with "git config set advice.defaultBranchName false"
1 Build	Checkout code	2026-10-07T13:44:59.5067138Z Initialized empty Git repository in /home/runner/work/devops-coursework/devops-coursework/.git/
1 Build	Checkout code	2026-10-07T13:44:59.5071130Z [command]/usr/bin/git remote add origin https://github.com/AmanYadav7015/devops-coursework
1 Build	Checkout code	2026-10-07T13:44:59.5164562Z ##[endgroup]
1 Build	Checkout code	2026-10-07T13:44:59.5165764Z ##[group]Disabling automatic garbage collection
1 Build	Checkout code	2026-10-07T13:44:59.5166631Z [command]/usr/bin/git config --local gc.auto 0
1 Build	Checkout code	2026-10-07T13:44:59.5209046Z ##[endgroup]
1 Build	Checkout code	2026-10-07T13:44:59.5210781Z ##[group]Setting up auth
1 Build	Checkout code	2026-10-07T13:44:59.5218126Z [command]/usr/bin/git config --local --name-only --get-regexp core\.sshCommand
1 Build	Checkout code	2026-10-07T13:44:59.5292667Z [command]/usr/bin/git submodule foreach --recursive sh -c "git config --local --name-only --get-regexp 'core\.sshCommand' && git config --local --unset-all 'core.sshCommand' || :"
1 Build	Checkout code	2026-10-07T13:44:59.5704238Z [command]/usr/bin/git config --local --name-only --get-regexp http\.https\:\/\/github\.com\/\.extraheader
1 Build	Checkout code	2026-10-07T13:44:59.5748990Z [command]/usr/bin/git submodule foreach --recursive sh -c "git config --local --name-only --get-regexp 'http\.https\:\/\/github\.com\/\.extraheader' && git config --local --unset-all 'http.https://github.com/.extraheader' || :"
1 Build	Checkout code	2026-10-07T13:44:59.6004487Z [command]/usr/bin/git config --local --name-only --get-regexp ^includeIf\.gitdir:
1 Build	Checkout code	2026-10-07T13:44:59.6051406Z [command]/usr/bin/git submodule foreach --recursive git config --local --show-origin --name-only --get-regexp remote.origin.url
1 Build	Checkout code	2026-10-07T13:44:59.6319218Z [command]/usr/bin/git config --local http.https://github.com/.extraheader AUTHORIZATION: basic ***
1 Build	Checkout code	2026-10-07T13:44:59.6375425Z ##[endgroup]
1 Build	Checkout code	2026-10-07T13:44:59.6376666Z ##[group]Fetching the repository
1 Build	Checkout code	2026-10-07T13:44:59.6387166Z [command]/usr/bin/git -c protocol.version=2 fetch --no-tags --prune --no-recurse-submodules --depth=1 origin +d649c6f2dedd69b2422b8135c9faa58c6cfa6e26:refs/remotes/origin/session-17-devsecops-ci
1 Build	Checkout code	2026-10-07T13:45:01.1700316Z From https://github.com/AmanYadav7015/devops-coursework
1 Build	Checkout code	2026-10-07T13:45:01.1702812Z  * [new ref]         d649c6f2dedd69b2422b8135c9faa58c6cfa6e26 -> origin/session-17-devsecops-ci
1 Build	Checkout code	2026-10-07T13:45:01.1714072Z ##[endgroup]
1 Build	Checkout code	2026-10-07T13:45:01.1716747Z ##[group]Determining the checkout info
1 Build	Checkout code	2026-10-07T13:45:01.1719783Z ##[endgroup]
1 Build	Checkout code	2026-10-07T13:45:01.1724350Z [command]/usr/bin/git sparse-checkout disable
1 Build	Checkout code	2026-10-07T13:45:01.1788671Z [command]/usr/bin/git config --local --unset-all extensions.worktreeConfig
1 Build	Checkout code	2026-10-07T13:45:01.1836741Z ##[group]Checking out the ref
1 Build	Checkout code	2026-10-07T13:45:01.1840813Z [command]/usr/bin/git checkout --progress --force -B session-17-devsecops-ci refs/remotes/origin/session-17-devsecops-ci
1 Build	Checkout code	2026-10-07T13:45:01.3074779Z Switched to a new branch 'session-17-devsecops-ci'
1 Build	Checkout code	2026-10-07T13:45:01.3081885Z branch 'session-17-devsecops-ci' set up to track 'origin/session-17-devsecops-ci'.
1 Build	Checkout code	2026-10-07T13:45:01.3094274Z ##[endgroup]
1 Build	Checkout code	2026-10-07T13:45:01.3144755Z [command]/usr/bin/git log -1 --format=%H
1 Build	Checkout code	2026-10-07T13:45:01.3178176Z d649c6f2dedd69b2422b8135c9faa58c6cfa6e26
1 Build	Setup Python	﻿2026-10-07T13:45:01.3603487Z ##[group]Run actions/setup-python@v5
1 Build	Setup Python	2026-10-07T13:45:01.3605274Z with:
1 Build	Setup Python	2026-10-07T13:45:01.3606209Z   python-version: 3.13
1 Build	Setup Python	2026-10-07T13:45:01.3607255Z   check-latest: false
1 Build	Setup Python	2026-10-07T13:45:01.3618557Z   token: ***
1 Build	Setup Python	2026-10-07T13:45:01.3619571Z   update-environment: true
1 Build	Setup Python	2026-10-07T13:45:01.3620902Z   allow-prereleases: false
1 Build	Setup Python	2026-10-07T13:45:01.3702367Z   freethreaded: false
1 Build	Setup Python	2026-10-07T13:45:01.3704609Z env:
1 Build	Setup Python	2026-10-07T13:45:01.3706106Z   APP_DIR: labs/17-devsecops
1 Build	Setup Python	2026-10-07T13:45:01.3707717Z   IMAGE_NAME: claim-check-api
1 Build	Setup Python	2026-10-07T13:45:01.3708914Z   TRIVY_VERSION: 0.75.0
1 Build	Setup Python	2026-10-07T13:45:01.3709976Z   GITLEAKS_VERSION: 8.30.1
1 Build	Setup Python	2026-10-07T13:45:01.3711087Z   PYTHON_VERSION: 3.13
1 Build	Setup Python	2026-10-07T13:45:01.3712135Z ##[endgroup]
1 Build	Setup Python	2026-10-07T13:45:01.5178301Z ##[group]Installed versions
1 Build	Setup Python	2026-10-07T13:45:01.5280250Z (node:2274) [DEP0040] DeprecationWarning: The `punycode` module is deprecated. Please use a userland alternative instead.
1 Build	Setup Python	2026-10-07T13:45:01.5284571Z (Use `node --trace-deprecation ...` to show where the warning was created)
1 Build	Setup Python	2026-10-07T13:45:01.5287726Z Successfully set up CPython (3.13.15)
1 Build	Setup Python	2026-10-07T13:45:01.5290982Z ##[endgroup]
1 Build	Resolve the version and the registry reference	﻿2026-10-07T13:45:01.5541600Z ##[group]Run APP_VERSION="1.0.${GITHUB_RUN_NUMBER}+${GITHUB_SHA::7}"
1 Build	Resolve the version and the registry reference	2026-10-07T13:45:01.5544029Z [36;1mAPP_VERSION="1.0.${GITHUB_RUN_NUMBER}+${GITHUB_SHA::7}"[0m
1 Build	Resolve the version and the registry reference	2026-10-07T13:45:01.5547147Z [36;1mIMAGE_TAG="1.0.${GITHUB_RUN_NUMBER}-${GITHUB_SHA::7}"[0m
1 Build	Resolve the version and the registry reference	2026-10-07T13:45:01.5550308Z [36;1mOWNER_REPO=$(echo "${GITHUB_REPOSITORY}" | tr '[:upper:]' '[:lower:]')[0m
1 Build	Resolve the version and the registry reference	2026-10-07T13:45:01.5552895Z [36;1mIMAGE_REPO="ghcr.io/${OWNER_REPO}/${IMAGE_NAME}"[0m
1 Build	Resolve the version and the registry reference	2026-10-07T13:45:01.5554798Z [36;1mecho "app_version=${APP_VERSION}" >> "$GITHUB_OUTPUT"[0m
1 Build	Resolve the version and the registry reference	2026-10-07T13:45:01.5556615Z [36;1mecho "image_tag=${IMAGE_TAG}" >> "$GITHUB_OUTPUT"[0m
1 Build	Resolve the version and the registry reference	2026-10-07T13:45:01.5558851Z [36;1mecho "image_repo=${IMAGE_REPO}" >> "$GITHUB_OUTPUT"[0m
1 Build	Resolve the version and the registry reference	2026-10-07T13:45:01.5561180Z [36;1mecho "application version : ${APP_VERSION}"[0m
1 Build	Resolve the version and the registry reference	2026-10-07T13:45:01.5564737Z [36;1mecho "image tag           : ${IMAGE_TAG}"[0m
1 Build	Resolve the version and the registry reference	2026-10-07T13:45:01.5567598Z [36;1mecho "registry reference  : ${IMAGE_REPO}:${IMAGE_TAG}"[0m
1 Build	Resolve the version and the registry reference	2026-10-07T13:45:01.5910630Z shell: /usr/bin/bash --noprofile --norc -e -o pipefail {0}
1 Build	Resolve the version and the registry reference	2026-10-07T13:45:01.5912949Z env:
1 Build	Resolve the version and the registry reference	2026-10-07T13:45:01.5914482Z   APP_DIR: labs/17-devsecops
1 Build	Resolve the version and the registry reference	2026-10-07T13:45:01.5916274Z   IMAGE_NAME: claim-check-api
1 Build	Resolve the version and the registry reference	2026-10-07T13:45:01.5918021Z   TRIVY_VERSION: 0.75.0
1 Build	Resolve the version and the registry reference	2026-10-07T13:45:01.5919651Z   GITLEAKS_VERSION: 8.30.1
1 Build	Resolve the version and the registry reference	2026-10-07T13:45:01.5921164Z   PYTHON_VERSION: 3.13
1 Build	Resolve the version and the registry reference	2026-10-07T13:45:01.5922979Z   pythonLocation: /opt/hostedtoolcache/Python/3.13.15/x64
1 Build	Resolve the version and the registry reference	2026-10-07T13:45:01.5926467Z   PKG_CONFIG_PATH: /opt/hostedtoolcache/Python/3.13.15/x64/lib/pkgconfig
1 Build	Resolve the version and the registry reference	2026-10-07T13:45:01.5929181Z   Python_ROOT_DIR: /opt/hostedtoolcache/Python/3.13.15/x64
1 Build	Resolve the version and the registry reference	2026-10-07T13:45:01.5931670Z   Python2_ROOT_DIR: /opt/hostedtoolcache/Python/3.13.15/x64
1 Build	Resolve the version and the registry reference	2026-10-07T13:45:01.5934176Z   Python3_ROOT_DIR: /opt/hostedtoolcache/Python/3.13.15/x64
1 Build	Resolve the version and the registry reference	2026-10-07T13:45:01.5936357Z   LD_LIBRARY_PATH: /opt/hostedtoolcache/Python/3.13.15/x64/lib
1 Build	Resolve the version and the registry reference	2026-10-07T13:45:01.5938229Z ##[endgroup]
1 Build	Resolve the version and the registry reference	2026-10-07T13:45:01.6286192Z application version : 1.0.3+d649c6f
1 Build	Resolve the version and the registry reference	2026-10-07T13:45:01.6288583Z image tag           : 1.0.3-d649c6f
1 Build	Resolve the version and the registry reference	2026-10-07T13:45:01.6291010Z registry reference  : ghcr.io/amanyadav7015/devops-coursework/claim-check-api:1.0.3-d649c6f
1 Build	Install runtime dependencies	﻿2026-10-07T13:45:01.6398579Z ##[group]Run python -m pip install --upgrade pip
1 Build	Install runtime dependencies	2026-10-07T13:45:01.6400246Z [36;1mpython -m pip install --upgrade pip[0m
1 Build	Install runtime dependencies	2026-10-07T13:45:01.6401616Z [36;1mpip install -r requirements.txt[0m
1 Build	Install runtime dependencies	2026-10-07T13:45:01.6402826Z [36;1mpip list[0m
1 Build	Install runtime dependencies	2026-10-07T13:45:01.6473219Z shell: /usr/bin/bash --noprofile --norc -e -o pipefail {0}
1 Build	Install runtime dependencies	2026-10-07T13:45:01.6475032Z env:
1 Build	Install runtime dependencies	2026-10-07T13:45:01.6476257Z   APP_DIR: labs/17-devsecops
1 Build	Install runtime dependencies	2026-10-07T13:45:01.6477418Z   IMAGE_NAME: claim-check-api
1 Build	Install runtime dependencies	2026-10-07T13:45:01.6478551Z   TRIVY_VERSION: 0.75.0
1 Build	Install runtime dependencies	2026-10-07T13:45:01.6479607Z   GITLEAKS_VERSION: 8.30.1
1 Build	Install runtime dependencies	2026-10-07T13:45:01.6480695Z   PYTHON_VERSION: 3.13
1 Build	Install runtime dependencies	2026-10-07T13:45:01.6481975Z   pythonLocation: /opt/hostedtoolcache/Python/3.13.15/x64
1 Build	Install runtime dependencies	2026-10-07T13:45:01.6484242Z   PKG_CONFIG_PATH: /opt/hostedtoolcache/Python/3.13.15/x64/lib/pkgconfig
1 Build	Install runtime dependencies	2026-10-07T13:45:01.6486179Z   Python_ROOT_DIR: /opt/hostedtoolcache/Python/3.13.15/x64
1 Build	Install runtime dependencies	2026-10-07T13:45:01.6487918Z   Python2_ROOT_DIR: /opt/hostedtoolcache/Python/3.13.15/x64
1 Build	Install runtime dependencies	2026-10-07T13:45:01.6489739Z   Python3_ROOT_DIR: /opt/hostedtoolcache/Python/3.13.15/x64
1 Build	Install runtime dependencies	2026-10-07T13:45:01.6491514Z   LD_LIBRARY_PATH: /opt/hostedtoolcache/Python/3.13.15/x64/lib
1 Build	Install runtime dependencies	2026-10-07T13:45:01.6492950Z ##[endgroup]
1 Build	Install runtime dependencies	2026-10-07T13:45:05.2094690Z Requirement already satisfied: pip in /opt/hostedtoolcache/Python/3.13.15/x64/lib/python3.13/site-packages (26.2.1)
1 Build	Install runtime dependencies	2026-10-07T13:45:06.0181788Z Collecting Flask==3.0.0 (from -r requirements.txt (line 1))
1 Build	Install runtime dependencies	2026-10-07T13:45:06.0715199Z   Downloading flask-3.0.0-py3-none-any.whl.metadata (3.6 kB)
1 Build	Install runtime dependencies	2026-10-07T13:45:06.0982736Z Collecting Werkzeug==3.0.1 (from -r requirements.txt (line 2))
1 Build	Install runtime dependencies	2026-10-07T13:45:06.1015022Z   Downloading werkzeug-3.0.1-py3-none-any.whl.metadata (4.1 kB)
1 Build	Install runtime dependencies	2026-10-07T13:45:06.1168088Z Collecting Jinja2==3.1.3 (from -r requirements.txt (line 3))
1 Build	Install runtime dependencies	2026-10-07T13:45:06.1211034Z   Downloading Jinja2-3.1.3-py3-none-any.whl.metadata (3.3 kB)
1 Build	Install runtime dependencies	2026-10-07T13:45:06.1647616Z Collecting PyYAML==6.0.2 (from -r requirements.txt (line 4))
1 Build	Install runtime dependencies	2026-10-07T13:45:06.1680141Z   Downloading PyYAML-6.0.2-cp313-cp313-manylinux_2_17_x86_64.manylinux2014_x86_64.whl.metadata (2.1 kB)
1 Build	Install runtime dependencies	2026-10-07T13:45:06.1893253Z Collecting requests==2.31.0 (from -r requirements.txt (line 5))
1 Build	Install runtime dependencies	2026-10-07T13:45:06.1926888Z   Downloading requests-2.31.0-py3-none-any.whl.metadata (4.6 kB)
1 Build	Install runtime dependencies	2026-10-07T13:45:06.2153312Z Collecting urllib3==2.0.7 (from -r requirements.txt (line 6))
1 Build	Install runtime dependencies	2026-10-07T13:45:06.2186021Z   Downloading urllib3-2.0.7-py3-none-any.whl.metadata (6.6 kB)
1 Build	Install runtime dependencies	2026-10-07T13:45:06.2368155Z Collecting certifi==2023.5.7 (from -r requirements.txt (line 7))
1 Build	Install runtime dependencies	2026-10-07T13:45:06.2419889Z   Downloading certifi-2023.5.7-py3-none-any.whl.metadata (2.2 kB)
1 Build	Install runtime dependencies	2026-10-07T13:45:06.2583062Z Collecting gunicorn==20.0.4 (from -r requirements.txt (line 8))
1 Build	Install runtime dependencies	2026-10-07T13:45:06.2624623Z   Downloading gunicorn-20.0.4-py2.py3-none-any.whl.metadata (3.5 kB)
1 Build	Install runtime dependencies	2026-10-07T13:45:06.2773219Z Collecting itsdangerous>=2.1.2 (from Flask==3.0.0->-r requirements.txt (line 1))
1 Build	Install runtime dependencies	2026-10-07T13:45:06.2803375Z   Downloading itsdangerous-2.2.0-py3-none-any.whl.metadata (1.9 kB)
1 Build	Install runtime dependencies	2026-10-07T13:45:06.3007309Z Collecting click>=8.1.3 (from Flask==3.0.0->-r requirements.txt (line 1))
1 Build	Install runtime dependencies	2026-10-07T13:45:06.3071856Z   Downloading click-8.5.0-py3-none-any.whl.metadata (2.6 kB)
1 Build	Install runtime dependencies	2026-10-07T13:45:06.3192872Z Collecting blinker>=1.6.2 (from Flask==3.0.0->-r requirements.txt (line 1))
1 Build	Install runtime dependencies	2026-10-07T13:45:06.3224447Z   Downloading blinker-1.9.0-py3-none-any.whl.metadata (1.6 kB)
1 Build	Install runtime dependencies	2026-10-07T13:45:06.3797965Z Collecting MarkupSafe>=2.1.1 (from Werkzeug==3.0.1->-r requirements.txt (line 2))
1 Build	Install runtime dependencies	2026-10-07T13:45:06.3832408Z   Downloading markupsafe-3.0.4-cp313-cp313-manylinux2014_x86_64.manylinux_2_17_x86_64.manylinux_2_28_x86_64.whl.metadata (2.7 kB)
1 Build	Install runtime dependencies	2026-10-07T13:45:06.5119937Z Collecting charset-normalizer<4,>=2 (from requests==2.31.0->-r requirements.txt (line 5))
1 Build	Install runtime dependencies	2026-10-07T13:45:06.5154429Z   Downloading charset_normalizer-3.5.2-cp313-cp313-manylinux2014_x86_64.manylinux_2_17_x86_64.manylinux_2_28_x86_64.whl.metadata (46 kB)
1 Build	Install runtime dependencies	2026-10-07T13:45:06.5381002Z Collecting idna<4,>=2.5 (from requests==2.31.0->-r requirements.txt (line 5))
1 Build	Install runtime dependencies	2026-10-07T13:45:06.5419829Z   Downloading idna-3.20-py3-none-any.whl.metadata (7.2 kB)
1 Build	Install runtime dependencies	2026-10-07T13:45:06.6497446Z Collecting setuptools>=3.0 (from gunicorn==20.0.4->-r requirements.txt (line 8))
1 Build	Install runtime dependencies	2026-10-07T13:45:06.6536814Z   Downloading setuptools-84.0.0-py3-none-any.whl.metadata (6.6 kB)
1 Build	Install runtime dependencies	2026-10-07T13:45:06.6691621Z Downloading flask-3.0.0-py3-none-any.whl (99 kB)
1 Build	Install runtime dependencies	2026-10-07T13:45:06.6774272Z Downloading werkzeug-3.0.1-py3-none-any.whl (226 kB)
1 Build	Install runtime dependencies	2026-10-07T13:45:06.6856110Z Downloading Jinja2-3.1.3-py3-none-any.whl (133 kB)
1 Build	Install runtime dependencies	2026-10-07T13:45:06.6913862Z Downloading PyYAML-6.0.2-cp313-cp313-manylinux_2_17_x86_64.manylinux2014_x86_64.whl (759 kB)
1 Build	Install runtime dependencies	2026-10-07T13:45:06.6987744Z    ━━━━━━━━━━━━━━━━━━━━━━━━━━━━━━━━━━━━━━━━ 759.5/759.5 kB 119.0 MB/s  0:00:00
1 Build	Install runtime dependencies	2026-10-07T13:45:06.7020493Z Downloading requests-2.31.0-py3-none-any.whl (62 kB)
1 Build	Install runtime dependencies	2026-10-07T13:45:06.7073525Z Downloading urllib3-2.0.7-py3-none-any.whl (124 kB)
1 Build	Install runtime dependencies	2026-10-07T13:45:06.7145272Z Downloading certifi-2023.5.7-py3-none-any.whl (156 kB)
1 Build	Install runtime dependencies	2026-10-07T13:45:06.7220469Z Downloading gunicorn-20.0.4-py2.py3-none-any.whl (77 kB)
1 Build	Install runtime dependencies	2026-10-07T13:45:06.7279595Z Downloading charset_normalizer-3.5.2-cp313-cp313-manylinux2014_x86_64.manylinux_2_17_x86_64.manylinux_2_28_x86_64.whl (254 kB)
1 Build	Install runtime dependencies	2026-10-07T13:45:06.7339637Z Downloading idna-3.20-py3-none-any.whl (69 kB)
1 Build	Install runtime dependencies	2026-10-07T13:45:06.7403206Z Downloading blinker-1.9.0-py3-none-any.whl (8.5 kB)
1 Build	Install runtime dependencies	2026-10-07T13:45:06.7466086Z Downloading click-8.5.0-py3-none-any.whl (125 kB)
1 Build	Install runtime dependencies	2026-10-07T13:45:06.7556723Z Downloading itsdangerous-2.2.0-py3-none-any.whl (16 kB)
1 Build	Install runtime dependencies	2026-10-07T13:45:06.7628647Z Downloading markupsafe-3.0.4-cp313-cp313-manylinux2014_x86_64.manylinux_2_17_x86_64.manylinux_2_28_x86_64.whl (23 kB)
1 Build	Install runtime dependencies	2026-10-07T13:45:06.7698728Z Downloading setuptools-84.0.0-py3-none-any.whl (818 kB)
1 Build	Install runtime dependencies	2026-10-07T13:45:06.7795608Z    ━━━━━━━━━━━━━━━━━━━━━━━━━━━━━━━━━━━━━━━━ 818.2/818.2 kB 102.8 MB/s  0:00:00
1 Build	Install runtime dependencies	2026-10-07T13:45:06.8633110Z Installing collected packages: urllib3, setuptools, PyYAML, MarkupSafe, itsdangerous, idna, click, charset-normalizer, certifi, blinker, Werkzeug, requests, Jinja2, gunicorn, Flask
1 Build	Install runtime dependencies	2026-10-07T13:45:08.2156626Z 
1 Build	Install runtime dependencies	2026-10-07T13:45:08.2185006Z Successfully installed Flask-3.0.0 Jinja2-3.1.3 MarkupSafe-3.0.4 PyYAML-6.0.2 Werkzeug-3.0.1 blinker-1.9.0 certifi-2023.5.7 charset-normalizer-3.5.2 click-8.5.0 gunicorn-20.0.4 idna-3.20 itsdangerous-2.2.0 requests-2.31.0 setuptools-84.0.0 urllib3-2.0.7
1 Build	Install runtime dependencies	2026-10-07T13:45:08.5417829Z Package            Version
1 Build	Install runtime dependencies	2026-10-07T13:45:08.5418644Z ------------------ --------
1 Build	Install runtime dependencies	2026-10-07T13:45:08.5421420Z blinker            1.9.0
1 Build	Install runtime dependencies	2026-10-07T13:45:08.5423807Z certifi            2023.5.7
1 Build	Install runtime dependencies	2026-10-07T13:45:08.5426310Z charset-normalizer 3.5.2
1 Build	Install runtime dependencies	2026-10-07T13:45:08.5428071Z click              8.5.0
1 Build	Install runtime dependencies	2026-10-07T13:45:08.5429969Z Flask              3.0.0
1 Build	Install runtime dependencies	2026-10-07T13:45:08.5431889Z gunicorn           20.0.4
1 Build	Install runtime dependencies	2026-10-07T13:45:08.5433966Z idna               3.20
1 Build	Install runtime dependencies	2026-10-07T13:45:08.5435918Z itsdangerous       2.2.0
1 Build	Install runtime dependencies	2026-10-07T13:45:08.5437739Z Jinja2             3.1.3
1 Build	Install runtime dependencies	2026-10-07T13:45:08.5439804Z MarkupSafe         3.0.4
1 Build	Install runtime dependencies	2026-10-07T13:45:08.5441696Z pip                26.2.1
1 Build	Install runtime dependencies	2026-10-07T13:45:08.5443457Z PyYAML             6.0.2
1 Build	Install runtime dependencies	2026-10-07T13:45:08.5445523Z requests           2.31.0
1 Build	Install runtime dependencies	2026-10-07T13:45:08.5447411Z setuptools         84.0.0
1 Build	Install runtime dependencies	2026-10-07T13:45:08.5449324Z urllib3            2.0.7
1 Build	Install runtime dependencies	2026-10-07T13:45:08.5451076Z Werkzeug           3.0.1
1 Build	Byte-compile the application	﻿2026-10-07T13:45:08.5873258Z ##[group]Run python -m compileall -q app
1 Build	Byte-compile the application	2026-10-07T13:45:08.5874068Z [36;1mpython -m compileall -q app[0m
1 Build	Byte-compile the application	2026-10-07T13:45:08.5874944Z [36;1mpython -c "from app.server import app; print('routes:'); [print(' ', r.rule, sorted(r.methods - {'HEAD', 'OPTIONS'})) for r in app.url_map.iter_rules()]"[0m
1 Build	Byte-compile the application	2026-10-07T13:45:08.5945299Z shell: /usr/bin/bash --noprofile --norc -e -o pipefail {0}
1 Build	Byte-compile the application	2026-10-07T13:45:08.5945812Z env:
1 Build	Byte-compile the application	2026-10-07T13:45:08.5946108Z   APP_DIR: labs/17-devsecops
1 Build	Byte-compile the application	2026-10-07T13:45:08.5946466Z   IMAGE_NAME: claim-check-api
1 Build	Byte-compile the application	2026-10-07T13:45:08.5946809Z   TRIVY_VERSION: 0.75.0
1 Build	Byte-compile the application	2026-10-07T13:45:08.5947128Z   GITLEAKS_VERSION: 8.30.1
1 Build	Byte-compile the application	2026-10-07T13:45:08.5947458Z   PYTHON_VERSION: 3.13
1 Build	Byte-compile the application	2026-10-07T13:45:08.5947874Z   pythonLocation: /opt/hostedtoolcache/Python/3.13.15/x64
1 Build	Byte-compile the application	2026-10-07T13:45:08.5948505Z   PKG_CONFIG_PATH: /opt/hostedtoolcache/Python/3.13.15/x64/lib/pkgconfig
1 Build	Byte-compile the application	2026-10-07T13:45:08.5949129Z   Python_ROOT_DIR: /opt/hostedtoolcache/Python/3.13.15/x64
1 Build	Byte-compile the application	2026-10-07T13:45:08.5949964Z   Python2_ROOT_DIR: /opt/hostedtoolcache/Python/3.13.15/x64
1 Build	Byte-compile the application	2026-10-07T13:45:08.5950601Z   Python3_ROOT_DIR: /opt/hostedtoolcache/Python/3.13.15/x64
1 Build	Byte-compile the application	2026-10-07T13:45:08.5951169Z   LD_LIBRARY_PATH: /opt/hostedtoolcache/Python/3.13.15/x64/lib
1 Build	Byte-compile the application	2026-10-07T13:45:08.5951646Z ##[endgroup]
1 Build	Byte-compile the application	2026-10-07T13:45:09.2012064Z routes:
1 Build	Byte-compile the application	2026-10-07T13:45:09.2012798Z   /static/<path:filename> ['GET']
1 Build	Byte-compile the application	2026-10-07T13:45:09.2013820Z   /health ['GET']
1 Build	Byte-compile the application	2026-10-07T13:45:09.2014454Z   /version ['GET']
1 Build	Byte-compile the application	2026-10-07T13:45:09.2015120Z   /claims/validate ['POST']
1 Build	Byte-compile the application	2026-10-07T13:45:09.2015870Z   /claims/price ['POST']
1 Build	Byte-compile the application	2026-10-07T13:45:09.2016580Z   /claims/batch ['POST']
1 Build	Byte-compile the application	2026-10-07T13:45:09.2017289Z   /policy/apply ['POST']
1 Build	Byte-compile the application	2026-10-07T13:45:09.2017965Z   /fx ['GET']
1 Build	Assemble the deployable package	﻿2026-10-07T13:45:09.3818329Z ##[group]Run rm -rf dist
1 Build	Assemble the deployable package	2026-10-07T13:45:09.3818663Z [36;1mrm -rf dist[0m
1 Build	Assemble the deployable package	2026-10-07T13:45:09.3818901Z [36;1mmkdir -p dist[0m
1 Build	Assemble the deployable package	2026-10-07T13:45:09.3819148Z [36;1mcp -R app dist/app[0m
1 Build	Assemble the deployable package	2026-10-07T13:45:09.3819481Z [36;1mcp Dockerfile .dockerignore requirements.txt dist/[0m
1 Build	Assemble the deployable package	2026-10-07T13:45:09.3819973Z [36;1mfind dist -name '__pycache__' -type d -prune -exec rm -rf {} +[0m
1 Build	Assemble the deployable package	2026-10-07T13:45:09.3820393Z [36;1mcat > dist/build-info.txt <<INFO[0m
1 Build	Assemble the deployable package	2026-10-07T13:45:09.3820699Z [36;1mservice=claim-check-api[0m
1 Build	Assemble the deployable package	2026-10-07T13:45:09.3820997Z [36;1mversion=1.0.3+d649c6f[0m
1 Build	Assemble the deployable package	2026-10-07T13:45:09.3821253Z [36;1mimage_tag=1.0.3-d649c6f[0m
1 Build	Assemble the deployable package	2026-10-07T13:45:09.3821511Z [36;1mcommit=${GITHUB_SHA}[0m
1 Build	Assemble the deployable package	2026-10-07T13:45:09.3821796Z [36;1mbuilt_at=$(date -u +%Y-%m-%dT%H:%M:%SZ)[0m
1 Build	Assemble the deployable package	2026-10-07T13:45:09.3822139Z [36;1mbuilder=github-actions-${GITHUB_RUN_ID}[0m
1 Build	Assemble the deployable package	2026-10-07T13:45:09.3822448Z [36;1mINFO[0m
1 Build	Assemble the deployable package	2026-10-07T13:45:09.3822661Z [36;1mcat dist/build-info.txt[0m
1 Build	Assemble the deployable package	2026-10-07T13:45:09.3822929Z [36;1mfind dist -type f | sort[0m
1 Build	Assemble the deployable package	2026-10-07T13:45:09.3892480Z shell: /usr/bin/bash --noprofile --norc -e -o pipefail {0}
1 Build	Assemble the deployable package	2026-10-07T13:45:09.3892936Z env:
1 Build	Assemble the deployable package	2026-10-07T13:45:09.3893184Z   APP_DIR: labs/17-devsecops
1 Build	Assemble the deployable package	2026-10-07T13:45:09.3893800Z   IMAGE_NAME: claim-check-api
1 Build	Assemble the deployable package	2026-10-07T13:45:09.3894109Z   TRIVY_VERSION: 0.75.0
1 Build	Assemble the deployable package	2026-10-07T13:45:09.3894377Z   GITLEAKS_VERSION: 8.30.1
1 Build	Assemble the deployable package	2026-10-07T13:45:09.3894649Z   PYTHON_VERSION: 3.13
1 Build	Assemble the deployable package	2026-10-07T13:45:09.3894992Z   pythonLocation: /opt/hostedtoolcache/Python/3.13.15/x64
1 Build	Assemble the deployable package	2026-10-07T13:45:09.3895513Z   PKG_CONFIG_PATH: /opt/hostedtoolcache/Python/3.13.15/x64/lib/pkgconfig
1 Build	Assemble the deployable package	2026-10-07T13:45:09.3896036Z   Python_ROOT_DIR: /opt/hostedtoolcache/Python/3.13.15/x64
1 Build	Assemble the deployable package	2026-10-07T13:45:09.3896507Z   Python2_ROOT_DIR: /opt/hostedtoolcache/Python/3.13.15/x64
1 Build	Assemble the deployable package	2026-10-07T13:45:09.3896977Z   Python3_ROOT_DIR: /opt/hostedtoolcache/Python/3.13.15/x64
1 Build	Assemble the deployable package	2026-10-07T13:45:09.3897453Z   LD_LIBRARY_PATH: /opt/hostedtoolcache/Python/3.13.15/x64/lib
1 Build	Assemble the deployable package	2026-10-07T13:45:09.3897849Z ##[endgroup]
1 Build	Assemble the deployable package	2026-10-07T13:45:09.4540751Z service=claim-check-api
1 Build	Assemble the deployable package	2026-10-07T13:45:09.4559968Z version=1.0.3+d649c6f
1 Build	Assemble the deployable package	2026-10-07T13:45:09.4560645Z image_tag=1.0.3-d649c6f
1 Build	Assemble the deployable package	2026-10-07T13:45:09.4561310Z commit=d649c6f2dedd69b2422b8135c9faa58c6cfa6e26
1 Build	Assemble the deployable package	2026-10-07T13:45:09.4561930Z built_at=2026-10-07T13:45:09Z
1 Build	Assemble the deployable package	2026-10-07T13:45:09.4562305Z builder=github-actions-37630958303
1 Build	Assemble the deployable package	2026-10-07T13:45:09.4562682Z dist/.dockerignore
1 Build	Assemble the deployable package	2026-10-07T13:45:09.4562973Z dist/Dockerfile
1 Build	Assemble the deployable package	2026-10-07T13:45:09.4563269Z dist/app/__init__.py
1 Build	Assemble the deployable package	2026-10-07T13:45:09.4564808Z dist/app/claims.py
1 Build	Assemble the deployable package	2026-10-07T13:45:09.4565305Z dist/app/server.py
1 Build	Assemble the deployable package	2026-10-07T13:45:09.4565704Z dist/build-info.txt
1 Build	Assemble the deployable package	2026-10-07T13:45:09.4566197Z dist/requirements.txt
1 Build	Upload the deployable package	﻿2026-10-07T13:45:09.4852488Z ##[group]Run actions/upload-artifact@v4
1 Build	Upload the deployable package	2026-10-07T13:45:09.4853193Z with:
1 Build	Upload the deployable package	2026-10-07T13:45:09.4853899Z   name: claim-check-api-package
1 Build	Upload the deployable package	2026-10-07T13:45:09.4854389Z   path: labs/17-devsecops/dist
1 Build	Upload the deployable package	2026-10-07T13:45:09.4854741Z   retention-days: 7
1 Build	Upload the deployable package	2026-10-07T13:45:09.4855051Z   if-no-files-found: warn
1 Build	Upload the deployable package	2026-10-07T13:45:09.4855390Z   compression-level: 6
1 Build	Upload the deployable package	2026-10-07T13:45:09.4855704Z   overwrite: false
1 Build	Upload the deployable package	2026-10-07T13:45:09.4856014Z   include-hidden-files: false
1 Build	Upload the deployable package	2026-10-07T13:45:09.4856491Z env:
1 Build	Upload the deployable package	2026-10-07T13:45:09.4856928Z   APP_DIR: labs/17-devsecops
1 Build	Upload the deployable package	2026-10-07T13:45:09.4857812Z   IMAGE_NAME: claim-check-api
1 Build	Upload the deployable package	2026-10-07T13:45:09.4858354Z   TRIVY_VERSION: 0.75.0
1 Build	Upload the deployable package	2026-10-07T13:45:09.4858858Z   GITLEAKS_VERSION: 8.30.1
1 Build	Upload the deployable package	2026-10-07T13:45:09.4859305Z   PYTHON_VERSION: 3.13
1 Build	Upload the deployable package	2026-10-07T13:45:09.4859808Z   pythonLocation: /opt/hostedtoolcache/Python/3.13.15/x64
1 Build	Upload the deployable package	2026-10-07T13:45:09.4860647Z   PKG_CONFIG_PATH: /opt/hostedtoolcache/Python/3.13.15/x64/lib/pkgconfig
1 Build	Upload the deployable package	2026-10-07T13:45:09.4861457Z   Python_ROOT_DIR: /opt/hostedtoolcache/Python/3.13.15/x64
1 Build	Upload the deployable package	2026-10-07T13:45:09.4862178Z   Python2_ROOT_DIR: /opt/hostedtoolcache/Python/3.13.15/x64
1 Build	Upload the deployable package	2026-10-07T13:45:09.4862776Z   Python3_ROOT_DIR: /opt/hostedtoolcache/Python/3.13.15/x64
1 Build	Upload the deployable package	2026-10-07T13:45:09.4863415Z   LD_LIBRARY_PATH: /opt/hostedtoolcache/Python/3.13.15/x64/lib
1 Build	Upload the deployable package	2026-10-07T13:45:09.4864188Z ##[endgroup]
1 Build	Upload the deployable package	2026-10-07T13:45:09.6931913Z (node:2361) [DEP0040] DeprecationWarning: The `punycode` module is deprecated. Please use a userland alternative instead.
1 Build	Upload the deployable package	2026-10-07T13:45:09.6933833Z (Use `node --trace-deprecation ...` to show where the warning was created)
1 Build	Upload the deployable package	2026-10-07T13:45:09.7216269Z With the provided path, there will be 6 files uploaded
1 Build	Upload the deployable package	2026-10-07T13:45:09.7218124Z Artifact name is valid!
1 Build	Upload the deployable package	2026-10-07T13:45:09.7218805Z Root directory input is valid!
1 Build	Upload the deployable package	2026-10-07T13:45:10.1256115Z Beginning upload of artifact content to blob storage
1 Build	Upload the deployable package	2026-10-07T13:45:10.1565263Z (node:2361) [DEP0169] DeprecationWarning: `url.parse()` behavior is not standardized and prone to errors that have security implications. Use the WHATWG URL API instead. CVEs are not issued for `url.parse()` vulnerabilities.
1 Build	Upload the deployable package	2026-10-07T13:45:10.4169628Z Uploaded bytes 3356
1 Build	Upload the deployable package	2026-10-07T13:45:10.4899404Z Finished uploading artifact content to blob storage!
1 Build	Upload the deployable package	2026-10-07T13:45:10.4900997Z SHA256 digest of uploaded artifact zip is d1626e6e04eae43cb9cc7d391e24daec81442fca7fdbc03fec10902130bc2b80
1 Build	Upload the deployable package	2026-10-07T13:45:10.4902551Z Finalizing artifact upload
1 Build	Upload the deployable package	2026-10-07T13:45:10.8525376Z Artifact claim-check-api-package.zip successfully finalized. Artifact ID 11486470596
1 Build	Upload the deployable package	2026-10-07T13:45:10.8527954Z Artifact claim-check-api-package has been successfully uploaded! Final size is 3356 bytes. Artifact ID is 11486470596
1 Build	Upload the deployable package	2026-10-07T13:45:10.8535790Z Artifact download URL: https://github.com/AmanYadav7015/devops-coursework/actions/runs/37630958303/artifacts/11486470596
1 Build	Post Setup Python	﻿2026-10-07T13:45:10.8736878Z Post job cleanup.
1 Build	Post Setup Python	2026-10-07T13:45:11.0097219Z (node:2374) [DEP0040] DeprecationWarning: The `punycode` module is deprecated. Please use a userland alternative instead.
1 Build	Post Setup Python	2026-10-07T13:45:11.0098743Z (Use `node --trace-deprecation ...` to show where the warning was created)
1 Build	Post Checkout code	﻿2026-10-07T13:45:11.0258998Z Post job cleanup.
1 Build	Post Checkout code	2026-10-07T13:45:11.1251427Z [command]/usr/bin/git version
1 Build	Post Checkout code	2026-10-07T13:45:11.1301175Z git version 2.55.0
1 Build	Post Checkout code	2026-10-07T13:45:11.1345470Z Temporarily overriding HOME='/home/runner/work/_temp/057e4836-8b46-4f37-ac56-0ca676eb70c5' before making global git config changes
1 Build	Post Checkout code	2026-10-07T13:45:11.1347107Z Adding repository directory to the temporary git global config as a safe directory
1 Build	Post Checkout code	2026-10-07T13:45:11.1353568Z [command]/usr/bin/git config --global --add safe.directory /home/runner/work/devops-coursework/devops-coursework
1 Build	Post Checkout code	2026-10-07T13:45:11.1405031Z [command]/usr/bin/git config --local --name-only --get-regexp core\.sshCommand
1 Build	Post Checkout code	2026-10-07T13:45:11.1467905Z [command]/usr/bin/git submodule foreach --recursive sh -c "git config --local --name-only --get-regexp 'core\.sshCommand' && git config --local --unset-all 'core.sshCommand' || :"
1 Build	Post Checkout code	2026-10-07T13:45:11.1759863Z [command]/usr/bin/git config --local --name-only --get-regexp http\.https\:\/\/github\.com\/\.extraheader
1 Build	Post Checkout code	2026-10-07T13:45:11.1815166Z http.https://github.com/.extraheader
1 Build	Post Checkout code	2026-10-07T13:45:11.1826822Z [command]/usr/bin/git config --local --unset-all http.https://github.com/.extraheader
1 Build	Post Checkout code	2026-10-07T13:45:11.1905318Z [command]/usr/bin/git submodule foreach --recursive sh -c "git config --local --name-only --get-regexp 'http\.https\:\/\/github\.com\/\.extraheader' && git config --local --unset-all 'http.https://github.com/.extraheader' || :"
1 Build	Post Checkout code	2026-10-07T13:45:11.2249082Z [command]/usr/bin/git config --local --name-only --get-regexp ^includeIf\.gitdir:
1 Build	Post Checkout code	2026-10-07T13:45:11.2316731Z [command]/usr/bin/git submodule foreach --recursive git config --local --show-origin --name-only --get-regexp remote.origin.url
1 Build	Complete job	﻿2026-10-07T13:45:11.2835372Z Evaluate and set job outputs
1 Build	Complete job	2026-10-07T13:45:11.2842782Z Set output 'app-version'
1 Build	Complete job	2026-10-07T13:45:11.2845092Z Set output 'image-tag'
1 Build	Complete job	2026-10-07T13:45:11.2845929Z Set output 'image-repo'
1 Build	Complete job	2026-10-07T13:45:11.2846696Z Cleaning up orphan processes
1 Build	Complete job	2026-10-07T13:45:11.3175761Z ##[warning]Node.js 20 is deprecated. The following actions target Node.js 20 but are being forced to run on Node.js 24: actions/checkout@v4, actions/setup-python@v5, actions/upload-artifact@v4. For more information see: https://github.blog/changelog/2025-09-19-deprecation-of-node-20-on-github-actions-runners/
2 Unit Test	Set up job	﻿2026-10-07T13:45:18.2206482Z Current runner version: '2.337.0'
2 Unit Test	Set up job	2026-10-07T13:45:18.2227546Z ##[group]Runner Image Provisioner
2 Unit Test	Set up job	2026-10-07T13:45:18.2228420Z Hosted Compute Agent
2 Unit Test	Set up job	2026-10-07T13:45:18.2228971Z Version: 20261002.596
2 Unit Test	Set up job	2026-10-07T13:45:18.2229563Z Commit: c3d12f3313a95f25162a1503be624f3b0617f8c0
2 Unit Test	Set up job	2026-10-07T13:45:18.2230259Z Build Date: 2026-10-02T22:28:27Z
2 Unit Test	Set up job	2026-10-07T13:45:18.2230907Z Worker ID: {0d7686f3-1ba2-4657-b2c5-83ae979e7325}
2 Unit Test	Set up job	2026-10-07T13:45:18.2231585Z Region: centralus
2 Unit Test	Set up job	2026-10-07T13:45:18.2232104Z Cloud: Azure
2 Unit Test	Set up job	2026-10-07T13:45:18.2232824Z ##[endgroup]
2 Unit Test	Set up job	2026-10-07T13:45:18.2234759Z ##[group]Operating System
2 Unit Test	Set up job	2026-10-07T13:45:18.2235416Z Ubuntu
2 Unit Test	Set up job	2026-10-07T13:45:18.2235942Z 24.04.5
2 Unit Test	Set up job	2026-10-07T13:45:18.2236424Z LTS
2 Unit Test	Set up job	2026-10-07T13:45:18.2236871Z ##[endgroup]
2 Unit Test	Set up job	2026-10-07T13:45:18.2238232Z ##[group]Runner Image
2 Unit Test	Set up job	2026-10-07T13:45:18.2238838Z Image: ubuntu-24.04
2 Unit Test	Set up job	2026-10-07T13:45:18.2239363Z Version: 20261004.327.1
2 Unit Test	Set up job	2026-10-07T13:45:18.2240402Z Included Software: https://github.com/actions/runner-images/blob/ubuntu24/20261004.327/images/ubuntu/Ubuntu2404-Readme.md
2 Unit Test	Set up job	2026-10-07T13:45:18.2242362Z Image Release: https://github.com/actions/runner-images/releases/tag/ubuntu24%2F20261004.327
2 Unit Test	Set up job	2026-10-07T13:45:18.2243375Z ##[endgroup]
2 Unit Test	Set up job	2026-10-07T13:45:18.2244444Z ##[group]GITHUB_TOKEN Permissions
2 Unit Test	Set up job	2026-10-07T13:45:18.2247279Z Contents: read
2 Unit Test	Set up job	2026-10-07T13:45:18.2248123Z Metadata: read
2 Unit Test	Set up job	2026-10-07T13:45:18.2248897Z ##[endgroup]
2 Unit Test	Set up job	2026-10-07T13:45:18.2251276Z Secret source: Actions
2 Unit Test	Set up job	2026-10-07T13:45:18.2252799Z Cache mode: write
2 Unit Test	Set up job	2026-10-07T13:45:18.2253699Z Prepare workflow directory
2 Unit Test	Set up job	2026-10-07T13:45:18.2648187Z Prepare all required actions
2 Unit Test	Set up job	2026-10-07T13:45:18.2698912Z Getting action download info
2 Unit Test	Set up job	2026-10-07T13:45:18.5548291Z Download action repository 'actions/checkout@v4' (SHA:11d5960a326750d5838078e36cf38b85af677262)
2 Unit Test	Set up job	2026-10-07T13:45:18.6589746Z Download action repository 'actions/setup-python@v5' (SHA:a26af69be951a213d495a4c3e4e4022e16d87065)
2 Unit Test	Set up job	2026-10-07T13:45:18.7687569Z Download action repository 'actions/upload-artifact@v4' (SHA:ea165f8d65b6e75b540449e92b4886f43607fa02)
2 Unit Test	Set up job	2026-10-07T13:45:19.0421806Z Complete job name: 2 Unit Test
2 Unit Test	Checkout code	﻿2026-10-07T13:45:19.1057389Z ##[group]Run actions/checkout@v4
2 Unit Test	Checkout code	2026-10-07T13:45:19.1058554Z with:
2 Unit Test	Checkout code	2026-10-07T13:45:19.1059132Z   repository: AmanYadav7015/devops-coursework
2 Unit Test	Checkout code	2026-10-07T13:45:19.1062960Z   token: ***
2 Unit Test	Checkout code	2026-10-07T13:45:19.1063478Z   ssh-strict: true
2 Unit Test	Checkout code	2026-10-07T13:45:19.1063931Z   ssh-user: git
2 Unit Test	Checkout code	2026-10-07T13:45:19.1064392Z   persist-credentials: true
2 Unit Test	Checkout code	2026-10-07T13:45:19.1064922Z   clean: true
2 Unit Test	Checkout code	2026-10-07T13:45:19.1065375Z   sparse-checkout-cone-mode: true
2 Unit Test	Checkout code	2026-10-07T13:45:19.1065904Z   fetch-depth: 1
2 Unit Test	Checkout code	2026-10-07T13:45:19.1066341Z   fetch-tags: false
2 Unit Test	Checkout code	2026-10-07T13:45:19.1066778Z   show-progress: true
2 Unit Test	Checkout code	2026-10-07T13:45:19.1067268Z   lfs: false
2 Unit Test	Checkout code	2026-10-07T13:45:19.1067724Z   submodules: false
2 Unit Test	Checkout code	2026-10-07T13:45:19.1068212Z   set-safe-directory: true
2 Unit Test	Checkout code	2026-10-07T13:45:19.1068717Z   allow-unsafe-pr-checkout: false
2 Unit Test	Checkout code	2026-10-07T13:45:19.1069410Z env:
2 Unit Test	Checkout code	2026-10-07T13:45:19.1069900Z   APP_DIR: labs/17-devsecops
2 Unit Test	Checkout code	2026-10-07T13:45:19.1070454Z   IMAGE_NAME: claim-check-api
2 Unit Test	Checkout code	2026-10-07T13:45:19.1070941Z   TRIVY_VERSION: 0.75.0
2 Unit Test	Checkout code	2026-10-07T13:45:19.1071519Z   GITLEAKS_VERSION: 8.30.1
2 Unit Test	Checkout code	2026-10-07T13:45:19.1072032Z   PYTHON_VERSION: 3.13
2 Unit Test	Checkout code	2026-10-07T13:45:19.1072614Z ##[endgroup]
2 Unit Test	Checkout code	2026-10-07T13:45:19.2023777Z Syncing repository: AmanYadav7015/devops-coursework
2 Unit Test	Checkout code	2026-10-07T13:45:19.2025831Z ##[group]Getting Git version info
2 Unit Test	Checkout code	2026-10-07T13:45:19.2026762Z Working directory is '/home/runner/work/devops-coursework/devops-coursework'
2 Unit Test	Checkout code	2026-10-07T13:45:19.2028001Z [command]/usr/bin/git version
2 Unit Test	Checkout code	2026-10-07T13:45:19.2079367Z git version 2.55.0
2 Unit Test	Checkout code	2026-10-07T13:45:19.2096962Z ##[endgroup]
2 Unit Test	Checkout code	2026-10-07T13:45:19.2110509Z Temporarily overriding HOME='/home/runner/work/_temp/341be9fc-a78f-4941-b815-2e29d0512f93' before making global git config changes
2 Unit Test	Checkout code	2026-10-07T13:45:19.2112483Z Adding repository directory to the temporary git global config as a safe directory
2 Unit Test	Checkout code	2026-10-07T13:45:19.2117173Z [command]/usr/bin/git config --global --add safe.directory /home/runner/work/devops-coursework/devops-coursework
2 Unit Test	Checkout code	2026-10-07T13:45:19.2159311Z Deleting the contents of '/home/runner/work/devops-coursework/devops-coursework'
2 Unit Test	Checkout code	2026-10-07T13:45:19.2162005Z ##[group]Initializing the repository
2 Unit Test	Checkout code	2026-10-07T13:45:19.2166127Z [command]/usr/bin/git init /home/runner/work/devops-coursework/devops-coursework
2 Unit Test	Checkout code	2026-10-07T13:45:19.2235773Z hint: Using 'master' as the name for the initial branch. This default branch name
2 Unit Test	Checkout code	2026-10-07T13:45:19.2237609Z hint: will change to "main" in Git 3.0. To configure the initial branch name
2 Unit Test	Checkout code	2026-10-07T13:45:19.2238942Z hint: to use in all of your new repositories, which will suppress this warning,
2 Unit Test	Checkout code	2026-10-07T13:45:19.2239945Z hint: call:
2 Unit Test	Checkout code	2026-10-07T13:45:19.2240698Z hint:
2 Unit Test	Checkout code	2026-10-07T13:45:19.2241536Z hint: 	git config --global init.defaultBranch <name>
2 Unit Test	Checkout code	2026-10-07T13:45:19.2242491Z hint:
2 Unit Test	Checkout code	2026-10-07T13:45:19.2243358Z hint: Names commonly chosen instead of 'master' are 'main', 'trunk' and
2 Unit Test	Checkout code	2026-10-07T13:45:19.2244749Z hint: 'development'. The just-created branch can be renamed via this command:
2 Unit Test	Checkout code	2026-10-07T13:45:19.2245882Z hint:
2 Unit Test	Checkout code	2026-10-07T13:45:19.2246488Z hint: 	git branch -m <name>
2 Unit Test	Checkout code	2026-10-07T13:45:19.2247175Z hint:
2 Unit Test	Checkout code	2026-10-07T13:45:19.2248179Z hint: Disable this message with "git config set advice.defaultBranchName false"
2 Unit Test	Checkout code	2026-10-07T13:45:19.2249751Z Initialized empty Git repository in /home/runner/work/devops-coursework/devops-coursework/.git/
2 Unit Test	Checkout code	2026-10-07T13:45:19.2255120Z [command]/usr/bin/git remote add origin https://github.com/AmanYadav7015/devops-coursework
2 Unit Test	Checkout code	2026-10-07T13:45:19.2285693Z ##[endgroup]
2 Unit Test	Checkout code	2026-10-07T13:45:19.2286923Z ##[group]Disabling automatic garbage collection
2 Unit Test	Checkout code	2026-10-07T13:45:19.2288217Z [command]/usr/bin/git config --local gc.auto 0
2 Unit Test	Checkout code	2026-10-07T13:45:19.2313903Z ##[endgroup]
2 Unit Test	Checkout code	2026-10-07T13:45:19.2314972Z ##[group]Setting up auth
2 Unit Test	Checkout code	2026-10-07T13:45:19.2319707Z [command]/usr/bin/git config --local --name-only --get-regexp core\.sshCommand
2 Unit Test	Checkout code	2026-10-07T13:45:19.2345879Z [command]/usr/bin/git submodule foreach --recursive sh -c "git config --local --name-only --get-regexp 'core\.sshCommand' && git config --local --unset-all 'core.sshCommand' || :"
2 Unit Test	Checkout code	2026-10-07T13:45:19.2704314Z [command]/usr/bin/git config --local --name-only --get-regexp http\.https\:\/\/github\.com\/\.extraheader
2 Unit Test	Checkout code	2026-10-07T13:45:19.2733899Z [command]/usr/bin/git submodule foreach --recursive sh -c "git config --local --name-only --get-regexp 'http\.https\:\/\/github\.com\/\.extraheader' && git config --local --unset-all 'http.https://github.com/.extraheader' || :"
2 Unit Test	Checkout code	2026-10-07T13:45:19.2948066Z [command]/usr/bin/git config --local --name-only --get-regexp ^includeIf\.gitdir:
2 Unit Test	Checkout code	2026-10-07T13:45:19.2972957Z [command]/usr/bin/git submodule foreach --recursive git config --local --show-origin --name-only --get-regexp remote.origin.url
2 Unit Test	Checkout code	2026-10-07T13:45:19.3155463Z [command]/usr/bin/git config --local http.https://github.com/.extraheader AUTHORIZATION: basic ***
2 Unit Test	Checkout code	2026-10-07T13:45:19.3187491Z ##[endgroup]
2 Unit Test	Checkout code	2026-10-07T13:45:19.3188647Z ##[group]Fetching the repository
2 Unit Test	Checkout code	2026-10-07T13:45:19.3197061Z [command]/usr/bin/git -c protocol.version=2 fetch --no-tags --prune --no-recurse-submodules --depth=1 origin +d649c6f2dedd69b2422b8135c9faa58c6cfa6e26:refs/remotes/origin/session-17-devsecops-ci
2 Unit Test	Checkout code	2026-10-07T13:45:20.4447664Z From https://github.com/AmanYadav7015/devops-coursework
2 Unit Test	Checkout code	2026-10-07T13:45:20.4451005Z  * [new ref]         d649c6f2dedd69b2422b8135c9faa58c6cfa6e26 -> origin/session-17-devsecops-ci
2 Unit Test	Checkout code	2026-10-07T13:45:20.4457168Z ##[endgroup]
2 Unit Test	Checkout code	2026-10-07T13:45:20.4459546Z ##[group]Determining the checkout info
2 Unit Test	Checkout code	2026-10-07T13:45:20.4462691Z ##[endgroup]
2 Unit Test	Checkout code	2026-10-07T13:45:20.4464265Z [command]/usr/bin/git sparse-checkout disable
2 Unit Test	Checkout code	2026-10-07T13:45:20.4507619Z [command]/usr/bin/git config --local --unset-all extensions.worktreeConfig
2 Unit Test	Checkout code	2026-10-07T13:45:20.4538887Z ##[group]Checking out the ref
2 Unit Test	Checkout code	2026-10-07T13:45:20.4542128Z [command]/usr/bin/git checkout --progress --force -B session-17-devsecops-ci refs/remotes/origin/session-17-devsecops-ci
2 Unit Test	Checkout code	2026-10-07T13:45:20.5925969Z Switched to a new branch 'session-17-devsecops-ci'
2 Unit Test	Checkout code	2026-10-07T13:45:20.5931258Z branch 'session-17-devsecops-ci' set up to track 'origin/session-17-devsecops-ci'.
2 Unit Test	Checkout code	2026-10-07T13:45:20.5937043Z ##[endgroup]
2 Unit Test	Checkout code	2026-10-07T13:45:20.5971401Z [command]/usr/bin/git log -1 --format=%H
2 Unit Test	Checkout code	2026-10-07T13:45:20.5993191Z d649c6f2dedd69b2422b8135c9faa58c6cfa6e26
2 Unit Test	Setup Python	﻿2026-10-07T13:45:20.6344038Z ##[group]Run actions/setup-python@v5
2 Unit Test	Setup Python	2026-10-07T13:45:20.6345314Z with:
2 Unit Test	Setup Python	2026-10-07T13:45:20.6346234Z   python-version: 3.13
2 Unit Test	Setup Python	2026-10-07T13:45:20.6347243Z   check-latest: false
2 Unit Test	Setup Python	2026-10-07T13:45:20.6356581Z   token: ***
2 Unit Test	Setup Python	2026-10-07T13:45:20.6357608Z   update-environment: true
2 Unit Test	Setup Python	2026-10-07T13:45:20.6358819Z   allow-prereleases: false
2 Unit Test	Setup Python	2026-10-07T13:45:20.6359976Z   freethreaded: false
2 Unit Test	Setup Python	2026-10-07T13:45:20.6361041Z env:
2 Unit Test	Setup Python	2026-10-07T13:45:20.6361985Z   APP_DIR: labs/17-devsecops
2 Unit Test	Setup Python	2026-10-07T13:45:20.6363206Z   IMAGE_NAME: claim-check-api
2 Unit Test	Setup Python	2026-10-07T13:45:20.6364417Z   TRIVY_VERSION: 0.75.0
2 Unit Test	Setup Python	2026-10-07T13:45:20.6365495Z   GITLEAKS_VERSION: 8.30.1
2 Unit Test	Setup Python	2026-10-07T13:45:20.6366600Z   PYTHON_VERSION: 3.13
2 Unit Test	Setup Python	2026-10-07T13:45:20.6367705Z ##[endgroup]
2 Unit Test	Setup Python	2026-10-07T13:45:20.7569971Z ##[group]Installed versions
2 Unit Test	Setup Python	2026-10-07T13:45:20.7661049Z (node:2087) [DEP0040] DeprecationWarning: The `punycode` module is deprecated. Please use a userland alternative instead.
2 Unit Test	Setup Python	2026-10-07T13:45:20.7662376Z (Use `node --trace-deprecation ...` to show where the warning was created)
2 Unit Test	Setup Python	2026-10-07T13:45:20.7663786Z Successfully set up CPython (3.13.16)
2 Unit Test	Setup Python	2026-10-07T13:45:20.7665105Z ##[endgroup]
2 Unit Test	Install test dependencies	﻿2026-10-07T13:45:20.7793721Z ##[group]Run python -m pip install --upgrade pip
2 Unit Test	Install test dependencies	2026-10-07T13:45:20.7794518Z [36;1mpython -m pip install --upgrade pip[0m
2 Unit Test	Install test dependencies	2026-10-07T13:45:20.7795130Z [36;1mpip install -r requirements-dev.txt[0m
2 Unit Test	Install test dependencies	2026-10-07T13:45:20.8053098Z shell: /usr/bin/bash --noprofile --norc -e -o pipefail {0}
2 Unit Test	Install test dependencies	2026-10-07T13:45:20.8053783Z env:
2 Unit Test	Install test dependencies	2026-10-07T13:45:20.8054272Z   APP_DIR: labs/17-devsecops
2 Unit Test	Install test dependencies	2026-10-07T13:45:20.8054751Z   IMAGE_NAME: claim-check-api
2 Unit Test	Install test dependencies	2026-10-07T13:45:20.8055196Z   TRIVY_VERSION: 0.75.0
2 Unit Test	Install test dependencies	2026-10-07T13:45:20.8055682Z   GITLEAKS_VERSION: 8.30.1
2 Unit Test	Install test dependencies	2026-10-07T13:45:20.8056163Z   PYTHON_VERSION: 3.13
2 Unit Test	Install test dependencies	2026-10-07T13:45:20.8056666Z   pythonLocation: /opt/hostedtoolcache/Python/3.13.16/x64
2 Unit Test	Install test dependencies	2026-10-07T13:45:20.8057324Z   PKG_CONFIG_PATH: /opt/hostedtoolcache/Python/3.13.16/x64/lib/pkgconfig
2 Unit Test	Install test dependencies	2026-10-07T13:45:20.8057984Z   Python_ROOT_DIR: /opt/hostedtoolcache/Python/3.13.16/x64
2 Unit Test	Install test dependencies	2026-10-07T13:45:20.8058600Z   Python2_ROOT_DIR: /opt/hostedtoolcache/Python/3.13.16/x64
2 Unit Test	Install test dependencies	2026-10-07T13:45:20.8059210Z   Python3_ROOT_DIR: /opt/hostedtoolcache/Python/3.13.16/x64
2 Unit Test	Install test dependencies	2026-10-07T13:45:20.8059919Z   LD_LIBRARY_PATH: /opt/hostedtoolcache/Python/3.13.16/x64/lib
2 Unit Test	Install test dependencies	2026-10-07T13:45:20.8060442Z ##[endgroup]
2 Unit Test	Install test dependencies	2026-10-07T13:45:23.5180066Z Requirement already satisfied: pip in /opt/hostedtoolcache/Python/3.13.16/x64/lib/python3.13/site-packages (26.2.1)
2 Unit Test	Install test dependencies	2026-10-07T13:45:24.6470239Z Collecting Flask==3.0.0 (from -r /home/runner/work/devops-coursework/devops-coursework/labs/17-devsecops/requirements.txt (line 1))
2 Unit Test	Install test dependencies	2026-10-07T13:45:24.7259850Z   Downloading flask-3.0.0-py3-none-any.whl.metadata (3.6 kB)
2 Unit Test	Install test dependencies	2026-10-07T13:45:24.7530586Z Collecting Werkzeug==3.0.1 (from -r /home/runner/work/devops-coursework/devops-coursework/labs/17-devsecops/requirements.txt (line 2))
2 Unit Test	Install test dependencies	2026-10-07T13:45:24.7633002Z   Downloading werkzeug-3.0.1-py3-none-any.whl.metadata (4.1 kB)
2 Unit Test	Install test dependencies	2026-10-07T13:45:24.7820633Z Collecting Jinja2==3.1.3 (from -r /home/runner/work/devops-coursework/devops-coursework/labs/17-devsecops/requirements.txt (line 3))
2 Unit Test	Install test dependencies	2026-10-07T13:45:24.7920784Z   Downloading Jinja2-3.1.3-py3-none-any.whl.metadata (3.3 kB)
2 Unit Test	Install test dependencies	2026-10-07T13:45:24.8320934Z Collecting PyYAML==6.0.2 (from -r /home/runner/work/devops-coursework/devops-coursework/labs/17-devsecops/requirements.txt (line 4))
2 Unit Test	Install test dependencies	2026-10-07T13:45:24.8432120Z   Downloading PyYAML-6.0.2-cp313-cp313-manylinux_2_17_x86_64.manylinux2014_x86_64.whl.metadata (2.1 kB)
2 Unit Test	Install test dependencies	2026-10-07T13:45:24.8746676Z Collecting requests==2.31.0 (from -r /home/runner/work/devops-coursework/devops-coursework/labs/17-devsecops/requirements.txt (line 5))
2 Unit Test	Install test dependencies	2026-10-07T13:45:24.8848252Z   Downloading requests-2.31.0-py3-none-any.whl.metadata (4.6 kB)
2 Unit Test	Install test dependencies	2026-10-07T13:45:24.9168821Z Collecting urllib3==2.0.7 (from -r /home/runner/work/devops-coursework/devops-coursework/labs/17-devsecops/requirements.txt (line 6))
2 Unit Test	Install test dependencies	2026-10-07T13:45:24.9270242Z   Downloading urllib3-2.0.7-py3-none-any.whl.metadata (6.6 kB)
2 Unit Test	Install test dependencies	2026-10-07T13:45:24.9484731Z Collecting certifi==2023.5.7 (from -r /home/runner/work/devops-coursework/devops-coursework/labs/17-devsecops/requirements.txt (line 7))
2 Unit Test	Install test dependencies	2026-10-07T13:45:24.9589780Z   Downloading certifi-2023.5.7-py3-none-any.whl.metadata (2.2 kB)
2 Unit Test	Install test dependencies	2026-10-07T13:45:24.9789874Z Collecting gunicorn==20.0.4 (from -r /home/runner/work/devops-coursework/devops-coursework/labs/17-devsecops/requirements.txt (line 8))
2 Unit Test	Install test dependencies	2026-10-07T13:45:24.9890762Z   Downloading gunicorn-20.0.4-py2.py3-none-any.whl.metadata (3.5 kB)
2 Unit Test	Install test dependencies	2026-10-07T13:45:25.0169863Z Collecting pytest==9.1.1 (from -r requirements-dev.txt (line 2))
2 Unit Test	Install test dependencies	2026-10-07T13:45:25.0275516Z   Downloading pytest-9.1.1-py3-none-any.whl.metadata (7.6 kB)
2 Unit Test	Install test dependencies	2026-10-07T13:45:25.0466866Z Collecting pytest-cov==7.1.0 (from -r requirements-dev.txt (line 3))
2 Unit Test	Install test dependencies	2026-10-07T13:45:25.0569351Z   Downloading pytest_cov-7.1.0-py3-none-any.whl.metadata (32 kB)
2 Unit Test	Install test dependencies	2026-10-07T13:45:25.0853237Z Collecting flake8==7.4.1 (from -r requirements-dev.txt (line 4))
2 Unit Test	Install test dependencies	2026-10-07T13:45:25.0951886Z   Downloading flake8-7.4.1-py2.py3-none-any.whl.metadata (3.8 kB)
2 Unit Test	Install test dependencies	2026-10-07T13:45:25.1134674Z Collecting bandit==1.9.4 (from -r requirements-dev.txt (line 5))
2 Unit Test	Install test dependencies	2026-10-07T13:45:25.1238494Z   Downloading bandit-1.9.4-py3-none-any.whl.metadata (7.1 kB)
2 Unit Test	Install test dependencies	2026-10-07T13:45:25.1524540Z Collecting pip-audit==2.10.1 (from -r requirements-dev.txt (line 6))
2 Unit Test	Install test dependencies	2026-10-07T13:45:25.1624899Z   Downloading pip_audit-2.10.1-py3-none-any.whl.metadata (28 kB)
2 Unit Test	Install test dependencies	2026-10-07T13:45:25.1835303Z Collecting itsdangerous>=2.1.2 (from Flask==3.0.0->-r /home/runner/work/devops-coursework/devops-coursework/labs/17-devsecops/requirements.txt (line 1))
2 Unit Test	Install test dependencies	2026-10-07T13:45:25.1935406Z   Downloading itsdangerous-2.2.0-py3-none-any.whl.metadata (1.9 kB)
2 Unit Test	Install test dependencies	2026-10-07T13:45:25.2129929Z Collecting click>=8.1.3 (from Flask==3.0.0->-r /home/runner/work/devops-coursework/devops-coursework/labs/17-devsecops/requirements.txt (line 1))
2 Unit Test	Install test dependencies	2026-10-07T13:45:25.2228175Z   Downloading click-8.5.0-py3-none-any.whl.metadata (2.6 kB)
2 Unit Test	Install test dependencies	2026-10-07T13:45:25.2385168Z Collecting blinker>=1.6.2 (from Flask==3.0.0->-r /home/runner/work/devops-coursework/devops-coursework/labs/17-devsecops/requirements.txt (line 1))
2 Unit Test	Install test dependencies	2026-10-07T13:45:25.2481947Z   Downloading blinker-1.9.0-py3-none-any.whl.metadata (1.6 kB)
2 Unit Test	Install test dependencies	2026-10-07T13:45:25.2980120Z Collecting MarkupSafe>=2.1.1 (from Werkzeug==3.0.1->-r /home/runner/work/devops-coursework/devops-coursework/labs/17-devsecops/requirements.txt (line 2))
2 Unit Test	Install test dependencies	2026-10-07T13:45:25.3078388Z   Downloading markupsafe-3.0.4-cp313-cp313-manylinux2014_x86_64.manylinux_2_17_x86_64.manylinux_2_28_x86_64.whl.metadata (2.7 kB)
2 Unit Test	Install test dependencies	2026-10-07T13:45:25.4325693Z Collecting charset-normalizer<4,>=2 (from requests==2.31.0->-r /home/runner/work/devops-coursework/devops-coursework/labs/17-devsecops/requirements.txt (line 5))
2 Unit Test	Install test dependencies	2026-10-07T13:45:25.4427373Z   Downloading charset_normalizer-3.5.2-cp313-cp313-manylinux2014_x86_64.manylinux_2_17_x86_64.manylinux_2_28_x86_64.whl.metadata (46 kB)
2 Unit Test	Install test dependencies	2026-10-07T13:45:25.4645460Z Collecting idna<4,>=2.5 (from requests==2.31.0->-r /home/runner/work/devops-coursework/devops-coursework/labs/17-devsecops/requirements.txt (line 5))
2 Unit Test	Install test dependencies	2026-10-07T13:45:25.4743699Z   Downloading idna-3.20-py3-none-any.whl.metadata (7.2 kB)
2 Unit Test	Install test dependencies	2026-10-07T13:45:25.5488781Z Collecting setuptools>=3.0 (from gunicorn==20.0.4->-r /home/runner/work/devops-coursework/devops-coursework/labs/17-devsecops/requirements.txt (line 8))
2 Unit Test	Install test dependencies	2026-10-07T13:45:25.5588360Z   Downloading setuptools-84.0.0-py3-none-any.whl.metadata (6.6 kB)
2 Unit Test	Install test dependencies	2026-10-07T13:45:25.5967520Z Collecting iniconfig>=1.0.1 (from pytest==9.1.1->-r requirements-dev.txt (line 2))
2 Unit Test	Install test dependencies	2026-10-07T13:45:25.6069394Z   Downloading iniconfig-2.3.1-py3-none-any.whl.metadata (2.8 kB)
2 Unit Test	Install test dependencies	2026-10-07T13:45:25.6258360Z Collecting packaging>=22 (from pytest==9.1.1->-r requirements-dev.txt (line 2))
2 Unit Test	Install test dependencies	2026-10-07T13:45:25.6356700Z   Downloading packaging-26.3-py3-none-any.whl.metadata (3.5 kB)
2 Unit Test	Install test dependencies	2026-10-07T13:45:25.6538551Z Collecting pluggy<2,>=1.5 (from pytest==9.1.1->-r requirements-dev.txt (line 2))
2 Unit Test	Install test dependencies	2026-10-07T13:45:25.6636863Z   Downloading pluggy-1.6.0-py3-none-any.whl.metadata (4.8 kB)
2 Unit Test	Install test dependencies	2026-10-07T13:45:25.6836479Z Collecting pygments>=2.7.2 (from pytest==9.1.1->-r requirements-dev.txt (line 2))
2 Unit Test	Install test dependencies	2026-10-07T13:45:25.6936421Z   Downloading pygments-2.21.0-py3-none-any.whl.metadata (2.5 kB)
2 Unit Test	Install test dependencies	2026-10-07T13:45:25.9923321Z Collecting coverage>=7.10.6 (from coverage[toml]>=7.10.6->pytest-cov==7.1.0->-r requirements-dev.txt (line 3))
2 Unit Test	Install test dependencies	2026-10-07T13:45:26.0034253Z   Downloading coverage-7.16.2-cp313-cp313-manylinux1_x86_64.manylinux_2_28_x86_64.manylinux_2_5_x86_64.whl.metadata (8.2 kB)
2 Unit Test	Install test dependencies	2026-10-07T13:45:26.0320771Z Collecting mccabe<0.8.0,>=0.7.0 (from flake8==7.4.1->-r requirements-dev.txt (line 4))
2 Unit Test	Install test dependencies	2026-10-07T13:45:26.0430383Z   Downloading mccabe-0.7.0-py2.py3-none-any.whl.metadata (5.0 kB)
2 Unit Test	Install test dependencies	2026-10-07T13:45:26.0597876Z Collecting pycodestyle<2.16.0,>=2.15.0 (from flake8==7.4.1->-r requirements-dev.txt (line 4))
2 Unit Test	Install test dependencies	2026-10-07T13:45:26.0698050Z   Downloading pycodestyle-2.15.0-py2.py3-none-any.whl.metadata (4.5 kB)
2 Unit Test	Install test dependencies	2026-10-07T13:45:26.0882532Z Collecting pyflakes<4.1.0,>=4.0.0 (from flake8==7.4.1->-r requirements-dev.txt (line 4))
2 Unit Test	Install test dependencies	2026-10-07T13:45:26.0996082Z   Downloading pyflakes-4.0.2-py2.py3-none-any.whl.metadata (3.7 kB)
2 Unit Test	Install test dependencies	2026-10-07T13:45:26.1225136Z Collecting stevedore>=1.20.0 (from bandit==1.9.4->-r requirements-dev.txt (line 5))
2 Unit Test	Install test dependencies	2026-10-07T13:45:26.1325478Z   Downloading stevedore-5.9.1-py3-none-any.whl.metadata (2.3 kB)
2 Unit Test	Install test dependencies	2026-10-07T13:45:26.1644890Z Collecting rich (from bandit==1.9.4->-r requirements-dev.txt (line 5))
2 Unit Test	Install test dependencies	2026-10-07T13:45:26.1764336Z   Downloading rich-15.0.0-py3-none-any.whl.metadata (18 kB)
2 Unit Test	Install test dependencies	2026-10-07T13:45:26.1946566Z Collecting CacheControl>=0.13.0 (from CacheControl[filecache]>=0.13.0->pip-audit==2.10.1->-r requirements-dev.txt (line 6))
2 Unit Test	Install test dependencies	2026-10-07T13:45:26.2050519Z   Downloading cachecontrol-0.14.4-py3-none-any.whl.metadata (3.1 kB)
2 Unit Test	Install test dependencies	2026-10-07T13:45:26.2319685Z Collecting cyclonedx-python-lib<12,>=5 (from pip-audit==2.10.1->-r requirements-dev.txt (line 6))
2 Unit Test	Install test dependencies	2026-10-07T13:45:26.2421049Z   Downloading cyclonedx_python_lib-11.12.0-py3-none-any.whl.metadata (6.9 kB)
2 Unit Test	Install test dependencies	2026-10-07T13:45:26.2717379Z Collecting pip-api>=0.0.28 (from pip-audit==2.10.1->-r requirements-dev.txt (line 6))
2 Unit Test	Install test dependencies	2026-10-07T13:45:26.2818903Z   Downloading pip_api-0.0.35-py3-none-any.whl.metadata (17 kB)
2 Unit Test	Install test dependencies	2026-10-07T13:45:26.2985198Z Collecting pip-requirements-parser>=32.0.0 (from pip-audit==2.10.1->-r requirements-dev.txt (line 6))
2 Unit Test	Install test dependencies	2026-10-07T13:45:26.3088447Z   Downloading pip_requirements_parser-32.0.1-py3-none-any.whl.metadata (9.3 kB)
2 Unit Test	Install test dependencies	2026-10-07T13:45:26.3368402Z Collecting tomli>=2.2.1 (from pip-audit==2.10.1->-r requirements-dev.txt (line 6))
2 Unit Test	Install test dependencies	2026-10-07T13:45:26.3469753Z   Downloading tomli-2.5.0-cp313-cp313-manylinux2014_x86_64.manylinux_2_17_x86_64.manylinux_2_28_x86_64.whl.metadata (10 kB)
2 Unit Test	Install test dependencies	2026-10-07T13:45:26.3633077Z Collecting tomli-w>=1.2.0 (from pip-audit==2.10.1->-r requirements-dev.txt (line 6))
2 Unit Test	Install test dependencies	2026-10-07T13:45:26.3733389Z   Downloading tomli_w-1.2.0-py3-none-any.whl.metadata (5.7 kB)
2 Unit Test	Install test dependencies	2026-10-07T13:45:26.3941268Z Collecting platformdirs>=4.2.0 (from pip-audit==2.10.1->-r requirements-dev.txt (line 6))
2 Unit Test	Install test dependencies	2026-10-07T13:45:26.4041044Z   Downloading platformdirs-4.12.3-py3-none-any.whl.metadata (5.5 kB)
2 Unit Test	Install test dependencies	2026-10-07T13:45:26.4246158Z Collecting license-expression<31,>=30 (from cyclonedx-python-lib<12,>=5->pip-audit==2.10.1->-r requirements-dev.txt (line 6))
2 Unit Test	Install test dependencies	2026-10-07T13:45:26.4348648Z   Downloading license_expression-30.4.4-py3-none-any.whl.metadata (11 kB)
2 Unit Test	Install test dependencies	2026-10-07T13:45:26.4555171Z Collecting packageurl-python<2,>=0.11 (from cyclonedx-python-lib<12,>=5->pip-audit==2.10.1->-r requirements-dev.txt (line 6))
2 Unit Test	Install test dependencies	2026-10-07T13:45:26.4656882Z   Downloading packageurl_python-0.17.6-py3-none-any.whl.metadata (5.1 kB)
2 Unit Test	Install test dependencies	2026-10-07T13:45:26.5008231Z Collecting py-serializable<3.0.0,>=2.1.0 (from cyclonedx-python-lib<12,>=5->pip-audit==2.10.1->-r requirements-dev.txt (line 6))
2 Unit Test	Install test dependencies	2026-10-07T13:45:26.5110391Z   Downloading py_serializable-2.1.0-py3-none-any.whl.metadata (4.3 kB)
2 Unit Test	Install test dependencies	2026-10-07T13:45:26.5306775Z Collecting sortedcontainers<3.0.0,>=2.4.0 (from cyclonedx-python-lib<12,>=5->pip-audit==2.10.1->-r requirements-dev.txt (line 6))
2 Unit Test	Install test dependencies	2026-10-07T13:45:26.5406434Z   Downloading sortedcontainers-2.4.0-py2.py3-none-any.whl.metadata (10 kB)
2 Unit Test	Install test dependencies	2026-10-07T13:45:26.6727204Z Collecting boolean.py>=4.0 (from license-expression<31,>=30->cyclonedx-python-lib<12,>=5->pip-audit==2.10.1->-r requirements-dev.txt (line 6))
2 Unit Test	Install test dependencies	2026-10-07T13:45:26.6828121Z   Downloading boolean_py-5.0-py3-none-any.whl.metadata (2.3 kB)
2 Unit Test	Install test dependencies	2026-10-07T13:45:26.7171101Z Collecting defusedxml<0.8.0,>=0.7.1 (from py-serializable<3.0.0,>=2.1.0->cyclonedx-python-lib<12,>=5->pip-audit==2.10.1->-r requirements-dev.txt (line 6))
2 Unit Test	Install test dependencies	2026-10-07T13:45:26.7270810Z   Downloading defusedxml-0.7.1-py2.py3-none-any.whl.metadata (32 kB)
2 Unit Test	Install test dependencies	2026-10-07T13:45:26.7946095Z Collecting msgpack<2.0.0,>=0.5.2 (from CacheControl>=0.13.0->CacheControl[filecache]>=0.13.0->pip-audit==2.10.1->-r requirements-dev.txt (line 6))
2 Unit Test	Install test dependencies	2026-10-07T13:45:26.8044586Z   Downloading msgpack-1.2.3-cp313-cp313-manylinux2014_x86_64.manylinux_2_17_x86_64.manylinux_2_28_x86_64.whl.metadata (8.3 kB)
2 Unit Test	Install test dependencies	2026-10-07T13:45:26.8295483Z Collecting filelock>=3.8.0 (from CacheControl[filecache]>=0.13.0->pip-audit==2.10.1->-r requirements-dev.txt (line 6))
2 Unit Test	Install test dependencies	2026-10-07T13:45:26.8399648Z   Downloading filelock-4.0.12-py3-none-any.whl.metadata (2.0 kB)
2 Unit Test	Install test dependencies	2026-10-07T13:45:26.8460383Z Requirement already satisfied: pip in /opt/hostedtoolcache/Python/3.13.16/x64/lib/python3.13/site-packages (from pip-api>=0.0.28->pip-audit==2.10.1->-r requirements-dev.txt (line 6)) (26.2.1)
2 Unit Test	Install test dependencies	2026-10-07T13:45:26.8739017Z Collecting pyparsing (from pip-requirements-parser>=32.0.0->pip-audit==2.10.1->-r requirements-dev.txt (line 6))
2 Unit Test	Install test dependencies	2026-10-07T13:45:26.8838190Z   Downloading pyparsing-3.3.3-py3-none-any.whl.metadata (5.9 kB)
2 Unit Test	Install test dependencies	2026-10-07T13:45:26.9034222Z Collecting markdown-it-py>=2.2.0 (from rich->bandit==1.9.4->-r requirements-dev.txt (line 5))
2 Unit Test	Install test dependencies	2026-10-07T13:45:26.9133903Z   Downloading markdown_it_py-4.2.0-py3-none-any.whl.metadata (7.4 kB)
2 Unit Test	Install test dependencies	2026-10-07T13:45:26.9446262Z Collecting mdurl~=0.1 (from markdown-it-py>=2.2.0->rich->bandit==1.9.4->-r requirements-dev.txt (line 5))
2 Unit Test	Install test dependencies	2026-10-07T13:45:26.9546179Z   Downloading mdurl-0.1.2-py3-none-any.whl.metadata (1.6 kB)
2 Unit Test	Install test dependencies	2026-10-07T13:45:26.9709313Z Downloading flask-3.0.0-py3-none-any.whl (99 kB)
2 Unit Test	Install test dependencies	2026-10-07T13:45:26.9924132Z Downloading werkzeug-3.0.1-py3-none-any.whl (226 kB)
2 Unit Test	Install test dependencies	2026-10-07T13:45:27.0147417Z Downloading Jinja2-3.1.3-py3-none-any.whl (133 kB)
2 Unit Test	Install test dependencies	2026-10-07T13:45:27.0279707Z Downloading PyYAML-6.0.2-cp313-cp313-manylinux_2_17_x86_64.manylinux2014_x86_64.whl (759 kB)
2 Unit Test	Install test dependencies	2026-10-07T13:45:27.0537564Z    ━━━━━━━━━━━━━━━━━━━━━━━━━━━━━━━━━━━━━━━━ 759.5/759.5 kB 33.8 MB/s  0:00:00
2 Unit Test	Install test dependencies	2026-10-07T13:45:27.0640392Z Downloading requests-2.31.0-py3-none-any.whl (62 kB)
2 Unit Test	Install test dependencies	2026-10-07T13:45:27.0763199Z Downloading urllib3-2.0.7-py3-none-any.whl (124 kB)
2 Unit Test	Install test dependencies	2026-10-07T13:45:27.0886522Z Downloading certifi-2023.5.7-py3-none-any.whl (156 kB)
2 Unit Test	Install test dependencies	2026-10-07T13:45:27.1010847Z Downloading gunicorn-20.0.4-py2.py3-none-any.whl (77 kB)
2 Unit Test	Install test dependencies	2026-10-07T13:45:27.1131566Z Downloading pytest-9.1.1-py3-none-any.whl (386 kB)
2 Unit Test	Install test dependencies	2026-10-07T13:45:27.1279794Z Downloading pytest_cov-7.1.0-py3-none-any.whl (22 kB)
2 Unit Test	Install test dependencies	2026-10-07T13:45:27.1594583Z Downloading flake8-7.4.1-py2.py3-none-any.whl (57 kB)
2 Unit Test	Install test dependencies	2026-10-07T13:45:27.1710120Z Downloading bandit-1.9.4-py3-none-any.whl (134 kB)
2 Unit Test	Install test dependencies	2026-10-07T13:45:27.1838952Z Downloading pip_audit-2.10.1-py3-none-any.whl (62 kB)
2 Unit Test	Install test dependencies	2026-10-07T13:45:27.6703860Z Downloading charset_normalizer-3.5.2-cp313-cp313-manylinux2014_x86_64.manylinux_2_17_x86_64.manylinux_2_28_x86_64.whl (254 kB)
2 Unit Test	Install test dependencies	2026-10-07T13:45:27.6944770Z Downloading cyclonedx_python_lib-11.12.0-py3-none-any.whl (529 kB)
2 Unit Test	Install test dependencies	2026-10-07T13:45:27.7023224Z    ━━━━━━━━━━━━━━━━━━━━━━━━━━━━━━━━━━━━━━━━ 529.5/529.5 kB 47.6 MB/s  0:00:00
2 Unit Test	Install test dependencies	2026-10-07T13:45:27.7125752Z Downloading idna-3.20-py3-none-any.whl (69 kB)
2 Unit Test	Install test dependencies	2026-10-07T13:45:27.7247419Z Downloading license_expression-30.4.4-py3-none-any.whl (120 kB)
2 Unit Test	Install test dependencies	2026-10-07T13:45:27.7368049Z Downloading mccabe-0.7.0-py2.py3-none-any.whl (7.3 kB)
2 Unit Test	Install test dependencies	2026-10-07T13:45:27.7481501Z Downloading packageurl_python-0.17.6-py3-none-any.whl (36 kB)
2 Unit Test	Install test dependencies	2026-10-07T13:45:27.7597038Z Downloading pluggy-1.6.0-py3-none-any.whl (20 kB)
2 Unit Test	Install test dependencies	2026-10-07T13:45:27.7715444Z Downloading py_serializable-2.1.0-py3-none-any.whl (23 kB)
2 Unit Test	Install test dependencies	2026-10-07T13:45:27.7831070Z Downloading defusedxml-0.7.1-py2.py3-none-any.whl (25 kB)
2 Unit Test	Install test dependencies	2026-10-07T13:45:27.7948845Z Downloading pycodestyle-2.15.0-py2.py3-none-any.whl (31 kB)
2 Unit Test	Install test dependencies	2026-10-07T13:45:27.8065060Z Downloading pyflakes-4.0.2-py2.py3-none-any.whl (66 kB)
2 Unit Test	Install test dependencies	2026-10-07T13:45:27.8182871Z Downloading sortedcontainers-2.4.0-py2.py3-none-any.whl (29 kB)
2 Unit Test	Install test dependencies	2026-10-07T13:45:27.8300820Z Downloading blinker-1.9.0-py3-none-any.whl (8.5 kB)
2 Unit Test	Install test dependencies	2026-10-07T13:45:27.8417757Z Downloading boolean_py-5.0-py3-none-any.whl (26 kB)
2 Unit Test	Install test dependencies	2026-10-07T13:45:27.8534556Z Downloading cachecontrol-0.14.4-py3-none-any.whl (22 kB)
2 Unit Test	Install test dependencies	2026-10-07T13:45:27.8653126Z Downloading msgpack-1.2.3-cp313-cp313-manylinux2014_x86_64.manylinux_2_17_x86_64.manylinux_2_28_x86_64.whl (466 kB)
2 Unit Test	Install test dependencies	2026-10-07T13:45:27.8801153Z Downloading click-8.5.0-py3-none-any.whl (125 kB)
2 Unit Test	Install test dependencies	2026-10-07T13:45:27.8927107Z Downloading coverage-7.16.2-cp313-cp313-manylinux1_x86_64.manylinux_2_28_x86_64.manylinux_2_5_x86_64.whl (257 kB)
2 Unit Test	Install test dependencies	2026-10-07T13:45:27.9205689Z Downloading filelock-4.0.12-py3-none-any.whl (111 kB)
2 Unit Test	Install test dependencies	2026-10-07T13:45:27.9331728Z Downloading iniconfig-2.3.1-py3-none-any.whl (7.6 kB)
2 Unit Test	Install test dependencies	2026-10-07T13:45:27.9446556Z Downloading itsdangerous-2.2.0-py3-none-any.whl (16 kB)
2 Unit Test	Install test dependencies	2026-10-07T13:45:27.9566333Z Downloading markupsafe-3.0.4-cp313-cp313-manylinux2014_x86_64.manylinux_2_17_x86_64.manylinux_2_28_x86_64.whl (23 kB)
2 Unit Test	Install test dependencies	2026-10-07T13:45:27.9680791Z Downloading packaging-26.3-py3-none-any.whl (129 kB)
2 Unit Test	Install test dependencies	2026-10-07T13:45:27.9799797Z Downloading pip_api-0.0.35-py3-none-any.whl (123 kB)
2 Unit Test	Install test dependencies	2026-10-07T13:45:27.9919374Z Downloading pip_requirements_parser-32.0.1-py3-none-any.whl (35 kB)
2 Unit Test	Install test dependencies	2026-10-07T13:45:28.0034722Z Downloading platformdirs-4.12.3-py3-none-any.whl (32 kB)
2 Unit Test	Install test dependencies	2026-10-07T13:45:28.0150929Z Downloading pygments-2.21.0-py3-none-any.whl (1.3 MB)
2 Unit Test	Install test dependencies	2026-10-07T13:45:28.0391088Z    ━━━━━━━━━━━━━━━━━━━━━━━━━━━━━━━━━━━━━━━━ 1.3/1.3 MB 44.8 MB/s  0:00:00
2 Unit Test	Install test dependencies	2026-10-07T13:45:28.0501717Z Downloading rich-15.0.0-py3-none-any.whl (310 kB)
2 Unit Test	Install test dependencies	2026-10-07T13:45:28.0644899Z Downloading markdown_it_py-4.2.0-py3-none-any.whl (91 kB)
2 Unit Test	Install test dependencies	2026-10-07T13:45:28.0767090Z Downloading mdurl-0.1.2-py3-none-any.whl (10.0 kB)
2 Unit Test	Install test dependencies	2026-10-07T13:45:28.0882657Z Downloading setuptools-84.0.0-py3-none-any.whl (818 kB)
2 Unit Test	Install test dependencies	2026-10-07T13:45:28.0972033Z    ━━━━━━━━━━━━━━━━━━━━━━━━━━━━━━━━━━━━━━━━ 818.2/818.2 kB 79.3 MB/s  0:00:00
2 Unit Test	Install test dependencies	2026-10-07T13:45:28.1075258Z Downloading stevedore-5.9.1-py3-none-any.whl (54 kB)
2 Unit Test	Install test dependencies	2026-10-07T13:45:28.1207722Z Downloading tomli-2.5.0-cp313-cp313-manylinux2014_x86_64.manylinux_2_17_x86_64.manylinux_2_28_x86_64.whl (283 kB)
2 Unit Test	Install test dependencies	2026-10-07T13:45:28.1420123Z Downloading tomli_w-1.2.0-py3-none-any.whl (6.7 kB)
2 Unit Test	Install test dependencies	2026-10-07T13:45:28.1550609Z Downloading pyparsing-3.3.3-py3-none-any.whl (126 kB)
2 Unit Test	Install test dependencies	2026-10-07T13:45:28.3175923Z Installing collected packages: sortedcontainers, boolean.py, urllib3, tomli-w, tomli, stevedore, setuptools, PyYAML, pyparsing, pygments, pyflakes, pycodestyle, pluggy, platformdirs, pip-api, packaging, packageurl-python, msgpack, mdurl, mccabe, MarkupSafe, license-expression, itsdangerous, iniconfig, idna, filelock, defusedxml, coverage, click, charset-normalizer, certifi, blinker, Werkzeug, requests, pytest, py-serializable, pip-requirements-parser, markdown-it-py, Jinja2, gunicorn, flake8, rich, pytest-cov, Flask, cyclonedx-python-lib, CacheControl, bandit, pip-audit
2 Unit Test	Install test dependencies	2026-10-07T13:45:31.1478464Z 
2 Unit Test	Install test dependencies	2026-10-07T13:45:31.1517814Z Successfully installed CacheControl-0.14.4 Flask-3.0.0 Jinja2-3.1.3 MarkupSafe-3.0.4 PyYAML-6.0.2 Werkzeug-3.0.1 bandit-1.9.4 blinker-1.9.0 boolean.py-5.0 certifi-2023.5.7 charset-normalizer-3.5.2 click-8.5.0 coverage-7.16.2 cyclonedx-python-lib-11.12.0 defusedxml-0.7.1 filelock-4.0.12 flake8-7.4.1 gunicorn-20.0.4 idna-3.20 iniconfig-2.3.1 itsdangerous-2.2.0 license-expression-30.4.4 markdown-it-py-4.2.0 mccabe-0.7.0 mdurl-0.1.2 msgpack-1.2.3 packageurl-python-0.17.6 packaging-26.3 pip-api-0.0.35 pip-audit-2.10.1 pip-requirements-parser-32.0.1 platformdirs-4.12.3 pluggy-1.6.0 py-serializable-2.1.0 pycodestyle-2.15.0 pyflakes-4.0.2 pygments-2.21.0 pyparsing-3.3.3 pytest-9.1.1 pytest-cov-7.1.0 requests-2.31.0 rich-15.0.0 setuptools-84.0.0 sortedcontainers-2.4.0 stevedore-5.9.1 tomli-2.5.0 tomli-w-1.2.0 urllib3-2.0.7
2 Unit Test	Lint	﻿2026-10-07T13:45:31.2558366Z ##[group]Run flake8 app tests
2 Unit Test	Lint	2026-10-07T13:45:31.2558757Z [36;1mflake8 app tests[0m
2 Unit Test	Lint	2026-10-07T13:45:31.2596947Z shell: /usr/bin/bash --noprofile --norc -e -o pipefail {0}
2 Unit Test	Lint	2026-10-07T13:45:31.2597415Z env:
2 Unit Test	Lint	2026-10-07T13:45:31.2597719Z   APP_DIR: labs/17-devsecops
2 Unit Test	Lint	2026-10-07T13:45:31.2598077Z   IMAGE_NAME: claim-check-api
2 Unit Test	Lint	2026-10-07T13:45:31.2598419Z   TRIVY_VERSION: 0.75.0
2 Unit Test	Lint	2026-10-07T13:45:31.2598777Z   GITLEAKS_VERSION: 8.30.1
2 Unit Test	Lint	2026-10-07T13:45:31.2599086Z   PYTHON_VERSION: 3.13
2 Unit Test	Lint	2026-10-07T13:45:31.2599477Z   pythonLocation: /opt/hostedtoolcache/Python/3.13.16/x64
2 Unit Test	Lint	2026-10-07T13:45:31.2599977Z   PKG_CONFIG_PATH: /opt/hostedtoolcache/Python/3.13.16/x64/lib/pkgconfig
2 Unit Test	Lint	2026-10-07T13:45:31.2600494Z   Python_ROOT_DIR: /opt/hostedtoolcache/Python/3.13.16/x64
2 Unit Test	Lint	2026-10-07T13:45:31.2600923Z   Python2_ROOT_DIR: /opt/hostedtoolcache/Python/3.13.16/x64
2 Unit Test	Lint	2026-10-07T13:45:31.2601335Z   Python3_ROOT_DIR: /opt/hostedtoolcache/Python/3.13.16/x64
2 Unit Test	Lint	2026-10-07T13:45:31.2601796Z   LD_LIBRARY_PATH: /opt/hostedtoolcache/Python/3.13.16/x64/lib
2 Unit Test	Lint	2026-10-07T13:45:31.2602458Z ##[endgroup]
2 Unit Test	Run the unit test suite	﻿2026-10-07T13:45:32.2499016Z ##[group]Run mkdir -p reports
2 Unit Test	Run the unit test suite	2026-10-07T13:45:32.2499504Z [36;1mmkdir -p reports[0m
2 Unit Test	Run the unit test suite	2026-10-07T13:45:32.2499999Z [36;1mpytest --cov=app --cov-report=term-missing --cov-report=xml:reports/coverage.xml \[0m
2 Unit Test	Run the unit test suite	2026-10-07T13:45:32.2500571Z [36;1m       --junitxml=reports/junit.xml[0m
2 Unit Test	Run the unit test suite	2026-10-07T13:45:32.2538006Z shell: /usr/bin/bash --noprofile --norc -e -o pipefail {0}
2 Unit Test	Run the unit test suite	2026-10-07T13:45:32.2538494Z env:
2 Unit Test	Run the unit test suite	2026-10-07T13:45:32.2538816Z   APP_DIR: labs/17-devsecops
2 Unit Test	Run the unit test suite	2026-10-07T13:45:32.2539159Z   IMAGE_NAME: claim-check-api
2 Unit Test	Run the unit test suite	2026-10-07T13:45:32.2539491Z   TRIVY_VERSION: 0.75.0
2 Unit Test	Run the unit test suite	2026-10-07T13:45:32.2539793Z   GITLEAKS_VERSION: 8.30.1
2 Unit Test	Run the unit test suite	2026-10-07T13:45:32.2540116Z   PYTHON_VERSION: 3.13
2 Unit Test	Run the unit test suite	2026-10-07T13:45:32.2540531Z   pythonLocation: /opt/hostedtoolcache/Python/3.13.16/x64
2 Unit Test	Run the unit test suite	2026-10-07T13:45:32.2541009Z   PKG_CONFIG_PATH: /opt/hostedtoolcache/Python/3.13.16/x64/lib/pkgconfig
2 Unit Test	Run the unit test suite	2026-10-07T13:45:32.2541487Z   Python_ROOT_DIR: /opt/hostedtoolcache/Python/3.13.16/x64
2 Unit Test	Run the unit test suite	2026-10-07T13:45:32.2541922Z   Python2_ROOT_DIR: /opt/hostedtoolcache/Python/3.13.16/x64
2 Unit Test	Run the unit test suite	2026-10-07T13:45:32.2542634Z   Python3_ROOT_DIR: /opt/hostedtoolcache/Python/3.13.16/x64
2 Unit Test	Run the unit test suite	2026-10-07T13:45:32.2543082Z   LD_LIBRARY_PATH: /opt/hostedtoolcache/Python/3.13.16/x64/lib
2 Unit Test	Run the unit test suite	2026-10-07T13:45:32.2543480Z ##[endgroup]
2 Unit Test	Run the unit test suite	2026-10-07T13:45:32.9391204Z ============================= test session starts ==============================
2 Unit Test	Run the unit test suite	2026-10-07T13:45:32.9392720Z platform linux -- Python 3.13.16, pytest-9.1.1, pluggy-1.6.0 -- /opt/hostedtoolcache/Python/3.13.16/x64/bin/python
2 Unit Test	Run the unit test suite	2026-10-07T13:45:32.9393578Z cachedir: .pytest_cache
2 Unit Test	Run the unit test suite	2026-10-07T13:45:32.9394272Z rootdir: /home/runner/work/devops-coursework/devops-coursework/labs/17-devsecops
2 Unit Test	Run the unit test suite	2026-10-07T13:45:32.9395054Z configfile: setup.cfg
2 Unit Test	Run the unit test suite	2026-10-07T13:45:32.9395534Z testpaths: tests
2 Unit Test	Run the unit test suite	2026-10-07T13:45:32.9395987Z plugins: platformdirs-4.12.3, cov-7.1.0
2 Unit Test	Run the unit test suite	2026-10-07T13:45:33.5918886Z collecting ... collected 26 items
2 Unit Test	Run the unit test suite	2026-10-07T13:45:33.5919273Z 
2 Unit Test	Run the unit test suite	2026-10-07T13:45:33.6020095Z tests/test_claims.py::test_validate_claim_accepts_a_normal_claim PASSED  [  3%]
2 Unit Test	Run the unit test suite	2026-10-07T13:45:33.6037786Z tests/test_claims.py::test_validate_claim_rejects_bad_input[claim0] PASSED [  7%]
2 Unit Test	Run the unit test suite	2026-10-07T13:45:33.6050557Z tests/test_claims.py::test_validate_claim_rejects_bad_input[claim1] PASSED [ 11%]
2 Unit Test	Run the unit test suite	2026-10-07T13:45:33.6063524Z tests/test_claims.py::test_validate_claim_rejects_bad_input[claim2] PASSED [ 15%]
2 Unit Test	Run the unit test suite	2026-10-07T13:45:33.6076702Z tests/test_claims.py::test_validate_claim_rejects_bad_input[claim3] PASSED [ 19%]
2 Unit Test	Run the unit test suite	2026-10-07T13:45:33.6089010Z tests/test_claims.py::test_validate_claim_rejects_bad_input[claim4] PASSED [ 23%]
2 Unit Test	Run the unit test suite	2026-10-07T13:45:33.6101540Z tests/test_claims.py::test_validate_claim_rejects_bad_input[claim5] PASSED [ 26%]
2 Unit Test	Run the unit test suite	2026-10-07T13:45:33.6112390Z tests/test_claims.py::test_validate_claim_rejects_a_non_object PASSED    [ 30%]
2 Unit Test	Run the unit test suite	2026-10-07T13:45:33.6123592Z tests/test_claims.py::test_price_claim_applies_the_category_rate PASSED  [ 34%]
2 Unit Test	Run the unit test suite	2026-10-07T13:45:33.6134176Z tests/test_claims.py::test_price_claim_caps_the_category PASSED          [ 38%]
2 Unit Test	Run the unit test suite	2026-10-07T13:45:33.6144879Z tests/test_claims.py::test_price_claim_halves_a_claim_without_receipts PASSED [ 42%]
2 Unit Test	Run the unit test suite	2026-10-07T13:45:33.6155800Z tests/test_claims.py::test_price_claim_flags_large_reimbursements_for_approval PASSED [ 46%]
2 Unit Test	Run the unit test suite	2026-10-07T13:45:33.6167558Z tests/test_claims.py::test_fingerprint_is_stable_and_salted PASSED       [ 50%]
2 Unit Test	Run the unit test suite	2026-10-07T13:45:33.6183711Z tests/test_claims.py::test_issue_reference_is_unique_and_prefixed PASSED [ 53%]
2 Unit Test	Run the unit test suite	2026-10-07T13:45:33.6194396Z tests/test_claims.py::test_summarise_adds_up_a_batch PASSED              [ 57%]
2 Unit Test	Run the unit test suite	2026-10-07T13:45:33.6206348Z tests/test_claims.py::test_summarise_rejects_an_empty_batch PASSED       [ 61%]
2 Unit Test	Run the unit test suite	2026-10-07T13:45:33.6262993Z tests/test_server.py::test_health_endpoint PASSED                        [ 65%]
2 Unit Test	Run the unit test suite	2026-10-07T13:45:33.6281948Z tests/test_server.py::test_version_endpoint_reports_build_metadata PASSED [ 69%]
2 Unit Test	Run the unit test suite	2026-10-07T13:45:33.6301762Z tests/test_server.py::test_validate_endpoint_accepts_a_claim PASSED      [ 73%]
2 Unit Test	Run the unit test suite	2026-10-07T13:45:33.6320157Z tests/test_server.py::test_validate_endpoint_rejects_a_bad_claim PASSED  [ 76%]
2 Unit Test	Run the unit test suite	2026-10-07T13:45:33.6339497Z tests/test_server.py::test_price_endpoint_prices_a_claim PASSED          [ 80%]
2 Unit Test	Run the unit test suite	2026-10-07T13:45:33.6358257Z tests/test_server.py::test_batch_endpoint_summarises PASSED              [ 84%]
2 Unit Test	Run the unit test suite	2026-10-07T13:45:33.6376263Z tests/test_server.py::test_batch_endpoint_rejects_an_empty_body PASSED   [ 88%]
2 Unit Test	Run the unit test suite	2026-10-07T13:45:33.6404152Z tests/test_server.py::test_policy_endpoint_parses_yaml PASSED            [ 92%]
2 Unit Test	Run the unit test suite	2026-10-07T13:45:33.6429777Z tests/test_server.py::test_policy_endpoint_rejects_broken_yaml PASSED    [ 96%]
2 Unit Test	Run the unit test suite	2026-10-07T13:45:33.6993461Z tests/test_server.py::test_fx_endpoint_reports_no_upstream PASSED        [100%]
2 Unit Test	Run the unit test suite	2026-10-07T13:45:33.6994258Z 
2 Unit Test	Run the unit test suite	2026-10-07T13:45:33.6995174Z - generated xml file: /home/runner/work/devops-coursework/devops-coursework/labs/17-devsecops/reports/junit.xml -
2 Unit Test	Run the unit test suite	2026-10-07T13:45:33.6996601Z ================================ tests coverage ================================
2 Unit Test	Run the unit test suite	2026-10-07T13:45:33.6997608Z _______________ coverage: platform linux, python 3.13.16-final-0 _______________
2 Unit Test	Run the unit test suite	2026-10-07T13:45:33.6998219Z 
2 Unit Test	Run the unit test suite	2026-10-07T13:45:33.6998588Z Name              Stmts   Miss  Cover   Missing
2 Unit Test	Run the unit test suite	2026-10-07T13:45:33.6999293Z -----------------------------------------------
2 Unit Test	Run the unit test suite	2026-10-07T13:45:33.6999954Z app/__init__.py       1      0   100%
2 Unit Test	Run the unit test suite	2026-10-07T13:45:33.7000699Z app/claims.py        59      0   100%
2 Unit Test	Run the unit test suite	2026-10-07T13:45:33.7001425Z app/server.py        64     10    84%   66-67, 89, 97-102, 106
2 Unit Test	Run the unit test suite	2026-10-07T13:45:33.7002476Z -----------------------------------------------
2 Unit Test	Run the unit test suite	2026-10-07T13:45:33.7003160Z TOTAL               124     10    92%
2 Unit Test	Run the unit test suite	2026-10-07T13:45:33.7003666Z Coverage XML written to file reports/coverage.xml
2 Unit Test	Run the unit test suite	2026-10-07T13:45:33.7004358Z ============================== 26 passed in 0.75s ==============================
2 Unit Test	Upload the test report	﻿2026-10-07T13:45:33.7584304Z ##[group]Run actions/upload-artifact@v4
2 Unit Test	Upload the test report	2026-10-07T13:45:33.7584651Z with:
2 Unit Test	Upload the test report	2026-10-07T13:45:33.7584970Z   name: unit-test-report
2 Unit Test	Upload the test report	2026-10-07T13:45:33.7585313Z   path: labs/17-devsecops/reports
2 Unit Test	Upload the test report	2026-10-07T13:45:33.7585638Z   retention-days: 7
2 Unit Test	Upload the test report	2026-10-07T13:45:33.7585942Z   if-no-files-found: warn
2 Unit Test	Upload the test report	2026-10-07T13:45:33.7586270Z   compression-level: 6
2 Unit Test	Upload the test report	2026-10-07T13:45:33.7586591Z   overwrite: false
2 Unit Test	Upload the test report	2026-10-07T13:45:33.7586908Z   include-hidden-files: false
2 Unit Test	Upload the test report	2026-10-07T13:45:33.7587217Z env:
2 Unit Test	Upload the test report	2026-10-07T13:45:33.7587638Z   APP_DIR: labs/17-devsecops
2 Unit Test	Upload the test report	2026-10-07T13:45:33.7587961Z   IMAGE_NAME: claim-check-api
2 Unit Test	Upload the test report	2026-10-07T13:45:33.7588283Z   TRIVY_VERSION: 0.75.0
2 Unit Test	Upload the test report	2026-10-07T13:45:33.7588601Z   GITLEAKS_VERSION: 8.30.1
2 Unit Test	Upload the test report	2026-10-07T13:45:33.7588890Z   PYTHON_VERSION: 3.13
2 Unit Test	Upload the test report	2026-10-07T13:45:33.7589270Z   pythonLocation: /opt/hostedtoolcache/Python/3.13.16/x64
2 Unit Test	Upload the test report	2026-10-07T13:45:33.7589778Z   PKG_CONFIG_PATH: /opt/hostedtoolcache/Python/3.13.16/x64/lib/pkgconfig
2 Unit Test	Upload the test report	2026-10-07T13:45:33.7590254Z   Python_ROOT_DIR: /opt/hostedtoolcache/Python/3.13.16/x64
2 Unit Test	Upload the test report	2026-10-07T13:45:33.7590801Z   Python2_ROOT_DIR: /opt/hostedtoolcache/Python/3.13.16/x64
2 Unit Test	Upload the test report	2026-10-07T13:45:33.7591247Z   Python3_ROOT_DIR: /opt/hostedtoolcache/Python/3.13.16/x64
2 Unit Test	Upload the test report	2026-10-07T13:45:33.7591676Z   LD_LIBRARY_PATH: /opt/hostedtoolcache/Python/3.13.16/x64/lib
2 Unit Test	Upload the test report	2026-10-07T13:45:33.7592037Z ##[endgroup]
2 Unit Test	Upload the test report	2026-10-07T13:45:33.9051227Z (node:2164) [DEP0040] DeprecationWarning: The `punycode` module is deprecated. Please use a userland alternative instead.
2 Unit Test	Upload the test report	2026-10-07T13:45:33.9052563Z (Use `node --trace-deprecation ...` to show where the warning was created)
2 Unit Test	Upload the test report	2026-10-07T13:45:33.9118950Z With the provided path, there will be 2 files uploaded
2 Unit Test	Upload the test report	2026-10-07T13:45:33.9122904Z Artifact name is valid!
2 Unit Test	Upload the test report	2026-10-07T13:45:33.9123791Z Root directory input is valid!
2 Unit Test	Upload the test report	2026-10-07T13:45:34.2114996Z Beginning upload of artifact content to blob storage
2 Unit Test	Upload the test report	2026-10-07T13:45:34.2286411Z (node:2164) [DEP0169] DeprecationWarning: `url.parse()` behavior is not standardized and prone to errors that have security implications. Use the WHATWG URL API instead. CVEs are not issued for `url.parse()` vulnerabilities.
2 Unit Test	Upload the test report	2026-10-07T13:45:34.4017443Z Uploaded bytes 1550
2 Unit Test	Upload the test report	2026-10-07T13:45:34.4444948Z Finished uploading artifact content to blob storage!
2 Unit Test	Upload the test report	2026-10-07T13:45:34.4445919Z SHA256 digest of uploaded artifact zip is eeb27cd6c56edbbc8414c8b767e34fbb56b1febd57248efb01800cce116bf223
2 Unit Test	Upload the test report	2026-10-07T13:45:34.4446655Z Finalizing artifact upload
2 Unit Test	Upload the test report	2026-10-07T13:45:34.6853073Z Artifact unit-test-report.zip successfully finalized. Artifact ID 11486192139
2 Unit Test	Upload the test report	2026-10-07T13:45:34.6854398Z Artifact unit-test-report has been successfully uploaded! Final size is 1550 bytes. Artifact ID is 11486192139
2 Unit Test	Upload the test report	2026-10-07T13:45:34.6858354Z Artifact download URL: https://github.com/AmanYadav7015/devops-coursework/actions/runs/37630958303/artifacts/11486192139
2 Unit Test	Post Setup Python	﻿2026-10-07T13:45:34.6995097Z Post job cleanup.
2 Unit Test	Post Setup Python	2026-10-07T13:45:34.8034026Z (node:2177) [DEP0040] DeprecationWarning: The `punycode` module is deprecated. Please use a userland alternative instead.
2 Unit Test	Post Setup Python	2026-10-07T13:45:34.8035256Z (Use `node --trace-deprecation ...` to show where the warning was created)
2 Unit Test	Post Checkout code	﻿2026-10-07T13:45:34.8230286Z Post job cleanup.
2 Unit Test	Post Checkout code	2026-10-07T13:45:34.9017123Z [command]/usr/bin/git version
2 Unit Test	Post Checkout code	2026-10-07T13:45:34.9061342Z git version 2.55.0
2 Unit Test	Post Checkout code	2026-10-07T13:45:34.9104143Z Temporarily overriding HOME='/home/runner/work/_temp/7de01b66-fe87-4a12-a1d7-5e3c5bd02d8d' before making global git config changes
2 Unit Test	Post Checkout code	2026-10-07T13:45:34.9105477Z Adding repository directory to the temporary git global config as a safe directory
2 Unit Test	Post Checkout code	2026-10-07T13:45:34.9127455Z [command]/usr/bin/git config --global --add safe.directory /home/runner/work/devops-coursework/devops-coursework
2 Unit Test	Post Checkout code	2026-10-07T13:45:34.9160620Z [command]/usr/bin/git config --local --name-only --get-regexp core\.sshCommand
2 Unit Test	Post Checkout code	2026-10-07T13:45:34.9205180Z [command]/usr/bin/git submodule foreach --recursive sh -c "git config --local --name-only --get-regexp 'core\.sshCommand' && git config --local --unset-all 'core.sshCommand' || :"
2 Unit Test	Post Checkout code	2026-10-07T13:45:34.9447322Z [command]/usr/bin/git config --local --name-only --get-regexp http\.https\:\/\/github\.com\/\.extraheader
2 Unit Test	Post Checkout code	2026-10-07T13:45:34.9478339Z http.https://github.com/.extraheader
2 Unit Test	Post Checkout code	2026-10-07T13:45:34.9496541Z [command]/usr/bin/git config --local --unset-all http.https://github.com/.extraheader
2 Unit Test	Post Checkout code	2026-10-07T13:45:34.9545110Z [command]/usr/bin/git submodule foreach --recursive sh -c "git config --local --name-only --get-regexp 'http\.https\:\/\/github\.com\/\.extraheader' && git config --local --unset-all 'http.https://github.com/.extraheader' || :"
2 Unit Test	Post Checkout code	2026-10-07T13:45:34.9746030Z [command]/usr/bin/git config --local --name-only --get-regexp ^includeIf\.gitdir:
2 Unit Test	Post Checkout code	2026-10-07T13:45:34.9775657Z [command]/usr/bin/git submodule foreach --recursive git config --local --show-origin --name-only --get-regexp remote.origin.url
2 Unit Test	Complete job	﻿2026-10-07T13:45:35.0130106Z Cleaning up orphan processes
2 Unit Test	Complete job	2026-10-07T13:45:35.0392484Z ##[warning]Node.js 20 is deprecated. The following actions target Node.js 20 but are being forced to run on Node.js 24: actions/checkout@v4, actions/setup-python@v5, actions/upload-artifact@v4. For more information see: https://github.blog/changelog/2025-09-19-deprecation-of-node-20-on-github-actions-runners/
3 SAST (bandit)	Set up job	﻿2026-10-07T13:45:43.9272219Z Current runner version: '2.337.0'
3 SAST (bandit)	Set up job	2026-10-07T13:45:43.9294804Z ##[group]Runner Image Provisioner
3 SAST (bandit)	Set up job	2026-10-07T13:45:43.9295609Z Hosted Compute Agent
3 SAST (bandit)	Set up job	2026-10-07T13:45:43.9296215Z Version: 20260901.588
3 SAST (bandit)	Set up job	2026-10-07T13:45:43.9296761Z Commit: f88ec8081b781fac6c440065ac7ff9e710ce3d0b
3 SAST (bandit)	Set up job	2026-10-07T13:45:43.9297414Z Build Date: 2026-09-01T19:56:44Z
3 SAST (bandit)	Set up job	2026-10-07T13:45:43.9298063Z Worker ID: {6504e2ef-ca7f-47b5-92d2-a2f3146e624c}
3 SAST (bandit)	Set up job	2026-10-07T13:45:43.9298644Z Azure Region: centralus
3 SAST (bandit)	Set up job	2026-10-07T13:45:43.9299227Z ##[endgroup]
3 SAST (bandit)	Set up job	2026-10-07T13:45:43.9300366Z ##[group]Operating System
3 SAST (bandit)	Set up job	2026-10-07T13:45:43.9300959Z Ubuntu
3 SAST (bandit)	Set up job	2026-10-07T13:45:43.9301487Z 24.04.5
3 SAST (bandit)	Set up job	2026-10-07T13:45:43.9301907Z LTS
3 SAST (bandit)	Set up job	2026-10-07T13:45:43.9302404Z ##[endgroup]
3 SAST (bandit)	Set up job	2026-10-07T13:45:43.9302872Z ##[group]Runner Image
3 SAST (bandit)	Set up job	2026-10-07T13:45:43.9303816Z Image: ubuntu-24.04
3 SAST (bandit)	Set up job	2026-10-07T13:45:43.9304407Z Version: 20260927.320.1
3 SAST (bandit)	Set up job	2026-10-07T13:45:43.9305707Z Included Software: https://github.com/actions/runner-images/blob/ubuntu24/20260927.320/images/ubuntu/Ubuntu2404-Readme.md
3 SAST (bandit)	Set up job	2026-10-07T13:45:43.9307267Z Image Release: https://github.com/actions/runner-images/releases/tag/ubuntu24%2F20260927.320
3 SAST (bandit)	Set up job	2026-10-07T13:45:43.9308057Z ##[endgroup]
3 SAST (bandit)	Set up job	2026-10-07T13:45:43.9309118Z ##[group]GITHUB_TOKEN Permissions
3 SAST (bandit)	Set up job	2026-10-07T13:45:43.9311050Z Contents: read
3 SAST (bandit)	Set up job	2026-10-07T13:45:43.9311681Z Metadata: read
3 SAST (bandit)	Set up job	2026-10-07T13:45:43.9312155Z ##[endgroup]
3 SAST (bandit)	Set up job	2026-10-07T13:45:43.9314068Z Secret source: Actions
3 SAST (bandit)	Set up job	2026-10-07T13:45:43.9315178Z Cache mode: write
3 SAST (bandit)	Set up job	2026-10-07T13:45:43.9316077Z Prepare workflow directory
3 SAST (bandit)	Set up job	2026-10-07T13:45:43.9586581Z Prepare all required actions
3 SAST (bandit)	Set up job	2026-10-07T13:45:43.9618470Z Getting action download info
3 SAST (bandit)	Set up job	2026-10-07T13:45:44.2652062Z Download action repository 'actions/checkout@v4' (SHA:11d5960a326750d5838078e36cf38b85af677262)
3 SAST (bandit)	Set up job	2026-10-07T13:45:44.3644524Z Download action repository 'actions/setup-python@v5' (SHA:a26af69be951a213d495a4c3e4e4022e16d87065)
3 SAST (bandit)	Set up job	2026-10-07T13:45:44.4541361Z Download action repository 'actions/upload-artifact@v4' (SHA:ea165f8d65b6e75b540449e92b4886f43607fa02)
3 SAST (bandit)	Set up job	2026-10-07T13:45:44.6441045Z Complete job name: 3 SAST (bandit)
3 SAST (bandit)	Checkout code	﻿2026-10-07T13:45:44.6933346Z ##[group]Run actions/checkout@v4
3 SAST (bandit)	Checkout code	2026-10-07T13:45:44.6933801Z with:
3 SAST (bandit)	Checkout code	2026-10-07T13:45:44.6934064Z   repository: AmanYadav7015/devops-coursework
3 SAST (bandit)	Checkout code	2026-10-07T13:45:44.6936515Z   token: ***
3 SAST (bandit)	Checkout code	2026-10-07T13:45:44.6936744Z   ssh-strict: true
3 SAST (bandit)	Checkout code	2026-10-07T13:45:44.6936984Z   ssh-user: git
3 SAST (bandit)	Checkout code	2026-10-07T13:45:44.6937226Z   persist-credentials: true
3 SAST (bandit)	Checkout code	2026-10-07T13:45:44.6937491Z   clean: true
3 SAST (bandit)	Checkout code	2026-10-07T13:45:44.6937733Z   sparse-checkout-cone-mode: true
3 SAST (bandit)	Checkout code	2026-10-07T13:45:44.6938013Z   fetch-depth: 1
3 SAST (bandit)	Checkout code	2026-10-07T13:45:44.6938249Z   fetch-tags: false
3 SAST (bandit)	Checkout code	2026-10-07T13:45:44.6938489Z   show-progress: true
3 SAST (bandit)	Checkout code	2026-10-07T13:45:44.6938727Z   lfs: false
3 SAST (bandit)	Checkout code	2026-10-07T13:45:44.6938949Z   submodules: false
3 SAST (bandit)	Checkout code	2026-10-07T13:45:44.6939197Z   set-safe-directory: true
3 SAST (bandit)	Checkout code	2026-10-07T13:45:44.6939468Z   allow-unsafe-pr-checkout: false
3 SAST (bandit)	Checkout code	2026-10-07T13:45:44.6939814Z env:
3 SAST (bandit)	Checkout code	2026-10-07T13:45:44.6940038Z   APP_DIR: labs/17-devsecops
3 SAST (bandit)	Checkout code	2026-10-07T13:45:44.6940305Z   IMAGE_NAME: claim-check-api
3 SAST (bandit)	Checkout code	2026-10-07T13:45:44.6940593Z   TRIVY_VERSION: 0.75.0
3 SAST (bandit)	Checkout code	2026-10-07T13:45:44.6940871Z   GITLEAKS_VERSION: 8.30.1
3 SAST (bandit)	Checkout code	2026-10-07T13:45:44.6941122Z   PYTHON_VERSION: 3.13
3 SAST (bandit)	Checkout code	2026-10-07T13:45:44.6941362Z ##[endgroup]
3 SAST (bandit)	Checkout code	2026-10-07T13:45:44.7625545Z Syncing repository: AmanYadav7015/devops-coursework
3 SAST (bandit)	Checkout code	2026-10-07T13:45:44.7627128Z ##[group]Getting Git version info
3 SAST (bandit)	Checkout code	2026-10-07T13:45:44.7627578Z Working directory is '/home/runner/work/devops-coursework/devops-coursework'
3 SAST (bandit)	Checkout code	2026-10-07T13:45:44.7639838Z [command]/usr/bin/git version
3 SAST (bandit)	Checkout code	2026-10-07T13:45:44.7751953Z git version 2.55.0
3 SAST (bandit)	Checkout code	2026-10-07T13:45:44.7767812Z ##[endgroup]
3 SAST (bandit)	Checkout code	2026-10-07T13:45:44.7780584Z Temporarily overriding HOME='/home/runner/work/_temp/5e3d9c21-fd84-42fc-a0ae-5789ef426b53' before making global git config changes
3 SAST (bandit)	Checkout code	2026-10-07T13:45:44.7781676Z Adding repository directory to the temporary git global config as a safe directory
3 SAST (bandit)	Checkout code	2026-10-07T13:45:44.7786295Z [command]/usr/bin/git config --global --add safe.directory /home/runner/work/devops-coursework/devops-coursework
3 SAST (bandit)	Checkout code	2026-10-07T13:45:44.7840042Z Deleting the contents of '/home/runner/work/devops-coursework/devops-coursework'
3 SAST (bandit)	Checkout code	2026-10-07T13:45:44.7843566Z ##[group]Initializing the repository
3 SAST (bandit)	Checkout code	2026-10-07T13:45:44.7847801Z [command]/usr/bin/git init /home/runner/work/devops-coursework/devops-coursework
3 SAST (bandit)	Checkout code	2026-10-07T13:45:44.7967811Z hint: Using 'master' as the name for the initial branch. This default branch name
3 SAST (bandit)	Checkout code	2026-10-07T13:45:44.7969202Z hint: will change to "main" in Git 3.0. To configure the initial branch name
3 SAST (bandit)	Checkout code	2026-10-07T13:45:44.7970057Z hint: to use in all of your new repositories, which will suppress this warning,
3 SAST (bandit)	Checkout code	2026-10-07T13:45:44.7970858Z hint: call:
3 SAST (bandit)	Checkout code	2026-10-07T13:45:44.7971306Z hint:
3 SAST (bandit)	Checkout code	2026-10-07T13:45:44.7971731Z hint: 	git config --global init.defaultBranch <name>
3 SAST (bandit)	Checkout code	2026-10-07T13:45:44.7972173Z hint:
3 SAST (bandit)	Checkout code	2026-10-07T13:45:44.7972588Z hint: Names commonly chosen instead of 'master' are 'main', 'trunk' and
3 SAST (bandit)	Checkout code	2026-10-07T13:45:44.7973191Z hint: 'development'. The just-created branch can be renamed via this command:
3 SAST (bandit)	Checkout code	2026-10-07T13:45:44.7973747Z hint:
3 SAST (bandit)	Checkout code	2026-10-07T13:45:44.7974080Z hint: 	git branch -m <name>
3 SAST (bandit)	Checkout code	2026-10-07T13:45:44.7974451Z hint:
3 SAST (bandit)	Checkout code	2026-10-07T13:45:44.7975033Z hint: Disable this message with "git config set advice.defaultBranchName false"
3 SAST (bandit)	Checkout code	2026-10-07T13:45:44.7975898Z Initialized empty Git repository in /home/runner/work/devops-coursework/devops-coursework/.git/
3 SAST (bandit)	Checkout code	2026-10-07T13:45:44.7978110Z [command]/usr/bin/git remote add origin https://github.com/AmanYadav7015/devops-coursework
3 SAST (bandit)	Checkout code	2026-10-07T13:45:44.8036954Z ##[endgroup]
3 SAST (bandit)	Checkout code	2026-10-07T13:45:44.8037552Z ##[group]Disabling automatic garbage collection
3 SAST (bandit)	Checkout code	2026-10-07T13:45:44.8037983Z [command]/usr/bin/git config --local gc.auto 0
3 SAST (bandit)	Checkout code	2026-10-07T13:45:44.8074290Z ##[endgroup]
3 SAST (bandit)	Checkout code	2026-10-07T13:45:44.8075295Z ##[group]Setting up auth
3 SAST (bandit)	Checkout code	2026-10-07T13:45:44.8081079Z [command]/usr/bin/git config --local --name-only --get-regexp core\.sshCommand
3 SAST (bandit)	Checkout code	2026-10-07T13:45:44.8115327Z [command]/usr/bin/git submodule foreach --recursive sh -c "git config --local --name-only --get-regexp 'core\.sshCommand' && git config --local --unset-all 'core.sshCommand' || :"
3 SAST (bandit)	Checkout code	2026-10-07T13:45:44.8423837Z [command]/usr/bin/git config --local --name-only --get-regexp http\.https\:\/\/github\.com\/\.extraheader
3 SAST (bandit)	Checkout code	2026-10-07T13:45:44.8456384Z [command]/usr/bin/git submodule foreach --recursive sh -c "git config --local --name-only --get-regexp 'http\.https\:\/\/github\.com\/\.extraheader' && git config --local --unset-all 'http.https://github.com/.extraheader' || :"
3 SAST (bandit)	Checkout code	2026-10-07T13:45:44.8642158Z [command]/usr/bin/git config --local --name-only --get-regexp ^includeIf\.gitdir:
3 SAST (bandit)	Checkout code	2026-10-07T13:45:44.8674185Z [command]/usr/bin/git submodule foreach --recursive git config --local --show-origin --name-only --get-regexp remote.origin.url
3 SAST (bandit)	Checkout code	2026-10-07T13:45:44.8861223Z [command]/usr/bin/git config --local http.https://github.com/.extraheader AUTHORIZATION: basic ***
3 SAST (bandit)	Checkout code	2026-10-07T13:45:44.8898925Z ##[endgroup]
3 SAST (bandit)	Checkout code	2026-10-07T13:45:44.8899485Z ##[group]Fetching the repository
3 SAST (bandit)	Checkout code	2026-10-07T13:45:44.8905953Z [command]/usr/bin/git -c protocol.version=2 fetch --no-tags --prune --no-recurse-submodules --depth=1 origin +d649c6f2dedd69b2422b8135c9faa58c6cfa6e26:refs/remotes/origin/session-17-devsecops-ci
3 SAST (bandit)	Checkout code	2026-10-07T13:45:46.1083798Z From https://github.com/AmanYadav7015/devops-coursework
3 SAST (bandit)	Checkout code	2026-10-07T13:45:46.1085357Z  * [new ref]         d649c6f2dedd69b2422b8135c9faa58c6cfa6e26 -> origin/session-17-devsecops-ci
3 SAST (bandit)	Checkout code	2026-10-07T13:45:46.1087460Z ##[endgroup]
3 SAST (bandit)	Checkout code	2026-10-07T13:45:46.1088179Z ##[group]Determining the checkout info
3 SAST (bandit)	Checkout code	2026-10-07T13:45:46.1089433Z ##[endgroup]
3 SAST (bandit)	Checkout code	2026-10-07T13:45:46.1094830Z [command]/usr/bin/git sparse-checkout disable
3 SAST (bandit)	Checkout code	2026-10-07T13:45:46.1145899Z [command]/usr/bin/git config --local --unset-all extensions.worktreeConfig
3 SAST (bandit)	Checkout code	2026-10-07T13:45:46.1185506Z ##[group]Checking out the ref
3 SAST (bandit)	Checkout code	2026-10-07T13:45:46.1188623Z [command]/usr/bin/git checkout --progress --force -B session-17-devsecops-ci refs/remotes/origin/session-17-devsecops-ci
3 SAST (bandit)	Checkout code	2026-10-07T13:45:46.2096840Z Switched to a new branch 'session-17-devsecops-ci'
3 SAST (bandit)	Checkout code	2026-10-07T13:45:46.2100009Z branch 'session-17-devsecops-ci' set up to track 'origin/session-17-devsecops-ci'.
3 SAST (bandit)	Checkout code	2026-10-07T13:45:46.2109450Z ##[endgroup]
3 SAST (bandit)	Checkout code	2026-10-07T13:45:46.2150498Z [command]/usr/bin/git log -1 --format=%H
3 SAST (bandit)	Checkout code	2026-10-07T13:45:46.2175915Z d649c6f2dedd69b2422b8135c9faa58c6cfa6e26
3 SAST (bandit)	Setup Python	﻿2026-10-07T13:45:46.2438082Z ##[group]Run actions/setup-python@v5
3 SAST (bandit)	Setup Python	2026-10-07T13:45:46.2438945Z with:
3 SAST (bandit)	Setup Python	2026-10-07T13:45:46.2439598Z   python-version: 3.13
3 SAST (bandit)	Setup Python	2026-10-07T13:45:46.2440288Z   check-latest: false
3 SAST (bandit)	Setup Python	2026-10-07T13:45:46.2446295Z   token: ***
3 SAST (bandit)	Setup Python	2026-10-07T13:45:46.2446981Z   update-environment: true
3 SAST (bandit)	Setup Python	2026-10-07T13:45:46.2447761Z   allow-prereleases: false
3 SAST (bandit)	Setup Python	2026-10-07T13:45:46.2448507Z   freethreaded: false
3 SAST (bandit)	Setup Python	2026-10-07T13:45:46.2449195Z env:
3 SAST (bandit)	Setup Python	2026-10-07T13:45:46.2449792Z   APP_DIR: labs/17-devsecops
3 SAST (bandit)	Setup Python	2026-10-07T13:45:46.2450499Z   IMAGE_NAME: claim-check-api
3 SAST (bandit)	Setup Python	2026-10-07T13:45:46.2451176Z   TRIVY_VERSION: 0.75.0
3 SAST (bandit)	Setup Python	2026-10-07T13:45:46.2451873Z   GITLEAKS_VERSION: 8.30.1
3 SAST (bandit)	Setup Python	2026-10-07T13:45:46.2452578Z   PYTHON_VERSION: 3.13
3 SAST (bandit)	Setup Python	2026-10-07T13:45:46.2453231Z ##[endgroup]
3 SAST (bandit)	Setup Python	2026-10-07T13:45:46.3422626Z ##[group]Installed versions
3 SAST (bandit)	Setup Python	2026-10-07T13:45:46.3480100Z (node:2082) [DEP0040] DeprecationWarning: The `punycode` module is deprecated. Please use a userland alternative instead.
3 SAST (bandit)	Setup Python	2026-10-07T13:45:46.3481886Z (Use `node --trace-deprecation ...` to show where the warning was created)
3 SAST (bandit)	Setup Python	2026-10-07T13:45:46.3483020Z Successfully set up CPython (3.13.15)
3 SAST (bandit)	Setup Python	2026-10-07T13:45:46.3484077Z ##[endgroup]
3 SAST (bandit)	Install bandit	﻿2026-10-07T13:45:46.3661978Z ##[group]Run pip install 'bandit[sarif]==1.9.4'
3 SAST (bandit)	Install bandit	2026-10-07T13:45:46.3663455Z [36;1mpip install 'bandit[sarif]==1.9.4'[0m
3 SAST (bandit)	Install bandit	2026-10-07T13:45:46.3956673Z shell: /usr/bin/bash --noprofile --norc -e -o pipefail {0}
3 SAST (bandit)	Install bandit	2026-10-07T13:45:46.3960074Z env:
3 SAST (bandit)	Install bandit	2026-10-07T13:45:46.3960638Z   APP_DIR: labs/17-devsecops
3 SAST (bandit)	Install bandit	2026-10-07T13:45:46.3961287Z   IMAGE_NAME: claim-check-api
3 SAST (bandit)	Install bandit	2026-10-07T13:45:46.3961924Z   TRIVY_VERSION: 0.75.0
3 SAST (bandit)	Install bandit	2026-10-07T13:45:46.3962512Z   GITLEAKS_VERSION: 8.30.1
3 SAST (bandit)	Install bandit	2026-10-07T13:45:46.3963117Z   PYTHON_VERSION: 3.13
3 SAST (bandit)	Install bandit	2026-10-07T13:45:46.3963833Z   pythonLocation: /opt/hostedtoolcache/Python/3.13.15/x64
3 SAST (bandit)	Install bandit	2026-10-07T13:45:46.3964968Z   PKG_CONFIG_PATH: /opt/hostedtoolcache/Python/3.13.15/x64/lib/pkgconfig
3 SAST (bandit)	Install bandit	2026-10-07T13:45:46.3965999Z   Python_ROOT_DIR: /opt/hostedtoolcache/Python/3.13.15/x64
3 SAST (bandit)	Install bandit	2026-10-07T13:45:46.3966912Z   Python2_ROOT_DIR: /opt/hostedtoolcache/Python/3.13.15/x64
3 SAST (bandit)	Install bandit	2026-10-07T13:45:46.3967828Z   Python3_ROOT_DIR: /opt/hostedtoolcache/Python/3.13.15/x64
3 SAST (bandit)	Install bandit	2026-10-07T13:45:46.3968748Z   LD_LIBRARY_PATH: /opt/hostedtoolcache/Python/3.13.15/x64/lib
3 SAST (bandit)	Install bandit	2026-10-07T13:45:46.3969597Z ##[endgroup]
3 SAST (bandit)	Install bandit	2026-10-07T13:45:47.8927451Z Collecting bandit==1.9.4 (from bandit[sarif]==1.9.4)
3 SAST (bandit)	Install bandit	2026-10-07T13:45:47.9637746Z   Downloading bandit-1.9.4-py3-none-any.whl.metadata (7.1 kB)
3 SAST (bandit)	Install bandit	2026-10-07T13:45:48.0166042Z Collecting PyYAML>=5.3.1 (from bandit==1.9.4->bandit[sarif]==1.9.4)
3 SAST (bandit)	Install bandit	2026-10-07T13:45:48.0273648Z   Downloading pyyaml-6.0.3-cp313-cp313-manylinux2014_x86_64.manylinux_2_17_x86_64.manylinux_2_28_x86_64.whl.metadata (2.4 kB)
3 SAST (bandit)	Install bandit	2026-10-07T13:45:48.0529592Z Collecting stevedore>=1.20.0 (from bandit==1.9.4->bandit[sarif]==1.9.4)
3 SAST (bandit)	Install bandit	2026-10-07T13:45:48.0633260Z   Downloading stevedore-5.9.1-py3-none-any.whl.metadata (2.3 kB)
3 SAST (bandit)	Install bandit	2026-10-07T13:45:48.0979129Z Collecting rich (from bandit==1.9.4->bandit[sarif]==1.9.4)
3 SAST (bandit)	Install bandit	2026-10-07T13:45:48.1083171Z   Downloading rich-15.0.0-py3-none-any.whl.metadata (18 kB)
3 SAST (bandit)	Install bandit	2026-10-07T13:45:48.1337299Z Collecting sarif-om>=1.0.4 (from bandit[sarif]==1.9.4)
3 SAST (bandit)	Install bandit	2026-10-07T13:45:48.1439679Z   Downloading sarif_om-1.0.4-py3-none-any.whl.metadata (3.2 kB)
3 SAST (bandit)	Install bandit	2026-10-07T13:45:48.1657905Z Collecting jschema-to-python>=1.2.3 (from bandit[sarif]==1.9.4)
3 SAST (bandit)	Install bandit	2026-10-07T13:45:48.1761576Z   Downloading jschema_to_python-1.2.3-py3-none-any.whl.metadata (3.1 kB)
3 SAST (bandit)	Install bandit	2026-10-07T13:45:48.1996027Z Collecting attrs (from jschema-to-python>=1.2.3->bandit[sarif]==1.9.4)
3 SAST (bandit)	Install bandit	2026-10-07T13:45:48.2101041Z   Downloading attrs-26.1.0-py3-none-any.whl.metadata (8.8 kB)
3 SAST (bandit)	Install bandit	2026-10-07T13:45:48.2349548Z Collecting jsonpickle (from jschema-to-python>=1.2.3->bandit[sarif]==1.9.4)
3 SAST (bandit)	Install bandit	2026-10-07T13:45:48.2453302Z   Downloading jsonpickle-4.1.3-py3-none-any.whl.metadata (8.1 kB)
3 SAST (bandit)	Install bandit	2026-10-07T13:45:48.2733954Z Collecting pbr (from jschema-to-python>=1.2.3->bandit[sarif]==1.9.4)
3 SAST (bandit)	Install bandit	2026-10-07T13:45:48.2841059Z   Downloading pbr-7.1.3-py2.py3-none-any.whl.metadata (4.1 kB)
3 SAST (bandit)	Install bandit	2026-10-07T13:45:48.3673955Z Collecting setuptools (from pbr->jschema-to-python>=1.2.3->bandit[sarif]==1.9.4)
3 SAST (bandit)	Install bandit	2026-10-07T13:45:48.3778390Z   Downloading setuptools-84.0.0-py3-none-any.whl.metadata (6.6 kB)
3 SAST (bandit)	Install bandit	2026-10-07T13:45:48.4066394Z Collecting markdown-it-py>=2.2.0 (from rich->bandit==1.9.4->bandit[sarif]==1.9.4)
3 SAST (bandit)	Install bandit	2026-10-07T13:45:48.4167873Z   Downloading markdown_it_py-4.2.0-py3-none-any.whl.metadata (7.4 kB)
3 SAST (bandit)	Install bandit	2026-10-07T13:45:48.4434199Z Collecting pygments<3.0.0,>=2.13.0 (from rich->bandit==1.9.4->bandit[sarif]==1.9.4)
3 SAST (bandit)	Install bandit	2026-10-07T13:45:48.4539742Z   Downloading pygments-2.21.0-py3-none-any.whl.metadata (2.5 kB)
3 SAST (bandit)	Install bandit	2026-10-07T13:45:48.4808368Z Collecting mdurl~=0.1 (from markdown-it-py>=2.2.0->rich->bandit==1.9.4->bandit[sarif]==1.9.4)
3 SAST (bandit)	Install bandit	2026-10-07T13:45:48.4950712Z   Downloading mdurl-0.1.2-py3-none-any.whl.metadata (1.6 kB)
3 SAST (bandit)	Install bandit	2026-10-07T13:45:48.5234353Z Downloading bandit-1.9.4-py3-none-any.whl (134 kB)
3 SAST (bandit)	Install bandit	2026-10-07T13:45:48.5534152Z Downloading jschema_to_python-1.2.3-py3-none-any.whl (10 kB)
3 SAST (bandit)	Install bandit	2026-10-07T13:45:48.5662100Z Downloading pyyaml-6.0.3-cp313-cp313-manylinux2014_x86_64.manylinux_2_17_x86_64.manylinux_2_28_x86_64.whl (801 kB)
3 SAST (bandit)	Install bandit	2026-10-07T13:45:48.5974049Z    ━━━━━━━━━━━━━━━━━━━━━━━━━━━━━━━━━━━━━━━━ 801.6/801.6 kB 27.9 MB/s  0:00:00
3 SAST (bandit)	Install bandit	2026-10-07T13:45:48.6080705Z Downloading sarif_om-1.0.4-py3-none-any.whl (30 kB)
3 SAST (bandit)	Install bandit	2026-10-07T13:45:48.6207390Z Downloading stevedore-5.9.1-py3-none-any.whl (54 kB)
3 SAST (bandit)	Install bandit	2026-10-07T13:45:48.6331540Z Downloading attrs-26.1.0-py3-none-any.whl (67 kB)
3 SAST (bandit)	Install bandit	2026-10-07T13:45:48.6454699Z Downloading jsonpickle-4.1.3-py3-none-any.whl (49 kB)
3 SAST (bandit)	Install bandit	2026-10-07T13:45:48.6580253Z Downloading pbr-7.1.3-py2.py3-none-any.whl (136 kB)
3 SAST (bandit)	Install bandit	2026-10-07T13:45:48.6710012Z Downloading rich-15.0.0-py3-none-any.whl (310 kB)
3 SAST (bandit)	Install bandit	2026-10-07T13:45:48.6840400Z Downloading pygments-2.21.0-py3-none-any.whl (1.3 MB)
3 SAST (bandit)	Install bandit	2026-10-07T13:45:48.6990001Z    ━━━━━━━━━━━━━━━━━━━━━━━━━━━━━━━━━━━━━━━━ 1.3/1.3 MB 75.8 MB/s  0:00:00
3 SAST (bandit)	Install bandit	2026-10-07T13:45:48.7096175Z Downloading markdown_it_py-4.2.0-py3-none-any.whl (91 kB)
3 SAST (bandit)	Install bandit	2026-10-07T13:45:48.7221147Z Downloading mdurl-0.1.2-py3-none-any.whl (10.0 kB)
3 SAST (bandit)	Install bandit	2026-10-07T13:45:48.7342442Z Downloading setuptools-84.0.0-py3-none-any.whl (818 kB)
3 SAST (bandit)	Install bandit	2026-10-07T13:45:48.7392214Z    ━━━━━━━━━━━━━━━━━━━━━━━━━━━━━━━━━━━━━━━━ 818.2/818.2 kB 177.7 MB/s  0:00:00
3 SAST (bandit)	Install bandit	2026-10-07T13:45:48.8379119Z Installing collected packages: stevedore, setuptools, PyYAML, pygments, mdurl, jsonpickle, attrs, pbr, markdown-it-py, sarif-om, rich, jschema-to-python, bandit
3 SAST (bandit)	Install bandit	2026-10-07T13:45:50.0195495Z 
3 SAST (bandit)	Install bandit	2026-10-07T13:45:50.0209377Z Successfully installed PyYAML-6.0.3 attrs-26.1.0 bandit-1.9.4 jschema-to-python-1.2.3 jsonpickle-4.1.3 markdown-it-py-4.2.0 mdurl-0.1.2 pbr-7.1.3 pygments-2.21.0 rich-15.0.0 sarif-om-1.0.4 setuptools-84.0.0 stevedore-5.9.1
3 SAST (bandit)	Report every finding	﻿2026-10-07T13:45:50.1059228Z ##[group]Run mkdir -p reports
3 SAST (bandit)	Report every finding	2026-10-07T13:45:50.1059472Z [36;1mmkdir -p reports[0m
3 SAST (bandit)	Report every finding	2026-10-07T13:45:50.1059758Z [36;1mbandit -c security/bandit.yaml -r app -f screen --exit-zero | tee reports/bandit-screen.txt[0m
3 SAST (bandit)	Report every finding	2026-10-07T13:45:50.1060105Z [36;1mbandit -c security/bandit.yaml -r app -f json --exit-zero -o reports/bandit.json[0m
3 SAST (bandit)	Report every finding	2026-10-07T13:45:50.1060437Z [36;1mbandit -c security/bandit.yaml -r app -f sarif --exit-zero -o reports/bandit.sarif[0m
3 SAST (bandit)	Report every finding	2026-10-07T13:45:50.1115918Z shell: /usr/bin/bash --noprofile --norc -e -o pipefail {0}
3 SAST (bandit)	Report every finding	2026-10-07T13:45:50.1116119Z env:
3 SAST (bandit)	Report every finding	2026-10-07T13:45:50.1116244Z   APP_DIR: labs/17-devsecops
3 SAST (bandit)	Report every finding	2026-10-07T13:45:50.1116392Z   IMAGE_NAME: claim-check-api
3 SAST (bandit)	Report every finding	2026-10-07T13:45:50.1116529Z   TRIVY_VERSION: 0.75.0
3 SAST (bandit)	Report every finding	2026-10-07T13:45:50.1116655Z   GITLEAKS_VERSION: 8.30.1
3 SAST (bandit)	Report every finding	2026-10-07T13:45:50.1116783Z   PYTHON_VERSION: 3.13
3 SAST (bandit)	Report every finding	2026-10-07T13:45:50.1116945Z   pythonLocation: /opt/hostedtoolcache/Python/3.13.15/x64
3 SAST (bandit)	Report every finding	2026-10-07T13:45:50.1117182Z   PKG_CONFIG_PATH: /opt/hostedtoolcache/Python/3.13.15/x64/lib/pkgconfig
3 SAST (bandit)	Report every finding	2026-10-07T13:45:50.1117460Z   Python_ROOT_DIR: /opt/hostedtoolcache/Python/3.13.15/x64
3 SAST (bandit)	Report every finding	2026-10-07T13:45:50.1117847Z   Python2_ROOT_DIR: /opt/hostedtoolcache/Python/3.13.15/x64
3 SAST (bandit)	Report every finding	2026-10-07T13:45:50.1118056Z   Python3_ROOT_DIR: /opt/hostedtoolcache/Python/3.13.15/x64
3 SAST (bandit)	Report every finding	2026-10-07T13:45:50.1118269Z   LD_LIBRARY_PATH: /opt/hostedtoolcache/Python/3.13.15/x64/lib
3 SAST (bandit)	Report every finding	2026-10-07T13:45:50.1118448Z ##[endgroup]
3 SAST (bandit)	Report every finding	2026-10-07T13:45:50.2813902Z [main]	INFO	profile include tests: None
3 SAST (bandit)	Report every finding	2026-10-07T13:45:50.2814735Z [main]	INFO	profile exclude tests: None
3 SAST (bandit)	Report every finding	2026-10-07T13:45:50.2815014Z [main]	INFO	cli include tests: None
3 SAST (bandit)	Report every finding	2026-10-07T13:45:50.2815249Z [main]	INFO	cli exclude tests: None
3 SAST (bandit)	Report every finding	2026-10-07T13:45:50.2815505Z [main]	INFO	using config: security/bandit.yaml
3 SAST (bandit)	Report every finding	2026-10-07T13:45:50.2815799Z [main]	INFO	running on Python 3.13.15
3 SAST (bandit)	Report every finding	2026-10-07T13:45:50.2948901Z [95mRun started:2026-10-07 13:45:50.294482+00:00[0m
3 SAST (bandit)	Report every finding	2026-10-07T13:45:50.2949278Z [95m
3 SAST (bandit)	Report every finding	2026-10-07T13:45:50.2949465Z Test results:[0m
3 SAST (bandit)	Report every finding	2026-10-07T13:45:50.2949697Z 	No issues identified.
3 SAST (bandit)	Report every finding	2026-10-07T13:45:50.2949897Z [95m
3 SAST (bandit)	Report every finding	2026-10-07T13:45:50.2950085Z Code scanned:[0m
3 SAST (bandit)	Report every finding	2026-10-07T13:45:50.2950262Z 	Total lines of code: 176
3 SAST (bandit)	Report every finding	2026-10-07T13:45:50.2950474Z 	Total lines skipped (#nosec): 0
3 SAST (bandit)	Report every finding	2026-10-07T13:45:50.2950686Z [95m
3 SAST (bandit)	Report every finding	2026-10-07T13:45:50.2950854Z Run metrics:[0m
3 SAST (bandit)	Report every finding	2026-10-07T13:45:50.2951035Z 	Total issues (by severity):
3 SAST (bandit)	Report every finding	2026-10-07T13:45:50.2951229Z 		Undefined: 0
3 SAST (bandit)	Report every finding	2026-10-07T13:45:50.2951388Z 		Low: 0
3 SAST (bandit)	Report every finding	2026-10-07T13:45:50.2951536Z 		Medium: 0
3 SAST (bandit)	Report every finding	2026-10-07T13:45:50.2951691Z 		High: 0
3 SAST (bandit)	Report every finding	2026-10-07T13:45:50.2951862Z 	Total issues (by confidence):
3 SAST (bandit)	Report every finding	2026-10-07T13:45:50.2952064Z 		Undefined: 0
3 SAST (bandit)	Report every finding	2026-10-07T13:45:50.2952221Z 		Low: 0
3 SAST (bandit)	Report every finding	2026-10-07T13:45:50.2952378Z 		Medium: 0
3 SAST (bandit)	Report every finding	2026-10-07T13:45:50.2952526Z 		High: 0
3 SAST (bandit)	Report every finding	2026-10-07T13:45:50.2952711Z [95mFiles skipped (0):[0m
3 SAST (bandit)	Report every finding	2026-10-07T13:45:50.4493778Z [main]	INFO	profile include tests: None
3 SAST (bandit)	Report every finding	2026-10-07T13:45:50.4494299Z [main]	INFO	profile exclude tests: None
3 SAST (bandit)	Report every finding	2026-10-07T13:45:50.4494785Z [main]	INFO	cli include tests: None
3 SAST (bandit)	Report every finding	2026-10-07T13:45:50.4495249Z [main]	INFO	cli exclude tests: None
3 SAST (bandit)	Report every finding	2026-10-07T13:45:50.4629958Z [json]	INFO	JSON output written to file: reports/bandit.json
3 SAST (bandit)	Report every finding	2026-10-07T13:45:50.6240721Z [main]	INFO	profile include tests: None
3 SAST (bandit)	Report every finding	2026-10-07T13:45:50.6241117Z [main]	INFO	profile exclude tests: None
3 SAST (bandit)	Report every finding	2026-10-07T13:45:50.6241382Z [main]	INFO	cli include tests: None
3 SAST (bandit)	Report every finding	2026-10-07T13:45:50.6241631Z [main]	INFO	cli exclude tests: None
3 SAST (bandit)	Report every finding	2026-10-07T13:45:50.6241906Z [main]	INFO	using config: security/bandit.yaml
3 SAST (bandit)	Report every finding	2026-10-07T13:45:50.6242190Z [main]	INFO	running on Python 3.13.15
3 SAST (bandit)	Report every finding	2026-10-07T13:45:50.6373095Z [sarif]	INFO	SARIF output written to file: reports/bandit.sarif
3 SAST (bandit)	Enforce the SAST policy	﻿2026-10-07T13:45:50.6723666Z ##[group]Run echo "policy: any finding of MEDIUM severity or above blocks the pipeline"
3 SAST (bandit)	Enforce the SAST policy	2026-10-07T13:45:50.6724041Z [36;1mecho "policy: any finding of MEDIUM severity or above blocks the pipeline"[0m
3 SAST (bandit)	Enforce the SAST policy	2026-10-07T13:45:50.6724312Z [36;1mbandit -c security/bandit.yaml -r app -ll -q -f screen[0m
3 SAST (bandit)	Enforce the SAST policy	2026-10-07T13:45:50.6724517Z [36;1mecho "SAST policy satisfied"[0m
3 SAST (bandit)	Enforce the SAST policy	2026-10-07T13:45:50.6778900Z shell: /usr/bin/bash --noprofile --norc -e -o pipefail {0}
3 SAST (bandit)	Enforce the SAST policy	2026-10-07T13:45:50.6779125Z env:
3 SAST (bandit)	Enforce the SAST policy	2026-10-07T13:45:50.6779258Z   APP_DIR: labs/17-devsecops
3 SAST (bandit)	Enforce the SAST policy	2026-10-07T13:45:50.6779402Z   IMAGE_NAME: claim-check-api
3 SAST (bandit)	Enforce the SAST policy	2026-10-07T13:45:50.6779541Z   TRIVY_VERSION: 0.75.0
3 SAST (bandit)	Enforce the SAST policy	2026-10-07T13:45:50.6779671Z   GITLEAKS_VERSION: 8.30.1
3 SAST (bandit)	Enforce the SAST policy	2026-10-07T13:45:50.6779799Z   PYTHON_VERSION: 3.13
3 SAST (bandit)	Enforce the SAST policy	2026-10-07T13:45:50.6779966Z   pythonLocation: /opt/hostedtoolcache/Python/3.13.15/x64
3 SAST (bandit)	Enforce the SAST policy	2026-10-07T13:45:50.6780209Z   PKG_CONFIG_PATH: /opt/hostedtoolcache/Python/3.13.15/x64/lib/pkgconfig
3 SAST (bandit)	Enforce the SAST policy	2026-10-07T13:45:50.6780442Z   Python_ROOT_DIR: /opt/hostedtoolcache/Python/3.13.15/x64
3 SAST (bandit)	Enforce the SAST policy	2026-10-07T13:45:50.6780733Z   Python2_ROOT_DIR: /opt/hostedtoolcache/Python/3.13.15/x64
3 SAST (bandit)	Enforce the SAST policy	2026-10-07T13:45:50.6780945Z   Python3_ROOT_DIR: /opt/hostedtoolcache/Python/3.13.15/x64
3 SAST (bandit)	Enforce the SAST policy	2026-10-07T13:45:50.6781160Z   LD_LIBRARY_PATH: /opt/hostedtoolcache/Python/3.13.15/x64/lib
3 SAST (bandit)	Enforce the SAST policy	2026-10-07T13:45:50.6781345Z ##[endgroup]
3 SAST (bandit)	Enforce the SAST policy	2026-10-07T13:45:50.6855397Z policy: any finding of MEDIUM severity or above blocks the pipeline
3 SAST (bandit)	Enforce the SAST policy	2026-10-07T13:45:50.8589818Z SAST policy satisfied
3 SAST (bandit)	Upload the SAST report	﻿2026-10-07T13:45:50.8661090Z ##[group]Run actions/upload-artifact@v4
3 SAST (bandit)	Upload the SAST report	2026-10-07T13:45:50.8661268Z with:
3 SAST (bandit)	Upload the SAST report	2026-10-07T13:45:50.8661387Z   name: sast-bandit-report
3 SAST (bandit)	Upload the SAST report	2026-10-07T13:45:50.8661524Z   path: labs/17-devsecops/reports
3 SAST (bandit)	Upload the SAST report	2026-10-07T13:45:50.8661663Z   retention-days: 7
3 SAST (bandit)	Upload the SAST report	2026-10-07T13:45:50.8661783Z   if-no-files-found: warn
3 SAST (bandit)	Upload the SAST report	2026-10-07T13:45:50.8661915Z   compression-level: 6
3 SAST (bandit)	Upload the SAST report	2026-10-07T13:45:50.8662040Z   overwrite: false
3 SAST (bandit)	Upload the SAST report	2026-10-07T13:45:50.8662158Z   include-hidden-files: false
3 SAST (bandit)	Upload the SAST report	2026-10-07T13:45:50.8662309Z env:
3 SAST (bandit)	Upload the SAST report	2026-10-07T13:45:50.8662420Z   APP_DIR: labs/17-devsecops
3 SAST (bandit)	Upload the SAST report	2026-10-07T13:45:50.8662558Z   IMAGE_NAME: claim-check-api
3 SAST (bandit)	Upload the SAST report	2026-10-07T13:45:50.8662692Z   TRIVY_VERSION: 0.75.0
3 SAST (bandit)	Upload the SAST report	2026-10-07T13:45:50.8662818Z   GITLEAKS_VERSION: 8.30.1
3 SAST (bandit)	Upload the SAST report	2026-10-07T13:45:50.8662947Z   PYTHON_VERSION: 3.13
3 SAST (bandit)	Upload the SAST report	2026-10-07T13:45:50.8663105Z   pythonLocation: /opt/hostedtoolcache/Python/3.13.15/x64
3 SAST (bandit)	Upload the SAST report	2026-10-07T13:45:50.8663346Z   PKG_CONFIG_PATH: /opt/hostedtoolcache/Python/3.13.15/x64/lib/pkgconfig
3 SAST (bandit)	Upload the SAST report	2026-10-07T13:45:50.8663601Z   Python_ROOT_DIR: /opt/hostedtoolcache/Python/3.13.15/x64
3 SAST (bandit)	Upload the SAST report	2026-10-07T13:45:50.8663863Z   Python2_ROOT_DIR: /opt/hostedtoolcache/Python/3.13.15/x64
3 SAST (bandit)	Upload the SAST report	2026-10-07T13:45:50.8664073Z   Python3_ROOT_DIR: /opt/hostedtoolcache/Python/3.13.15/x64
3 SAST (bandit)	Upload the SAST report	2026-10-07T13:45:50.8664284Z   LD_LIBRARY_PATH: /opt/hostedtoolcache/Python/3.13.15/x64/lib
3 SAST (bandit)	Upload the SAST report	2026-10-07T13:45:50.8664460Z ##[endgroup]
3 SAST (bandit)	Upload the SAST report	2026-10-07T13:45:50.9821923Z (node:2127) [DEP0040] DeprecationWarning: The `punycode` module is deprecated. Please use a userland alternative instead.
3 SAST (bandit)	Upload the SAST report	2026-10-07T13:45:50.9822615Z (Use `node --trace-deprecation ...` to show where the warning was created)
3 SAST (bandit)	Upload the SAST report	2026-10-07T13:45:50.9880933Z With the provided path, there will be 3 files uploaded
3 SAST (bandit)	Upload the SAST report	2026-10-07T13:45:50.9884267Z Artifact name is valid!
3 SAST (bandit)	Upload the SAST report	2026-10-07T13:45:50.9885639Z Root directory input is valid!
3 SAST (bandit)	Upload the SAST report	2026-10-07T13:45:51.2647182Z Beginning upload of artifact content to blob storage
3 SAST (bandit)	Upload the SAST report	2026-10-07T13:45:51.2786763Z (node:2127) [DEP0169] DeprecationWarning: `url.parse()` behavior is not standardized and prone to errors that have security implications. Use the WHATWG URL API instead. CVEs are not issued for `url.parse()` vulnerabilities.
3 SAST (bandit)	Upload the SAST report	2026-10-07T13:45:51.4293717Z Uploaded bytes 1282
3 SAST (bandit)	Upload the SAST report	2026-10-07T13:45:51.4747527Z Finished uploading artifact content to blob storage!
3 SAST (bandit)	Upload the SAST report	2026-10-07T13:45:51.4748434Z SHA256 digest of uploaded artifact zip is 568491d1072d22e62fa55f1cbdf233e31319d2e59274d09385e457dd642e2af6
3 SAST (bandit)	Upload the SAST report	2026-10-07T13:45:51.4755031Z Finalizing artifact upload
3 SAST (bandit)	Upload the SAST report	2026-10-07T13:45:51.8196347Z Artifact sast-bandit-report.zip successfully finalized. Artifact ID 11486122712
3 SAST (bandit)	Upload the SAST report	2026-10-07T13:45:51.8197793Z Artifact sast-bandit-report has been successfully uploaded! Final size is 1282 bytes. Artifact ID is 11486122712
3 SAST (bandit)	Upload the SAST report	2026-10-07T13:45:51.8201724Z Artifact download URL: https://github.com/AmanYadav7015/devops-coursework/actions/runs/37630958303/artifacts/11486122712
3 SAST (bandit)	Post Setup Python	﻿2026-10-07T13:45:51.8343581Z Post job cleanup.
3 SAST (bandit)	Post Setup Python	2026-10-07T13:45:51.9179268Z (node:2139) [DEP0040] DeprecationWarning: The `punycode` module is deprecated. Please use a userland alternative instead.
3 SAST (bandit)	Post Setup Python	2026-10-07T13:45:51.9180067Z (Use `node --trace-deprecation ...` to show where the warning was created)
3 SAST (bandit)	Post Checkout code	﻿2026-10-07T13:45:51.9321298Z Post job cleanup.
3 SAST (bandit)	Post Checkout code	2026-10-07T13:45:51.9965579Z [command]/usr/bin/git version
3 SAST (bandit)	Post Checkout code	2026-10-07T13:45:51.9999756Z git version 2.55.0
3 SAST (bandit)	Post Checkout code	2026-10-07T13:45:52.0026537Z Temporarily overriding HOME='/home/runner/work/_temp/15ee1ca6-f640-41ed-a101-85924dfd5a7e' before making global git config changes
3 SAST (bandit)	Post Checkout code	2026-10-07T13:45:52.0027580Z Adding repository directory to the temporary git global config as a safe directory
3 SAST (bandit)	Post Checkout code	2026-10-07T13:45:52.0031042Z [command]/usr/bin/git config --global --add safe.directory /home/runner/work/devops-coursework/devops-coursework
3 SAST (bandit)	Post Checkout code	2026-10-07T13:45:52.0070783Z [command]/usr/bin/git config --local --name-only --get-regexp core\.sshCommand
3 SAST (bandit)	Post Checkout code	2026-10-07T13:45:52.0105547Z [command]/usr/bin/git submodule foreach --recursive sh -c "git config --local --name-only --get-regexp 'core\.sshCommand' && git config --local --unset-all 'core.sshCommand' || :"
3 SAST (bandit)	Post Checkout code	2026-10-07T13:45:52.0333875Z [command]/usr/bin/git config --local --name-only --get-regexp http\.https\:\/\/github\.com\/\.extraheader
3 SAST (bandit)	Post Checkout code	2026-10-07T13:45:52.0366688Z http.https://github.com/.extraheader
3 SAST (bandit)	Post Checkout code	2026-10-07T13:45:52.0378742Z [command]/usr/bin/git config --local --unset-all http.https://github.com/.extraheader
3 SAST (bandit)	Post Checkout code	2026-10-07T13:45:52.0417017Z [command]/usr/bin/git submodule foreach --recursive sh -c "git config --local --name-only --get-regexp 'http\.https\:\/\/github\.com\/\.extraheader' && git config --local --unset-all 'http.https://github.com/.extraheader' || :"
3 SAST (bandit)	Post Checkout code	2026-10-07T13:45:52.0632999Z [command]/usr/bin/git config --local --name-only --get-regexp ^includeIf\.gitdir:
3 SAST (bandit)	Post Checkout code	2026-10-07T13:45:52.0666854Z [command]/usr/bin/git submodule foreach --recursive git config --local --show-origin --name-only --get-regexp remote.origin.url
3 SAST (bandit)	Complete job	﻿2026-10-07T13:45:52.0974517Z Cleaning up orphan processes
3 SAST (bandit)	Complete job	2026-10-07T13:45:52.1177594Z ##[warning]Node.js 20 is deprecated. The following actions target Node.js 20 but are being forced to run on Node.js 24: actions/checkout@v4, actions/setup-python@v5, actions/upload-artifact@v4. For more information see: https://github.blog/changelog/2025-09-19-deprecation-of-node-20-on-github-actions-runners/
3b SAST (CodeQL)	Set up job	﻿2026-10-07T13:45:43.6435019Z Current runner version: '2.337.0'
3b SAST (CodeQL)	Set up job	2026-10-07T13:45:43.6477341Z ##[group]Runner Image Provisioner
3b SAST (CodeQL)	Set up job	2026-10-07T13:45:43.6479002Z Hosted Compute Agent
3b SAST (CodeQL)	Set up job	2026-10-07T13:45:43.6480209Z Version: 20260901.588
3b SAST (CodeQL)	Set up job	2026-10-07T13:45:43.6481640Z Commit: f88ec8081b781fac6c440065ac7ff9e710ce3d0b
3b SAST (CodeQL)	Set up job	2026-10-07T13:45:43.6482986Z Build Date: 2026-09-01T19:56:44Z
3b SAST (CodeQL)	Set up job	2026-10-07T13:45:43.6484490Z Worker ID: {af4b53b1-6dc4-46ab-85fe-aac5f1f14633}
3b SAST (CodeQL)	Set up job	2026-10-07T13:45:43.6485845Z Azure Region: centralus
3b SAST (CodeQL)	Set up job	2026-10-07T13:45:43.6487027Z ##[endgroup]
3b SAST (CodeQL)	Set up job	2026-10-07T13:45:43.6489495Z ##[group]Operating System
3b SAST (CodeQL)	Set up job	2026-10-07T13:45:43.6490670Z Ubuntu
3b SAST (CodeQL)	Set up job	2026-10-07T13:45:43.6492163Z 24.04.5
3b SAST (CodeQL)	Set up job	2026-10-07T13:45:43.6493175Z LTS
3b SAST (CodeQL)	Set up job	2026-10-07T13:45:43.6494183Z ##[endgroup]
3b SAST (CodeQL)	Set up job	2026-10-07T13:45:43.6495170Z ##[group]Runner Image
3b SAST (CodeQL)	Set up job	2026-10-07T13:45:43.6496135Z Image: ubuntu-24.04
3b SAST (CodeQL)	Set up job	2026-10-07T13:45:43.6497137Z Version: 20260927.320.1
3b SAST (CodeQL)	Set up job	2026-10-07T13:45:43.6498778Z Included Software: https://github.com/actions/runner-images/blob/ubuntu24/20260927.320/images/ubuntu/Ubuntu2404-Readme.md
3b SAST (CodeQL)	Set up job	2026-10-07T13:45:43.6500776Z Image Release: https://github.com/actions/runner-images/releases/tag/ubuntu24%2F20260927.320
3b SAST (CodeQL)	Set up job	2026-10-07T13:45:43.6502163Z ##[endgroup]
3b SAST (CodeQL)	Set up job	2026-10-07T13:45:43.6503601Z ##[group]GITHUB_TOKEN Permissions
3b SAST (CodeQL)	Set up job	2026-10-07T13:45:43.6506077Z Contents: read
3b SAST (CodeQL)	Set up job	2026-10-07T13:45:43.6507177Z Metadata: read
3b SAST (CodeQL)	Set up job	2026-10-07T13:45:43.6507762Z SecurityEvents: write
3b SAST (CodeQL)	Set up job	2026-10-07T13:45:43.6508345Z ##[endgroup]
3b SAST (CodeQL)	Set up job	2026-10-07T13:45:43.6510783Z Secret source: Actions
3b SAST (CodeQL)	Set up job	2026-10-07T13:45:43.6512083Z Cache mode: write
3b SAST (CodeQL)	Set up job	2026-10-07T13:45:43.6513274Z Prepare workflow directory
3b SAST (CodeQL)	Set up job	2026-10-07T13:45:43.7031721Z Prepare all required actions
3b SAST (CodeQL)	Set up job	2026-10-07T13:45:43.7107089Z Getting action download info
3b SAST (CodeQL)	Set up job	2026-10-07T13:45:43.9979534Z Download action repository 'actions/checkout@v4' (SHA:11d5960a326750d5838078e36cf38b85af677262)
3b SAST (CodeQL)	Set up job	2026-10-07T13:45:44.1010186Z Download action repository 'github/codeql-action@v3' (SHA:1190a975f95ce23525efb6a3fc21ea29567c1b52)
3b SAST (CodeQL)	Set up job	2026-10-07T13:45:44.7353388Z Complete job name: 3b SAST (CodeQL)
3b SAST (CodeQL)	Checkout code	﻿2026-10-07T13:45:44.8167731Z ##[group]Run actions/checkout@v4
3b SAST (CodeQL)	Checkout code	2026-10-07T13:45:44.8168849Z with:
3b SAST (CodeQL)	Checkout code	2026-10-07T13:45:44.8169406Z   repository: AmanYadav7015/devops-coursework
3b SAST (CodeQL)	Checkout code	2026-10-07T13:45:44.8174459Z   token: ***
3b SAST (CodeQL)	Checkout code	2026-10-07T13:45:44.8174973Z   ssh-strict: true
3b SAST (CodeQL)	Checkout code	2026-10-07T13:45:44.8175475Z   ssh-user: git
3b SAST (CodeQL)	Checkout code	2026-10-07T13:45:44.8175997Z   persist-credentials: true
3b SAST (CodeQL)	Checkout code	2026-10-07T13:45:44.8176569Z   clean: true
3b SAST (CodeQL)	Checkout code	2026-10-07T13:45:44.8177085Z   sparse-checkout-cone-mode: true
3b SAST (CodeQL)	Checkout code	2026-10-07T13:45:44.8177695Z   fetch-depth: 1
3b SAST (CodeQL)	Checkout code	2026-10-07T13:45:44.8178195Z   fetch-tags: false
3b SAST (CodeQL)	Checkout code	2026-10-07T13:45:44.8178714Z   show-progress: true
3b SAST (CodeQL)	Checkout code	2026-10-07T13:45:44.8179249Z   lfs: false
3b SAST (CodeQL)	Checkout code	2026-10-07T13:45:44.8179729Z   submodules: false
3b SAST (CodeQL)	Checkout code	2026-10-07T13:45:44.8180269Z   set-safe-directory: true
3b SAST (CodeQL)	Checkout code	2026-10-07T13:45:44.8180855Z   allow-unsafe-pr-checkout: false
3b SAST (CodeQL)	Checkout code	2026-10-07T13:45:44.8181976Z env:
3b SAST (CodeQL)	Checkout code	2026-10-07T13:45:44.8182496Z   APP_DIR: labs/17-devsecops
3b SAST (CodeQL)	Checkout code	2026-10-07T13:45:44.8183084Z   IMAGE_NAME: claim-check-api
3b SAST (CodeQL)	Checkout code	2026-10-07T13:45:44.8183657Z   TRIVY_VERSION: 0.75.0
3b SAST (CodeQL)	Checkout code	2026-10-07T13:45:44.8184254Z   GITLEAKS_VERSION: 8.30.1
3b SAST (CodeQL)	Checkout code	2026-10-07T13:45:44.8184812Z   PYTHON_VERSION: 3.13
3b SAST (CodeQL)	Checkout code	2026-10-07T13:45:44.8185316Z ##[endgroup]
3b SAST (CodeQL)	Checkout code	2026-10-07T13:45:44.9259466Z Syncing repository: AmanYadav7015/devops-coursework
3b SAST (CodeQL)	Checkout code	2026-10-07T13:45:44.9263029Z ##[group]Getting Git version info
3b SAST (CodeQL)	Checkout code	2026-10-07T13:45:44.9264536Z Working directory is '/home/runner/work/devops-coursework/devops-coursework'
3b SAST (CodeQL)	Checkout code	2026-10-07T13:45:44.9266591Z [command]/usr/bin/git version
3b SAST (CodeQL)	Checkout code	2026-10-07T13:45:44.9364246Z git version 2.55.0
3b SAST (CodeQL)	Checkout code	2026-10-07T13:45:44.9370970Z ##[endgroup]
3b SAST (CodeQL)	Checkout code	2026-10-07T13:45:44.9388233Z Temporarily overriding HOME='/home/runner/work/_temp/32337d62-d9d3-47f5-a35e-1e435febb4a2' before making global git config changes
3b SAST (CodeQL)	Checkout code	2026-10-07T13:45:44.9392031Z Adding repository directory to the temporary git global config as a safe directory
3b SAST (CodeQL)	Checkout code	2026-10-07T13:45:44.9397092Z [command]/usr/bin/git config --global --add safe.directory /home/runner/work/devops-coursework/devops-coursework
3b SAST (CodeQL)	Checkout code	2026-10-07T13:45:44.9453816Z Deleting the contents of '/home/runner/work/devops-coursework/devops-coursework'
3b SAST (CodeQL)	Checkout code	2026-10-07T13:45:44.9458916Z ##[group]Initializing the repository
3b SAST (CodeQL)	Checkout code	2026-10-07T13:45:44.9464537Z [command]/usr/bin/git init /home/runner/work/devops-coursework/devops-coursework
3b SAST (CodeQL)	Checkout code	2026-10-07T13:45:44.9608098Z hint: Using 'master' as the name for the initial branch. This default branch name
3b SAST (CodeQL)	Checkout code	2026-10-07T13:45:44.9610234Z hint: will change to "main" in Git 3.0. To configure the initial branch name
3b SAST (CodeQL)	Checkout code	2026-10-07T13:45:44.9612745Z hint: to use in all of your new repositories, which will suppress this warning,
3b SAST (CodeQL)	Checkout code	2026-10-07T13:45:44.9614919Z hint: call:
3b SAST (CodeQL)	Checkout code	2026-10-07T13:45:44.9615890Z hint:
3b SAST (CodeQL)	Checkout code	2026-10-07T13:45:44.9617122Z hint: 	git config --global init.defaultBranch <name>
3b SAST (CodeQL)	Checkout code	2026-10-07T13:45:44.9618832Z hint:
3b SAST (CodeQL)	Checkout code	2026-10-07T13:45:44.9620742Z hint: Names commonly chosen instead of 'master' are 'main', 'trunk' and
3b SAST (CodeQL)	Checkout code	2026-10-07T13:45:44.9623232Z hint: 'development'. The just-created branch can be renamed via this command:
3b SAST (CodeQL)	Checkout code	2026-10-07T13:45:44.9624991Z hint:
3b SAST (CodeQL)	Checkout code	2026-10-07T13:45:44.9625898Z hint: 	git branch -m <name>
3b SAST (CodeQL)	Checkout code	2026-10-07T13:45:44.9627036Z hint:
3b SAST (CodeQL)	Checkout code	2026-10-07T13:45:44.9628406Z hint: Disable this message with "git config set advice.defaultBranchName false"
3b SAST (CodeQL)	Checkout code	2026-10-07T13:45:44.9631035Z Initialized empty Git repository in /home/runner/work/devops-coursework/devops-coursework/.git/
3b SAST (CodeQL)	Checkout code	2026-10-07T13:45:44.9635270Z [command]/usr/bin/git remote add origin https://github.com/AmanYadav7015/devops-coursework
3b SAST (CodeQL)	Checkout code	2026-10-07T13:45:44.9694123Z ##[endgroup]
3b SAST (CodeQL)	Checkout code	2026-10-07T13:45:44.9695144Z ##[group]Disabling automatic garbage collection
3b SAST (CodeQL)	Checkout code	2026-10-07T13:45:44.9699653Z [command]/usr/bin/git config --local gc.auto 0
3b SAST (CodeQL)	Checkout code	2026-10-07T13:45:44.9735669Z ##[endgroup]
3b SAST (CodeQL)	Checkout code	2026-10-07T13:45:44.9736933Z ##[group]Setting up auth
3b SAST (CodeQL)	Checkout code	2026-10-07T13:45:44.9745641Z [command]/usr/bin/git config --local --name-only --get-regexp core\.sshCommand
3b SAST (CodeQL)	Checkout code	2026-10-07T13:45:44.9782557Z [command]/usr/bin/git submodule foreach --recursive sh -c "git config --local --name-only --get-regexp 'core\.sshCommand' && git config --local --unset-all 'core.sshCommand' || :"
3b SAST (CodeQL)	Checkout code	2026-10-07T13:45:45.0208077Z [command]/usr/bin/git config --local --name-only --get-regexp http\.https\:\/\/github\.com\/\.extraheader
3b SAST (CodeQL)	Checkout code	2026-10-07T13:45:45.0249827Z [command]/usr/bin/git submodule foreach --recursive sh -c "git config --local --name-only --get-regexp 'http\.https\:\/\/github\.com\/\.extraheader' && git config --local --unset-all 'http.https://github.com/.extraheader' || :"
3b SAST (CodeQL)	Checkout code	2026-10-07T13:45:45.0494967Z [command]/usr/bin/git config --local --name-only --get-regexp ^includeIf\.gitdir:
3b SAST (CodeQL)	Checkout code	2026-10-07T13:45:45.0533665Z [command]/usr/bin/git submodule foreach --recursive git config --local --show-origin --name-only --get-regexp remote.origin.url
3b SAST (CodeQL)	Checkout code	2026-10-07T13:45:45.0777376Z [command]/usr/bin/git config --local http.https://github.com/.extraheader AUTHORIZATION: basic ***
3b SAST (CodeQL)	Checkout code	2026-10-07T13:45:45.0822333Z ##[endgroup]
3b SAST (CodeQL)	Checkout code	2026-10-07T13:45:45.0823516Z ##[group]Fetching the repository
3b SAST (CodeQL)	Checkout code	2026-10-07T13:45:45.0833743Z [command]/usr/bin/git -c protocol.version=2 fetch --no-tags --prune --no-recurse-submodules --depth=1 origin +d649c6f2dedd69b2422b8135c9faa58c6cfa6e26:refs/remotes/origin/session-17-devsecops-ci
3b SAST (CodeQL)	Checkout code	2026-10-07T13:45:46.0781255Z From https://github.com/AmanYadav7015/devops-coursework
3b SAST (CodeQL)	Checkout code	2026-10-07T13:45:46.0785578Z  * [new ref]         d649c6f2dedd69b2422b8135c9faa58c6cfa6e26 -> origin/session-17-devsecops-ci
3b SAST (CodeQL)	Checkout code	2026-10-07T13:45:46.0795518Z ##[endgroup]
3b SAST (CodeQL)	Checkout code	2026-10-07T13:45:46.0797787Z ##[group]Determining the checkout info
3b SAST (CodeQL)	Checkout code	2026-10-07T13:45:46.0799787Z ##[endgroup]
3b SAST (CodeQL)	Checkout code	2026-10-07T13:45:46.0800626Z [command]/usr/bin/git sparse-checkout disable
3b SAST (CodeQL)	Checkout code	2026-10-07T13:45:46.0865956Z [command]/usr/bin/git config --local --unset-all extensions.worktreeConfig
3b SAST (CodeQL)	Checkout code	2026-10-07T13:45:46.0905765Z ##[group]Checking out the ref
3b SAST (CodeQL)	Checkout code	2026-10-07T13:45:46.0910167Z [command]/usr/bin/git checkout --progress --force -B session-17-devsecops-ci refs/remotes/origin/session-17-devsecops-ci
3b SAST (CodeQL)	Checkout code	2026-10-07T13:45:46.2136992Z Switched to a new branch 'session-17-devsecops-ci'
3b SAST (CodeQL)	Checkout code	2026-10-07T13:45:46.2142696Z branch 'session-17-devsecops-ci' set up to track 'origin/session-17-devsecops-ci'.
3b SAST (CodeQL)	Checkout code	2026-10-07T13:45:46.2154993Z ##[endgroup]
3b SAST (CodeQL)	Checkout code	2026-10-07T13:45:46.2206342Z [command]/usr/bin/git log -1 --format=%H
3b SAST (CodeQL)	Checkout code	2026-10-07T13:45:46.2238311Z d649c6f2dedd69b2422b8135c9faa58c6cfa6e26
3b SAST (CodeQL)	Initialize CodeQL	﻿2026-10-07T13:45:46.2766556Z ##[group]Run github/codeql-action/init@v3
3b SAST (CodeQL)	Initialize CodeQL	2026-10-07T13:45:46.2767739Z with:
3b SAST (CodeQL)	Initialize CodeQL	2026-10-07T13:45:46.2768480Z   languages: python
3b SAST (CodeQL)	Initialize CodeQL	2026-10-07T13:45:46.2769428Z   config: paths:
3b SAST (CodeQL)	Initialize CodeQL	  - labs/17-devsecops/app
3b SAST (CodeQL)	Initialize CodeQL	
3b SAST (CodeQL)	Initialize CodeQL	2026-10-07T13:45:46.2770603Z   analysis-kinds: code-scanning
3b SAST (CodeQL)	Initialize CodeQL	2026-10-07T13:45:46.2781919Z   token: ***
3b SAST (CodeQL)	Initialize CodeQL	2026-10-07T13:45:46.2782745Z   matrix: null
3b SAST (CodeQL)	Initialize CodeQL	2026-10-07T13:45:46.2783525Z   debug: false
3b SAST (CodeQL)	Initialize CodeQL	2026-10-07T13:45:46.2784320Z   check-run-id: 112825183761
3b SAST (CodeQL)	Initialize CodeQL	2026-10-07T13:45:46.2785252Z   job-status: success
3b SAST (CodeQL)	Initialize CodeQL	2026-10-07T13:45:46.2786070Z env:
3b SAST (CodeQL)	Initialize CodeQL	2026-10-07T13:45:46.2786813Z   APP_DIR: labs/17-devsecops
3b SAST (CodeQL)	Initialize CodeQL	2026-10-07T13:45:46.2787796Z   IMAGE_NAME: claim-check-api
3b SAST (CodeQL)	Initialize CodeQL	2026-10-07T13:45:46.2788786Z   TRIVY_VERSION: 0.75.0
3b SAST (CodeQL)	Initialize CodeQL	2026-10-07T13:45:46.2789680Z   GITLEAKS_VERSION: 8.30.1
3b SAST (CodeQL)	Initialize CodeQL	2026-10-07T13:45:46.2790609Z   PYTHON_VERSION: 3.13
3b SAST (CodeQL)	Initialize CodeQL	2026-10-07T13:45:46.2791615Z ##[endgroup]
3b SAST (CodeQL)	Initialize CodeQL	2026-10-07T13:45:46.5373545Z Job run UUID is f41716d1-0d0b-49e9-85a3-fbbc6426aa81.
3b SAST (CodeQL)	Initialize CodeQL	2026-10-07T13:45:46.5459383Z ##[warning]CodeQL Action v3 will be deprecated in December 2026. Please update all occurrences of the CodeQL Action in your workflow files to v4. For more information, see https://github.blog/changelog/2025-10-28-upcoming-deprecation-of-codeql-action-v3/
3b SAST (CodeQL)	Initialize CodeQL	2026-10-07T13:45:48.2149436Z ##[group]Setup CodeQL tools
3b SAST (CodeQL)	Initialize CodeQL	2026-10-07T13:45:48.2224583Z [command]/usr/bin/tar --version
3b SAST (CodeQL)	Initialize CodeQL	2026-10-07T13:45:48.2270665Z tar (GNU tar) 1.35
3b SAST (CodeQL)	Initialize CodeQL	2026-10-07T13:45:48.2271316Z Copyright (C) 2023 Free Software Foundation, Inc.
3b SAST (CodeQL)	Initialize CodeQL	2026-10-07T13:45:48.2272532Z License GPLv3+: GNU GPL version 3 or later <https://gnu.org/licenses/gpl.html>.
3b SAST (CodeQL)	Initialize CodeQL	2026-10-07T13:45:48.2273615Z This is free software: you are free to change and redistribute it.
3b SAST (CodeQL)	Initialize CodeQL	2026-10-07T13:45:48.2274474Z There is NO WARRANTY, to the extent permitted by law.
3b SAST (CodeQL)	Initialize CodeQL	2026-10-07T13:45:48.2275023Z 
3b SAST (CodeQL)	Initialize CodeQL	2026-10-07T13:45:48.2275265Z Written by John Gilmore and Jay Fenlason.
3b SAST (CodeQL)	Initialize CodeQL	2026-10-07T13:45:48.2283768Z Found gnu tar version 1.35.
3b SAST (CodeQL)	Initialize CodeQL	2026-10-07T13:45:48.2311731Z Found CodeQL tools version 2.27.1 in the toolcache.
3b SAST (CodeQL)	Initialize CodeQL	2026-10-07T13:45:48.2312735Z Using CodeQL CLI version 2.27.1 from toolcache at /opt/hostedtoolcache/CodeQL/2.27.1/x64
3b SAST (CodeQL)	Initialize CodeQL	2026-10-07T13:45:49.1593050Z {
3b SAST (CodeQL)	Initialize CodeQL	2026-10-07T13:45:49.1593756Z   "productName": "CodeQL",
3b SAST (CodeQL)	Initialize CodeQL	2026-10-07T13:45:49.1594255Z   "vendor": "GitHub",
3b SAST (CodeQL)	Initialize CodeQL	2026-10-07T13:45:49.1594707Z   "version": "2.27.1",
3b SAST (CodeQL)	Initialize CodeQL	2026-10-07T13:45:49.1595172Z   "sha": "938af3639d0709b587251e45d9f8d2bdc3505696",
3b SAST (CodeQL)	Initialize CodeQL	2026-10-07T13:45:49.1595711Z   "branches": [
3b SAST (CodeQL)	Initialize CodeQL	2026-10-07T13:45:49.1596099Z     "codeql-cli-2.27.1"
3b SAST (CodeQL)	Initialize CodeQL	2026-10-07T13:45:49.1596508Z   ],
3b SAST (CodeQL)	Initialize CodeQL	2026-10-07T13:45:49.1596927Z   "copyright": "Copyright (C) 2019-2026 GitHub, Inc.",
3b SAST (CodeQL)	Initialize CodeQL	2026-10-07T13:45:49.1597679Z   "unpackedLocation": "/opt/hostedtoolcache/CodeQL/2.27.1/x64/codeql",
3b SAST (CodeQL)	Initialize CodeQL	2026-10-07T13:45:49.1598862Z   "configFileLocation": "/home/runner/.config/codeql/config",
3b SAST (CodeQL)	Initialize CodeQL	2026-10-07T13:45:49.1599927Z   "configFileFound": false,
3b SAST (CodeQL)	Initialize CodeQL	2026-10-07T13:45:49.1600410Z   "overlayVersion": 4,
3b SAST (CodeQL)	Initialize CodeQL	2026-10-07T13:45:49.1601256Z   "features": {
3b SAST (CodeQL)	Initialize CodeQL	2026-10-07T13:45:49.1602029Z     "analysisSummaryV2Default": true,
3b SAST (CodeQL)	Initialize CodeQL	2026-10-07T13:45:49.1602578Z     "buildModeOption": true,
3b SAST (CodeQL)	Initialize CodeQL	2026-10-07T13:45:49.1603123Z     "bundleSupportsIncludeDiagnostics": true,
3b SAST (CodeQL)	Initialize CodeQL	2026-10-07T13:45:49.1603737Z     "bundleSupportsIncludeLogs": true,
3b SAST (CodeQL)	Initialize CodeQL	2026-10-07T13:45:49.1604261Z     "bundleSupportsOverlay": true,
3b SAST (CodeQL)	Initialize CodeQL	2026-10-07T13:45:49.1604948Z     "databaseInterpretResultsSupportsSarifRunProperty": true,
3b SAST (CodeQL)	Initialize CodeQL	2026-10-07T13:45:49.1605642Z     "featuresInVersionResult": true,
3b SAST (CodeQL)	Initialize CodeQL	2026-10-07T13:45:49.1606229Z     "indirectTracingSupportsStaticBinaries": false,
3b SAST (CodeQL)	Initialize CodeQL	2026-10-07T13:45:49.1606881Z     "informsAboutUnsupportedPathFilters": true,
3b SAST (CodeQL)	Initialize CodeQL	2026-10-07T13:45:49.1607446Z     "supportsPython312": true,
3b SAST (CodeQL)	Initialize CodeQL	2026-10-07T13:45:49.1607903Z     "mrvaPackCreate": true,
3b SAST (CodeQL)	Initialize CodeQL	2026-10-07T13:45:49.1608342Z     "threatModelOption": true,
3b SAST (CodeQL)	Initialize CodeQL	2026-10-07T13:45:49.1608834Z     "traceCommandUseBuildMode": true,
3b SAST (CodeQL)	Initialize CodeQL	2026-10-07T13:45:49.1609317Z     "v2ramSizing": true,
3b SAST (CodeQL)	Initialize CodeQL	2026-10-07T13:45:49.1610030Z     "mrvaPackCreateMultipleQueries": true,
3b SAST (CodeQL)	Initialize CodeQL	2026-10-07T13:45:49.1610572Z     "setsCodeqlRunnerEnvVar": true,
3b SAST (CodeQL)	Initialize CodeQL	2026-10-07T13:45:49.1611097Z     "sarifMergeRunsFromEqualCategory": true,
3b SAST (CodeQL)	Initialize CodeQL	2026-10-07T13:45:49.1612177Z     "forceOverwrite": true,
3b SAST (CodeQL)	Initialize CodeQL	2026-10-07T13:45:49.1612702Z     "generateSummarySymbolMap": true,
3b SAST (CodeQL)	Initialize CodeQL	2026-10-07T13:45:49.1613211Z     "pythonDefaultIsToNotExtractStdlib": true,
3b SAST (CodeQL)	Initialize CodeQL	2026-10-07T13:45:49.1613627Z     "queryServerRunQueries": true,
3b SAST (CodeQL)	Initialize CodeQL	2026-10-07T13:45:49.1613993Z     "queryServerTrimCacheWithMode": true,
3b SAST (CodeQL)	Initialize CodeQL	2026-10-07T13:45:49.1614427Z     "builtinExtractorsSpecifyDefaultQueries": true,
3b SAST (CodeQL)	Initialize CodeQL	2026-10-07T13:45:49.1614852Z     "bqrsDiffResultSets": true,
3b SAST (CodeQL)	Initialize CodeQL	2026-10-07T13:45:49.1615202Z     "bundleSupportsIncludeOption": true,
3b SAST (CodeQL)	Initialize CodeQL	2026-10-07T13:45:49.1615620Z     "suppressesMissingFileBaselineWarning": true
3b SAST (CodeQL)	Initialize CodeQL	2026-10-07T13:45:49.1616007Z   }
3b SAST (CodeQL)	Initialize CodeQL	2026-10-07T13:45:49.1616233Z }
3b SAST (CodeQL)	Initialize CodeQL	2026-10-07T13:45:49.1617207Z ##[endgroup]
3b SAST (CodeQL)	Initialize CodeQL	2026-10-07T13:45:49.1617694Z ##[group]Validating workflow
3b SAST (CodeQL)	Initialize CodeQL	2026-10-07T13:45:49.5488828Z Detected no issues with the code scanning workflow.
3b SAST (CodeQL)	Initialize CodeQL	2026-10-07T13:45:49.5490066Z ##[endgroup]
3b SAST (CodeQL)	Initialize CodeQL	2026-10-07T13:45:49.5497700Z ##[group]Load language configuration
3b SAST (CodeQL)	Initialize CodeQL	2026-10-07T13:45:49.5514832Z [command]/opt/hostedtoolcache/CodeQL/2.27.1/x64/codeql/codeql resolve languages --format=betterjson --extractor-options-verbosity=4 --extractor-include-aliases --filter-to-languages-with-queries
3b SAST (CodeQL)	Initialize CodeQL	2026-10-07T13:45:50.6692594Z {
3b SAST (CodeQL)	Initialize CodeQL	2026-10-07T13:45:50.6693087Z   "aliases" : {
3b SAST (CodeQL)	Initialize CodeQL	2026-10-07T13:45:50.6693460Z     "c" : "cpp",
3b SAST (CodeQL)	Initialize CodeQL	2026-10-07T13:45:50.6693806Z     "c++" : "cpp",
3b SAST (CodeQL)	Initialize CodeQL	2026-10-07T13:45:50.6694148Z     "c-c++" : "cpp",
3b SAST (CodeQL)	Initialize CodeQL	2026-10-07T13:45:50.6694513Z     "c-cpp" : "cpp",
3b SAST (CodeQL)	Initialize CodeQL	2026-10-07T13:45:50.6694894Z     "c#" : "csharp",
3b SAST (CodeQL)	Initialize CodeQL	2026-10-07T13:45:50.6695267Z     "java-kotlin" : "java",
3b SAST (CodeQL)	Initialize CodeQL	2026-10-07T13:45:50.6695687Z     "kotlin" : "java",
3b SAST (CodeQL)	Initialize CodeQL	2026-10-07T13:45:50.6696116Z     "javascript-typescript" : "javascript",
3b SAST (CodeQL)	Initialize CodeQL	2026-10-07T13:45:50.6696632Z     "typescript" : "javascript"
3b SAST (CodeQL)	Initialize CodeQL	2026-10-07T13:45:50.6697044Z   },
3b SAST (CodeQL)	Initialize CodeQL	2026-10-07T13:45:50.6697350Z   "extractors" : {
3b SAST (CodeQL)	Initialize CodeQL	2026-10-07T13:45:50.6697732Z     "rust" : [
3b SAST (CodeQL)	Initialize CodeQL	2026-10-07T13:45:50.6698058Z       {
3b SAST (CodeQL)	Initialize CodeQL	2026-10-07T13:45:50.6698588Z         "extractor_root" : "/opt/hostedtoolcache/CodeQL/2.27.1/x64/codeql/rust",
3b SAST (CodeQL)	Initialize CodeQL	2026-10-07T13:45:50.6699312Z         "extractor_options" : {
3b SAST (CodeQL)	Initialize CodeQL	2026-10-07T13:45:50.6699727Z           "trap" : {
3b SAST (CodeQL)	Initialize CodeQL	2026-10-07T13:45:50.6700134Z             "title" : "Options pertaining to TRAP.",
3b SAST (CodeQL)	Initialize CodeQL	2026-10-07T13:45:50.6700739Z             "description" : "Options pertaining to TRAP.",
3b SAST (CodeQL)	Initialize CodeQL	2026-10-07T13:45:50.6701267Z             "type" : "object",
3b SAST (CodeQL)	Initialize CodeQL	2026-10-07T13:45:50.6701914Z             "properties" : {
3b SAST (CodeQL)	Initialize CodeQL	2026-10-07T13:45:50.6702328Z               "compression" : {
3b SAST (CodeQL)	Initialize CodeQL	2026-10-07T13:45:50.6702998Z                 "title" : "Controls compression for the TRAP files written by the extractor.",
3b SAST (CodeQL)	Initialize CodeQL	2026-10-07T13:45:50.6705010Z                 "description" : "This option is only intended for use in debugging the extractor. Accepted values are 'gzip' (to write gzip-compressed TRAP) 'zstd' (the default, to write Zstandard-compressed TRAP) and 'none' (to write uncompressed TRAP).\n",
3b SAST (CodeQL)	Initialize CodeQL	2026-10-07T13:45:50.6706837Z                 "type" : "string",
3b SAST (CodeQL)	Initialize CodeQL	2026-10-07T13:45:50.6707304Z                 "pattern" : "^(none|gzip|zstd)$"
3b SAST (CodeQL)	Initialize CodeQL	2026-10-07T13:45:50.6707956Z               }
3b SAST (CodeQL)	Initialize CodeQL	2026-10-07T13:45:50.6708282Z             }
3b SAST (CodeQL)	Initialize CodeQL	2026-10-07T13:45:50.6708588Z           },
3b SAST (CodeQL)	Initialize CodeQL	2026-10-07T13:45:50.6708918Z           "cargo_target_dir" : {
3b SAST (CodeQL)	Initialize CodeQL	2026-10-07T13:45:50.6709437Z             "title" : "Directory to use for cargo output files.",
3b SAST (CodeQL)	Initialize CodeQL	2026-10-07T13:45:50.6712320Z             "description" : "This value is an optional path to use as `CARGO_TARGET_DIR` for the internal cargo commands the extractor uses. Pointing it to a persistent directory may reduce execution time of consecutive extractor runs. By default, a new scratch directory is used for each extraction, while qltests use the test's `target` directory so artifacts can be reused across runs.\n",
3b SAST (CodeQL)	Initialize CodeQL	2026-10-07T13:45:50.6714905Z             "type" : "string"
3b SAST (CodeQL)	Initialize CodeQL	2026-10-07T13:45:50.6715304Z           },
3b SAST (CodeQL)	Initialize CodeQL	2026-10-07T13:45:50.6715636Z           "cargo_target" : {
3b SAST (CodeQL)	Initialize CodeQL	2026-10-07T13:45:50.6716525Z             "title" : "Target architecture",
3b SAST (CodeQL)	Initialize CodeQL	2026-10-07T13:45:50.6717618Z             "description" : "Target architecture to use for analysis, analogous to `cargo --target`. By default the host architecture is used.\n",
3b SAST (CodeQL)	Initialize CodeQL	2026-10-07T13:45:50.6718918Z             "type" : "string"
3b SAST (CodeQL)	Initialize CodeQL	2026-10-07T13:45:50.6719303Z           },
3b SAST (CodeQL)	Initialize CodeQL	2026-10-07T13:45:50.6719635Z           "cargo_features" : {
3b SAST (CodeQL)	Initialize CodeQL	2026-10-07T13:45:50.6720167Z             "title" : "Cargo features to turn on",
3b SAST (CodeQL)	Initialize CodeQL	2026-10-07T13:45:50.6728869Z             "description" : "Comma-separated list of features to turn on. By default all features are enabled. If any features are specified, then only those features are enabled. The `default` feature must be explicitly specified if only default features are desired. Can be repeated.\n",
3b SAST (CodeQL)	Initialize CodeQL	2026-10-07T13:45:50.6730911Z             "type" : "array"
3b SAST (CodeQL)	Initialize CodeQL	2026-10-07T13:45:50.6731596Z           },
3b SAST (CodeQL)	Initialize CodeQL	2026-10-07T13:45:50.6731968Z           "cargo_cfg_overrides" : {
3b SAST (CodeQL)	Initialize CodeQL	2026-10-07T13:45:50.6732446Z             "title" : "Cargo cfg overrides",
3b SAST (CodeQL)	Initialize CodeQL	2026-10-07T13:45:50.6733498Z             "description" : "Comma-separated list of cfg settings to enable, or disable if prefixed with `-`. Can be repeated.\n",
3b SAST (CodeQL)	Initialize CodeQL	2026-10-07T13:45:50.6734495Z             "type" : "array"
3b SAST (CodeQL)	Initialize CodeQL	2026-10-07T13:45:50.6734901Z           },
3b SAST (CodeQL)	Initialize CodeQL	2026-10-07T13:45:50.6735231Z           "logging" : {
3b SAST (CodeQL)	Initialize CodeQL	2026-10-07T13:45:50.6735677Z             "title" : "Options pertaining to logging.",
3b SAST (CodeQL)	Initialize CodeQL	2026-10-07T13:45:50.6736322Z             "description" : "Options pertaining to logging.",
3b SAST (CodeQL)	Initialize CodeQL	2026-10-07T13:45:50.6736902Z             "type" : "object",
3b SAST (CodeQL)	Initialize CodeQL	2026-10-07T13:45:50.6737348Z             "properties" : {
3b SAST (CodeQL)	Initialize CodeQL	2026-10-07T13:45:50.6737757Z               "verbosity" : {
3b SAST (CodeQL)	Initialize CodeQL	2026-10-07T13:45:50.6738296Z                 "title" : "Extractor logging verbosity level.",
3b SAST (CodeQL)	Initialize CodeQL	2026-10-07T13:45:50.6740122Z                 "description" : "Controls the level of verbosity of the extractor. The supported levels are (in order of increasing verbosity):\n  - off\n  - errors\n  - warnings\n  - info or progress\n  - debug or progress+\n  - trace or progress++\n  - progress+++\n",
3b SAST (CodeQL)	Initialize CodeQL	2026-10-07T13:45:50.6742101Z                 "type" : "string",
3b SAST (CodeQL)	Initialize CodeQL	2026-10-07T13:45:50.6742972Z                 "pattern" : "^(off|errors|warnings|(info|progress)|(debug|progress\\+)|(trace|progress\\+\\+)|progress\\+\\+\\+)$"
3b SAST (CodeQL)	Initialize CodeQL	2026-10-07T13:45:50.6743881Z               },
3b SAST (CodeQL)	Initialize CodeQL	2026-10-07T13:45:50.6744220Z               "flamegraph" : {
3b SAST (CodeQL)	Initialize CodeQL	2026-10-07T13:45:50.6744770Z                 "title" : "[Experimental] File path for write flame graph log",
3b SAST (CodeQL)	Initialize CodeQL	2026-10-07T13:45:50.6746412Z                 "description" : "Collect flame graph data using the `tracing-flame` crate. To render a flame graph or chart, run the `inferno-flamegraph` command. See also: https://crates.io/crates/tracing-flame\n",
3b SAST (CodeQL)	Initialize CodeQL	2026-10-07T13:45:50.6747853Z                 "type" : "string"
3b SAST (CodeQL)	Initialize CodeQL	2026-10-07T13:45:50.6748284Z               }
3b SAST (CodeQL)	Initialize CodeQL	2026-10-07T13:45:50.6748684Z             }
3b SAST (CodeQL)	Initialize CodeQL	2026-10-07T13:45:50.6748982Z           },
3b SAST (CodeQL)	Initialize CodeQL	2026-10-07T13:45:50.6749340Z           "extract_dependencies_as_source" : {
3b SAST (CodeQL)	Initialize CodeQL	2026-10-07T13:45:50.6749892Z             "title" : "Extract dependencies as source code",
3b SAST (CodeQL)	Initialize CodeQL	2026-10-07T13:45:50.6750831Z             "description" : "Extract the full source code of dependencies instead of only extracting signatures.\n",
3b SAST (CodeQL)	Initialize CodeQL	2026-10-07T13:45:50.6751948Z             "type" : "string",
3b SAST (CodeQL)	Initialize CodeQL	2026-10-07T13:45:50.6752384Z             "pattern" : "^(false|true)$"
3b SAST (CodeQL)	Initialize CodeQL	2026-10-07T13:45:50.6752814Z           }
3b SAST (CodeQL)	Initialize CodeQL	2026-10-07T13:45:50.6753099Z         }
3b SAST (CodeQL)	Initialize CodeQL	2026-10-07T13:45:50.6753377Z       }
3b SAST (CodeQL)	Initialize CodeQL	2026-10-07T13:45:50.6753653Z     ],
3b SAST (CodeQL)	Initialize CodeQL	2026-10-07T13:45:50.6753941Z     "csharp" : [
3b SAST (CodeQL)	Initialize CodeQL	2026-10-07T13:45:50.6754273Z       {
3b SAST (CodeQL)	Initialize CodeQL	2026-10-07T13:45:50.6754783Z         "extractor_root" : "/opt/hostedtoolcache/CodeQL/2.27.1/x64/codeql/csharp",
3b SAST (CodeQL)	Initialize CodeQL	2026-10-07T13:45:50.6755643Z         "extractor_options" : {
3b SAST (CodeQL)	Initialize CodeQL	2026-10-07T13:45:50.6756060Z           "trap" : {
3b SAST (CodeQL)	Initialize CodeQL	2026-10-07T13:45:50.6756463Z             "title" : "Options pertaining to TRAP.",
3b SAST (CodeQL)	Initialize CodeQL	2026-10-07T13:45:50.6757189Z             "description" : "Options pertaining to TRAP.",
3b SAST (CodeQL)	Initialize CodeQL	2026-10-07T13:45:50.6758221Z             "type" : "object",
3b SAST (CodeQL)	Initialize CodeQL	2026-10-07T13:45:50.6758679Z             "properties" : {
3b SAST (CodeQL)	Initialize CodeQL	2026-10-07T13:45:50.6759073Z               "compression" : {
3b SAST (CodeQL)	Initialize CodeQL	2026-10-07T13:45:50.6759694Z                 "title" : "Controls compression for the TRAP files written by the extractor.",
3b SAST (CodeQL)	Initialize CodeQL	2026-10-07T13:45:50.6761662Z                 "description" : "This option is only intended for use in debugging the extractor. Accepted values are 'brotli' (the default, to write brotli-compressed TRAP), 'gzip', and 'none' (to write uncompressed TRAP).\n",
3b SAST (CodeQL)	Initialize CodeQL	2026-10-07T13:45:50.6763091Z                 "type" : "string",
3b SAST (CodeQL)	Initialize CodeQL	2026-10-07T13:45:50.6764254Z                 "pattern" : "^(none|gzip|brotli)$"
3b SAST (CodeQL)	Initialize CodeQL	2026-10-07T13:45:50.6764728Z               }
3b SAST (CodeQL)	Initialize CodeQL	2026-10-07T13:45:50.6765006Z             }
3b SAST (CodeQL)	Initialize CodeQL	2026-10-07T13:45:50.6765280Z           },
3b SAST (CodeQL)	Initialize CodeQL	2026-10-07T13:45:50.6765570Z           "buildless" : {
3b SAST (CodeQL)	Initialize CodeQL	2026-10-07T13:45:50.6766103Z             "title" : "DEPRECATED - Whether to use buildless (standalone) extraction.",
3b SAST (CodeQL)	Initialize CodeQL	2026-10-07T13:45:50.6769173Z             "description" : "DEPRECATED: Use `--build-mode none` instead.\nA value indicating, which type of extraction the autobuilder should perform. If 'true', then the standalone extractor will be used, otherwise tracing extraction will be performed. The default is 'false'. Note that buildless extraction will generally yield less accurate analysis results, and should only be used in cases where it is not possible to build the code (for example if it uses inaccessible dependencies).\n",
3b SAST (CodeQL)	Initialize CodeQL	2026-10-07T13:45:50.6772275Z             "type" : "string",
3b SAST (CodeQL)	Initialize CodeQL	2026-10-07T13:45:50.6772662Z             "pattern" : "^(false|true)$"
3b SAST (CodeQL)	Initialize CodeQL	2026-10-07T13:45:50.6773050Z           },
3b SAST (CodeQL)	Initialize CodeQL	2026-10-07T13:45:50.6773333Z           "logging" : {
3b SAST (CodeQL)	Initialize CodeQL	2026-10-07T13:45:50.6773709Z             "title" : "Options pertaining to logging.",
3b SAST (CodeQL)	Initialize CodeQL	2026-10-07T13:45:50.6774276Z             "description" : "Options pertaining to logging.",
3b SAST (CodeQL)	Initialize CodeQL	2026-10-07T13:45:50.6774809Z             "type" : "object",
3b SAST (CodeQL)	Initialize CodeQL	2026-10-07T13:45:50.6775173Z             "properties" : {
3b SAST (CodeQL)	Initialize CodeQL	2026-10-07T13:45:50.6775550Z               "verbosity" : {
3b SAST (CodeQL)	Initialize CodeQL	2026-10-07T13:45:50.6775981Z                 "title" : "Extractor logging verbosity level.",
3b SAST (CodeQL)	Initialize CodeQL	2026-10-07T13:45:50.6777691Z                 "description" : "Controls the level of verbosity of the extractor. The supported levels are (in order of increasing verbosity):\n  - off\n  - errors\n  - warnings\n  - info or progress\n  - debug or progress+\n  - trace or progress++\n  - progress+++\n",
3b SAST (CodeQL)	Initialize CodeQL	2026-10-07T13:45:50.6779381Z                 "type" : "string",
3b SAST (CodeQL)	Initialize CodeQL	2026-10-07T13:45:50.6780209Z                 "pattern" : "^(off|errors|warnings|(info|progress)|(debug|progress\\+)|(trace|progress\\+\\+)|progress\\+\\+\\+)$"
3b SAST (CodeQL)	Initialize CodeQL	2026-10-07T13:45:50.6781091Z               }
3b SAST (CodeQL)	Initialize CodeQL	2026-10-07T13:45:50.6781593Z             }
3b SAST (CodeQL)	Initialize CodeQL	2026-10-07T13:45:50.6781886Z           },
3b SAST (CodeQL)	Initialize CodeQL	2026-10-07T13:45:50.6782181Z           "binlog" : {
3b SAST (CodeQL)	Initialize CodeQL	2026-10-07T13:45:50.6782520Z             "title" : "Binlog",
3b SAST (CodeQL)	Initialize CodeQL	2026-10-07T13:45:50.6783685Z             "description" : "[EXPERIMENTAL] The value is a path to the MsBuild binary log file that should be extracted. This option only works when `--build-mode none` is also specified.\n",
3b SAST (CodeQL)	Initialize CodeQL	2026-10-07T13:45:50.6784967Z             "type" : "array"
3b SAST (CodeQL)	Initialize CodeQL	2026-10-07T13:45:50.6785329Z           },
3b SAST (CodeQL)	Initialize CodeQL	2026-10-07T13:45:50.6785667Z           "buildless_dependency_dir" : {
3b SAST (CodeQL)	Initialize CodeQL	2026-10-07T13:45:50.6786389Z             "title" : "The path where buildless (standalone) extraction should keep dependencies.",
3b SAST (CodeQL)	Initialize CodeQL	2026-10-07T13:45:50.6787568Z             "description" : "If set, the buildless (standalone) extractor will store dependencies in this directory.\n",
3b SAST (CodeQL)	Initialize CodeQL	2026-10-07T13:45:50.6788441Z             "type" : "string"
3b SAST (CodeQL)	Initialize CodeQL	2026-10-07T13:45:50.6788815Z           }
3b SAST (CodeQL)	Initialize CodeQL	2026-10-07T13:45:50.6789104Z         }
3b SAST (CodeQL)	Initialize CodeQL	2026-10-07T13:45:50.6789392Z       }
3b SAST (CodeQL)	Initialize CodeQL	2026-10-07T13:45:50.6789673Z     ],
3b SAST (CodeQL)	Initialize CodeQL	2026-10-07T13:45:50.6789965Z     "python" : [
3b SAST (CodeQL)	Initialize CodeQL	2026-10-07T13:45:50.6790277Z       {
3b SAST (CodeQL)	Initialize CodeQL	2026-10-07T13:45:50.6790777Z         "extractor_root" : "/opt/hostedtoolcache/CodeQL/2.27.1/x64/codeql/python",
3b SAST (CodeQL)	Initialize CodeQL	2026-10-07T13:45:50.6791609Z         "extractor_options" : {
3b SAST (CodeQL)	Initialize CodeQL	2026-10-07T13:45:50.6792249Z           "logging" : {
3b SAST (CodeQL)	Initialize CodeQL	2026-10-07T13:45:50.6792641Z             "title" : "Options pertaining to logging.",
3b SAST (CodeQL)	Initialize CodeQL	2026-10-07T13:45:50.6793194Z             "description" : "Options pertaining to logging.",
3b SAST (CodeQL)	Initialize CodeQL	2026-10-07T13:45:50.6793915Z             "type" : "object",
3b SAST (CodeQL)	Initialize CodeQL	2026-10-07T13:45:50.6794313Z             "properties" : {
3b SAST (CodeQL)	Initialize CodeQL	2026-10-07T13:45:50.6794698Z               "verbosity" : {
3b SAST (CodeQL)	Initialize CodeQL	2026-10-07T13:45:50.6795187Z                 "title" : "Python extractor logging verbosity level.",
3b SAST (CodeQL)	Initialize CodeQL	2026-10-07T13:45:50.6797073Z                 "description" : "Controls the level of verbosity of the CodeQL Python extractor.\nThe supported levels are (in order of increasing verbosity):\n\n  - off\n  - errors\n  - warnings\n  - info or progress\n  - debug or progress+\n  - trace or progress++\n  - progress+++\n",
3b SAST (CodeQL)	Initialize CodeQL	2026-10-07T13:45:50.6798821Z                 "type" : "string",
3b SAST (CodeQL)	Initialize CodeQL	2026-10-07T13:45:50.6799649Z                 "pattern" : "^(off|errors|warnings|(info|progress)|(debug|progress\\+)|(trace|progress\\+\\+)|progress\\+\\+\\+)$"
3b SAST (CodeQL)	Initialize CodeQL	2026-10-07T13:45:50.6800533Z               }
3b SAST (CodeQL)	Initialize CodeQL	2026-10-07T13:45:50.6800844Z             }
3b SAST (CodeQL)	Initialize CodeQL	2026-10-07T13:45:50.6801144Z           },
3b SAST (CodeQL)	Initialize CodeQL	2026-10-07T13:45:50.6801661Z           "python_executable_name" : {
3b SAST (CodeQL)	Initialize CodeQL	2026-10-07T13:45:50.6802380Z             "title" : "Controls the name of the Python executable used by the Python extractor.",
3b SAST (CodeQL)	Initialize CodeQL	2026-10-07T13:45:50.6805021Z             "description" : "The Python extractor uses platform-dependent heuristics to determine the name of the Python executable to use. Specifying a value for this option overrides the name of the Python executable used by the extractor. Accepted values are py, python and python3. Use this setting with caution, the Python extractor requires Python 3 to run.\n",
3b SAST (CodeQL)	Initialize CodeQL	2026-10-07T13:45:50.6807551Z             "type" : "string",
3b SAST (CodeQL)	Initialize CodeQL	2026-10-07T13:45:50.6807981Z             "pattern" : "^(py|python|python3)$"
3b SAST (CodeQL)	Initialize CodeQL	2026-10-07T13:45:50.6808439Z           }
3b SAST (CodeQL)	Initialize CodeQL	2026-10-07T13:45:50.6808734Z         }
3b SAST (CodeQL)	Initialize CodeQL	2026-10-07T13:45:50.6809019Z       }
3b SAST (CodeQL)	Initialize CodeQL	2026-10-07T13:45:50.6809305Z     ],
3b SAST (CodeQL)	Initialize CodeQL	2026-10-07T13:45:50.6809602Z     "cpp" : [
3b SAST (CodeQL)	Initialize CodeQL	2026-10-07T13:45:50.6809910Z       {
3b SAST (CodeQL)	Initialize CodeQL	2026-10-07T13:45:50.6810395Z         "extractor_root" : "/opt/hostedtoolcache/CodeQL/2.27.1/x64/codeql/cpp",
3b SAST (CodeQL)	Initialize CodeQL	2026-10-07T13:45:50.6811051Z         "extractor_options" : {
3b SAST (CodeQL)	Initialize CodeQL	2026-10-07T13:45:50.6811600Z           "trap" : {
3b SAST (CodeQL)	Initialize CodeQL	2026-10-07T13:45:50.6811964Z             "title" : "TRAP options",
3b SAST (CodeQL)	Initialize CodeQL	2026-10-07T13:45:50.6812571Z             "description" : "Options about how the extractor handles TRAP files",
3b SAST (CodeQL)	Initialize CodeQL	2026-10-07T13:45:50.6813208Z             "type" : "object",
3b SAST (CodeQL)	Initialize CodeQL	2026-10-07T13:45:50.6813596Z             "visibility" : 3,
3b SAST (CodeQL)	Initialize CodeQL	2026-10-07T13:45:50.6813959Z             "properties" : {
3b SAST (CodeQL)	Initialize CodeQL	2026-10-07T13:45:50.6814332Z               "cache" : {
3b SAST (CodeQL)	Initialize CodeQL	2026-10-07T13:45:50.6814730Z                 "title" : "TRAP cache options",
3b SAST (CodeQL)	Initialize CodeQL	2026-10-07T13:45:50.6815391Z                 "description" : "Options about how the extractor handles its TRAP cache",
3b SAST (CodeQL)	Initialize CodeQL	2026-10-07T13:45:50.6816040Z                 "type" : "object",
3b SAST (CodeQL)	Initialize CodeQL	2026-10-07T13:45:50.6816436Z                 "properties" : {
3b SAST (CodeQL)	Initialize CodeQL	2026-10-07T13:45:50.6816826Z                   "dir" : {
3b SAST (CodeQL)	Initialize CodeQL	2026-10-07T13:45:50.6817227Z                     "title" : "TRAP cache directory",
3b SAST (CodeQL)	Initialize CodeQL	2026-10-07T13:45:50.6817810Z                     "description" : "The directory of the TRAP cache to use",
3b SAST (CodeQL)	Initialize CodeQL	2026-10-07T13:45:50.6818396Z                     "type" : "string"
3b SAST (CodeQL)	Initialize CodeQL	2026-10-07T13:45:50.6818799Z                   },
3b SAST (CodeQL)	Initialize CodeQL	2026-10-07T13:45:50.6819133Z                   "bound" : {
3b SAST (CodeQL)	Initialize CodeQL	2026-10-07T13:45:50.6819531Z                     "title" : "TRAP cache bound",
3b SAST (CodeQL)	Initialize CodeQL	2026-10-07T13:45:50.6820241Z                     "description" : "A soft limit (in MB) on the size of the TRAP cache",
3b SAST (CodeQL)	Initialize CodeQL	2026-10-07T13:45:50.6820895Z                     "type" : "string",
3b SAST (CodeQL)	Initialize CodeQL	2026-10-07T13:45:50.6821494Z                     "pattern" : "[0-9]+"
3b SAST (CodeQL)	Initialize CodeQL	2026-10-07T13:45:50.6821923Z                   },
3b SAST (CodeQL)	Initialize CodeQL	2026-10-07T13:45:50.6822261Z                   "write" : {
3b SAST (CodeQL)	Initialize CodeQL	2026-10-07T13:45:50.6822683Z                     "title" : "TRAP cache writeable",
3b SAST (CodeQL)	Initialize CodeQL	2026-10-07T13:45:50.6823395Z                     "description" : "Whether to write to the TRAP cache as well as reading it",
3b SAST (CodeQL)	Initialize CodeQL	2026-10-07T13:45:50.6824307Z                     "type" : "string",
3b SAST (CodeQL)	Initialize CodeQL	2026-10-07T13:45:50.6824786Z                     "pattern" : "(true|TRUE|false|FALSE)"
3b SAST (CodeQL)	Initialize CodeQL	2026-10-07T13:45:50.6825414Z                   }
3b SAST (CodeQL)	Initialize CodeQL	2026-10-07T13:45:50.6825732Z                 }
3b SAST (CodeQL)	Initialize CodeQL	2026-10-07T13:45:50.6826051Z               }
3b SAST (CodeQL)	Initialize CodeQL	2026-10-07T13:45:50.6826347Z             }
3b SAST (CodeQL)	Initialize CodeQL	2026-10-07T13:45:50.6826640Z           },
3b SAST (CodeQL)	Initialize CodeQL	2026-10-07T13:45:50.6826956Z           "scale_timeouts" : {
3b SAST (CodeQL)	Initialize CodeQL	2026-10-07T13:45:50.6827485Z             "title" : "Value to scale compiler introspection timeouts with",
3b SAST (CodeQL)	Initialize CodeQL	2026-10-07T13:45:50.6830179Z             "description" : "The extractor attempts to determine what compiler the source code being extracted is compiled with. To this end the extractor makes additional calls to the compiler, some of which are expected to return within a certain fixed time (either 10s or 15s). On some systems that are under high load this time might be too short, and can be scaled up using this option.\n",
3b SAST (CodeQL)	Initialize CodeQL	2026-10-07T13:45:50.6832827Z             "type" : "string",
3b SAST (CodeQL)	Initialize CodeQL	2026-10-07T13:45:50.6833241Z             "pattern" : "[0-9]+"
3b SAST (CodeQL)	Initialize CodeQL	2026-10-07T13:45:50.6833638Z           },
3b SAST (CodeQL)	Initialize CodeQL	2026-10-07T13:45:50.6833960Z           "log_verbosity" : {
3b SAST (CodeQL)	Initialize CodeQL	2026-10-07T13:45:50.6834414Z             "title" : "Verbosity of the extractor logging",
3b SAST (CodeQL)	Initialize CodeQL	2026-10-07T13:45:50.6835521Z             "description" : "Set the verbosity of the extractor logging to 'quiet' (0), 'normal' (1), 'chatty' (2), or 'noisy' (3). The default is 'normal'.\n",
3b SAST (CodeQL)	Initialize CodeQL	2026-10-07T13:45:50.6836537Z             "type" : "string",
3b SAST (CodeQL)	Initialize CodeQL	2026-10-07T13:45:50.6836901Z             "pattern" : "[0-3]"
3b SAST (CodeQL)	Initialize CodeQL	2026-10-07T13:45:50.6837260Z           },
3b SAST (CodeQL)	Initialize CodeQL	2026-10-07T13:45:50.6837563Z           "frontend_options" : {
3b SAST (CodeQL)	Initialize CodeQL	2026-10-07T13:45:50.6838049Z             "title" : "C/C++ extractor frontend options",
3b SAST (CodeQL)	Initialize CodeQL	2026-10-07T13:45:50.6838923Z             "description" : "Set additional options that should be passed to the C/C++ extractor frontend.\n",
3b SAST (CodeQL)	Initialize CodeQL	2026-10-07T13:45:50.6839664Z             "type" : "array",
3b SAST (CodeQL)	Initialize CodeQL	2026-10-07T13:45:50.6840041Z             "visibility" : 3
3b SAST (CodeQL)	Initialize CodeQL	2026-10-07T13:45:50.6840390Z           }
3b SAST (CodeQL)	Initialize CodeQL	2026-10-07T13:45:50.6840683Z         }
3b SAST (CodeQL)	Initialize CodeQL	2026-10-07T13:45:50.6840869Z       }
3b SAST (CodeQL)	Initialize CodeQL	2026-10-07T13:45:50.6841057Z     ],
3b SAST (CodeQL)	Initialize CodeQL	2026-10-07T13:45:50.6841236Z     "java" : [
3b SAST (CodeQL)	Initialize CodeQL	2026-10-07T13:45:50.6841713Z       {
3b SAST (CodeQL)	Initialize CodeQL	2026-10-07T13:45:50.6842009Z         "extractor_root" : "/opt/hostedtoolcache/CodeQL/2.27.1/x64/codeql/java",
3b SAST (CodeQL)	Initialize CodeQL	2026-10-07T13:45:50.6842604Z         "extractor_options" : {
3b SAST (CodeQL)	Initialize CodeQL	2026-10-07T13:45:50.6842958Z           "exclude" : {
3b SAST (CodeQL)	Initialize CodeQL	2026-10-07T13:45:50.6843398Z             "title" : "A glob excluding files from analysis.",
3b SAST (CodeQL)	Initialize CodeQL	2026-10-07T13:45:50.6844703Z             "description" : "A glob indicating what files to exclude from the analysis. This accepts glob patterns that are supported by Java's 'getPathMatcher' implementation.\n",
3b SAST (CodeQL)	Initialize CodeQL	2026-10-07T13:45:50.6845409Z             "type" : "string"
3b SAST (CodeQL)	Initialize CodeQL	2026-10-07T13:45:50.6845632Z           },
3b SAST (CodeQL)	Initialize CodeQL	2026-10-07T13:45:50.6845829Z           "add_prefer_source" : {
3b SAST (CodeQL)	Initialize CodeQL	2026-10-07T13:45:50.6846181Z             "title" : "Whether to always prefer source files over class files.",
3b SAST (CodeQL)	Initialize CodeQL	2026-10-07T13:45:50.6847344Z             "description" : "A value indicating whether source files should be preferred over class files. If set to 'true', the extraction adds '-Xprefer:source' to the javac command line. If set to 'false', the extraction uses the default javac behavior ('-Xprefer:newer'). The default is 'true'.\n",
3b SAST (CodeQL)	Initialize CodeQL	2026-10-07T13:45:50.6848419Z             "type" : "string",
3b SAST (CodeQL)	Initialize CodeQL	2026-10-07T13:45:50.6848661Z             "pattern" : "^(false|true)$"
3b SAST (CodeQL)	Initialize CodeQL	2026-10-07T13:45:50.6848905Z           },
3b SAST (CodeQL)	Initialize CodeQL	2026-10-07T13:45:50.6849094Z           "buildless" : {
3b SAST (CodeQL)	Initialize CodeQL	2026-10-07T13:45:50.6849431Z             "title" : "Whether to use buildless (standalone) extraction (experimental).",
3b SAST (CodeQL)	Initialize CodeQL	2026-10-07T13:45:50.6851140Z             "description" : "A value indicating, which type of extraction the autobuilder should perform. If 'true', then the standalone extractor will be used, otherwise tracing extraction will be performed. The default is 'false'. Note that buildless extraction will generally yield less accurate analysis results, and should only be used in cases where it is not possible to build the code (for example if it uses inaccessible dependencies).\n",
3b SAST (CodeQL)	Initialize CodeQL	2026-10-07T13:45:50.6853372Z             "type" : "string",
3b SAST (CodeQL)	Initialize CodeQL	2026-10-07T13:45:50.6853620Z             "pattern" : "^(false|true)$"
3b SAST (CodeQL)	Initialize CodeQL	2026-10-07T13:45:50.6853875Z           },
3b SAST (CodeQL)	Initialize CodeQL	2026-10-07T13:45:50.6854080Z           "buildless_dependency_dir" : {
3b SAST (CodeQL)	Initialize CodeQL	2026-10-07T13:45:50.6854514Z             "title" : "The path where buildless (standalone) extraction should keep dependencies.",
3b SAST (CodeQL)	Initialize CodeQL	2026-10-07T13:45:50.6855200Z             "description" : "If set, the buildless (standalone) extractor will store dependencies in this directory.\n",
3b SAST (CodeQL)	Initialize CodeQL	2026-10-07T13:45:50.6855710Z             "type" : "string"
3b SAST (CodeQL)	Initialize CodeQL	2026-10-07T13:45:50.6855937Z           },
3b SAST (CodeQL)	Initialize CodeQL	2026-10-07T13:45:50.6856141Z           "minimize_dependency_jars" : {
3b SAST (CodeQL)	Initialize CodeQL	2026-10-07T13:45:50.6856577Z             "title" : "Whether to rewrite and minimize downloaded JAR dependencies (experimental).",
3b SAST (CodeQL)	Initialize CodeQL	2026-10-07T13:45:50.6857459Z             "description" : "If 'true', JAR dependencies downloaded during extraction will be rewritten to remove unneeded data, such as method bodies. The default is 'false'.\n",
3b SAST (CodeQL)	Initialize CodeQL	2026-10-07T13:45:50.6858224Z             "type" : "string",
3b SAST (CodeQL)	Initialize CodeQL	2026-10-07T13:45:50.6858467Z             "pattern" : "^(false|true)$"
3b SAST (CodeQL)	Initialize CodeQL	2026-10-07T13:45:50.6858714Z           }
3b SAST (CodeQL)	Initialize CodeQL	2026-10-07T13:45:50.6858889Z         }
3b SAST (CodeQL)	Initialize CodeQL	2026-10-07T13:45:50.6859064Z       }
3b SAST (CodeQL)	Initialize CodeQL	2026-10-07T13:45:50.6859243Z     ],
3b SAST (CodeQL)	Initialize CodeQL	2026-10-07T13:45:50.6859436Z     "go" : [
3b SAST (CodeQL)	Initialize CodeQL	2026-10-07T13:45:50.6859617Z       {
3b SAST (CodeQL)	Initialize CodeQL	2026-10-07T13:45:50.6859906Z         "extractor_root" : "/opt/hostedtoolcache/CodeQL/2.27.1/x64/codeql/go",
3b SAST (CodeQL)	Initialize CodeQL	2026-10-07T13:45:50.6860290Z         "extractor_options" : {
3b SAST (CodeQL)	Initialize CodeQL	2026-10-07T13:45:50.6860532Z           "extract_tests" : {
3b SAST (CodeQL)	Initialize CodeQL	2026-10-07T13:45:50.6860870Z             "title" : "Whether to include Go test files in the CodeQL database.",
3b SAST (CodeQL)	Initialize CodeQL	2026-10-07T13:45:50.6861929Z             "description" : "A value indicating whether Go test files should be included in the CodeQL database. The default is 'false'.\n",
3b SAST (CodeQL)	Initialize CodeQL	2026-10-07T13:45:50.6862668Z             "type" : "string",
3b SAST (CodeQL)	Initialize CodeQL	2026-10-07T13:45:50.6862922Z             "pattern" : "^(false|true)$"
3b SAST (CodeQL)	Initialize CodeQL	2026-10-07T13:45:50.6863192Z           },
3b SAST (CodeQL)	Initialize CodeQL	2026-10-07T13:45:50.6863390Z           "extract_vendor_dirs" : {
3b SAST (CodeQL)	Initialize CodeQL	2026-10-07T13:45:50.6863770Z             "title" : "Whether to include Go vendor directories in the CodeQL database.",
3b SAST (CodeQL)	Initialize CodeQL	2026-10-07T13:45:50.6864506Z             "description" : "A value indicating whether Go vendor directories should be included in the CodeQL database. The default is 'false'.\n",
3b SAST (CodeQL)	Initialize CodeQL	2026-10-07T13:45:50.6865113Z             "type" : "string",
3b SAST (CodeQL)	Initialize CodeQL	2026-10-07T13:45:50.6865355Z             "pattern" : "^(false|true)$"
3b SAST (CodeQL)	Initialize CodeQL	2026-10-07T13:45:50.6865605Z           }
3b SAST (CodeQL)	Initialize CodeQL	2026-10-07T13:45:50.6865778Z         }
3b SAST (CodeQL)	Initialize CodeQL	2026-10-07T13:45:50.6865947Z       }
3b SAST (CodeQL)	Initialize CodeQL	2026-10-07T13:45:50.6866119Z     ],
3b SAST (CodeQL)	Initialize CodeQL	2026-10-07T13:45:50.6866302Z     "actions" : [
3b SAST (CodeQL)	Initialize CodeQL	2026-10-07T13:45:50.6866495Z       {
3b SAST (CodeQL)	Initialize CodeQL	2026-10-07T13:45:50.6866795Z         "extractor_root" : "/opt/hostedtoolcache/CodeQL/2.27.1/x64/codeql/actions",
3b SAST (CodeQL)	Initialize CodeQL	2026-10-07T13:45:50.6867195Z         "extractor_options" : {
3b SAST (CodeQL)	Initialize CodeQL	2026-10-07T13:45:50.6867429Z           "trap" : {
3b SAST (CodeQL)	Initialize CodeQL	2026-10-07T13:45:50.6867652Z             "title" : "TRAP options",
3b SAST (CodeQL)	Initialize CodeQL	2026-10-07T13:45:50.6868030Z             "description" : "Options about how the extractor handles TRAP files",
3b SAST (CodeQL)	Initialize CodeQL	2026-10-07T13:45:50.6868664Z             "type" : "object",
3b SAST (CodeQL)	Initialize CodeQL	2026-10-07T13:45:50.6869061Z             "visibility" : 3,
3b SAST (CodeQL)	Initialize CodeQL	2026-10-07T13:45:50.6869467Z             "properties" : {
3b SAST (CodeQL)	Initialize CodeQL	2026-10-07T13:45:50.6869859Z               "cache" : {
3b SAST (CodeQL)	Initialize CodeQL	2026-10-07T13:45:50.6870170Z                 "title" : "TRAP cache options",
3b SAST (CodeQL)	Initialize CodeQL	2026-10-07T13:45:50.6870579Z                 "description" : "Options about how the extractor handles its TRAP cache",
3b SAST (CodeQL)	Initialize CodeQL	2026-10-07T13:45:50.6871011Z                 "type" : "object",
3b SAST (CodeQL)	Initialize CodeQL	2026-10-07T13:45:50.6871266Z                 "properties" : {
3b SAST (CodeQL)	Initialize CodeQL	2026-10-07T13:45:50.6871867Z                   "dir" : {
3b SAST (CodeQL)	Initialize CodeQL	2026-10-07T13:45:50.6872174Z                     "title" : "TRAP cache directory",
3b SAST (CodeQL)	Initialize CodeQL	2026-10-07T13:45:50.6872745Z                     "description" : "The directory of the TRAP cache to use",
3b SAST (CodeQL)	Initialize CodeQL	2026-10-07T13:45:50.6873101Z                     "type" : "string"
3b SAST (CodeQL)	Initialize CodeQL	2026-10-07T13:45:50.6873565Z                   },
3b SAST (CodeQL)	Initialize CodeQL	2026-10-07T13:45:50.6873772Z                   "bound" : {
3b SAST (CodeQL)	Initialize CodeQL	2026-10-07T13:45:50.6874028Z                     "title" : "TRAP cache bound",
3b SAST (CodeQL)	Initialize CodeQL	2026-10-07T13:45:50.6874417Z                     "description" : "A soft limit (in MB) on the size of the TRAP cache",
3b SAST (CodeQL)	Initialize CodeQL	2026-10-07T13:45:50.6874806Z                     "type" : "string",
3b SAST (CodeQL)	Initialize CodeQL	2026-10-07T13:45:50.6875071Z                     "pattern" : "[0-9]+"
3b SAST (CodeQL)	Initialize CodeQL	2026-10-07T13:45:50.6875323Z                   },
3b SAST (CodeQL)	Initialize CodeQL	2026-10-07T13:45:50.6875627Z                   "write" : {
3b SAST (CodeQL)	Initialize CodeQL	2026-10-07T13:45:50.6876069Z                     "title" : "TRAP cache writeable",
3b SAST (CodeQL)	Initialize CodeQL	2026-10-07T13:45:50.6876774Z                     "description" : "Whether to write to the TRAP cache as well as reading it",
3b SAST (CodeQL)	Initialize CodeQL	2026-10-07T13:45:50.6877192Z                     "type" : "string",
3b SAST (CodeQL)	Initialize CodeQL	2026-10-07T13:45:50.6877523Z                     "pattern" : "(true|TRUE|false|FALSE)"
3b SAST (CodeQL)	Initialize CodeQL	2026-10-07T13:45:50.6877805Z                   }
3b SAST (CodeQL)	Initialize CodeQL	2026-10-07T13:45:50.6877997Z                 }
3b SAST (CodeQL)	Initialize CodeQL	2026-10-07T13:45:50.6878181Z               }
3b SAST (CodeQL)	Initialize CodeQL	2026-10-07T13:45:50.6878370Z             }
3b SAST (CodeQL)	Initialize CodeQL	2026-10-07T13:45:50.6878551Z           }
3b SAST (CodeQL)	Initialize CodeQL	2026-10-07T13:45:50.6878772Z         }
3b SAST (CodeQL)	Initialize CodeQL	2026-10-07T13:45:50.6879072Z       }
3b SAST (CodeQL)	Initialize CodeQL	2026-10-07T13:45:50.6879360Z     ],
3b SAST (CodeQL)	Initialize CodeQL	2026-10-07T13:45:50.6879657Z     "javascript" : [
3b SAST (CodeQL)	Initialize CodeQL	2026-10-07T13:45:50.6879935Z       {
3b SAST (CodeQL)	Initialize CodeQL	2026-10-07T13:45:50.6880254Z         "extractor_root" : "/opt/hostedtoolcache/CodeQL/2.27.1/x64/codeql/javascript",
3b SAST (CodeQL)	Initialize CodeQL	2026-10-07T13:45:50.6880668Z         "extractor_options" : {
3b SAST (CodeQL)	Initialize CodeQL	2026-10-07T13:45:50.6880904Z           "trap" : {
3b SAST (CodeQL)	Initialize CodeQL	2026-10-07T13:45:50.6881200Z             "title" : "TRAP options",
3b SAST (CodeQL)	Initialize CodeQL	2026-10-07T13:45:50.6881875Z             "description" : "Options about how the extractor handles TRAP files",
3b SAST (CodeQL)	Initialize CodeQL	2026-10-07T13:45:50.6882259Z             "type" : "object",
3b SAST (CodeQL)	Initialize CodeQL	2026-10-07T13:45:50.6882492Z             "visibility" : 3,
3b SAST (CodeQL)	Initialize CodeQL	2026-10-07T13:45:50.6882743Z             "properties" : {
3b SAST (CodeQL)	Initialize CodeQL	2026-10-07T13:45:50.6882971Z               "cache" : {
3b SAST (CodeQL)	Initialize CodeQL	2026-10-07T13:45:50.6883213Z                 "title" : "TRAP cache options",
3b SAST (CodeQL)	Initialize CodeQL	2026-10-07T13:45:50.6883688Z                 "description" : "Options about how the extractor handles its TRAP cache",
3b SAST (CodeQL)	Initialize CodeQL	2026-10-07T13:45:50.6884240Z                 "type" : "object",
3b SAST (CodeQL)	Initialize CodeQL	2026-10-07T13:45:50.6884491Z                 "properties" : {
3b SAST (CodeQL)	Initialize CodeQL	2026-10-07T13:45:50.6884728Z                   "dir" : {
3b SAST (CodeQL)	Initialize CodeQL	2026-10-07T13:45:50.6884979Z                     "title" : "TRAP cache directory",
3b SAST (CodeQL)	Initialize CodeQL	2026-10-07T13:45:50.6885414Z                     "description" : "The directory of the TRAP cache to use",
3b SAST (CodeQL)	Initialize CodeQL	2026-10-07T13:45:50.6885846Z                     "type" : "string"
3b SAST (CodeQL)	Initialize CodeQL	2026-10-07T13:45:50.6886087Z                   },
3b SAST (CodeQL)	Initialize CodeQL	2026-10-07T13:45:50.6886286Z                   "bound" : {
3b SAST (CodeQL)	Initialize CodeQL	2026-10-07T13:45:50.6886530Z                     "title" : "TRAP cache bound",
3b SAST (CodeQL)	Initialize CodeQL	2026-10-07T13:45:50.6887021Z                     "description" : "A soft limit (in MB) on the size of the TRAP cache",
3b SAST (CodeQL)	Initialize CodeQL	2026-10-07T13:45:50.6887453Z                     "type" : "string",
3b SAST (CodeQL)	Initialize CodeQL	2026-10-07T13:45:50.6887716Z                     "pattern" : "[0-9]+"
3b SAST (CodeQL)	Initialize CodeQL	2026-10-07T13:45:50.6887971Z                   },
3b SAST (CodeQL)	Initialize CodeQL	2026-10-07T13:45:50.6888220Z                   "write" : {
3b SAST (CodeQL)	Initialize CodeQL	2026-10-07T13:45:50.6888572Z                     "title" : "TRAP cache writeable",
3b SAST (CodeQL)	Initialize CodeQL	2026-10-07T13:45:50.6888988Z                     "description" : "Whether to write to the TRAP cache as well as reading it",
3b SAST (CodeQL)	Initialize CodeQL	2026-10-07T13:45:50.6889398Z                     "type" : "string",
3b SAST (CodeQL)	Initialize CodeQL	2026-10-07T13:45:50.6889820Z                     "pattern" : "(true|TRUE|false|FALSE)"
3b SAST (CodeQL)	Initialize CodeQL	2026-10-07T13:45:50.6890107Z                   }
3b SAST (CodeQL)	Initialize CodeQL	2026-10-07T13:45:50.6890302Z                 }
3b SAST (CodeQL)	Initialize CodeQL	2026-10-07T13:45:50.6890495Z               }
3b SAST (CodeQL)	Initialize CodeQL	2026-10-07T13:45:50.6890674Z             }
3b SAST (CodeQL)	Initialize CodeQL	2026-10-07T13:45:50.6890893Z           },
3b SAST (CodeQL)	Initialize CodeQL	2026-10-07T13:45:50.6891181Z           "skip_types" : {
3b SAST (CodeQL)	Initialize CodeQL	2026-10-07T13:45:50.6891778Z             "title" : "Skip type extraction for TypeScript",
3b SAST (CodeQL)	Initialize CodeQL	2026-10-07T13:45:50.6892972Z             "description" : "Whether to skip the extraction of types in a TypeScript application",
3b SAST (CodeQL)	Initialize CodeQL	2026-10-07T13:45:50.6893678Z             "type" : "string",
3b SAST (CodeQL)	Initialize CodeQL	2026-10-07T13:45:50.6894305Z             "pattern" : "^(false|true)$"
3b SAST (CodeQL)	Initialize CodeQL	2026-10-07T13:45:50.6894707Z           }
3b SAST (CodeQL)	Initialize CodeQL	2026-10-07T13:45:50.6895013Z         }
3b SAST (CodeQL)	Initialize CodeQL	2026-10-07T13:45:50.6895197Z       }
3b SAST (CodeQL)	Initialize CodeQL	2026-10-07T13:45:50.6895378Z     ],
3b SAST (CodeQL)	Initialize CodeQL	2026-10-07T13:45:50.6895552Z     "ruby" : [
3b SAST (CodeQL)	Initialize CodeQL	2026-10-07T13:45:50.6895735Z       {
3b SAST (CodeQL)	Initialize CodeQL	2026-10-07T13:45:50.6896029Z         "extractor_root" : "/opt/hostedtoolcache/CodeQL/2.27.1/x64/codeql/ruby",
3b SAST (CodeQL)	Initialize CodeQL	2026-10-07T13:45:50.6896423Z         "extractor_options" : {
3b SAST (CodeQL)	Initialize CodeQL	2026-10-07T13:45:50.6896657Z           "trap" : {
3b SAST (CodeQL)	Initialize CodeQL	2026-10-07T13:45:50.6896892Z             "title" : "Options pertaining to TRAP.",
3b SAST (CodeQL)	Initialize CodeQL	2026-10-07T13:45:50.6897226Z             "description" : "Options pertaining to TRAP.",
3b SAST (CodeQL)	Initialize CodeQL	2026-10-07T13:45:50.6897531Z             "type" : "object",
3b SAST (CodeQL)	Initialize CodeQL	2026-10-07T13:45:50.6897769Z             "properties" : {
3b SAST (CodeQL)	Initialize CodeQL	2026-10-07T13:45:50.6898002Z               "compression" : {
3b SAST (CodeQL)	Initialize CodeQL	2026-10-07T13:45:50.6898411Z                 "title" : "Controls compression for the TRAP files written by the extractor.",
3b SAST (CodeQL)	Initialize CodeQL	2026-10-07T13:45:50.6899514Z                 "description" : "This option is only intended for use in debugging the extractor. Accepted values are 'gzip' (the default, to write gzip-compressed TRAP) 'zstd' (to write Zstandard-compressed TRAP) and 'none' (to write uncompressed TRAP).\n",
3b SAST (CodeQL)	Initialize CodeQL	2026-10-07T13:45:50.6900499Z                 "type" : "string",
3b SAST (CodeQL)	Initialize CodeQL	2026-10-07T13:45:50.6900764Z                 "pattern" : "^(none|gzip|zstd)$"
3b SAST (CodeQL)	Initialize CodeQL	2026-10-07T13:45:50.6901031Z               }
3b SAST (CodeQL)	Initialize CodeQL	2026-10-07T13:45:50.6901215Z             }
3b SAST (CodeQL)	Initialize CodeQL	2026-10-07T13:45:50.6901761Z           }
3b SAST (CodeQL)	Initialize CodeQL	2026-10-07T13:45:50.6902063Z         }
3b SAST (CodeQL)	Initialize CodeQL	2026-10-07T13:45:50.6902270Z       }
3b SAST (CodeQL)	Initialize CodeQL	2026-10-07T13:45:50.6902454Z     ],
3b SAST (CodeQL)	Initialize CodeQL	2026-10-07T13:45:50.6902633Z     "swift" : [
3b SAST (CodeQL)	Initialize CodeQL	2026-10-07T13:45:50.6902828Z       {
3b SAST (CodeQL)	Initialize CodeQL	2026-10-07T13:45:50.6903123Z         "extractor_root" : "/opt/hostedtoolcache/CodeQL/2.27.1/x64/codeql/swift"
3b SAST (CodeQL)	Initialize CodeQL	2026-10-07T13:45:50.6903505Z       }
3b SAST (CodeQL)	Initialize CodeQL	2026-10-07T13:45:50.6903680Z     ]
3b SAST (CodeQL)	Initialize CodeQL	2026-10-07T13:45:50.6903855Z   }
3b SAST (CodeQL)	Initialize CodeQL	2026-10-07T13:45:50.6904032Z }
3b SAST (CodeQL)	Initialize CodeQL	2026-10-07T13:45:50.6904593Z Languages from configuration: python
3b SAST (CodeQL)	Initialize CodeQL	2026-10-07T13:45:50.6933099Z Using Git version 2.55.0
3b SAST (CodeQL)	Initialize CodeQL	2026-10-07T13:45:50.8219900Z Using overlay database mode: none without caching.
3b SAST (CodeQL)	Initialize CodeQL	2026-10-07T13:45:50.8226709Z Not performing diff-informed analysis because we are not analyzing a pull request.
3b SAST (CodeQL)	Initialize CodeQL	2026-10-07T13:45:50.8231680Z [command]/opt/hostedtoolcache/CodeQL/2.27.1/x64/codeql/codeql resolve languages --format=betterjson --extractor-options-verbosity=4 --extractor-include-aliases
3b SAST (CodeQL)	Initialize CodeQL	2026-10-07T13:45:51.8890384Z {
3b SAST (CodeQL)	Initialize CodeQL	2026-10-07T13:45:51.8894595Z   "aliases" : {
3b SAST (CodeQL)	Initialize CodeQL	2026-10-07T13:45:51.8919488Z     "c" : "cpp",
3b SAST (CodeQL)	Initialize CodeQL	2026-10-07T13:45:51.8920115Z     "c++" : "cpp",
3b SAST (CodeQL)	Initialize CodeQL	2026-10-07T13:45:51.8920601Z     "c-c++" : "cpp",
3b SAST (CodeQL)	Initialize CodeQL	2026-10-07T13:45:51.8921223Z     "c-cpp" : "cpp",
3b SAST (CodeQL)	Initialize CodeQL	2026-10-07T13:45:51.8921940Z     "c#" : "csharp",
3b SAST (CodeQL)	Initialize CodeQL	2026-10-07T13:45:51.8922339Z     "java-kotlin" : "java",
3b SAST (CodeQL)	Initialize CodeQL	2026-10-07T13:45:51.8922742Z     "kotlin" : "java",
3b SAST (CodeQL)	Initialize CodeQL	2026-10-07T13:45:51.8923140Z     "javascript-typescript" : "javascript",
3b SAST (CodeQL)	Initialize CodeQL	2026-10-07T13:45:51.8923573Z     "typescript" : "javascript"
3b SAST (CodeQL)	Initialize CodeQL	2026-10-07T13:45:51.8923935Z   },
3b SAST (CodeQL)	Initialize CodeQL	2026-10-07T13:45:51.8924230Z   "extractors" : {
3b SAST (CodeQL)	Initialize CodeQL	2026-10-07T13:45:51.8924553Z     "javascript" : [
3b SAST (CodeQL)	Initialize CodeQL	2026-10-07T13:45:51.8924867Z       {
3b SAST (CodeQL)	Initialize CodeQL	2026-10-07T13:45:51.8925357Z         "extractor_root" : "/opt/hostedtoolcache/CodeQL/2.27.1/x64/codeql/javascript",
3b SAST (CodeQL)	Initialize CodeQL	2026-10-07T13:45:51.8926009Z         "extractor_options" : {
3b SAST (CodeQL)	Initialize CodeQL	2026-10-07T13:45:51.8926392Z           "trap" : {
3b SAST (CodeQL)	Initialize CodeQL	2026-10-07T13:45:51.8926732Z             "title" : "TRAP options",
3b SAST (CodeQL)	Initialize CodeQL	2026-10-07T13:45:51.8927420Z             "description" : "Options about how the extractor handles TRAP files",
3b SAST (CodeQL)	Initialize CodeQL	2026-10-07T13:45:51.8928077Z             "type" : "object",
3b SAST (CodeQL)	Initialize CodeQL	2026-10-07T13:45:51.8928475Z             "visibility" : 3,
3b SAST (CodeQL)	Initialize CodeQL	2026-10-07T13:45:51.8928823Z             "properties" : {
3b SAST (CodeQL)	Initialize CodeQL	2026-10-07T13:45:51.8929075Z               "cache" : {
3b SAST (CodeQL)	Initialize CodeQL	2026-10-07T13:45:51.8929328Z                 "title" : "TRAP cache options",
3b SAST (CodeQL)	Initialize CodeQL	2026-10-07T13:45:51.8930533Z                 "description" : "Options about how the extractor handles its TRAP cache",
3b SAST (CodeQL)	Initialize CodeQL	2026-10-07T13:45:51.8930974Z                 "type" : "object",
3b SAST (CodeQL)	Initialize CodeQL	2026-10-07T13:45:51.8931708Z                 "properties" : {
3b SAST (CodeQL)	Initialize CodeQL	2026-10-07T13:45:51.8932160Z                   "dir" : {
3b SAST (CodeQL)	Initialize CodeQL	2026-10-07T13:45:51.8932610Z                     "title" : "TRAP cache directory",
3b SAST (CodeQL)	Initialize CodeQL	2026-10-07T13:45:51.8933220Z                     "description" : "The directory of the TRAP cache to use",
3b SAST (CodeQL)	Initialize CodeQL	2026-10-07T13:45:51.8933852Z                     "type" : "string"
3b SAST (CodeQL)	Initialize CodeQL	2026-10-07T13:45:51.8934292Z                   },
3b SAST (CodeQL)	Initialize CodeQL	2026-10-07T13:45:51.8934672Z                   "bound" : {
3b SAST (CodeQL)	Initialize CodeQL	2026-10-07T13:45:51.8935117Z                     "title" : "TRAP cache bound",
3b SAST (CodeQL)	Initialize CodeQL	2026-10-07T13:45:51.8935774Z                     "description" : "A soft limit (in MB) on the size of the TRAP cache",
3b SAST (CodeQL)	Initialize CodeQL	2026-10-07T13:45:51.8936447Z                     "type" : "string",
3b SAST (CodeQL)	Initialize CodeQL	2026-10-07T13:45:51.8936940Z                     "pattern" : "[0-9]+"
3b SAST (CodeQL)	Initialize CodeQL	2026-10-07T13:45:51.8937392Z                   },
3b SAST (CodeQL)	Initialize CodeQL	2026-10-07T13:45:51.8937765Z                   "write" : {
3b SAST (CodeQL)	Initialize CodeQL	2026-10-07T13:45:51.8938231Z                     "title" : "TRAP cache writeable",
3b SAST (CodeQL)	Initialize CodeQL	2026-10-07T13:45:51.8938703Z                     "description" : "Whether to write to the TRAP cache as well as reading it",
3b SAST (CodeQL)	Initialize CodeQL	2026-10-07T13:45:51.8939143Z                     "type" : "string",
3b SAST (CodeQL)	Initialize CodeQL	2026-10-07T13:45:51.8939449Z                     "pattern" : "(true|TRUE|false|FALSE)"
3b SAST (CodeQL)	Initialize CodeQL	2026-10-07T13:45:51.8939760Z                   }
3b SAST (CodeQL)	Initialize CodeQL	2026-10-07T13:45:51.8939967Z                 }
3b SAST (CodeQL)	Initialize CodeQL	2026-10-07T13:45:51.8940165Z               }
3b SAST (CodeQL)	Initialize CodeQL	2026-10-07T13:45:51.8940359Z             }
3b SAST (CodeQL)	Initialize CodeQL	2026-10-07T13:45:51.8940555Z           },
3b SAST (CodeQL)	Initialize CodeQL	2026-10-07T13:45:51.8940764Z           "skip_types" : {
3b SAST (CodeQL)	Initialize CodeQL	2026-10-07T13:45:51.8941055Z             "title" : "Skip type extraction for TypeScript",
3b SAST (CodeQL)	Initialize CodeQL	2026-10-07T13:45:51.8941852Z             "description" : "Whether to skip the extraction of types in a TypeScript application",
3b SAST (CodeQL)	Initialize CodeQL	2026-10-07T13:45:51.8942374Z             "type" : "string",
3b SAST (CodeQL)	Initialize CodeQL	2026-10-07T13:45:51.8942638Z             "pattern" : "^(false|true)$"
3b SAST (CodeQL)	Initialize CodeQL	2026-10-07T13:45:51.8942897Z           }
3b SAST (CodeQL)	Initialize CodeQL	2026-10-07T13:45:51.8943078Z         }
3b SAST (CodeQL)	Initialize CodeQL	2026-10-07T13:45:51.8943254Z       }
3b SAST (CodeQL)	Initialize CodeQL	2026-10-07T13:45:51.8943432Z     ],
3b SAST (CodeQL)	Initialize CodeQL	2026-10-07T13:45:51.8943606Z     "go" : [
3b SAST (CodeQL)	Initialize CodeQL	2026-10-07T13:45:51.8943789Z       {
3b SAST (CodeQL)	Initialize CodeQL	2026-10-07T13:45:51.8944093Z         "extractor_root" : "/opt/hostedtoolcache/CodeQL/2.27.1/x64/codeql/go",
3b SAST (CodeQL)	Initialize CodeQL	2026-10-07T13:45:51.8944483Z         "extractor_options" : {
3b SAST (CodeQL)	Initialize CodeQL	2026-10-07T13:45:51.8944732Z           "extract_tests" : {
3b SAST (CodeQL)	Initialize CodeQL	2026-10-07T13:45:51.8945076Z             "title" : "Whether to include Go test files in the CodeQL database.",
3b SAST (CodeQL)	Initialize CodeQL	2026-10-07T13:45:51.8945754Z             "description" : "A value indicating whether Go test files should be included in the CodeQL database. The default is 'false'.\n",
3b SAST (CodeQL)	Initialize CodeQL	2026-10-07T13:45:51.8946326Z             "type" : "string",
3b SAST (CodeQL)	Initialize CodeQL	2026-10-07T13:45:51.8946569Z             "pattern" : "^(false|true)$"
3b SAST (CodeQL)	Initialize CodeQL	2026-10-07T13:45:51.8946818Z           },
3b SAST (CodeQL)	Initialize CodeQL	2026-10-07T13:45:51.8947024Z           "extract_vendor_dirs" : {
3b SAST (CodeQL)	Initialize CodeQL	2026-10-07T13:45:51.8947402Z             "title" : "Whether to include Go vendor directories in the CodeQL database.",
3b SAST (CodeQL)	Initialize CodeQL	2026-10-07T13:45:51.8948136Z             "description" : "A value indicating whether Go vendor directories should be included in the CodeQL database. The default is 'false'.\n",
3b SAST (CodeQL)	Initialize CodeQL	2026-10-07T13:45:51.8948738Z             "type" : "string",
3b SAST (CodeQL)	Initialize CodeQL	2026-10-07T13:45:51.8948973Z             "pattern" : "^(false|true)$"
3b SAST (CodeQL)	Initialize CodeQL	2026-10-07T13:45:51.8949219Z           }
3b SAST (CodeQL)	Initialize CodeQL	2026-10-07T13:45:51.8949392Z         }
3b SAST (CodeQL)	Initialize CodeQL	2026-10-07T13:45:51.8949563Z       }
3b SAST (CodeQL)	Initialize CodeQL	2026-10-07T13:45:51.8949732Z     ],
3b SAST (CodeQL)	Initialize CodeQL	2026-10-07T13:45:51.8949904Z     "html" : [
3b SAST (CodeQL)	Initialize CodeQL	2026-10-07T13:45:51.8950095Z       {
3b SAST (CodeQL)	Initialize CodeQL	2026-10-07T13:45:51.8950380Z         "extractor_root" : "/opt/hostedtoolcache/CodeQL/2.27.1/x64/codeql/html"
3b SAST (CodeQL)	Initialize CodeQL	2026-10-07T13:45:51.8950740Z       }
3b SAST (CodeQL)	Initialize CodeQL	2026-10-07T13:45:51.8950906Z     ],
3b SAST (CodeQL)	Initialize CodeQL	2026-10-07T13:45:51.8951077Z     "csharp" : [
3b SAST (CodeQL)	Initialize CodeQL	2026-10-07T13:45:51.8951265Z       {
3b SAST (CodeQL)	Initialize CodeQL	2026-10-07T13:45:51.8955346Z         "extractor_root" : "/opt/hostedtoolcache/CodeQL/2.27.1/x64/codeql/csharp",
3b SAST (CodeQL)	Initialize CodeQL	2026-10-07T13:45:51.8956047Z         "extractor_options" : {
3b SAST (CodeQL)	Initialize CodeQL	2026-10-07T13:45:51.8956303Z           "trap" : {
3b SAST (CodeQL)	Initialize CodeQL	2026-10-07T13:45:51.8956549Z             "title" : "Options pertaining to TRAP.",
3b SAST (CodeQL)	Initialize CodeQL	2026-10-07T13:45:51.8957020Z             "description" : "Options pertaining to TRAP.",
3b SAST (CodeQL)	Initialize CodeQL	2026-10-07T13:45:51.8957345Z             "type" : "object",
3b SAST (CodeQL)	Initialize CodeQL	2026-10-07T13:45:51.8957587Z             "properties" : {
3b SAST (CodeQL)	Initialize CodeQL	2026-10-07T13:45:51.8957833Z               "compression" : {
3b SAST (CodeQL)	Initialize CodeQL	2026-10-07T13:45:51.8958221Z                 "title" : "Controls compression for the TRAP files written by the extractor.",
3b SAST (CodeQL)	Initialize CodeQL	2026-10-07T13:45:51.8959253Z                 "description" : "This option is only intended for use in debugging the extractor. Accepted values are 'brotli' (the default, to write brotli-compressed TRAP), 'gzip', and 'none' (to write uncompressed TRAP).\n",
3b SAST (CodeQL)	Initialize CodeQL	2026-10-07T13:45:51.8960155Z                 "type" : "string",
3b SAST (CodeQL)	Initialize CodeQL	2026-10-07T13:45:51.8960444Z                 "pattern" : "^(none|gzip|brotli)$"
3b SAST (CodeQL)	Initialize CodeQL	2026-10-07T13:45:51.8960809Z               }
3b SAST (CodeQL)	Initialize CodeQL	2026-10-07T13:45:51.8961014Z             }
3b SAST (CodeQL)	Initialize CodeQL	2026-10-07T13:45:51.8961201Z           },
3b SAST (CodeQL)	Initialize CodeQL	2026-10-07T13:45:51.8961635Z           "buildless" : {
3b SAST (CodeQL)	Initialize CodeQL	2026-10-07T13:45:51.8962015Z             "title" : "DEPRECATED - Whether to use buildless (standalone) extraction.",
3b SAST (CodeQL)	Initialize CodeQL	2026-10-07T13:45:51.8964005Z             "description" : "DEPRECATED: Use `--build-mode none` instead.\nA value indicating, which type of extraction the autobuilder should perform. If 'true', then the standalone extractor will be used, otherwise tracing extraction will be performed. The default is 'false'. Note that buildless extraction will generally yield less accurate analysis results, and should only be used in cases where it is not possible to build the code (for example if it uses inaccessible dependencies).\n",
3b SAST (CodeQL)	Initialize CodeQL	2026-10-07T13:45:51.8965761Z             "type" : "string",
3b SAST (CodeQL)	Initialize CodeQL	2026-10-07T13:45:51.8966011Z             "pattern" : "^(false|true)$"
3b SAST (CodeQL)	Initialize CodeQL	2026-10-07T13:45:51.8966270Z           },
3b SAST (CodeQL)	Initialize CodeQL	2026-10-07T13:45:51.8966465Z           "logging" : {
3b SAST (CodeQL)	Initialize CodeQL	2026-10-07T13:45:51.8966721Z             "title" : "Options pertaining to logging.",
3b SAST (CodeQL)	Initialize CodeQL	2026-10-07T13:45:51.8967095Z             "description" : "Options pertaining to logging.",
3b SAST (CodeQL)	Initialize CodeQL	2026-10-07T13:45:51.8967422Z             "type" : "object",
3b SAST (CodeQL)	Initialize CodeQL	2026-10-07T13:45:51.8967663Z             "properties" : {
3b SAST (CodeQL)	Initialize CodeQL	2026-10-07T13:45:51.8967900Z               "verbosity" : {
3b SAST (CodeQL)	Initialize CodeQL	2026-10-07T13:45:51.8968173Z                 "title" : "Extractor logging verbosity level.",
3b SAST (CodeQL)	Initialize CodeQL	2026-10-07T13:45:51.8969207Z                 "description" : "Controls the level of verbosity of the extractor. The supported levels are (in order of increasing verbosity):\n  - off\n  - errors\n  - warnings\n  - info or progress\n  - debug or progress+\n  - trace or progress++\n  - progress+++\n",
3b SAST (CodeQL)	Initialize CodeQL	2026-10-07T13:45:51.8970180Z                 "type" : "string",
3b SAST (CodeQL)	Initialize CodeQL	2026-10-07T13:45:51.8970685Z                 "pattern" : "^(off|errors|warnings|(info|progress)|(debug|progress\\+)|(trace|progress\\+\\+)|progress\\+\\+\\+)$"
3b SAST (CodeQL)	Initialize CodeQL	2026-10-07T13:45:51.8971205Z               }
3b SAST (CodeQL)	Initialize CodeQL	2026-10-07T13:45:51.8971564Z             }
3b SAST (CodeQL)	Initialize CodeQL	2026-10-07T13:45:51.8971751Z           },
3b SAST (CodeQL)	Initialize CodeQL	2026-10-07T13:45:51.8971934Z           "binlog" : {
3b SAST (CodeQL)	Initialize CodeQL	2026-10-07T13:45:51.8972149Z             "title" : "Binlog",
3b SAST (CodeQL)	Initialize CodeQL	2026-10-07T13:45:51.8972848Z             "description" : "[EXPERIMENTAL] The value is a path to the MsBuild binary log file that should be extracted. This option only works when `--build-mode none` is also specified.\n",
3b SAST (CodeQL)	Initialize CodeQL	2026-10-07T13:45:51.8973559Z             "type" : "array"
3b SAST (CodeQL)	Initialize CodeQL	2026-10-07T13:45:51.8973781Z           },
3b SAST (CodeQL)	Initialize CodeQL	2026-10-07T13:45:51.8973978Z           "buildless_dependency_dir" : {
3b SAST (CodeQL)	Initialize CodeQL	2026-10-07T13:45:51.8974696Z             "title" : "The path where buildless (standalone) extraction should keep dependencies.",
3b SAST (CodeQL)	Initialize CodeQL	2026-10-07T13:45:51.8975797Z             "description" : "If set, the buildless (standalone) extractor will store dependencies in this directory.\n",
3b SAST (CodeQL)	Initialize CodeQL	2026-10-07T13:45:51.8976463Z             "type" : "string"
3b SAST (CodeQL)	Initialize CodeQL	2026-10-07T13:45:51.8976692Z           }
3b SAST (CodeQL)	Initialize CodeQL	2026-10-07T13:45:51.8976870Z         }
3b SAST (CodeQL)	Initialize CodeQL	2026-10-07T13:45:51.8977412Z       }
3b SAST (CodeQL)	Initialize CodeQL	2026-10-07T13:45:51.8977673Z     ],
3b SAST (CodeQL)	Initialize CodeQL	2026-10-07T13:45:51.8977950Z     "csv" : [
3b SAST (CodeQL)	Initialize CodeQL	2026-10-07T13:45:51.8978238Z       {
3b SAST (CodeQL)	Initialize CodeQL	2026-10-07T13:45:51.8978704Z         "extractor_root" : "/opt/hostedtoolcache/CodeQL/2.27.1/x64/codeql/csv"
3b SAST (CodeQL)	Initialize CodeQL	2026-10-07T13:45:51.8980244Z       }
3b SAST (CodeQL)	Initialize CodeQL	2026-10-07T13:45:51.8980510Z     ],
3b SAST (CodeQL)	Initialize CodeQL	2026-10-07T13:45:51.8980783Z     "actions" : [
3b SAST (CodeQL)	Initialize CodeQL	2026-10-07T13:45:51.8981074Z       {
3b SAST (CodeQL)	Initialize CodeQL	2026-10-07T13:45:51.8981759Z         "extractor_root" : "/opt/hostedtoolcache/CodeQL/2.27.1/x64/codeql/actions",
3b SAST (CodeQL)	Initialize CodeQL	2026-10-07T13:45:51.8982369Z         "extractor_options" : {
3b SAST (CodeQL)	Initialize CodeQL	2026-10-07T13:45:51.8982742Z           "trap" : {
3b SAST (CodeQL)	Initialize CodeQL	2026-10-07T13:45:51.8983082Z             "title" : "TRAP options",
3b SAST (CodeQL)	Initialize CodeQL	2026-10-07T13:45:51.8983653Z             "description" : "Options about how the extractor handles TRAP files",
3b SAST (CodeQL)	Initialize CodeQL	2026-10-07T13:45:51.8984258Z             "type" : "object",
3b SAST (CodeQL)	Initialize CodeQL	2026-10-07T13:45:51.8984638Z             "visibility" : 3,
3b SAST (CodeQL)	Initialize CodeQL	2026-10-07T13:45:51.8985018Z             "properties" : {
3b SAST (CodeQL)	Initialize CodeQL	2026-10-07T13:45:51.8985390Z               "cache" : {
3b SAST (CodeQL)	Initialize CodeQL	2026-10-07T13:45:51.8985773Z                 "title" : "TRAP cache options",
3b SAST (CodeQL)	Initialize CodeQL	2026-10-07T13:45:51.8986419Z                 "description" : "Options about how the extractor handles its TRAP cache",
3b SAST (CodeQL)	Initialize CodeQL	2026-10-07T13:45:51.8987055Z                 "type" : "object",
3b SAST (CodeQL)	Initialize CodeQL	2026-10-07T13:45:51.8987431Z                 "properties" : {
3b SAST (CodeQL)	Initialize CodeQL	2026-10-07T13:45:51.8987791Z                   "dir" : {
3b SAST (CodeQL)	Initialize CodeQL	2026-10-07T13:45:51.8988182Z                     "title" : "TRAP cache directory",
3b SAST (CodeQL)	Initialize CodeQL	2026-10-07T13:45:51.8988746Z                     "description" : "The directory of the TRAP cache to use",
3b SAST (CodeQL)	Initialize CodeQL	2026-10-07T13:45:51.8989281Z                     "type" : "string"
3b SAST (CodeQL)	Initialize CodeQL	2026-10-07T13:45:51.8989692Z                   },
3b SAST (CodeQL)	Initialize CodeQL	2026-10-07T13:45:51.8990009Z                   "bound" : {
3b SAST (CodeQL)	Initialize CodeQL	2026-10-07T13:45:51.8990389Z                     "title" : "TRAP cache bound",
3b SAST (CodeQL)	Initialize CodeQL	2026-10-07T13:45:51.8990996Z                     "description" : "A soft limit (in MB) on the size of the TRAP cache",
3b SAST (CodeQL)	Initialize CodeQL	2026-10-07T13:45:51.8991762Z                     "type" : "string",
3b SAST (CodeQL)	Initialize CodeQL	2026-10-07T13:45:51.8992193Z                     "pattern" : "[0-9]+"
3b SAST (CodeQL)	Initialize CodeQL	2026-10-07T13:45:51.8992601Z                   },
3b SAST (CodeQL)	Initialize CodeQL	2026-10-07T13:45:51.8992926Z                   "write" : {
3b SAST (CodeQL)	Initialize CodeQL	2026-10-07T13:45:51.8993346Z                     "title" : "TRAP cache writeable",
3b SAST (CodeQL)	Initialize CodeQL	2026-10-07T13:45:51.8994045Z                     "description" : "Whether to write to the TRAP cache as well as reading it",
3b SAST (CodeQL)	Initialize CodeQL	2026-10-07T13:45:51.8994747Z                     "type" : "string",
3b SAST (CodeQL)	Initialize CodeQL	2026-10-07T13:45:51.8995210Z                     "pattern" : "(true|TRUE|false|FALSE)"
3b SAST (CodeQL)	Initialize CodeQL	2026-10-07T13:45:51.8995670Z                   }
3b SAST (CodeQL)	Initialize CodeQL	2026-10-07T13:45:51.8995986Z                 }
3b SAST (CodeQL)	Initialize CodeQL	2026-10-07T13:45:51.8996302Z               }
3b SAST (CodeQL)	Initialize CodeQL	2026-10-07T13:45:51.8996609Z             }
3b SAST (CodeQL)	Initialize CodeQL	2026-10-07T13:45:51.8996891Z           }
3b SAST (CodeQL)	Initialize CodeQL	2026-10-07T13:45:51.8997176Z         }
3b SAST (CodeQL)	Initialize CodeQL	2026-10-07T13:45:51.8997448Z       }
3b SAST (CodeQL)	Initialize CodeQL	2026-10-07T13:45:51.8997730Z     ],
3b SAST (CodeQL)	Initialize CodeQL	2026-10-07T13:45:51.8998011Z     "ruby" : [
3b SAST (CodeQL)	Initialize CodeQL	2026-10-07T13:45:51.8998322Z       {
3b SAST (CodeQL)	Initialize CodeQL	2026-10-07T13:45:51.8998790Z         "extractor_root" : "/opt/hostedtoolcache/CodeQL/2.27.1/x64/codeql/ruby",
3b SAST (CodeQL)	Initialize CodeQL	2026-10-07T13:45:51.8999513Z         "extractor_options" : {
3b SAST (CodeQL)	Initialize CodeQL	2026-10-07T13:45:51.8999928Z           "trap" : {
3b SAST (CodeQL)	Initialize CodeQL	2026-10-07T13:45:51.9000331Z             "title" : "Options pertaining to TRAP.",
3b SAST (CodeQL)	Initialize CodeQL	2026-10-07T13:45:51.9000900Z             "description" : "Options pertaining to TRAP.",
3b SAST (CodeQL)	Initialize CodeQL	2026-10-07T13:45:51.9001611Z             "type" : "object",
3b SAST (CodeQL)	Initialize CodeQL	2026-10-07T13:45:51.9002008Z             "properties" : {
3b SAST (CodeQL)	Initialize CodeQL	2026-10-07T13:45:51.9002394Z               "compression" : {
3b SAST (CodeQL)	Initialize CodeQL	2026-10-07T13:45:51.9003028Z                 "title" : "Controls compression for the TRAP files written by the extractor.",
3b SAST (CodeQL)	Initialize CodeQL	2026-10-07T13:45:51.9004958Z                 "description" : "This option is only intended for use in debugging the extractor. Accepted values are 'gzip' (the default, to write gzip-compressed TRAP) 'zstd' (to write Zstandard-compressed TRAP) and 'none' (to write uncompressed TRAP).\n",
3b SAST (CodeQL)	Initialize CodeQL	2026-10-07T13:45:51.9006642Z                 "type" : "string",
3b SAST (CodeQL)	Initialize CodeQL	2026-10-07T13:45:51.9007417Z                 "pattern" : "^(none|gzip|zstd)$"
3b SAST (CodeQL)	Initialize CodeQL	2026-10-07T13:45:51.9007863Z               }
3b SAST (CodeQL)	Initialize CodeQL	2026-10-07T13:45:51.9008169Z             }
3b SAST (CodeQL)	Initialize CodeQL	2026-10-07T13:45:51.9008463Z           }
3b SAST (CodeQL)	Initialize CodeQL	2026-10-07T13:45:51.9008913Z         }
3b SAST (CodeQL)	Initialize CodeQL	2026-10-07T13:45:51.9009200Z       }
3b SAST (CodeQL)	Initialize CodeQL	2026-10-07T13:45:51.9009482Z     ],
3b SAST (CodeQL)	Initialize CodeQL	2026-10-07T13:45:51.9009768Z     "yaml" : [
3b SAST (CodeQL)	Initialize CodeQL	2026-10-07T13:45:51.9010078Z       {
3b SAST (CodeQL)	Initialize CodeQL	2026-10-07T13:45:51.9010555Z         "extractor_root" : "/opt/hostedtoolcache/CodeQL/2.27.1/x64/codeql/yaml"
3b SAST (CodeQL)	Initialize CodeQL	2026-10-07T13:45:51.9011170Z       }
3b SAST (CodeQL)	Initialize CodeQL	2026-10-07T13:45:51.9011648Z     ],
3b SAST (CodeQL)	Initialize CodeQL	2026-10-07T13:45:51.9011940Z     "xml" : [
3b SAST (CodeQL)	Initialize CodeQL	2026-10-07T13:45:51.9012240Z       {
3b SAST (CodeQL)	Initialize CodeQL	2026-10-07T13:45:51.9012712Z         "extractor_root" : "/opt/hostedtoolcache/CodeQL/2.27.1/x64/codeql/xml"
3b SAST (CodeQL)	Initialize CodeQL	2026-10-07T13:45:51.9013323Z       }
3b SAST (CodeQL)	Initialize CodeQL	2026-10-07T13:45:51.9013603Z     ],
3b SAST (CodeQL)	Initialize CodeQL	2026-10-07T13:45:51.9013893Z     "python" : [
3b SAST (CodeQL)	Initialize CodeQL	2026-10-07T13:45:51.9014208Z       {
3b SAST (CodeQL)	Initialize CodeQL	2026-10-07T13:45:51.9014703Z         "extractor_root" : "/opt/hostedtoolcache/CodeQL/2.27.1/x64/codeql/python",
3b SAST (CodeQL)	Initialize CodeQL	2026-10-07T13:45:51.9015377Z         "extractor_options" : {
3b SAST (CodeQL)	Initialize CodeQL	2026-10-07T13:45:51.9015772Z           "logging" : {
3b SAST (CodeQL)	Initialize CodeQL	2026-10-07T13:45:51.9016187Z             "title" : "Options pertaining to logging.",
3b SAST (CodeQL)	Initialize CodeQL	2026-10-07T13:45:51.9016782Z             "description" : "Options pertaining to logging.",
3b SAST (CodeQL)	Initialize CodeQL	2026-10-07T13:45:51.9017316Z             "type" : "object",
3b SAST (CodeQL)	Initialize CodeQL	2026-10-07T13:45:51.9017705Z             "properties" : {
3b SAST (CodeQL)	Initialize CodeQL	2026-10-07T13:45:51.9018100Z               "verbosity" : {
3b SAST (CodeQL)	Initialize CodeQL	2026-10-07T13:45:51.9018596Z                 "title" : "Python extractor logging verbosity level.",
3b SAST (CodeQL)	Initialize CodeQL	2026-10-07T13:45:51.9020487Z                 "description" : "Controls the level of verbosity of the CodeQL Python extractor.\nThe supported levels are (in order of increasing verbosity):\n\n  - off\n  - errors\n  - warnings\n  - info or progress\n  - debug or progress+\n  - trace or progress++\n  - progress+++\n",
3b SAST (CodeQL)	Initialize CodeQL	2026-10-07T13:45:51.9022429Z                 "type" : "string",
3b SAST (CodeQL)	Initialize CodeQL	2026-10-07T13:45:51.9023246Z                 "pattern" : "^(off|errors|warnings|(info|progress)|(debug|progress\\+)|(trace|progress\\+\\+)|progress\\+\\+\\+)$"
3b SAST (CodeQL)	Initialize CodeQL	2026-10-07T13:45:51.9024077Z               }
3b SAST (CodeQL)	Initialize CodeQL	2026-10-07T13:45:51.9024381Z             }
3b SAST (CodeQL)	Initialize CodeQL	2026-10-07T13:45:51.9024682Z           },
3b SAST (CodeQL)	Initialize CodeQL	2026-10-07T13:45:51.9025007Z           "python_executable_name" : {
3b SAST (CodeQL)	Initialize CodeQL	2026-10-07T13:45:51.9025693Z             "title" : "Controls the name of the Python executable used by the Python extractor.",
3b SAST (CodeQL)	Initialize CodeQL	2026-10-07T13:45:51.9028273Z             "description" : "The Python extractor uses platform-dependent heuristics to determine the name of the Python executable to use. Specifying a value for this option overrides the name of the Python executable used by the extractor. Accepted values are py, python and python3. Use this setting with caution, the Python extractor requires Python 3 to run.\n",
3b SAST (CodeQL)	Initialize CodeQL	2026-10-07T13:45:51.9030588Z             "type" : "string",
3b SAST (CodeQL)	Initialize CodeQL	2026-10-07T13:45:51.9031015Z             "pattern" : "^(py|python|python3)$"
3b SAST (CodeQL)	Initialize CodeQL	2026-10-07T13:45:51.9031628Z           }
3b SAST (CodeQL)	Initialize CodeQL	2026-10-07T13:45:51.9031917Z         }
3b SAST (CodeQL)	Initialize CodeQL	2026-10-07T13:45:51.9032210Z       }
3b SAST (CodeQL)	Initialize CodeQL	2026-10-07T13:45:51.9032487Z     ],
3b SAST (CodeQL)	Initialize CodeQL	2026-10-07T13:45:51.9032764Z     "cpp" : [
3b SAST (CodeQL)	Initialize CodeQL	2026-10-07T13:45:51.9033067Z       {
3b SAST (CodeQL)	Initialize CodeQL	2026-10-07T13:45:51.9033537Z         "extractor_root" : "/opt/hostedtoolcache/CodeQL/2.27.1/x64/codeql/cpp",
3b SAST (CodeQL)	Initialize CodeQL	2026-10-07T13:45:51.9034187Z         "extractor_options" : {
3b SAST (CodeQL)	Initialize CodeQL	2026-10-07T13:45:51.9034588Z           "trap" : {
3b SAST (CodeQL)	Initialize CodeQL	2026-10-07T13:45:51.9034953Z             "title" : "TRAP options",
3b SAST (CodeQL)	Initialize CodeQL	2026-10-07T13:45:51.9035523Z             "description" : "Options about how the extractor handles TRAP files",
3b SAST (CodeQL)	Initialize CodeQL	2026-10-07T13:45:51.9036125Z             "type" : "object",
3b SAST (CodeQL)	Initialize CodeQL	2026-10-07T13:45:51.9036512Z             "visibility" : 3,
3b SAST (CodeQL)	Initialize CodeQL	2026-10-07T13:45:51.9036899Z             "properties" : {
3b SAST (CodeQL)	Initialize CodeQL	2026-10-07T13:45:51.9037341Z               "cache" : {
3b SAST (CodeQL)	Initialize CodeQL	2026-10-07T13:45:51.9037733Z                 "title" : "TRAP cache options",
3b SAST (CodeQL)	Initialize CodeQL	2026-10-07T13:45:51.9038418Z                 "description" : "Options about how the extractor handles its TRAP cache",
3b SAST (CodeQL)	Initialize CodeQL	2026-10-07T13:45:51.9039106Z                 "type" : "object",
3b SAST (CodeQL)	Initialize CodeQL	2026-10-07T13:45:51.9039777Z                 "properties" : {
3b SAST (CodeQL)	Initialize CodeQL	2026-10-07T13:45:51.9040185Z                   "dir" : {
3b SAST (CodeQL)	Initialize CodeQL	2026-10-07T13:45:51.9040604Z                     "title" : "TRAP cache directory",
3b SAST (CodeQL)	Initialize CodeQL	2026-10-07T13:45:51.9041578Z                     "description" : "The directory of the TRAP cache to use",
3b SAST (CodeQL)	Initialize CodeQL	2026-10-07T13:45:51.9042191Z                     "type" : "string"
3b SAST (CodeQL)	Initialize CodeQL	2026-10-07T13:45:51.9042599Z                   },
3b SAST (CodeQL)	Initialize CodeQL	2026-10-07T13:45:51.9042941Z                   "bound" : {
3b SAST (CodeQL)	Initialize CodeQL	2026-10-07T13:45:51.9043351Z                     "title" : "TRAP cache bound",
3b SAST (CodeQL)	Initialize CodeQL	2026-10-07T13:45:51.9043974Z                     "description" : "A soft limit (in MB) on the size of the TRAP cache",
3b SAST (CodeQL)	Initialize CodeQL	2026-10-07T13:45:51.9044570Z                     "type" : "string",
3b SAST (CodeQL)	Initialize CodeQL	2026-10-07T13:45:51.9044973Z                     "pattern" : "[0-9]+"
3b SAST (CodeQL)	Initialize CodeQL	2026-10-07T13:45:51.9045364Z                   },
3b SAST (CodeQL)	Initialize CodeQL	2026-10-07T13:45:51.9045823Z                   "write" : {
3b SAST (CodeQL)	Initialize CodeQL	2026-10-07T13:45:51.9046242Z                     "title" : "TRAP cache writeable",
3b SAST (CodeQL)	Initialize CodeQL	2026-10-07T13:45:51.9046895Z                     "description" : "Whether to write to the TRAP cache as well as reading it",
3b SAST (CodeQL)	Initialize CodeQL	2026-10-07T13:45:51.9047529Z                     "type" : "string",
3b SAST (CodeQL)	Initialize CodeQL	2026-10-07T13:45:51.9047982Z                     "pattern" : "(true|TRUE|false|FALSE)"
3b SAST (CodeQL)	Initialize CodeQL	2026-10-07T13:45:51.9048294Z                   }
3b SAST (CodeQL)	Initialize CodeQL	2026-10-07T13:45:51.9048485Z                 }
3b SAST (CodeQL)	Initialize CodeQL	2026-10-07T13:45:51.9048680Z               }
3b SAST (CodeQL)	Initialize CodeQL	2026-10-07T13:45:51.9049046Z             }
3b SAST (CodeQL)	Initialize CodeQL	2026-10-07T13:45:51.9049231Z           },
3b SAST (CodeQL)	Initialize CodeQL	2026-10-07T13:45:51.9049423Z           "scale_timeouts" : {
3b SAST (CodeQL)	Initialize CodeQL	2026-10-07T13:45:51.9049929Z             "title" : "Value to scale compiler introspection timeouts with",
3b SAST (CodeQL)	Initialize CodeQL	2026-10-07T13:45:51.9052314Z             "description" : "The extractor attempts to determine what compiler the source code being extracted is compiled with. To this end the extractor makes additional calls to the compiler, some of which are expected to return within a certain fixed time (either 10s or 15s). On some systems that are under high load this time might be too short, and can be scaled up using this option.\n",
3b SAST (CodeQL)	Initialize CodeQL	2026-10-07T13:45:51.9053712Z             "type" : "string",
3b SAST (CodeQL)	Initialize CodeQL	2026-10-07T13:45:51.9053949Z             "pattern" : "[0-9]+"
3b SAST (CodeQL)	Initialize CodeQL	2026-10-07T13:45:51.9054188Z           },
3b SAST (CodeQL)	Initialize CodeQL	2026-10-07T13:45:51.9054378Z           "log_verbosity" : {
3b SAST (CodeQL)	Initialize CodeQL	2026-10-07T13:45:51.9054655Z             "title" : "Verbosity of the extractor logging",
3b SAST (CodeQL)	Initialize CodeQL	2026-10-07T13:45:51.9055291Z             "description" : "Set the verbosity of the extractor logging to 'quiet' (0), 'normal' (1), 'chatty' (2), or 'noisy' (3). The default is 'normal'.\n",
3b SAST (CodeQL)	Initialize CodeQL	2026-10-07T13:45:51.9055871Z             "type" : "string",
3b SAST (CodeQL)	Initialize CodeQL	2026-10-07T13:45:51.9056103Z             "pattern" : "[0-3]"
3b SAST (CodeQL)	Initialize CodeQL	2026-10-07T13:45:51.9056328Z           },
3b SAST (CodeQL)	Initialize CodeQL	2026-10-07T13:45:51.9056525Z           "frontend_options" : {
3b SAST (CodeQL)	Initialize CodeQL	2026-10-07T13:45:51.9056807Z             "title" : "C/C++ extractor frontend options",
3b SAST (CodeQL)	Initialize CodeQL	2026-10-07T13:45:51.9057317Z             "description" : "Set additional options that should be passed to the C/C++ extractor frontend.\n",
3b SAST (CodeQL)	Initialize CodeQL	2026-10-07T13:45:51.9057796Z             "type" : "array",
3b SAST (CodeQL)	Initialize CodeQL	2026-10-07T13:45:51.9058024Z             "visibility" : 3
3b SAST (CodeQL)	Initialize CodeQL	2026-10-07T13:45:51.9058244Z           }
3b SAST (CodeQL)	Initialize CodeQL	2026-10-07T13:45:51.9058421Z         }
3b SAST (CodeQL)	Initialize CodeQL	2026-10-07T13:45:51.9058598Z       }
3b SAST (CodeQL)	Initialize CodeQL	2026-10-07T13:45:51.9058777Z     ],
3b SAST (CodeQL)	Initialize CodeQL	2026-10-07T13:45:51.9058959Z     "properties" : [
3b SAST (CodeQL)	Initialize CodeQL	2026-10-07T13:45:51.9059156Z       {
3b SAST (CodeQL)	Initialize CodeQL	2026-10-07T13:45:51.9059464Z         "extractor_root" : "/opt/hostedtoolcache/CodeQL/2.27.1/x64/codeql/properties"
3b SAST (CodeQL)	Initialize CodeQL	2026-10-07T13:45:51.9059839Z       }
3b SAST (CodeQL)	Initialize CodeQL	2026-10-07T13:45:51.9060005Z     ],
3b SAST (CodeQL)	Initialize CodeQL	2026-10-07T13:45:51.9060187Z     "rust" : [
3b SAST (CodeQL)	Initialize CodeQL	2026-10-07T13:45:51.9060366Z       {
3b SAST (CodeQL)	Initialize CodeQL	2026-10-07T13:45:51.9060642Z         "extractor_root" : "/opt/hostedtoolcache/CodeQL/2.27.1/x64/codeql/rust",
3b SAST (CodeQL)	Initialize CodeQL	2026-10-07T13:45:51.9061009Z         "extractor_options" : {
3b SAST (CodeQL)	Initialize CodeQL	2026-10-07T13:45:51.9061239Z           "trap" : {
3b SAST (CodeQL)	Initialize CodeQL	2026-10-07T13:45:51.9061813Z             "title" : "Options pertaining to TRAP.",
3b SAST (CodeQL)	Initialize CodeQL	2026-10-07T13:45:51.9062148Z             "description" : "Options pertaining to TRAP.",
3b SAST (CodeQL)	Initialize CodeQL	2026-10-07T13:45:51.9062658Z             "type" : "object",
3b SAST (CodeQL)	Initialize CodeQL	2026-10-07T13:45:51.9062890Z             "properties" : {
3b SAST (CodeQL)	Initialize CodeQL	2026-10-07T13:45:51.9063123Z               "compression" : {
3b SAST (CodeQL)	Initialize CodeQL	2026-10-07T13:45:51.9063608Z                 "title" : "Controls compression for the TRAP files written by the extractor.",
3b SAST (CodeQL)	Initialize CodeQL	2026-10-07T13:45:51.9064705Z                 "description" : "This option is only intended for use in debugging the extractor. Accepted values are 'gzip' (to write gzip-compressed TRAP) 'zstd' (the default, to write Zstandard-compressed TRAP) and 'none' (to write uncompressed TRAP).\n",
3b SAST (CodeQL)	Initialize CodeQL	2026-10-07T13:45:51.9065763Z                 "type" : "string",
3b SAST (CodeQL)	Initialize CodeQL	2026-10-07T13:45:51.9066160Z                 "pattern" : "^(none|gzip|zstd)$"
3b SAST (CodeQL)	Initialize CodeQL	2026-10-07T13:45:51.9066542Z               }
3b SAST (CodeQL)	Initialize CodeQL	2026-10-07T13:45:51.9066815Z             }
3b SAST (CodeQL)	Initialize CodeQL	2026-10-07T13:45:51.9067089Z           },
3b SAST (CodeQL)	Initialize CodeQL	2026-10-07T13:45:51.9067389Z           "cargo_target_dir" : {
3b SAST (CodeQL)	Initialize CodeQL	2026-10-07T13:45:51.9067856Z             "title" : "Directory to use for cargo output files.",
3b SAST (CodeQL)	Initialize CodeQL	2026-10-07T13:45:51.9070405Z             "description" : "This value is an optional path to use as `CARGO_TARGET_DIR` for the internal cargo commands the extractor uses. Pointing it to a persistent directory may reduce execution time of consecutive extractor runs. By default, a new scratch directory is used for each extraction, while qltests use the test's `target` directory so artifacts can be reused across runs.\n",
3b SAST (CodeQL)	Initialize CodeQL	2026-10-07T13:45:51.9073316Z             "type" : "string"
3b SAST (CodeQL)	Initialize CodeQL	2026-10-07T13:45:51.9073741Z           },
3b SAST (CodeQL)	Initialize CodeQL	2026-10-07T13:45:51.9074054Z           "cargo_target" : {
3b SAST (CodeQL)	Initialize CodeQL	2026-10-07T13:45:51.9074469Z             "title" : "Target architecture",
3b SAST (CodeQL)	Initialize CodeQL	2026-10-07T13:45:51.9075500Z             "description" : "Target architecture to use for analysis, analogous to `cargo --target`. By default the host architecture is used.\n",
3b SAST (CodeQL)	Initialize CodeQL	2026-10-07T13:45:51.9076469Z             "type" : "string"
3b SAST (CodeQL)	Initialize CodeQL	2026-10-07T13:45:51.9076864Z           },
3b SAST (CodeQL)	Initialize CodeQL	2026-10-07T13:45:51.9077218Z           "cargo_features" : {
3b SAST (CodeQL)	Initialize CodeQL	2026-10-07T13:45:51.9077661Z             "title" : "Cargo features to turn on",
3b SAST (CodeQL)	Initialize CodeQL	2026-10-07T13:45:51.9079558Z             "description" : "Comma-separated list of features to turn on. By default all features are enabled. If any features are specified, then only those features are enabled. The `default` feature must be explicitly specified if only default features are desired. Can be repeated.\n",
3b SAST (CodeQL)	Initialize CodeQL	2026-10-07T13:45:51.9081705Z             "type" : "array"
3b SAST (CodeQL)	Initialize CodeQL	2026-10-07T13:45:51.9082125Z           },
3b SAST (CodeQL)	Initialize CodeQL	2026-10-07T13:45:51.9082484Z           "cargo_cfg_overrides" : {
3b SAST (CodeQL)	Initialize CodeQL	2026-10-07T13:45:51.9082973Z             "title" : "Cargo cfg overrides",
3b SAST (CodeQL)	Initialize CodeQL	2026-10-07T13:45:51.9083999Z             "description" : "Comma-separated list of cfg settings to enable, or disable if prefixed with `-`. Can be repeated.\n",
3b SAST (CodeQL)	Initialize CodeQL	2026-10-07T13:45:51.9085017Z             "type" : "array"
3b SAST (CodeQL)	Initialize CodeQL	2026-10-07T13:45:51.9085399Z           },
3b SAST (CodeQL)	Initialize CodeQL	2026-10-07T13:45:51.9085731Z           "logging" : {
3b SAST (CodeQL)	Initialize CodeQL	2026-10-07T13:45:51.9086197Z             "title" : "Options pertaining to logging.",
3b SAST (CodeQL)	Initialize CodeQL	2026-10-07T13:45:51.9086838Z             "description" : "Options pertaining to logging.",
3b SAST (CodeQL)	Initialize CodeQL	2026-10-07T13:45:51.9087414Z             "type" : "object",
3b SAST (CodeQL)	Initialize CodeQL	2026-10-07T13:45:51.9087847Z             "properties" : {
3b SAST (CodeQL)	Initialize CodeQL	2026-10-07T13:45:51.9088248Z               "verbosity" : {
3b SAST (CodeQL)	Initialize CodeQL	2026-10-07T13:45:51.9088703Z                 "title" : "Extractor logging verbosity level.",
3b SAST (CodeQL)	Initialize CodeQL	2026-10-07T13:45:51.9090408Z                 "description" : "Controls the level of verbosity of the extractor. The supported levels are (in order of increasing verbosity):\n  - off\n  - errors\n  - warnings\n  - info or progress\n  - debug or progress+\n  - trace or progress++\n  - progress+++\n",
3b SAST (CodeQL)	Initialize CodeQL	2026-10-07T13:45:51.9092410Z                 "type" : "string",
3b SAST (CodeQL)	Initialize CodeQL	2026-10-07T13:45:51.9093324Z                 "pattern" : "^(off|errors|warnings|(info|progress)|(debug|progress\\+)|(trace|progress\\+\\+)|progress\\+\\+\\+)$"
3b SAST (CodeQL)	Initialize CodeQL	2026-10-07T13:45:51.9094259Z               },
3b SAST (CodeQL)	Initialize CodeQL	2026-10-07T13:45:51.9094662Z               "flamegraph" : {
3b SAST (CodeQL)	Initialize CodeQL	2026-10-07T13:45:51.9095326Z                 "title" : "[Experimental] File path for write flame graph log",
3b SAST (CodeQL)	Initialize CodeQL	2026-10-07T13:45:51.9097384Z                 "description" : "Collect flame graph data using the `tracing-flame` crate. To render a flame graph or chart, run the `inferno-flamegraph` command. See also: https://crates.io/crates/tracing-flame\n",
3b SAST (CodeQL)	Initialize CodeQL	2026-10-07T13:45:51.9099208Z                 "type" : "string"
3b SAST (CodeQL)	Initialize CodeQL	2026-10-07T13:45:51.9099693Z               }
3b SAST (CodeQL)	Initialize CodeQL	2026-10-07T13:45:51.9100033Z             }
3b SAST (CodeQL)	Initialize CodeQL	2026-10-07T13:45:51.9100346Z           },
3b SAST (CodeQL)	Initialize CodeQL	2026-10-07T13:45:51.9100733Z           "extract_dependencies_as_source" : {
3b SAST (CodeQL)	Initialize CodeQL	2026-10-07T13:45:51.9101612Z             "title" : "Extract dependencies as source code",
3b SAST (CodeQL)	Initialize CodeQL	2026-10-07T13:45:51.9102551Z             "description" : "Extract the full source code of dependencies instead of only extracting signatures.\n",
3b SAST (CodeQL)	Initialize CodeQL	2026-10-07T13:45:51.9103451Z             "type" : "string",
3b SAST (CodeQL)	Initialize CodeQL	2026-10-07T13:45:51.9103885Z             "pattern" : "^(false|true)$"
3b SAST (CodeQL)	Initialize CodeQL	2026-10-07T13:45:51.9104386Z           }
3b SAST (CodeQL)	Initialize CodeQL	2026-10-07T13:45:51.9104741Z         }
3b SAST (CodeQL)	Initialize CodeQL	2026-10-07T13:45:51.9105086Z       }
3b SAST (CodeQL)	Initialize CodeQL	2026-10-07T13:45:51.9105376Z     ],
3b SAST (CodeQL)	Initialize CodeQL	2026-10-07T13:45:51.9105697Z     "swift" : [
3b SAST (CodeQL)	Initialize CodeQL	2026-10-07T13:45:51.9106012Z       {
3b SAST (CodeQL)	Initialize CodeQL	2026-10-07T13:45:51.9106537Z         "extractor_root" : "/opt/hostedtoolcache/CodeQL/2.27.1/x64/codeql/swift"
3b SAST (CodeQL)	Initialize CodeQL	2026-10-07T13:45:51.9107210Z       }
3b SAST (CodeQL)	Initialize CodeQL	2026-10-07T13:45:51.9107531Z     ],
3b SAST (CodeQL)	Initialize CodeQL	2026-10-07T13:45:51.9107830Z     "java" : [
3b SAST (CodeQL)	Initialize CodeQL	2026-10-07T13:45:51.9108170Z       {
3b SAST (CodeQL)	Initialize CodeQL	2026-10-07T13:45:51.9108713Z         "extractor_root" : "/opt/hostedtoolcache/CodeQL/2.27.1/x64/codeql/java",
3b SAST (CodeQL)	Initialize CodeQL	2026-10-07T13:45:51.9109453Z         "extractor_options" : {
3b SAST (CodeQL)	Initialize CodeQL	2026-10-07T13:45:51.9109929Z           "exclude" : {
3b SAST (CodeQL)	Initialize CodeQL	2026-10-07T13:45:51.9110428Z             "title" : "A glob excluding files from analysis.",
3b SAST (CodeQL)	Initialize CodeQL	2026-10-07T13:45:51.9111975Z             "description" : "A glob indicating what files to exclude from the analysis. This accepts glob patterns that are supported by Java's 'getPathMatcher' implementation.\n",
3b SAST (CodeQL)	Initialize CodeQL	2026-10-07T13:45:51.9113295Z             "type" : "string"
3b SAST (CodeQL)	Initialize CodeQL	2026-10-07T13:45:51.9113702Z           },
3b SAST (CodeQL)	Initialize CodeQL	2026-10-07T13:45:51.9114067Z           "add_prefer_source" : {
3b SAST (CodeQL)	Initialize CodeQL	2026-10-07T13:45:51.9114680Z             "title" : "Whether to always prefer source files over class files.",
3b SAST (CodeQL)	Initialize CodeQL	2026-10-07T13:45:51.9116842Z             "description" : "A value indicating whether source files should be preferred over class files. If set to 'true', the extraction adds '-Xprefer:source' to the javac command line. If set to 'false', the extraction uses the default javac behavior ('-Xprefer:newer'). The default is 'true'.\n",
3b SAST (CodeQL)	Initialize CodeQL	2026-10-07T13:45:51.9118965Z             "type" : "string",
3b SAST (CodeQL)	Initialize CodeQL	2026-10-07T13:45:51.9119437Z             "pattern" : "^(false|true)$"
3b SAST (CodeQL)	Initialize CodeQL	2026-10-07T13:45:51.9119906Z           },
3b SAST (CodeQL)	Initialize CodeQL	2026-10-07T13:45:51.9120252Z           "buildless" : {
3b SAST (CodeQL)	Initialize CodeQL	2026-10-07T13:45:51.9120926Z             "title" : "Whether to use buildless (standalone) extraction (experimental).",
3b SAST (CodeQL)	Initialize CodeQL	2026-10-07T13:45:51.9124885Z             "description" : "A value indicating, which type of extraction the autobuilder should perform. If 'true', then the standalone extractor will be used, otherwise tracing extraction will be performed. The default is 'false'. Note that buildless extraction will generally yield less accurate analysis results, and should only be used in cases where it is not possible to build the code (for example if it uses inaccessible dependencies).\n",
3b SAST (CodeQL)	Initialize CodeQL	2026-10-07T13:45:51.9127759Z             "type" : "string",
3b SAST (CodeQL)	Initialize CodeQL	2026-10-07T13:45:51.9128149Z             "pattern" : "^(false|true)$"
3b SAST (CodeQL)	Initialize CodeQL	2026-10-07T13:45:51.9128537Z           },
3b SAST (CodeQL)	Initialize CodeQL	2026-10-07T13:45:51.9128837Z           "buildless_dependency_dir" : {
3b SAST (CodeQL)	Initialize CodeQL	2026-10-07T13:45:51.9129528Z             "title" : "The path where buildless (standalone) extraction should keep dependencies.",
3b SAST (CodeQL)	Initialize CodeQL	2026-10-07T13:45:51.9130675Z             "description" : "If set, the buildless (standalone) extractor will store dependencies in this directory.\n",
3b SAST (CodeQL)	Initialize CodeQL	2026-10-07T13:45:51.9131828Z             "type" : "string"
3b SAST (CodeQL)	Initialize CodeQL	2026-10-07T13:45:51.9132191Z           },
3b SAST (CodeQL)	Initialize CodeQL	2026-10-07T13:45:51.9132520Z           "minimize_dependency_jars" : {
3b SAST (CodeQL)	Initialize CodeQL	2026-10-07T13:45:51.9133496Z             "title" : "Whether to rewrite and minimize downloaded JAR dependencies (experimental).",
3b SAST (CodeQL)	Initialize CodeQL	2026-10-07T13:45:51.9135018Z             "description" : "If 'true', JAR dependencies downloaded during extraction will be rewritten to remove unneeded data, such as method bodies. The default is 'false'.\n",
3b SAST (CodeQL)	Initialize CodeQL	2026-10-07T13:45:51.9136589Z             "type" : "string",
3b SAST (CodeQL)	Initialize CodeQL	2026-10-07T13:45:51.9137157Z             "pattern" : "^(false|true)$"
3b SAST (CodeQL)	Initialize CodeQL	2026-10-07T13:45:51.9137541Z           }
3b SAST (CodeQL)	Initialize CodeQL	2026-10-07T13:45:51.9137731Z         }
3b SAST (CodeQL)	Initialize CodeQL	2026-10-07T13:45:51.9137908Z       }
3b SAST (CodeQL)	Initialize CodeQL	2026-10-07T13:45:51.9138079Z     ]
3b SAST (CodeQL)	Initialize CodeQL	2026-10-07T13:45:51.9138250Z   }
3b SAST (CodeQL)	Initialize CodeQL	2026-10-07T13:45:51.9138422Z }
3b SAST (CodeQL)	Initialize CodeQL	2026-10-07T13:45:51.9138705Z python does not support TRAP caching (missing option group)
3b SAST (CodeQL)	Initialize CodeQL	2026-10-07T13:45:51.9139078Z Found 0 languages that support TRAP caching
3b SAST (CodeQL)	Initialize CodeQL	2026-10-07T13:45:51.9139679Z ##[endgroup]
3b SAST (CodeQL)	Initialize CodeQL	2026-10-07T13:45:51.9140500Z While resolving threads, found a cgroup CPUs file with 4 CPUs in /sys/fs/cgroup/cpuset.cpus.effective.
3b SAST (CodeQL)	Initialize CodeQL	2026-10-07T13:45:52.9308477Z Writing augmented user configuration file to /home/runner/work/_temp/user-config.yaml
3b SAST (CodeQL)	Initialize CodeQL	2026-10-07T13:45:52.9309683Z ##[group]Augmented user configuration file contents
3b SAST (CodeQL)	Initialize CodeQL	2026-10-07T13:45:52.9333644Z paths:
3b SAST (CodeQL)	Initialize CodeQL	2026-10-07T13:45:52.9334160Z   - labs/17-devsecops/app
3b SAST (CodeQL)	Initialize CodeQL	2026-10-07T13:45:52.9334476Z 
3b SAST (CodeQL)	Initialize CodeQL	2026-10-07T13:45:52.9335007Z ##[endgroup]
3b SAST (CodeQL)	Initialize CodeQL	2026-10-07T13:45:52.9342641Z [command]/opt/hostedtoolcache/CodeQL/2.27.1/x64/codeql/codeql database init --force-overwrite --db-cluster /home/runner/work/_temp/codeql_databases --source-root=/home/runner/work/devops-coursework/devops-coursework --calculate-language-specific-baseline --sublanguage-file-coverage --extractor-include-aliases --language=python --codescanning-config=/home/runner/work/_temp/user-config.yaml
3b SAST (CodeQL)	Initialize CodeQL	2026-10-07T13:45:54.3112745Z Package install location: /home/runner/.codeql/packages
3b SAST (CodeQL)	Initialize CodeQL	2026-10-07T13:45:54.3114138Z Nothing downloaded.
3b SAST (CodeQL)	Initialize CodeQL	2026-10-07T13:45:55.7557705Z Calculating baseline information in /home/runner/work/devops-coursework/devops-coursework
3b SAST (CodeQL)	Initialize CodeQL	2026-10-07T13:45:56.2666960Z Calculated baseline information for languages: python (509ms).
3b SAST (CodeQL)	Initialize CodeQL	2026-10-07T13:45:56.5413192Z Resolving extractor python.
3b SAST (CodeQL)	Initialize CodeQL	2026-10-07T13:45:56.5488916Z Successfully loaded extractor Python (python) from /opt/hostedtoolcache/CodeQL/2.27.1/x64/codeql/python.
3b SAST (CodeQL)	Initialize CodeQL	2026-10-07T13:45:56.5943159Z Created skeleton CodeQL database at /home/runner/work/_temp/codeql_databases/python. This in-progress database is ready to be populated by an extractor.
3b SAST (CodeQL)	Analyze code	﻿2026-10-07T13:45:59.5135687Z ##[group]Run github/codeql-action/analyze@v3
3b SAST (CodeQL)	Analyze code	2026-10-07T13:45:59.5136017Z with:
3b SAST (CodeQL)	Analyze code	2026-10-07T13:45:59.5136224Z   category: session17-devsecops
3b SAST (CodeQL)	Analyze code	2026-10-07T13:45:59.5136475Z   output: ../results
3b SAST (CodeQL)	Analyze code	2026-10-07T13:45:59.5136678Z   upload: always
3b SAST (CodeQL)	Analyze code	2026-10-07T13:45:59.5136888Z   skip-queries: false
3b SAST (CodeQL)	Analyze code	2026-10-07T13:45:59.5137214Z   checkout_path: /home/runner/work/devops-coursework/devops-coursework
3b SAST (CodeQL)	Analyze code	2026-10-07T13:45:59.5137585Z   upload-database: true
3b SAST (CodeQL)	Analyze code	2026-10-07T13:45:59.5137818Z   wait-for-processing: true
3b SAST (CodeQL)	Analyze code	2026-10-07T13:45:59.5140215Z   token: ***
3b SAST (CodeQL)	Analyze code	2026-10-07T13:45:59.5140444Z   matrix: null
3b SAST (CodeQL)	Analyze code	2026-10-07T13:45:59.5140655Z   expect-error: false
3b SAST (CodeQL)	Analyze code	2026-10-07T13:45:59.5140864Z env:
3b SAST (CodeQL)	Analyze code	2026-10-07T13:45:59.5141057Z   APP_DIR: labs/17-devsecops
3b SAST (CodeQL)	Analyze code	2026-10-07T13:45:59.5141302Z   IMAGE_NAME: claim-check-api
3b SAST (CodeQL)	Analyze code	2026-10-07T13:45:59.5141727Z   TRIVY_VERSION: 0.75.0
3b SAST (CodeQL)	Analyze code	2026-10-07T13:45:59.5141949Z   GITLEAKS_VERSION: 8.30.1
3b SAST (CodeQL)	Analyze code	2026-10-07T13:45:59.5142176Z   PYTHON_VERSION: 3.13
3b SAST (CodeQL)	Analyze code	2026-10-07T13:45:59.5142477Z   CODEQL_ACTION_JOB_RUN_UUID: f41716d1-0d0b-49e9-85a3-fbbc6426aa81
3b SAST (CodeQL)	Analyze code	2026-10-07T13:45:59.5142888Z   CODEQL_ACTION_FEATURE_MULTI_LANGUAGE: false
3b SAST (CodeQL)	Analyze code	2026-10-07T13:45:59.5143186Z   CODEQL_ACTION_FEATURE_SANDWICH: false
3b SAST (CodeQL)	Analyze code	2026-10-07T13:45:59.5143469Z   CODEQL_ACTION_FEATURE_SARIF_COMBINE: true
3b SAST (CodeQL)	Analyze code	2026-10-07T13:45:59.5143758Z   CODEQL_ACTION_FEATURE_WILL_UPLOAD: true
3b SAST (CodeQL)	Analyze code	2026-10-07T13:45:59.5144035Z   CODEQL_ACTION_VERSION: 3.38.2
3b SAST (CodeQL)	Analyze code	2026-10-07T13:45:59.5144312Z   CODEQL_ACTION_DID_LOG_VERSION_DEPRECATION: true
3b SAST (CodeQL)	Analyze code	2026-10-07T13:45:59.5144625Z   CODEQL_ACTION_INIT_HAS_RUN: true
3b SAST (CodeQL)	Analyze code	2026-10-07T13:45:59.5145004Z   CODEQL_ACTION_ANALYSIS_KEY: .github/workflows/session17-devsecops.yml:codeql
3b SAST (CodeQL)	Analyze code	2026-10-07T13:45:59.5145618Z   CODEQL_WORKFLOW_STARTED_AT: 2026-10-07T13:45:46.536Z
3b SAST (CodeQL)	Analyze code	2026-10-07T13:45:59.5145930Z   CODEQL_ACTION_HAS_SET_UP_CODEQL: true
3b SAST (CodeQL)	Analyze code	2026-10-07T13:45:59.5146189Z   CODEQL_RAM: 14575
3b SAST (CodeQL)	Analyze code	2026-10-07T13:45:59.5146389Z   CODEQL_THREADS: 4
3b SAST (CodeQL)	Analyze code	2026-10-07T13:45:59.5146590Z ##[endgroup]
3b SAST (CodeQL)	Analyze code	2026-10-07T13:45:59.7744034Z Existing job run UUID is f41716d1-0d0b-49e9-85a3-fbbc6426aa81.
3b SAST (CodeQL)	Analyze code	2026-10-07T13:46:01.1167530Z While resolving threads, found a cgroup CPUs file with 4 CPUs in /sys/fs/cgroup/cpuset.cpus.effective.
3b SAST (CodeQL)	Analyze code	2026-10-07T13:46:01.1205041Z ##[group]Generating diff range extension pack
3b SAST (CodeQL)	Analyze code	2026-10-07T13:46:01.1207507Z No precomputed diff ranges found; skipping diff-informed analysis stage.
3b SAST (CodeQL)	Analyze code	2026-10-07T13:46:01.1208823Z ##[endgroup]
3b SAST (CodeQL)	Analyze code	2026-10-07T13:46:02.1462935Z ##[group]Extracting python
3b SAST (CodeQL)	Analyze code	2026-10-07T13:46:02.1466776Z [command]/opt/hostedtoolcache/CodeQL/2.27.1/x64/codeql/codeql database trace-command --index-traceless-dbs /home/runner/work/_temp/codeql_databases/python
3b SAST (CodeQL)	Analyze code	2026-10-07T13:46:03.0496222Z Running command in /home/runner/work/devops-coursework/devops-coursework: [/opt/hostedtoolcache/CodeQL/2.27.1/x64/codeql/python/tools/autobuild.sh]
3b SAST (CodeQL)	Analyze code	2026-10-07T13:46:03.1548546Z [2026-10-07 13:46:03] [build-stderr] /bin/sh: 1: python2: not found
3b SAST (CodeQL)	Analyze code	2026-10-07T13:46:03.1858881Z [2026-10-07 13:46:03] [build-stdout] No directories containing root identifiers were found. Returning working directory as root.
3b SAST (CodeQL)	Analyze code	2026-10-07T13:46:03.1860825Z [2026-10-07 13:46:03] [build-stdout] Will try to guess Python version, as it was not specified in `lgtm.yml`
3b SAST (CodeQL)	Analyze code	2026-10-07T13:46:03.1862794Z [2026-10-07 13:46:03] [build-stdout] Trying to guess Python version based on Trove classifiers in setup.py
3b SAST (CodeQL)	Analyze code	2026-10-07T13:46:03.1878753Z [2026-10-07 13:46:03] [build-stdout] Did not find setup.py (expected it to be at /home/runner/work/devops-coursework/devops-coursework/setup.py)
3b SAST (CodeQL)	Analyze code	2026-10-07T13:46:03.1880428Z [2026-10-07 13:46:03] [build-stdout] Trying to guess Python version based on travis file
3b SAST (CodeQL)	Analyze code	2026-10-07T13:46:03.1883245Z [2026-10-07 13:46:03] [build-stdout] Did not find any travis files (expected them at either ['/home/runner/work/devops-coursework/devops-coursework/.travis.yml', '/home/runner/work/devops-coursework/devops-coursework/travis.yml'])
3b SAST (CodeQL)	Analyze code	2026-10-07T13:46:03.1884660Z [2026-10-07 13:46:03] [build-stdout] Trying to guess Python version based on installed versions
3b SAST (CodeQL)	Analyze code	2026-10-07T13:46:03.1885462Z [2026-10-07 13:46:03] [build-stdout] Wanted to run Python 2, but it is not available. Using Python 3 instead
3b SAST (CodeQL)	Analyze code	2026-10-07T13:46:03.1886761Z [2026-10-07 13:46:03] [build-stdout] This script is running Python 3, but Python 2 is also available (as 'python3')
3b SAST (CodeQL)	Analyze code	2026-10-07T13:46:03.1942073Z [2026-10-07 13:46:03] [build-stdout] Could not guess Python version, will use default: Python 3
3b SAST (CodeQL)	Analyze code	2026-10-07T13:46:03.1944229Z [2026-10-07 13:46:03] [build-stdout] Calling python3 -S /opt/hostedtoolcache/CodeQL/2.27.1/x64/codeql/python/tools/python_tracer.py --verbosity 3 -z all -c /home/runner/work/_temp/codeql_databases/python/working/trap_cache -R labs/17-devsecops/app --filter include:labs/17-devsecops/app
3b SAST (CodeQL)	Analyze code	2026-10-07T13:46:03.5896666Z [2026-10-07 13:46:03] [build-stdout] INFO: The Python extractor has recently stopped extracting the standard library by default. If you encounter problems, please let us know by submitting an issue to https://github.com/github/codeql. It is possible to re-enable extraction of the standard library by setting the environment variable CODEQL_EXTRACTOR_PYTHON_EXTRACT_STDLIB.
3b SAST (CodeQL)	Analyze code	2026-10-07T13:46:03.5906838Z [2026-10-07 13:46:03] [build-stdout] [INFO] Extraction will use the Python 3 standard library.
3b SAST (CodeQL)	Analyze code	2026-10-07T13:46:03.5927692Z [2026-10-07 13:46:03] [build-stdout] [INFO] sys_path is: ['/opt/hostedtoolcache/CodeQL/2.27.1/x64/codeql/python/tools', '/usr/lib/python312.zip', '/usr/lib/python3.12', '/usr/lib/python3.12/lib-dynload']
3b SAST (CodeQL)	Analyze code	2026-10-07T13:46:03.5948373Z [2026-10-07 13:46:03] [build-stdout] [INFO] Python version 3.12.3
3b SAST (CodeQL)	Analyze code	2026-10-07T13:46:03.5962737Z [2026-10-07 13:46:03] [build-stdout] [INFO] Python extractor version 7.1.10
3b SAST (CodeQL)	Analyze code	2026-10-07T13:46:03.6902058Z [2026-10-07 13:46:03] [build-stdout] [INFO] [4] Extracted file /home/runner/work/devops-coursework/devops-coursework/labs/17-devsecops/app/__init__.py in 10ms
3b SAST (CodeQL)	Analyze code	2026-10-07T13:46:03.6931966Z [2026-10-07 13:46:03] [build-stdout] [INFO] [4] Extracted folder /home/runner/work/devops-coursework/devops-coursework/labs/17-devsecops/app in 2ms
3b SAST (CodeQL)	Analyze code	2026-10-07T13:46:03.7620544Z [2026-10-07 13:46:03] [build-stdout] [INFO] [1] Extracted file /home/runner/work/devops-coursework/devops-coursework/labs/17-devsecops/app/server.py in 93ms
3b SAST (CodeQL)	Analyze code	2026-10-07T13:46:03.7632680Z [2026-10-07 13:46:03] [build-stdout] [INFO] [4] Skipped built-in file /usr/lib/python3.12/os.py
3b SAST (CodeQL)	Analyze code	2026-10-07T13:46:03.7777232Z [2026-10-07 13:46:03] [build-stdout] [INFO] [2] Extracted file /home/runner/work/devops-coursework/devops-coursework/labs/17-devsecops/app/claims.py in 103ms
3b SAST (CodeQL)	Analyze code	2026-10-07T13:46:03.7794764Z [2026-10-07 13:46:03] [build-stdout] [INFO] [4] Skipped built-in file /usr/lib/python3.12/hashlib.py
3b SAST (CodeQL)	Analyze code	2026-10-07T13:46:03.7796087Z [2026-10-07 13:46:03] [build-stdout] [INFO] [4] Skipped built-in file /usr/lib/python3.12/decimal.py
3b SAST (CodeQL)	Analyze code	2026-10-07T13:46:03.7797117Z [2026-10-07 13:46:03] [build-stdout] [INFO] [1] Skipped built-in file /usr/lib/python3.12/secrets.py
3b SAST (CodeQL)	Analyze code	2026-10-07T13:46:03.8246132Z [2026-10-07 13:46:03] [build-stdout] [INFO] Processed 8 modules in 0.22s
3b SAST (CodeQL)	Analyze code	2026-10-07T13:46:03.8808832Z ##[endgroup]
3b SAST (CodeQL)	Analyze code	2026-10-07T13:46:03.8817370Z ##[group]Finalizing python
3b SAST (CodeQL)	Analyze code	2026-10-07T13:46:03.8819632Z [command]/opt/hostedtoolcache/CodeQL/2.27.1/x64/codeql/codeql database finalize --finalize-dataset --threads=4 --ram=14575 /home/runner/work/_temp/codeql_databases/python
3b SAST (CodeQL)	Analyze code	2026-10-07T13:46:04.7830688Z Running pre-finalize script /opt/hostedtoolcache/CodeQL/2.27.1/x64/codeql/python/tools/pre-finalize.sh in /home/runner/work/devops-coursework/devops-coursework.
3b SAST (CodeQL)	Analyze code	2026-10-07T13:46:04.8706527Z Running command in /home/runner/work/devops-coursework/devops-coursework: [/opt/hostedtoolcache/CodeQL/2.27.1/x64/codeql/python/tools/pre-finalize.sh]
3b SAST (CodeQL)	Analyze code	2026-10-07T13:46:05.7825228Z [2026-10-07 13:46:05] [build-stderr] Scanning for files in /home/runner/work/devops-coursework/devops-coursework...
3b SAST (CodeQL)	Analyze code	2026-10-07T13:46:05.8896873Z Pre-finalize script /opt/hostedtoolcache/CodeQL/2.27.1/x64/codeql/python/tools/pre-finalize.sh completed in 1106 ms.
3b SAST (CodeQL)	Analyze code	2026-10-07T13:46:05.8950618Z Running TRAP import for CodeQL database at /home/runner/work/_temp/codeql_databases/python...
3b SAST (CodeQL)	Analyze code	2026-10-07T13:46:06.8144137Z Importing TRAP files
3b SAST (CodeQL)	Analyze code	2026-10-07T13:46:07.3002844Z Merging relations
3b SAST (CodeQL)	Analyze code	2026-10-07T13:46:07.5962777Z Finished writing database (relations: 68.05 KiB; string pool: 2.08 MiB).
3b SAST (CodeQL)	Analyze code	2026-10-07T13:46:07.6368066Z TRAP import complete (1.7s).
3b SAST (CodeQL)	Analyze code	2026-10-07T13:46:07.8475792Z Finished zipping source archive (2.92 KiB).
3b SAST (CodeQL)	Analyze code	2026-10-07T13:46:07.8588905Z ##[endgroup]
3b SAST (CodeQL)	Analyze code	2026-10-07T13:46:08.9492493Z ##[group]Running queries for python
3b SAST (CodeQL)	Analyze code	2026-10-07T13:46:08.9495018Z [command]/opt/hostedtoolcache/CodeQL/2.27.1/x64/codeql/codeql database run-queries --ram=14575 --threads=4 --expect-discarded-cache /home/runner/work/_temp/codeql_databases/python --min-disk-free=1024 -v
3b SAST (CodeQL)	Analyze code	2026-10-07T13:46:09.7719945Z Writing logs to /home/runner/work/_temp/codeql_databases/python/log/database-run-queries-20261007.134609.768.log.
3b SAST (CodeQL)	Analyze code	2026-10-07T13:46:10.4351741Z Writing logs to /home/runner/work/_temp/codeql_databases/python/log/execute-queries-20261007.134610.431.log.
3b SAST (CodeQL)	Analyze code	2026-10-07T13:46:10.8153125Z Recording pack reference codeql/python-queries at /opt/hostedtoolcache/CodeQL/2.27.1/x64/codeql/qlpacks/codeql/python-queries/1.8.11.
3b SAST (CodeQL)	Analyze code	2026-10-07T13:46:11.0421293Z Resolving data extensions.
3b SAST (CodeQL)	Analyze code	2026-10-07T13:46:12.3252649Z Finished resolving data extensions.
3b SAST (CodeQL)	Analyze code	2026-10-07T13:46:12.3773463Z Loading data extensions.
3b SAST (CodeQL)	Analyze code	2026-10-07T13:46:12.9909623Z Finished loading data extensions.
3b SAST (CodeQL)	Analyze code	2026-10-07T13:46:14.1083123Z [1/45] Loaded /opt/hostedtoolcache/CodeQL/2.27.1/x64/codeql/qlpacks/codeql/python-queries/1.8.11/Expressions/UseofInput.qlx.
3b SAST (CodeQL)	Analyze code	2026-10-07T13:46:14.1222073Z [2/45] Loaded /opt/hostedtoolcache/CodeQL/2.27.1/x64/codeql/qlpacks/codeql/python-queries/1.8.11/Security/CWE-326/WeakCryptoKey.qlx.
3b SAST (CodeQL)	Analyze code	2026-10-07T13:46:14.3333150Z [3/45] Loaded /opt/hostedtoolcache/CodeQL/2.27.1/x64/codeql/qlpacks/codeql/python-queries/1.8.11/Security/CWE-116/BadTagFilter.qlx.
3b SAST (CodeQL)	Analyze code	2026-10-07T13:46:14.5579168Z [4/45] Loaded /opt/hostedtoolcache/CodeQL/2.27.1/x64/codeql/qlpacks/codeql/python-queries/1.8.11/Security/CWE-079/ReflectedXss.qlx.
3b SAST (CodeQL)	Analyze code	2026-10-07T13:46:14.5883171Z [5/45] Loaded /opt/hostedtoolcache/CodeQL/2.27.1/x64/codeql/qlpacks/codeql/python-queries/1.8.11/Security/CWE-022/PathInjection.qlx.
3b SAST (CodeQL)	Analyze code	2026-10-07T13:46:14.6073995Z [6/45] Loaded /opt/hostedtoolcache/CodeQL/2.27.1/x64/codeql/qlpacks/codeql/python-queries/1.8.11/Security/CWE-918/FullServerSideRequestForgery.qlx.
3b SAST (CodeQL)	Analyze code	2026-10-07T13:46:14.8842141Z [7/45] Loaded /opt/hostedtoolcache/CodeQL/2.27.1/x64/codeql/qlpacks/codeql/python-queries/1.8.11/Security/CWE-643/XpathInjection.qlx.
3b SAST (CodeQL)	Analyze code	2026-10-07T13:46:14.8914628Z [8/45] Loaded /opt/hostedtoolcache/CodeQL/2.27.1/x64/codeql/qlpacks/codeql/python-queries/1.8.11/Security/CWE-094/CodeInjection.qlx.
3b SAST (CodeQL)	Analyze code	2026-10-07T13:46:14.9533187Z [9/45] Loaded /opt/hostedtoolcache/CodeQL/2.27.1/x64/codeql/qlpacks/codeql/python-queries/1.8.11/Security/CWE-209/StackTraceExposure.qlx.
3b SAST (CodeQL)	Analyze code	2026-10-07T13:46:15.0153114Z [10/45] Loaded /opt/hostedtoolcache/CodeQL/2.27.1/x64/codeql/qlpacks/codeql/python-queries/1.8.11/Security/CWE-377/InsecureTemporaryFile.qlx.
3b SAST (CodeQL)	Analyze code	2026-10-07T13:46:15.0273038Z [11/45] Loaded /opt/hostedtoolcache/CodeQL/2.27.1/x64/codeql/qlpacks/codeql/python-queries/1.8.11/Security/CWE-943/NoSqlInjection.qlx.
3b SAST (CodeQL)	Analyze code	2026-10-07T13:46:15.0863560Z [12/45] Loaded /opt/hostedtoolcache/CodeQL/2.27.1/x64/codeql/qlpacks/codeql/python-queries/1.8.11/Security/CWE-295/MissingHostKeyValidation.qlx.
3b SAST (CodeQL)	Analyze code	2026-10-07T13:46:15.1103190Z [13/45] Loaded /opt/hostedtoolcache/CodeQL/2.27.1/x64/codeql/qlpacks/codeql/python-queries/1.8.11/Security/CWE-730/PolynomialReDoS.qlx.
3b SAST (CodeQL)	Analyze code	2026-10-07T13:46:15.1259374Z [14/45] Loaded /opt/hostedtoolcache/CodeQL/2.27.1/x64/codeql/qlpacks/codeql/python-queries/1.8.11/Security/CWE-730/ReDoS.qlx.
3b SAST (CodeQL)	Analyze code	2026-10-07T13:46:15.1479501Z [15/45] Loaded /opt/hostedtoolcache/CodeQL/2.27.1/x64/codeql/qlpacks/codeql/python-queries/1.8.11/Security/CWE-730/RegexInjection.qlx.
3b SAST (CodeQL)	Analyze code	2026-10-07T13:46:15.2210801Z [16/45] Loaded /opt/hostedtoolcache/CodeQL/2.27.1/x64/codeql/qlpacks/codeql/python-queries/1.8.11/Security/CWE-352/CSRFProtectionDisabled.qlx.
3b SAST (CodeQL)	Analyze code	2026-10-07T13:46:15.3233452Z [17/45] Loaded /opt/hostedtoolcache/CodeQL/2.27.1/x64/codeql/qlpacks/codeql/python-queries/1.8.11/Security/CWE-1275/SameSiteNoneCookie.qlx.
3b SAST (CodeQL)	Analyze code	2026-10-07T13:46:15.4077255Z [18/45] Loaded /opt/hostedtoolcache/CodeQL/2.27.1/x64/codeql/qlpacks/codeql/python-queries/1.8.11/Security/CWE-312/CleartextStorage.qlx.
3b SAST (CodeQL)	Analyze code	2026-10-07T13:46:15.4172804Z [19/45] Loaded /opt/hostedtoolcache/CodeQL/2.27.1/x64/codeql/qlpacks/codeql/python-queries/1.8.11/Security/CWE-601/UrlRedirect.qlx.
3b SAST (CodeQL)	Analyze code	2026-10-07T13:46:15.4502799Z [20/45] Loaded /opt/hostedtoolcache/CodeQL/2.27.1/x64/codeql/qlpacks/codeql/python-queries/1.8.11/Security/CWE-611/Xxe.qlx.
3b SAST (CodeQL)	Analyze code	2026-10-07T13:46:15.5223067Z [21/45] Loaded /opt/hostedtoolcache/CodeQL/2.27.1/x64/codeql/qlpacks/codeql/python-queries/1.8.11/Security/CWE-312/CleartextLogging.qlx.
3b SAST (CodeQL)	Analyze code	2026-10-07T13:46:15.5493061Z [22/45] Loaded /opt/hostedtoolcache/CodeQL/2.27.1/x64/codeql/qlpacks/codeql/python-queries/1.8.11/Security/CWE-1004/NonHttpOnlyCookie.qlx.
3b SAST (CodeQL)	Analyze code	2026-10-07T13:46:15.6753347Z [23/45] Loaded /opt/hostedtoolcache/CodeQL/2.27.1/x64/codeql/qlpacks/codeql/python-queries/1.8.11/Security/CWE-776/XmlBomb.qlx.
3b SAST (CodeQL)	Analyze code	2026-10-07T13:46:15.7155116Z [24/45] Loaded /opt/hostedtoolcache/CodeQL/2.27.1/x64/codeql/qlpacks/codeql/python-queries/1.8.11/Security/CVE-2018-1281/BindToAllInterfaces.qlx.
3b SAST (CodeQL)	Analyze code	2026-10-07T13:46:15.7436801Z [25/45] Loaded /opt/hostedtoolcache/CodeQL/2.27.1/x64/codeql/qlpacks/codeql/python-queries/1.8.11/Security/CWE-502/UnsafeDeserialization.qlx.
3b SAST (CodeQL)	Analyze code	2026-10-07T13:46:15.7965559Z [26/45] Loaded /opt/hostedtoolcache/CodeQL/2.27.1/x64/codeql/qlpacks/codeql/python-queries/1.8.11/Security/CWE-089/SqlInjection.qlx.
3b SAST (CodeQL)	Analyze code	2026-10-07T13:46:15.8067834Z [27/45] Loaded /opt/hostedtoolcache/CodeQL/2.27.1/x64/codeql/qlpacks/codeql/python-queries/1.8.11/Security/CWE-215/FlaskDebug.qlx.
3b SAST (CodeQL)	Analyze code	2026-10-07T13:46:15.8176311Z [28/45] Loaded /opt/hostedtoolcache/CodeQL/2.27.1/x64/codeql/qlpacks/codeql/python-queries/1.8.11/Security/CWE-078/CommandInjection.qlx.
3b SAST (CodeQL)	Analyze code	2026-10-07T13:46:15.9651914Z [29/45] Loaded /opt/hostedtoolcache/CodeQL/2.27.1/x64/codeql/qlpacks/codeql/python-queries/1.8.11/Security/CWE-327/InsecureProtocol.qlx.
3b SAST (CodeQL)	Analyze code	2026-10-07T13:46:15.9882937Z [30/45] Loaded /opt/hostedtoolcache/CodeQL/2.27.1/x64/codeql/qlpacks/codeql/python-queries/1.8.11/Security/CWE-074/TemplateInjection.qlx.
3b SAST (CodeQL)	Analyze code	2026-10-07T13:46:16.0279513Z [31/45] Loaded /opt/hostedtoolcache/CodeQL/2.27.1/x64/codeql/qlpacks/codeql/python-queries/1.8.11/Security/CWE-327/BrokenCryptoAlgorithm.qlx.
3b SAST (CodeQL)	Analyze code	2026-10-07T13:46:16.0472996Z [32/45] Loaded /opt/hostedtoolcache/CodeQL/2.27.1/x64/codeql/qlpacks/codeql/python-queries/1.8.11/Security/CWE-327/InsecureDefaultProtocol.qlx.
3b SAST (CodeQL)	Analyze code	2026-10-07T13:46:16.1303109Z [33/45] Loaded /opt/hostedtoolcache/CodeQL/2.27.1/x64/codeql/qlpacks/codeql/python-queries/1.8.11/Security/CWE-327/WeakSensitiveDataHashing.qlx.
3b SAST (CodeQL)	Analyze code	2026-10-07T13:46:16.1493318Z [34/45] Loaded /opt/hostedtoolcache/CodeQL/2.27.1/x64/codeql/qlpacks/codeql/python-queries/1.8.11/Security/CWE-090/LdapInjection.qlx.
3b SAST (CodeQL)	Analyze code	2026-10-07T13:46:16.1532986Z [35/45] Loaded /opt/hostedtoolcache/CodeQL/2.27.1/x64/codeql/qlpacks/codeql/python-queries/1.8.11/Security/CWE-020/IncompleteUrlSubstringSanitization.qlx.
3b SAST (CodeQL)	Analyze code	2026-10-07T13:46:16.1672949Z [36/45] Loaded /opt/hostedtoolcache/CodeQL/2.27.1/x64/codeql/qlpacks/codeql/python-queries/1.8.11/Security/CWE-614/InsecureCookie.qlx.
3b SAST (CodeQL)	Analyze code	2026-10-07T13:46:16.1779961Z [37/45] Loaded /opt/hostedtoolcache/CodeQL/2.27.1/x64/codeql/qlpacks/codeql/python-queries/1.8.11/Security/CWE-285/PamAuthorization.qlx.
3b SAST (CodeQL)	Analyze code	2026-10-07T13:46:16.2095704Z [38/45] Loaded /opt/hostedtoolcache/CodeQL/2.27.1/x64/codeql/qlpacks/codeql/python-queries/1.8.11/Security/CWE-020/OverlyLargeRange.qlx.
3b SAST (CodeQL)	Analyze code	2026-10-07T13:46:16.2125882Z [39/45] Loaded /opt/hostedtoolcache/CodeQL/2.27.1/x64/codeql/qlpacks/codeql/python-queries/1.8.11/Diagnostics/ExtractionWarnings.qlx.
3b SAST (CodeQL)	Analyze code	2026-10-07T13:46:16.2165148Z [40/45] Loaded /opt/hostedtoolcache/CodeQL/2.27.1/x64/codeql/qlpacks/codeql/python-queries/1.8.11/Diagnostics/ExtractedFiles.qlx.
3b SAST (CodeQL)	Analyze code	2026-10-07T13:46:16.2301086Z [41/45] Loaded /opt/hostedtoolcache/CodeQL/2.27.1/x64/codeql/qlpacks/codeql/python-queries/1.8.11/Summary/LinesOfUserCode.qlx.
3b SAST (CodeQL)	Analyze code	2026-10-07T13:46:16.2329076Z [42/45] Loaded /opt/hostedtoolcache/CodeQL/2.27.1/x64/codeql/qlpacks/codeql/python-queries/1.8.11/Security/CWE-020/IncompleteHostnameRegExp.qlx.
3b SAST (CodeQL)	Analyze code	2026-10-07T13:46:16.2343754Z [43/45] Loaded /opt/hostedtoolcache/CodeQL/2.27.1/x64/codeql/qlpacks/codeql/python-queries/1.8.11/Summary/LinesOfCode.qlx.
3b SAST (CodeQL)	Analyze code	2026-10-07T13:46:16.2772853Z [44/45] Loaded /opt/hostedtoolcache/CodeQL/2.27.1/x64/codeql/qlpacks/codeql/python-queries/1.8.11/Security/CWE-113/HeaderInjection.qlx.
3b SAST (CodeQL)	Analyze code	2026-10-07T13:46:16.3826030Z [45/45] Loaded /opt/hostedtoolcache/CodeQL/2.27.1/x64/codeql/qlpacks/codeql/python-queries/1.8.11/Security/CWE-020/CookieInjection.qlx.
3b SAST (CodeQL)	Analyze code	2026-10-07T13:46:16.8146164Z Starting evaluation of codeql/python-queries/Diagnostics/ExtractedFiles.ql.
3b SAST (CodeQL)	Analyze code	2026-10-07T13:46:16.8167397Z Starting evaluation of codeql/python-queries/Security/CVE-2018-1281/BindToAllInterfaces.ql.
3b SAST (CodeQL)	Analyze code	2026-10-07T13:46:16.8234173Z Starting evaluation of codeql/python-queries/Diagnostics/ExtractionWarnings.ql.
3b SAST (CodeQL)	Analyze code	2026-10-07T13:46:16.8235255Z Starting evaluation of codeql/python-queries/Expressions/UseofInput.ql.
3b SAST (CodeQL)	Analyze code	2026-10-07T13:46:16.8273409Z Starting evaluation of codeql/python-queries/Security/CWE-020/CookieInjection.ql.
3b SAST (CodeQL)	Analyze code	2026-10-07T13:46:16.8282752Z Starting evaluation of codeql/python-queries/Security/CWE-020/IncompleteHostnameRegExp.ql.
3b SAST (CodeQL)	Analyze code	2026-10-07T13:46:16.8312836Z Starting evaluation of codeql/python-queries/Security/CWE-020/IncompleteUrlSubstringSanitization.ql.
3b SAST (CodeQL)	Analyze code	2026-10-07T13:46:16.8314348Z Starting evaluation of codeql/python-queries/Security/CWE-020/OverlyLargeRange.ql.
3b SAST (CodeQL)	Analyze code	2026-10-07T13:46:16.9672710Z [1/45 eval 149ms] Evaluation done; writing results to codeql/python-queries/Diagnostics/ExtractionWarnings.bqrs.
3b SAST (CodeQL)	Analyze code	2026-10-07T13:46:17.0504776Z [2/45 eval 234ms] Evaluation done; writing results to codeql/python-queries/Diagnostics/ExtractedFiles.bqrs.
3b SAST (CodeQL)	Analyze code	2026-10-07T13:46:17.0883506Z [3/45 eval 264ms] Evaluation done; writing results to codeql/python-queries/Security/CWE-020/IncompleteUrlSubstringSanitization.bqrs.
3b SAST (CodeQL)	Analyze code	2026-10-07T13:46:17.5955742Z Starting evaluation of codeql/python-queries/Security/CWE-022/PathInjection.ql.
3b SAST (CodeQL)	Analyze code	2026-10-07T13:46:17.6542779Z Starting evaluation of codeql/python-queries/Security/CWE-074/TemplateInjection.ql.
3b SAST (CodeQL)	Analyze code	2026-10-07T13:46:17.7652856Z Starting evaluation of codeql/python-queries/Security/CWE-078/CommandInjection.ql.
3b SAST (CodeQL)	Analyze code	2026-10-07T13:46:17.8122629Z Starting evaluation of codeql/python-queries/Security/CWE-079/ReflectedXss.ql.
3b SAST (CodeQL)	Analyze code	2026-10-07T13:46:17.8242855Z Starting evaluation of codeql/python-queries/Security/CWE-089/SqlInjection.ql.
3b SAST (CodeQL)	Analyze code	2026-10-07T13:46:17.8432713Z Starting evaluation of codeql/python-queries/Security/CWE-090/LdapInjection.ql.
3b SAST (CodeQL)	Analyze code	2026-10-07T13:46:18.1128880Z Starting evaluation of codeql/python-queries/Security/CWE-094/CodeInjection.ql.
3b SAST (CodeQL)	Analyze code	2026-10-07T13:46:18.1604464Z Starting evaluation of codeql/python-queries/Security/CWE-1004/NonHttpOnlyCookie.ql.
3b SAST (CodeQL)	Analyze code	2026-10-07T13:46:18.2033388Z Starting evaluation of codeql/python-queries/Security/CWE-113/HeaderInjection.ql.
3b SAST (CodeQL)	Analyze code	2026-10-07T13:46:18.3024726Z Starting evaluation of codeql/python-queries/Security/CWE-116/BadTagFilter.ql.
3b SAST (CodeQL)	Analyze code	2026-10-07T13:46:18.3064352Z Starting evaluation of codeql/python-queries/Security/CWE-1275/SameSiteNoneCookie.ql.
3b SAST (CodeQL)	Analyze code	2026-10-07T13:46:18.3153535Z Starting evaluation of codeql/python-queries/Security/CWE-209/StackTraceExposure.ql.
3b SAST (CodeQL)	Analyze code	2026-10-07T13:46:18.3432774Z Starting evaluation of codeql/python-queries/Security/CWE-215/FlaskDebug.ql.
3b SAST (CodeQL)	Analyze code	2026-10-07T13:46:18.3474930Z Starting evaluation of codeql/python-queries/Security/CWE-285/PamAuthorization.ql.
3b SAST (CodeQL)	Analyze code	2026-10-07T13:46:18.3662927Z Starting evaluation of codeql/python-queries/Security/CWE-295/MissingHostKeyValidation.ql.
3b SAST (CodeQL)	Analyze code	2026-10-07T13:46:18.3668736Z Starting evaluation of codeql/python-queries/Security/CWE-312/CleartextLogging.ql.
3b SAST (CodeQL)	Analyze code	2026-10-07T13:46:18.3943738Z Starting evaluation of codeql/python-queries/Security/CWE-312/CleartextStorage.ql.
3b SAST (CodeQL)	Analyze code	2026-10-07T13:46:18.4414999Z Starting evaluation of codeql/python-queries/Security/CWE-326/WeakCryptoKey.ql.
3b SAST (CodeQL)	Analyze code	2026-10-07T13:46:18.4456155Z Starting evaluation of codeql/python-queries/Security/CWE-327/BrokenCryptoAlgorithm.ql.
3b SAST (CodeQL)	Analyze code	2026-10-07T13:46:18.4482361Z Starting evaluation of codeql/python-queries/Security/CWE-327/InsecureDefaultProtocol.ql.
3b SAST (CodeQL)	Analyze code	2026-10-07T13:46:18.4488317Z Starting evaluation of codeql/python-queries/Security/CWE-327/InsecureProtocol.ql.
3b SAST (CodeQL)	Analyze code	2026-10-07T13:46:18.4542118Z Starting evaluation of codeql/python-queries/Security/CWE-327/WeakSensitiveDataHashing.ql.
3b SAST (CodeQL)	Analyze code	2026-10-07T13:46:18.4553404Z Starting evaluation of codeql/python-queries/Security/CWE-352/CSRFProtectionDisabled.ql.
3b SAST (CodeQL)	Analyze code	2026-10-07T13:46:18.4578609Z Starting evaluation of codeql/python-queries/Security/CWE-377/InsecureTemporaryFile.ql.
3b SAST (CodeQL)	Analyze code	2026-10-07T13:46:18.4607193Z [4/45 eval 4ms] Evaluation done; writing results to codeql/python-queries/Security/CWE-352/CSRFProtectionDisabled.bqrs.
3b SAST (CodeQL)	Analyze code	2026-10-07T13:46:18.4608573Z Starting evaluation of codeql/python-queries/Security/CWE-502/UnsafeDeserialization.ql.
3b SAST (CodeQL)	Analyze code	2026-10-07T13:46:18.4910637Z Starting evaluation of codeql/python-queries/Security/CWE-601/UrlRedirect.ql.
3b SAST (CodeQL)	Analyze code	2026-10-07T13:46:18.5083064Z Starting evaluation of codeql/python-queries/Security/CWE-611/Xxe.ql.
3b SAST (CodeQL)	Analyze code	2026-10-07T13:46:18.5448591Z Starting evaluation of codeql/python-queries/Security/CWE-614/InsecureCookie.ql.
3b SAST (CodeQL)	Analyze code	2026-10-07T13:46:18.5503057Z Starting evaluation of codeql/python-queries/Security/CWE-643/XpathInjection.ql.
3b SAST (CodeQL)	Analyze code	2026-10-07T13:46:18.5593916Z Starting evaluation of codeql/python-queries/Security/CWE-730/PolynomialReDoS.ql.
3b SAST (CodeQL)	Analyze code	2026-10-07T13:46:18.6715132Z [5/45 eval 231ms] Evaluation done; writing results to codeql/python-queries/Security/CWE-327/InsecureDefaultProtocol.bqrs.
3b SAST (CodeQL)	Analyze code	2026-10-07T13:46:18.6718517Z [6/45 eval 1.9s] Evaluation done; writing results to codeql/python-queries/Expressions/UseofInput.bqrs.
3b SAST (CodeQL)	Analyze code	2026-10-07T13:46:18.6767108Z [7/45 eval 313ms] Evaluation done; writing results to codeql/python-queries/Security/CWE-295/MissingHostKeyValidation.bqrs.
3b SAST (CodeQL)	Analyze code	2026-10-07T13:46:18.8311307Z [8/45 eval 393ms] Evaluation done; writing results to codeql/python-queries/Security/CWE-326/WeakCryptoKey.bqrs.
3b SAST (CodeQL)	Analyze code	2026-10-07T13:46:18.8541036Z Starting evaluation of codeql/python-queries/Security/CWE-730/ReDoS.ql.
3b SAST (CodeQL)	Analyze code	2026-10-07T13:46:18.8624340Z Starting evaluation of codeql/python-queries/Security/CWE-730/RegexInjection.ql.
3b SAST (CodeQL)	Analyze code	2026-10-07T13:46:18.8898987Z Starting evaluation of codeql/python-queries/Security/CWE-776/XmlBomb.ql.
3b SAST (CodeQL)	Analyze code	2026-10-07T13:46:18.9213208Z Starting evaluation of codeql/python-queries/Security/CWE-918/FullServerSideRequestForgery.ql.
3b SAST (CodeQL)	Analyze code	2026-10-07T13:46:18.9360283Z Starting evaluation of codeql/python-queries/Security/CWE-943/NoSqlInjection.ql.
3b SAST (CodeQL)	Analyze code	2026-10-07T13:46:19.0156726Z Starting evaluation of codeql/python-queries/Summary/LinesOfCode.ql.
3b SAST (CodeQL)	Analyze code	2026-10-07T13:46:19.0202262Z Starting evaluation of codeql/python-queries/Summary/LinesOfUserCode.ql.
3b SAST (CodeQL)	Analyze code	2026-10-07T13:46:19.0270388Z [9/45 eval 6ms] Evaluation done; writing results to codeql/python-queries/Summary/LinesOfCode.bqrs.
3b SAST (CodeQL)	Analyze code	2026-10-07T13:46:19.0365583Z [10/45 eval 21ms] Evaluation done; writing results to codeql/python-queries/Summary/LinesOfUserCode.bqrs.
3b SAST (CodeQL)	Analyze code	2026-10-07T13:46:19.3604617Z [11/45 eval 1s] Evaluation done; writing results to codeql/python-queries/Security/CWE-285/PamAuthorization.bqrs.
3b SAST (CodeQL)	Analyze code	2026-10-07T13:46:19.4157835Z [12/45 eval 481ms] Evaluation done; writing results to codeql/python-queries/Security/CWE-943/NoSqlInjection.bqrs.
3b SAST (CodeQL)	Analyze code	2026-10-07T13:46:19.4673391Z [13/45 eval 2.7s] Evaluation done; writing results to codeql/python-queries/Security/CVE-2018-1281/BindToAllInterfaces.bqrs.
3b SAST (CodeQL)	Analyze code	2026-10-07T13:46:19.5393347Z [14/45 eval 2.7s] Evaluation done; writing results to codeql/python-queries/Security/CWE-020/IncompleteHostnameRegExp.bqrs.
3b SAST (CodeQL)	Analyze code	2026-10-07T13:46:19.5407192Z [15/45 eval 2.7s] Evaluation done; writing results to codeql/python-queries/Security/CWE-020/OverlyLargeRange.bqrs.
3b SAST (CodeQL)	Analyze code	2026-10-07T13:46:19.5440635Z [16/45 eval 986ms] Evaluation done; writing results to codeql/python-queries/Security/CWE-730/PolynomialReDoS.bqrs.
3b SAST (CodeQL)	Analyze code	2026-10-07T13:46:19.5471669Z [17/45 eval 695ms] Evaluation done; writing results to codeql/python-queries/Security/CWE-730/ReDoS.bqrs.
3b SAST (CodeQL)	Analyze code	2026-10-07T13:46:19.5512967Z [18/45 eval 1.2s] Evaluation done; writing results to codeql/python-queries/Security/CWE-116/BadTagFilter.bqrs.
3b SAST (CodeQL)	Analyze code	2026-10-07T13:46:19.5712758Z [19/45 eval 1.9s] Evaluation done; writing results to codeql/python-queries/Security/CWE-074/TemplateInjection.bqrs.
3b SAST (CodeQL)	Analyze code	2026-10-07T13:46:19.5907779Z [20/45 eval 1.5s] Evaluation done; writing results to codeql/python-queries/Security/CWE-094/CodeInjection.bqrs.
3b SAST (CodeQL)	Analyze code	2026-10-07T13:46:19.6123810Z [21/45 eval 1.1s] Evaluation done; writing results to codeql/python-queries/Security/CWE-643/XpathInjection.bqrs.
3b SAST (CodeQL)	Analyze code	2026-10-07T13:46:19.6542760Z [22/45 eval 1.1s] Evaluation done; writing results to codeql/python-queries/Security/CWE-611/Xxe.bqrs.
3b SAST (CodeQL)	Analyze code	2026-10-07T13:46:19.6601977Z [23/45 eval 771ms] Evaluation done; writing results to codeql/python-queries/Security/CWE-776/XmlBomb.bqrs.
3b SAST (CodeQL)	Analyze code	2026-10-07T13:46:19.6604663Z [24/45 eval 1.2s] Evaluation done; writing results to codeql/python-queries/Security/CWE-601/UrlRedirect.bqrs.
3b SAST (CodeQL)	Analyze code	2026-10-07T13:46:19.7128488Z [25/45 eval 1.5s] Evaluation done; writing results to codeql/python-queries/Security/CWE-113/HeaderInjection.bqrs.
3b SAST (CodeQL)	Analyze code	2026-10-07T13:46:19.7421619Z [26/45 eval 2.9s] Evaluation done; writing results to codeql/python-queries/Security/CWE-020/CookieInjection.bqrs.
3b SAST (CodeQL)	Analyze code	2026-10-07T13:46:19.7643790Z [27/45 eval 2.2s] Evaluation done; writing results to codeql/python-queries/Security/CWE-022/PathInjection.bqrs.
3b SAST (CodeQL)	Analyze code	2026-10-07T13:46:19.7676830Z [28/45 eval 2s] Evaluation done; writing results to codeql/python-queries/Security/CWE-078/CommandInjection.bqrs.
3b SAST (CodeQL)	Analyze code	2026-10-07T13:46:19.7878760Z [29/45 eval 2s] Evaluation done; writing results to codeql/python-queries/Security/CWE-089/SqlInjection.bqrs.
3b SAST (CodeQL)	Analyze code	2026-10-07T13:46:19.7932185Z [30/45 eval 2s] Evaluation done; writing results to codeql/python-queries/Security/CWE-079/ReflectedXss.bqrs.
3b SAST (CodeQL)	Analyze code	2026-10-07T13:46:19.8290300Z [31/45 eval 1.7s] Evaluation done; writing results to codeql/python-queries/Security/CWE-1004/NonHttpOnlyCookie.bqrs.
3b SAST (CodeQL)	Analyze code	2026-10-07T13:46:19.8293955Z [32/45 eval 1.3s] Evaluation done; writing results to codeql/python-queries/Security/CWE-614/InsecureCookie.bqrs.
3b SAST (CodeQL)	Analyze code	2026-10-07T13:46:19.8393131Z [33/45 eval 1.5s] Evaluation done; writing results to codeql/python-queries/Security/CWE-1275/SameSiteNoneCookie.bqrs.
3b SAST (CodeQL)	Analyze code	2026-10-07T13:46:19.8480790Z [34/45 eval 1.5s] Evaluation done; writing results to codeql/python-queries/Security/CWE-215/FlaskDebug.bqrs.
3b SAST (CodeQL)	Analyze code	2026-10-07T13:46:20.0433146Z [35/45 eval 1.7s] Evaluation done; writing results to codeql/python-queries/Security/CWE-312/CleartextLogging.bqrs.
3b SAST (CodeQL)	Analyze code	2026-10-07T13:46:20.0680518Z [36/45 eval 1.7s] Evaluation done; writing results to codeql/python-queries/Security/CWE-312/CleartextStorage.bqrs.
3b SAST (CodeQL)	Analyze code	2026-10-07T13:46:20.1030490Z [37/45 eval 2.3s] Evaluation done; writing results to codeql/python-queries/Security/CWE-090/LdapInjection.bqrs.
3b SAST (CodeQL)	Analyze code	2026-10-07T13:46:20.1125494Z [38/45 eval 1.8s] Evaluation done; writing results to codeql/python-queries/Security/CWE-209/StackTraceExposure.bqrs.
3b SAST (CodeQL)	Analyze code	2026-10-07T13:46:20.1151124Z [39/45 eval 1.7s] Evaluation done; writing results to codeql/python-queries/Security/CWE-327/BrokenCryptoAlgorithm.bqrs.
3b SAST (CodeQL)	Analyze code	2026-10-07T13:46:20.1728337Z [40/45 eval 1.7s] Evaluation done; writing results to codeql/python-queries/Security/CWE-502/UnsafeDeserialization.bqrs.
3b SAST (CodeQL)	Analyze code	2026-10-07T13:46:20.2030380Z [41/45 eval 1.8s] Evaluation done; writing results to codeql/python-queries/Security/CWE-327/InsecureProtocol.bqrs.
3b SAST (CodeQL)	Analyze code	2026-10-07T13:46:20.2076341Z [42/45 eval 1.3s] Evaluation done; writing results to codeql/python-queries/Security/CWE-730/RegexInjection.bqrs.
3b SAST (CodeQL)	Analyze code	2026-10-07T13:46:20.2125344Z [43/45 eval 1.8s] Evaluation done; writing results to codeql/python-queries/Security/CWE-377/InsecureTemporaryFile.bqrs.
3b SAST (CodeQL)	Analyze code	2026-10-07T13:46:20.2983341Z [44/45 eval 1.8s] Evaluation done; writing results to codeql/python-queries/Security/CWE-327/WeakSensitiveDataHashing.bqrs.
3b SAST (CodeQL)	Analyze code	2026-10-07T13:46:20.3770327Z [45/45 eval 1.5s] Evaluation done; writing results to codeql/python-queries/Security/CWE-918/FullServerSideRequestForgery.bqrs.
3b SAST (CodeQL)	Analyze code	2026-10-07T13:46:20.3772615Z Shutting down query evaluator.
3b SAST (CodeQL)	Analyze code	2026-10-07T13:46:20.4533099Z Interpreting code scanning results for python
3b SAST (CodeQL)	Analyze code	2026-10-07T13:46:21.2535598Z Writing logs to /home/runner/work/_temp/codeql_databases/python/log/database-interpret-results-20261007.134621.250.log.
3b SAST (CodeQL)	Analyze code	2026-10-07T13:46:21.4122223Z Recording pack reference codeql/python-queries at /opt/hostedtoolcache/CodeQL/2.27.1/x64/codeql/qlpacks/codeql/python-queries/1.8.11.
3b SAST (CodeQL)	Analyze code	2026-10-07T13:46:21.4477352Z Resolving extensions
3b SAST (CodeQL)	Analyze code	2026-10-07T13:46:22.8103166Z Interpreting /opt/hostedtoolcache/CodeQL/2.27.1/x64/codeql/qlpacks/codeql/python-queries/1.8.11/Expressions/UseofInput.ql...
3b SAST (CodeQL)	Analyze code	2026-10-07T13:46:22.8372713Z  ... found results file at /home/runner/work/_temp/codeql_databases/python/results/codeql/python-queries/Expressions/UseofInput.bqrs.
3b SAST (CodeQL)	Analyze code	2026-10-07T13:46:22.8583132Z Interpreting /opt/hostedtoolcache/CodeQL/2.27.1/x64/codeql/qlpacks/codeql/python-queries/1.8.11/Security/CWE-918/FullServerSideRequestForgery.ql...
3b SAST (CodeQL)	Analyze code	2026-10-07T13:46:22.8718819Z  ... found results file at /home/runner/work/_temp/codeql_databases/python/results/codeql/python-queries/Security/CWE-918/FullServerSideRequestForgery.bqrs.
3b SAST (CodeQL)	Analyze code	2026-10-07T13:46:22.8733054Z Interpreting /opt/hostedtoolcache/CodeQL/2.27.1/x64/codeql/qlpacks/codeql/python-queries/1.8.11/Security/CWE-079/ReflectedXss.ql...
3b SAST (CodeQL)	Analyze code	2026-10-07T13:46:22.8886446Z  ... found results file at /home/runner/work/_temp/codeql_databases/python/results/codeql/python-queries/Security/CWE-079/ReflectedXss.bqrs.
3b SAST (CodeQL)	Analyze code	2026-10-07T13:46:22.8887610Z Interpreting /opt/hostedtoolcache/CodeQL/2.27.1/x64/codeql/qlpacks/codeql/python-queries/1.8.11/Security/CWE-326/WeakCryptoKey.ql...
3b SAST (CodeQL)	Analyze code	2026-10-07T13:46:22.9023156Z  ... found results file at /home/runner/work/_temp/codeql_databases/python/results/codeql/python-queries/Security/CWE-326/WeakCryptoKey.bqrs.
3b SAST (CodeQL)	Analyze code	2026-10-07T13:46:22.9042750Z Interpreting /opt/hostedtoolcache/CodeQL/2.27.1/x64/codeql/qlpacks/codeql/python-queries/1.8.11/Security/CWE-022/PathInjection.ql...
3b SAST (CodeQL)	Analyze code	2026-10-07T13:46:22.9122767Z  ... found results file at /home/runner/work/_temp/codeql_databases/python/results/codeql/python-queries/Security/CWE-022/PathInjection.bqrs.
3b SAST (CodeQL)	Analyze code	2026-10-07T13:46:22.9132643Z Interpreting /opt/hostedtoolcache/CodeQL/2.27.1/x64/codeql/qlpacks/codeql/python-queries/1.8.11/Security/CWE-116/BadTagFilter.ql...
3b SAST (CodeQL)	Analyze code	2026-10-07T13:46:22.9227794Z  ... found results file at /home/runner/work/_temp/codeql_databases/python/results/codeql/python-queries/Security/CWE-116/BadTagFilter.bqrs.
3b SAST (CodeQL)	Analyze code	2026-10-07T13:46:22.9241178Z Interpreting /opt/hostedtoolcache/CodeQL/2.27.1/x64/codeql/qlpacks/codeql/python-queries/1.8.11/Security/CWE-943/NoSqlInjection.ql...
3b SAST (CodeQL)	Analyze code	2026-10-07T13:46:22.9363098Z  ... found results file at /home/runner/work/_temp/codeql_databases/python/results/codeql/python-queries/Security/CWE-943/NoSqlInjection.bqrs.
3b SAST (CodeQL)	Analyze code	2026-10-07T13:46:22.9392708Z Interpreting /opt/hostedtoolcache/CodeQL/2.27.1/x64/codeql/qlpacks/codeql/python-queries/1.8.11/Security/CWE-209/StackTraceExposure.ql...
3b SAST (CodeQL)	Analyze code	2026-10-07T13:46:22.9454422Z  ... found results file at /home/runner/work/_temp/codeql_databases/python/results/codeql/python-queries/Security/CWE-209/StackTraceExposure.bqrs.
3b SAST (CodeQL)	Analyze code	2026-10-07T13:46:22.9477785Z Interpreting /opt/hostedtoolcache/CodeQL/2.27.1/x64/codeql/qlpacks/codeql/python-queries/1.8.11/Security/CWE-643/XpathInjection.ql...
3b SAST (CodeQL)	Analyze code	2026-10-07T13:46:22.9593201Z  ... found results file at /home/runner/work/_temp/codeql_databases/python/results/codeql/python-queries/Security/CWE-643/XpathInjection.bqrs.
3b SAST (CodeQL)	Analyze code	2026-10-07T13:46:22.9652789Z Interpreting /opt/hostedtoolcache/CodeQL/2.27.1/x64/codeql/qlpacks/codeql/python-queries/1.8.11/Security/CWE-094/CodeInjection.ql...
3b SAST (CodeQL)	Analyze code	2026-10-07T13:46:22.9682930Z  ... found results file at /home/runner/work/_temp/codeql_databases/python/results/codeql/python-queries/Security/CWE-094/CodeInjection.bqrs.
3b SAST (CodeQL)	Analyze code	2026-10-07T13:46:22.9712749Z Interpreting /opt/hostedtoolcache/CodeQL/2.27.1/x64/codeql/qlpacks/codeql/python-queries/1.8.11/Security/CWE-377/InsecureTemporaryFile.ql...
3b SAST (CodeQL)	Analyze code	2026-10-07T13:46:22.9768412Z  ... found results file at /home/runner/work/_temp/codeql_databases/python/results/codeql/python-queries/Security/CWE-377/InsecureTemporaryFile.bqrs.
3b SAST (CodeQL)	Analyze code	2026-10-07T13:46:22.9792622Z Interpreting /opt/hostedtoolcache/CodeQL/2.27.1/x64/codeql/qlpacks/codeql/python-queries/1.8.11/Security/CWE-730/PolynomialReDoS.ql...
3b SAST (CodeQL)	Analyze code	2026-10-07T13:46:22.9872999Z  ... found results file at /home/runner/work/_temp/codeql_databases/python/results/codeql/python-queries/Security/CWE-730/PolynomialReDoS.bqrs.
3b SAST (CodeQL)	Analyze code	2026-10-07T13:46:22.9895108Z Interpreting /opt/hostedtoolcache/CodeQL/2.27.1/x64/codeql/qlpacks/codeql/python-queries/1.8.11/Security/CWE-730/ReDoS.ql...
3b SAST (CodeQL)	Analyze code	2026-10-07T13:46:22.9967060Z  ... found results file at /home/runner/work/_temp/codeql_databases/python/results/codeql/python-queries/Security/CWE-730/ReDoS.bqrs.
3b SAST (CodeQL)	Analyze code	2026-10-07T13:46:22.9969023Z Interpreting /opt/hostedtoolcache/CodeQL/2.27.1/x64/codeql/qlpacks/codeql/python-queries/1.8.11/Security/CWE-730/RegexInjection.ql...
3b SAST (CodeQL)	Analyze code	2026-10-07T13:46:23.0058474Z  ... found results file at /home/runner/work/_temp/codeql_databases/python/results/codeql/python-queries/Security/CWE-730/RegexInjection.bqrs.
3b SAST (CodeQL)	Analyze code	2026-10-07T13:46:23.0064608Z Interpreting /opt/hostedtoolcache/CodeQL/2.27.1/x64/codeql/qlpacks/codeql/python-queries/1.8.11/Security/CWE-295/MissingHostKeyValidation.ql...
3b SAST (CodeQL)	Analyze code	2026-10-07T13:46:23.0153037Z  ... found results file at /home/runner/work/_temp/codeql_databases/python/results/codeql/python-queries/Security/CWE-295/MissingHostKeyValidation.bqrs.
3b SAST (CodeQL)	Analyze code	2026-10-07T13:46:23.0172705Z Interpreting /opt/hostedtoolcache/CodeQL/2.27.1/x64/codeql/qlpacks/codeql/python-queries/1.8.11/Security/CWE-601/UrlRedirect.ql...
3b SAST (CodeQL)	Analyze code	2026-10-07T13:46:23.0230448Z  ... found results file at /home/runner/work/_temp/codeql_databases/python/results/codeql/python-queries/Security/CWE-601/UrlRedirect.bqrs.
3b SAST (CodeQL)	Analyze code	2026-10-07T13:46:23.0242849Z Interpreting /opt/hostedtoolcache/CodeQL/2.27.1/x64/codeql/qlpacks/codeql/python-queries/1.8.11/Security/CWE-611/Xxe.ql...
3b SAST (CodeQL)	Analyze code	2026-10-07T13:46:23.0308854Z  ... found results file at /home/runner/work/_temp/codeql_databases/python/results/codeql/python-queries/Security/CWE-611/Xxe.bqrs.
3b SAST (CodeQL)	Analyze code	2026-10-07T13:46:23.0313836Z Interpreting /opt/hostedtoolcache/CodeQL/2.27.1/x64/codeql/qlpacks/codeql/python-queries/1.8.11/Security/CWE-1275/SameSiteNoneCookie.ql...
3b SAST (CodeQL)	Analyze code	2026-10-07T13:46:23.0380231Z  ... found results file at /home/runner/work/_temp/codeql_databases/python/results/codeql/python-queries/Security/CWE-1275/SameSiteNoneCookie.bqrs.
3b SAST (CodeQL)	Analyze code	2026-10-07T13:46:23.0414001Z Interpreting /opt/hostedtoolcache/CodeQL/2.27.1/x64/codeql/qlpacks/codeql/python-queries/1.8.11/Security/CWE-352/CSRFProtectionDisabled.ql...
3b SAST (CodeQL)	Analyze code	2026-10-07T13:46:23.0456503Z  ... found results file at /home/runner/work/_temp/codeql_databases/python/results/codeql/python-queries/Security/CWE-352/CSRFProtectionDisabled.bqrs.
3b SAST (CodeQL)	Analyze code	2026-10-07T13:46:23.0482705Z Interpreting /opt/hostedtoolcache/CodeQL/2.27.1/x64/codeql/qlpacks/codeql/python-queries/1.8.11/Security/CWE-312/CleartextStorage.ql...
3b SAST (CodeQL)	Analyze code	2026-10-07T13:46:23.0534521Z  ... found results file at /home/runner/work/_temp/codeql_databases/python/results/codeql/python-queries/Security/CWE-312/CleartextStorage.bqrs.
3b SAST (CodeQL)	Analyze code	2026-10-07T13:46:23.0553294Z Interpreting /opt/hostedtoolcache/CodeQL/2.27.1/x64/codeql/qlpacks/codeql/python-queries/1.8.11/Security/CWE-312/CleartextLogging.ql...
3b SAST (CodeQL)	Analyze code	2026-10-07T13:46:23.0607869Z  ... found results file at /home/runner/work/_temp/codeql_databases/python/results/codeql/python-queries/Security/CWE-312/CleartextLogging.bqrs.
3b SAST (CodeQL)	Analyze code	2026-10-07T13:46:23.0617729Z Interpreting /opt/hostedtoolcache/CodeQL/2.27.1/x64/codeql/qlpacks/codeql/python-queries/1.8.11/Security/CWE-776/XmlBomb.ql...
3b SAST (CodeQL)	Analyze code	2026-10-07T13:46:23.0683456Z  ... found results file at /home/runner/work/_temp/codeql_databases/python/results/codeql/python-queries/Security/CWE-776/XmlBomb.bqrs.
3b SAST (CodeQL)	Analyze code	2026-10-07T13:46:23.0708117Z Interpreting /opt/hostedtoolcache/CodeQL/2.27.1/x64/codeql/qlpacks/codeql/python-queries/1.8.11/Security/CWE-1004/NonHttpOnlyCookie.ql...
3b SAST (CodeQL)	Analyze code	2026-10-07T13:46:23.0762857Z  ... found results file at /home/runner/work/_temp/codeql_databases/python/results/codeql/python-queries/Security/CWE-1004/NonHttpOnlyCookie.bqrs.
3b SAST (CodeQL)	Analyze code	2026-10-07T13:46:23.0772944Z Interpreting /opt/hostedtoolcache/CodeQL/2.27.1/x64/codeql/qlpacks/codeql/python-queries/1.8.11/Security/CWE-502/UnsafeDeserialization.ql...
3b SAST (CodeQL)	Analyze code	2026-10-07T13:46:23.0857816Z  ... found results file at /home/runner/work/_temp/codeql_databases/python/results/codeql/python-queries/Security/CWE-502/UnsafeDeserialization.bqrs.
3b SAST (CodeQL)	Analyze code	2026-10-07T13:46:23.0860352Z Interpreting /opt/hostedtoolcache/CodeQL/2.27.1/x64/codeql/qlpacks/codeql/python-queries/1.8.11/Security/CWE-089/SqlInjection.ql...
3b SAST (CodeQL)	Analyze code	2026-10-07T13:46:23.0903650Z  ... found results file at /home/runner/work/_temp/codeql_databases/python/results/codeql/python-queries/Security/CWE-089/SqlInjection.bqrs.
3b SAST (CodeQL)	Analyze code	2026-10-07T13:46:23.0910948Z Interpreting /opt/hostedtoolcache/CodeQL/2.27.1/x64/codeql/qlpacks/codeql/python-queries/1.8.11/Security/CVE-2018-1281/BindToAllInterfaces.ql...
3b SAST (CodeQL)	Analyze code	2026-10-07T13:46:23.0979627Z  ... found results file at /home/runner/work/_temp/codeql_databases/python/results/codeql/python-queries/Security/CVE-2018-1281/BindToAllInterfaces.bqrs.
3b SAST (CodeQL)	Analyze code	2026-10-07T13:46:23.0982206Z Interpreting /opt/hostedtoolcache/CodeQL/2.27.1/x64/codeql/qlpacks/codeql/python-queries/1.8.11/Security/CWE-078/CommandInjection.ql...
3b SAST (CodeQL)	Analyze code	2026-10-07T13:46:23.1122744Z  ... found results file at /home/runner/work/_temp/codeql_databases/python/results/codeql/python-queries/Security/CWE-078/CommandInjection.bqrs.
3b SAST (CodeQL)	Analyze code	2026-10-07T13:46:23.1129156Z Interpreting /opt/hostedtoolcache/CodeQL/2.27.1/x64/codeql/qlpacks/codeql/python-queries/1.8.11/Security/CWE-074/TemplateInjection.ql...
3b SAST (CodeQL)	Analyze code	2026-10-07T13:46:23.1187895Z  ... found results file at /home/runner/work/_temp/codeql_databases/python/results/codeql/python-queries/Security/CWE-074/TemplateInjection.bqrs.
3b SAST (CodeQL)	Analyze code	2026-10-07T13:46:23.1213985Z Interpreting /opt/hostedtoolcache/CodeQL/2.27.1/x64/codeql/qlpacks/codeql/python-queries/1.8.11/Security/CWE-215/FlaskDebug.ql...
3b SAST (CodeQL)	Analyze code	2026-10-07T13:46:23.1262926Z  ... found results file at /home/runner/work/_temp/codeql_databases/python/results/codeql/python-queries/Security/CWE-215/FlaskDebug.bqrs.
3b SAST (CodeQL)	Analyze code	2026-10-07T13:46:23.1265139Z Interpreting /opt/hostedtoolcache/CodeQL/2.27.1/x64/codeql/qlpacks/codeql/python-queries/1.8.11/Security/CWE-090/LdapInjection.ql...
3b SAST (CodeQL)	Analyze code	2026-10-07T13:46:23.1312227Z  ... found results file at /home/runner/work/_temp/codeql_databases/python/results/codeql/python-queries/Security/CWE-090/LdapInjection.bqrs.
3b SAST (CodeQL)	Analyze code	2026-10-07T13:46:23.1332890Z Interpreting /opt/hostedtoolcache/CodeQL/2.27.1/x64/codeql/qlpacks/codeql/python-queries/1.8.11/Security/CWE-327/WeakSensitiveDataHashing.ql...
3b SAST (CodeQL)	Analyze code	2026-10-07T13:46:23.1377551Z  ... found results file at /home/runner/work/_temp/codeql_databases/python/results/codeql/python-queries/Security/CWE-327/WeakSensitiveDataHashing.bqrs.
3b SAST (CodeQL)	Analyze code	2026-10-07T13:46:23.1393883Z Interpreting /opt/hostedtoolcache/CodeQL/2.27.1/x64/codeql/qlpacks/codeql/python-queries/1.8.11/Security/CWE-327/InsecureProtocol.ql...
3b SAST (CodeQL)	Analyze code	2026-10-07T13:46:23.1459282Z  ... found results file at /home/runner/work/_temp/codeql_databases/python/results/codeql/python-queries/Security/CWE-327/InsecureProtocol.bqrs.
3b SAST (CodeQL)	Analyze code	2026-10-07T13:46:23.1472718Z Interpreting /opt/hostedtoolcache/CodeQL/2.27.1/x64/codeql/qlpacks/codeql/python-queries/1.8.11/Security/CWE-327/BrokenCryptoAlgorithm.ql...
3b SAST (CodeQL)	Analyze code	2026-10-07T13:46:23.1532406Z  ... found results file at /home/runner/work/_temp/codeql_databases/python/results/codeql/python-queries/Security/CWE-327/BrokenCryptoAlgorithm.bqrs.
3b SAST (CodeQL)	Analyze code	2026-10-07T13:46:23.1552018Z Interpreting /opt/hostedtoolcache/CodeQL/2.27.1/x64/codeql/qlpacks/codeql/python-queries/1.8.11/Security/CWE-327/InsecureDefaultProtocol.ql...
3b SAST (CodeQL)	Analyze code	2026-10-07T13:46:23.1584310Z  ... found results file at /home/runner/work/_temp/codeql_databases/python/results/codeql/python-queries/Security/CWE-327/InsecureDefaultProtocol.bqrs.
3b SAST (CodeQL)	Analyze code	2026-10-07T13:46:23.1603292Z Interpreting /opt/hostedtoolcache/CodeQL/2.27.1/x64/codeql/qlpacks/codeql/python-queries/1.8.11/Security/CWE-614/InsecureCookie.ql...
3b SAST (CodeQL)	Analyze code	2026-10-07T13:46:23.1642677Z  ... found results file at /home/runner/work/_temp/codeql_databases/python/results/codeql/python-queries/Security/CWE-614/InsecureCookie.bqrs.
3b SAST (CodeQL)	Analyze code	2026-10-07T13:46:23.1654005Z Interpreting /opt/hostedtoolcache/CodeQL/2.27.1/x64/codeql/qlpacks/codeql/python-queries/1.8.11/Security/CWE-285/PamAuthorization.ql...
3b SAST (CodeQL)	Analyze code	2026-10-07T13:46:23.1705181Z  ... found results file at /home/runner/work/_temp/codeql_databases/python/results/codeql/python-queries/Security/CWE-285/PamAuthorization.bqrs.
3b SAST (CodeQL)	Analyze code	2026-10-07T13:46:23.1733865Z Interpreting /opt/hostedtoolcache/CodeQL/2.27.1/x64/codeql/qlpacks/codeql/python-queries/1.8.11/Security/CWE-020/IncompleteUrlSubstringSanitization.ql...
3b SAST (CodeQL)	Analyze code	2026-10-07T13:46:23.1770197Z  ... found results file at /home/runner/work/_temp/codeql_databases/python/results/codeql/python-queries/Security/CWE-020/IncompleteUrlSubstringSanitization.bqrs.
3b SAST (CodeQL)	Analyze code	2026-10-07T13:46:23.1793647Z Interpreting /opt/hostedtoolcache/CodeQL/2.27.1/x64/codeql/qlpacks/codeql/python-queries/1.8.11/Security/CWE-020/IncompleteHostnameRegExp.ql...
3b SAST (CodeQL)	Analyze code	2026-10-07T13:46:23.1847642Z  ... found results file at /home/runner/work/_temp/codeql_databases/python/results/codeql/python-queries/Security/CWE-020/IncompleteHostnameRegExp.bqrs.
3b SAST (CodeQL)	Analyze code	2026-10-07T13:46:23.1853798Z Interpreting /opt/hostedtoolcache/CodeQL/2.27.1/x64/codeql/qlpacks/codeql/python-queries/1.8.11/Security/CWE-020/OverlyLargeRange.ql...
3b SAST (CodeQL)	Analyze code	2026-10-07T13:46:23.1917847Z  ... found results file at /home/runner/work/_temp/codeql_databases/python/results/codeql/python-queries/Security/CWE-020/OverlyLargeRange.bqrs.
3b SAST (CodeQL)	Analyze code	2026-10-07T13:46:23.1923633Z Interpreting /opt/hostedtoolcache/CodeQL/2.27.1/x64/codeql/qlpacks/codeql/python-queries/1.8.11/Security/CWE-020/CookieInjection.ql...
3b SAST (CodeQL)	Analyze code	2026-10-07T13:46:23.1978428Z  ... found results file at /home/runner/work/_temp/codeql_databases/python/results/codeql/python-queries/Security/CWE-020/CookieInjection.bqrs.
3b SAST (CodeQL)	Analyze code	2026-10-07T13:46:23.2003620Z Interpreting /opt/hostedtoolcache/CodeQL/2.27.1/x64/codeql/qlpacks/codeql/python-queries/1.8.11/Security/CWE-113/HeaderInjection.ql...
3b SAST (CodeQL)	Analyze code	2026-10-07T13:46:23.2052687Z  ... found results file at /home/runner/work/_temp/codeql_databases/python/results/codeql/python-queries/Security/CWE-113/HeaderInjection.bqrs.
3b SAST (CodeQL)	Analyze code	2026-10-07T13:46:23.2054806Z Interpreting /opt/hostedtoolcache/CodeQL/2.27.1/x64/codeql/qlpacks/codeql/python-queries/1.8.11/Diagnostics/ExtractionWarnings.ql...
3b SAST (CodeQL)	Analyze code	2026-10-07T13:46:23.2093451Z  ... found results file at /home/runner/work/_temp/codeql_databases/python/results/codeql/python-queries/Diagnostics/ExtractionWarnings.bqrs.
3b SAST (CodeQL)	Analyze code	2026-10-07T13:46:23.2100907Z Interpreting /opt/hostedtoolcache/CodeQL/2.27.1/x64/codeql/qlpacks/codeql/python-queries/1.8.11/Diagnostics/ExtractedFiles.ql...
3b SAST (CodeQL)	Analyze code	2026-10-07T13:46:23.2167461Z  ... found results file at /home/runner/work/_temp/codeql_databases/python/results/codeql/python-queries/Diagnostics/ExtractedFiles.bqrs.
3b SAST (CodeQL)	Analyze code	2026-10-07T13:46:23.2172727Z Interpreting /opt/hostedtoolcache/CodeQL/2.27.1/x64/codeql/qlpacks/codeql/python-queries/1.8.11/Summary/LinesOfUserCode.ql...
3b SAST (CodeQL)	Analyze code	2026-10-07T13:46:23.2223257Z  ... found results file at /home/runner/work/_temp/codeql_databases/python/results/codeql/python-queries/Summary/LinesOfUserCode.bqrs.
3b SAST (CodeQL)	Analyze code	2026-10-07T13:46:23.2228778Z Interpreting /opt/hostedtoolcache/CodeQL/2.27.1/x64/codeql/qlpacks/codeql/python-queries/1.8.11/Summary/LinesOfCode.ql...
3b SAST (CodeQL)	Analyze code	2026-10-07T13:46:23.2283472Z  ... found results file at /home/runner/work/_temp/codeql_databases/python/results/codeql/python-queries/Summary/LinesOfCode.bqrs.
3b SAST (CodeQL)	Analyze code	2026-10-07T13:46:23.2975051Z Interpreted problem query "'input' function used in Python 2" (py/use-of-input) at path /home/runner/work/_temp/codeql_databases/python/results/codeql/python-queries/Expressions/UseofInput.bqrs.
3b SAST (CodeQL)	Analyze code	2026-10-07T13:46:23.2986614Z Interpreted pathproblem query "Full server-side request forgery" (py/full-ssrf) at path /home/runner/work/_temp/codeql_databases/python/results/codeql/python-queries/Security/CWE-918/FullServerSideRequestForgery.bqrs.
3b SAST (CodeQL)	Analyze code	2026-10-07T13:46:23.2995237Z Interpreted pathproblem query "Reflected server-side cross-site scripting" (py/reflective-xss) at path /home/runner/work/_temp/codeql_databases/python/results/codeql/python-queries/Security/CWE-079/ReflectedXss.bqrs.
3b SAST (CodeQL)	Analyze code	2026-10-07T13:46:23.3024049Z Interpreted problem query "Use of weak cryptographic key" (py/weak-crypto-key) at path /home/runner/work/_temp/codeql_databases/python/results/codeql/python-queries/Security/CWE-326/WeakCryptoKey.bqrs.
3b SAST (CodeQL)	Analyze code	2026-10-07T13:46:23.3049660Z Interpreted pathproblem query "Uncontrolled data used in path expression" (py/path-injection) at path /home/runner/work/_temp/codeql_databases/python/results/codeql/python-queries/Security/CWE-022/PathInjection.bqrs.
3b SAST (CodeQL)	Analyze code	2026-10-07T13:46:23.3053456Z Interpreted problem query "Bad HTML filtering regexp" (py/bad-tag-filter) at path /home/runner/work/_temp/codeql_databases/python/results/codeql/python-queries/Security/CWE-116/BadTagFilter.bqrs.
3b SAST (CodeQL)	Analyze code	2026-10-07T13:46:23.3056854Z Interpreted pathproblem query "NoSQL Injection" (py/nosql-injection) at path /home/runner/work/_temp/codeql_databases/python/results/codeql/python-queries/Security/CWE-943/NoSqlInjection.bqrs.
3b SAST (CodeQL)	Analyze code	2026-10-07T13:46:23.3066526Z Interpreted pathproblem query "Information exposure through an exception" (py/stack-trace-exposure) at path /home/runner/work/_temp/codeql_databases/python/results/codeql/python-queries/Security/CWE-209/StackTraceExposure.bqrs.
3b SAST (CodeQL)	Analyze code	2026-10-07T13:46:23.3073987Z Interpreted pathproblem query "XPath query built from user-controlled sources" (py/xpath-injection) at path /home/runner/work/_temp/codeql_databases/python/results/codeql/python-queries/Security/CWE-643/XpathInjection.bqrs.
3b SAST (CodeQL)	Analyze code	2026-10-07T13:46:23.3077597Z Interpreted pathproblem query "Code injection" (py/code-injection) at path /home/runner/work/_temp/codeql_databases/python/results/codeql/python-queries/Security/CWE-094/CodeInjection.bqrs.
3b SAST (CodeQL)	Analyze code	2026-10-07T13:46:23.3082011Z Interpreted problem query "Insecure temporary file" (py/insecure-temporary-file) at path /home/runner/work/_temp/codeql_databases/python/results/codeql/python-queries/Security/CWE-377/InsecureTemporaryFile.bqrs.
3b SAST (CodeQL)	Analyze code	2026-10-07T13:46:23.3086142Z Interpreted pathproblem query "Polynomial regular expression used on uncontrolled data" (py/polynomial-redos) at path /home/runner/work/_temp/codeql_databases/python/results/codeql/python-queries/Security/CWE-730/PolynomialReDoS.bqrs.
3b SAST (CodeQL)	Analyze code	2026-10-07T13:46:23.3090952Z Interpreted problem query "Inefficient regular expression" (py/redos) at path /home/runner/work/_temp/codeql_databases/python/results/codeql/python-queries/Security/CWE-730/ReDoS.bqrs.
3b SAST (CodeQL)	Analyze code	2026-10-07T13:46:23.3094685Z Interpreted pathproblem query "Regular expression injection" (py/regex-injection) at path /home/runner/work/_temp/codeql_databases/python/results/codeql/python-queries/Security/CWE-730/RegexInjection.bqrs.
3b SAST (CodeQL)	Analyze code	2026-10-07T13:46:23.3100449Z Interpreted problem query "Accepting unknown SSH host keys when using Paramiko" (py/paramiko-missing-host-key-validation) at path /home/runner/work/_temp/codeql_databases/python/results/codeql/python-queries/Security/CWE-295/MissingHostKeyValidation.bqrs.
3b SAST (CodeQL)	Analyze code	2026-10-07T13:46:23.3153069Z Interpreted pathproblem query "URL redirection from remote source" (py/url-redirection) at path /home/runner/work/_temp/codeql_databases/python/results/codeql/python-queries/Security/CWE-601/UrlRedirect.bqrs.
3b SAST (CodeQL)	Analyze code	2026-10-07T13:46:23.3155491Z Interpreted pathproblem query "XML external entity expansion" (py/xxe) at path /home/runner/work/_temp/codeql_databases/python/results/codeql/python-queries/Security/CWE-611/Xxe.bqrs.
3b SAST (CodeQL)	Analyze code	2026-10-07T13:46:23.3158078Z Interpreted problem query "Sensitive cookie with `SameSite` attribute set to `None`" (py/samesite-none-cookie) at path /home/runner/work/_temp/codeql_databases/python/results/codeql/python-queries/Security/CWE-1275/SameSiteNoneCookie.bqrs.
3b SAST (CodeQL)	Analyze code	2026-10-07T13:46:23.3160033Z Interpreted problem query "CSRF protection weakened or disabled" (py/csrf-protection-disabled) at path /home/runner/work/_temp/codeql_databases/python/results/codeql/python-queries/Security/CWE-352/CSRFProtectionDisabled.bqrs.
3b SAST (CodeQL)	Analyze code	2026-10-07T13:46:23.3162165Z Interpreted pathproblem query "Clear-text storage of sensitive information" (py/clear-text-storage-sensitive-data) at path /home/runner/work/_temp/codeql_databases/python/results/codeql/python-queries/Security/CWE-312/CleartextStorage.bqrs.
3b SAST (CodeQL)	Analyze code	2026-10-07T13:46:23.3165321Z Interpreted pathproblem query "Clear-text logging of sensitive information" (py/clear-text-logging-sensitive-data) at path /home/runner/work/_temp/codeql_databases/python/results/codeql/python-queries/Security/CWE-312/CleartextLogging.bqrs.
3b SAST (CodeQL)	Analyze code	2026-10-07T13:46:23.3168372Z Interpreted pathproblem query "XML internal entity expansion" (py/xml-bomb) at path /home/runner/work/_temp/codeql_databases/python/results/codeql/python-queries/Security/CWE-776/XmlBomb.bqrs.
3b SAST (CodeQL)	Analyze code	2026-10-07T13:46:23.3171090Z Interpreted problem query "Sensitive cookie missing `HttpOnly` attribute" (py/client-exposed-cookie) at path /home/runner/work/_temp/codeql_databases/python/results/codeql/python-queries/Security/CWE-1004/NonHttpOnlyCookie.bqrs.
3b SAST (CodeQL)	Analyze code	2026-10-07T13:46:23.3174328Z Interpreted pathproblem query "Deserialization of user-controlled data" (py/unsafe-deserialization) at path /home/runner/work/_temp/codeql_databases/python/results/codeql/python-queries/Security/CWE-502/UnsafeDeserialization.bqrs.
3b SAST (CodeQL)	Analyze code	2026-10-07T13:46:23.3177320Z Interpreted pathproblem query "SQL query built from user-controlled sources" (py/sql-injection) at path /home/runner/work/_temp/codeql_databases/python/results/codeql/python-queries/Security/CWE-089/SqlInjection.bqrs.
3b SAST (CodeQL)	Analyze code	2026-10-07T13:46:23.3180421Z Interpreted pathproblem query "Binding a socket to all network interfaces" (py/bind-socket-all-network-interfaces) at path /home/runner/work/_temp/codeql_databases/python/results/codeql/python-queries/Security/CVE-2018-1281/BindToAllInterfaces.bqrs.
3b SAST (CodeQL)	Analyze code	2026-10-07T13:46:23.3194794Z Interpreted pathproblem query "Uncontrolled command line" (py/command-line-injection) at path /home/runner/work/_temp/codeql_databases/python/results/codeql/python-queries/Security/CWE-078/CommandInjection.bqrs.
3b SAST (CodeQL)	Analyze code	2026-10-07T13:46:23.3197799Z Interpreted pathproblem query "Server Side Template Injection" (py/template-injection) at path /home/runner/work/_temp/codeql_databases/python/results/codeql/python-queries/Security/CWE-074/TemplateInjection.bqrs.
3b SAST (CodeQL)	Analyze code	2026-10-07T13:46:23.3200374Z Interpreted problem query "Flask app is run in debug mode" (py/flask-debug) at path /home/runner/work/_temp/codeql_databases/python/results/codeql/python-queries/Security/CWE-215/FlaskDebug.bqrs.
3b SAST (CodeQL)	Analyze code	2026-10-07T13:46:23.3203203Z Interpreted pathproblem query "LDAP query built from user-controlled sources" (py/ldap-injection) at path /home/runner/work/_temp/codeql_databases/python/results/codeql/python-queries/Security/CWE-090/LdapInjection.bqrs.
3b SAST (CodeQL)	Analyze code	2026-10-07T13:46:23.3206309Z Interpreted pathproblem query "Use of a broken or weak cryptographic hashing algorithm on sensitive data" (py/weak-sensitive-data-hashing) at path /home/runner/work/_temp/codeql_databases/python/results/codeql/python-queries/Security/CWE-327/WeakSensitiveDataHashing.bqrs.
3b SAST (CodeQL)	Analyze code	2026-10-07T13:46:23.3209353Z Interpreted problem query "Use of insecure SSL/TLS version" (py/insecure-protocol) at path /home/runner/work/_temp/codeql_databases/python/results/codeql/python-queries/Security/CWE-327/InsecureProtocol.bqrs.
3b SAST (CodeQL)	Analyze code	2026-10-07T13:46:23.3212403Z Interpreted problem query "Use of a broken or weak cryptographic algorithm" (py/weak-cryptographic-algorithm) at path /home/runner/work/_temp/codeql_databases/python/results/codeql/python-queries/Security/CWE-327/BrokenCryptoAlgorithm.bqrs.
3b SAST (CodeQL)	Analyze code	2026-10-07T13:46:23.3215577Z Interpreted problem query "Default version of SSL/TLS may be insecure" (py/insecure-default-protocol) at path /home/runner/work/_temp/codeql_databases/python/results/codeql/python-queries/Security/CWE-327/InsecureDefaultProtocol.bqrs.
3b SAST (CodeQL)	Analyze code	2026-10-07T13:46:23.3218461Z Interpreted problem query "Failure to use secure cookies" (py/insecure-cookie) at path /home/runner/work/_temp/codeql_databases/python/results/codeql/python-queries/Security/CWE-614/InsecureCookie.bqrs.
3b SAST (CodeQL)	Analyze code	2026-10-07T13:46:23.3221228Z Interpreted pathproblem query "PAM authorization bypass due to incorrect usage" (py/pam-auth-bypass) at path /home/runner/work/_temp/codeql_databases/python/results/codeql/python-queries/Security/CWE-285/PamAuthorization.bqrs.
3b SAST (CodeQL)	Analyze code	2026-10-07T13:46:23.3224656Z Interpreted problem query "Incomplete URL substring sanitization" (py/incomplete-url-substring-sanitization) at path /home/runner/work/_temp/codeql_databases/python/results/codeql/python-queries/Security/CWE-020/IncompleteUrlSubstringSanitization.bqrs.
3b SAST (CodeQL)	Analyze code	2026-10-07T13:46:23.3228193Z Interpreted problem query "Incomplete regular expression for hostnames" (py/incomplete-hostname-regexp) at path /home/runner/work/_temp/codeql_databases/python/results/codeql/python-queries/Security/CWE-020/IncompleteHostnameRegExp.bqrs.
3b SAST (CodeQL)	Analyze code	2026-10-07T13:46:23.3231139Z Interpreted problem query "Overly permissive regular expression range" (py/overly-large-range) at path /home/runner/work/_temp/codeql_databases/python/results/codeql/python-queries/Security/CWE-020/OverlyLargeRange.bqrs.
3b SAST (CodeQL)	Analyze code	2026-10-07T13:46:23.3234309Z Interpreted pathproblem query "Construction of a cookie using user-supplied input" (py/cookie-injection) at path /home/runner/work/_temp/codeql_databases/python/results/codeql/python-queries/Security/CWE-020/CookieInjection.bqrs.
3b SAST (CodeQL)	Analyze code	2026-10-07T13:46:23.3237270Z Interpreted pathproblem query "HTTP Response Splitting" (py/http-response-splitting) at path /home/runner/work/_temp/codeql_databases/python/results/codeql/python-queries/Security/CWE-113/HeaderInjection.bqrs.
3b SAST (CodeQL)	Analyze code	2026-10-07T13:46:23.3240131Z Interpreted diagnostic query "Python extraction warnings" (py/diagnostics/extraction-warnings) at path /home/runner/work/_temp/codeql_databases/python/results/codeql/python-queries/Diagnostics/ExtractionWarnings.bqrs.
3b SAST (CodeQL)	Analyze code	2026-10-07T13:46:23.3243280Z Interpreted diagnostic query "Extracted Python files" (py/diagnostics/successfully-extracted-files) at path /home/runner/work/_temp/codeql_databases/python/results/codeql/python-queries/Diagnostics/ExtractedFiles.bqrs.
3b SAST (CodeQL)	Analyze code	2026-10-07T13:46:23.3246458Z Interpreted metric query "Total lines of user written Python code in the database" (py/summary/lines-of-user-code) at path /home/runner/work/_temp/codeql_databases/python/results/codeql/python-queries/Summary/LinesOfUserCode.bqrs.
3b SAST (CodeQL)	Analyze code	2026-10-07T13:46:23.3249236Z Interpreted metric query "Total lines of Python code in the database" (py/summary/lines-of-code) at path /home/runner/work/_temp/codeql_databases/python/results/codeql/python-queries/Summary/LinesOfCode.bqrs.
3b SAST (CodeQL)	Analyze code	2026-10-07T13:46:23.3251056Z Reading source archive /home/runner/work/_temp/codeql_databases/python/src.zip
3b SAST (CodeQL)	Analyze code	2026-10-07T13:46:23.3859806Z Loaded file baseline information.
3b SAST (CodeQL)	Analyze code	2026-10-07T13:46:23.3975326Z Interpreting file coverage baseline information
3b SAST (CodeQL)	Analyze code	2026-10-07T13:46:23.4002741Z Finished interpreting file coverage baseline information.
3b SAST (CodeQL)	Analyze code	2026-10-07T13:46:23.4003427Z Interpreting diagnostic messages...
3b SAST (CodeQL)	Analyze code	2026-10-07T13:46:23.4325134Z Found 5 raw diagnostic messages.
3b SAST (CodeQL)	Analyze code	2026-10-07T13:46:23.4415226Z Processed diagnostic messages (removed 0 due to limits, created 0 summary diagnostics for status page).
3b SAST (CodeQL)	Analyze code	2026-10-07T13:46:23.4430569Z Interpreted diagnostic messages (42ms).
3b SAST (CodeQL)	Analyze code	2026-10-07T13:46:23.6243273Z Exporting results to SARIF...
3b SAST (CodeQL)	Analyze code	2026-10-07T13:46:23.7797615Z Exported results to SARIF (155ms).
3b SAST (CodeQL)	Analyze code	2026-10-07T13:46:23.8013259Z ##[endgroup]
3b SAST (CodeQL)	Analyze code	2026-10-07T13:46:23.8014493Z CodeQL scanned 3 out of 3 Python files in this invocation. Check the status page for overall coverage information: https://github.com/AmanYadav7015/devops-coursework/security/code-scanning/tools/CodeQL/status/
3b SAST (CodeQL)	Analyze code	2026-10-07T13:46:23.8015581Z 
3b SAST (CodeQL)	Analyze code	2026-10-07T13:46:23.8025493Z Post-processing sarif files: ["/home/runner/work/devops-coursework/results/python.sarif"]
3b SAST (CodeQL)	Analyze code	2026-10-07T13:46:23.8050562Z Adding fingerprints to SARIF file. See https://docs.github.com/en/code-security/reference/code-scanning/sarif-support-for-code-scanning#data-for-preventing-duplicated-alerts for more information.
3b SAST (CodeQL)	Analyze code	2026-10-07T13:46:23.8053640Z ##[group]Uploading code scanning results
3b SAST (CodeQL)	Analyze code	2026-10-07T13:46:23.8186616Z Uploading results
3b SAST (CodeQL)	Analyze code	2026-10-07T13:46:24.4505239Z Successfully uploaded results
3b SAST (CodeQL)	Analyze code	2026-10-07T13:46:24.4506031Z ##[endgroup]
3b SAST (CodeQL)	Analyze code	2026-10-07T13:46:24.4520952Z ##[group]Waiting for processing to finish
3b SAST (CodeQL)	Analyze code	2026-10-07T13:46:29.7772254Z Analysis upload status is complete.
3b SAST (CodeQL)	Analyze code	2026-10-07T13:46:29.7773192Z ##[endgroup]
3b SAST (CodeQL)	Post Analyze code	﻿2026-10-07T13:46:30.6384341Z Post job cleanup.
3b SAST (CodeQL)	Post Initialize CodeQL	﻿2026-10-07T13:46:30.9448275Z Post job cleanup.
3b SAST (CodeQL)	Post Initialize CodeQL	2026-10-07T13:46:31.2340906Z CodeQL job status was success.
3b SAST (CodeQL)	Post Initialize CodeQL	2026-10-07T13:46:31.2354802Z Sending status report for init-post step.
3b SAST (CodeQL)	Post Initialize CodeQL	2026-10-07T13:46:32.7220814Z Status report sent for init-post step.
3b SAST (CodeQL)	Post Checkout code	﻿2026-10-07T13:46:32.7683344Z Post job cleanup.
3b SAST (CodeQL)	Post Checkout code	2026-10-07T13:46:32.8571950Z [command]/usr/bin/git version
3b SAST (CodeQL)	Post Checkout code	2026-10-07T13:46:32.8625924Z git version 2.55.0
3b SAST (CodeQL)	Post Checkout code	2026-10-07T13:46:32.8675636Z Temporarily overriding HOME='/home/runner/work/_temp/db689eb0-36c1-47bd-9adb-6159056f8dc3' before making global git config changes
3b SAST (CodeQL)	Post Checkout code	2026-10-07T13:46:32.8679694Z Adding repository directory to the temporary git global config as a safe directory
3b SAST (CodeQL)	Post Checkout code	2026-10-07T13:46:32.8683524Z [command]/usr/bin/git config --global --add safe.directory /home/runner/work/devops-coursework/devops-coursework
3b SAST (CodeQL)	Post Checkout code	2026-10-07T13:46:32.8731705Z [command]/usr/bin/git config --local --name-only --get-regexp core\.sshCommand
3b SAST (CodeQL)	Post Checkout code	2026-10-07T13:46:32.8775154Z [command]/usr/bin/git submodule foreach --recursive sh -c "git config --local --name-only --get-regexp 'core\.sshCommand' && git config --local --unset-all 'core.sshCommand' || :"
3b SAST (CodeQL)	Post Checkout code	2026-10-07T13:46:32.9046903Z [command]/usr/bin/git config --local --name-only --get-regexp http\.https\:\/\/github\.com\/\.extraheader
3b SAST (CodeQL)	Post Checkout code	2026-10-07T13:46:32.9079006Z http.https://github.com/.extraheader
3b SAST (CodeQL)	Post Checkout code	2026-10-07T13:46:32.9093193Z [command]/usr/bin/git config --local --unset-all http.https://github.com/.extraheader
3b SAST (CodeQL)	Post Checkout code	2026-10-07T13:46:32.9135761Z [command]/usr/bin/git submodule foreach --recursive sh -c "git config --local --name-only --get-regexp 'http\.https\:\/\/github\.com\/\.extraheader' && git config --local --unset-all 'http.https://github.com/.extraheader' || :"
3b SAST (CodeQL)	Post Checkout code	2026-10-07T13:46:32.9408111Z [command]/usr/bin/git config --local --name-only --get-regexp ^includeIf\.gitdir:
3b SAST (CodeQL)	Post Checkout code	2026-10-07T13:46:32.9484061Z [command]/usr/bin/git submodule foreach --recursive git config --local --show-origin --name-only --get-regexp remote.origin.url
3b SAST (CodeQL)	Complete job	﻿2026-10-07T13:46:32.9905879Z Cleaning up orphan processes
3b SAST (CodeQL)	Complete job	2026-10-07T13:46:33.0285328Z ##[warning]Node.js 20 is deprecated. The following actions target Node.js 20 but are being forced to run on Node.js 24: actions/checkout@v4, github/codeql-action/analyze@v3, github/codeql-action/init@v3. For more information see: https://github.blog/changelog/2025-09-19-deprecation-of-node-20-on-github-actions-runners/
4 SCA	Set up job	﻿2026-10-07T13:46:00.2838494Z Current runner version: '2.337.0'
4 SCA	Set up job	2026-10-07T13:46:00.2864137Z ##[group]Runner Image Provisioner
4 SCA	Set up job	2026-10-07T13:46:00.2865121Z Hosted Compute Agent
4 SCA	Set up job	2026-10-07T13:46:00.2865863Z Version: 20260901.588
4 SCA	Set up job	2026-10-07T13:46:00.2866598Z Commit: f88ec8081b781fac6c440065ac7ff9e710ce3d0b
4 SCA	Set up job	2026-10-07T13:46:00.2867329Z Build Date: 2026-09-01T19:56:44Z
4 SCA	Set up job	2026-10-07T13:46:00.2868090Z Worker ID: {5bd088a1-ac11-4d39-bd8e-62df64e7567f}
4 SCA	Set up job	2026-10-07T13:46:00.2868855Z Azure Region: northcentralus
4 SCA	Set up job	2026-10-07T13:46:00.2869783Z ##[endgroup]
4 SCA	Set up job	2026-10-07T13:46:00.2871373Z ##[group]Operating System
4 SCA	Set up job	2026-10-07T13:46:00.2872116Z Ubuntu
4 SCA	Set up job	2026-10-07T13:46:00.2872833Z 24.04.5
4 SCA	Set up job	2026-10-07T13:46:00.2873421Z LTS
4 SCA	Set up job	2026-10-07T13:46:00.2874414Z ##[endgroup]
4 SCA	Set up job	2026-10-07T13:46:00.2875101Z ##[group]Runner Image
4 SCA	Set up job	2026-10-07T13:46:00.2875777Z Image: ubuntu-24.04
4 SCA	Set up job	2026-10-07T13:46:00.2876460Z Version: 20260927.320.1
4 SCA	Set up job	2026-10-07T13:46:00.2877605Z Included Software: https://github.com/actions/runner-images/blob/ubuntu24/20260927.320/images/ubuntu/Ubuntu2404-Readme.md
4 SCA	Set up job	2026-10-07T13:46:00.2879743Z Image Release: https://github.com/actions/runner-images/releases/tag/ubuntu24%2F20260927.320
4 SCA	Set up job	2026-10-07T13:46:00.2880769Z ##[endgroup]
4 SCA	Set up job	2026-10-07T13:46:00.2881975Z ##[group]GITHUB_TOKEN Permissions
4 SCA	Set up job	2026-10-07T13:46:00.2883867Z Contents: read
4 SCA	Set up job	2026-10-07T13:46:00.2884603Z Metadata: read
4 SCA	Set up job	2026-10-07T13:46:00.2885182Z ##[endgroup]
4 SCA	Set up job	2026-10-07T13:46:00.2887557Z Secret source: Actions
4 SCA	Set up job	2026-10-07T13:46:00.2888796Z Cache mode: write
4 SCA	Set up job	2026-10-07T13:46:00.2890223Z Prepare workflow directory
4 SCA	Set up job	2026-10-07T13:46:00.3321398Z Prepare all required actions
4 SCA	Set up job	2026-10-07T13:46:00.3370913Z Getting action download info
4 SCA	Set up job	2026-10-07T13:46:00.5894439Z Download action repository 'actions/checkout@v4' (SHA:11d5960a326750d5838078e36cf38b85af677262)
4 SCA	Set up job	2026-10-07T13:46:00.6728423Z Download action repository 'actions/setup-python@v5' (SHA:a26af69be951a213d495a4c3e4e4022e16d87065)
4 SCA	Set up job	2026-10-07T13:46:00.7486461Z Download action repository 'actions/upload-artifact@v4' (SHA:ea165f8d65b6e75b540449e92b4886f43607fa02)
4 SCA	Set up job	2026-10-07T13:46:00.9623007Z Complete job name: 4 SCA
4 SCA	Checkout code	﻿2026-10-07T13:46:01.0390252Z ##[group]Run actions/checkout@v4
4 SCA	Checkout code	2026-10-07T13:46:01.0391192Z with:
4 SCA	Checkout code	2026-10-07T13:46:01.0391680Z   repository: AmanYadav7015/devops-coursework
4 SCA	Checkout code	2026-10-07T13:46:01.0395820Z   token: ***
4 SCA	Checkout code	2026-10-07T13:46:01.0396247Z   ssh-strict: true
4 SCA	Checkout code	2026-10-07T13:46:01.0396744Z   ssh-user: git
4 SCA	Checkout code	2026-10-07T13:46:01.0397248Z   persist-credentials: true
4 SCA	Checkout code	2026-10-07T13:46:01.0397737Z   clean: true
4 SCA	Checkout code	2026-10-07T13:46:01.0398172Z   sparse-checkout-cone-mode: true
4 SCA	Checkout code	2026-10-07T13:46:01.0398690Z   fetch-depth: 1
4 SCA	Checkout code	2026-10-07T13:46:01.0399110Z   fetch-tags: false
4 SCA	Checkout code	2026-10-07T13:46:01.0399730Z   show-progress: true
4 SCA	Checkout code	2026-10-07T13:46:01.0400171Z   lfs: false
4 SCA	Checkout code	2026-10-07T13:46:01.0400576Z   submodules: false
4 SCA	Checkout code	2026-10-07T13:46:01.0401019Z   set-safe-directory: true
4 SCA	Checkout code	2026-10-07T13:46:01.0401532Z   allow-unsafe-pr-checkout: false
4 SCA	Checkout code	2026-10-07T13:46:01.0402295Z env:
4 SCA	Checkout code	2026-10-07T13:46:01.0402715Z   APP_DIR: labs/17-devsecops
4 SCA	Checkout code	2026-10-07T13:46:01.0403227Z   IMAGE_NAME: claim-check-api
4 SCA	Checkout code	2026-10-07T13:46:01.0403776Z   TRIVY_VERSION: 0.75.0
4 SCA	Checkout code	2026-10-07T13:46:01.0404294Z   GITLEAKS_VERSION: 8.30.1
4 SCA	Checkout code	2026-10-07T13:46:01.0404772Z   PYTHON_VERSION: 3.13
4 SCA	Checkout code	2026-10-07T13:46:01.0405214Z ##[endgroup]
4 SCA	Checkout code	2026-10-07T13:46:01.1396365Z Syncing repository: AmanYadav7015/devops-coursework
4 SCA	Checkout code	2026-10-07T13:46:01.1398891Z ##[group]Getting Git version info
4 SCA	Checkout code	2026-10-07T13:46:01.1400629Z Working directory is '/home/runner/work/devops-coursework/devops-coursework'
4 SCA	Checkout code	2026-10-07T13:46:01.1402521Z [command]/usr/bin/git version
4 SCA	Checkout code	2026-10-07T13:46:01.1465889Z git version 2.55.0
4 SCA	Checkout code	2026-10-07T13:46:01.1503689Z ##[endgroup]
4 SCA	Checkout code	2026-10-07T13:46:01.1512967Z Temporarily overriding HOME='/home/runner/work/_temp/11dd7f65-8dae-4446-9d35-297389b7bcd5' before making global git config changes
4 SCA	Checkout code	2026-10-07T13:46:01.1515531Z Adding repository directory to the temporary git global config as a safe directory
4 SCA	Checkout code	2026-10-07T13:46:01.1522064Z [command]/usr/bin/git config --global --add safe.directory /home/runner/work/devops-coursework/devops-coursework
4 SCA	Checkout code	2026-10-07T13:46:01.1575552Z Deleting the contents of '/home/runner/work/devops-coursework/devops-coursework'
4 SCA	Checkout code	2026-10-07T13:46:01.1580209Z ##[group]Initializing the repository
4 SCA	Checkout code	2026-10-07T13:46:01.1589842Z [command]/usr/bin/git init /home/runner/work/devops-coursework/devops-coursework
4 SCA	Checkout code	2026-10-07T13:46:01.1686185Z hint: Using 'master' as the name for the initial branch. This default branch name
4 SCA	Checkout code	2026-10-07T13:46:01.1688265Z hint: will change to "main" in Git 3.0. To configure the initial branch name
4 SCA	Checkout code	2026-10-07T13:46:01.1690360Z hint: to use in all of your new repositories, which will suppress this warning,
4 SCA	Checkout code	2026-10-07T13:46:01.1691865Z hint: call:
4 SCA	Checkout code	2026-10-07T13:46:01.1692680Z hint:
4 SCA	Checkout code	2026-10-07T13:46:01.1693656Z hint: 	git config --global init.defaultBranch <name>
4 SCA	Checkout code	2026-10-07T13:46:01.1695049Z hint:
4 SCA	Checkout code	2026-10-07T13:46:01.1696224Z hint: Names commonly chosen instead of 'master' are 'main', 'trunk' and
4 SCA	Checkout code	2026-10-07T13:46:01.1698002Z hint: 'development'. The just-created branch can be renamed via this command:
4 SCA	Checkout code	2026-10-07T13:46:01.1699675Z hint:
4 SCA	Checkout code	2026-10-07T13:46:01.1700563Z hint: 	git branch -m <name>
4 SCA	Checkout code	2026-10-07T13:46:01.1701577Z hint:
4 SCA	Checkout code	2026-10-07T13:46:01.1702868Z hint: Disable this message with "git config set advice.defaultBranchName false"
4 SCA	Checkout code	2026-10-07T13:46:01.1705050Z Initialized empty Git repository in /home/runner/work/devops-coursework/devops-coursework/.git/
4 SCA	Checkout code	2026-10-07T13:46:01.1708914Z [command]/usr/bin/git remote add origin https://github.com/AmanYadav7015/devops-coursework
4 SCA	Checkout code	2026-10-07T13:46:01.1748221Z ##[endgroup]
4 SCA	Checkout code	2026-10-07T13:46:01.1749848Z ##[group]Disabling automatic garbage collection
4 SCA	Checkout code	2026-10-07T13:46:01.1753526Z [command]/usr/bin/git config --local gc.auto 0
4 SCA	Checkout code	2026-10-07T13:46:01.1786230Z ##[endgroup]
4 SCA	Checkout code	2026-10-07T13:46:01.1787460Z ##[group]Setting up auth
4 SCA	Checkout code	2026-10-07T13:46:01.1793096Z [command]/usr/bin/git config --local --name-only --get-regexp core\.sshCommand
4 SCA	Checkout code	2026-10-07T13:46:01.1826803Z [command]/usr/bin/git submodule foreach --recursive sh -c "git config --local --name-only --get-regexp 'core\.sshCommand' && git config --local --unset-all 'core.sshCommand' || :"
4 SCA	Checkout code	2026-10-07T13:46:01.2199512Z [command]/usr/bin/git config --local --name-only --get-regexp http\.https\:\/\/github\.com\/\.extraheader
4 SCA	Checkout code	2026-10-07T13:46:01.2245862Z [command]/usr/bin/git submodule foreach --recursive sh -c "git config --local --name-only --get-regexp 'http\.https\:\/\/github\.com\/\.extraheader' && git config --local --unset-all 'http.https://github.com/.extraheader' || :"
4 SCA	Checkout code	2026-10-07T13:46:01.2509222Z [command]/usr/bin/git config --local --name-only --get-regexp ^includeIf\.gitdir:
4 SCA	Checkout code	2026-10-07T13:46:01.2553188Z [command]/usr/bin/git submodule foreach --recursive git config --local --show-origin --name-only --get-regexp remote.origin.url
4 SCA	Checkout code	2026-10-07T13:46:01.2785316Z [command]/usr/bin/git config --local http.https://github.com/.extraheader AUTHORIZATION: basic ***
4 SCA	Checkout code	2026-10-07T13:46:01.2825265Z ##[endgroup]
4 SCA	Checkout code	2026-10-07T13:46:01.2826747Z ##[group]Fetching the repository
4 SCA	Checkout code	2026-10-07T13:46:01.2838020Z [command]/usr/bin/git -c protocol.version=2 fetch --no-tags --prune --no-recurse-submodules --depth=1 origin +d649c6f2dedd69b2422b8135c9faa58c6cfa6e26:refs/remotes/origin/session-17-devsecops-ci
4 SCA	Checkout code	2026-10-07T13:46:02.1063301Z From https://github.com/AmanYadav7015/devops-coursework
4 SCA	Checkout code	2026-10-07T13:46:02.1066690Z  * [new ref]         d649c6f2dedd69b2422b8135c9faa58c6cfa6e26 -> origin/session-17-devsecops-ci
4 SCA	Checkout code	2026-10-07T13:46:02.1071770Z ##[endgroup]
4 SCA	Checkout code	2026-10-07T13:46:02.1073856Z ##[group]Determining the checkout info
4 SCA	Checkout code	2026-10-07T13:46:02.1075710Z ##[endgroup]
4 SCA	Checkout code	2026-10-07T13:46:02.1080703Z [command]/usr/bin/git sparse-checkout disable
4 SCA	Checkout code	2026-10-07T13:46:02.1138168Z [command]/usr/bin/git config --local --unset-all extensions.worktreeConfig
4 SCA	Checkout code	2026-10-07T13:46:02.1178402Z ##[group]Checking out the ref
4 SCA	Checkout code	2026-10-07T13:46:02.1183391Z [command]/usr/bin/git checkout --progress --force -B session-17-devsecops-ci refs/remotes/origin/session-17-devsecops-ci
4 SCA	Checkout code	2026-10-07T13:46:02.2400727Z Switched to a new branch 'session-17-devsecops-ci'
4 SCA	Checkout code	2026-10-07T13:46:02.2404692Z branch 'session-17-devsecops-ci' set up to track 'origin/session-17-devsecops-ci'.
4 SCA	Checkout code	2026-10-07T13:46:02.2415551Z ##[endgroup]
4 SCA	Checkout code	2026-10-07T13:46:02.2462805Z [command]/usr/bin/git log -1 --format=%H
4 SCA	Checkout code	2026-10-07T13:46:02.2490097Z d649c6f2dedd69b2422b8135c9faa58c6cfa6e26
4 SCA	Setup Python	﻿2026-10-07T13:46:02.2861748Z ##[group]Run actions/setup-python@v5
4 SCA	Setup Python	2026-10-07T13:46:02.2863055Z with:
4 SCA	Setup Python	2026-10-07T13:46:02.2864009Z   python-version: 3.13
4 SCA	Setup Python	2026-10-07T13:46:02.2865072Z   check-latest: false
4 SCA	Setup Python	2026-10-07T13:46:02.2874913Z   token: ***
4 SCA	Setup Python	2026-10-07T13:46:02.2875934Z   update-environment: true
4 SCA	Setup Python	2026-10-07T13:46:02.2877055Z   allow-prereleases: false
4 SCA	Setup Python	2026-10-07T13:46:02.2878157Z   freethreaded: false
4 SCA	Setup Python	2026-10-07T13:46:02.2944361Z env:
4 SCA	Setup Python	2026-10-07T13:46:02.2945993Z   APP_DIR: labs/17-devsecops
4 SCA	Setup Python	2026-10-07T13:46:02.2947888Z   IMAGE_NAME: claim-check-api
4 SCA	Setup Python	2026-10-07T13:46:02.2950068Z   TRIVY_VERSION: 0.75.0
4 SCA	Setup Python	2026-10-07T13:46:02.2951822Z   GITLEAKS_VERSION: 8.30.1
4 SCA	Setup Python	2026-10-07T13:46:02.2953574Z   PYTHON_VERSION: 3.13
4 SCA	Setup Python	2026-10-07T13:46:02.2955196Z ##[endgroup]
4 SCA	Setup Python	2026-10-07T13:46:02.4278466Z ##[group]Installed versions
4 SCA	Setup Python	2026-10-07T13:46:02.4377347Z (node:2270) [DEP0040] DeprecationWarning: The `punycode` module is deprecated. Please use a userland alternative instead.
4 SCA	Setup Python	2026-10-07T13:46:02.4380799Z (Use `node --trace-deprecation ...` to show where the warning was created)
4 SCA	Setup Python	2026-10-07T13:46:02.4383480Z Successfully set up CPython (3.13.15)
4 SCA	Setup Python	2026-10-07T13:46:02.4386621Z ##[endgroup]
4 SCA	Install trivy	﻿2026-10-07T13:46:02.4600103Z ##[group]Run curl -sfL https://raw.githubusercontent.com/aquasecurity/trivy/main/contrib/install.sh \
4 SCA	Install trivy	2026-10-07T13:46:02.4604451Z [36;1mcurl -sfL https://raw.githubusercontent.com/aquasecurity/trivy/main/contrib/install.sh \[0m
4 SCA	Install trivy	2026-10-07T13:46:02.4607810Z [36;1m  | sudo sh -s -- -b /usr/local/bin "v${TRIVY_VERSION}"[0m
4 SCA	Install trivy	2026-10-07T13:46:02.4610182Z [36;1mtrivy --version[0m
4 SCA	Install trivy	2026-10-07T13:46:02.4903575Z shell: /usr/bin/bash --noprofile --norc -e -o pipefail {0}
4 SCA	Install trivy	2026-10-07T13:46:02.4905077Z env:
4 SCA	Install trivy	2026-10-07T13:46:02.4905975Z   APP_DIR: labs/17-devsecops
4 SCA	Install trivy	2026-10-07T13:46:02.4907065Z   IMAGE_NAME: claim-check-api
4 SCA	Install trivy	2026-10-07T13:46:02.4908173Z   TRIVY_VERSION: 0.75.0
4 SCA	Install trivy	2026-10-07T13:46:02.4909199Z   GITLEAKS_VERSION: 8.30.1
4 SCA	Install trivy	2026-10-07T13:46:02.4910507Z   PYTHON_VERSION: 3.13
4 SCA	Install trivy	2026-10-07T13:46:02.4911731Z   pythonLocation: /opt/hostedtoolcache/Python/3.13.15/x64
4 SCA	Install trivy	2026-10-07T13:46:02.4913442Z   PKG_CONFIG_PATH: /opt/hostedtoolcache/Python/3.13.15/x64/lib/pkgconfig
4 SCA	Install trivy	2026-10-07T13:46:02.4915159Z   Python_ROOT_DIR: /opt/hostedtoolcache/Python/3.13.15/x64
4 SCA	Install trivy	2026-10-07T13:46:02.4916781Z   Python2_ROOT_DIR: /opt/hostedtoolcache/Python/3.13.15/x64
4 SCA	Install trivy	2026-10-07T13:46:02.4918353Z   Python3_ROOT_DIR: /opt/hostedtoolcache/Python/3.13.15/x64
4 SCA	Install trivy	2026-10-07T13:46:02.4920075Z   LD_LIBRARY_PATH: /opt/hostedtoolcache/Python/3.13.15/x64/lib
4 SCA	Install trivy	2026-10-07T13:46:02.4921423Z ##[endgroup]
4 SCA	Install trivy	2026-10-07T13:46:02.5551373Z aquasecurity/trivy info checking GitHub for tag 'v0.75.0'
4 SCA	Install trivy	2026-10-07T13:46:02.7697872Z aquasecurity/trivy info found version: 0.75.0 for v0.75.0/Linux/64bit
4 SCA	Install trivy	2026-10-07T13:46:04.3110562Z aquasecurity/trivy info installed /usr/local/bin/trivy
4 SCA	Install trivy	2026-10-07T13:46:04.4281946Z Version: 0.75.0
4 SCA	Install pip-audit	﻿2026-10-07T13:46:04.4341268Z ##[group]Run pip install pip-audit==2.10.1
4 SCA	Install pip-audit	2026-10-07T13:46:04.4341744Z [36;1mpip install pip-audit==2.10.1[0m
4 SCA	Install pip-audit	2026-10-07T13:46:04.4410069Z shell: /usr/bin/bash --noprofile --norc -e -o pipefail {0}
4 SCA	Install pip-audit	2026-10-07T13:46:04.4410481Z env:
4 SCA	Install pip-audit	2026-10-07T13:46:04.4410733Z   APP_DIR: labs/17-devsecops
4 SCA	Install pip-audit	2026-10-07T13:46:04.4411043Z   IMAGE_NAME: claim-check-api
4 SCA	Install pip-audit	2026-10-07T13:46:04.4411339Z   TRIVY_VERSION: 0.75.0
4 SCA	Install pip-audit	2026-10-07T13:46:04.4411625Z   GITLEAKS_VERSION: 8.30.1
4 SCA	Install pip-audit	2026-10-07T13:46:04.4411900Z   PYTHON_VERSION: 3.13
4 SCA	Install pip-audit	2026-10-07T13:46:04.4412231Z   pythonLocation: /opt/hostedtoolcache/Python/3.13.15/x64
4 SCA	Install pip-audit	2026-10-07T13:46:04.4412721Z   PKG_CONFIG_PATH: /opt/hostedtoolcache/Python/3.13.15/x64/lib/pkgconfig
4 SCA	Install pip-audit	2026-10-07T13:46:04.4413194Z   Python_ROOT_DIR: /opt/hostedtoolcache/Python/3.13.15/x64
4 SCA	Install pip-audit	2026-10-07T13:46:04.4413619Z   Python2_ROOT_DIR: /opt/hostedtoolcache/Python/3.13.15/x64
4 SCA	Install pip-audit	2026-10-07T13:46:04.4414080Z   Python3_ROOT_DIR: /opt/hostedtoolcache/Python/3.13.15/x64
4 SCA	Install pip-audit	2026-10-07T13:46:04.4414778Z   LD_LIBRARY_PATH: /opt/hostedtoolcache/Python/3.13.15/x64/lib
4 SCA	Install pip-audit	2026-10-07T13:46:04.4415203Z ##[endgroup]
4 SCA	Install pip-audit	2026-10-07T13:46:07.1131038Z Collecting pip-audit==2.10.1
4 SCA	Install pip-audit	2026-10-07T13:46:07.1659250Z   Downloading pip_audit-2.10.1-py3-none-any.whl.metadata (28 kB)
4 SCA	Install pip-audit	2026-10-07T13:46:07.1898256Z Collecting CacheControl>=0.13.0 (from CacheControl[filecache]>=0.13.0->pip-audit==2.10.1)
4 SCA	Install pip-audit	2026-10-07T13:46:07.1936026Z   Downloading cachecontrol-0.14.4-py3-none-any.whl.metadata (3.1 kB)
4 SCA	Install pip-audit	2026-10-07T13:46:07.2282918Z Collecting cyclonedx-python-lib<12,>=5 (from pip-audit==2.10.1)
4 SCA	Install pip-audit	2026-10-07T13:46:07.2319406Z   Downloading cyclonedx_python_lib-11.12.0-py3-none-any.whl.metadata (6.9 kB)
4 SCA	Install pip-audit	2026-10-07T13:46:07.2470251Z Collecting packaging>=23.0.0 (from pip-audit==2.10.1)
4 SCA	Install pip-audit	2026-10-07T13:46:07.2509145Z   Downloading packaging-26.3-py3-none-any.whl.metadata (3.5 kB)
4 SCA	Install pip-audit	2026-10-07T13:46:07.2635522Z Collecting pip-api>=0.0.28 (from pip-audit==2.10.1)
4 SCA	Install pip-audit	2026-10-07T13:46:07.2673965Z   Downloading pip_api-0.0.35-py3-none-any.whl.metadata (17 kB)
4 SCA	Install pip-audit	2026-10-07T13:46:07.2796729Z Collecting pip-requirements-parser>=32.0.0 (from pip-audit==2.10.1)
4 SCA	Install pip-audit	2026-10-07T13:46:07.2833212Z   Downloading pip_requirements_parser-32.0.1-py3-none-any.whl.metadata (9.3 kB)
4 SCA	Install pip-audit	2026-10-07T13:46:07.3037578Z Collecting requests>=2.31.0 (from pip-audit==2.10.1)
4 SCA	Install pip-audit	2026-10-07T13:46:07.3073070Z   Downloading requests-2.34.2-py3-none-any.whl.metadata (4.8 kB)
4 SCA	Install pip-audit	2026-10-07T13:46:07.3357030Z Collecting rich>=12.4 (from pip-audit==2.10.1)
4 SCA	Install pip-audit	2026-10-07T13:46:07.3421862Z   Downloading rich-15.0.0-py3-none-any.whl.metadata (18 kB)
4 SCA	Install pip-audit	2026-10-07T13:46:07.3696137Z Collecting tomli>=2.2.1 (from pip-audit==2.10.1)
4 SCA	Install pip-audit	2026-10-07T13:46:07.3735943Z   Downloading tomli-2.5.0-cp313-cp313-manylinux2014_x86_64.manylinux_2_17_x86_64.manylinux_2_28_x86_64.whl.metadata (10 kB)
4 SCA	Install pip-audit	2026-10-07T13:46:07.3841421Z Collecting tomli-w>=1.2.0 (from pip-audit==2.10.1)
4 SCA	Install pip-audit	2026-10-07T13:46:07.3877815Z   Downloading tomli_w-1.2.0-py3-none-any.whl.metadata (5.7 kB)
4 SCA	Install pip-audit	2026-10-07T13:46:07.4063980Z Collecting platformdirs>=4.2.0 (from pip-audit==2.10.1)
4 SCA	Install pip-audit	2026-10-07T13:46:07.4105852Z   Downloading platformdirs-4.12.3-py3-none-any.whl.metadata (5.5 kB)
4 SCA	Install pip-audit	2026-10-07T13:46:07.4249796Z Collecting license-expression<31,>=30 (from cyclonedx-python-lib<12,>=5->pip-audit==2.10.1)
4 SCA	Install pip-audit	2026-10-07T13:46:07.4290200Z   Downloading license_expression-30.4.4-py3-none-any.whl.metadata (11 kB)
4 SCA	Install pip-audit	2026-10-07T13:46:07.4452946Z Collecting packageurl-python<2,>=0.11 (from cyclonedx-python-lib<12,>=5->pip-audit==2.10.1)
4 SCA	Install pip-audit	2026-10-07T13:46:07.4488712Z   Downloading packageurl_python-0.17.6-py3-none-any.whl.metadata (5.1 kB)
4 SCA	Install pip-audit	2026-10-07T13:46:07.4638097Z Collecting py-serializable<3.0.0,>=2.1.0 (from cyclonedx-python-lib<12,>=5->pip-audit==2.10.1)
4 SCA	Install pip-audit	2026-10-07T13:46:07.4673881Z   Downloading py_serializable-2.1.0-py3-none-any.whl.metadata (4.3 kB)
4 SCA	Install pip-audit	2026-10-07T13:46:07.4805397Z Collecting sortedcontainers<3.0.0,>=2.4.0 (from cyclonedx-python-lib<12,>=5->pip-audit==2.10.1)
4 SCA	Install pip-audit	2026-10-07T13:46:07.4840563Z   Downloading sortedcontainers-2.4.0-py2.py3-none-any.whl.metadata (10 kB)
4 SCA	Install pip-audit	2026-10-07T13:46:07.4962028Z Collecting boolean.py>=4.0 (from license-expression<31,>=30->cyclonedx-python-lib<12,>=5->pip-audit==2.10.1)
4 SCA	Install pip-audit	2026-10-07T13:46:07.4997295Z   Downloading boolean_py-5.0-py3-none-any.whl.metadata (2.3 kB)
4 SCA	Install pip-audit	2026-10-07T13:46:07.5120447Z Collecting defusedxml<0.8.0,>=0.7.1 (from py-serializable<3.0.0,>=2.1.0->cyclonedx-python-lib<12,>=5->pip-audit==2.10.1)
4 SCA	Install pip-audit	2026-10-07T13:46:07.5158239Z   Downloading defusedxml-0.7.1-py2.py3-none-any.whl.metadata (32 kB)
4 SCA	Install pip-audit	2026-10-07T13:46:07.5964000Z Collecting msgpack<2.0.0,>=0.5.2 (from CacheControl>=0.13.0->CacheControl[filecache]>=0.13.0->pip-audit==2.10.1)
4 SCA	Install pip-audit	2026-10-07T13:46:07.6003202Z   Downloading msgpack-1.2.3-cp313-cp313-manylinux2014_x86_64.manylinux_2_17_x86_64.manylinux_2_28_x86_64.whl.metadata (8.3 kB)
4 SCA	Install pip-audit	2026-10-07T13:46:07.6248248Z Collecting filelock>=3.8.0 (from CacheControl[filecache]>=0.13.0->pip-audit==2.10.1)
4 SCA	Install pip-audit	2026-10-07T13:46:07.6286519Z   Downloading filelock-4.0.12-py3-none-any.whl.metadata (2.0 kB)
4 SCA	Install pip-audit	2026-10-07T13:46:07.6332409Z Requirement already satisfied: pip in /opt/hostedtoolcache/Python/3.13.15/x64/lib/python3.13/site-packages (from pip-api>=0.0.28->pip-audit==2.10.1) (26.2.1)
4 SCA	Install pip-audit	2026-10-07T13:46:07.6547495Z Collecting pyparsing (from pip-requirements-parser>=32.0.0->pip-audit==2.10.1)
4 SCA	Install pip-audit	2026-10-07T13:46:07.6585479Z   Downloading pyparsing-3.3.3-py3-none-any.whl.metadata (5.9 kB)
4 SCA	Install pip-audit	2026-10-07T13:46:07.7802935Z Collecting charset_normalizer<4,>=2 (from requests>=2.31.0->pip-audit==2.10.1)
4 SCA	Install pip-audit	2026-10-07T13:46:07.7856515Z   Downloading charset_normalizer-3.5.2-cp313-cp313-manylinux2014_x86_64.manylinux_2_17_x86_64.manylinux_2_28_x86_64.whl.metadata (46 kB)
4 SCA	Install pip-audit	2026-10-07T13:46:07.8024439Z Collecting idna<4,>=2.5 (from requests>=2.31.0->pip-audit==2.10.1)
4 SCA	Install pip-audit	2026-10-07T13:46:07.8059313Z   Downloading idna-3.20-py3-none-any.whl.metadata (7.2 kB)
4 SCA	Install pip-audit	2026-10-07T13:46:07.8263033Z Collecting urllib3<3,>=1.26 (from requests>=2.31.0->pip-audit==2.10.1)
4 SCA	Install pip-audit	2026-10-07T13:46:07.8297972Z   Downloading urllib3-2.8.0-py3-none-any.whl.metadata (7.4 kB)
4 SCA	Install pip-audit	2026-10-07T13:46:07.8472149Z Collecting certifi>=2023.5.7 (from requests>=2.31.0->pip-audit==2.10.1)
4 SCA	Install pip-audit	2026-10-07T13:46:07.8511187Z   Downloading certifi-2026.7.22-py3-none-any.whl.metadata (2.5 kB)
4 SCA	Install pip-audit	2026-10-07T13:46:07.8669377Z Collecting markdown-it-py>=2.2.0 (from rich>=12.4->pip-audit==2.10.1)
4 SCA	Install pip-audit	2026-10-07T13:46:07.8716671Z   Downloading markdown_it_py-4.2.0-py3-none-any.whl.metadata (7.4 kB)
4 SCA	Install pip-audit	2026-10-07T13:46:07.8916990Z Collecting pygments<3.0.0,>=2.13.0 (from rich>=12.4->pip-audit==2.10.1)
4 SCA	Install pip-audit	2026-10-07T13:46:07.8954528Z   Downloading pygments-2.21.0-py3-none-any.whl.metadata (2.5 kB)
4 SCA	Install pip-audit	2026-10-07T13:46:07.9076507Z Collecting mdurl~=0.1 (from markdown-it-py>=2.2.0->rich>=12.4->pip-audit==2.10.1)
4 SCA	Install pip-audit	2026-10-07T13:46:07.9114280Z   Downloading mdurl-0.1.2-py3-none-any.whl.metadata (1.6 kB)
4 SCA	Install pip-audit	2026-10-07T13:46:07.9253644Z Downloading pip_audit-2.10.1-py3-none-any.whl (62 kB)
4 SCA	Install pip-audit	2026-10-07T13:46:07.9312593Z Downloading cyclonedx_python_lib-11.12.0-py3-none-any.whl (529 kB)
4 SCA	Install pip-audit	2026-10-07T13:46:07.9417517Z    ━━━━━━━━━━━━━━━━━━━━━━━━━━━━━━━━━━━━━━━━ 529.5/529.5 kB 61.7 MB/s  0:00:00
4 SCA	Install pip-audit	2026-10-07T13:46:07.9456479Z Downloading license_expression-30.4.4-py3-none-any.whl (120 kB)
4 SCA	Install pip-audit	2026-10-07T13:46:07.9515406Z Downloading packageurl_python-0.17.6-py3-none-any.whl (36 kB)
4 SCA	Install pip-audit	2026-10-07T13:46:07.9581873Z Downloading py_serializable-2.1.0-py3-none-any.whl (23 kB)
4 SCA	Install pip-audit	2026-10-07T13:46:07.9634700Z Downloading defusedxml-0.7.1-py2.py3-none-any.whl (25 kB)
4 SCA	Install pip-audit	2026-10-07T13:46:07.9687730Z Downloading sortedcontainers-2.4.0-py2.py3-none-any.whl (29 kB)
4 SCA	Install pip-audit	2026-10-07T13:46:07.9740932Z Downloading boolean_py-5.0-py3-none-any.whl (26 kB)
4 SCA	Install pip-audit	2026-10-07T13:46:07.9801098Z Downloading cachecontrol-0.14.4-py3-none-any.whl (22 kB)
4 SCA	Install pip-audit	2026-10-07T13:46:07.9855257Z Downloading msgpack-1.2.3-cp313-cp313-manylinux2014_x86_64.manylinux_2_17_x86_64.manylinux_2_28_x86_64.whl (466 kB)
4 SCA	Install pip-audit	2026-10-07T13:46:07.9919594Z Downloading filelock-4.0.12-py3-none-any.whl (111 kB)
4 SCA	Install pip-audit	2026-10-07T13:46:07.9974544Z Downloading packaging-26.3-py3-none-any.whl (129 kB)
4 SCA	Install pip-audit	2026-10-07T13:46:08.0030531Z Downloading pip_api-0.0.35-py3-none-any.whl (123 kB)
4 SCA	Install pip-audit	2026-10-07T13:46:08.0087143Z Downloading pip_requirements_parser-32.0.1-py3-none-any.whl (35 kB)
4 SCA	Install pip-audit	2026-10-07T13:46:08.0144368Z Downloading platformdirs-4.12.3-py3-none-any.whl (32 kB)
4 SCA	Install pip-audit	2026-10-07T13:46:08.0201676Z Downloading requests-2.34.2-py3-none-any.whl (73 kB)
4 SCA	Install pip-audit	2026-10-07T13:46:08.0270768Z Downloading charset_normalizer-3.5.2-cp313-cp313-manylinux2014_x86_64.manylinux_2_17_x86_64.manylinux_2_28_x86_64.whl (254 kB)
4 SCA	Install pip-audit	2026-10-07T13:46:08.0329359Z Downloading idna-3.20-py3-none-any.whl (69 kB)
4 SCA	Install pip-audit	2026-10-07T13:46:08.0384512Z Downloading urllib3-2.8.0-py3-none-any.whl (135 kB)
4 SCA	Install pip-audit	2026-10-07T13:46:08.0441654Z Downloading certifi-2026.7.22-py3-none-any.whl (136 kB)
4 SCA	Install pip-audit	2026-10-07T13:46:08.0496864Z Downloading rich-15.0.0-py3-none-any.whl (310 kB)
4 SCA	Install pip-audit	2026-10-07T13:46:08.0559721Z Downloading pygments-2.21.0-py3-none-any.whl (1.3 MB)
4 SCA	Install pip-audit	2026-10-07T13:46:08.0640881Z    ━━━━━━━━━━━━━━━━━━━━━━━━━━━━━━━━━━━━━━━━ 1.3/1.3 MB 167.8 MB/s  0:00:00
4 SCA	Install pip-audit	2026-10-07T13:46:08.0682872Z Downloading markdown_it_py-4.2.0-py3-none-any.whl (91 kB)
4 SCA	Install pip-audit	2026-10-07T13:46:08.0752539Z Downloading mdurl-0.1.2-py3-none-any.whl (10.0 kB)
4 SCA	Install pip-audit	2026-10-07T13:46:08.0809553Z Downloading tomli-2.5.0-cp313-cp313-manylinux2014_x86_64.manylinux_2_17_x86_64.manylinux_2_28_x86_64.whl (283 kB)
4 SCA	Install pip-audit	2026-10-07T13:46:08.0868572Z Downloading tomli_w-1.2.0-py3-none-any.whl (6.7 kB)
4 SCA	Install pip-audit	2026-10-07T13:46:08.0921469Z Downloading pyparsing-3.3.3-py3-none-any.whl (126 kB)
4 SCA	Install pip-audit	2026-10-07T13:46:08.3225427Z Installing collected packages: sortedcontainers, boolean.py, urllib3, tomli-w, tomli, pyparsing, pygments, platformdirs, pip-api, packaging, packageurl-python, msgpack, mdurl, license-expression, idna, filelock, defusedxml, charset_normalizer, certifi, requests, py-serializable, pip-requirements-parser, markdown-it-py, rich, cyclonedx-python-lib, CacheControl, pip-audit
4 SCA	Install pip-audit	2026-10-07T13:46:10.3338780Z 
4 SCA	Install pip-audit	2026-10-07T13:46:10.3373801Z Successfully installed CacheControl-0.14.4 boolean.py-5.0 certifi-2026.7.22 charset_normalizer-3.5.2 cyclonedx-python-lib-11.12.0 defusedxml-0.7.1 filelock-4.0.12 idna-3.20 license-expression-30.4.4 markdown-it-py-4.2.0 mdurl-0.1.2 msgpack-1.2.3 packageurl-python-0.17.6 packaging-26.3 pip-api-0.0.35 pip-audit-2.10.1 pip-requirements-parser-32.0.1 platformdirs-4.12.3 py-serializable-2.1.0 pygments-2.21.0 pyparsing-3.3.3 requests-2.34.2 rich-15.0.0 sortedcontainers-2.4.0 tomli-2.5.0 tomli-w-1.2.0 urllib3-2.8.0
4 SCA	Audit the pinned dependencies with pip-audit	﻿2026-10-07T13:46:10.4197269Z ##[group]Run set -o pipefail
4 SCA	Audit the pinned dependencies with pip-audit	2026-10-07T13:46:10.4197601Z [36;1mset -o pipefail[0m
4 SCA	Audit the pinned dependencies with pip-audit	2026-10-07T13:46:10.4197839Z [36;1mmkdir -p reports[0m
4 SCA	Audit the pinned dependencies with pip-audit	2026-10-07T13:46:10.4198204Z [36;1mpip-audit -r requirements.txt --no-deps | tee reports/pip-audit.txt[0m
4 SCA	Audit the pinned dependencies with pip-audit	2026-10-07T13:46:10.4262240Z shell: /usr/bin/bash --noprofile --norc -e -o pipefail {0}
4 SCA	Audit the pinned dependencies with pip-audit	2026-10-07T13:46:10.4262593Z env:
4 SCA	Audit the pinned dependencies with pip-audit	2026-10-07T13:46:10.4262799Z   APP_DIR: labs/17-devsecops
4 SCA	Audit the pinned dependencies with pip-audit	2026-10-07T13:46:10.4263054Z   IMAGE_NAME: claim-check-api
4 SCA	Audit the pinned dependencies with pip-audit	2026-10-07T13:46:10.4263301Z   TRIVY_VERSION: 0.75.0
4 SCA	Audit the pinned dependencies with pip-audit	2026-10-07T13:46:10.4263528Z   GITLEAKS_VERSION: 8.30.1
4 SCA	Audit the pinned dependencies with pip-audit	2026-10-07T13:46:10.4263770Z   PYTHON_VERSION: 3.13
4 SCA	Audit the pinned dependencies with pip-audit	2026-10-07T13:46:10.4264052Z   pythonLocation: /opt/hostedtoolcache/Python/3.13.15/x64
4 SCA	Audit the pinned dependencies with pip-audit	2026-10-07T13:46:10.4264487Z   PKG_CONFIG_PATH: /opt/hostedtoolcache/Python/3.13.15/x64/lib/pkgconfig
4 SCA	Audit the pinned dependencies with pip-audit	2026-10-07T13:46:10.4264909Z   Python_ROOT_DIR: /opt/hostedtoolcache/Python/3.13.15/x64
4 SCA	Audit the pinned dependencies with pip-audit	2026-10-07T13:46:10.4265305Z   Python2_ROOT_DIR: /opt/hostedtoolcache/Python/3.13.15/x64
4 SCA	Audit the pinned dependencies with pip-audit	2026-10-07T13:46:10.4265729Z   Python3_ROOT_DIR: /opt/hostedtoolcache/Python/3.13.15/x64
4 SCA	Audit the pinned dependencies with pip-audit	2026-10-07T13:46:10.4266118Z   LD_LIBRARY_PATH: /opt/hostedtoolcache/Python/3.13.15/x64/lib
4 SCA	Audit the pinned dependencies with pip-audit	2026-10-07T13:46:10.4266443Z ##[endgroup]
4 SCA	Audit the pinned dependencies with pip-audit	2026-10-07T13:46:11.6216711Z WARNING:pip_audit._cli:--no-deps is supported, but users are encouraged to fully hash their pinned dependencies
4 SCA	Audit the pinned dependencies with pip-audit	2026-10-07T13:46:11.6219132Z WARNING:pip_audit._cli:Consider using a tool like `pip-compile`: https://pip-tools.readthedocs.io/en/latest/#using-hashes
4 SCA	Audit the pinned dependencies with pip-audit	2026-10-07T13:46:16.4795322Z Found 51 known vulnerabilities in 7 packages
4 SCA	Audit the pinned dependencies with pip-audit	2026-10-07T13:46:16.4801700Z Name     Version  ID              Fix Versions
4 SCA	Audit the pinned dependencies with pip-audit	2026-10-07T13:46:16.4802301Z -------- -------- --------------- -------------
4 SCA	Audit the pinned dependencies with pip-audit	2026-10-07T13:46:16.4802810Z flask    3.0.0    PYSEC-2026-2151 3.1.3
4 SCA	Audit the pinned dependencies with pip-audit	2026-10-07T13:46:16.4803378Z flask    3.0.0    PYSEC-2026-2151 3.1.3
4 SCA	Audit the pinned dependencies with pip-audit	2026-10-07T13:46:16.4803923Z werkzeug 3.0.1    PYSEC-2026-2043 3.0.3
4 SCA	Audit the pinned dependencies with pip-audit	2026-10-07T13:46:16.4804451Z werkzeug 3.0.1    PYSEC-2026-2045 3.0.6
4 SCA	Audit the pinned dependencies with pip-audit	2026-10-07T13:46:16.4804991Z werkzeug 3.0.1    PYSEC-2026-1860 3.0.6
4 SCA	Audit the pinned dependencies with pip-audit	2026-10-07T13:46:16.4805467Z werkzeug 3.0.1    PYSEC-2026-2046 3.1.4
4 SCA	Audit the pinned dependencies with pip-audit	2026-10-07T13:46:16.4805958Z werkzeug 3.0.1    PYSEC-2026-2044 3.1.5
4 SCA	Audit the pinned dependencies with pip-audit	2026-10-07T13:46:16.4806473Z werkzeug 3.0.1    PYSEC-2026-2320 3.1.6
4 SCA	Audit the pinned dependencies with pip-audit	2026-10-07T13:46:16.4806992Z werkzeug 3.0.1    PYSEC-2026-2045 3.0.6
4 SCA	Audit the pinned dependencies with pip-audit	2026-10-07T13:46:16.4807484Z werkzeug 3.0.1    PYSEC-2026-2046 3.1.4
4 SCA	Audit the pinned dependencies with pip-audit	2026-10-07T13:46:16.4807995Z werkzeug 3.0.1    PYSEC-2026-2044 3.1.5
4 SCA	Audit the pinned dependencies with pip-audit	2026-10-07T13:46:16.4808493Z werkzeug 3.0.1    PYSEC-2026-2043 3.0.3
4 SCA	Audit the pinned dependencies with pip-audit	2026-10-07T13:46:16.4808978Z werkzeug 3.0.1    PYSEC-2026-2320 3.1.6
4 SCA	Audit the pinned dependencies with pip-audit	2026-10-07T13:46:16.4810182Z werkzeug 3.0.1    PYSEC-2026-3417 3.0.6
4 SCA	Audit the pinned dependencies with pip-audit	2026-10-07T13:46:16.4810685Z werkzeug 3.0.1    CVE-2026-102598 3.1.9
4 SCA	Audit the pinned dependencies with pip-audit	2026-10-07T13:46:16.4811164Z jinja2   3.1.3    PYSEC-2026-1474 3.1.4
4 SCA	Audit the pinned dependencies with pip-audit	2026-10-07T13:46:16.4811621Z jinja2   3.1.3    PYSEC-2026-1475 3.1.5
4 SCA	Audit the pinned dependencies with pip-audit	2026-10-07T13:46:16.4812075Z jinja2   3.1.3    PYSEC-2026-1472 3.1.5
4 SCA	Audit the pinned dependencies with pip-audit	2026-10-07T13:46:16.4812525Z jinja2   3.1.3    PYSEC-2026-1471 3.1.6
4 SCA	Audit the pinned dependencies with pip-audit	2026-10-07T13:46:16.4812989Z jinja2   3.1.3    PYSEC-2026-1471 3.1.6
4 SCA	Audit the pinned dependencies with pip-audit	2026-10-07T13:46:16.4813434Z jinja2   3.1.3    PYSEC-2026-1474 3.1.4
4 SCA	Audit the pinned dependencies with pip-audit	2026-10-07T13:46:16.4813906Z jinja2   3.1.3    PYSEC-2026-1475 3.1.5
4 SCA	Audit the pinned dependencies with pip-audit	2026-10-07T13:46:16.4814354Z jinja2   3.1.3    PYSEC-2026-1472 3.1.5
4 SCA	Audit the pinned dependencies with pip-audit	2026-10-07T13:46:16.4814811Z requests 2.31.0   PYSEC-2026-1873 2.32.0
4 SCA	Audit the pinned dependencies with pip-audit	2026-10-07T13:46:16.4815286Z requests 2.31.0   PYSEC-2026-1872 2.32.4
4 SCA	Audit the pinned dependencies with pip-audit	2026-10-07T13:46:16.4815749Z requests 2.31.0   PYSEC-2026-2275 2.33.0
4 SCA	Audit the pinned dependencies with pip-audit	2026-10-07T13:46:16.4816222Z requests 2.31.0   PYSEC-2026-1873 2.32.0
4 SCA	Audit the pinned dependencies with pip-audit	2026-10-07T13:46:16.4816682Z requests 2.31.0   PYSEC-2026-1872 2.32.4
4 SCA	Audit the pinned dependencies with pip-audit	2026-10-07T13:46:16.4817155Z requests 2.31.0   PYSEC-2026-2275 2.33.0
4 SCA	Audit the pinned dependencies with pip-audit	2026-10-07T13:46:16.4817643Z urllib3  2.0.7    PYSEC-2026-1995 1.26.19,2.2.2
4 SCA	Audit the pinned dependencies with pip-audit	2026-10-07T13:46:16.4818142Z urllib3  2.0.7    PYSEC-2026-1999 2.5.0
4 SCA	Audit the pinned dependencies with pip-audit	2026-10-07T13:46:16.4818596Z urllib3  2.0.7    PYSEC-2026-1998 2.6.0
4 SCA	Audit the pinned dependencies with pip-audit	2026-10-07T13:46:16.4819052Z urllib3  2.0.7    PYSEC-2026-1994 2.6.0
4 SCA	Audit the pinned dependencies with pip-audit	2026-10-07T13:46:16.4819874Z urllib3  2.0.7    PYSEC-2026-1996 2.6.3
4 SCA	Audit the pinned dependencies with pip-audit	2026-10-07T13:46:16.4820446Z urllib3  2.0.7    PYSEC-2026-141  2.7.0
4 SCA	Audit the pinned dependencies with pip-audit	2026-10-07T13:46:16.4820725Z urllib3  2.0.7    PYSEC-2026-141  2.7.0
4 SCA	Audit the pinned dependencies with pip-audit	2026-10-07T13:46:16.4821011Z urllib3  2.0.7    PYSEC-2026-1999 2.5.0
4 SCA	Audit the pinned dependencies with pip-audit	2026-10-07T13:46:16.4821274Z urllib3  2.0.7    PYSEC-2026-1998 2.6.0
4 SCA	Audit the pinned dependencies with pip-audit	2026-10-07T13:46:16.4821549Z urllib3  2.0.7    PYSEC-2026-1995 1.26.19,2.2.2
4 SCA	Audit the pinned dependencies with pip-audit	2026-10-07T13:46:16.4821835Z urllib3  2.0.7    PYSEC-2026-1994 2.6.0
4 SCA	Audit the pinned dependencies with pip-audit	2026-10-07T13:46:16.4822094Z urllib3  2.0.7    PYSEC-2026-1996 2.6.3
4 SCA	Audit the pinned dependencies with pip-audit	2026-10-07T13:46:16.4822351Z urllib3  2.0.7    PYSEC-2026-4177 2.8.0
4 SCA	Audit the pinned dependencies with pip-audit	2026-10-07T13:46:16.4822624Z urllib3  2.0.7    PYSEC-2026-4175 2.8.0
4 SCA	Audit the pinned dependencies with pip-audit	2026-10-07T13:46:16.4822905Z certifi  2023.5.7 PYSEC-2023-135  2023.7.22
4 SCA	Audit the pinned dependencies with pip-audit	2026-10-07T13:46:16.4823206Z certifi  2023.5.7 PYSEC-2023-135  2023.7.22
4 SCA	Audit the pinned dependencies with pip-audit	2026-10-07T13:46:16.4823486Z certifi  2023.5.7 PYSEC-2024-230  2024.7.4
4 SCA	Audit the pinned dependencies with pip-audit	2026-10-07T13:46:16.4823764Z certifi  2023.5.7 PYSEC-2024-230  2024.7.4
4 SCA	Audit the pinned dependencies with pip-audit	2026-10-07T13:46:16.4824033Z gunicorn 20.0.4   PYSEC-2026-1434 22.0.0
4 SCA	Audit the pinned dependencies with pip-audit	2026-10-07T13:46:16.4824310Z gunicorn 20.0.4   PYSEC-2026-1433 22.0.0
4 SCA	Audit the pinned dependencies with pip-audit	2026-10-07T13:46:16.4824574Z gunicorn 20.0.4   PYSEC-2026-1434 22.0.0
4 SCA	Audit the pinned dependencies with pip-audit	2026-10-07T13:46:16.4824832Z gunicorn 20.0.4   PYSEC-2026-1433 22.0.0
4 SCA	Audit the pinned dependencies with pip-audit	2026-10-07T13:46:16.5352511Z ##[error]Process completed with exit code 1.
4 SCA	Upload the SCA report	﻿2026-10-07T13:46:16.5460788Z ##[group]Run actions/upload-artifact@v4
4 SCA	Upload the SCA report	2026-10-07T13:46:16.5461113Z with:
4 SCA	Upload the SCA report	2026-10-07T13:46:16.5461310Z   name: sca-report
4 SCA	Upload the SCA report	2026-10-07T13:46:16.5461537Z   path: labs/17-devsecops/reports
4 SCA	Upload the SCA report	2026-10-07T13:46:16.5461791Z   retention-days: 7
4 SCA	Upload the SCA report	2026-10-07T13:46:16.5462006Z   if-no-files-found: warn
4 SCA	Upload the SCA report	2026-10-07T13:46:16.5462262Z   compression-level: 6
4 SCA	Upload the SCA report	2026-10-07T13:46:16.5462474Z   overwrite: false
4 SCA	Upload the SCA report	2026-10-07T13:46:16.5462688Z   include-hidden-files: false
4 SCA	Upload the SCA report	2026-10-07T13:46:16.5462920Z env:
4 SCA	Upload the SCA report	2026-10-07T13:46:16.5463110Z   APP_DIR: labs/17-devsecops
4 SCA	Upload the SCA report	2026-10-07T13:46:16.5463351Z   IMAGE_NAME: claim-check-api
4 SCA	Upload the SCA report	2026-10-07T13:46:16.5463586Z   TRIVY_VERSION: 0.75.0
4 SCA	Upload the SCA report	2026-10-07T13:46:16.5463810Z   GITLEAKS_VERSION: 8.30.1
4 SCA	Upload the SCA report	2026-10-07T13:46:16.5464037Z   PYTHON_VERSION: 3.13
4 SCA	Upload the SCA report	2026-10-07T13:46:16.5464317Z   pythonLocation: /opt/hostedtoolcache/Python/3.13.15/x64
4 SCA	Upload the SCA report	2026-10-07T13:46:16.5464750Z   PKG_CONFIG_PATH: /opt/hostedtoolcache/Python/3.13.15/x64/lib/pkgconfig
4 SCA	Upload the SCA report	2026-10-07T13:46:16.5465181Z   Python_ROOT_DIR: /opt/hostedtoolcache/Python/3.13.15/x64
4 SCA	Upload the SCA report	2026-10-07T13:46:16.5465599Z   Python2_ROOT_DIR: /opt/hostedtoolcache/Python/3.13.15/x64
4 SCA	Upload the SCA report	2026-10-07T13:46:16.5465980Z   Python3_ROOT_DIR: /opt/hostedtoolcache/Python/3.13.15/x64
4 SCA	Upload the SCA report	2026-10-07T13:46:16.5466364Z   LD_LIBRARY_PATH: /opt/hostedtoolcache/Python/3.13.15/x64/lib
4 SCA	Upload the SCA report	2026-10-07T13:46:16.5466889Z ##[endgroup]
4 SCA	Upload the SCA report	2026-10-07T13:46:16.7213392Z (node:2460) [DEP0040] DeprecationWarning: The `punycode` module is deprecated. Please use a userland alternative instead.
4 SCA	Upload the SCA report	2026-10-07T13:46:16.7214393Z (Use `node --trace-deprecation ...` to show where the warning was created)
4 SCA	Upload the SCA report	2026-10-07T13:46:16.7288028Z With the provided path, there will be 1 file uploaded
4 SCA	Upload the SCA report	2026-10-07T13:46:16.7290092Z Artifact name is valid!
4 SCA	Upload the SCA report	2026-10-07T13:46:16.7290729Z Root directory input is valid!
4 SCA	Upload the SCA report	2026-10-07T13:46:16.9776250Z Beginning upload of artifact content to blob storage
4 SCA	Upload the SCA report	2026-10-07T13:46:16.9982641Z (node:2460) [DEP0169] DeprecationWarning: `url.parse()` behavior is not standardized and prone to errors that have security implications. Use the WHATWG URL API instead. CVEs are not issued for `url.parse()` vulnerabilities.
4 SCA	Upload the SCA report	2026-10-07T13:46:17.0990530Z Uploaded bytes 493
4 SCA	Upload the SCA report	2026-10-07T13:46:17.1324578Z Finished uploading artifact content to blob storage!
4 SCA	Upload the SCA report	2026-10-07T13:46:17.1326235Z SHA256 digest of uploaded artifact zip is c9c6880f62af0c08417f763b36c4f8ea1ead42324355de95f2724922104924a5
4 SCA	Upload the SCA report	2026-10-07T13:46:17.1327621Z Finalizing artifact upload
4 SCA	Upload the SCA report	2026-10-07T13:46:17.4150661Z Artifact sca-report.zip successfully finalized. Artifact ID 11486995133
4 SCA	Upload the SCA report	2026-10-07T13:46:17.4160862Z Artifact sca-report has been successfully uploaded! Final size is 493 bytes. Artifact ID is 11486995133
4 SCA	Upload the SCA report	2026-10-07T13:46:17.4162435Z Artifact download URL: https://github.com/AmanYadav7015/devops-coursework/actions/runs/37630958303/artifacts/11486995133
4 SCA	Post Checkout code	﻿2026-10-07T13:46:17.4331012Z Post job cleanup.
4 SCA	Post Checkout code	2026-10-07T13:46:17.5204218Z [command]/usr/bin/git version
4 SCA	Post Checkout code	2026-10-07T13:46:17.5251789Z git version 2.55.0
4 SCA	Post Checkout code	2026-10-07T13:46:17.5294457Z Temporarily overriding HOME='/home/runner/work/_temp/d3ea26f6-c5ee-481c-b23a-789b27c6586b' before making global git config changes
4 SCA	Post Checkout code	2026-10-07T13:46:17.5295794Z Adding repository directory to the temporary git global config as a safe directory
4 SCA	Post Checkout code	2026-10-07T13:46:17.5301275Z [command]/usr/bin/git config --global --add safe.directory /home/runner/work/devops-coursework/devops-coursework
4 SCA	Post Checkout code	2026-10-07T13:46:17.5346953Z [command]/usr/bin/git config --local --name-only --get-regexp core\.sshCommand
4 SCA	Post Checkout code	2026-10-07T13:46:17.5387249Z [command]/usr/bin/git submodule foreach --recursive sh -c "git config --local --name-only --get-regexp 'core\.sshCommand' && git config --local --unset-all 'core.sshCommand' || :"
4 SCA	Post Checkout code	2026-10-07T13:46:17.5663260Z [command]/usr/bin/git config --local --name-only --get-regexp http\.https\:\/\/github\.com\/\.extraheader
4 SCA	Post Checkout code	2026-10-07T13:46:17.5695463Z http.https://github.com/.extraheader
4 SCA	Post Checkout code	2026-10-07T13:46:17.5709981Z [command]/usr/bin/git config --local --unset-all http.https://github.com/.extraheader
4 SCA	Post Checkout code	2026-10-07T13:46:17.5750155Z [command]/usr/bin/git submodule foreach --recursive sh -c "git config --local --name-only --get-regexp 'http\.https\:\/\/github\.com\/\.extraheader' && git config --local --unset-all 'http.https://github.com/.extraheader' || :"
4 SCA	Post Checkout code	2026-10-07T13:46:17.6039180Z [command]/usr/bin/git config --local --name-only --get-regexp ^includeIf\.gitdir:
4 SCA	Post Checkout code	2026-10-07T13:46:17.6090564Z [command]/usr/bin/git submodule foreach --recursive git config --local --show-origin --name-only --get-regexp remote.origin.url
4 SCA	Complete job	﻿2026-10-07T13:46:17.6523891Z Cleaning up orphan processes
4 SCA	Complete job	2026-10-07T13:46:17.6794856Z ##[warning]Node.js 20 is deprecated. The following actions target Node.js 20 but are being forced to run on Node.js 24: actions/checkout@v4, actions/setup-python@v5, actions/upload-artifact@v4. For more information see: https://github.blog/changelog/2025-09-19-deprecation-of-node-20-on-github-actions-runners/
Pipeline summary	Set up job	﻿2026-10-07T13:46:40.4992173Z Current runner version: '2.337.0'
Pipeline summary	Set up job	2026-10-07T13:46:40.5016834Z ##[group]Runner Image Provisioner
Pipeline summary	Set up job	2026-10-07T13:46:40.5017807Z Hosted Compute Agent
Pipeline summary	Set up job	2026-10-07T13:46:40.5018402Z Version: 20260901.588
Pipeline summary	Set up job	2026-10-07T13:46:40.5019034Z Commit: f88ec8081b781fac6c440065ac7ff9e710ce3d0b
Pipeline summary	Set up job	2026-10-07T13:46:40.5019808Z Build Date: 2026-09-01T19:56:44Z
Pipeline summary	Set up job	2026-10-07T13:46:40.5020464Z Worker ID: {ae166fcc-dcea-4d7b-a81b-916b96b3ff16}
Pipeline summary	Set up job	2026-10-07T13:46:40.5021336Z Azure Region: centralus
Pipeline summary	Set up job	2026-10-07T13:46:40.5021932Z ##[endgroup]
Pipeline summary	Set up job	2026-10-07T13:46:40.5023327Z ##[group]Operating System
Pipeline summary	Set up job	2026-10-07T13:46:40.5023937Z Ubuntu
Pipeline summary	Set up job	2026-10-07T13:46:40.5024437Z 24.04.5
Pipeline summary	Set up job	2026-10-07T13:46:40.5024918Z LTS
Pipeline summary	Set up job	2026-10-07T13:46:40.5025473Z ##[endgroup]
Pipeline summary	Set up job	2026-10-07T13:46:40.5026065Z ##[group]Runner Image
Pipeline summary	Set up job	2026-10-07T13:46:40.5026652Z Image: ubuntu-24.04
Pipeline summary	Set up job	2026-10-07T13:46:40.5027193Z Version: 20260927.320.1
Pipeline summary	Set up job	2026-10-07T13:46:40.5028157Z Included Software: https://github.com/actions/runner-images/blob/ubuntu24/20260927.320/images/ubuntu/Ubuntu2404-Readme.md
Pipeline summary	Set up job	2026-10-07T13:46:40.5030198Z Image Release: https://github.com/actions/runner-images/releases/tag/ubuntu24%2F20260927.320
Pipeline summary	Set up job	2026-10-07T13:46:40.5031385Z ##[endgroup]
Pipeline summary	Set up job	2026-10-07T13:46:40.5032523Z ##[group]GITHUB_TOKEN Permissions
Pipeline summary	Set up job	2026-10-07T13:46:40.5034910Z Contents: read
Pipeline summary	Set up job	2026-10-07T13:46:40.5035517Z Metadata: read
Pipeline summary	Set up job	2026-10-07T13:46:40.5036051Z ##[endgroup]
Pipeline summary	Set up job	2026-10-07T13:46:40.5038149Z Secret source: Actions
Pipeline summary	Set up job	2026-10-07T13:46:40.5039055Z Cache mode: write
Pipeline summary	Set up job	2026-10-07T13:46:40.5039978Z Prepare workflow directory
Pipeline summary	Set up job	2026-10-07T13:46:40.5478303Z Prepare all required actions
Pipeline summary	Set up job	2026-10-07T13:46:40.5545448Z Complete job name: Pipeline summary
Pipeline summary	Print every stage result	﻿2026-10-07T13:46:40.6530507Z ##[group]Run printf '%-26s %s\n' "1 build"               "success"
Pipeline summary	Print every stage result	2026-10-07T13:46:40.6532361Z [36;1mprintf '%-26s %s\n' "1 build"               "success"[0m
Pipeline summary	Print every stage result	2026-10-07T13:46:40.6533642Z [36;1mprintf '%-26s %s\n' "2 test"                "success"[0m
Pipeline summary	Print every stage result	2026-10-07T13:46:40.6534756Z [36;1mprintf '%-26s %s\n' "3 sast"                "success"[0m
Pipeline summary	Print every stage result	2026-10-07T13:46:40.6536295Z [36;1mprintf '%-26s %s\n' "3b codeql"             "success"[0m
Pipeline summary	Print every stage result	2026-10-07T13:46:40.6537461Z [36;1mprintf '%-26s %s\n' "4 sca"                 "failure"[0m
Pipeline summary	Print every stage result	2026-10-07T13:46:40.6538688Z [36;1mprintf '%-26s %s\n' "5 secret-scan"         "skipped"[0m
Pipeline summary	Print every stage result	2026-10-07T13:46:40.6539936Z [36;1mprintf '%-26s %s\n' "6 docker-build"        "skipped"[0m
Pipeline summary	Print every stage result	2026-10-07T13:46:40.6541228Z [36;1mprintf '%-26s %s\n' "7 image-scan"          "skipped"[0m
Pipeline summary	Print every stage result	2026-10-07T13:46:40.6542490Z [36;1mprintf '%-26s %s\n' "8 security-gate"       "skipped"[0m
Pipeline summary	Print every stage result	2026-10-07T13:46:40.6543639Z [36;1mprintf '%-26s %s\n' "9 push-image"          "skipped"[0m
Pipeline summary	Print every stage result	2026-10-07T13:46:40.6544963Z [36;1mprintf '%-26s %s\n' "10 deploy"             "skipped"[0m
Pipeline summary	Print every stage result	2026-10-07T13:46:40.7233698Z shell: /usr/bin/bash --noprofile --norc -e -o pipefail {0}
Pipeline summary	Print every stage result	2026-10-07T13:46:40.7234785Z env:
Pipeline summary	Print every stage result	2026-10-07T13:46:40.7235316Z   APP_DIR: labs/17-devsecops
Pipeline summary	Print every stage result	2026-10-07T13:46:40.7236001Z   IMAGE_NAME: claim-check-api
Pipeline summary	Print every stage result	2026-10-07T13:46:40.7236639Z   TRIVY_VERSION: 0.75.0
Pipeline summary	Print every stage result	2026-10-07T13:46:40.7237289Z   GITLEAKS_VERSION: 8.30.1
Pipeline summary	Print every stage result	2026-10-07T13:46:40.7237862Z   PYTHON_VERSION: 3.13
Pipeline summary	Print every stage result	2026-10-07T13:46:40.7238388Z ##[endgroup]
Pipeline summary	Print every stage result	2026-10-07T13:46:40.7434515Z 1 build                    success
Pipeline summary	Print every stage result	2026-10-07T13:46:40.7435614Z 2 test                     success
Pipeline summary	Print every stage result	2026-10-07T13:46:40.7436567Z 3 sast                     success
Pipeline summary	Print every stage result	2026-10-07T13:46:40.7437514Z 3b codeql                  success
Pipeline summary	Print every stage result	2026-10-07T13:46:40.7438389Z 4 sca                      failure
Pipeline summary	Print every stage result	2026-10-07T13:46:40.7439237Z 5 secret-scan              skipped
Pipeline summary	Print every stage result	2026-10-07T13:46:40.7440194Z 6 docker-build             skipped
Pipeline summary	Print every stage result	2026-10-07T13:46:40.7441462Z 7 image-scan               skipped
Pipeline summary	Print every stage result	2026-10-07T13:46:40.7442383Z 8 security-gate            skipped
Pipeline summary	Print every stage result	2026-10-07T13:46:40.7443319Z 9 push-image               skipped
Pipeline summary	Print every stage result	2026-10-07T13:46:40.7444227Z 10 deploy                  skipped
Pipeline summary	Fail the pipeline when any stage failed	﻿2026-10-07T13:46:40.7617119Z ##[group]Run echo "::error::at least one stage did not pass, nothing was promoted"
Pipeline summary	Fail the pipeline when any stage failed	2026-10-07T13:46:40.7618289Z [36;1mecho "::error::at least one stage did not pass, nothing was promoted"[0m
Pipeline summary	Fail the pipeline when any stage failed	2026-10-07T13:46:40.7619282Z [36;1mexit 1[0m
Pipeline summary	Fail the pipeline when any stage failed	2026-10-07T13:46:40.7659903Z shell: /usr/bin/bash --noprofile --norc -e -o pipefail {0}
Pipeline summary	Fail the pipeline when any stage failed	2026-10-07T13:46:40.7660706Z env:
Pipeline summary	Fail the pipeline when any stage failed	2026-10-07T13:46:40.7661372Z   APP_DIR: labs/17-devsecops
Pipeline summary	Fail the pipeline when any stage failed	2026-10-07T13:46:40.7662050Z   IMAGE_NAME: claim-check-api
Pipeline summary	Fail the pipeline when any stage failed	2026-10-07T13:46:40.7662657Z   TRIVY_VERSION: 0.75.0
Pipeline summary	Fail the pipeline when any stage failed	2026-10-07T13:46:40.7663229Z   GITLEAKS_VERSION: 8.30.1
Pipeline summary	Fail the pipeline when any stage failed	2026-10-07T13:46:40.7663822Z   PYTHON_VERSION: 3.13
Pipeline summary	Fail the pipeline when any stage failed	2026-10-07T13:46:40.7664397Z ##[endgroup]
Pipeline summary	Fail the pipeline when any stage failed	2026-10-07T13:46:40.7757987Z ##[error]at least one stage did not pass, nothing was promoted
Pipeline summary	Fail the pipeline when any stage failed	2026-10-07T13:46:40.7766569Z ##[error]Process completed with exit code 1.
Pipeline summary	Complete job	﻿2026-10-07T13:46:40.7879456Z Cleaning up orphan processes
