CI / Lint	UNKNOWN STEP	﻿2026-10-07T13:11:45.3404866Z Current runner version: '2.337.0'
CI / Lint	UNKNOWN STEP	2026-10-07T13:11:45.3424337Z ##[group]Runner Image Provisioner
CI / Lint	UNKNOWN STEP	2026-10-07T13:11:45.3424932Z Hosted Compute Agent
CI / Lint	UNKNOWN STEP	2026-10-07T13:11:45.3425362Z Version: 20260901.588
CI / Lint	UNKNOWN STEP	2026-10-07T13:11:45.3425754Z Commit: f88ec8081b781fac6c440065ac7ff9e710ce3d0b
CI / Lint	UNKNOWN STEP	2026-10-07T13:11:45.3426220Z Build Date: 2026-09-01T19:56:44Z
CI / Lint	UNKNOWN STEP	2026-10-07T13:11:45.3426685Z Worker ID: {e01f086b-8d07-4f49-b833-4bb6c279ecc9}
CI / Lint	UNKNOWN STEP	2026-10-07T13:11:45.3427117Z Azure Region: centralus
CI / Lint	UNKNOWN STEP	2026-10-07T13:11:45.3427500Z ##[endgroup]
CI / Lint	UNKNOWN STEP	2026-10-07T13:11:45.3428304Z ##[group]Operating System
CI / Lint	UNKNOWN STEP	2026-10-07T13:11:45.3428708Z Ubuntu
CI / Lint	UNKNOWN STEP	2026-10-07T13:11:45.3429108Z 24.04.5
CI / Lint	UNKNOWN STEP	2026-10-07T13:11:45.3429427Z LTS
CI / Lint	UNKNOWN STEP	2026-10-07T13:11:45.3429774Z ##[endgroup]
CI / Lint	UNKNOWN STEP	2026-10-07T13:11:45.3430128Z ##[group]Runner Image
CI / Lint	UNKNOWN STEP	2026-10-07T13:11:45.3430536Z Image: ubuntu-24.04
CI / Lint	UNKNOWN STEP	2026-10-07T13:11:45.3430919Z Version: 20260927.320.1
CI / Lint	UNKNOWN STEP	2026-10-07T13:11:45.3431972Z Included Software: https://github.com/actions/runner-images/blob/ubuntu24/20260927.320/images/ubuntu/Ubuntu2404-Readme.md
CI / Lint	UNKNOWN STEP	2026-10-07T13:11:45.3432981Z Image Release: https://github.com/actions/runner-images/releases/tag/ubuntu24%2F20260927.320
CI / Lint	UNKNOWN STEP	2026-10-07T13:11:45.3433586Z ##[endgroup]
CI / Lint	UNKNOWN STEP	2026-10-07T13:11:45.3434312Z ##[group]GITHUB_TOKEN Permissions
CI / Lint	UNKNOWN STEP	2026-10-07T13:11:45.3435753Z Contents: read
CI / Lint	UNKNOWN STEP	2026-10-07T13:11:45.3436160Z Metadata: read
CI / Lint	UNKNOWN STEP	2026-10-07T13:11:45.3436542Z ##[endgroup]
CI / Lint	UNKNOWN STEP	2026-10-07T13:11:45.3438270Z Secret source: Actions
CI / Lint	UNKNOWN STEP	2026-10-07T13:11:45.3438865Z Cache mode: write
CI / Lint	UNKNOWN STEP	2026-10-07T13:11:45.3439425Z Prepare workflow directory
CI / Lint	UNKNOWN STEP	2026-10-07T13:11:45.3701007Z Prepare all required actions
CI / Lint	UNKNOWN STEP	2026-10-07T13:11:45.3735558Z Getting action download info
CI / Lint	UNKNOWN STEP	2026-10-07T13:11:45.6498806Z Download action repository 'actions/checkout@v4' (SHA:11d5960a326750d5838078e36cf38b85af677262)
CI / Lint	UNKNOWN STEP	2026-10-07T13:11:45.7568760Z Download action repository 'actions/setup-python@v5' (SHA:a26af69be951a213d495a4c3e4e4022e16d87065)
CI / Lint	UNKNOWN STEP	2026-10-07T13:11:45.9120274Z Download action repository 'actions/cache@v4' (SHA:0057852bfaa89a56745cba8c7296529d2fc39830)
CI / Lint	UNKNOWN STEP	2026-10-07T13:11:46.1479283Z Complete job name: CI / Lint
CI / Lint	UNKNOWN STEP	2026-10-07T13:11:46.1945870Z ##[group]Run actions/checkout@v4
CI / Lint	UNKNOWN STEP	2026-10-07T13:11:46.1946284Z with:
CI / Lint	UNKNOWN STEP	2026-10-07T13:11:46.1946549Z   repository: AmanYadav7015/devops-coursework
CI / Lint	UNKNOWN STEP	2026-10-07T13:11:46.1948541Z   token: ***
CI / Lint	UNKNOWN STEP	2026-10-07T13:11:46.1948776Z   ssh-strict: true
CI / Lint	UNKNOWN STEP	2026-10-07T13:11:46.1949059Z   ssh-user: git
CI / Lint	UNKNOWN STEP	2026-10-07T13:11:46.1949304Z   persist-credentials: true
CI / Lint	UNKNOWN STEP	2026-10-07T13:11:46.1949571Z   clean: true
CI / Lint	UNKNOWN STEP	2026-10-07T13:11:46.1949819Z   sparse-checkout-cone-mode: true
CI / Lint	UNKNOWN STEP	2026-10-07T13:11:46.1950101Z   fetch-depth: 1
CI / Lint	UNKNOWN STEP	2026-10-07T13:11:46.1950336Z   fetch-tags: false
CI / Lint	UNKNOWN STEP	2026-10-07T13:11:46.1950577Z   show-progress: true
CI / Lint	UNKNOWN STEP	2026-10-07T13:11:46.1950821Z   lfs: false
CI / Lint	UNKNOWN STEP	2026-10-07T13:11:46.1951044Z   submodules: false
CI / Lint	UNKNOWN STEP	2026-10-07T13:11:46.1951292Z   set-safe-directory: true
CI / Lint	UNKNOWN STEP	2026-10-07T13:11:46.1951752Z   allow-unsafe-pr-checkout: false
CI / Lint	UNKNOWN STEP	2026-10-07T13:11:46.1952120Z env:
CI / Lint	UNKNOWN STEP	2026-10-07T13:11:46.1952351Z   APP_DIR: labs/16-github-actions
CI / Lint	UNKNOWN STEP	2026-10-07T13:11:46.1952638Z   IMAGE_NAME: yatri-fare-api
CI / Lint	UNKNOWN STEP	2026-10-07T13:11:46.1952920Z ##[endgroup]
CI / Lint	UNKNOWN STEP	2026-10-07T13:11:46.2675982Z Syncing repository: AmanYadav7015/devops-coursework
CI / Lint	UNKNOWN STEP	2026-10-07T13:11:46.2677441Z ##[group]Getting Git version info
CI / Lint	UNKNOWN STEP	2026-10-07T13:11:46.2678132Z Working directory is '/home/runner/work/devops-coursework/devops-coursework'
CI / Lint	UNKNOWN STEP	2026-10-07T13:11:46.2679116Z [command]/usr/bin/git version
CI / Lint	UNKNOWN STEP	2026-10-07T13:11:46.2736320Z git version 2.55.0
CI / Lint	UNKNOWN STEP	2026-10-07T13:11:46.2752202Z ##[endgroup]
CI / Lint	UNKNOWN STEP	2026-10-07T13:11:46.2764452Z Temporarily overriding HOME='/home/runner/work/_temp/786a1da8-ed12-4262-8fae-06ef37c73ebc' before making global git config changes
CI / Lint	UNKNOWN STEP	2026-10-07T13:11:46.2765762Z Adding repository directory to the temporary git global config as a safe directory
CI / Lint	UNKNOWN STEP	2026-10-07T13:11:46.2768356Z [command]/usr/bin/git config --global --add safe.directory /home/runner/work/devops-coursework/devops-coursework
CI / Lint	UNKNOWN STEP	2026-10-07T13:11:46.2812895Z Deleting the contents of '/home/runner/work/devops-coursework/devops-coursework'
CI / Lint	UNKNOWN STEP	2026-10-07T13:11:46.2815505Z ##[group]Initializing the repository
CI / Lint	UNKNOWN STEP	2026-10-07T13:11:46.2818128Z [command]/usr/bin/git init /home/runner/work/devops-coursework/devops-coursework
CI / Lint	UNKNOWN STEP	2026-10-07T13:11:46.2902178Z hint: Using 'master' as the name for the initial branch. This default branch name
CI / Lint	UNKNOWN STEP	2026-10-07T13:11:46.2903135Z hint: will change to "main" in Git 3.0. To configure the initial branch name
CI / Lint	UNKNOWN STEP	2026-10-07T13:11:46.2903972Z hint: to use in all of your new repositories, which will suppress this warning,
CI / Lint	UNKNOWN STEP	2026-10-07T13:11:46.2904620Z hint: call:
CI / Lint	UNKNOWN STEP	2026-10-07T13:11:46.2904964Z hint:
CI / Lint	UNKNOWN STEP	2026-10-07T13:11:46.2905414Z hint: 	git config --global init.defaultBranch <name>
CI / Lint	UNKNOWN STEP	2026-10-07T13:11:46.2905934Z hint:
CI / Lint	UNKNOWN STEP	2026-10-07T13:11:46.2906457Z hint: Names commonly chosen instead of 'master' are 'main', 'trunk' and
CI / Lint	UNKNOWN STEP	2026-10-07T13:11:46.2907281Z hint: 'development'. The just-created branch can be renamed via this command:
CI / Lint	UNKNOWN STEP	2026-10-07T13:11:46.2907934Z hint:
CI / Lint	UNKNOWN STEP	2026-10-07T13:11:46.2908285Z hint: 	git branch -m <name>
CI / Lint	UNKNOWN STEP	2026-10-07T13:11:46.2908680Z hint:
CI / Lint	UNKNOWN STEP	2026-10-07T13:11:46.2909284Z hint: Disable this message with "git config set advice.defaultBranchName false"
CI / Lint	UNKNOWN STEP	2026-10-07T13:11:46.2910288Z Initialized empty Git repository in /home/runner/work/devops-coursework/devops-coursework/.git/
CI / Lint	UNKNOWN STEP	2026-10-07T13:11:46.2914640Z [command]/usr/bin/git remote add origin https://github.com/AmanYadav7015/devops-coursework
CI / Lint	UNKNOWN STEP	2026-10-07T13:11:46.2968656Z ##[endgroup]
CI / Lint	UNKNOWN STEP	2026-10-07T13:11:46.2969322Z ##[group]Disabling automatic garbage collection
CI / Lint	UNKNOWN STEP	2026-10-07T13:11:46.2972187Z [command]/usr/bin/git config --local gc.auto 0
CI / Lint	UNKNOWN STEP	2026-10-07T13:11:46.3007063Z ##[endgroup]
CI / Lint	UNKNOWN STEP	2026-10-07T13:11:46.3007696Z ##[group]Setting up auth
CI / Lint	UNKNOWN STEP	2026-10-07T13:11:46.3013293Z [command]/usr/bin/git config --local --name-only --get-regexp core\.sshCommand
CI / Lint	UNKNOWN STEP	2026-10-07T13:11:46.3043272Z [command]/usr/bin/git submodule foreach --recursive sh -c "git config --local --name-only --get-regexp 'core\.sshCommand' && git config --local --unset-all 'core.sshCommand' || :"
CI / Lint	UNKNOWN STEP	2026-10-07T13:11:46.3357109Z [command]/usr/bin/git config --local --name-only --get-regexp http\.https\:\/\/github\.com\/\.extraheader
CI / Lint	UNKNOWN STEP	2026-10-07T13:11:46.3389111Z [command]/usr/bin/git submodule foreach --recursive sh -c "git config --local --name-only --get-regexp 'http\.https\:\/\/github\.com\/\.extraheader' && git config --local --unset-all 'http.https://github.com/.extraheader' || :"
CI / Lint	UNKNOWN STEP	2026-10-07T13:11:46.3566483Z [command]/usr/bin/git config --local --name-only --get-regexp ^includeIf\.gitdir:
CI / Lint	UNKNOWN STEP	2026-10-07T13:11:46.3596367Z [command]/usr/bin/git submodule foreach --recursive git config --local --show-origin --name-only --get-regexp remote.origin.url
CI / Lint	UNKNOWN STEP	2026-10-07T13:11:46.3775766Z [command]/usr/bin/git config --local http.https://github.com/.extraheader AUTHORIZATION: basic ***
CI / Lint	UNKNOWN STEP	2026-10-07T13:11:46.3813952Z ##[endgroup]
CI / Lint	UNKNOWN STEP	2026-10-07T13:11:46.3814442Z ##[group]Fetching the repository
CI / Lint	UNKNOWN STEP	2026-10-07T13:11:46.3823232Z [command]/usr/bin/git -c protocol.version=2 fetch --no-tags --prune --no-recurse-submodules --depth=1 origin +ff4c890fc6cd98e07b5123736952414018cc66df:refs/remotes/origin/session-16-ci
CI / Lint	UNKNOWN STEP	2026-10-07T13:11:47.3443862Z From https://github.com/AmanYadav7015/devops-coursework
CI / Lint	UNKNOWN STEP	2026-10-07T13:11:47.3445269Z  * [new ref]         ff4c890fc6cd98e07b5123736952414018cc66df -> origin/session-16-ci
CI / Lint	UNKNOWN STEP	2026-10-07T13:11:47.3447794Z ##[endgroup]
CI / Lint	UNKNOWN STEP	2026-10-07T13:11:47.3448423Z ##[group]Determining the checkout info
CI / Lint	UNKNOWN STEP	2026-10-07T13:11:47.3449297Z ##[endgroup]
CI / Lint	UNKNOWN STEP	2026-10-07T13:11:47.3455883Z [command]/usr/bin/git sparse-checkout disable
CI / Lint	UNKNOWN STEP	2026-10-07T13:11:47.3511208Z [command]/usr/bin/git config --local --unset-all extensions.worktreeConfig
CI / Lint	UNKNOWN STEP	2026-10-07T13:11:47.3543063Z ##[group]Checking out the ref
CI / Lint	UNKNOWN STEP	2026-10-07T13:11:47.3547713Z [command]/usr/bin/git checkout --progress --force -B session-16-ci refs/remotes/origin/session-16-ci
CI / Lint	UNKNOWN STEP	2026-10-07T13:11:47.4458623Z Switched to a new branch 'session-16-ci'
CI / Lint	UNKNOWN STEP	2026-10-07T13:11:47.4459983Z branch 'session-16-ci' set up to track 'origin/session-16-ci'.
CI / Lint	UNKNOWN STEP	2026-10-07T13:11:47.4469826Z ##[endgroup]
CI / Lint	UNKNOWN STEP	2026-10-07T13:11:47.4509743Z [command]/usr/bin/git log -1 --format=%H
CI / Lint	UNKNOWN STEP	2026-10-07T13:11:47.4533492Z ff4c890fc6cd98e07b5123736952414018cc66df
CI / Lint	UNKNOWN STEP	2026-10-07T13:11:47.4786618Z ##[group]Run actions/setup-python@v5
CI / Lint	UNKNOWN STEP	2026-10-07T13:11:47.4787409Z with:
CI / Lint	UNKNOWN STEP	2026-10-07T13:11:47.4787998Z   python-version: 3.12
CI / Lint	UNKNOWN STEP	2026-10-07T13:11:47.4788654Z   check-latest: false
CI / Lint	UNKNOWN STEP	2026-10-07T13:11:47.4793584Z   token: ***
CI / Lint	UNKNOWN STEP	2026-10-07T13:11:47.4794211Z   update-environment: true
CI / Lint	UNKNOWN STEP	2026-10-07T13:11:47.4794909Z   allow-prereleases: false
CI / Lint	UNKNOWN STEP	2026-10-07T13:11:47.4795579Z   freethreaded: false
CI / Lint	UNKNOWN STEP	2026-10-07T13:11:47.4796199Z env:
CI / Lint	UNKNOWN STEP	2026-10-07T13:11:47.4796787Z   APP_DIR: labs/16-github-actions
CI / Lint	UNKNOWN STEP	2026-10-07T13:11:47.4797493Z   IMAGE_NAME: yatri-fare-api
CI / Lint	UNKNOWN STEP	2026-10-07T13:11:47.4798131Z ##[endgroup]
CI / Lint	UNKNOWN STEP	2026-10-07T13:11:47.5664599Z ##[group]Installed versions
CI / Lint	UNKNOWN STEP	2026-10-07T13:11:47.5734847Z (node:2132) [DEP0040] DeprecationWarning: The `punycode` module is deprecated. Please use a userland alternative instead.
CI / Lint	UNKNOWN STEP	2026-10-07T13:11:47.5737662Z (Use `node --trace-deprecation ...` to show where the warning was created)
CI / Lint	UNKNOWN STEP	2026-10-07T13:11:47.5747240Z Successfully set up CPython (3.12.14)
CI / Lint	UNKNOWN STEP	2026-10-07T13:11:47.5748752Z ##[endgroup]
CI / Lint	UNKNOWN STEP	2026-10-07T13:11:47.6337508Z ##[group]Run actions/cache@v4
CI / Lint	UNKNOWN STEP	2026-10-07T13:11:47.6338175Z with:
CI / Lint	UNKNOWN STEP	2026-10-07T13:11:47.6338693Z   path: ~/.cache/pip
CI / Lint	UNKNOWN STEP	2026-10-07T13:11:47.6339632Z   key: Linux-pip-lint-a3a5c8adb68fa7ecbb63a699b6d8e740c42d189567bf6ae26489173e52d15171
CI / Lint	UNKNOWN STEP	2026-10-07T13:11:47.6340722Z   restore-keys: Linux-pip-lint-
CI / Lint	UNKNOWN STEP	
CI / Lint	UNKNOWN STEP	2026-10-07T13:11:47.6341556Z   enableCrossOsArchive: false
CI / Lint	UNKNOWN STEP	2026-10-07T13:11:47.6342201Z   fail-on-cache-miss: false
CI / Lint	UNKNOWN STEP	2026-10-07T13:11:47.6342804Z   lookup-only: false
CI / Lint	UNKNOWN STEP	2026-10-07T13:11:47.6343367Z   save-always: false
CI / Lint	UNKNOWN STEP	2026-10-07T13:11:47.6343920Z env:
CI / Lint	UNKNOWN STEP	2026-10-07T13:11:47.6344471Z   APP_DIR: labs/16-github-actions
CI / Lint	UNKNOWN STEP	2026-10-07T13:11:47.6345122Z   IMAGE_NAME: yatri-fare-api
CI / Lint	UNKNOWN STEP	2026-10-07T13:11:47.6345866Z   pythonLocation: /opt/hostedtoolcache/Python/3.12.14/x64
CI / Lint	UNKNOWN STEP	2026-10-07T13:11:47.6346878Z   PKG_CONFIG_PATH: /opt/hostedtoolcache/Python/3.12.14/x64/lib/pkgconfig
CI / Lint	UNKNOWN STEP	2026-10-07T13:11:47.6347859Z   Python_ROOT_DIR: /opt/hostedtoolcache/Python/3.12.14/x64
CI / Lint	UNKNOWN STEP	2026-10-07T13:11:47.6348807Z   Python2_ROOT_DIR: /opt/hostedtoolcache/Python/3.12.14/x64
CI / Lint	UNKNOWN STEP	2026-10-07T13:11:47.6349721Z   Python3_ROOT_DIR: /opt/hostedtoolcache/Python/3.12.14/x64
CI / Lint	UNKNOWN STEP	2026-10-07T13:11:47.6350638Z   LD_LIBRARY_PATH: /opt/hostedtoolcache/Python/3.12.14/x64/lib
CI / Lint	UNKNOWN STEP	2026-10-07T13:11:47.6351543Z ##[endgroup]
CI / Lint	UNKNOWN STEP	2026-10-07T13:11:47.7074552Z (node:2152) [DEP0040] DeprecationWarning: The `punycode` module is deprecated. Please use a userland alternative instead.
CI / Lint	UNKNOWN STEP	2026-10-07T13:11:47.7076337Z (Use `node --trace-deprecation ...` to show where the warning was created)
CI / Lint	UNKNOWN STEP	2026-10-07T13:11:47.9040010Z Cache hit for: Linux-pip-lint-a3a5c8adb68fa7ecbb63a699b6d8e740c42d189567bf6ae26489173e52d15171
CI / Lint	UNKNOWN STEP	2026-10-07T13:11:47.9158289Z (node:2152) [DEP0169] DeprecationWarning: `url.parse()` behavior is not standardized and prone to errors that have security implications. Use the WHATWG URL API instead. CVEs are not issued for `url.parse()` vulnerabilities.
CI / Lint	UNKNOWN STEP	2026-10-07T13:11:48.2262375Z Received 253402 of 253402 (100.0%), 1.5 MBs/sec
CI / Lint	UNKNOWN STEP	2026-10-07T13:11:48.2263326Z Cache Size: ~0 MB (253402 B)
CI / Lint	UNKNOWN STEP	2026-10-07T13:11:48.2281993Z [command]/usr/bin/tar -xf /home/runner/work/_temp/6afda8c7-4400-4327-af44-18f355f2a729/cache.tzst -P -C /home/runner/work/devops-coursework/devops-coursework --use-compress-program unzstd
CI / Lint	UNKNOWN STEP	2026-10-07T13:11:48.2354427Z Cache restored successfully
CI / Lint	UNKNOWN STEP	2026-10-07T13:11:48.2404640Z Cache restored from key: Linux-pip-lint-a3a5c8adb68fa7ecbb63a699b6d8e740c42d189567bf6ae26489173e52d15171
CI / Lint	UNKNOWN STEP	2026-10-07T13:11:48.2516044Z ##[group]Run echo "cache-hit=true"
CI / Lint	UNKNOWN STEP	2026-10-07T13:11:48.2516316Z [36;1mecho "cache-hit=true"[0m
CI / Lint	UNKNOWN STEP	2026-10-07T13:11:48.2747732Z shell: /usr/bin/bash -e {0}
CI / Lint	UNKNOWN STEP	2026-10-07T13:11:48.2747959Z env:
CI / Lint	UNKNOWN STEP	2026-10-07T13:11:48.2748134Z   APP_DIR: labs/16-github-actions
CI / Lint	UNKNOWN STEP	2026-10-07T13:11:48.2748345Z   IMAGE_NAME: yatri-fare-api
CI / Lint	UNKNOWN STEP	2026-10-07T13:11:48.2748572Z   pythonLocation: /opt/hostedtoolcache/Python/3.12.14/x64
CI / Lint	UNKNOWN STEP	2026-10-07T13:11:48.2748857Z   PKG_CONFIG_PATH: /opt/hostedtoolcache/Python/3.12.14/x64/lib/pkgconfig
CI / Lint	UNKNOWN STEP	2026-10-07T13:11:48.2749134Z   Python_ROOT_DIR: /opt/hostedtoolcache/Python/3.12.14/x64
CI / Lint	UNKNOWN STEP	2026-10-07T13:11:48.2749629Z   Python2_ROOT_DIR: /opt/hostedtoolcache/Python/3.12.14/x64
CI / Lint	UNKNOWN STEP	2026-10-07T13:11:48.2749930Z   Python3_ROOT_DIR: /opt/hostedtoolcache/Python/3.12.14/x64
CI / Lint	UNKNOWN STEP	2026-10-07T13:11:48.2750188Z   LD_LIBRARY_PATH: /opt/hostedtoolcache/Python/3.12.14/x64/lib
CI / Lint	UNKNOWN STEP	2026-10-07T13:11:48.2750410Z ##[endgroup]
CI / Lint	UNKNOWN STEP	2026-10-07T13:11:48.2844799Z cache-hit=true
CI / Lint	UNKNOWN STEP	2026-10-07T13:11:48.2875642Z ##[group]Run python -m pip install --upgrade pip
CI / Lint	UNKNOWN STEP	2026-10-07T13:11:48.2875964Z [36;1mpython -m pip install --upgrade pip[0m
CI / Lint	UNKNOWN STEP	2026-10-07T13:11:48.2876192Z [36;1mpip install flake8[0m
CI / Lint	UNKNOWN STEP	2026-10-07T13:11:48.2929942Z shell: /usr/bin/bash -e {0}
CI / Lint	UNKNOWN STEP	2026-10-07T13:11:48.2930131Z env:
CI / Lint	UNKNOWN STEP	2026-10-07T13:11:48.2930290Z   APP_DIR: labs/16-github-actions
CI / Lint	UNKNOWN STEP	2026-10-07T13:11:48.2930484Z   IMAGE_NAME: yatri-fare-api
CI / Lint	UNKNOWN STEP	2026-10-07T13:11:48.2930710Z   pythonLocation: /opt/hostedtoolcache/Python/3.12.14/x64
CI / Lint	UNKNOWN STEP	2026-10-07T13:11:48.2930998Z   PKG_CONFIG_PATH: /opt/hostedtoolcache/Python/3.12.14/x64/lib/pkgconfig
CI / Lint	UNKNOWN STEP	2026-10-07T13:11:48.2931281Z   Python_ROOT_DIR: /opt/hostedtoolcache/Python/3.12.14/x64
CI / Lint	UNKNOWN STEP	2026-10-07T13:11:48.2931697Z   Python2_ROOT_DIR: /opt/hostedtoolcache/Python/3.12.14/x64
CI / Lint	UNKNOWN STEP	2026-10-07T13:11:48.2931959Z   Python3_ROOT_DIR: /opt/hostedtoolcache/Python/3.12.14/x64
CI / Lint	UNKNOWN STEP	2026-10-07T13:11:48.2932240Z   LD_LIBRARY_PATH: /opt/hostedtoolcache/Python/3.12.14/x64/lib
CI / Lint	UNKNOWN STEP	2026-10-07T13:11:48.2932466Z ##[endgroup]
CI / Lint	UNKNOWN STEP	2026-10-07T13:11:49.5938413Z Requirement already satisfied: pip in /opt/hostedtoolcache/Python/3.12.14/x64/lib/python3.12/site-packages (26.2.1)
CI / Lint	UNKNOWN STEP	2026-10-07T13:11:49.9523377Z Collecting flake8
CI / Lint	UNKNOWN STEP	2026-10-07T13:11:49.9533854Z   Using cached flake8-7.4.1-py2.py3-none-any.whl.metadata (3.8 kB)
CI / Lint	UNKNOWN STEP	2026-10-07T13:11:49.9572266Z Collecting mccabe<0.8.0,>=0.7.0 (from flake8)
CI / Lint	UNKNOWN STEP	2026-10-07T13:11:49.9581175Z   Using cached mccabe-0.7.0-py2.py3-none-any.whl.metadata (5.0 kB)
CI / Lint	UNKNOWN STEP	2026-10-07T13:11:49.9616927Z Collecting pycodestyle<2.16.0,>=2.15.0 (from flake8)
CI / Lint	UNKNOWN STEP	2026-10-07T13:11:49.9625151Z   Using cached pycodestyle-2.15.0-py2.py3-none-any.whl.metadata (4.5 kB)
CI / Lint	UNKNOWN STEP	2026-10-07T13:11:49.9665496Z Collecting pyflakes<4.1.0,>=4.0.0 (from flake8)
CI / Lint	UNKNOWN STEP	2026-10-07T13:11:49.9673621Z   Using cached pyflakes-4.0.2-py2.py3-none-any.whl.metadata (3.7 kB)
CI / Lint	UNKNOWN STEP	2026-10-07T13:11:49.9693790Z Using cached flake8-7.4.1-py2.py3-none-any.whl (57 kB)
CI / Lint	UNKNOWN STEP	2026-10-07T13:11:49.9705023Z Using cached mccabe-0.7.0-py2.py3-none-any.whl (7.3 kB)
CI / Lint	UNKNOWN STEP	2026-10-07T13:11:49.9714436Z Using cached pycodestyle-2.15.0-py2.py3-none-any.whl (31 kB)
CI / Lint	UNKNOWN STEP	2026-10-07T13:11:49.9724644Z Using cached pyflakes-4.0.2-py2.py3-none-any.whl (66 kB)
CI / Lint	UNKNOWN STEP	2026-10-07T13:11:49.9913413Z Installing collected packages: pyflakes, pycodestyle, mccabe, flake8
CI / Lint	UNKNOWN STEP	2026-10-07T13:11:50.1067499Z 
CI / Lint	UNKNOWN STEP	2026-10-07T13:11:50.1076782Z Successfully installed flake8-7.4.1 mccabe-0.7.0 pycodestyle-2.15.0 pyflakes-4.0.2
CI / Lint	UNKNOWN STEP	2026-10-07T13:11:50.1505403Z ##[group]Run flake8 --version
CI / Lint	UNKNOWN STEP	2026-10-07T13:11:50.1505623Z [36;1mflake8 --version[0m
CI / Lint	UNKNOWN STEP	2026-10-07T13:11:50.1505765Z [36;1mflake8 .[0m
CI / Lint	UNKNOWN STEP	2026-10-07T13:11:50.1562741Z shell: /usr/bin/bash -e {0}
CI / Lint	UNKNOWN STEP	2026-10-07T13:11:50.1562887Z env:
CI / Lint	UNKNOWN STEP	2026-10-07T13:11:50.1563012Z   APP_DIR: labs/16-github-actions
CI / Lint	UNKNOWN STEP	2026-10-07T13:11:50.1563191Z   IMAGE_NAME: yatri-fare-api
CI / Lint	UNKNOWN STEP	2026-10-07T13:11:50.1563381Z   pythonLocation: /opt/hostedtoolcache/Python/3.12.14/x64
CI / Lint	UNKNOWN STEP	2026-10-07T13:11:50.1563635Z   PKG_CONFIG_PATH: /opt/hostedtoolcache/Python/3.12.14/x64/lib/pkgconfig
CI / Lint	UNKNOWN STEP	2026-10-07T13:11:50.1563880Z   Python_ROOT_DIR: /opt/hostedtoolcache/Python/3.12.14/x64
CI / Lint	UNKNOWN STEP	2026-10-07T13:11:50.1564110Z   Python2_ROOT_DIR: /opt/hostedtoolcache/Python/3.12.14/x64
CI / Lint	UNKNOWN STEP	2026-10-07T13:11:50.1564333Z   Python3_ROOT_DIR: /opt/hostedtoolcache/Python/3.12.14/x64
CI / Lint	UNKNOWN STEP	2026-10-07T13:11:50.1564556Z   LD_LIBRARY_PATH: /opt/hostedtoolcache/Python/3.12.14/x64/lib
CI / Lint	UNKNOWN STEP	2026-10-07T13:11:50.1564778Z ##[endgroup]
CI / Lint	UNKNOWN STEP	2026-10-07T13:11:50.4476135Z 7.4.1 (mccabe: 0.7.0, pycodestyle: 2.15.0, pyflakes: 4.0.2) CPython 3.12.14 on
CI / Lint	UNKNOWN STEP	2026-10-07T13:11:50.4476456Z Linux
CI / Lint	UNKNOWN STEP	2026-10-07T13:11:50.6488828Z Post job cleanup.
CI / Lint	UNKNOWN STEP	2026-10-07T13:11:50.7240521Z Cache hit occurred on the primary key Linux-pip-lint-a3a5c8adb68fa7ecbb63a699b6d8e740c42d189567bf6ae26489173e52d15171, not saving cache.
CI / Lint	UNKNOWN STEP	2026-10-07T13:11:50.7242194Z (node:2239) [DEP0040] DeprecationWarning: The `punycode` module is deprecated. Please use a userland alternative instead.
CI / Lint	UNKNOWN STEP	2026-10-07T13:11:50.7242976Z (Use `node --trace-deprecation ...` to show where the warning was created)
CI / Lint	UNKNOWN STEP	2026-10-07T13:11:50.7366255Z Post job cleanup.
CI / Lint	UNKNOWN STEP	2026-10-07T13:11:50.8159401Z (node:2247) [DEP0040] DeprecationWarning: The `punycode` module is deprecated. Please use a userland alternative instead.
CI / Lint	UNKNOWN STEP	2026-10-07T13:11:50.8159838Z (Use `node --trace-deprecation ...` to show where the warning was created)
CI / Lint	UNKNOWN STEP	2026-10-07T13:11:50.8307433Z Post job cleanup.
CI / Lint	UNKNOWN STEP	2026-10-07T13:11:50.8900081Z [command]/usr/bin/git version
CI / Lint	UNKNOWN STEP	2026-10-07T13:11:50.8950666Z git version 2.55.0
CI / Lint	UNKNOWN STEP	2026-10-07T13:11:50.8958590Z Temporarily overriding HOME='/home/runner/work/_temp/dc310d0b-3c98-4a1e-ab67-b375ab8ce952' before making global git config changes
CI / Lint	UNKNOWN STEP	2026-10-07T13:11:50.8959427Z Adding repository directory to the temporary git global config as a safe directory
CI / Lint	UNKNOWN STEP	2026-10-07T13:11:50.8963157Z [command]/usr/bin/git config --global --add safe.directory /home/runner/work/devops-coursework/devops-coursework
CI / Lint	UNKNOWN STEP	2026-10-07T13:11:50.8998536Z [command]/usr/bin/git config --local --name-only --get-regexp core\.sshCommand
CI / Lint	UNKNOWN STEP	2026-10-07T13:11:50.9043509Z [command]/usr/bin/git submodule foreach --recursive sh -c "git config --local --name-only --get-regexp 'core\.sshCommand' && git config --local --unset-all 'core.sshCommand' || :"
CI / Lint	UNKNOWN STEP	2026-10-07T13:11:50.9254248Z [command]/usr/bin/git config --local --name-only --get-regexp http\.https\:\/\/github\.com\/\.extraheader
CI / Lint	UNKNOWN STEP	2026-10-07T13:11:50.9281118Z http.https://github.com/.extraheader
CI / Lint	UNKNOWN STEP	2026-10-07T13:11:50.9291245Z [command]/usr/bin/git config --local --unset-all http.https://github.com/.extraheader
CI / Lint	UNKNOWN STEP	2026-10-07T13:11:50.9323358Z [command]/usr/bin/git submodule foreach --recursive sh -c "git config --local --name-only --get-regexp 'http\.https\:\/\/github\.com\/\.extraheader' && git config --local --unset-all 'http.https://github.com/.extraheader' || :"
CI / Lint	UNKNOWN STEP	2026-10-07T13:11:50.9532226Z [command]/usr/bin/git config --local --name-only --get-regexp ^includeIf\.gitdir:
CI / Lint	UNKNOWN STEP	2026-10-07T13:11:50.9563237Z [command]/usr/bin/git submodule foreach --recursive git config --local --show-origin --name-only --get-regexp remote.origin.url
CI / Lint	UNKNOWN STEP	2026-10-07T13:11:50.9862489Z Cleaning up orphan processes
CI / Lint	UNKNOWN STEP	2026-10-07T13:11:51.0052663Z ##[warning]Node.js 20 is deprecated. The following actions target Node.js 20 but are being forced to run on Node.js 24: actions/cache@v4, actions/checkout@v4, actions/setup-python@v5. For more information see: https://github.blog/changelog/2025-09-19-deprecation-of-node-20-on-github-actions-runners/
CI / Test (py3.11)	UNKNOWN STEP	﻿2026-10-07T13:11:46.5085679Z Current runner version: '2.337.0'
CI / Test (py3.11)	UNKNOWN STEP	2026-10-07T13:11:46.5112216Z ##[group]Runner Image Provisioner
CI / Test (py3.11)	UNKNOWN STEP	2026-10-07T13:11:46.5113148Z Hosted Compute Agent
CI / Test (py3.11)	UNKNOWN STEP	2026-10-07T13:11:46.5113776Z Version: 20260901.588
CI / Test (py3.11)	UNKNOWN STEP	2026-10-07T13:11:46.5114477Z Commit: f88ec8081b781fac6c440065ac7ff9e710ce3d0b
CI / Test (py3.11)	UNKNOWN STEP	2026-10-07T13:11:46.5115202Z Build Date: 2026-09-01T19:56:44Z
CI / Test (py3.11)	UNKNOWN STEP	2026-10-07T13:11:46.5115943Z Worker ID: {f3c954e4-5894-42b7-a5bb-b85ead38d6f8}
CI / Test (py3.11)	UNKNOWN STEP	2026-10-07T13:11:46.5116701Z Azure Region: westus2
CI / Test (py3.11)	UNKNOWN STEP	2026-10-07T13:11:46.5117503Z ##[endgroup]
CI / Test (py3.11)	UNKNOWN STEP	2026-10-07T13:11:46.5119256Z ##[group]Operating System
CI / Test (py3.11)	UNKNOWN STEP	2026-10-07T13:11:46.5119907Z Ubuntu
CI / Test (py3.11)	UNKNOWN STEP	2026-10-07T13:11:46.5120458Z 24.04.5
CI / Test (py3.11)	UNKNOWN STEP	2026-10-07T13:11:46.5121071Z LTS
CI / Test (py3.11)	UNKNOWN STEP	2026-10-07T13:11:46.5121582Z ##[endgroup]
CI / Test (py3.11)	UNKNOWN STEP	2026-10-07T13:11:46.5122166Z ##[group]Runner Image
CI / Test (py3.11)	UNKNOWN STEP	2026-10-07T13:11:46.5122775Z Image: ubuntu-24.04
CI / Test (py3.11)	UNKNOWN STEP	2026-10-07T13:11:46.5123362Z Version: 20260927.320.1
CI / Test (py3.11)	UNKNOWN STEP	2026-10-07T13:11:46.5124680Z Included Software: https://github.com/actions/runner-images/blob/ubuntu24/20260927.320/images/ubuntu/Ubuntu2404-Readme.md
CI / Test (py3.11)	UNKNOWN STEP	2026-10-07T13:11:46.5126273Z Image Release: https://github.com/actions/runner-images/releases/tag/ubuntu24%2F20260927.320
CI / Test (py3.11)	UNKNOWN STEP	2026-10-07T13:11:46.5127763Z ##[endgroup]
CI / Test (py3.11)	UNKNOWN STEP	2026-10-07T13:11:46.5129384Z ##[group]GITHUB_TOKEN Permissions
CI / Test (py3.11)	UNKNOWN STEP	2026-10-07T13:11:46.5131747Z Contents: read
CI / Test (py3.11)	UNKNOWN STEP	2026-10-07T13:11:46.5132337Z Metadata: read
CI / Test (py3.11)	UNKNOWN STEP	2026-10-07T13:11:46.5132991Z ##[endgroup]
CI / Test (py3.11)	UNKNOWN STEP	2026-10-07T13:11:46.5135144Z Secret source: Actions
CI / Test (py3.11)	UNKNOWN STEP	2026-10-07T13:11:46.5136204Z Cache mode: write
CI / Test (py3.11)	UNKNOWN STEP	2026-10-07T13:11:46.5137469Z Prepare workflow directory
CI / Test (py3.11)	UNKNOWN STEP	2026-10-07T13:11:46.5569143Z Prepare all required actions
CI / Test (py3.11)	UNKNOWN STEP	2026-10-07T13:11:46.5619179Z Getting action download info
CI / Test (py3.11)	UNKNOWN STEP	2026-10-07T13:11:46.9280825Z Download action repository 'actions/checkout@v4' (SHA:11d5960a326750d5838078e36cf38b85af677262)
CI / Test (py3.11)	UNKNOWN STEP	2026-10-07T13:11:47.0276829Z Download action repository 'actions/setup-python@v5' (SHA:a26af69be951a213d495a4c3e4e4022e16d87065)
CI / Test (py3.11)	UNKNOWN STEP	2026-10-07T13:11:47.1091189Z Download action repository 'actions/cache@v4' (SHA:0057852bfaa89a56745cba8c7296529d2fc39830)
CI / Test (py3.11)	UNKNOWN STEP	2026-10-07T13:11:47.2007983Z Download action repository 'actions/upload-artifact@v4' (SHA:ea165f8d65b6e75b540449e92b4886f43607fa02)
CI / Test (py3.11)	UNKNOWN STEP	2026-10-07T13:11:47.4297553Z Complete job name: CI / Test (py3.11)
CI / Test (py3.11)	UNKNOWN STEP	2026-10-07T13:11:47.5046416Z ##[group]Run actions/checkout@v4
CI / Test (py3.11)	UNKNOWN STEP	2026-10-07T13:11:47.5047550Z with:
CI / Test (py3.11)	UNKNOWN STEP	2026-10-07T13:11:47.5048048Z   repository: AmanYadav7015/devops-coursework
CI / Test (py3.11)	UNKNOWN STEP	2026-10-07T13:11:47.5052190Z   token: ***
CI / Test (py3.11)	UNKNOWN STEP	2026-10-07T13:11:47.5052621Z   ssh-strict: true
CI / Test (py3.11)	UNKNOWN STEP	2026-10-07T13:11:47.5053050Z   ssh-user: git
CI / Test (py3.11)	UNKNOWN STEP	2026-10-07T13:11:47.5053484Z   persist-credentials: true
CI / Test (py3.11)	UNKNOWN STEP	2026-10-07T13:11:47.5053971Z   clean: true
CI / Test (py3.11)	UNKNOWN STEP	2026-10-07T13:11:47.5054440Z   sparse-checkout-cone-mode: true
CI / Test (py3.11)	UNKNOWN STEP	2026-10-07T13:11:47.5054957Z   fetch-depth: 1
CI / Test (py3.11)	UNKNOWN STEP	2026-10-07T13:11:47.5055379Z   fetch-tags: false
CI / Test (py3.11)	UNKNOWN STEP	2026-10-07T13:11:47.5055848Z   show-progress: true
CI / Test (py3.11)	UNKNOWN STEP	2026-10-07T13:11:47.5056289Z   lfs: false
CI / Test (py3.11)	UNKNOWN STEP	2026-10-07T13:11:47.5056696Z   submodules: false
CI / Test (py3.11)	UNKNOWN STEP	2026-10-07T13:11:47.5057314Z   set-safe-directory: true
CI / Test (py3.11)	UNKNOWN STEP	2026-10-07T13:11:47.5057821Z   allow-unsafe-pr-checkout: false
CI / Test (py3.11)	UNKNOWN STEP	2026-10-07T13:11:47.5058611Z env:
CI / Test (py3.11)	UNKNOWN STEP	2026-10-07T13:11:47.5059046Z   APP_DIR: labs/16-github-actions
CI / Test (py3.11)	UNKNOWN STEP	2026-10-07T13:11:47.5059576Z   IMAGE_NAME: yatri-fare-api
CI / Test (py3.11)	UNKNOWN STEP	2026-10-07T13:11:47.5060058Z ##[endgroup]
CI / Test (py3.11)	UNKNOWN STEP	2026-10-07T13:11:47.6139850Z Syncing repository: AmanYadav7015/devops-coursework
CI / Test (py3.11)	UNKNOWN STEP	2026-10-07T13:11:47.6142540Z ##[group]Getting Git version info
CI / Test (py3.11)	UNKNOWN STEP	2026-10-07T13:11:47.6143866Z Working directory is '/home/runner/work/devops-coursework/devops-coursework'
CI / Test (py3.11)	UNKNOWN STEP	2026-10-07T13:11:47.6145668Z [command]/usr/bin/git version
CI / Test (py3.11)	UNKNOWN STEP	2026-10-07T13:11:47.6213559Z git version 2.55.0
CI / Test (py3.11)	UNKNOWN STEP	2026-10-07T13:11:47.6247835Z ##[endgroup]
CI / Test (py3.11)	UNKNOWN STEP	2026-10-07T13:11:47.6265465Z Temporarily overriding HOME='/home/runner/work/_temp/adb6f54e-654c-4dcc-af0c-cdb0251a85f5' before making global git config changes
CI / Test (py3.11)	UNKNOWN STEP	2026-10-07T13:11:47.6288561Z Adding repository directory to the temporary git global config as a safe directory
CI / Test (py3.11)	UNKNOWN STEP	2026-10-07T13:11:47.6298611Z [command]/usr/bin/git config --global --add safe.directory /home/runner/work/devops-coursework/devops-coursework
CI / Test (py3.11)	UNKNOWN STEP	2026-10-07T13:11:47.6334913Z Deleting the contents of '/home/runner/work/devops-coursework/devops-coursework'
CI / Test (py3.11)	UNKNOWN STEP	2026-10-07T13:11:47.6339021Z ##[group]Initializing the repository
CI / Test (py3.11)	UNKNOWN STEP	2026-10-07T13:11:47.6344614Z [command]/usr/bin/git init /home/runner/work/devops-coursework/devops-coursework
CI / Test (py3.11)	UNKNOWN STEP	2026-10-07T13:11:47.6472882Z hint: Using 'master' as the name for the initial branch. This default branch name
CI / Test (py3.11)	UNKNOWN STEP	2026-10-07T13:11:47.6474797Z hint: will change to "main" in Git 3.0. To configure the initial branch name
CI / Test (py3.11)	UNKNOWN STEP	2026-10-07T13:11:47.6476927Z hint: to use in all of your new repositories, which will suppress this warning,
CI / Test (py3.11)	UNKNOWN STEP	2026-10-07T13:11:47.6479784Z hint: call:
CI / Test (py3.11)	UNKNOWN STEP	2026-10-07T13:11:47.6480741Z hint:
CI / Test (py3.11)	UNKNOWN STEP	2026-10-07T13:11:47.6481943Z hint: 	git config --global init.defaultBranch <name>
CI / Test (py3.11)	UNKNOWN STEP	2026-10-07T13:11:47.6483173Z hint:
CI / Test (py3.11)	UNKNOWN STEP	2026-10-07T13:11:47.6484284Z hint: Names commonly chosen instead of 'master' are 'main', 'trunk' and
CI / Test (py3.11)	UNKNOWN STEP	2026-10-07T13:11:47.6486040Z hint: 'development'. The just-created branch can be renamed via this command:
CI / Test (py3.11)	UNKNOWN STEP	2026-10-07T13:11:47.6488621Z hint:
CI / Test (py3.11)	UNKNOWN STEP	2026-10-07T13:11:47.6489562Z hint: 	git branch -m <name>
CI / Test (py3.11)	UNKNOWN STEP	2026-10-07T13:11:47.6490502Z hint:
CI / Test (py3.11)	UNKNOWN STEP	2026-10-07T13:11:47.6491897Z hint: Disable this message with "git config set advice.defaultBranchName false"
CI / Test (py3.11)	UNKNOWN STEP	2026-10-07T13:11:47.6493457Z Initialized empty Git repository in /home/runner/work/devops-coursework/devops-coursework/.git/
CI / Test (py3.11)	UNKNOWN STEP	2026-10-07T13:11:47.6497314Z [command]/usr/bin/git remote add origin https://github.com/AmanYadav7015/devops-coursework
CI / Test (py3.11)	UNKNOWN STEP	2026-10-07T13:11:47.6546798Z ##[endgroup]
CI / Test (py3.11)	UNKNOWN STEP	2026-10-07T13:11:47.6548492Z ##[group]Disabling automatic garbage collection
CI / Test (py3.11)	UNKNOWN STEP	2026-10-07T13:11:47.6552909Z [command]/usr/bin/git config --local gc.auto 0
CI / Test (py3.11)	UNKNOWN STEP	2026-10-07T13:11:47.6588119Z ##[endgroup]
CI / Test (py3.11)	UNKNOWN STEP	2026-10-07T13:11:47.6589493Z ##[group]Setting up auth
CI / Test (py3.11)	UNKNOWN STEP	2026-10-07T13:11:47.6596213Z [command]/usr/bin/git config --local --name-only --get-regexp core\.sshCommand
CI / Test (py3.11)	UNKNOWN STEP	2026-10-07T13:11:47.6646627Z [command]/usr/bin/git submodule foreach --recursive sh -c "git config --local --name-only --get-regexp 'core\.sshCommand' && git config --local --unset-all 'core.sshCommand' || :"
CI / Test (py3.11)	UNKNOWN STEP	2026-10-07T13:11:47.7153059Z [command]/usr/bin/git config --local --name-only --get-regexp http\.https\:\/\/github\.com\/\.extraheader
CI / Test (py3.11)	UNKNOWN STEP	2026-10-07T13:11:47.7207383Z [command]/usr/bin/git submodule foreach --recursive sh -c "git config --local --name-only --get-regexp 'http\.https\:\/\/github\.com\/\.extraheader' && git config --local --unset-all 'http.https://github.com/.extraheader' || :"
CI / Test (py3.11)	UNKNOWN STEP	2026-10-07T13:11:47.7452026Z [command]/usr/bin/git config --local --name-only --get-regexp ^includeIf\.gitdir:
CI / Test (py3.11)	UNKNOWN STEP	2026-10-07T13:11:47.7491437Z [command]/usr/bin/git submodule foreach --recursive git config --local --show-origin --name-only --get-regexp remote.origin.url
CI / Test (py3.11)	UNKNOWN STEP	2026-10-07T13:11:47.7724675Z [command]/usr/bin/git config --local http.https://github.com/.extraheader AUTHORIZATION: basic ***
CI / Test (py3.11)	UNKNOWN STEP	2026-10-07T13:11:47.7768151Z ##[endgroup]
CI / Test (py3.11)	UNKNOWN STEP	2026-10-07T13:11:47.7768935Z ##[group]Fetching the repository
CI / Test (py3.11)	UNKNOWN STEP	2026-10-07T13:11:47.7778314Z [command]/usr/bin/git -c protocol.version=2 fetch --no-tags --prune --no-recurse-submodules --depth=1 origin +ff4c890fc6cd98e07b5123736952414018cc66df:refs/remotes/origin/session-16-ci
CI / Test (py3.11)	UNKNOWN STEP	2026-10-07T13:11:48.5607686Z From https://github.com/AmanYadav7015/devops-coursework
CI / Test (py3.11)	UNKNOWN STEP	2026-10-07T13:11:48.5611611Z  * [new ref]         ff4c890fc6cd98e07b5123736952414018cc66df -> origin/session-16-ci
CI / Test (py3.11)	UNKNOWN STEP	2026-10-07T13:11:48.5618646Z ##[endgroup]
CI / Test (py3.11)	UNKNOWN STEP	2026-10-07T13:11:48.5621512Z ##[group]Determining the checkout info
CI / Test (py3.11)	UNKNOWN STEP	2026-10-07T13:11:48.5623995Z ##[endgroup]
CI / Test (py3.11)	UNKNOWN STEP	2026-10-07T13:11:48.5625651Z [command]/usr/bin/git sparse-checkout disable
CI / Test (py3.11)	UNKNOWN STEP	2026-10-07T13:11:48.5676244Z [command]/usr/bin/git config --local --unset-all extensions.worktreeConfig
CI / Test (py3.11)	UNKNOWN STEP	2026-10-07T13:11:48.5715788Z ##[group]Checking out the ref
CI / Test (py3.11)	UNKNOWN STEP	2026-10-07T13:11:48.5718644Z [command]/usr/bin/git checkout --progress --force -B session-16-ci refs/remotes/origin/session-16-ci
CI / Test (py3.11)	UNKNOWN STEP	2026-10-07T13:11:48.6924862Z Switched to a new branch 'session-16-ci'
CI / Test (py3.11)	UNKNOWN STEP	2026-10-07T13:11:48.6930080Z branch 'session-16-ci' set up to track 'origin/session-16-ci'.
CI / Test (py3.11)	UNKNOWN STEP	2026-10-07T13:11:48.6942732Z ##[endgroup]
CI / Test (py3.11)	UNKNOWN STEP	2026-10-07T13:11:48.6989777Z [command]/usr/bin/git log -1 --format=%H
CI / Test (py3.11)	UNKNOWN STEP	2026-10-07T13:11:48.7017535Z ff4c890fc6cd98e07b5123736952414018cc66df
CI / Test (py3.11)	UNKNOWN STEP	2026-10-07T13:11:48.7477207Z ##[group]Run actions/setup-python@v5
CI / Test (py3.11)	UNKNOWN STEP	2026-10-07T13:11:48.7478561Z with:
CI / Test (py3.11)	UNKNOWN STEP	2026-10-07T13:11:48.7479482Z   python-version: 3.11
CI / Test (py3.11)	UNKNOWN STEP	2026-10-07T13:11:48.7480530Z   check-latest: false
CI / Test (py3.11)	UNKNOWN STEP	2026-10-07T13:11:48.7491975Z   token: ***
CI / Test (py3.11)	UNKNOWN STEP	2026-10-07T13:11:48.7492977Z   update-environment: true
CI / Test (py3.11)	UNKNOWN STEP	2026-10-07T13:11:48.7494144Z   allow-prereleases: false
CI / Test (py3.11)	UNKNOWN STEP	2026-10-07T13:11:48.7495266Z   freethreaded: false
CI / Test (py3.11)	UNKNOWN STEP	2026-10-07T13:11:48.7496269Z env:
CI / Test (py3.11)	UNKNOWN STEP	2026-10-07T13:11:48.7497308Z   APP_DIR: labs/16-github-actions
CI / Test (py3.11)	UNKNOWN STEP	2026-10-07T13:11:48.7498526Z   IMAGE_NAME: yatri-fare-api
CI / Test (py3.11)	UNKNOWN STEP	2026-10-07T13:11:48.7499645Z ##[endgroup]
CI / Test (py3.11)	UNKNOWN STEP	2026-10-07T13:11:48.8890828Z ##[group]Installed versions
CI / Test (py3.11)	UNKNOWN STEP	2026-10-07T13:11:48.8992777Z (node:2394) [DEP0040] DeprecationWarning: The `punycode` module is deprecated. Please use a userland alternative instead.
CI / Test (py3.11)	UNKNOWN STEP	2026-10-07T13:11:48.8994449Z (Use `node --trace-deprecation ...` to show where the warning was created)
CI / Test (py3.11)	UNKNOWN STEP	2026-10-07T13:11:48.8995412Z Successfully set up CPython (3.11.16)
CI / Test (py3.11)	UNKNOWN STEP	2026-10-07T13:11:48.8996487Z ##[endgroup]
CI / Test (py3.11)	UNKNOWN STEP	2026-10-07T13:11:48.9816671Z ##[group]Run actions/cache@v4
CI / Test (py3.11)	UNKNOWN STEP	2026-10-07T13:11:48.9817366Z with:
CI / Test (py3.11)	UNKNOWN STEP	2026-10-07T13:11:48.9817634Z   path: ~/.cache/pip
CI / Test (py3.11)	UNKNOWN STEP	2026-10-07T13:11:48.9818096Z   key: Linux-pip-3.11-a3a5c8adb68fa7ecbb63a699b6d8e740c42d189567bf6ae26489173e52d15171
CI / Test (py3.11)	UNKNOWN STEP	2026-10-07T13:11:48.9818642Z   restore-keys: Linux-pip-3.11-
CI / Test (py3.11)	UNKNOWN STEP	
CI / Test (py3.11)	UNKNOWN STEP	2026-10-07T13:11:48.9818979Z   enableCrossOsArchive: false
CI / Test (py3.11)	UNKNOWN STEP	2026-10-07T13:11:48.9819291Z   fail-on-cache-miss: false
CI / Test (py3.11)	UNKNOWN STEP	2026-10-07T13:11:48.9819578Z   lookup-only: false
CI / Test (py3.11)	UNKNOWN STEP	2026-10-07T13:11:48.9819841Z   save-always: false
CI / Test (py3.11)	UNKNOWN STEP	2026-10-07T13:11:48.9820097Z env:
CI / Test (py3.11)	UNKNOWN STEP	2026-10-07T13:11:48.9820348Z   APP_DIR: labs/16-github-actions
CI / Test (py3.11)	UNKNOWN STEP	2026-10-07T13:11:48.9820672Z   IMAGE_NAME: yatri-fare-api
CI / Test (py3.11)	UNKNOWN STEP	2026-10-07T13:11:48.9821050Z   pythonLocation: /opt/hostedtoolcache/Python/3.11.16/x64
CI / Test (py3.11)	UNKNOWN STEP	2026-10-07T13:11:48.9821590Z   PKG_CONFIG_PATH: /opt/hostedtoolcache/Python/3.11.16/x64/lib/pkgconfig
CI / Test (py3.11)	UNKNOWN STEP	2026-10-07T13:11:48.9822129Z   Python_ROOT_DIR: /opt/hostedtoolcache/Python/3.11.16/x64
CI / Test (py3.11)	UNKNOWN STEP	2026-10-07T13:11:48.9822624Z   Python2_ROOT_DIR: /opt/hostedtoolcache/Python/3.11.16/x64
CI / Test (py3.11)	UNKNOWN STEP	2026-10-07T13:11:48.9823083Z   Python3_ROOT_DIR: /opt/hostedtoolcache/Python/3.11.16/x64
CI / Test (py3.11)	UNKNOWN STEP	2026-10-07T13:11:48.9823534Z   LD_LIBRARY_PATH: /opt/hostedtoolcache/Python/3.11.16/x64/lib
CI / Test (py3.11)	UNKNOWN STEP	2026-10-07T13:11:48.9823918Z ##[endgroup]
CI / Test (py3.11)	UNKNOWN STEP	2026-10-07T13:11:49.0928228Z (node:2414) [DEP0040] DeprecationWarning: The `punycode` module is deprecated. Please use a userland alternative instead.
CI / Test (py3.11)	UNKNOWN STEP	2026-10-07T13:11:49.0929276Z (Use `node --trace-deprecation ...` to show where the warning was created)
CI / Test (py3.11)	UNKNOWN STEP	2026-10-07T13:11:49.3609926Z Cache hit for: Linux-pip-3.11-a3a5c8adb68fa7ecbb63a699b6d8e740c42d189567bf6ae26489173e52d15171
CI / Test (py3.11)	UNKNOWN STEP	2026-10-07T13:11:49.3713251Z (node:2414) [DEP0169] DeprecationWarning: `url.parse()` behavior is not standardized and prone to errors that have security implications. Use the WHATWG URL API instead. CVEs are not issued for `url.parse()` vulnerabilities.
CI / Test (py3.11)	UNKNOWN STEP	2026-10-07T13:11:50.5685428Z Received 4299216 of 4299216 (100.0%), 4.5 MBs/sec
CI / Test (py3.11)	UNKNOWN STEP	2026-10-07T13:11:50.5686758Z Cache Size: ~4 MB (4299216 B)
CI / Test (py3.11)	UNKNOWN STEP	2026-10-07T13:11:50.5725795Z [command]/usr/bin/tar -xf /home/runner/work/_temp/03986e57-3cf5-4a35-a5be-0de048ed60f7/cache.tzst -P -C /home/runner/work/devops-coursework/devops-coursework --use-compress-program unzstd
CI / Test (py3.11)	UNKNOWN STEP	2026-10-07T13:11:50.5979191Z Cache restored successfully
CI / Test (py3.11)	UNKNOWN STEP	2026-10-07T13:11:50.6059761Z Cache restored from key: Linux-pip-3.11-a3a5c8adb68fa7ecbb63a699b6d8e740c42d189567bf6ae26489173e52d15171
CI / Test (py3.11)	UNKNOWN STEP	2026-10-07T13:11:50.6193837Z ##[group]Run echo "pip cache restored, dependency install should be fast"
CI / Test (py3.11)	UNKNOWN STEP	2026-10-07T13:11:50.6194478Z [36;1mecho "pip cache restored, dependency install should be fast"[0m
CI / Test (py3.11)	UNKNOWN STEP	2026-10-07T13:11:50.6490531Z shell: /usr/bin/bash -e {0}
CI / Test (py3.11)	UNKNOWN STEP	2026-10-07T13:11:50.6490912Z env:
CI / Test (py3.11)	UNKNOWN STEP	2026-10-07T13:11:50.6491189Z   APP_DIR: labs/16-github-actions
CI / Test (py3.11)	UNKNOWN STEP	2026-10-07T13:11:50.6491520Z   IMAGE_NAME: yatri-fare-api
CI / Test (py3.11)	UNKNOWN STEP	2026-10-07T13:11:50.6491912Z   pythonLocation: /opt/hostedtoolcache/Python/3.11.16/x64
CI / Test (py3.11)	UNKNOWN STEP	2026-10-07T13:11:50.6492810Z   PKG_CONFIG_PATH: /opt/hostedtoolcache/Python/3.11.16/x64/lib/pkgconfig
CI / Test (py3.11)	UNKNOWN STEP	2026-10-07T13:11:50.6493351Z   Python_ROOT_DIR: /opt/hostedtoolcache/Python/3.11.16/x64
CI / Test (py3.11)	UNKNOWN STEP	2026-10-07T13:11:50.6493847Z   Python2_ROOT_DIR: /opt/hostedtoolcache/Python/3.11.16/x64
CI / Test (py3.11)	UNKNOWN STEP	2026-10-07T13:11:50.6494315Z   Python3_ROOT_DIR: /opt/hostedtoolcache/Python/3.11.16/x64
CI / Test (py3.11)	UNKNOWN STEP	2026-10-07T13:11:50.6494719Z   LD_LIBRARY_PATH: /opt/hostedtoolcache/Python/3.11.16/x64/lib
CI / Test (py3.11)	UNKNOWN STEP	2026-10-07T13:11:50.6495067Z ##[endgroup]
CI / Test (py3.11)	UNKNOWN STEP	2026-10-07T13:11:50.6614803Z pip cache restored, dependency install should be fast
CI / Test (py3.11)	UNKNOWN STEP	2026-10-07T13:11:50.6655227Z ##[group]Run echo "runner os     : Linux (X64)"
CI / Test (py3.11)	UNKNOWN STEP	2026-10-07T13:11:50.6655651Z [36;1mecho "runner os     : Linux (X64)"[0m
CI / Test (py3.11)	UNKNOWN STEP	2026-10-07T13:11:50.6655985Z [36;1mecho "runner image  : ubuntu-latest"[0m
CI / Test (py3.11)	UNKNOWN STEP	2026-10-07T13:11:50.6656332Z [36;1mecho "python        : $(python --version)"[0m
CI / Test (py3.11)	UNKNOWN STEP	2026-10-07T13:11:50.6656664Z [36;1mecho "cpu cores     : $(nproc)"[0m
CI / Test (py3.11)	UNKNOWN STEP	2026-10-07T13:11:50.6657287Z [36;1mecho "workspace     : ${GITHUB_WORKSPACE}"[0m
CI / Test (py3.11)	UNKNOWN STEP	2026-10-07T13:11:50.6722998Z shell: /usr/bin/bash -e {0}
CI / Test (py3.11)	UNKNOWN STEP	2026-10-07T13:11:50.6723278Z env:
CI / Test (py3.11)	UNKNOWN STEP	2026-10-07T13:11:50.6723496Z   APP_DIR: labs/16-github-actions
CI / Test (py3.11)	UNKNOWN STEP	2026-10-07T13:11:50.6723777Z   IMAGE_NAME: yatri-fare-api
CI / Test (py3.11)	UNKNOWN STEP	2026-10-07T13:11:50.6724131Z   pythonLocation: /opt/hostedtoolcache/Python/3.11.16/x64
CI / Test (py3.11)	UNKNOWN STEP	2026-10-07T13:11:50.6724644Z   PKG_CONFIG_PATH: /opt/hostedtoolcache/Python/3.11.16/x64/lib/pkgconfig
CI / Test (py3.11)	UNKNOWN STEP	2026-10-07T13:11:50.6725095Z   Python_ROOT_DIR: /opt/hostedtoolcache/Python/3.11.16/x64
CI / Test (py3.11)	UNKNOWN STEP	2026-10-07T13:11:50.6725529Z   Python2_ROOT_DIR: /opt/hostedtoolcache/Python/3.11.16/x64
CI / Test (py3.11)	UNKNOWN STEP	2026-10-07T13:11:50.6725928Z   Python3_ROOT_DIR: /opt/hostedtoolcache/Python/3.11.16/x64
CI / Test (py3.11)	UNKNOWN STEP	2026-10-07T13:11:50.6726327Z   LD_LIBRARY_PATH: /opt/hostedtoolcache/Python/3.11.16/x64/lib
CI / Test (py3.11)	UNKNOWN STEP	2026-10-07T13:11:50.6726666Z ##[endgroup]
CI / Test (py3.11)	UNKNOWN STEP	2026-10-07T13:11:50.6813732Z runner os     : Linux (X64)
CI / Test (py3.11)	UNKNOWN STEP	2026-10-07T13:11:50.6814145Z runner image  : ubuntu-latest
CI / Test (py3.11)	UNKNOWN STEP	2026-10-07T13:11:50.6952485Z python        : Python 3.11.16
CI / Test (py3.11)	UNKNOWN STEP	2026-10-07T13:11:50.7044146Z cpu cores     : 4
CI / Test (py3.11)	UNKNOWN STEP	2026-10-07T13:11:50.7044748Z workspace     : /home/runner/work/devops-coursework/devops-coursework
CI / Test (py3.11)	UNKNOWN STEP	2026-10-07T13:11:50.7081755Z ##[group]Run python -m pip install --upgrade pip
CI / Test (py3.11)	UNKNOWN STEP	2026-10-07T13:11:50.7082195Z [36;1mpython -m pip install --upgrade pip[0m
CI / Test (py3.11)	UNKNOWN STEP	2026-10-07T13:11:50.7082540Z [36;1mpip install -r requirements-dev.txt[0m
CI / Test (py3.11)	UNKNOWN STEP	2026-10-07T13:11:50.7149339Z shell: /usr/bin/bash -e {0}
CI / Test (py3.11)	UNKNOWN STEP	2026-10-07T13:11:50.7149613Z env:
CI / Test (py3.11)	UNKNOWN STEP	2026-10-07T13:11:50.7149833Z   APP_DIR: labs/16-github-actions
CI / Test (py3.11)	UNKNOWN STEP	2026-10-07T13:11:50.7150116Z   IMAGE_NAME: yatri-fare-api
CI / Test (py3.11)	UNKNOWN STEP	2026-10-07T13:11:50.7150444Z   pythonLocation: /opt/hostedtoolcache/Python/3.11.16/x64
CI / Test (py3.11)	UNKNOWN STEP	2026-10-07T13:11:50.7150907Z   PKG_CONFIG_PATH: /opt/hostedtoolcache/Python/3.11.16/x64/lib/pkgconfig
CI / Test (py3.11)	UNKNOWN STEP	2026-10-07T13:11:50.7151363Z   Python_ROOT_DIR: /opt/hostedtoolcache/Python/3.11.16/x64
CI / Test (py3.11)	UNKNOWN STEP	2026-10-07T13:11:50.7151765Z   Python2_ROOT_DIR: /opt/hostedtoolcache/Python/3.11.16/x64
CI / Test (py3.11)	UNKNOWN STEP	2026-10-07T13:11:50.7152163Z   Python3_ROOT_DIR: /opt/hostedtoolcache/Python/3.11.16/x64
CI / Test (py3.11)	UNKNOWN STEP	2026-10-07T13:11:50.7152587Z   LD_LIBRARY_PATH: /opt/hostedtoolcache/Python/3.11.16/x64/lib
CI / Test (py3.11)	UNKNOWN STEP	2026-10-07T13:11:50.7152966Z ##[endgroup]
CI / Test (py3.11)	UNKNOWN STEP	2026-10-07T13:11:51.4840309Z Requirement already satisfied: pip in /opt/hostedtoolcache/Python/3.11.16/x64/lib/python3.11/site-packages (26.2.1)
CI / Test (py3.11)	UNKNOWN STEP	2026-10-07T13:11:51.9262620Z Collecting Flask<4.0.0,>=3.0.0 (from -r /home/runner/work/devops-coursework/devops-coursework/labs/16-github-actions/requirements.txt (line 1))
CI / Test (py3.11)	UNKNOWN STEP	2026-10-07T13:11:51.9280590Z   Using cached flask-3.1.3-py3-none-any.whl.metadata (3.2 kB)
CI / Test (py3.11)	UNKNOWN STEP	2026-10-07T13:11:51.9383646Z Collecting gunicorn<24.0.0,>=22.0.0 (from -r /home/runner/work/devops-coursework/devops-coursework/labs/16-github-actions/requirements.txt (line 2))
CI / Test (py3.11)	UNKNOWN STEP	2026-10-07T13:11:51.9399832Z   Using cached gunicorn-23.0.0-py3-none-any.whl.metadata (4.4 kB)
CI / Test (py3.11)	UNKNOWN STEP	2026-10-07T13:11:51.9591233Z Collecting pytest<9.0.0,>=8.0.0 (from -r requirements-dev.txt (line 2))
CI / Test (py3.11)	UNKNOWN STEP	2026-10-07T13:11:51.9609683Z   Using cached pytest-8.4.2-py3-none-any.whl.metadata (7.7 kB)
CI / Test (py3.11)	UNKNOWN STEP	2026-10-07T13:11:51.9696197Z Collecting pytest-cov<7.0.0,>=5.0.0 (from -r requirements-dev.txt (line 3))
CI / Test (py3.11)	UNKNOWN STEP	2026-10-07T13:11:51.9712077Z   Using cached pytest_cov-6.3.0-py3-none-any.whl.metadata (30 kB)
CI / Test (py3.11)	UNKNOWN STEP	2026-10-07T13:11:51.9973648Z Collecting flake8<8.0.0,>=7.0.0 (from -r requirements-dev.txt (line 4))
CI / Test (py3.11)	UNKNOWN STEP	2026-10-07T13:11:51.9989883Z   Using cached flake8-7.4.1-py2.py3-none-any.whl.metadata (3.8 kB)
CI / Test (py3.11)	UNKNOWN STEP	2026-10-07T13:11:52.0038477Z Collecting blinker>=1.9.0 (from Flask<4.0.0,>=3.0.0->-r /home/runner/work/devops-coursework/devops-coursework/labs/16-github-actions/requirements.txt (line 1))
CI / Test (py3.11)	UNKNOWN STEP	2026-10-07T13:11:52.0061656Z   Using cached blinker-1.9.0-py3-none-any.whl.metadata (1.6 kB)
CI / Test (py3.11)	UNKNOWN STEP	2026-10-07T13:11:52.0185301Z Collecting click>=8.1.3 (from Flask<4.0.0,>=3.0.0->-r /home/runner/work/devops-coursework/devops-coursework/labs/16-github-actions/requirements.txt (line 1))
CI / Test (py3.11)	UNKNOWN STEP	2026-10-07T13:11:52.0202160Z   Using cached click-8.5.0-py3-none-any.whl.metadata (2.6 kB)
CI / Test (py3.11)	UNKNOWN STEP	2026-10-07T13:11:52.0250579Z Collecting itsdangerous>=2.2.0 (from Flask<4.0.0,>=3.0.0->-r /home/runner/work/devops-coursework/devops-coursework/labs/16-github-actions/requirements.txt (line 1))
CI / Test (py3.11)	UNKNOWN STEP	2026-10-07T13:11:52.0265739Z   Using cached itsdangerous-2.2.0-py3-none-any.whl.metadata (1.9 kB)
CI / Test (py3.11)	UNKNOWN STEP	2026-10-07T13:11:52.0338567Z Collecting jinja2>=3.1.2 (from Flask<4.0.0,>=3.0.0->-r /home/runner/work/devops-coursework/devops-coursework/labs/16-github-actions/requirements.txt (line 1))
CI / Test (py3.11)	UNKNOWN STEP	2026-10-07T13:11:52.0355069Z   Using cached jinja2-3.1.6-py3-none-any.whl.metadata (2.9 kB)
CI / Test (py3.11)	UNKNOWN STEP	2026-10-07T13:11:52.0814408Z Collecting markupsafe>=2.1.1 (from Flask<4.0.0,>=3.0.0->-r /home/runner/work/devops-coursework/devops-coursework/labs/16-github-actions/requirements.txt (line 1))
CI / Test (py3.11)	UNKNOWN STEP	2026-10-07T13:11:52.0831246Z   Using cached markupsafe-3.0.4-cp311-cp311-manylinux2014_x86_64.manylinux_2_17_x86_64.manylinux_2_28_x86_64.whl.metadata (2.7 kB)
CI / Test (py3.11)	UNKNOWN STEP	2026-10-07T13:11:52.0942013Z Collecting werkzeug>=3.1.0 (from Flask<4.0.0,>=3.0.0->-r /home/runner/work/devops-coursework/devops-coursework/labs/16-github-actions/requirements.txt (line 1))
CI / Test (py3.11)	UNKNOWN STEP	2026-10-07T13:11:52.0957852Z   Using cached werkzeug-3.1.9-py3-none-any.whl.metadata (4.1 kB)
CI / Test (py3.11)	UNKNOWN STEP	2026-10-07T13:11:52.1058481Z Collecting packaging (from gunicorn<24.0.0,>=22.0.0->-r /home/runner/work/devops-coursework/devops-coursework/labs/16-github-actions/requirements.txt (line 2))
CI / Test (py3.11)	UNKNOWN STEP	2026-10-07T13:11:52.1072340Z   Using cached packaging-26.3-py3-none-any.whl.metadata (3.5 kB)
CI / Test (py3.11)	UNKNOWN STEP	2026-10-07T13:11:52.1117477Z Collecting iniconfig>=1 (from pytest<9.0.0,>=8.0.0->-r requirements-dev.txt (line 2))
CI / Test (py3.11)	UNKNOWN STEP	2026-10-07T13:11:52.1132614Z   Using cached iniconfig-2.3.1-py3-none-any.whl.metadata (2.8 kB)
CI / Test (py3.11)	UNKNOWN STEP	2026-10-07T13:11:52.1200662Z Collecting pluggy<2,>=1.5 (from pytest<9.0.0,>=8.0.0->-r requirements-dev.txt (line 2))
CI / Test (py3.11)	UNKNOWN STEP	2026-10-07T13:11:52.1215197Z   Using cached pluggy-1.6.0-py3-none-any.whl.metadata (4.8 kB)
CI / Test (py3.11)	UNKNOWN STEP	2026-10-07T13:11:52.1326834Z Collecting pygments>=2.7.2 (from pytest<9.0.0,>=8.0.0->-r requirements-dev.txt (line 2))
CI / Test (py3.11)	UNKNOWN STEP	2026-10-07T13:11:52.1343300Z   Using cached pygments-2.21.0-py3-none-any.whl.metadata (2.5 kB)
CI / Test (py3.11)	UNKNOWN STEP	2026-10-07T13:11:52.5214625Z Collecting coverage>=7.5 (from coverage[toml]>=7.5->pytest-cov<7.0.0,>=5.0.0->-r requirements-dev.txt (line 3))
CI / Test (py3.11)	UNKNOWN STEP	2026-10-07T13:11:52.5232890Z   Using cached coverage-7.16.2-cp311-cp311-manylinux1_x86_64.manylinux_2_28_x86_64.manylinux_2_5_x86_64.whl.metadata (8.2 kB)
CI / Test (py3.11)	UNKNOWN STEP	2026-10-07T13:11:52.5295157Z Collecting mccabe<0.8.0,>=0.7.0 (from flake8<8.0.0,>=7.0.0->-r requirements-dev.txt (line 4))
CI / Test (py3.11)	UNKNOWN STEP	2026-10-07T13:11:52.5309739Z   Using cached mccabe-0.7.0-py2.py3-none-any.whl.metadata (5.0 kB)
CI / Test (py3.11)	UNKNOWN STEP	2026-10-07T13:11:52.5363649Z Collecting pycodestyle<2.16.0,>=2.15.0 (from flake8<8.0.0,>=7.0.0->-r requirements-dev.txt (line 4))
CI / Test (py3.11)	UNKNOWN STEP	2026-10-07T13:11:52.5384610Z   Using cached pycodestyle-2.15.0-py2.py3-none-any.whl.metadata (4.5 kB)
CI / Test (py3.11)	UNKNOWN STEP	2026-10-07T13:11:52.5449197Z Collecting pyflakes<4.1.0,>=4.0.0 (from flake8<8.0.0,>=7.0.0->-r requirements-dev.txt (line 4))
CI / Test (py3.11)	UNKNOWN STEP	2026-10-07T13:11:52.5463260Z   Using cached pyflakes-4.0.2-py2.py3-none-any.whl.metadata (3.7 kB)
CI / Test (py3.11)	UNKNOWN STEP	2026-10-07T13:11:52.5543503Z Using cached flask-3.1.3-py3-none-any.whl (103 kB)
CI / Test (py3.11)	UNKNOWN STEP	2026-10-07T13:11:52.5558521Z Using cached gunicorn-23.0.0-py3-none-any.whl (85 kB)
CI / Test (py3.11)	UNKNOWN STEP	2026-10-07T13:11:52.5572717Z Using cached pytest-8.4.2-py3-none-any.whl (365 kB)
CI / Test (py3.11)	UNKNOWN STEP	2026-10-07T13:11:52.5588263Z Using cached pytest_cov-6.3.0-py3-none-any.whl (25 kB)
CI / Test (py3.11)	UNKNOWN STEP	2026-10-07T13:11:52.5602021Z Using cached flake8-7.4.1-py2.py3-none-any.whl (57 kB)
CI / Test (py3.11)	UNKNOWN STEP	2026-10-07T13:11:52.5616088Z Using cached mccabe-0.7.0-py2.py3-none-any.whl (7.3 kB)
CI / Test (py3.11)	UNKNOWN STEP	2026-10-07T13:11:52.5630209Z Using cached pluggy-1.6.0-py3-none-any.whl (20 kB)
CI / Test (py3.11)	UNKNOWN STEP	2026-10-07T13:11:52.5643788Z Using cached pycodestyle-2.15.0-py2.py3-none-any.whl (31 kB)
CI / Test (py3.11)	UNKNOWN STEP	2026-10-07T13:11:52.5657677Z Using cached pyflakes-4.0.2-py2.py3-none-any.whl (66 kB)
CI / Test (py3.11)	UNKNOWN STEP	2026-10-07T13:11:52.5671771Z Using cached blinker-1.9.0-py3-none-any.whl (8.5 kB)
CI / Test (py3.11)	UNKNOWN STEP	2026-10-07T13:11:52.5685652Z Using cached click-8.5.0-py3-none-any.whl (125 kB)
CI / Test (py3.11)	UNKNOWN STEP	2026-10-07T13:11:52.5700675Z Using cached coverage-7.16.2-cp311-cp311-manylinux1_x86_64.manylinux_2_28_x86_64.manylinux_2_5_x86_64.whl (256 kB)
CI / Test (py3.11)	UNKNOWN STEP	2026-10-07T13:11:52.5715068Z Using cached iniconfig-2.3.1-py3-none-any.whl (7.6 kB)
CI / Test (py3.11)	UNKNOWN STEP	2026-10-07T13:11:52.5729225Z Using cached itsdangerous-2.2.0-py3-none-any.whl (16 kB)
CI / Test (py3.11)	UNKNOWN STEP	2026-10-07T13:11:52.5742956Z Using cached jinja2-3.1.6-py3-none-any.whl (134 kB)
CI / Test (py3.11)	UNKNOWN STEP	2026-10-07T13:11:52.5759442Z Using cached markupsafe-3.0.4-cp311-cp311-manylinux2014_x86_64.manylinux_2_17_x86_64.manylinux_2_28_x86_64.whl (22 kB)
CI / Test (py3.11)	UNKNOWN STEP	2026-10-07T13:11:52.5773167Z Using cached packaging-26.3-py3-none-any.whl (129 kB)
CI / Test (py3.11)	UNKNOWN STEP	2026-10-07T13:11:52.5787470Z Using cached pygments-2.21.0-py3-none-any.whl (1.3 MB)
CI / Test (py3.11)	UNKNOWN STEP	2026-10-07T13:11:52.5810464Z Using cached werkzeug-3.1.9-py3-none-any.whl (228 kB)
CI / Test (py3.11)	UNKNOWN STEP	2026-10-07T13:11:52.6541254Z Installing collected packages: pygments, pyflakes, pycodestyle, pluggy, packaging, mccabe, markupsafe, itsdangerous, iniconfig, coverage, click, blinker, werkzeug, pytest, jinja2, gunicorn, flake8, pytest-cov, Flask
CI / Test (py3.11)	UNKNOWN STEP	2026-10-07T13:11:54.2948072Z 
CI / Test (py3.11)	UNKNOWN STEP	2026-10-07T13:11:54.2963352Z Successfully installed Flask-3.1.3 blinker-1.9.0 click-8.5.0 coverage-7.16.2 flake8-7.4.1 gunicorn-23.0.0 iniconfig-2.3.1 itsdangerous-2.2.0 jinja2-3.1.6 markupsafe-3.0.4 mccabe-0.7.0 packaging-26.3 pluggy-1.6.0 pycodestyle-2.15.0 pyflakes-4.0.2 pygments-2.21.0 pytest-8.4.2 pytest-cov-6.3.0 werkzeug-3.1.9
CI / Test (py3.11)	UNKNOWN STEP	2026-10-07T13:11:54.3731891Z ##[group]Run mkdir -p reports
CI / Test (py3.11)	UNKNOWN STEP	2026-10-07T13:11:54.3732254Z [36;1mmkdir -p reports[0m
CI / Test (py3.11)	UNKNOWN STEP	2026-10-07T13:11:54.3732502Z [36;1mpytest \[0m
CI / Test (py3.11)	UNKNOWN STEP	2026-10-07T13:11:54.3732754Z [36;1m  --junitxml=reports/junit-py3.11.xml \[0m
CI / Test (py3.11)	UNKNOWN STEP	2026-10-07T13:11:54.3733079Z [36;1m  --cov=app \[0m
CI / Test (py3.11)	UNKNOWN STEP	2026-10-07T13:11:54.3733323Z [36;1m  --cov-report=term \[0m
CI / Test (py3.11)	UNKNOWN STEP	2026-10-07T13:11:54.3733647Z [36;1m  --cov-report=xml:reports/coverage-py3.11.xml[0m
CI / Test (py3.11)	UNKNOWN STEP	2026-10-07T13:11:54.3798946Z shell: /usr/bin/bash -e {0}
CI / Test (py3.11)	UNKNOWN STEP	2026-10-07T13:11:54.3799216Z env:
CI / Test (py3.11)	UNKNOWN STEP	2026-10-07T13:11:54.3799435Z   APP_DIR: labs/16-github-actions
CI / Test (py3.11)	UNKNOWN STEP	2026-10-07T13:11:54.3799712Z   IMAGE_NAME: yatri-fare-api
CI / Test (py3.11)	UNKNOWN STEP	2026-10-07T13:11:54.3800036Z   pythonLocation: /opt/hostedtoolcache/Python/3.11.16/x64
CI / Test (py3.11)	UNKNOWN STEP	2026-10-07T13:11:54.3800488Z   PKG_CONFIG_PATH: /opt/hostedtoolcache/Python/3.11.16/x64/lib/pkgconfig
CI / Test (py3.11)	UNKNOWN STEP	2026-10-07T13:11:54.3800953Z   Python_ROOT_DIR: /opt/hostedtoolcache/Python/3.11.16/x64
CI / Test (py3.11)	UNKNOWN STEP	2026-10-07T13:11:54.3801376Z   Python2_ROOT_DIR: /opt/hostedtoolcache/Python/3.11.16/x64
CI / Test (py3.11)	UNKNOWN STEP	2026-10-07T13:11:54.3801776Z   Python3_ROOT_DIR: /opt/hostedtoolcache/Python/3.11.16/x64
CI / Test (py3.11)	UNKNOWN STEP	2026-10-07T13:11:54.3802173Z   LD_LIBRARY_PATH: /opt/hostedtoolcache/Python/3.11.16/x64/lib
CI / Test (py3.11)	UNKNOWN STEP	2026-10-07T13:11:54.3802547Z ##[endgroup]
CI / Test (py3.11)	UNKNOWN STEP	2026-10-07T13:11:54.9559082Z ============================= test session starts ==============================
CI / Test (py3.11)	UNKNOWN STEP	2026-10-07T13:11:54.9560044Z platform linux -- Python 3.11.16, pytest-8.4.2, pluggy-1.6.0 -- /opt/hostedtoolcache/Python/3.11.16/x64/bin/python
CI / Test (py3.11)	UNKNOWN STEP	2026-10-07T13:11:54.9560884Z cachedir: .pytest_cache
CI / Test (py3.11)	UNKNOWN STEP	2026-10-07T13:11:54.9561481Z rootdir: /home/runner/work/devops-coursework/devops-coursework/labs/16-github-actions
CI / Test (py3.11)	UNKNOWN STEP	2026-10-07T13:11:54.9562149Z configfile: setup.cfg
CI / Test (py3.11)	UNKNOWN STEP	2026-10-07T13:11:54.9562481Z testpaths: tests
CI / Test (py3.11)	UNKNOWN STEP	2026-10-07T13:11:54.9562791Z plugins: cov-6.3.0
CI / Test (py3.11)	UNKNOWN STEP	2026-10-07T13:11:55.1945874Z collecting ... collected 20 items
CI / Test (py3.11)	UNKNOWN STEP	2026-10-07T13:11:55.1946797Z 
CI / Test (py3.11)	UNKNOWN STEP	2026-10-07T13:11:55.2080657Z tests/test_fare.py::test_validate_trip_accepts_a_normal_trip PASSED      [  5%]
CI / Test (py3.11)	UNKNOWN STEP	2026-10-07T13:11:55.2102315Z tests/test_fare.py::test_validate_trip_rejects_bad_input[0-10-1.0] PASSED [ 10%]
CI / Test (py3.11)	UNKNOWN STEP	2026-10-07T13:11:55.2118953Z tests/test_fare.py::test_validate_trip_rejects_bad_input[-3-10-1.0] PASSED [ 15%]
CI / Test (py3.11)	UNKNOWN STEP	2026-10-07T13:11:55.2135010Z tests/test_fare.py::test_validate_trip_rejects_bad_input[5-0-1.0] PASSED [ 20%]
CI / Test (py3.11)	UNKNOWN STEP	2026-10-07T13:11:55.2150923Z tests/test_fare.py::test_validate_trip_rejects_bad_input[5--1-1.0] PASSED [ 25%]
CI / Test (py3.11)	UNKNOWN STEP	2026-10-07T13:11:55.2166413Z tests/test_fare.py::test_validate_trip_rejects_bad_input[5-10-0.5] PASSED [ 30%]
CI / Test (py3.11)	UNKNOWN STEP	2026-10-07T13:11:55.2180105Z tests/test_fare.py::test_compute_fare_matches_the_published_formula PASSED [ 35%]
CI / Test (py3.11)	UNKNOWN STEP	2026-10-07T13:11:55.2193343Z tests/test_fare.py::test_compute_fare_applies_surge_multiplier PASSED    [ 40%]
CI / Test (py3.11)	UNKNOWN STEP	2026-10-07T13:11:55.2206313Z tests/test_fare.py::test_compute_fare_adds_night_surcharge PASSED        [ 45%]
CI / Test (py3.11)	UNKNOWN STEP	2026-10-07T13:11:55.2219325Z tests/test_fare.py::test_compute_fare_never_drops_below_minimum PASSED   [ 50%]
CI / Test (py3.11)	UNKNOWN STEP	2026-10-07T13:11:55.2232117Z tests/test_fare.py::test_apply_coupon_is_case_insensitive PASSED         [ 55%]
CI / Test (py3.11)	UNKNOWN STEP	2026-10-07T13:11:55.2245039Z tests/test_fare.py::test_apply_coupon_rejects_unknown_code PASSED        [ 60%]
CI / Test (py3.11)	UNKNOWN STEP	2026-10-07T13:11:55.2257883Z tests/test_fare.py::test_apply_coupon_rejects_negative_amount PASSED     [ 65%]
CI / Test (py3.11)	UNKNOWN STEP	2026-10-07T13:11:55.2270890Z tests/test_fare.py::test_split_fare_shares_sum_back_to_the_total PASSED  [ 70%]
CI / Test (py3.11)	UNKNOWN STEP	2026-10-07T13:11:55.2284861Z tests/test_fare.py::test_split_fare_rejects_zero_riders PASSED           [ 75%]
CI / Test (py3.11)	UNKNOWN STEP	2026-10-07T13:11:55.2362574Z tests/test_server.py::test_health_endpoint PASSED                        [ 80%]
CI / Test (py3.11)	UNKNOWN STEP	2026-10-07T13:11:55.2385159Z tests/test_server.py::test_version_endpoint_reports_build_metadata PASSED [ 85%]
CI / Test (py3.11)	UNKNOWN STEP	2026-10-07T13:11:55.2408983Z tests/test_server.py::test_fare_endpoint_prices_a_trip PASSED            [ 90%]
CI / Test (py3.11)	UNKNOWN STEP	2026-10-07T13:11:55.2431833Z tests/test_server.py::test_fare_endpoint_applies_a_coupon_and_splits PASSED [ 95%]
CI / Test (py3.11)	UNKNOWN STEP	2026-10-07T13:11:55.3190630Z tests/test_server.py::test_fare_endpoint_rejects_an_invalid_trip PASSED  [100%]
CI / Test (py3.11)	UNKNOWN STEP	2026-10-07T13:11:55.3191439Z 
CI / Test (py3.11)	UNKNOWN STEP	2026-10-07T13:11:55.3192141Z - generated xml file: /home/runner/work/devops-coursework/devops-coursework/labs/16-github-actions/reports/junit-py3.11.xml -
CI / Test (py3.11)	UNKNOWN STEP	2026-10-07T13:11:55.3193454Z ================================ tests coverage ================================
CI / Test (py3.11)	UNKNOWN STEP	2026-10-07T13:11:55.3194320Z _______________ coverage: platform linux, python 3.11.16-final-0 _______________
CI / Test (py3.11)	UNKNOWN STEP	2026-10-07T13:11:55.3194944Z 
CI / Test (py3.11)	UNKNOWN STEP	2026-10-07T13:11:55.3195079Z Name              Stmts   Miss  Cover
CI / Test (py3.11)	UNKNOWN STEP	2026-10-07T13:11:55.3195432Z -------------------------------------
CI / Test (py3.11)	UNKNOWN STEP	2026-10-07T13:11:55.3195774Z app/__init__.py       1      0   100%
CI / Test (py3.11)	UNKNOWN STEP	2026-10-07T13:11:55.3196114Z app/fare.py          36      0   100%
CI / Test (py3.11)	UNKNOWN STEP	2026-10-07T13:11:55.3196452Z app/server.py        28      3    89%
CI / Test (py3.11)	UNKNOWN STEP	2026-10-07T13:11:55.3196801Z -------------------------------------
CI / Test (py3.11)	UNKNOWN STEP	2026-10-07T13:11:55.3197573Z TOTAL                65      3    95%
CI / Test (py3.11)	UNKNOWN STEP	2026-10-07T13:11:55.3197988Z Coverage XML written to file reports/coverage-py3.11.xml
CI / Test (py3.11)	UNKNOWN STEP	2026-10-07T13:11:55.3198500Z ============================== 20 passed in 0.32s ==============================
CI / Test (py3.11)	UNKNOWN STEP	2026-10-07T13:11:55.3724676Z ##[group]Run actions/upload-artifact@v4
CI / Test (py3.11)	UNKNOWN STEP	2026-10-07T13:11:55.3724986Z with:
CI / Test (py3.11)	UNKNOWN STEP	2026-10-07T13:11:55.3725200Z   name: test-report-py3.11
CI / Test (py3.11)	UNKNOWN STEP	2026-10-07T13:11:55.3725469Z   path: labs/16-github-actions/reports/
CI / Test (py3.11)	UNKNOWN STEP	2026-10-07T13:11:55.3725743Z   retention-days: 7
CI / Test (py3.11)	UNKNOWN STEP	2026-10-07T13:11:55.3725966Z   if-no-files-found: error
CI / Test (py3.11)	UNKNOWN STEP	2026-10-07T13:11:55.3726200Z   compression-level: 6
CI / Test (py3.11)	UNKNOWN STEP	2026-10-07T13:11:55.3726419Z   overwrite: false
CI / Test (py3.11)	UNKNOWN STEP	2026-10-07T13:11:55.3726641Z   include-hidden-files: false
CI / Test (py3.11)	UNKNOWN STEP	2026-10-07T13:11:55.3726877Z env:
CI / Test (py3.11)	UNKNOWN STEP	2026-10-07T13:11:55.3727355Z   APP_DIR: labs/16-github-actions
CI / Test (py3.11)	UNKNOWN STEP	2026-10-07T13:11:55.3727620Z   IMAGE_NAME: yatri-fare-api
CI / Test (py3.11)	UNKNOWN STEP	2026-10-07T13:11:55.3727931Z   pythonLocation: /opt/hostedtoolcache/Python/3.11.16/x64
CI / Test (py3.11)	UNKNOWN STEP	2026-10-07T13:11:55.3728548Z   PKG_CONFIG_PATH: /opt/hostedtoolcache/Python/3.11.16/x64/lib/pkgconfig
CI / Test (py3.11)	UNKNOWN STEP	2026-10-07T13:11:55.3728972Z   Python_ROOT_DIR: /opt/hostedtoolcache/Python/3.11.16/x64
CI / Test (py3.11)	UNKNOWN STEP	2026-10-07T13:11:55.3729348Z   Python2_ROOT_DIR: /opt/hostedtoolcache/Python/3.11.16/x64
CI / Test (py3.11)	UNKNOWN STEP	2026-10-07T13:11:55.3729749Z   Python3_ROOT_DIR: /opt/hostedtoolcache/Python/3.11.16/x64
CI / Test (py3.11)	UNKNOWN STEP	2026-10-07T13:11:55.3730132Z   LD_LIBRARY_PATH: /opt/hostedtoolcache/Python/3.11.16/x64/lib
CI / Test (py3.11)	UNKNOWN STEP	2026-10-07T13:11:55.3730451Z ##[endgroup]
CI / Test (py3.11)	UNKNOWN STEP	2026-10-07T13:11:55.5401321Z (node:2487) [DEP0040] DeprecationWarning: The `punycode` module is deprecated. Please use a userland alternative instead.
CI / Test (py3.11)	UNKNOWN STEP	2026-10-07T13:11:55.5402646Z (Use `node --trace-deprecation ...` to show where the warning was created)
CI / Test (py3.11)	UNKNOWN STEP	2026-10-07T13:11:55.5502812Z With the provided path, there will be 2 files uploaded
CI / Test (py3.11)	UNKNOWN STEP	2026-10-07T13:11:55.5509855Z Artifact name is valid!
CI / Test (py3.11)	UNKNOWN STEP	2026-10-07T13:11:55.5510980Z Root directory input is valid!
CI / Test (py3.11)	UNKNOWN STEP	2026-10-07T13:11:55.9280196Z Beginning upload of artifact content to blob storage
CI / Test (py3.11)	UNKNOWN STEP	2026-10-07T13:11:55.9492642Z (node:2487) [DEP0169] DeprecationWarning: `url.parse()` behavior is not standardized and prone to errors that have security implications. Use the WHATWG URL API instead. CVEs are not issued for `url.parse()` vulnerabilities.
CI / Test (py3.11)	UNKNOWN STEP	2026-10-07T13:11:56.2399403Z Uploaded bytes 1393
CI / Test (py3.11)	UNKNOWN STEP	2026-10-07T13:11:56.3183980Z Finished uploading artifact content to blob storage!
CI / Test (py3.11)	UNKNOWN STEP	2026-10-07T13:11:56.3185437Z SHA256 digest of uploaded artifact zip is d4ceb0a0d19546291952f43ea83bd918e3ea99250c927307880eee6c5d6c68da
CI / Test (py3.11)	UNKNOWN STEP	2026-10-07T13:11:56.3187555Z Finalizing artifact upload
CI / Test (py3.11)	UNKNOWN STEP	2026-10-07T13:11:56.5886702Z Artifact test-report-py3.11.zip successfully finalized. Artifact ID 11484437538
CI / Test (py3.11)	UNKNOWN STEP	2026-10-07T13:11:56.5888268Z Artifact test-report-py3.11 has been successfully uploaded! Final size is 1393 bytes. Artifact ID is 11484437538
CI / Test (py3.11)	UNKNOWN STEP	2026-10-07T13:11:56.5894133Z Artifact download URL: https://github.com/AmanYadav7015/devops-coursework/actions/runs/37626587346/artifacts/11484437538
CI / Test (py3.11)	UNKNOWN STEP	2026-10-07T13:11:56.6608255Z Post job cleanup.
CI / Test (py3.11)	UNKNOWN STEP	2026-10-07T13:11:56.7754057Z Cache hit occurred on the primary key Linux-pip-3.11-a3a5c8adb68fa7ecbb63a699b6d8e740c42d189567bf6ae26489173e52d15171, not saving cache.
CI / Test (py3.11)	UNKNOWN STEP	2026-10-07T13:11:56.7755863Z (node:2511) [DEP0040] DeprecationWarning: The `punycode` module is deprecated. Please use a userland alternative instead.
CI / Test (py3.11)	UNKNOWN STEP	2026-10-07T13:11:56.7757322Z (Use `node --trace-deprecation ...` to show where the warning was created)
CI / Test (py3.11)	UNKNOWN STEP	2026-10-07T13:11:56.7885615Z Post job cleanup.
CI / Test (py3.11)	UNKNOWN STEP	2026-10-07T13:11:56.9192143Z (node:2519) [DEP0040] DeprecationWarning: The `punycode` module is deprecated. Please use a userland alternative instead.
CI / Test (py3.11)	UNKNOWN STEP	2026-10-07T13:11:56.9193520Z (Use `node --trace-deprecation ...` to show where the warning was created)
CI / Test (py3.11)	UNKNOWN STEP	2026-10-07T13:11:56.9362703Z Post job cleanup.
CI / Test (py3.11)	UNKNOWN STEP	2026-10-07T13:11:57.0260994Z [command]/usr/bin/git version
CI / Test (py3.11)	UNKNOWN STEP	2026-10-07T13:11:57.0304232Z git version 2.55.0
CI / Test (py3.11)	UNKNOWN STEP	2026-10-07T13:11:57.0347167Z Temporarily overriding HOME='/home/runner/work/_temp/e1c86bed-881f-4146-aba1-6c19d378c25f' before making global git config changes
CI / Test (py3.11)	UNKNOWN STEP	2026-10-07T13:11:57.0348737Z Adding repository directory to the temporary git global config as a safe directory
CI / Test (py3.11)	UNKNOWN STEP	2026-10-07T13:11:57.0353820Z [command]/usr/bin/git config --global --add safe.directory /home/runner/work/devops-coursework/devops-coursework
CI / Test (py3.11)	UNKNOWN STEP	2026-10-07T13:11:57.0400908Z [command]/usr/bin/git config --local --name-only --get-regexp core\.sshCommand
CI / Test (py3.11)	UNKNOWN STEP	2026-10-07T13:11:57.0444814Z [command]/usr/bin/git submodule foreach --recursive sh -c "git config --local --name-only --get-regexp 'core\.sshCommand' && git config --local --unset-all 'core.sshCommand' || :"
CI / Test (py3.11)	UNKNOWN STEP	2026-10-07T13:11:57.0710841Z [command]/usr/bin/git config --local --name-only --get-regexp http\.https\:\/\/github\.com\/\.extraheader
CI / Test (py3.11)	UNKNOWN STEP	2026-10-07T13:11:57.0752313Z http.https://github.com/.extraheader
CI / Test (py3.11)	UNKNOWN STEP	2026-10-07T13:11:57.0776258Z [command]/usr/bin/git config --local --unset-all http.https://github.com/.extraheader
CI / Test (py3.11)	UNKNOWN STEP	2026-10-07T13:11:57.0807883Z [command]/usr/bin/git submodule foreach --recursive sh -c "git config --local --name-only --get-regexp 'http\.https\:\/\/github\.com\/\.extraheader' && git config --local --unset-all 'http.https://github.com/.extraheader' || :"
CI / Test (py3.11)	UNKNOWN STEP	2026-10-07T13:11:57.1081497Z [command]/usr/bin/git config --local --name-only --get-regexp ^includeIf\.gitdir:
CI / Test (py3.11)	UNKNOWN STEP	2026-10-07T13:11:57.1135108Z [command]/usr/bin/git submodule foreach --recursive git config --local --show-origin --name-only --get-regexp remote.origin.url
CI / Test (py3.11)	UNKNOWN STEP	2026-10-07T13:11:57.1611600Z Cleaning up orphan processes
CI / Test (py3.11)	UNKNOWN STEP	2026-10-07T13:11:57.1906782Z ##[warning]Node.js 20 is deprecated. The following actions target Node.js 20 but are being forced to run on Node.js 24: actions/cache@v4, actions/checkout@v4, actions/setup-python@v5, actions/upload-artifact@v4. For more information see: https://github.blog/changelog/2025-09-19-deprecation-of-node-20-on-github-actions-runners/
CI / Test (py3.12)	UNKNOWN STEP	﻿2026-10-07T13:11:45.7964456Z Current runner version: '2.337.0'
CI / Test (py3.12)	UNKNOWN STEP	2026-10-07T13:11:45.7984928Z ##[group]Runner Image Provisioner
CI / Test (py3.12)	UNKNOWN STEP	2026-10-07T13:11:45.7985700Z Hosted Compute Agent
CI / Test (py3.12)	UNKNOWN STEP	2026-10-07T13:11:45.7986183Z Version: 20261002.596
CI / Test (py3.12)	UNKNOWN STEP	2026-10-07T13:11:45.7986743Z Commit: c3d12f3313a95f25162a1503be624f3b0617f8c0
CI / Test (py3.12)	UNKNOWN STEP	2026-10-07T13:11:45.7987358Z Build Date: 2026-10-02T22:28:27Z
CI / Test (py3.12)	UNKNOWN STEP	2026-10-07T13:11:45.7987928Z Worker ID: {b2393b82-a06c-434e-85cd-89e7e42d73dc}
CI / Test (py3.12)	UNKNOWN STEP	2026-10-07T13:11:45.7988550Z Region: westus3
CI / Test (py3.12)	UNKNOWN STEP	2026-10-07T13:11:45.7989001Z Cloud: Azure
CI / Test (py3.12)	UNKNOWN STEP	2026-10-07T13:11:45.7989481Z ##[endgroup]
CI / Test (py3.12)	UNKNOWN STEP	2026-10-07T13:11:45.7990604Z ##[group]Operating System
CI / Test (py3.12)	UNKNOWN STEP	2026-10-07T13:11:45.7991095Z Ubuntu
CI / Test (py3.12)	UNKNOWN STEP	2026-10-07T13:11:45.7991752Z 24.04.5
CI / Test (py3.12)	UNKNOWN STEP	2026-10-07T13:11:45.7992175Z LTS
CI / Test (py3.12)	UNKNOWN STEP	2026-10-07T13:11:45.7992624Z ##[endgroup]
CI / Test (py3.12)	UNKNOWN STEP	2026-10-07T13:11:45.7993125Z ##[group]Runner Image
CI / Test (py3.12)	UNKNOWN STEP	2026-10-07T13:11:45.7993590Z Image: ubuntu-24.04
CI / Test (py3.12)	UNKNOWN STEP	2026-10-07T13:11:45.7994132Z Version: 20261004.327.1
CI / Test (py3.12)	UNKNOWN STEP	2026-10-07T13:11:45.7995129Z Included Software: https://github.com/actions/runner-images/blob/ubuntu24/20261004.327/images/ubuntu/Ubuntu2404-Readme.md
CI / Test (py3.12)	UNKNOWN STEP	2026-10-07T13:11:45.7996408Z Image Release: https://github.com/actions/runner-images/releases/tag/ubuntu24%2F20261004.327
CI / Test (py3.12)	UNKNOWN STEP	2026-10-07T13:11:45.7997140Z ##[endgroup]
CI / Test (py3.12)	UNKNOWN STEP	2026-10-07T13:11:45.7998453Z ##[group]GITHUB_TOKEN Permissions
CI / Test (py3.12)	UNKNOWN STEP	2026-10-07T13:11:45.8000164Z Contents: read
CI / Test (py3.12)	UNKNOWN STEP	2026-10-07T13:11:45.8000734Z Metadata: read
CI / Test (py3.12)	UNKNOWN STEP	2026-10-07T13:11:45.8001192Z ##[endgroup]
CI / Test (py3.12)	UNKNOWN STEP	2026-10-07T13:11:45.8003250Z Secret source: Actions
CI / Test (py3.12)	UNKNOWN STEP	2026-10-07T13:11:45.8004041Z Cache mode: write
CI / Test (py3.12)	UNKNOWN STEP	2026-10-07T13:11:45.8004795Z Prepare workflow directory
CI / Test (py3.12)	UNKNOWN STEP	2026-10-07T13:11:45.8331282Z Prepare all required actions
CI / Test (py3.12)	UNKNOWN STEP	2026-10-07T13:11:45.8371086Z Getting action download info
CI / Test (py3.12)	UNKNOWN STEP	2026-10-07T13:11:46.1381113Z Download action repository 'actions/checkout@v4' (SHA:11d5960a326750d5838078e36cf38b85af677262)
CI / Test (py3.12)	UNKNOWN STEP	2026-10-07T13:11:46.3030220Z Download action repository 'actions/setup-python@v5' (SHA:a26af69be951a213d495a4c3e4e4022e16d87065)
CI / Test (py3.12)	UNKNOWN STEP	2026-10-07T13:11:46.5750390Z Download action repository 'actions/cache@v4' (SHA:0057852bfaa89a56745cba8c7296529d2fc39830)
CI / Test (py3.12)	UNKNOWN STEP	2026-10-07T13:11:46.8997384Z Download action repository 'actions/upload-artifact@v4' (SHA:ea165f8d65b6e75b540449e92b4886f43607fa02)
CI / Test (py3.12)	UNKNOWN STEP	2026-10-07T13:11:47.3791710Z Complete job name: CI / Test (py3.12)
CI / Test (py3.12)	UNKNOWN STEP	2026-10-07T13:11:47.4473458Z ##[group]Run actions/checkout@v4
CI / Test (py3.12)	UNKNOWN STEP	2026-10-07T13:11:47.4474586Z with:
CI / Test (py3.12)	UNKNOWN STEP	2026-10-07T13:11:47.4475360Z   repository: AmanYadav7015/devops-coursework
CI / Test (py3.12)	UNKNOWN STEP	2026-10-07T13:11:47.4482828Z   token: ***
CI / Test (py3.12)	UNKNOWN STEP	2026-10-07T13:11:47.4483550Z   ssh-strict: true
CI / Test (py3.12)	UNKNOWN STEP	2026-10-07T13:11:47.4484277Z   ssh-user: git
CI / Test (py3.12)	UNKNOWN STEP	2026-10-07T13:11:47.4485014Z   persist-credentials: true
CI / Test (py3.12)	UNKNOWN STEP	2026-10-07T13:11:47.4485818Z   clean: true
CI / Test (py3.12)	UNKNOWN STEP	2026-10-07T13:11:47.4486561Z   sparse-checkout-cone-mode: true
CI / Test (py3.12)	UNKNOWN STEP	2026-10-07T13:11:47.4487422Z   fetch-depth: 1
CI / Test (py3.12)	UNKNOWN STEP	2026-10-07T13:11:47.4488144Z   fetch-tags: false
CI / Test (py3.12)	UNKNOWN STEP	2026-10-07T13:11:47.4488880Z   show-progress: true
CI / Test (py3.12)	UNKNOWN STEP	2026-10-07T13:11:47.4489637Z   lfs: false
CI / Test (py3.12)	UNKNOWN STEP	2026-10-07T13:11:47.4490329Z   submodules: false
CI / Test (py3.12)	UNKNOWN STEP	2026-10-07T13:11:47.4491074Z   set-safe-directory: true
CI / Test (py3.12)	UNKNOWN STEP	2026-10-07T13:11:47.4492057Z   allow-unsafe-pr-checkout: false
CI / Test (py3.12)	UNKNOWN STEP	2026-10-07T13:11:47.4493128Z env:
CI / Test (py3.12)	UNKNOWN STEP	2026-10-07T13:11:47.4493820Z   APP_DIR: labs/16-github-actions
CI / Test (py3.12)	UNKNOWN STEP	2026-10-07T13:11:47.4494685Z   IMAGE_NAME: yatri-fare-api
CI / Test (py3.12)	UNKNOWN STEP	2026-10-07T13:11:47.4495483Z ##[endgroup]
CI / Test (py3.12)	UNKNOWN STEP	2026-10-07T13:11:47.5351370Z Syncing repository: AmanYadav7015/devops-coursework
CI / Test (py3.12)	UNKNOWN STEP	2026-10-07T13:11:47.5354813Z ##[group]Getting Git version info
CI / Test (py3.12)	UNKNOWN STEP	2026-10-07T13:11:47.5356726Z Working directory is '/home/runner/work/devops-coursework/devops-coursework'
CI / Test (py3.12)	UNKNOWN STEP	2026-10-07T13:11:47.5359504Z [command]/usr/bin/git version
CI / Test (py3.12)	UNKNOWN STEP	2026-10-07T13:11:47.5375255Z git version 2.55.0
CI / Test (py3.12)	UNKNOWN STEP	2026-10-07T13:11:47.5392089Z ##[endgroup]
CI / Test (py3.12)	UNKNOWN STEP	2026-10-07T13:11:47.5403635Z Temporarily overriding HOME='/home/runner/work/_temp/a2ce6d5d-bbbd-45fa-8f5a-43ea154a04ce' before making global git config changes
CI / Test (py3.12)	UNKNOWN STEP	2026-10-07T13:11:47.5407175Z Adding repository directory to the temporary git global config as a safe directory
CI / Test (py3.12)	UNKNOWN STEP	2026-10-07T13:11:47.5410350Z [command]/usr/bin/git config --global --add safe.directory /home/runner/work/devops-coursework/devops-coursework
CI / Test (py3.12)	UNKNOWN STEP	2026-10-07T13:11:47.5448141Z Deleting the contents of '/home/runner/work/devops-coursework/devops-coursework'
CI / Test (py3.12)	UNKNOWN STEP	2026-10-07T13:11:47.5452851Z ##[group]Initializing the repository
CI / Test (py3.12)	UNKNOWN STEP	2026-10-07T13:11:47.5457080Z [command]/usr/bin/git init /home/runner/work/devops-coursework/devops-coursework
CI / Test (py3.12)	UNKNOWN STEP	2026-10-07T13:11:47.5532354Z hint: Using 'master' as the name for the initial branch. This default branch name
CI / Test (py3.12)	UNKNOWN STEP	2026-10-07T13:11:47.5539921Z hint: will change to "main" in Git 3.0. To configure the initial branch name
CI / Test (py3.12)	UNKNOWN STEP	2026-10-07T13:11:47.5541556Z hint: to use in all of your new repositories, which will suppress this warning,
CI / Test (py3.12)	UNKNOWN STEP	2026-10-07T13:11:47.5543483Z hint: call:
CI / Test (py3.12)	UNKNOWN STEP	2026-10-07T13:11:47.5545377Z hint:
CI / Test (py3.12)	UNKNOWN STEP	2026-10-07T13:11:47.5546743Z hint: 	git config --global init.defaultBranch <name>
CI / Test (py3.12)	UNKNOWN STEP	2026-10-07T13:11:47.5548210Z hint:
CI / Test (py3.12)	UNKNOWN STEP	2026-10-07T13:11:47.5549678Z hint: Names commonly chosen instead of 'master' are 'main', 'trunk' and
CI / Test (py3.12)	UNKNOWN STEP	2026-10-07T13:11:47.5553567Z hint: 'development'. The just-created branch can be renamed via this command:
CI / Test (py3.12)	UNKNOWN STEP	2026-10-07T13:11:47.5557441Z hint:
CI / Test (py3.12)	UNKNOWN STEP	2026-10-07T13:11:47.5558147Z hint: 	git branch -m <name>
CI / Test (py3.12)	UNKNOWN STEP	2026-10-07T13:11:47.5558930Z hint:
CI / Test (py3.12)	UNKNOWN STEP	2026-10-07T13:11:47.5559970Z hint: Disable this message with "git config set advice.defaultBranchName false"
CI / Test (py3.12)	UNKNOWN STEP	2026-10-07T13:11:47.5562189Z Initialized empty Git repository in /home/runner/work/devops-coursework/devops-coursework/.git/
CI / Test (py3.12)	UNKNOWN STEP	2026-10-07T13:11:47.5566413Z [command]/usr/bin/git remote add origin https://github.com/AmanYadav7015/devops-coursework
CI / Test (py3.12)	UNKNOWN STEP	2026-10-07T13:11:47.5604974Z ##[endgroup]
CI / Test (py3.12)	UNKNOWN STEP	2026-10-07T13:11:47.5607329Z ##[group]Disabling automatic garbage collection
CI / Test (py3.12)	UNKNOWN STEP	2026-10-07T13:11:47.5608531Z [command]/usr/bin/git config --local gc.auto 0
CI / Test (py3.12)	UNKNOWN STEP	2026-10-07T13:11:47.5638495Z ##[endgroup]
CI / Test (py3.12)	UNKNOWN STEP	2026-10-07T13:11:47.5640343Z ##[group]Setting up auth
CI / Test (py3.12)	UNKNOWN STEP	2026-10-07T13:11:47.5643284Z [command]/usr/bin/git config --local --name-only --get-regexp core\.sshCommand
CI / Test (py3.12)	UNKNOWN STEP	2026-10-07T13:11:47.5670582Z [command]/usr/bin/git submodule foreach --recursive sh -c "git config --local --name-only --get-regexp 'core\.sshCommand' && git config --local --unset-all 'core.sshCommand' || :"
CI / Test (py3.12)	UNKNOWN STEP	2026-10-07T13:11:47.5958625Z [command]/usr/bin/git config --local --name-only --get-regexp http\.https\:\/\/github\.com\/\.extraheader
CI / Test (py3.12)	UNKNOWN STEP	2026-10-07T13:11:47.5994697Z [command]/usr/bin/git submodule foreach --recursive sh -c "git config --local --name-only --get-regexp 'http\.https\:\/\/github\.com\/\.extraheader' && git config --local --unset-all 'http.https://github.com/.extraheader' || :"
CI / Test (py3.12)	UNKNOWN STEP	2026-10-07T13:11:47.6200116Z [command]/usr/bin/git config --local --name-only --get-regexp ^includeIf\.gitdir:
CI / Test (py3.12)	UNKNOWN STEP	2026-10-07T13:11:47.6233136Z [command]/usr/bin/git submodule foreach --recursive git config --local --show-origin --name-only --get-regexp remote.origin.url
CI / Test (py3.12)	UNKNOWN STEP	2026-10-07T13:11:47.6428442Z [command]/usr/bin/git config --local http.https://github.com/.extraheader AUTHORIZATION: basic ***
CI / Test (py3.12)	UNKNOWN STEP	2026-10-07T13:11:47.6464107Z ##[endgroup]
CI / Test (py3.12)	UNKNOWN STEP	2026-10-07T13:11:47.6465796Z ##[group]Fetching the repository
CI / Test (py3.12)	UNKNOWN STEP	2026-10-07T13:11:47.6472376Z [command]/usr/bin/git -c protocol.version=2 fetch --no-tags --prune --no-recurse-submodules --depth=1 origin +ff4c890fc6cd98e07b5123736952414018cc66df:refs/remotes/origin/session-16-ci
CI / Test (py3.12)	UNKNOWN STEP	2026-10-07T13:11:49.2637576Z From https://github.com/AmanYadav7015/devops-coursework
CI / Test (py3.12)	UNKNOWN STEP	2026-10-07T13:11:49.2638172Z  * [new ref]         ff4c890fc6cd98e07b5123736952414018cc66df -> origin/session-16-ci
CI / Test (py3.12)	UNKNOWN STEP	2026-10-07T13:11:49.2640879Z ##[endgroup]
CI / Test (py3.12)	UNKNOWN STEP	2026-10-07T13:11:49.2641248Z ##[group]Determining the checkout info
CI / Test (py3.12)	UNKNOWN STEP	2026-10-07T13:11:49.2643783Z ##[endgroup]
CI / Test (py3.12)	UNKNOWN STEP	2026-10-07T13:11:49.2650264Z [command]/usr/bin/git sparse-checkout disable
CI / Test (py3.12)	UNKNOWN STEP	2026-10-07T13:11:49.2718360Z [command]/usr/bin/git config --local --unset-all extensions.worktreeConfig
CI / Test (py3.12)	UNKNOWN STEP	2026-10-07T13:11:49.2737771Z ##[group]Checking out the ref
CI / Test (py3.12)	UNKNOWN STEP	2026-10-07T13:11:49.2743287Z [command]/usr/bin/git checkout --progress --force -B session-16-ci refs/remotes/origin/session-16-ci
CI / Test (py3.12)	UNKNOWN STEP	2026-10-07T13:11:49.3764910Z Switched to a new branch 'session-16-ci'
CI / Test (py3.12)	UNKNOWN STEP	2026-10-07T13:11:49.3767336Z branch 'session-16-ci' set up to track 'origin/session-16-ci'.
CI / Test (py3.12)	UNKNOWN STEP	2026-10-07T13:11:49.3775726Z ##[endgroup]
CI / Test (py3.12)	UNKNOWN STEP	2026-10-07T13:11:49.3814289Z [command]/usr/bin/git log -1 --format=%H
CI / Test (py3.12)	UNKNOWN STEP	2026-10-07T13:11:49.3837316Z ff4c890fc6cd98e07b5123736952414018cc66df
CI / Test (py3.12)	UNKNOWN STEP	2026-10-07T13:11:49.4106819Z ##[group]Run actions/setup-python@v5
CI / Test (py3.12)	UNKNOWN STEP	2026-10-07T13:11:49.4107083Z with:
CI / Test (py3.12)	UNKNOWN STEP	2026-10-07T13:11:49.4107254Z   python-version: 3.12
CI / Test (py3.12)	UNKNOWN STEP	2026-10-07T13:11:49.4107440Z   check-latest: false
CI / Test (py3.12)	UNKNOWN STEP	2026-10-07T13:11:49.4109508Z   token: ***
CI / Test (py3.12)	UNKNOWN STEP	2026-10-07T13:11:49.4109703Z   update-environment: true
CI / Test (py3.12)	UNKNOWN STEP	2026-10-07T13:11:49.4109911Z   allow-prereleases: false
CI / Test (py3.12)	UNKNOWN STEP	2026-10-07T13:11:49.4110097Z   freethreaded: false
CI / Test (py3.12)	UNKNOWN STEP	2026-10-07T13:11:49.4110270Z env:
CI / Test (py3.12)	UNKNOWN STEP	2026-10-07T13:11:49.4110436Z   APP_DIR: labs/16-github-actions
CI / Test (py3.12)	UNKNOWN STEP	2026-10-07T13:11:49.4110649Z   IMAGE_NAME: yatri-fare-api
CI / Test (py3.12)	UNKNOWN STEP	2026-10-07T13:11:49.4110847Z ##[endgroup]
CI / Test (py3.12)	UNKNOWN STEP	2026-10-07T13:11:49.5131597Z ##[group]Installed versions
CI / Test (py3.12)	UNKNOWN STEP	2026-10-07T13:11:49.5196569Z (node:2077) [DEP0040] DeprecationWarning: The `punycode` module is deprecated. Please use a userland alternative instead.
CI / Test (py3.12)	UNKNOWN STEP	2026-10-07T13:11:49.5197295Z (Use `node --trace-deprecation ...` to show where the warning was created)
CI / Test (py3.12)	UNKNOWN STEP	2026-10-07T13:11:49.5197839Z Successfully set up CPython (3.12.15)
CI / Test (py3.12)	UNKNOWN STEP	2026-10-07T13:11:49.5198463Z ##[endgroup]
CI / Test (py3.12)	UNKNOWN STEP	2026-10-07T13:11:49.5883541Z ##[group]Run actions/cache@v4
CI / Test (py3.12)	UNKNOWN STEP	2026-10-07T13:11:49.5883772Z with:
CI / Test (py3.12)	UNKNOWN STEP	2026-10-07T13:11:49.5883942Z   path: ~/.cache/pip
CI / Test (py3.12)	UNKNOWN STEP	2026-10-07T13:11:49.5884259Z   key: Linux-pip-3.12-a3a5c8adb68fa7ecbb63a699b6d8e740c42d189567bf6ae26489173e52d15171
CI / Test (py3.12)	UNKNOWN STEP	2026-10-07T13:11:49.5884630Z   restore-keys: Linux-pip-3.12-
CI / Test (py3.12)	UNKNOWN STEP	
CI / Test (py3.12)	UNKNOWN STEP	2026-10-07T13:11:49.5884859Z   enableCrossOsArchive: false
CI / Test (py3.12)	UNKNOWN STEP	2026-10-07T13:11:49.5885074Z   fail-on-cache-miss: false
CI / Test (py3.12)	UNKNOWN STEP	2026-10-07T13:11:49.5885271Z   lookup-only: false
CI / Test (py3.12)	UNKNOWN STEP	2026-10-07T13:11:49.5885447Z   save-always: false
CI / Test (py3.12)	UNKNOWN STEP	2026-10-07T13:11:49.5885619Z env:
CI / Test (py3.12)	UNKNOWN STEP	2026-10-07T13:11:49.5885786Z   APP_DIR: labs/16-github-actions
CI / Test (py3.12)	UNKNOWN STEP	2026-10-07T13:11:49.5885995Z   IMAGE_NAME: yatri-fare-api
CI / Test (py3.12)	UNKNOWN STEP	2026-10-07T13:11:49.5886240Z   pythonLocation: /opt/hostedtoolcache/Python/3.12.15/x64
CI / Test (py3.12)	UNKNOWN STEP	2026-10-07T13:11:49.5886603Z   PKG_CONFIG_PATH: /opt/hostedtoolcache/Python/3.12.15/x64/lib/pkgconfig
CI / Test (py3.12)	UNKNOWN STEP	2026-10-07T13:11:49.5886978Z   Python_ROOT_DIR: /opt/hostedtoolcache/Python/3.12.15/x64
CI / Test (py3.12)	UNKNOWN STEP	2026-10-07T13:11:49.5887312Z   Python2_ROOT_DIR: /opt/hostedtoolcache/Python/3.12.15/x64
CI / Test (py3.12)	UNKNOWN STEP	2026-10-07T13:11:49.5887629Z   Python3_ROOT_DIR: /opt/hostedtoolcache/Python/3.12.15/x64
CI / Test (py3.12)	UNKNOWN STEP	2026-10-07T13:11:49.5887921Z   LD_LIBRARY_PATH: /opt/hostedtoolcache/Python/3.12.15/x64/lib
CI / Test (py3.12)	UNKNOWN STEP	2026-10-07T13:11:49.5888175Z ##[endgroup]
CI / Test (py3.12)	UNKNOWN STEP	2026-10-07T13:11:49.6918605Z (node:2097) [DEP0040] DeprecationWarning: The `punycode` module is deprecated. Please use a userland alternative instead.
CI / Test (py3.12)	UNKNOWN STEP	2026-10-07T13:11:49.6919208Z (Use `node --trace-deprecation ...` to show where the warning was created)
CI / Test (py3.12)	UNKNOWN STEP	2026-10-07T13:11:49.9364510Z Cache hit for: Linux-pip-3.12-a3a5c8adb68fa7ecbb63a699b6d8e740c42d189567bf6ae26489173e52d15171
CI / Test (py3.12)	UNKNOWN STEP	2026-10-07T13:11:49.9444075Z (node:2097) [DEP0169] DeprecationWarning: `url.parse()` behavior is not standardized and prone to errors that have security implications. Use the WHATWG URL API instead. CVEs are not issued for `url.parse()` vulnerabilities.
CI / Test (py3.12)	UNKNOWN STEP	2026-10-07T13:11:50.9072428Z Received 4303485 of 4303485 (100.0%), 5.5 MBs/sec
CI / Test (py3.12)	UNKNOWN STEP	2026-10-07T13:11:50.9073023Z Cache Size: ~4 MB (4303485 B)
CI / Test (py3.12)	UNKNOWN STEP	2026-10-07T13:11:50.9101888Z [command]/usr/bin/tar -xf /home/runner/work/_temp/5e1ad3de-5d62-43e4-97b8-9c73c74caa8f/cache.tzst -P -C /home/runner/work/devops-coursework/devops-coursework --use-compress-program unzstd
CI / Test (py3.12)	UNKNOWN STEP	2026-10-07T13:11:50.9290840Z Cache restored successfully
CI / Test (py3.12)	UNKNOWN STEP	2026-10-07T13:11:50.9351489Z Cache restored from key: Linux-pip-3.12-a3a5c8adb68fa7ecbb63a699b6d8e740c42d189567bf6ae26489173e52d15171
CI / Test (py3.12)	UNKNOWN STEP	2026-10-07T13:11:50.9461140Z ##[group]Run echo "pip cache restored, dependency install should be fast"
CI / Test (py3.12)	UNKNOWN STEP	2026-10-07T13:11:50.9461839Z [36;1mecho "pip cache restored, dependency install should be fast"[0m
CI / Test (py3.12)	UNKNOWN STEP	2026-10-07T13:11:50.9845649Z shell: /usr/bin/bash -e {0}
CI / Test (py3.12)	UNKNOWN STEP	2026-10-07T13:11:50.9845890Z env:
CI / Test (py3.12)	UNKNOWN STEP	2026-10-07T13:11:50.9846072Z   APP_DIR: labs/16-github-actions
CI / Test (py3.12)	UNKNOWN STEP	2026-10-07T13:11:50.9846302Z   IMAGE_NAME: yatri-fare-api
CI / Test (py3.12)	UNKNOWN STEP	2026-10-07T13:11:50.9846755Z   pythonLocation: /opt/hostedtoolcache/Python/3.12.15/x64
CI / Test (py3.12)	UNKNOWN STEP	2026-10-07T13:11:50.9847100Z   PKG_CONFIG_PATH: /opt/hostedtoolcache/Python/3.12.15/x64/lib/pkgconfig
CI / Test (py3.12)	UNKNOWN STEP	2026-10-07T13:11:50.9847440Z   Python_ROOT_DIR: /opt/hostedtoolcache/Python/3.12.15/x64
CI / Test (py3.12)	UNKNOWN STEP	2026-10-07T13:11:50.9847739Z   Python2_ROOT_DIR: /opt/hostedtoolcache/Python/3.12.15/x64
CI / Test (py3.12)	UNKNOWN STEP	2026-10-07T13:11:50.9848055Z   Python3_ROOT_DIR: /opt/hostedtoolcache/Python/3.12.15/x64
CI / Test (py3.12)	UNKNOWN STEP	2026-10-07T13:11:50.9848362Z   LD_LIBRARY_PATH: /opt/hostedtoolcache/Python/3.12.15/x64/lib
CI / Test (py3.12)	UNKNOWN STEP	2026-10-07T13:11:50.9848625Z ##[endgroup]
CI / Test (py3.12)	UNKNOWN STEP	2026-10-07T13:11:50.9935099Z pip cache restored, dependency install should be fast
CI / Test (py3.12)	UNKNOWN STEP	2026-10-07T13:11:50.9963401Z ##[group]Run echo "runner os     : Linux (X64)"
CI / Test (py3.12)	UNKNOWN STEP	2026-10-07T13:11:50.9963692Z [36;1mecho "runner os     : Linux (X64)"[0m
CI / Test (py3.12)	UNKNOWN STEP	2026-10-07T13:11:50.9963942Z [36;1mecho "runner image  : ubuntu-latest"[0m
CI / Test (py3.12)	UNKNOWN STEP	2026-10-07T13:11:50.9964205Z [36;1mecho "python        : $(python --version)"[0m
CI / Test (py3.12)	UNKNOWN STEP	2026-10-07T13:11:50.9964478Z [36;1mecho "cpu cores     : $(nproc)"[0m
CI / Test (py3.12)	UNKNOWN STEP	2026-10-07T13:11:50.9964735Z [36;1mecho "workspace     : ${GITHUB_WORKSPACE}"[0m
CI / Test (py3.12)	UNKNOWN STEP	2026-10-07T13:11:51.0012497Z shell: /usr/bin/bash -e {0}
CI / Test (py3.12)	UNKNOWN STEP	2026-10-07T13:11:51.0012714Z env:
CI / Test (py3.12)	UNKNOWN STEP	2026-10-07T13:11:51.0012888Z   APP_DIR: labs/16-github-actions
CI / Test (py3.12)	UNKNOWN STEP	2026-10-07T13:11:51.0013107Z   IMAGE_NAME: yatri-fare-api
CI / Test (py3.12)	UNKNOWN STEP	2026-10-07T13:11:51.0013366Z   pythonLocation: /opt/hostedtoolcache/Python/3.12.15/x64
CI / Test (py3.12)	UNKNOWN STEP	2026-10-07T13:11:51.0013711Z   PKG_CONFIG_PATH: /opt/hostedtoolcache/Python/3.12.15/x64/lib/pkgconfig
CI / Test (py3.12)	UNKNOWN STEP	2026-10-07T13:11:51.0014055Z   Python_ROOT_DIR: /opt/hostedtoolcache/Python/3.12.15/x64
CI / Test (py3.12)	UNKNOWN STEP	2026-10-07T13:11:51.0014390Z   Python2_ROOT_DIR: /opt/hostedtoolcache/Python/3.12.15/x64
CI / Test (py3.12)	UNKNOWN STEP	2026-10-07T13:11:51.0014689Z   Python3_ROOT_DIR: /opt/hostedtoolcache/Python/3.12.15/x64
CI / Test (py3.12)	UNKNOWN STEP	2026-10-07T13:11:51.0014989Z   LD_LIBRARY_PATH: /opt/hostedtoolcache/Python/3.12.15/x64/lib
CI / Test (py3.12)	UNKNOWN STEP	2026-10-07T13:11:51.0015256Z ##[endgroup]
CI / Test (py3.12)	UNKNOWN STEP	2026-10-07T13:11:51.0080295Z runner os     : Linux (X64)
CI / Test (py3.12)	UNKNOWN STEP	2026-10-07T13:11:51.0080632Z runner image  : ubuntu-latest
CI / Test (py3.12)	UNKNOWN STEP	2026-10-07T13:11:51.6944165Z python        : Python 3.12.15
CI / Test (py3.12)	UNKNOWN STEP	2026-10-07T13:11:51.7140127Z cpu cores     : 4
CI / Test (py3.12)	UNKNOWN STEP	2026-10-07T13:11:51.7140603Z workspace     : /home/runner/work/devops-coursework/devops-coursework
CI / Test (py3.12)	UNKNOWN STEP	2026-10-07T13:11:51.7169397Z ##[group]Run python -m pip install --upgrade pip
CI / Test (py3.12)	UNKNOWN STEP	2026-10-07T13:11:51.7169773Z [36;1mpython -m pip install --upgrade pip[0m
CI / Test (py3.12)	UNKNOWN STEP	2026-10-07T13:11:51.7170043Z [36;1mpip install -r requirements-dev.txt[0m
CI / Test (py3.12)	UNKNOWN STEP	2026-10-07T13:11:51.7225472Z shell: /usr/bin/bash -e {0}
CI / Test (py3.12)	UNKNOWN STEP	2026-10-07T13:11:51.7225683Z env:
CI / Test (py3.12)	UNKNOWN STEP	2026-10-07T13:11:51.7225864Z   APP_DIR: labs/16-github-actions
CI / Test (py3.12)	UNKNOWN STEP	2026-10-07T13:11:51.7226090Z   IMAGE_NAME: yatri-fare-api
CI / Test (py3.12)	UNKNOWN STEP	2026-10-07T13:11:51.7226348Z   pythonLocation: /opt/hostedtoolcache/Python/3.12.15/x64
CI / Test (py3.12)	UNKNOWN STEP	2026-10-07T13:11:51.7226696Z   PKG_CONFIG_PATH: /opt/hostedtoolcache/Python/3.12.15/x64/lib/pkgconfig
CI / Test (py3.12)	UNKNOWN STEP	2026-10-07T13:11:51.7227044Z   Python_ROOT_DIR: /opt/hostedtoolcache/Python/3.12.15/x64
CI / Test (py3.12)	UNKNOWN STEP	2026-10-07T13:11:51.7227347Z   Python2_ROOT_DIR: /opt/hostedtoolcache/Python/3.12.15/x64
CI / Test (py3.12)	UNKNOWN STEP	2026-10-07T13:11:51.7227659Z   Python3_ROOT_DIR: /opt/hostedtoolcache/Python/3.12.15/x64
CI / Test (py3.12)	UNKNOWN STEP	2026-10-07T13:11:51.7227957Z   LD_LIBRARY_PATH: /opt/hostedtoolcache/Python/3.12.15/x64/lib
CI / Test (py3.12)	UNKNOWN STEP	2026-10-07T13:11:51.7228276Z ##[endgroup]
CI / Test (py3.12)	UNKNOWN STEP	2026-10-07T13:11:58.9017741Z Requirement already satisfied: pip in /opt/hostedtoolcache/Python/3.12.15/x64/lib/python3.12/site-packages (26.2.1)
CI / Test (py3.12)	UNKNOWN STEP	2026-10-07T13:12:00.1964319Z Collecting Flask<4.0.0,>=3.0.0 (from -r /home/runner/work/devops-coursework/devops-coursework/labs/16-github-actions/requirements.txt (line 1))
CI / Test (py3.12)	UNKNOWN STEP	2026-10-07T13:12:00.1975242Z   Using cached flask-3.1.3-py3-none-any.whl.metadata (3.2 kB)
CI / Test (py3.12)	UNKNOWN STEP	2026-10-07T13:12:00.2054590Z Collecting gunicorn<24.0.0,>=22.0.0 (from -r /home/runner/work/devops-coursework/devops-coursework/labs/16-github-actions/requirements.txt (line 2))
CI / Test (py3.12)	UNKNOWN STEP	2026-10-07T13:12:00.2064538Z   Using cached gunicorn-23.0.0-py3-none-any.whl.metadata (4.4 kB)
CI / Test (py3.12)	UNKNOWN STEP	2026-10-07T13:12:00.2236294Z Collecting pytest<9.0.0,>=8.0.0 (from -r requirements-dev.txt (line 2))
CI / Test (py3.12)	UNKNOWN STEP	2026-10-07T13:12:00.2245730Z   Using cached pytest-8.4.2-py3-none-any.whl.metadata (7.7 kB)
CI / Test (py3.12)	UNKNOWN STEP	2026-10-07T13:12:00.2305475Z Collecting pytest-cov<7.0.0,>=5.0.0 (from -r requirements-dev.txt (line 3))
CI / Test (py3.12)	UNKNOWN STEP	2026-10-07T13:12:00.2315698Z   Using cached pytest_cov-6.3.0-py3-none-any.whl.metadata (30 kB)
CI / Test (py3.12)	UNKNOWN STEP	2026-10-07T13:12:00.2411548Z Collecting flake8<8.0.0,>=7.0.0 (from -r requirements-dev.txt (line 4))
CI / Test (py3.12)	UNKNOWN STEP	2026-10-07T13:12:00.2421191Z   Using cached flake8-7.4.1-py2.py3-none-any.whl.metadata (3.8 kB)
CI / Test (py3.12)	UNKNOWN STEP	2026-10-07T13:12:00.2458743Z Collecting blinker>=1.9.0 (from Flask<4.0.0,>=3.0.0->-r /home/runner/work/devops-coursework/devops-coursework/labs/16-github-actions/requirements.txt (line 1))
CI / Test (py3.12)	UNKNOWN STEP	2026-10-07T13:12:00.2467325Z   Using cached blinker-1.9.0-py3-none-any.whl.metadata (1.6 kB)
CI / Test (py3.12)	UNKNOWN STEP	2026-10-07T13:12:00.2537860Z Collecting click>=8.1.3 (from Flask<4.0.0,>=3.0.0->-r /home/runner/work/devops-coursework/devops-coursework/labs/16-github-actions/requirements.txt (line 1))
CI / Test (py3.12)	UNKNOWN STEP	2026-10-07T13:12:00.2547126Z   Using cached click-8.5.0-py3-none-any.whl.metadata (2.6 kB)
CI / Test (py3.12)	UNKNOWN STEP	2026-10-07T13:12:00.2582714Z Collecting itsdangerous>=2.2.0 (from Flask<4.0.0,>=3.0.0->-r /home/runner/work/devops-coursework/devops-coursework/labs/16-github-actions/requirements.txt (line 1))
CI / Test (py3.12)	UNKNOWN STEP	2026-10-07T13:12:00.2592255Z   Using cached itsdangerous-2.2.0-py3-none-any.whl.metadata (1.9 kB)
CI / Test (py3.12)	UNKNOWN STEP	2026-10-07T13:12:00.2646898Z Collecting jinja2>=3.1.2 (from Flask<4.0.0,>=3.0.0->-r /home/runner/work/devops-coursework/devops-coursework/labs/16-github-actions/requirements.txt (line 1))
CI / Test (py3.12)	UNKNOWN STEP	2026-10-07T13:12:00.2656444Z   Using cached jinja2-3.1.6-py3-none-any.whl.metadata (2.9 kB)
CI / Test (py3.12)	UNKNOWN STEP	2026-10-07T13:12:00.2991144Z Collecting markupsafe>=2.1.1 (from Flask<4.0.0,>=3.0.0->-r /home/runner/work/devops-coursework/devops-coursework/labs/16-github-actions/requirements.txt (line 1))
CI / Test (py3.12)	UNKNOWN STEP	2026-10-07T13:12:00.3001250Z   Using cached markupsafe-3.0.4-cp312-cp312-manylinux2014_x86_64.manylinux_2_17_x86_64.manylinux_2_28_x86_64.whl.metadata (2.7 kB)
CI / Test (py3.12)	UNKNOWN STEP	2026-10-07T13:12:00.3173160Z Collecting werkzeug>=3.1.0 (from Flask<4.0.0,>=3.0.0->-r /home/runner/work/devops-coursework/devops-coursework/labs/16-github-actions/requirements.txt (line 1))
CI / Test (py3.12)	UNKNOWN STEP	2026-10-07T13:12:00.3182584Z   Using cached werkzeug-3.1.9-py3-none-any.whl.metadata (4.1 kB)
CI / Test (py3.12)	UNKNOWN STEP	2026-10-07T13:12:00.3254894Z Collecting packaging (from gunicorn<24.0.0,>=22.0.0->-r /home/runner/work/devops-coursework/devops-coursework/labs/16-github-actions/requirements.txt (line 2))
CI / Test (py3.12)	UNKNOWN STEP	2026-10-07T13:12:00.3266707Z   Using cached packaging-26.3-py3-none-any.whl.metadata (3.5 kB)
CI / Test (py3.12)	UNKNOWN STEP	2026-10-07T13:12:00.3298421Z Collecting iniconfig>=1 (from pytest<9.0.0,>=8.0.0->-r requirements-dev.txt (line 2))
CI / Test (py3.12)	UNKNOWN STEP	2026-10-07T13:12:00.3307440Z   Using cached iniconfig-2.3.1-py3-none-any.whl.metadata (2.8 kB)
CI / Test (py3.12)	UNKNOWN STEP	2026-10-07T13:12:00.3356913Z Collecting pluggy<2,>=1.5 (from pytest<9.0.0,>=8.0.0->-r requirements-dev.txt (line 2))
CI / Test (py3.12)	UNKNOWN STEP	2026-10-07T13:12:00.3366144Z   Using cached pluggy-1.6.0-py3-none-any.whl.metadata (4.8 kB)
CI / Test (py3.12)	UNKNOWN STEP	2026-10-07T13:12:00.3445448Z Collecting pygments>=2.7.2 (from pytest<9.0.0,>=8.0.0->-r requirements-dev.txt (line 2))
CI / Test (py3.12)	UNKNOWN STEP	2026-10-07T13:12:00.3455452Z   Using cached pygments-2.21.0-py3-none-any.whl.metadata (2.5 kB)
CI / Test (py3.12)	UNKNOWN STEP	2026-10-07T13:12:00.6238493Z Collecting coverage>=7.5 (from coverage[toml]>=7.5->pytest-cov<7.0.0,>=5.0.0->-r requirements-dev.txt (line 3))
CI / Test (py3.12)	UNKNOWN STEP	2026-10-07T13:12:00.6250194Z   Using cached coverage-7.16.2-cp312-cp312-manylinux1_x86_64.manylinux_2_28_x86_64.manylinux_2_5_x86_64.whl.metadata (8.2 kB)
CI / Test (py3.12)	UNKNOWN STEP	2026-10-07T13:12:00.6300511Z Collecting mccabe<0.8.0,>=0.7.0 (from flake8<8.0.0,>=7.0.0->-r requirements-dev.txt (line 4))
CI / Test (py3.12)	UNKNOWN STEP	2026-10-07T13:12:00.6316993Z   Using cached mccabe-0.7.0-py2.py3-none-any.whl.metadata (5.0 kB)
CI / Test (py3.12)	UNKNOWN STEP	2026-10-07T13:12:00.6353640Z Collecting pycodestyle<2.16.0,>=2.15.0 (from flake8<8.0.0,>=7.0.0->-r requirements-dev.txt (line 4))
CI / Test (py3.12)	UNKNOWN STEP	2026-10-07T13:12:00.6362732Z   Using cached pycodestyle-2.15.0-py2.py3-none-any.whl.metadata (4.5 kB)
CI / Test (py3.12)	UNKNOWN STEP	2026-10-07T13:12:00.6410320Z Collecting pyflakes<4.1.0,>=4.0.0 (from flake8<8.0.0,>=7.0.0->-r requirements-dev.txt (line 4))
CI / Test (py3.12)	UNKNOWN STEP	2026-10-07T13:12:00.6418968Z   Using cached pyflakes-4.0.2-py2.py3-none-any.whl.metadata (3.7 kB)
CI / Test (py3.12)	UNKNOWN STEP	2026-10-07T13:12:00.6476970Z Using cached flask-3.1.3-py3-none-any.whl (103 kB)
CI / Test (py3.12)	UNKNOWN STEP	2026-10-07T13:12:00.6485972Z Using cached gunicorn-23.0.0-py3-none-any.whl (85 kB)
CI / Test (py3.12)	UNKNOWN STEP	2026-10-07T13:12:00.6494688Z Using cached pytest-8.4.2-py3-none-any.whl (365 kB)
CI / Test (py3.12)	UNKNOWN STEP	2026-10-07T13:12:00.6503847Z Using cached pytest_cov-6.3.0-py3-none-any.whl (25 kB)
CI / Test (py3.12)	UNKNOWN STEP	2026-10-07T13:12:00.6511883Z Using cached flake8-7.4.1-py2.py3-none-any.whl (57 kB)
CI / Test (py3.12)	UNKNOWN STEP	2026-10-07T13:12:00.6520478Z Using cached mccabe-0.7.0-py2.py3-none-any.whl (7.3 kB)
CI / Test (py3.12)	UNKNOWN STEP	2026-10-07T13:12:00.6528836Z Using cached pluggy-1.6.0-py3-none-any.whl (20 kB)
CI / Test (py3.12)	UNKNOWN STEP	2026-10-07T13:12:00.6536969Z Using cached pycodestyle-2.15.0-py2.py3-none-any.whl (31 kB)
CI / Test (py3.12)	UNKNOWN STEP	2026-10-07T13:12:00.6545257Z Using cached pyflakes-4.0.2-py2.py3-none-any.whl (66 kB)
CI / Test (py3.12)	UNKNOWN STEP	2026-10-07T13:12:00.6554325Z Using cached blinker-1.9.0-py3-none-any.whl (8.5 kB)
CI / Test (py3.12)	UNKNOWN STEP	2026-10-07T13:12:00.6562425Z Using cached click-8.5.0-py3-none-any.whl (125 kB)
CI / Test (py3.12)	UNKNOWN STEP	2026-10-07T13:12:00.6571443Z Using cached coverage-7.16.2-cp312-cp312-manylinux1_x86_64.manylinux_2_28_x86_64.manylinux_2_5_x86_64.whl (258 kB)
CI / Test (py3.12)	UNKNOWN STEP	2026-10-07T13:12:00.6580242Z Using cached iniconfig-2.3.1-py3-none-any.whl (7.6 kB)
CI / Test (py3.12)	UNKNOWN STEP	2026-10-07T13:12:00.6589000Z Using cached itsdangerous-2.2.0-py3-none-any.whl (16 kB)
CI / Test (py3.12)	UNKNOWN STEP	2026-10-07T13:12:00.6599354Z Using cached jinja2-3.1.6-py3-none-any.whl (134 kB)
CI / Test (py3.12)	UNKNOWN STEP	2026-10-07T13:12:00.6609002Z Using cached markupsafe-3.0.4-cp312-cp312-manylinux2014_x86_64.manylinux_2_17_x86_64.manylinux_2_28_x86_64.whl (22 kB)
CI / Test (py3.12)	UNKNOWN STEP	2026-10-07T13:12:00.6617685Z Using cached packaging-26.3-py3-none-any.whl (129 kB)
CI / Test (py3.12)	UNKNOWN STEP	2026-10-07T13:12:00.6647926Z Using cached pygments-2.21.0-py3-none-any.whl (1.3 MB)
CI / Test (py3.12)	UNKNOWN STEP	2026-10-07T13:12:00.6648416Z Using cached werkzeug-3.1.9-py3-none-any.whl (228 kB)
CI / Test (py3.12)	UNKNOWN STEP	2026-10-07T13:12:00.7596095Z Installing collected packages: pygments, pyflakes, pycodestyle, pluggy, packaging, mccabe, markupsafe, itsdangerous, iniconfig, coverage, click, blinker, werkzeug, pytest, jinja2, gunicorn, flake8, pytest-cov, Flask
CI / Test (py3.12)	UNKNOWN STEP	2026-10-07T13:12:03.3932292Z 
CI / Test (py3.12)	UNKNOWN STEP	2026-10-07T13:12:03.3950516Z Successfully installed Flask-3.1.3 blinker-1.9.0 click-8.5.0 coverage-7.16.2 flake8-7.4.1 gunicorn-23.0.0 iniconfig-2.3.1 itsdangerous-2.2.0 jinja2-3.1.6 markupsafe-3.0.4 mccabe-0.7.0 packaging-26.3 pluggy-1.6.0 pycodestyle-2.15.0 pyflakes-4.0.2 pygments-2.21.0 pytest-8.4.2 pytest-cov-6.3.0 werkzeug-3.1.9
CI / Test (py3.12)	UNKNOWN STEP	2026-10-07T13:12:03.4562583Z ##[group]Run mkdir -p reports
CI / Test (py3.12)	UNKNOWN STEP	2026-10-07T13:12:03.4562863Z [36;1mmkdir -p reports[0m
CI / Test (py3.12)	UNKNOWN STEP	2026-10-07T13:12:03.4563070Z [36;1mpytest \[0m
CI / Test (py3.12)	UNKNOWN STEP	2026-10-07T13:12:03.4563281Z [36;1m  --junitxml=reports/junit-py3.12.xml \[0m
CI / Test (py3.12)	UNKNOWN STEP	2026-10-07T13:12:03.4563537Z [36;1m  --cov=app \[0m
CI / Test (py3.12)	UNKNOWN STEP	2026-10-07T13:12:03.4563740Z [36;1m  --cov-report=term \[0m
CI / Test (py3.12)	UNKNOWN STEP	2026-10-07T13:12:03.4564002Z [36;1m  --cov-report=xml:reports/coverage-py3.12.xml[0m
CI / Test (py3.12)	UNKNOWN STEP	2026-10-07T13:12:03.4619601Z shell: /usr/bin/bash -e {0}
CI / Test (py3.12)	UNKNOWN STEP	2026-10-07T13:12:03.4619820Z env:
CI / Test (py3.12)	UNKNOWN STEP	2026-10-07T13:12:03.4620006Z   APP_DIR: labs/16-github-actions
CI / Test (py3.12)	UNKNOWN STEP	2026-10-07T13:12:03.4620233Z   IMAGE_NAME: yatri-fare-api
CI / Test (py3.12)	UNKNOWN STEP	2026-10-07T13:12:03.4620493Z   pythonLocation: /opt/hostedtoolcache/Python/3.12.15/x64
CI / Test (py3.12)	UNKNOWN STEP	2026-10-07T13:12:03.4620866Z   PKG_CONFIG_PATH: /opt/hostedtoolcache/Python/3.12.15/x64/lib/pkgconfig
CI / Test (py3.12)	UNKNOWN STEP	2026-10-07T13:12:03.4621209Z   Python_ROOT_DIR: /opt/hostedtoolcache/Python/3.12.15/x64
CI / Test (py3.12)	UNKNOWN STEP	2026-10-07T13:12:03.4621538Z   Python2_ROOT_DIR: /opt/hostedtoolcache/Python/3.12.15/x64
CI / Test (py3.12)	UNKNOWN STEP	2026-10-07T13:12:03.4622072Z   Python3_ROOT_DIR: /opt/hostedtoolcache/Python/3.12.15/x64
CI / Test (py3.12)	UNKNOWN STEP	2026-10-07T13:12:03.4622383Z   LD_LIBRARY_PATH: /opt/hostedtoolcache/Python/3.12.15/x64/lib
CI / Test (py3.12)	UNKNOWN STEP	2026-10-07T13:12:03.4622651Z ##[endgroup]
CI / Test (py3.12)	UNKNOWN STEP	2026-10-07T13:12:04.9579464Z ============================= test session starts ==============================
CI / Test (py3.12)	UNKNOWN STEP	2026-10-07T13:12:04.9580139Z platform linux -- Python 3.12.15, pytest-8.4.2, pluggy-1.6.0 -- /opt/hostedtoolcache/Python/3.12.15/x64/bin/python
CI / Test (py3.12)	UNKNOWN STEP	2026-10-07T13:12:04.9580556Z cachedir: .pytest_cache
CI / Test (py3.12)	UNKNOWN STEP	2026-10-07T13:12:04.9580877Z rootdir: /home/runner/work/devops-coursework/devops-coursework/labs/16-github-actions
CI / Test (py3.12)	UNKNOWN STEP	2026-10-07T13:12:04.9581221Z configfile: setup.cfg
CI / Test (py3.12)	UNKNOWN STEP	2026-10-07T13:12:04.9581407Z testpaths: tests
CI / Test (py3.12)	UNKNOWN STEP	2026-10-07T13:12:04.9582109Z plugins: cov-6.3.0
CI / Test (py3.12)	UNKNOWN STEP	2026-10-07T13:12:05.3045158Z collecting ... collected 20 items
CI / Test (py3.12)	UNKNOWN STEP	2026-10-07T13:12:05.3045465Z 
CI / Test (py3.12)	UNKNOWN STEP	2026-10-07T13:12:05.3198174Z tests/test_fare.py::test_validate_trip_accepts_a_normal_trip PASSED      [  5%]
CI / Test (py3.12)	UNKNOWN STEP	2026-10-07T13:12:05.3218473Z tests/test_fare.py::test_validate_trip_rejects_bad_input[0-10-1.0] PASSED [ 10%]
CI / Test (py3.12)	UNKNOWN STEP	2026-10-07T13:12:05.3235231Z tests/test_fare.py::test_validate_trip_rejects_bad_input[-3-10-1.0] PASSED [ 15%]
CI / Test (py3.12)	UNKNOWN STEP	2026-10-07T13:12:05.3251129Z tests/test_fare.py::test_validate_trip_rejects_bad_input[5-0-1.0] PASSED [ 20%]
CI / Test (py3.12)	UNKNOWN STEP	2026-10-07T13:12:05.3267455Z tests/test_fare.py::test_validate_trip_rejects_bad_input[5--1-1.0] PASSED [ 25%]
CI / Test (py3.12)	UNKNOWN STEP	2026-10-07T13:12:05.3283966Z tests/test_fare.py::test_validate_trip_rejects_bad_input[5-10-0.5] PASSED [ 30%]
CI / Test (py3.12)	UNKNOWN STEP	2026-10-07T13:12:05.3297485Z tests/test_fare.py::test_compute_fare_matches_the_published_formula PASSED [ 35%]
CI / Test (py3.12)	UNKNOWN STEP	2026-10-07T13:12:05.3310628Z tests/test_fare.py::test_compute_fare_applies_surge_multiplier PASSED    [ 40%]
CI / Test (py3.12)	UNKNOWN STEP	2026-10-07T13:12:05.3319606Z tests/test_fare.py::test_compute_fare_adds_night_surcharge PASSED        [ 45%]
CI / Test (py3.12)	UNKNOWN STEP	2026-10-07T13:12:05.3328072Z tests/test_fare.py::test_compute_fare_never_drops_below_minimum PASSED   [ 50%]
CI / Test (py3.12)	UNKNOWN STEP	2026-10-07T13:12:05.3337108Z tests/test_fare.py::test_apply_coupon_is_case_insensitive PASSED         [ 55%]
CI / Test (py3.12)	UNKNOWN STEP	2026-10-07T13:12:05.3345887Z tests/test_fare.py::test_apply_coupon_rejects_unknown_code PASSED        [ 60%]
CI / Test (py3.12)	UNKNOWN STEP	2026-10-07T13:12:05.3354144Z tests/test_fare.py::test_apply_coupon_rejects_negative_amount PASSED     [ 65%]
CI / Test (py3.12)	UNKNOWN STEP	2026-10-07T13:12:05.3362473Z tests/test_fare.py::test_split_fare_shares_sum_back_to_the_total PASSED  [ 70%]
CI / Test (py3.12)	UNKNOWN STEP	2026-10-07T13:12:05.3372632Z tests/test_fare.py::test_split_fare_rejects_zero_riders PASSED           [ 75%]
CI / Test (py3.12)	UNKNOWN STEP	2026-10-07T13:12:05.3634257Z tests/test_server.py::test_health_endpoint PASSED                        [ 80%]
CI / Test (py3.12)	UNKNOWN STEP	2026-10-07T13:12:05.3650017Z tests/test_server.py::test_version_endpoint_reports_build_metadata PASSED [ 85%]
CI / Test (py3.12)	UNKNOWN STEP	2026-10-07T13:12:05.3668262Z tests/test_server.py::test_fare_endpoint_prices_a_trip PASSED            [ 90%]
CI / Test (py3.12)	UNKNOWN STEP	2026-10-07T13:12:05.3684367Z tests/test_server.py::test_fare_endpoint_applies_a_coupon_and_splits PASSED [ 95%]
CI / Test (py3.12)	UNKNOWN STEP	2026-10-07T13:12:05.4179877Z tests/test_server.py::test_fare_endpoint_rejects_an_invalid_trip PASSED  [100%]
CI / Test (py3.12)	UNKNOWN STEP	2026-10-07T13:12:05.4180371Z 
CI / Test (py3.12)	UNKNOWN STEP	2026-10-07T13:12:05.4180896Z - generated xml file: /home/runner/work/devops-coursework/devops-coursework/labs/16-github-actions/reports/junit-py3.12.xml -
CI / Test (py3.12)	UNKNOWN STEP	2026-10-07T13:12:05.4181851Z ================================ tests coverage ================================
CI / Test (py3.12)	UNKNOWN STEP	2026-10-07T13:12:05.4182368Z _______________ coverage: platform linux, python 3.12.15-final-0 _______________
CI / Test (py3.12)	UNKNOWN STEP	2026-10-07T13:12:05.4182713Z 
CI / Test (py3.12)	UNKNOWN STEP	2026-10-07T13:12:05.4182840Z Name              Stmts   Miss  Cover
CI / Test (py3.12)	UNKNOWN STEP	2026-10-07T13:12:05.4183143Z -------------------------------------
CI / Test (py3.12)	UNKNOWN STEP	2026-10-07T13:12:05.4183454Z app/__init__.py       1      0   100%
CI / Test (py3.12)	UNKNOWN STEP	2026-10-07T13:12:05.4183770Z app/fare.py          36      0   100%
CI / Test (py3.12)	UNKNOWN STEP	2026-10-07T13:12:05.4184093Z app/server.py        28      3    89%
CI / Test (py3.12)	UNKNOWN STEP	2026-10-07T13:12:05.4184434Z -------------------------------------
CI / Test (py3.12)	UNKNOWN STEP	2026-10-07T13:12:05.4184733Z TOTAL                65      3    95%
CI / Test (py3.12)	UNKNOWN STEP	2026-10-07T13:12:05.4185180Z Coverage XML written to file reports/coverage-py3.12.xml
CI / Test (py3.12)	UNKNOWN STEP	2026-10-07T13:12:05.4185652Z ============================== 20 passed in 0.44s ==============================
CI / Test (py3.12)	UNKNOWN STEP	2026-10-07T13:12:05.4548173Z ##[group]Run echo "### Coverage on Python 3.12" >> "$GITHUB_STEP_SUMMARY"
CI / Test (py3.12)	UNKNOWN STEP	2026-10-07T13:12:05.4548577Z [36;1mecho "### Coverage on Python 3.12" >> "$GITHUB_STEP_SUMMARY"[0m
CI / Test (py3.12)	UNKNOWN STEP	2026-10-07T13:12:05.4548900Z [36;1mpython - <<'PY' >> "$GITHUB_STEP_SUMMARY"[0m
CI / Test (py3.12)	UNKNOWN STEP	2026-10-07T13:12:05.4549173Z [36;1mimport xml.etree.ElementTree as ET[0m
CI / Test (py3.12)	UNKNOWN STEP	2026-10-07T13:12:05.4549466Z [36;1mroot = ET.parse("reports/coverage-py3.12.xml").getroot()[0m
CI / Test (py3.12)	UNKNOWN STEP	2026-10-07T13:12:05.4549766Z [36;1mpct = float(root.get("line-rate", 0)) * 100[0m
CI / Test (py3.12)	UNKNOWN STEP	2026-10-07T13:12:05.4550027Z [36;1mprint(f"line coverage: **{pct:.1f}%**")[0m
CI / Test (py3.12)	UNKNOWN STEP	2026-10-07T13:12:05.4550262Z [36;1mPY[0m
CI / Test (py3.12)	UNKNOWN STEP	2026-10-07T13:12:05.4606301Z shell: /usr/bin/bash -e {0}
CI / Test (py3.12)	UNKNOWN STEP	2026-10-07T13:12:05.4606512Z env:
CI / Test (py3.12)	UNKNOWN STEP	2026-10-07T13:12:05.4606698Z   APP_DIR: labs/16-github-actions
CI / Test (py3.12)	UNKNOWN STEP	2026-10-07T13:12:05.4606924Z   IMAGE_NAME: yatri-fare-api
CI / Test (py3.12)	UNKNOWN STEP	2026-10-07T13:12:05.4607177Z   pythonLocation: /opt/hostedtoolcache/Python/3.12.15/x64
CI / Test (py3.12)	UNKNOWN STEP	2026-10-07T13:12:05.4607557Z   PKG_CONFIG_PATH: /opt/hostedtoolcache/Python/3.12.15/x64/lib/pkgconfig
CI / Test (py3.12)	UNKNOWN STEP	2026-10-07T13:12:05.4607885Z   Python_ROOT_DIR: /opt/hostedtoolcache/Python/3.12.15/x64
CI / Test (py3.12)	UNKNOWN STEP	2026-10-07T13:12:05.4608187Z   Python2_ROOT_DIR: /opt/hostedtoolcache/Python/3.12.15/x64
CI / Test (py3.12)	UNKNOWN STEP	2026-10-07T13:12:05.4608479Z   Python3_ROOT_DIR: /opt/hostedtoolcache/Python/3.12.15/x64
CI / Test (py3.12)	UNKNOWN STEP	2026-10-07T13:12:05.4608793Z   LD_LIBRARY_PATH: /opt/hostedtoolcache/Python/3.12.15/x64/lib
CI / Test (py3.12)	UNKNOWN STEP	2026-10-07T13:12:05.4609052Z ##[endgroup]
CI / Test (py3.12)	UNKNOWN STEP	2026-10-07T13:12:05.4943939Z ##[group]Run actions/upload-artifact@v4
CI / Test (py3.12)	UNKNOWN STEP	2026-10-07T13:12:05.4944171Z with:
CI / Test (py3.12)	UNKNOWN STEP	2026-10-07T13:12:05.4944346Z   name: test-report-py3.12
CI / Test (py3.12)	UNKNOWN STEP	2026-10-07T13:12:05.4944555Z   path: labs/16-github-actions/reports/
CI / Test (py3.12)	UNKNOWN STEP	2026-10-07T13:12:05.4944790Z   retention-days: 7
CI / Test (py3.12)	UNKNOWN STEP	2026-10-07T13:12:05.4944977Z   if-no-files-found: error
CI / Test (py3.12)	UNKNOWN STEP	2026-10-07T13:12:05.4945166Z   compression-level: 6
CI / Test (py3.12)	UNKNOWN STEP	2026-10-07T13:12:05.4945345Z   overwrite: false
CI / Test (py3.12)	UNKNOWN STEP	2026-10-07T13:12:05.4945523Z   include-hidden-files: false
CI / Test (py3.12)	UNKNOWN STEP	2026-10-07T13:12:05.4945718Z env:
CI / Test (py3.12)	UNKNOWN STEP	2026-10-07T13:12:05.4945901Z   APP_DIR: labs/16-github-actions
CI / Test (py3.12)	UNKNOWN STEP	2026-10-07T13:12:05.4946121Z   IMAGE_NAME: yatri-fare-api
CI / Test (py3.12)	UNKNOWN STEP	2026-10-07T13:12:05.4946366Z   pythonLocation: /opt/hostedtoolcache/Python/3.12.15/x64
CI / Test (py3.12)	UNKNOWN STEP	2026-10-07T13:12:05.4946702Z   PKG_CONFIG_PATH: /opt/hostedtoolcache/Python/3.12.15/x64/lib/pkgconfig
CI / Test (py3.12)	UNKNOWN STEP	2026-10-07T13:12:05.4947106Z   Python_ROOT_DIR: /opt/hostedtoolcache/Python/3.12.15/x64
CI / Test (py3.12)	UNKNOWN STEP	2026-10-07T13:12:05.4947438Z   Python2_ROOT_DIR: /opt/hostedtoolcache/Python/3.12.15/x64
CI / Test (py3.12)	UNKNOWN STEP	2026-10-07T13:12:05.4947766Z   Python3_ROOT_DIR: /opt/hostedtoolcache/Python/3.12.15/x64
CI / Test (py3.12)	UNKNOWN STEP	2026-10-07T13:12:05.4948066Z   LD_LIBRARY_PATH: /opt/hostedtoolcache/Python/3.12.15/x64/lib
CI / Test (py3.12)	UNKNOWN STEP	2026-10-07T13:12:05.4948319Z ##[endgroup]
CI / Test (py3.12)	UNKNOWN STEP	2026-10-07T13:12:05.6226155Z (node:2169) [DEP0040] DeprecationWarning: The `punycode` module is deprecated. Please use a userland alternative instead.
CI / Test (py3.12)	UNKNOWN STEP	2026-10-07T13:12:05.6226753Z (Use `node --trace-deprecation ...` to show where the warning was created)
CI / Test (py3.12)	UNKNOWN STEP	2026-10-07T13:12:05.6285850Z With the provided path, there will be 2 files uploaded
CI / Test (py3.12)	UNKNOWN STEP	2026-10-07T13:12:05.6286832Z Artifact name is valid!
CI / Test (py3.12)	UNKNOWN STEP	2026-10-07T13:12:05.6287317Z Root directory input is valid!
CI / Test (py3.12)	UNKNOWN STEP	2026-10-07T13:12:05.9784125Z Beginning upload of artifact content to blob storage
CI / Test (py3.12)	UNKNOWN STEP	2026-10-07T13:12:05.9937783Z (node:2169) [DEP0169] DeprecationWarning: `url.parse()` behavior is not standardized and prone to errors that have security implications. Use the WHATWG URL API instead. CVEs are not issued for `url.parse()` vulnerabilities.
CI / Test (py3.12)	UNKNOWN STEP	2026-10-07T13:12:06.1942129Z Uploaded bytes 1397
CI / Test (py3.12)	UNKNOWN STEP	2026-10-07T13:12:06.2504865Z Finished uploading artifact content to blob storage!
CI / Test (py3.12)	UNKNOWN STEP	2026-10-07T13:12:06.2505607Z SHA256 digest of uploaded artifact zip is d3703a2b38a45d2a7a8cef7ef23307c333519804f83d96577cdf441130cbebdc
CI / Test (py3.12)	UNKNOWN STEP	2026-10-07T13:12:06.2506909Z Finalizing artifact upload
CI / Test (py3.12)	UNKNOWN STEP	2026-10-07T13:12:06.5137721Z Artifact test-report-py3.12.zip successfully finalized. Artifact ID 11484621245
CI / Test (py3.12)	UNKNOWN STEP	2026-10-07T13:12:06.5138448Z Artifact test-report-py3.12 has been successfully uploaded! Final size is 1397 bytes. Artifact ID is 11484621245
CI / Test (py3.12)	UNKNOWN STEP	2026-10-07T13:12:06.5144139Z Artifact download URL: https://github.com/AmanYadav7015/devops-coursework/actions/runs/37626587346/artifacts/11484621245
CI / Test (py3.12)	UNKNOWN STEP	2026-10-07T13:12:06.5732150Z Post job cleanup.
CI / Test (py3.12)	UNKNOWN STEP	2026-10-07T13:12:06.6642170Z Cache hit occurred on the primary key Linux-pip-3.12-a3a5c8adb68fa7ecbb63a699b6d8e740c42d189567bf6ae26489173e52d15171, not saving cache.
CI / Test (py3.12)	UNKNOWN STEP	2026-10-07T13:12:06.6643401Z (node:2192) [DEP0040] DeprecationWarning: The `punycode` module is deprecated. Please use a userland alternative instead.
CI / Test (py3.12)	UNKNOWN STEP	2026-10-07T13:12:06.6643932Z (Use `node --trace-deprecation ...` to show where the warning was created)
CI / Test (py3.12)	UNKNOWN STEP	2026-10-07T13:12:06.6736904Z Post job cleanup.
CI / Test (py3.12)	UNKNOWN STEP	2026-10-07T13:12:06.7742062Z (node:2200) [DEP0040] DeprecationWarning: The `punycode` module is deprecated. Please use a userland alternative instead.
CI / Test (py3.12)	UNKNOWN STEP	2026-10-07T13:12:06.7743640Z (Use `node --trace-deprecation ...` to show where the warning was created)
CI / Test (py3.12)	UNKNOWN STEP	2026-10-07T13:12:06.7976658Z Post job cleanup.
CI / Test (py3.12)	UNKNOWN STEP	2026-10-07T13:12:06.8679103Z [command]/usr/bin/git version
CI / Test (py3.12)	UNKNOWN STEP	2026-10-07T13:12:06.8717061Z git version 2.55.0
CI / Test (py3.12)	UNKNOWN STEP	2026-10-07T13:12:06.8750629Z Temporarily overriding HOME='/home/runner/work/_temp/8631e955-ea2f-4a0a-ab18-6b309d0522cf' before making global git config changes
CI / Test (py3.12)	UNKNOWN STEP	2026-10-07T13:12:06.8751368Z Adding repository directory to the temporary git global config as a safe directory
CI / Test (py3.12)	UNKNOWN STEP	2026-10-07T13:12:06.8755743Z [command]/usr/bin/git config --global --add safe.directory /home/runner/work/devops-coursework/devops-coursework
CI / Test (py3.12)	UNKNOWN STEP	2026-10-07T13:12:06.8794588Z [command]/usr/bin/git config --local --name-only --get-regexp core\.sshCommand
CI / Test (py3.12)	UNKNOWN STEP	2026-10-07T13:12:06.8824542Z [command]/usr/bin/git submodule foreach --recursive sh -c "git config --local --name-only --get-regexp 'core\.sshCommand' && git config --local --unset-all 'core.sshCommand' || :"
CI / Test (py3.12)	UNKNOWN STEP	2026-10-07T13:12:06.9040216Z [command]/usr/bin/git config --local --name-only --get-regexp http\.https\:\/\/github\.com\/\.extraheader
CI / Test (py3.12)	UNKNOWN STEP	2026-10-07T13:12:06.9063844Z http.https://github.com/.extraheader
CI / Test (py3.12)	UNKNOWN STEP	2026-10-07T13:12:06.9073471Z [command]/usr/bin/git config --local --unset-all http.https://github.com/.extraheader
CI / Test (py3.12)	UNKNOWN STEP	2026-10-07T13:12:06.9104275Z [command]/usr/bin/git submodule foreach --recursive sh -c "git config --local --name-only --get-regexp 'http\.https\:\/\/github\.com\/\.extraheader' && git config --local --unset-all 'http.https://github.com/.extraheader' || :"
CI / Test (py3.12)	UNKNOWN STEP	2026-10-07T13:12:06.9316783Z [command]/usr/bin/git config --local --name-only --get-regexp ^includeIf\.gitdir:
CI / Test (py3.12)	UNKNOWN STEP	2026-10-07T13:12:06.9349377Z [command]/usr/bin/git submodule foreach --recursive git config --local --show-origin --name-only --get-regexp remote.origin.url
CI / Test (py3.12)	UNKNOWN STEP	2026-10-07T13:12:06.9684789Z Cleaning up orphan processes
CI / Test (py3.12)	UNKNOWN STEP	2026-10-07T13:12:06.9922899Z ##[warning]Node.js 20 is deprecated. The following actions target Node.js 20 but are being forced to run on Node.js 24: actions/cache@v4, actions/checkout@v4, actions/setup-python@v5, actions/upload-artifact@v4. For more information see: https://github.blog/changelog/2025-09-19-deprecation-of-node-20-on-github-actions-runners/
CI / Test (py3.13)	UNKNOWN STEP	﻿2026-10-07T13:11:46.0030690Z Current runner version: '2.337.0'
CI / Test (py3.13)	UNKNOWN STEP	2026-10-07T13:11:46.0047492Z ##[group]Runner Image Provisioner
CI / Test (py3.13)	UNKNOWN STEP	2026-10-07T13:11:46.0048100Z Hosted Compute Agent
CI / Test (py3.13)	UNKNOWN STEP	2026-10-07T13:11:46.0048458Z Version: 20260901.588
CI / Test (py3.13)	UNKNOWN STEP	2026-10-07T13:11:46.0048835Z Commit: f88ec8081b781fac6c440065ac7ff9e710ce3d0b
CI / Test (py3.13)	UNKNOWN STEP	2026-10-07T13:11:46.0049325Z Build Date: 2026-09-01T19:56:44Z
CI / Test (py3.13)	UNKNOWN STEP	2026-10-07T13:11:46.0049988Z Worker ID: {7f2eb1ab-9bb0-4054-aeae-7b866c5d8564}
CI / Test (py3.13)	UNKNOWN STEP	2026-10-07T13:11:46.0050538Z Azure Region: centralus
CI / Test (py3.13)	UNKNOWN STEP	2026-10-07T13:11:46.0050906Z ##[endgroup]
CI / Test (py3.13)	UNKNOWN STEP	2026-10-07T13:11:46.0051791Z ##[group]Operating System
CI / Test (py3.13)	UNKNOWN STEP	2026-10-07T13:11:46.0052234Z Ubuntu
CI / Test (py3.13)	UNKNOWN STEP	2026-10-07T13:11:46.0052586Z 24.04.5
CI / Test (py3.13)	UNKNOWN STEP	2026-10-07T13:11:46.0052927Z LTS
CI / Test (py3.13)	UNKNOWN STEP	2026-10-07T13:11:46.0053252Z ##[endgroup]
CI / Test (py3.13)	UNKNOWN STEP	2026-10-07T13:11:46.0053589Z ##[group]Runner Image
CI / Test (py3.13)	UNKNOWN STEP	2026-10-07T13:11:46.0053977Z Image: ubuntu-24.04
CI / Test (py3.13)	UNKNOWN STEP	2026-10-07T13:11:46.0054356Z Version: 20260927.320.1
CI / Test (py3.13)	UNKNOWN STEP	2026-10-07T13:11:46.0055129Z Included Software: https://github.com/actions/runner-images/blob/ubuntu24/20260927.320/images/ubuntu/Ubuntu2404-Readme.md
CI / Test (py3.13)	UNKNOWN STEP	2026-10-07T13:11:46.0056004Z Image Release: https://github.com/actions/runner-images/releases/tag/ubuntu24%2F20260927.320
CI / Test (py3.13)	UNKNOWN STEP	2026-10-07T13:11:46.0056620Z ##[endgroup]
CI / Test (py3.13)	UNKNOWN STEP	2026-10-07T13:11:46.0057316Z ##[group]GITHUB_TOKEN Permissions
CI / Test (py3.13)	UNKNOWN STEP	2026-10-07T13:11:46.0058850Z Contents: read
CI / Test (py3.13)	UNKNOWN STEP	2026-10-07T13:11:46.0059197Z Metadata: read
CI / Test (py3.13)	UNKNOWN STEP	2026-10-07T13:11:46.0059525Z ##[endgroup]
CI / Test (py3.13)	UNKNOWN STEP	2026-10-07T13:11:46.0060996Z Secret source: Actions
CI / Test (py3.13)	UNKNOWN STEP	2026-10-07T13:11:46.0061541Z Cache mode: write
CI / Test (py3.13)	UNKNOWN STEP	2026-10-07T13:11:46.0062174Z Prepare workflow directory
CI / Test (py3.13)	UNKNOWN STEP	2026-10-07T13:11:46.0341836Z Prepare all required actions
CI / Test (py3.13)	UNKNOWN STEP	2026-10-07T13:11:46.0372012Z Getting action download info
CI / Test (py3.13)	UNKNOWN STEP	2026-10-07T13:11:46.3117074Z Download action repository 'actions/checkout@v4' (SHA:11d5960a326750d5838078e36cf38b85af677262)
CI / Test (py3.13)	UNKNOWN STEP	2026-10-07T13:11:46.4090521Z Download action repository 'actions/setup-python@v5' (SHA:a26af69be951a213d495a4c3e4e4022e16d87065)
CI / Test (py3.13)	UNKNOWN STEP	2026-10-07T13:11:46.5355535Z Download action repository 'actions/cache@v4' (SHA:0057852bfaa89a56745cba8c7296529d2fc39830)
CI / Test (py3.13)	UNKNOWN STEP	2026-10-07T13:11:46.9155966Z Download action repository 'actions/upload-artifact@v4' (SHA:ea165f8d65b6e75b540449e92b4886f43607fa02)
CI / Test (py3.13)	UNKNOWN STEP	2026-10-07T13:11:47.3221717Z Complete job name: CI / Test (py3.13)
CI / Test (py3.13)	UNKNOWN STEP	2026-10-07T13:11:47.3751603Z ##[group]Run actions/checkout@v4
CI / Test (py3.13)	UNKNOWN STEP	2026-10-07T13:11:47.3752028Z with:
CI / Test (py3.13)	UNKNOWN STEP	2026-10-07T13:11:47.3752297Z   repository: AmanYadav7015/devops-coursework
CI / Test (py3.13)	UNKNOWN STEP	2026-10-07T13:11:47.3754408Z   token: ***
CI / Test (py3.13)	UNKNOWN STEP	2026-10-07T13:11:47.3754643Z   ssh-strict: true
CI / Test (py3.13)	UNKNOWN STEP	2026-10-07T13:11:47.3754887Z   ssh-user: git
CI / Test (py3.13)	UNKNOWN STEP	2026-10-07T13:11:47.3755134Z   persist-credentials: true
CI / Test (py3.13)	UNKNOWN STEP	2026-10-07T13:11:47.3755404Z   clean: true
CI / Test (py3.13)	UNKNOWN STEP	2026-10-07T13:11:47.3755654Z   sparse-checkout-cone-mode: true
CI / Test (py3.13)	UNKNOWN STEP	2026-10-07T13:11:47.3755938Z   fetch-depth: 1
CI / Test (py3.13)	UNKNOWN STEP	2026-10-07T13:11:47.3756178Z   fetch-tags: false
CI / Test (py3.13)	UNKNOWN STEP	2026-10-07T13:11:47.3756428Z   show-progress: true
CI / Test (py3.13)	UNKNOWN STEP	2026-10-07T13:11:47.3756687Z   lfs: false
CI / Test (py3.13)	UNKNOWN STEP	2026-10-07T13:11:47.3756924Z   submodules: false
CI / Test (py3.13)	UNKNOWN STEP	2026-10-07T13:11:47.3757176Z   set-safe-directory: true
CI / Test (py3.13)	UNKNOWN STEP	2026-10-07T13:11:47.3757457Z   allow-unsafe-pr-checkout: false
CI / Test (py3.13)	UNKNOWN STEP	2026-10-07T13:11:47.3757824Z env:
CI / Test (py3.13)	UNKNOWN STEP	2026-10-07T13:11:47.3758058Z   APP_DIR: labs/16-github-actions
CI / Test (py3.13)	UNKNOWN STEP	2026-10-07T13:11:47.3758350Z   IMAGE_NAME: yatri-fare-api
CI / Test (py3.13)	UNKNOWN STEP	2026-10-07T13:11:47.3758622Z ##[endgroup]
CI / Test (py3.13)	UNKNOWN STEP	2026-10-07T13:11:47.4405821Z Syncing repository: AmanYadav7015/devops-coursework
CI / Test (py3.13)	UNKNOWN STEP	2026-10-07T13:11:47.4407382Z ##[group]Getting Git version info
CI / Test (py3.13)	UNKNOWN STEP	2026-10-07T13:11:47.4408064Z Working directory is '/home/runner/work/devops-coursework/devops-coursework'
CI / Test (py3.13)	UNKNOWN STEP	2026-10-07T13:11:47.4409065Z [command]/usr/bin/git version
CI / Test (py3.13)	UNKNOWN STEP	2026-10-07T13:11:47.4467483Z git version 2.55.0
CI / Test (py3.13)	UNKNOWN STEP	2026-10-07T13:11:47.4494195Z ##[endgroup]
CI / Test (py3.13)	UNKNOWN STEP	2026-10-07T13:11:47.4499029Z Temporarily overriding HOME='/home/runner/work/_temp/3583189e-d785-40d0-8a9a-13a3ab7d2509' before making global git config changes
CI / Test (py3.13)	UNKNOWN STEP	2026-10-07T13:11:47.4499977Z Adding repository directory to the temporary git global config as a safe directory
CI / Test (py3.13)	UNKNOWN STEP	2026-10-07T13:11:47.4503148Z [command]/usr/bin/git config --global --add safe.directory /home/runner/work/devops-coursework/devops-coursework
CI / Test (py3.13)	UNKNOWN STEP	2026-10-07T13:11:47.4581847Z Deleting the contents of '/home/runner/work/devops-coursework/devops-coursework'
CI / Test (py3.13)	UNKNOWN STEP	2026-10-07T13:11:47.4584315Z ##[group]Initializing the repository
CI / Test (py3.13)	UNKNOWN STEP	2026-10-07T13:11:47.4587959Z [command]/usr/bin/git init /home/runner/work/devops-coursework/devops-coursework
CI / Test (py3.13)	UNKNOWN STEP	2026-10-07T13:11:47.4930027Z hint: Using 'master' as the name for the initial branch. This default branch name
CI / Test (py3.13)	UNKNOWN STEP	2026-10-07T13:11:47.4930940Z hint: will change to "main" in Git 3.0. To configure the initial branch name
CI / Test (py3.13)	UNKNOWN STEP	2026-10-07T13:11:47.4931722Z hint: to use in all of your new repositories, which will suppress this warning,
CI / Test (py3.13)	UNKNOWN STEP	2026-10-07T13:11:47.4932338Z hint: call:
CI / Test (py3.13)	UNKNOWN STEP	2026-10-07T13:11:47.4932677Z hint:
CI / Test (py3.13)	UNKNOWN STEP	2026-10-07T13:11:47.4933148Z hint: 	git config --global init.defaultBranch <name>
CI / Test (py3.13)	UNKNOWN STEP	2026-10-07T13:11:47.4933671Z hint:
CI / Test (py3.13)	UNKNOWN STEP	2026-10-07T13:11:47.4934146Z hint: Names commonly chosen instead of 'master' are 'main', 'trunk' and
CI / Test (py3.13)	UNKNOWN STEP	2026-10-07T13:11:47.4934912Z hint: 'development'. The just-created branch can be renamed via this command:
CI / Test (py3.13)	UNKNOWN STEP	2026-10-07T13:11:47.4935492Z hint:
CI / Test (py3.13)	UNKNOWN STEP	2026-10-07T13:11:47.4935751Z hint: 	git branch -m <name>
CI / Test (py3.13)	UNKNOWN STEP	2026-10-07T13:11:47.4936063Z hint:
CI / Test (py3.13)	UNKNOWN STEP	2026-10-07T13:11:47.4936649Z hint: Disable this message with "git config set advice.defaultBranchName false"
CI / Test (py3.13)	UNKNOWN STEP	2026-10-07T13:11:47.4937483Z Initialized empty Git repository in /home/runner/work/devops-coursework/devops-coursework/.git/
CI / Test (py3.13)	UNKNOWN STEP	2026-10-07T13:11:47.4943448Z [command]/usr/bin/git remote add origin https://github.com/AmanYadav7015/devops-coursework
CI / Test (py3.13)	UNKNOWN STEP	2026-10-07T13:11:47.5034829Z ##[endgroup]
CI / Test (py3.13)	UNKNOWN STEP	2026-10-07T13:11:47.5035275Z ##[group]Disabling automatic garbage collection
CI / Test (py3.13)	UNKNOWN STEP	2026-10-07T13:11:47.5039656Z [command]/usr/bin/git config --local gc.auto 0
CI / Test (py3.13)	UNKNOWN STEP	2026-10-07T13:11:47.5133299Z ##[endgroup]
CI / Test (py3.13)	UNKNOWN STEP	2026-10-07T13:11:47.5133715Z ##[group]Setting up auth
CI / Test (py3.13)	UNKNOWN STEP	2026-10-07T13:11:47.5138232Z [command]/usr/bin/git config --local --name-only --get-regexp core\.sshCommand
CI / Test (py3.13)	UNKNOWN STEP	2026-10-07T13:11:47.5166077Z [command]/usr/bin/git submodule foreach --recursive sh -c "git config --local --name-only --get-regexp 'core\.sshCommand' && git config --local --unset-all 'core.sshCommand' || :"
CI / Test (py3.13)	UNKNOWN STEP	2026-10-07T13:11:47.5458726Z [command]/usr/bin/git config --local --name-only --get-regexp http\.https\:\/\/github\.com\/\.extraheader
CI / Test (py3.13)	UNKNOWN STEP	2026-10-07T13:11:47.5486421Z [command]/usr/bin/git submodule foreach --recursive sh -c "git config --local --name-only --get-regexp 'http\.https\:\/\/github\.com\/\.extraheader' && git config --local --unset-all 'http.https://github.com/.extraheader' || :"
CI / Test (py3.13)	UNKNOWN STEP	2026-10-07T13:11:47.5668658Z [command]/usr/bin/git config --local --name-only --get-regexp ^includeIf\.gitdir:
CI / Test (py3.13)	UNKNOWN STEP	2026-10-07T13:11:47.5697355Z [command]/usr/bin/git submodule foreach --recursive git config --local --show-origin --name-only --get-regexp remote.origin.url
CI / Test (py3.13)	UNKNOWN STEP	2026-10-07T13:11:47.5878386Z [command]/usr/bin/git config --local http.https://github.com/.extraheader AUTHORIZATION: basic ***
CI / Test (py3.13)	UNKNOWN STEP	2026-10-07T13:11:47.5999154Z ##[endgroup]
CI / Test (py3.13)	UNKNOWN STEP	2026-10-07T13:11:47.6000265Z ##[group]Fetching the repository
CI / Test (py3.13)	UNKNOWN STEP	2026-10-07T13:11:47.6006263Z [command]/usr/bin/git -c protocol.version=2 fetch --no-tags --prune --no-recurse-submodules --depth=1 origin +ff4c890fc6cd98e07b5123736952414018cc66df:refs/remotes/origin/session-16-ci
CI / Test (py3.13)	UNKNOWN STEP	2026-10-07T13:11:48.6856619Z From https://github.com/AmanYadav7015/devops-coursework
CI / Test (py3.13)	UNKNOWN STEP	2026-10-07T13:11:48.6857660Z  * [new ref]         ff4c890fc6cd98e07b5123736952414018cc66df -> origin/session-16-ci
CI / Test (py3.13)	UNKNOWN STEP	2026-10-07T13:11:48.6860068Z ##[endgroup]
CI / Test (py3.13)	UNKNOWN STEP	2026-10-07T13:11:48.6860564Z ##[group]Determining the checkout info
CI / Test (py3.13)	UNKNOWN STEP	2026-10-07T13:11:48.6862361Z ##[endgroup]
CI / Test (py3.13)	UNKNOWN STEP	2026-10-07T13:11:48.6866995Z [command]/usr/bin/git sparse-checkout disable
CI / Test (py3.13)	UNKNOWN STEP	2026-10-07T13:11:48.6925768Z [command]/usr/bin/git config --local --unset-all extensions.worktreeConfig
CI / Test (py3.13)	UNKNOWN STEP	2026-10-07T13:11:48.6984792Z ##[group]Checking out the ref
CI / Test (py3.13)	UNKNOWN STEP	2026-10-07T13:11:48.6985601Z [command]/usr/bin/git checkout --progress --force -B session-16-ci refs/remotes/origin/session-16-ci
CI / Test (py3.13)	UNKNOWN STEP	2026-10-07T13:11:48.8410186Z Switched to a new branch 'session-16-ci'
CI / Test (py3.13)	UNKNOWN STEP	2026-10-07T13:11:48.8415431Z branch 'session-16-ci' set up to track 'origin/session-16-ci'.
CI / Test (py3.13)	UNKNOWN STEP	2026-10-07T13:11:48.8423953Z ##[endgroup]
CI / Test (py3.13)	UNKNOWN STEP	2026-10-07T13:11:48.8464834Z [command]/usr/bin/git log -1 --format=%H
CI / Test (py3.13)	UNKNOWN STEP	2026-10-07T13:11:48.8486796Z ff4c890fc6cd98e07b5123736952414018cc66df
CI / Test (py3.13)	UNKNOWN STEP	2026-10-07T13:11:48.8832113Z ##[group]Run actions/setup-python@v5
CI / Test (py3.13)	UNKNOWN STEP	2026-10-07T13:11:48.8832343Z with:
CI / Test (py3.13)	UNKNOWN STEP	2026-10-07T13:11:48.8832496Z   python-version: 3.13
CI / Test (py3.13)	UNKNOWN STEP	2026-10-07T13:11:48.8832659Z   check-latest: false
CI / Test (py3.13)	UNKNOWN STEP	2026-10-07T13:11:48.8833993Z   token: ***
CI / Test (py3.13)	UNKNOWN STEP	2026-10-07T13:11:48.8834162Z   update-environment: true
CI / Test (py3.13)	UNKNOWN STEP	2026-10-07T13:11:48.8834340Z   allow-prereleases: false
CI / Test (py3.13)	UNKNOWN STEP	2026-10-07T13:11:48.8834510Z   freethreaded: false
CI / Test (py3.13)	UNKNOWN STEP	2026-10-07T13:11:48.8834664Z env:
CI / Test (py3.13)	UNKNOWN STEP	2026-10-07T13:11:48.8834816Z   APP_DIR: labs/16-github-actions
CI / Test (py3.13)	UNKNOWN STEP	2026-10-07T13:11:48.8835010Z   IMAGE_NAME: yatri-fare-api
CI / Test (py3.13)	UNKNOWN STEP	2026-10-07T13:11:48.8835188Z ##[endgroup]
CI / Test (py3.13)	UNKNOWN STEP	2026-10-07T13:11:48.9660813Z ##[group]Installed versions
CI / Test (py3.13)	UNKNOWN STEP	2026-10-07T13:11:48.9712601Z (node:2106) [DEP0040] DeprecationWarning: The `punycode` module is deprecated. Please use a userland alternative instead.
CI / Test (py3.13)	UNKNOWN STEP	2026-10-07T13:11:48.9713191Z (Use `node --trace-deprecation ...` to show where the warning was created)
CI / Test (py3.13)	UNKNOWN STEP	2026-10-07T13:11:48.9713738Z Successfully set up CPython (3.13.15)
CI / Test (py3.13)	UNKNOWN STEP	2026-10-07T13:11:48.9714414Z ##[endgroup]
CI / Test (py3.13)	UNKNOWN STEP	2026-10-07T13:11:49.0333783Z ##[group]Run actions/cache@v4
CI / Test (py3.13)	UNKNOWN STEP	2026-10-07T13:11:49.0333993Z with:
CI / Test (py3.13)	UNKNOWN STEP	2026-10-07T13:11:49.0334140Z   path: ~/.cache/pip
CI / Test (py3.13)	UNKNOWN STEP	2026-10-07T13:11:49.0334399Z   key: Linux-pip-3.13-a3a5c8adb68fa7ecbb63a699b6d8e740c42d189567bf6ae26489173e52d15171
CI / Test (py3.13)	UNKNOWN STEP	2026-10-07T13:11:49.0334701Z   restore-keys: Linux-pip-3.13-
CI / Test (py3.13)	UNKNOWN STEP	
CI / Test (py3.13)	UNKNOWN STEP	2026-10-07T13:11:49.0334893Z   enableCrossOsArchive: false
CI / Test (py3.13)	UNKNOWN STEP	2026-10-07T13:11:49.0335070Z   fail-on-cache-miss: false
CI / Test (py3.13)	UNKNOWN STEP	2026-10-07T13:11:49.0335235Z   lookup-only: false
CI / Test (py3.13)	UNKNOWN STEP	2026-10-07T13:11:49.0335389Z   save-always: false
CI / Test (py3.13)	UNKNOWN STEP	2026-10-07T13:11:49.0335536Z env:
CI / Test (py3.13)	UNKNOWN STEP	2026-10-07T13:11:49.0335683Z   APP_DIR: labs/16-github-actions
CI / Test (py3.13)	UNKNOWN STEP	2026-10-07T13:11:49.0335860Z   IMAGE_NAME: yatri-fare-api
CI / Test (py3.13)	UNKNOWN STEP	2026-10-07T13:11:49.0336068Z   pythonLocation: /opt/hostedtoolcache/Python/3.13.15/x64
CI / Test (py3.13)	UNKNOWN STEP	2026-10-07T13:11:49.0336353Z   PKG_CONFIG_PATH: /opt/hostedtoolcache/Python/3.13.15/x64/lib/pkgconfig
CI / Test (py3.13)	UNKNOWN STEP	2026-10-07T13:11:49.0336636Z   Python_ROOT_DIR: /opt/hostedtoolcache/Python/3.13.15/x64
CI / Test (py3.13)	UNKNOWN STEP	2026-10-07T13:11:49.0336926Z   Python2_ROOT_DIR: /opt/hostedtoolcache/Python/3.13.15/x64
CI / Test (py3.13)	UNKNOWN STEP	2026-10-07T13:11:49.0337176Z   Python3_ROOT_DIR: /opt/hostedtoolcache/Python/3.13.15/x64
CI / Test (py3.13)	UNKNOWN STEP	2026-10-07T13:11:49.0337424Z   LD_LIBRARY_PATH: /opt/hostedtoolcache/Python/3.13.15/x64/lib
CI / Test (py3.13)	UNKNOWN STEP	2026-10-07T13:11:49.0337639Z ##[endgroup]
CI / Test (py3.13)	UNKNOWN STEP	2026-10-07T13:11:49.1016398Z (node:2125) [DEP0040] DeprecationWarning: The `punycode` module is deprecated. Please use a userland alternative instead.
CI / Test (py3.13)	UNKNOWN STEP	2026-10-07T13:11:49.1016908Z (Use `node --trace-deprecation ...` to show where the warning was created)
CI / Test (py3.13)	UNKNOWN STEP	2026-10-07T13:11:49.2539386Z Cache hit for: Linux-pip-3.13-a3a5c8adb68fa7ecbb63a699b6d8e740c42d189567bf6ae26489173e52d15171
CI / Test (py3.13)	UNKNOWN STEP	2026-10-07T13:11:49.2604326Z (node:2125) [DEP0169] DeprecationWarning: `url.parse()` behavior is not standardized and prone to errors that have security implications. Use the WHATWG URL API instead. CVEs are not issued for `url.parse()` vulnerabilities.
CI / Test (py3.13)	UNKNOWN STEP	2026-10-07T13:11:50.0339430Z Received 4295828 of 4295828 (100.0%), 6.8 MBs/sec
CI / Test (py3.13)	UNKNOWN STEP	2026-10-07T13:11:50.0340075Z Cache Size: ~4 MB (4295828 B)
CI / Test (py3.13)	UNKNOWN STEP	2026-10-07T13:11:50.0366080Z [command]/usr/bin/tar -xf /home/runner/work/_temp/e118c62e-bf7b-432c-8c6a-c598ef51507f/cache.tzst -P -C /home/runner/work/devops-coursework/devops-coursework --use-compress-program unzstd
CI / Test (py3.13)	UNKNOWN STEP	2026-10-07T13:11:50.0553863Z Cache restored successfully
CI / Test (py3.13)	UNKNOWN STEP	2026-10-07T13:11:50.0604751Z Cache restored from key: Linux-pip-3.13-a3a5c8adb68fa7ecbb63a699b6d8e740c42d189567bf6ae26489173e52d15171
CI / Test (py3.13)	UNKNOWN STEP	2026-10-07T13:11:50.0809117Z ##[group]Run echo "pip cache restored, dependency install should be fast"
CI / Test (py3.13)	UNKNOWN STEP	2026-10-07T13:11:50.0809460Z [36;1mecho "pip cache restored, dependency install should be fast"[0m
CI / Test (py3.13)	UNKNOWN STEP	2026-10-07T13:11:50.1518048Z shell: /usr/bin/bash -e {0}
CI / Test (py3.13)	UNKNOWN STEP	2026-10-07T13:11:50.1518211Z env:
CI / Test (py3.13)	UNKNOWN STEP	2026-10-07T13:11:50.1518344Z   APP_DIR: labs/16-github-actions
CI / Test (py3.13)	UNKNOWN STEP	2026-10-07T13:11:50.1518515Z   IMAGE_NAME: yatri-fare-api
CI / Test (py3.13)	UNKNOWN STEP	2026-10-07T13:11:50.1518709Z   pythonLocation: /opt/hostedtoolcache/Python/3.13.15/x64
CI / Test (py3.13)	UNKNOWN STEP	2026-10-07T13:11:50.1519132Z   PKG_CONFIG_PATH: /opt/hostedtoolcache/Python/3.13.15/x64/lib/pkgconfig
CI / Test (py3.13)	UNKNOWN STEP	2026-10-07T13:11:50.1519381Z   Python_ROOT_DIR: /opt/hostedtoolcache/Python/3.13.15/x64
CI / Test (py3.13)	UNKNOWN STEP	2026-10-07T13:11:50.1519613Z   Python2_ROOT_DIR: /opt/hostedtoolcache/Python/3.13.15/x64
CI / Test (py3.13)	UNKNOWN STEP	2026-10-07T13:11:50.1519957Z   Python3_ROOT_DIR: /opt/hostedtoolcache/Python/3.13.15/x64
CI / Test (py3.13)	UNKNOWN STEP	2026-10-07T13:11:50.1520183Z   LD_LIBRARY_PATH: /opt/hostedtoolcache/Python/3.13.15/x64/lib
CI / Test (py3.13)	UNKNOWN STEP	2026-10-07T13:11:50.1520377Z ##[endgroup]
CI / Test (py3.13)	UNKNOWN STEP	2026-10-07T13:11:50.1614154Z pip cache restored, dependency install should be fast
CI / Test (py3.13)	UNKNOWN STEP	2026-10-07T13:11:50.1701948Z ##[group]Run echo "runner os     : Linux (X64)"
CI / Test (py3.13)	UNKNOWN STEP	2026-10-07T13:11:50.1702278Z [36;1mecho "runner os     : Linux (X64)"[0m
CI / Test (py3.13)	UNKNOWN STEP	2026-10-07T13:11:50.1702507Z [36;1mecho "runner image  : ubuntu-latest"[0m
CI / Test (py3.13)	UNKNOWN STEP	2026-10-07T13:11:50.1702698Z [36;1mecho "python        : $(python --version)"[0m
CI / Test (py3.13)	UNKNOWN STEP	2026-10-07T13:11:50.1702880Z [36;1mecho "cpu cores     : $(nproc)"[0m
CI / Test (py3.13)	UNKNOWN STEP	2026-10-07T13:11:50.1703074Z [36;1mecho "workspace     : ${GITHUB_WORKSPACE}"[0m
CI / Test (py3.13)	UNKNOWN STEP	2026-10-07T13:11:50.1751191Z shell: /usr/bin/bash -e {0}
CI / Test (py3.13)	UNKNOWN STEP	2026-10-07T13:11:50.1751335Z env:
CI / Test (py3.13)	UNKNOWN STEP	2026-10-07T13:11:50.1751457Z   APP_DIR: labs/16-github-actions
CI / Test (py3.13)	UNKNOWN STEP	2026-10-07T13:11:50.1751611Z   IMAGE_NAME: yatri-fare-api
CI / Test (py3.13)	UNKNOWN STEP	2026-10-07T13:11:50.1751795Z   pythonLocation: /opt/hostedtoolcache/Python/3.13.15/x64
CI / Test (py3.13)	UNKNOWN STEP	2026-10-07T13:11:50.1752038Z   PKG_CONFIG_PATH: /opt/hostedtoolcache/Python/3.13.15/x64/lib/pkgconfig
CI / Test (py3.13)	UNKNOWN STEP	2026-10-07T13:11:50.1752282Z   Python_ROOT_DIR: /opt/hostedtoolcache/Python/3.13.15/x64
CI / Test (py3.13)	UNKNOWN STEP	2026-10-07T13:11:50.1752528Z   Python2_ROOT_DIR: /opt/hostedtoolcache/Python/3.13.15/x64
CI / Test (py3.13)	UNKNOWN STEP	2026-10-07T13:11:50.1752748Z   Python3_ROOT_DIR: /opt/hostedtoolcache/Python/3.13.15/x64
CI / Test (py3.13)	UNKNOWN STEP	2026-10-07T13:11:50.1752969Z   LD_LIBRARY_PATH: /opt/hostedtoolcache/Python/3.13.15/x64/lib
CI / Test (py3.13)	UNKNOWN STEP	2026-10-07T13:11:50.1753159Z ##[endgroup]
CI / Test (py3.13)	UNKNOWN STEP	2026-10-07T13:11:50.1818872Z runner os     : Linux (X64)
CI / Test (py3.13)	UNKNOWN STEP	2026-10-07T13:11:50.1819066Z runner image  : ubuntu-latest
CI / Test (py3.13)	UNKNOWN STEP	2026-10-07T13:11:50.1919336Z python        : Python 3.13.15
CI / Test (py3.13)	UNKNOWN STEP	2026-10-07T13:11:50.2008201Z cpu cores     : 4
CI / Test (py3.13)	UNKNOWN STEP	2026-10-07T13:11:50.2008533Z workspace     : /home/runner/work/devops-coursework/devops-coursework
CI / Test (py3.13)	UNKNOWN STEP	2026-10-07T13:11:50.2146814Z ##[group]Run python -m pip install --upgrade pip
CI / Test (py3.13)	UNKNOWN STEP	2026-10-07T13:11:50.2147030Z [36;1mpython -m pip install --upgrade pip[0m
CI / Test (py3.13)	UNKNOWN STEP	2026-10-07T13:11:50.2147218Z [36;1mpip install -r requirements-dev.txt[0m
CI / Test (py3.13)	UNKNOWN STEP	2026-10-07T13:11:50.2192186Z shell: /usr/bin/bash -e {0}
CI / Test (py3.13)	UNKNOWN STEP	2026-10-07T13:11:50.2192329Z env:
CI / Test (py3.13)	UNKNOWN STEP	2026-10-07T13:11:50.2192453Z   APP_DIR: labs/16-github-actions
CI / Test (py3.13)	UNKNOWN STEP	2026-10-07T13:11:50.2192612Z   IMAGE_NAME: yatri-fare-api
CI / Test (py3.13)	UNKNOWN STEP	2026-10-07T13:11:50.2192793Z   pythonLocation: /opt/hostedtoolcache/Python/3.13.15/x64
CI / Test (py3.13)	UNKNOWN STEP	2026-10-07T13:11:50.2193039Z   PKG_CONFIG_PATH: /opt/hostedtoolcache/Python/3.13.15/x64/lib/pkgconfig
CI / Test (py3.13)	UNKNOWN STEP	2026-10-07T13:11:50.2193284Z   Python_ROOT_DIR: /opt/hostedtoolcache/Python/3.13.15/x64
CI / Test (py3.13)	UNKNOWN STEP	2026-10-07T13:11:50.2193506Z   Python2_ROOT_DIR: /opt/hostedtoolcache/Python/3.13.15/x64
CI / Test (py3.13)	UNKNOWN STEP	2026-10-07T13:11:50.2193727Z   Python3_ROOT_DIR: /opt/hostedtoolcache/Python/3.13.15/x64
CI / Test (py3.13)	UNKNOWN STEP	2026-10-07T13:11:50.2193957Z   LD_LIBRARY_PATH: /opt/hostedtoolcache/Python/3.13.15/x64/lib
CI / Test (py3.13)	UNKNOWN STEP	2026-10-07T13:11:50.2194165Z ##[endgroup]
CI / Test (py3.13)	UNKNOWN STEP	2026-10-07T13:11:50.9347746Z Requirement already satisfied: pip in /opt/hostedtoolcache/Python/3.13.15/x64/lib/python3.13/site-packages (26.2.1)
CI / Test (py3.13)	UNKNOWN STEP	2026-10-07T13:11:51.2354396Z Collecting Flask<4.0.0,>=3.0.0 (from -r /home/runner/work/devops-coursework/devops-coursework/labs/16-github-actions/requirements.txt (line 1))
CI / Test (py3.13)	UNKNOWN STEP	2026-10-07T13:11:51.2362492Z   Using cached flask-3.1.3-py3-none-any.whl.metadata (3.2 kB)
CI / Test (py3.13)	UNKNOWN STEP	2026-10-07T13:11:51.2418704Z Collecting gunicorn<24.0.0,>=22.0.0 (from -r /home/runner/work/devops-coursework/devops-coursework/labs/16-github-actions/requirements.txt (line 2))
CI / Test (py3.13)	UNKNOWN STEP	2026-10-07T13:11:51.2427320Z   Using cached gunicorn-23.0.0-py3-none-any.whl.metadata (4.4 kB)
CI / Test (py3.13)	UNKNOWN STEP	2026-10-07T13:11:51.2525660Z Collecting pytest<9.0.0,>=8.0.0 (from -r requirements-dev.txt (line 2))
CI / Test (py3.13)	UNKNOWN STEP	2026-10-07T13:11:51.2533310Z   Using cached pytest-8.4.2-py3-none-any.whl.metadata (7.7 kB)
CI / Test (py3.13)	UNKNOWN STEP	2026-10-07T13:11:51.2576315Z Collecting pytest-cov<7.0.0,>=5.0.0 (from -r requirements-dev.txt (line 3))
CI / Test (py3.13)	UNKNOWN STEP	2026-10-07T13:11:51.2586746Z   Using cached pytest_cov-6.3.0-py3-none-any.whl.metadata (30 kB)
CI / Test (py3.13)	UNKNOWN STEP	2026-10-07T13:11:51.2689701Z Collecting flake8<8.0.0,>=7.0.0 (from -r requirements-dev.txt (line 4))
CI / Test (py3.13)	UNKNOWN STEP	2026-10-07T13:11:51.2700482Z   Using cached flake8-7.4.1-py2.py3-none-any.whl.metadata (3.8 kB)
CI / Test (py3.13)	UNKNOWN STEP	2026-10-07T13:11:51.2742038Z Collecting blinker>=1.9.0 (from Flask<4.0.0,>=3.0.0->-r /home/runner/work/devops-coursework/devops-coursework/labs/16-github-actions/requirements.txt (line 1))
CI / Test (py3.13)	UNKNOWN STEP	2026-10-07T13:11:51.2750379Z   Using cached blinker-1.9.0-py3-none-any.whl.metadata (1.6 kB)
CI / Test (py3.13)	UNKNOWN STEP	2026-10-07T13:11:51.2797125Z Collecting click>=8.1.3 (from Flask<4.0.0,>=3.0.0->-r /home/runner/work/devops-coursework/devops-coursework/labs/16-github-actions/requirements.txt (line 1))
CI / Test (py3.13)	UNKNOWN STEP	2026-10-07T13:11:51.2805006Z   Using cached click-8.5.0-py3-none-any.whl.metadata (2.6 kB)
CI / Test (py3.13)	UNKNOWN STEP	2026-10-07T13:11:51.2832039Z Collecting itsdangerous>=2.2.0 (from Flask<4.0.0,>=3.0.0->-r /home/runner/work/devops-coursework/devops-coursework/labs/16-github-actions/requirements.txt (line 1))
CI / Test (py3.13)	UNKNOWN STEP	2026-10-07T13:11:51.2839205Z   Using cached itsdangerous-2.2.0-py3-none-any.whl.metadata (1.9 kB)
CI / Test (py3.13)	UNKNOWN STEP	2026-10-07T13:11:51.2877982Z Collecting jinja2>=3.1.2 (from Flask<4.0.0,>=3.0.0->-r /home/runner/work/devops-coursework/devops-coursework/labs/16-github-actions/requirements.txt (line 1))
CI / Test (py3.13)	UNKNOWN STEP	2026-10-07T13:11:51.2885496Z   Using cached jinja2-3.1.6-py3-none-any.whl.metadata (2.9 kB)
CI / Test (py3.13)	UNKNOWN STEP	2026-10-07T13:11:51.3121540Z Collecting markupsafe>=2.1.1 (from Flask<4.0.0,>=3.0.0->-r /home/runner/work/devops-coursework/devops-coursework/labs/16-github-actions/requirements.txt (line 1))
CI / Test (py3.13)	UNKNOWN STEP	2026-10-07T13:11:51.3129129Z   Using cached markupsafe-3.0.4-cp313-cp313-manylinux2014_x86_64.manylinux_2_17_x86_64.manylinux_2_28_x86_64.whl.metadata (2.7 kB)
CI / Test (py3.13)	UNKNOWN STEP	2026-10-07T13:11:51.3183817Z Collecting werkzeug>=3.1.0 (from Flask<4.0.0,>=3.0.0->-r /home/runner/work/devops-coursework/devops-coursework/labs/16-github-actions/requirements.txt (line 1))
CI / Test (py3.13)	UNKNOWN STEP	2026-10-07T13:11:51.3191187Z   Using cached werkzeug-3.1.9-py3-none-any.whl.metadata (4.1 kB)
CI / Test (py3.13)	UNKNOWN STEP	2026-10-07T13:11:51.3242732Z Collecting packaging (from gunicorn<24.0.0,>=22.0.0->-r /home/runner/work/devops-coursework/devops-coursework/labs/16-github-actions/requirements.txt (line 2))
CI / Test (py3.13)	UNKNOWN STEP	2026-10-07T13:11:51.3249896Z   Using cached packaging-26.3-py3-none-any.whl.metadata (3.5 kB)
CI / Test (py3.13)	UNKNOWN STEP	2026-10-07T13:11:51.3276230Z Collecting iniconfig>=1 (from pytest<9.0.0,>=8.0.0->-r requirements-dev.txt (line 2))
CI / Test (py3.13)	UNKNOWN STEP	2026-10-07T13:11:51.3283606Z   Using cached iniconfig-2.3.1-py3-none-any.whl.metadata (2.8 kB)
CI / Test (py3.13)	UNKNOWN STEP	2026-10-07T13:11:51.3319252Z Collecting pluggy<2,>=1.5 (from pytest<9.0.0,>=8.0.0->-r requirements-dev.txt (line 2))
CI / Test (py3.13)	UNKNOWN STEP	2026-10-07T13:11:51.3326761Z   Using cached pluggy-1.6.0-py3-none-any.whl.metadata (4.8 kB)
CI / Test (py3.13)	UNKNOWN STEP	2026-10-07T13:11:51.3383060Z Collecting pygments>=2.7.2 (from pytest<9.0.0,>=8.0.0->-r requirements-dev.txt (line 2))
CI / Test (py3.13)	UNKNOWN STEP	2026-10-07T13:11:51.3390435Z   Using cached pygments-2.21.0-py3-none-any.whl.metadata (2.5 kB)
CI / Test (py3.13)	UNKNOWN STEP	2026-10-07T13:11:51.5251017Z Collecting coverage>=7.5 (from coverage[toml]>=7.5->pytest-cov<7.0.0,>=5.0.0->-r requirements-dev.txt (line 3))
CI / Test (py3.13)	UNKNOWN STEP	2026-10-07T13:11:51.5261751Z   Using cached coverage-7.16.2-cp313-cp313-manylinux1_x86_64.manylinux_2_28_x86_64.manylinux_2_5_x86_64.whl.metadata (8.2 kB)
CI / Test (py3.13)	UNKNOWN STEP	2026-10-07T13:11:51.5299404Z Collecting mccabe<0.8.0,>=0.7.0 (from flake8<8.0.0,>=7.0.0->-r requirements-dev.txt (line 4))
CI / Test (py3.13)	UNKNOWN STEP	2026-10-07T13:11:51.5306739Z   Using cached mccabe-0.7.0-py2.py3-none-any.whl.metadata (5.0 kB)
CI / Test (py3.13)	UNKNOWN STEP	2026-10-07T13:11:51.5337111Z Collecting pycodestyle<2.16.0,>=2.15.0 (from flake8<8.0.0,>=7.0.0->-r requirements-dev.txt (line 4))
CI / Test (py3.13)	UNKNOWN STEP	2026-10-07T13:11:51.5344383Z   Using cached pycodestyle-2.15.0-py2.py3-none-any.whl.metadata (4.5 kB)
CI / Test (py3.13)	UNKNOWN STEP	2026-10-07T13:11:51.5378779Z Collecting pyflakes<4.1.0,>=4.0.0 (from flake8<8.0.0,>=7.0.0->-r requirements-dev.txt (line 4))
CI / Test (py3.13)	UNKNOWN STEP	2026-10-07T13:11:51.5386442Z   Using cached pyflakes-4.0.2-py2.py3-none-any.whl.metadata (3.7 kB)
CI / Test (py3.13)	UNKNOWN STEP	2026-10-07T13:11:51.5433394Z Using cached flask-3.1.3-py3-none-any.whl (103 kB)
CI / Test (py3.13)	UNKNOWN STEP	2026-10-07T13:11:51.5440857Z Using cached gunicorn-23.0.0-py3-none-any.whl (85 kB)
CI / Test (py3.13)	UNKNOWN STEP	2026-10-07T13:11:51.5447926Z Using cached pytest-8.4.2-py3-none-any.whl (365 kB)
CI / Test (py3.13)	UNKNOWN STEP	2026-10-07T13:11:51.5455830Z Using cached pytest_cov-6.3.0-py3-none-any.whl (25 kB)
CI / Test (py3.13)	UNKNOWN STEP	2026-10-07T13:11:51.5462646Z Using cached flake8-7.4.1-py2.py3-none-any.whl (57 kB)
CI / Test (py3.13)	UNKNOWN STEP	2026-10-07T13:11:51.5469411Z Using cached mccabe-0.7.0-py2.py3-none-any.whl (7.3 kB)
CI / Test (py3.13)	UNKNOWN STEP	2026-10-07T13:11:51.5476084Z Using cached pluggy-1.6.0-py3-none-any.whl (20 kB)
CI / Test (py3.13)	UNKNOWN STEP	2026-10-07T13:11:51.5482901Z Using cached pycodestyle-2.15.0-py2.py3-none-any.whl (31 kB)
CI / Test (py3.13)	UNKNOWN STEP	2026-10-07T13:11:51.5489395Z Using cached pyflakes-4.0.2-py2.py3-none-any.whl (66 kB)
CI / Test (py3.13)	UNKNOWN STEP	2026-10-07T13:11:51.5496335Z Using cached blinker-1.9.0-py3-none-any.whl (8.5 kB)
CI / Test (py3.13)	UNKNOWN STEP	2026-10-07T13:11:51.5502983Z Using cached click-8.5.0-py3-none-any.whl (125 kB)
CI / Test (py3.13)	UNKNOWN STEP	2026-10-07T13:11:51.5510200Z Using cached coverage-7.16.2-cp313-cp313-manylinux1_x86_64.manylinux_2_28_x86_64.manylinux_2_5_x86_64.whl (257 kB)
CI / Test (py3.13)	UNKNOWN STEP	2026-10-07T13:11:51.5517306Z Using cached iniconfig-2.3.1-py3-none-any.whl (7.6 kB)
CI / Test (py3.13)	UNKNOWN STEP	2026-10-07T13:11:51.5523881Z Using cached itsdangerous-2.2.0-py3-none-any.whl (16 kB)
CI / Test (py3.13)	UNKNOWN STEP	2026-10-07T13:11:51.5530394Z Using cached jinja2-3.1.6-py3-none-any.whl (134 kB)
CI / Test (py3.13)	UNKNOWN STEP	2026-10-07T13:11:51.5537392Z Using cached markupsafe-3.0.4-cp313-cp313-manylinux2014_x86_64.manylinux_2_17_x86_64.manylinux_2_28_x86_64.whl (23 kB)
CI / Test (py3.13)	UNKNOWN STEP	2026-10-07T13:11:51.5543964Z Using cached packaging-26.3-py3-none-any.whl (129 kB)
CI / Test (py3.13)	UNKNOWN STEP	2026-10-07T13:11:51.5550836Z Using cached pygments-2.21.0-py3-none-any.whl (1.3 MB)
CI / Test (py3.13)	UNKNOWN STEP	2026-10-07T13:11:51.5560819Z Using cached werkzeug-3.1.9-py3-none-any.whl (228 kB)
CI / Test (py3.13)	UNKNOWN STEP	2026-10-07T13:11:51.6004374Z Installing collected packages: pygments, pyflakes, pycodestyle, pluggy, packaging, mccabe, markupsafe, itsdangerous, iniconfig, coverage, click, blinker, werkzeug, pytest, jinja2, gunicorn, flake8, pytest-cov, Flask
CI / Test (py3.13)	UNKNOWN STEP	2026-10-07T13:11:52.7446198Z 
CI / Test (py3.13)	UNKNOWN STEP	2026-10-07T13:11:52.7462520Z Successfully installed Flask-3.1.3 blinker-1.9.0 click-8.5.0 coverage-7.16.2 flake8-7.4.1 gunicorn-23.0.0 iniconfig-2.3.1 itsdangerous-2.2.0 jinja2-3.1.6 markupsafe-3.0.4 mccabe-0.7.0 packaging-26.3 pluggy-1.6.0 pycodestyle-2.15.0 pyflakes-4.0.2 pygments-2.21.0 pytest-8.4.2 pytest-cov-6.3.0 werkzeug-3.1.9
CI / Test (py3.13)	UNKNOWN STEP	2026-10-07T13:11:52.8033248Z ##[group]Run mkdir -p reports
CI / Test (py3.13)	UNKNOWN STEP	2026-10-07T13:11:52.8033455Z [36;1mmkdir -p reports[0m
CI / Test (py3.13)	UNKNOWN STEP	2026-10-07T13:11:52.8033596Z [36;1mpytest \[0m
CI / Test (py3.13)	UNKNOWN STEP	2026-10-07T13:11:52.8033746Z [36;1m  --junitxml=reports/junit-py3.13.xml \[0m
CI / Test (py3.13)	UNKNOWN STEP	2026-10-07T13:11:52.8033926Z [36;1m  --cov=app \[0m
CI / Test (py3.13)	UNKNOWN STEP	2026-10-07T13:11:52.8034069Z [36;1m  --cov-report=term \[0m
CI / Test (py3.13)	UNKNOWN STEP	2026-10-07T13:11:52.8034247Z [36;1m  --cov-report=xml:reports/coverage-py3.13.xml[0m
CI / Test (py3.13)	UNKNOWN STEP	2026-10-07T13:11:52.8087742Z shell: /usr/bin/bash -e {0}
CI / Test (py3.13)	UNKNOWN STEP	2026-10-07T13:11:52.8087886Z env:
CI / Test (py3.13)	UNKNOWN STEP	2026-10-07T13:11:52.8088012Z   APP_DIR: labs/16-github-actions
CI / Test (py3.13)	UNKNOWN STEP	2026-10-07T13:11:52.8088173Z   IMAGE_NAME: yatri-fare-api
CI / Test (py3.13)	UNKNOWN STEP	2026-10-07T13:11:52.8088357Z   pythonLocation: /opt/hostedtoolcache/Python/3.13.15/x64
CI / Test (py3.13)	UNKNOWN STEP	2026-10-07T13:11:52.8088606Z   PKG_CONFIG_PATH: /opt/hostedtoolcache/Python/3.13.15/x64/lib/pkgconfig
CI / Test (py3.13)	UNKNOWN STEP	2026-10-07T13:11:52.8088864Z   Python_ROOT_DIR: /opt/hostedtoolcache/Python/3.13.15/x64
CI / Test (py3.13)	UNKNOWN STEP	2026-10-07T13:11:52.8089105Z   Python2_ROOT_DIR: /opt/hostedtoolcache/Python/3.13.15/x64
CI / Test (py3.13)	UNKNOWN STEP	2026-10-07T13:11:52.8089331Z   Python3_ROOT_DIR: /opt/hostedtoolcache/Python/3.13.15/x64
CI / Test (py3.13)	UNKNOWN STEP	2026-10-07T13:11:52.8089557Z   LD_LIBRARY_PATH: /opt/hostedtoolcache/Python/3.13.15/x64/lib
CI / Test (py3.13)	UNKNOWN STEP	2026-10-07T13:11:52.8089897Z ##[endgroup]
CI / Test (py3.13)	UNKNOWN STEP	2026-10-07T13:11:53.1104898Z ============================= test session starts ==============================
CI / Test (py3.13)	UNKNOWN STEP	2026-10-07T13:11:53.1105406Z platform linux -- Python 3.13.15, pytest-8.4.2, pluggy-1.6.0 -- /opt/hostedtoolcache/Python/3.13.15/x64/bin/python
CI / Test (py3.13)	UNKNOWN STEP	2026-10-07T13:11:53.1105691Z cachedir: .pytest_cache
CI / Test (py3.13)	UNKNOWN STEP	2026-10-07T13:11:53.1105927Z rootdir: /home/runner/work/devops-coursework/devops-coursework/labs/16-github-actions
CI / Test (py3.13)	UNKNOWN STEP	2026-10-07T13:11:53.1106180Z configfile: setup.cfg
CI / Test (py3.13)	UNKNOWN STEP	2026-10-07T13:11:53.1106312Z testpaths: tests
CI / Test (py3.13)	UNKNOWN STEP	2026-10-07T13:11:53.1106433Z plugins: cov-6.3.0
CI / Test (py3.13)	UNKNOWN STEP	2026-10-07T13:11:53.2302834Z collecting ... collected 20 items
CI / Test (py3.13)	UNKNOWN STEP	2026-10-07T13:11:53.2303083Z 
CI / Test (py3.13)	UNKNOWN STEP	2026-10-07T13:11:53.2387173Z tests/test_fare.py::test_validate_trip_accepts_a_normal_trip PASSED      [  5%]
CI / Test (py3.13)	UNKNOWN STEP	2026-10-07T13:11:53.2399518Z tests/test_fare.py::test_validate_trip_rejects_bad_input[0-10-1.0] PASSED [ 10%]
CI / Test (py3.13)	UNKNOWN STEP	2026-10-07T13:11:53.2408388Z tests/test_fare.py::test_validate_trip_rejects_bad_input[-3-10-1.0] PASSED [ 15%]
CI / Test (py3.13)	UNKNOWN STEP	2026-10-07T13:11:53.2416482Z tests/test_fare.py::test_validate_trip_rejects_bad_input[5-0-1.0] PASSED [ 20%]
CI / Test (py3.13)	UNKNOWN STEP	2026-10-07T13:11:53.2424453Z tests/test_fare.py::test_validate_trip_rejects_bad_input[5--1-1.0] PASSED [ 25%]
CI / Test (py3.13)	UNKNOWN STEP	2026-10-07T13:11:53.2432289Z tests/test_fare.py::test_validate_trip_rejects_bad_input[5-10-0.5] PASSED [ 30%]
CI / Test (py3.13)	UNKNOWN STEP	2026-10-07T13:11:53.2438757Z tests/test_fare.py::test_compute_fare_matches_the_published_formula PASSED [ 35%]
CI / Test (py3.13)	UNKNOWN STEP	2026-10-07T13:11:53.2445289Z tests/test_fare.py::test_compute_fare_applies_surge_multiplier PASSED    [ 40%]
CI / Test (py3.13)	UNKNOWN STEP	2026-10-07T13:11:53.2452009Z tests/test_fare.py::test_compute_fare_adds_night_surcharge PASSED        [ 45%]
CI / Test (py3.13)	UNKNOWN STEP	2026-10-07T13:11:53.2460138Z tests/test_fare.py::test_compute_fare_never_drops_below_minimum PASSED   [ 50%]
CI / Test (py3.13)	UNKNOWN STEP	2026-10-07T13:11:53.2470585Z tests/test_fare.py::test_apply_coupon_is_case_insensitive PASSED         [ 55%]
CI / Test (py3.13)	UNKNOWN STEP	2026-10-07T13:11:53.2481298Z tests/test_fare.py::test_apply_coupon_rejects_unknown_code PASSED        [ 60%]
CI / Test (py3.13)	UNKNOWN STEP	2026-10-07T13:11:53.2492240Z tests/test_fare.py::test_apply_coupon_rejects_negative_amount PASSED     [ 65%]
CI / Test (py3.13)	UNKNOWN STEP	2026-10-07T13:11:53.2503247Z tests/test_fare.py::test_split_fare_shares_sum_back_to_the_total PASSED  [ 70%]
CI / Test (py3.13)	UNKNOWN STEP	2026-10-07T13:11:53.2514902Z tests/test_fare.py::test_split_fare_rejects_zero_riders PASSED           [ 75%]
CI / Test (py3.13)	UNKNOWN STEP	2026-10-07T13:11:53.2586779Z tests/test_server.py::test_health_endpoint PASSED                        [ 80%]
CI / Test (py3.13)	UNKNOWN STEP	2026-10-07T13:11:53.2601492Z tests/test_server.py::test_version_endpoint_reports_build_metadata PASSED [ 85%]
CI / Test (py3.13)	UNKNOWN STEP	2026-10-07T13:11:53.2619231Z tests/test_server.py::test_fare_endpoint_prices_a_trip PASSED            [ 90%]
CI / Test (py3.13)	UNKNOWN STEP	2026-10-07T13:11:53.2632538Z tests/test_server.py::test_fare_endpoint_applies_a_coupon_and_splits PASSED [ 95%]
CI / Test (py3.13)	UNKNOWN STEP	2026-10-07T13:11:53.3135388Z tests/test_server.py::test_fare_endpoint_rejects_an_invalid_trip PASSED  [100%]
CI / Test (py3.13)	UNKNOWN STEP	2026-10-07T13:11:53.3135748Z 
CI / Test (py3.13)	UNKNOWN STEP	2026-10-07T13:11:53.3136139Z - generated xml file: /home/runner/work/devops-coursework/devops-coursework/labs/16-github-actions/reports/junit-py3.13.xml -
CI / Test (py3.13)	UNKNOWN STEP	2026-10-07T13:11:53.3136726Z ================================ tests coverage ================================
CI / Test (py3.13)	UNKNOWN STEP	2026-10-07T13:11:53.3137111Z _______________ coverage: platform linux, python 3.13.15-final-0 _______________
CI / Test (py3.13)	UNKNOWN STEP	2026-10-07T13:11:53.3137363Z 
CI / Test (py3.13)	UNKNOWN STEP	2026-10-07T13:11:53.3137459Z Name              Stmts   Miss  Cover
CI / Test (py3.13)	UNKNOWN STEP	2026-10-07T13:11:53.3137698Z -------------------------------------
CI / Test (py3.13)	UNKNOWN STEP	2026-10-07T13:11:53.3137934Z app/__init__.py       1      0   100%
CI / Test (py3.13)	UNKNOWN STEP	2026-10-07T13:11:53.3138180Z app/fare.py          36      0   100%
CI / Test (py3.13)	UNKNOWN STEP	2026-10-07T13:11:53.3138420Z app/server.py        28      3    89%
CI / Test (py3.13)	UNKNOWN STEP	2026-10-07T13:11:53.3138673Z -------------------------------------
CI / Test (py3.13)	UNKNOWN STEP	2026-10-07T13:11:53.3138902Z TOTAL                65      3    95%
CI / Test (py3.13)	UNKNOWN STEP	2026-10-07T13:11:53.3139205Z Coverage XML written to file reports/coverage-py3.13.xml
CI / Test (py3.13)	UNKNOWN STEP	2026-10-07T13:11:53.3139560Z ============================== 20 passed in 0.18s ==============================
CI / Test (py3.13)	UNKNOWN STEP	2026-10-07T13:11:53.3486891Z ##[group]Run actions/upload-artifact@v4
CI / Test (py3.13)	UNKNOWN STEP	2026-10-07T13:11:53.3487059Z with:
CI / Test (py3.13)	UNKNOWN STEP	2026-10-07T13:11:53.3487183Z   name: test-report-py3.13
CI / Test (py3.13)	UNKNOWN STEP	2026-10-07T13:11:53.3487330Z   path: labs/16-github-actions/reports/
CI / Test (py3.13)	UNKNOWN STEP	2026-10-07T13:11:53.3487482Z   retention-days: 7
CI / Test (py3.13)	UNKNOWN STEP	2026-10-07T13:11:53.3487612Z   if-no-files-found: error
CI / Test (py3.13)	UNKNOWN STEP	2026-10-07T13:11:53.3487745Z   compression-level: 6
CI / Test (py3.13)	UNKNOWN STEP	2026-10-07T13:11:53.3487870Z   overwrite: false
CI / Test (py3.13)	UNKNOWN STEP	2026-10-07T13:11:53.3487999Z   include-hidden-files: false
CI / Test (py3.13)	UNKNOWN STEP	2026-10-07T13:11:53.3488140Z env:
CI / Test (py3.13)	UNKNOWN STEP	2026-10-07T13:11:53.3488256Z   APP_DIR: labs/16-github-actions
CI / Test (py3.13)	UNKNOWN STEP	2026-10-07T13:11:53.3488403Z   IMAGE_NAME: yatri-fare-api
CI / Test (py3.13)	UNKNOWN STEP	2026-10-07T13:11:53.3488579Z   pythonLocation: /opt/hostedtoolcache/Python/3.13.15/x64
CI / Test (py3.13)	UNKNOWN STEP	2026-10-07T13:11:53.3488950Z   PKG_CONFIG_PATH: /opt/hostedtoolcache/Python/3.13.15/x64/lib/pkgconfig
CI / Test (py3.13)	UNKNOWN STEP	2026-10-07T13:11:53.3489186Z   Python_ROOT_DIR: /opt/hostedtoolcache/Python/3.13.15/x64
CI / Test (py3.13)	UNKNOWN STEP	2026-10-07T13:11:53.3489399Z   Python2_ROOT_DIR: /opt/hostedtoolcache/Python/3.13.15/x64
CI / Test (py3.13)	UNKNOWN STEP	2026-10-07T13:11:53.3489629Z   Python3_ROOT_DIR: /opt/hostedtoolcache/Python/3.13.15/x64
CI / Test (py3.13)	UNKNOWN STEP	2026-10-07T13:11:53.3490015Z   LD_LIBRARY_PATH: /opt/hostedtoolcache/Python/3.13.15/x64/lib
CI / Test (py3.13)	UNKNOWN STEP	2026-10-07T13:11:53.3490197Z ##[endgroup]
CI / Test (py3.13)	UNKNOWN STEP	2026-10-07T13:11:53.4532488Z (node:2199) [DEP0040] DeprecationWarning: The `punycode` module is deprecated. Please use a userland alternative instead.
CI / Test (py3.13)	UNKNOWN STEP	2026-10-07T13:11:53.4533054Z (Use `node --trace-deprecation ...` to show where the warning was created)
CI / Test (py3.13)	UNKNOWN STEP	2026-10-07T13:11:53.4569631Z With the provided path, there will be 2 files uploaded
CI / Test (py3.13)	UNKNOWN STEP	2026-10-07T13:11:53.4572540Z Artifact name is valid!
CI / Test (py3.13)	UNKNOWN STEP	2026-10-07T13:11:53.4573083Z Root directory input is valid!
CI / Test (py3.13)	UNKNOWN STEP	2026-10-07T13:11:53.7145130Z Beginning upload of artifact content to blob storage
CI / Test (py3.13)	UNKNOWN STEP	2026-10-07T13:11:53.7267386Z (node:2199) [DEP0169] DeprecationWarning: `url.parse()` behavior is not standardized and prone to errors that have security implications. Use the WHATWG URL API instead. CVEs are not issued for `url.parse()` vulnerabilities.
CI / Test (py3.13)	UNKNOWN STEP	2026-10-07T13:11:53.8786617Z Uploaded bytes 1398
CI / Test (py3.13)	UNKNOWN STEP	2026-10-07T13:11:53.9219557Z Finished uploading artifact content to blob storage!
CI / Test (py3.13)	UNKNOWN STEP	2026-10-07T13:11:53.9220231Z SHA256 digest of uploaded artifact zip is df0aaefc68f0ddee295b6c07c7f03c330667b96896d397647c4699d023db6269
CI / Test (py3.13)	UNKNOWN STEP	2026-10-07T13:11:53.9221622Z Finalizing artifact upload
CI / Test (py3.13)	UNKNOWN STEP	2026-10-07T13:11:54.1711962Z Artifact test-report-py3.13.zip successfully finalized. Artifact ID 11484277715
CI / Test (py3.13)	UNKNOWN STEP	2026-10-07T13:11:54.1712683Z Artifact test-report-py3.13 has been successfully uploaded! Final size is 1398 bytes. Artifact ID is 11484277715
CI / Test (py3.13)	UNKNOWN STEP	2026-10-07T13:11:54.1730489Z Artifact download URL: https://github.com/AmanYadav7015/devops-coursework/actions/runs/37626587346/artifacts/11484277715
CI / Test (py3.13)	UNKNOWN STEP	2026-10-07T13:11:54.2200919Z Post job cleanup.
CI / Test (py3.13)	UNKNOWN STEP	2026-10-07T13:11:54.2974849Z Cache hit occurred on the primary key Linux-pip-3.13-a3a5c8adb68fa7ecbb63a699b6d8e740c42d189567bf6ae26489173e52d15171, not saving cache.
CI / Test (py3.13)	UNKNOWN STEP	2026-10-07T13:11:54.2976136Z (node:2222) [DEP0040] DeprecationWarning: The `punycode` module is deprecated. Please use a userland alternative instead.
CI / Test (py3.13)	UNKNOWN STEP	2026-10-07T13:11:54.2976727Z (Use `node --trace-deprecation ...` to show where the warning was created)
CI / Test (py3.13)	UNKNOWN STEP	2026-10-07T13:11:54.3075975Z Post job cleanup.
CI / Test (py3.13)	UNKNOWN STEP	2026-10-07T13:11:54.3851112Z (node:2230) [DEP0040] DeprecationWarning: The `punycode` module is deprecated. Please use a userland alternative instead.
CI / Test (py3.13)	UNKNOWN STEP	2026-10-07T13:11:54.3851789Z (Use `node --trace-deprecation ...` to show where the warning was created)
CI / Test (py3.13)	UNKNOWN STEP	2026-10-07T13:11:54.3986521Z Post job cleanup.
CI / Test (py3.13)	UNKNOWN STEP	2026-10-07T13:11:54.4612197Z [command]/usr/bin/git version
CI / Test (py3.13)	UNKNOWN STEP	2026-10-07T13:11:54.4644452Z git version 2.55.0
CI / Test (py3.13)	UNKNOWN STEP	2026-10-07T13:11:54.4699277Z Temporarily overriding HOME='/home/runner/work/_temp/818b1e36-62f1-411d-81e1-20e42c6f6c19' before making global git config changes
CI / Test (py3.13)	UNKNOWN STEP	2026-10-07T13:11:54.4700149Z Adding repository directory to the temporary git global config as a safe directory
CI / Test (py3.13)	UNKNOWN STEP	2026-10-07T13:11:54.4703052Z [command]/usr/bin/git config --global --add safe.directory /home/runner/work/devops-coursework/devops-coursework
CI / Test (py3.13)	UNKNOWN STEP	2026-10-07T13:11:54.4732207Z [command]/usr/bin/git config --local --name-only --get-regexp core\.sshCommand
CI / Test (py3.13)	UNKNOWN STEP	2026-10-07T13:11:54.4758739Z [command]/usr/bin/git submodule foreach --recursive sh -c "git config --local --name-only --get-regexp 'core\.sshCommand' && git config --local --unset-all 'core.sshCommand' || :"
CI / Test (py3.13)	UNKNOWN STEP	2026-10-07T13:11:54.4971561Z [command]/usr/bin/git config --local --name-only --get-regexp http\.https\:\/\/github\.com\/\.extraheader
CI / Test (py3.13)	UNKNOWN STEP	2026-10-07T13:11:54.4994528Z http.https://github.com/.extraheader
CI / Test (py3.13)	UNKNOWN STEP	2026-10-07T13:11:54.5001397Z [command]/usr/bin/git config --local --unset-all http.https://github.com/.extraheader
CI / Test (py3.13)	UNKNOWN STEP	2026-10-07T13:11:54.5033278Z [command]/usr/bin/git submodule foreach --recursive sh -c "git config --local --name-only --get-regexp 'http\.https\:\/\/github\.com\/\.extraheader' && git config --local --unset-all 'http.https://github.com/.extraheader' || :"
CI / Test (py3.13)	UNKNOWN STEP	2026-10-07T13:11:54.5226855Z [command]/usr/bin/git config --local --name-only --get-regexp ^includeIf\.gitdir:
CI / Test (py3.13)	UNKNOWN STEP	2026-10-07T13:11:54.5256524Z [command]/usr/bin/git submodule foreach --recursive git config --local --show-origin --name-only --get-regexp remote.origin.url
CI / Test (py3.13)	UNKNOWN STEP	2026-10-07T13:11:54.5543277Z Cleaning up orphan processes
CI / Test (py3.13)	UNKNOWN STEP	2026-10-07T13:11:54.5746169Z ##[warning]Node.js 20 is deprecated. The following actions target Node.js 20 but are being forced to run on Node.js 24: actions/cache@v4, actions/checkout@v4, actions/setup-python@v5, actions/upload-artifact@v4. For more information see: https://github.blog/changelog/2025-09-19-deprecation-of-node-20-on-github-actions-runners/
CI / Package	UNKNOWN STEP	﻿2026-10-07T13:12:13.2949810Z Current runner version: '2.337.0'
CI / Package	UNKNOWN STEP	2026-10-07T13:12:13.2966419Z ##[group]Runner Image Provisioner
CI / Package	UNKNOWN STEP	2026-10-07T13:12:13.2967059Z Hosted Compute Agent
CI / Package	UNKNOWN STEP	2026-10-07T13:12:13.2967560Z Version: 20260901.588
CI / Package	UNKNOWN STEP	2026-10-07T13:12:13.2968021Z Commit: f88ec8081b781fac6c440065ac7ff9e710ce3d0b
CI / Package	UNKNOWN STEP	2026-10-07T13:12:13.2968533Z Build Date: 2026-09-01T19:56:44Z
CI / Package	UNKNOWN STEP	2026-10-07T13:12:13.2969028Z Worker ID: {e2154cdc-aa4f-4994-9676-3389363c6149}
CI / Package	UNKNOWN STEP	2026-10-07T13:12:13.2969630Z Azure Region: centralus
CI / Package	UNKNOWN STEP	2026-10-07T13:12:13.2970063Z ##[endgroup]
CI / Package	UNKNOWN STEP	2026-10-07T13:12:13.2971119Z ##[group]Operating System
CI / Package	UNKNOWN STEP	2026-10-07T13:12:13.2971609Z Ubuntu
CI / Package	UNKNOWN STEP	2026-10-07T13:12:13.2971986Z 24.04.5
CI / Package	UNKNOWN STEP	2026-10-07T13:12:13.2972364Z LTS
CI / Package	UNKNOWN STEP	2026-10-07T13:12:13.2972764Z ##[endgroup]
CI / Package	UNKNOWN STEP	2026-10-07T13:12:13.2973177Z ##[group]Runner Image
CI / Package	UNKNOWN STEP	2026-10-07T13:12:13.2973596Z Image: ubuntu-24.04
CI / Package	UNKNOWN STEP	2026-10-07T13:12:13.2973998Z Version: 20260927.320.1
CI / Package	UNKNOWN STEP	2026-10-07T13:12:13.2975249Z Included Software: https://github.com/actions/runner-images/blob/ubuntu24/20260927.320/images/ubuntu/Ubuntu2404-Readme.md
CI / Package	UNKNOWN STEP	2026-10-07T13:12:13.2976576Z Image Release: https://github.com/actions/runner-images/releases/tag/ubuntu24%2F20260927.320
CI / Package	UNKNOWN STEP	2026-10-07T13:12:13.2977244Z ##[endgroup]
CI / Package	UNKNOWN STEP	2026-10-07T13:12:13.2978010Z ##[group]GITHUB_TOKEN Permissions
CI / Package	UNKNOWN STEP	2026-10-07T13:12:13.2979771Z Contents: read
CI / Package	UNKNOWN STEP	2026-10-07T13:12:13.2980194Z Metadata: read
CI / Package	UNKNOWN STEP	2026-10-07T13:12:13.2980595Z ##[endgroup]
CI / Package	UNKNOWN STEP	2026-10-07T13:12:13.2982093Z Secret source: Actions
CI / Package	UNKNOWN STEP	2026-10-07T13:12:13.2982907Z Cache mode: write
CI / Package	UNKNOWN STEP	2026-10-07T13:12:13.2983620Z Prepare workflow directory
CI / Package	UNKNOWN STEP	2026-10-07T13:12:13.3289514Z Prepare all required actions
CI / Package	UNKNOWN STEP	2026-10-07T13:12:13.3323854Z Getting action download info
CI / Package	UNKNOWN STEP	2026-10-07T13:12:13.6277090Z Download action repository 'actions/checkout@v4' (SHA:11d5960a326750d5838078e36cf38b85af677262)
CI / Package	UNKNOWN STEP	2026-10-07T13:12:13.7168596Z Download action repository 'actions/setup-python@v5' (SHA:a26af69be951a213d495a4c3e4e4022e16d87065)
CI / Package	UNKNOWN STEP	2026-10-07T13:12:13.8519841Z Download action repository 'actions/download-artifact@v4' (SHA:d3f86a106a0bac45b974a628896c90dbdf5c8093)
CI / Package	UNKNOWN STEP	2026-10-07T13:12:14.3569776Z Download action repository 'actions/upload-artifact@v4' (SHA:ea165f8d65b6e75b540449e92b4886f43607fa02)
CI / Package	UNKNOWN STEP	2026-10-07T13:12:14.5509432Z Complete job name: CI / Package
CI / Package	UNKNOWN STEP	2026-10-07T13:12:14.6008672Z ##[group]Run actions/checkout@v4
CI / Package	UNKNOWN STEP	2026-10-07T13:12:14.6009395Z with:
CI / Package	UNKNOWN STEP	2026-10-07T13:12:14.6009792Z   repository: AmanYadav7015/devops-coursework
CI / Package	UNKNOWN STEP	2026-10-07T13:12:14.6012542Z   token: ***
CI / Package	UNKNOWN STEP	2026-10-07T13:12:14.6012900Z   ssh-strict: true
CI / Package	UNKNOWN STEP	2026-10-07T13:12:14.6013261Z   ssh-user: git
CI / Package	UNKNOWN STEP	2026-10-07T13:12:14.6013637Z   persist-credentials: true
CI / Package	UNKNOWN STEP	2026-10-07T13:12:14.6014021Z   clean: true
CI / Package	UNKNOWN STEP	2026-10-07T13:12:14.6014722Z   sparse-checkout-cone-mode: true
CI / Package	UNKNOWN STEP	2026-10-07T13:12:14.6015167Z   fetch-depth: 1
CI / Package	UNKNOWN STEP	2026-10-07T13:12:14.6015512Z   fetch-tags: false
CI / Package	UNKNOWN STEP	2026-10-07T13:12:14.6015870Z   show-progress: true
CI / Package	UNKNOWN STEP	2026-10-07T13:12:14.6016307Z   lfs: false
CI / Package	UNKNOWN STEP	2026-10-07T13:12:14.6016644Z   submodules: false
CI / Package	UNKNOWN STEP	2026-10-07T13:12:14.6017026Z   set-safe-directory: true
CI / Package	UNKNOWN STEP	2026-10-07T13:12:14.6017434Z   allow-unsafe-pr-checkout: false
CI / Package	UNKNOWN STEP	2026-10-07T13:12:14.6018018Z env:
CI / Package	UNKNOWN STEP	2026-10-07T13:12:14.6018371Z   APP_DIR: labs/16-github-actions
CI / Package	UNKNOWN STEP	2026-10-07T13:12:14.6018808Z   IMAGE_NAME: yatri-fare-api
CI / Package	UNKNOWN STEP	2026-10-07T13:12:14.6019198Z ##[endgroup]
CI / Package	UNKNOWN STEP	2026-10-07T13:12:14.6726640Z Syncing repository: AmanYadav7015/devops-coursework
CI / Package	UNKNOWN STEP	2026-10-07T13:12:14.6728247Z ##[group]Getting Git version info
CI / Package	UNKNOWN STEP	2026-10-07T13:12:14.6728849Z Working directory is '/home/runner/work/devops-coursework/devops-coursework'
CI / Package	UNKNOWN STEP	2026-10-07T13:12:14.6729812Z [command]/usr/bin/git version
CI / Package	UNKNOWN STEP	2026-10-07T13:12:14.6810937Z git version 2.55.0
CI / Package	UNKNOWN STEP	2026-10-07T13:12:14.6836928Z ##[endgroup]
CI / Package	UNKNOWN STEP	2026-10-07T13:12:14.6841185Z Temporarily overriding HOME='/home/runner/work/_temp/a8b213a2-ce3f-422e-96e5-1fe7ab202a37' before making global git config changes
CI / Package	UNKNOWN STEP	2026-10-07T13:12:14.6856316Z Adding repository directory to the temporary git global config as a safe directory
CI / Package	UNKNOWN STEP	2026-10-07T13:12:14.6858832Z [command]/usr/bin/git config --global --add safe.directory /home/runner/work/devops-coursework/devops-coursework
CI / Package	UNKNOWN STEP	2026-10-07T13:12:14.6887678Z Deleting the contents of '/home/runner/work/devops-coursework/devops-coursework'
CI / Package	UNKNOWN STEP	2026-10-07T13:12:14.6890529Z ##[group]Initializing the repository
CI / Package	UNKNOWN STEP	2026-10-07T13:12:14.6894750Z [command]/usr/bin/git init /home/runner/work/devops-coursework/devops-coursework
CI / Package	UNKNOWN STEP	2026-10-07T13:12:14.6991747Z hint: Using 'master' as the name for the initial branch. This default branch name
CI / Package	UNKNOWN STEP	2026-10-07T13:12:14.6992641Z hint: will change to "main" in Git 3.0. To configure the initial branch name
CI / Package	UNKNOWN STEP	2026-10-07T13:12:14.6993341Z hint: to use in all of your new repositories, which will suppress this warning,
CI / Package	UNKNOWN STEP	2026-10-07T13:12:14.6993985Z hint: call:
CI / Package	UNKNOWN STEP	2026-10-07T13:12:14.6994472Z hint:
CI / Package	UNKNOWN STEP	2026-10-07T13:12:14.6994946Z hint: 	git config --global init.defaultBranch <name>
CI / Package	UNKNOWN STEP	2026-10-07T13:12:14.6995427Z hint:
CI / Package	UNKNOWN STEP	2026-10-07T13:12:14.6995874Z hint: Names commonly chosen instead of 'master' are 'main', 'trunk' and
CI / Package	UNKNOWN STEP	2026-10-07T13:12:14.6996562Z hint: 'development'. The just-created branch can be renamed via this command:
CI / Package	UNKNOWN STEP	2026-10-07T13:12:14.6997105Z hint:
CI / Package	UNKNOWN STEP	2026-10-07T13:12:14.6997482Z hint: 	git branch -m <name>
CI / Package	UNKNOWN STEP	2026-10-07T13:12:14.6997899Z hint:
CI / Package	UNKNOWN STEP	2026-10-07T13:12:14.6998415Z hint: Disable this message with "git config set advice.defaultBranchName false"
CI / Package	UNKNOWN STEP	2026-10-07T13:12:14.7001465Z Initialized empty Git repository in /home/runner/work/devops-coursework/devops-coursework/.git/
CI / Package	UNKNOWN STEP	2026-10-07T13:12:14.7010662Z [command]/usr/bin/git remote add origin https://github.com/AmanYadav7015/devops-coursework
CI / Package	UNKNOWN STEP	2026-10-07T13:12:14.7056068Z ##[endgroup]
CI / Package	UNKNOWN STEP	2026-10-07T13:12:14.7057385Z ##[group]Disabling automatic garbage collection
CI / Package	UNKNOWN STEP	2026-10-07T13:12:14.7058197Z [command]/usr/bin/git config --local gc.auto 0
CI / Package	UNKNOWN STEP	2026-10-07T13:12:14.7088996Z ##[endgroup]
CI / Package	UNKNOWN STEP	2026-10-07T13:12:14.7089982Z ##[group]Setting up auth
CI / Package	UNKNOWN STEP	2026-10-07T13:12:14.7096836Z [command]/usr/bin/git config --local --name-only --get-regexp core\.sshCommand
CI / Package	UNKNOWN STEP	2026-10-07T13:12:14.7136389Z [command]/usr/bin/git submodule foreach --recursive sh -c "git config --local --name-only --get-regexp 'core\.sshCommand' && git config --local --unset-all 'core.sshCommand' || :"
CI / Package	UNKNOWN STEP	2026-10-07T13:12:14.7379659Z [command]/usr/bin/git config --local --name-only --get-regexp http\.https\:\/\/github\.com\/\.extraheader
CI / Package	UNKNOWN STEP	2026-10-07T13:12:14.7432466Z [command]/usr/bin/git submodule foreach --recursive sh -c "git config --local --name-only --get-regexp 'http\.https\:\/\/github\.com\/\.extraheader' && git config --local --unset-all 'http.https://github.com/.extraheader' || :"
CI / Package	UNKNOWN STEP	2026-10-07T13:12:14.7568463Z [command]/usr/bin/git config --local --name-only --get-regexp ^includeIf\.gitdir:
CI / Package	UNKNOWN STEP	2026-10-07T13:12:14.7589875Z [command]/usr/bin/git submodule foreach --recursive git config --local --show-origin --name-only --get-regexp remote.origin.url
CI / Package	UNKNOWN STEP	2026-10-07T13:12:14.7728386Z [command]/usr/bin/git config --local http.https://github.com/.extraheader AUTHORIZATION: basic ***
CI / Package	UNKNOWN STEP	2026-10-07T13:12:14.7762978Z ##[endgroup]
CI / Package	UNKNOWN STEP	2026-10-07T13:12:14.7763832Z ##[group]Fetching the repository
CI / Package	UNKNOWN STEP	2026-10-07T13:12:14.7770107Z [command]/usr/bin/git -c protocol.version=2 fetch --no-tags --prune --no-recurse-submodules --depth=1 origin +ff4c890fc6cd98e07b5123736952414018cc66df:refs/remotes/origin/session-16-ci
CI / Package	UNKNOWN STEP	2026-10-07T13:12:15.8636400Z From https://github.com/AmanYadav7015/devops-coursework
CI / Package	UNKNOWN STEP	2026-10-07T13:12:15.8638235Z  * [new ref]         ff4c890fc6cd98e07b5123736952414018cc66df -> origin/session-16-ci
CI / Package	UNKNOWN STEP	2026-10-07T13:12:15.8642013Z ##[endgroup]
CI / Package	UNKNOWN STEP	2026-10-07T13:12:15.8643542Z ##[group]Determining the checkout info
CI / Package	UNKNOWN STEP	2026-10-07T13:12:15.8645362Z ##[endgroup]
CI / Package	UNKNOWN STEP	2026-10-07T13:12:15.8651352Z [command]/usr/bin/git sparse-checkout disable
CI / Package	UNKNOWN STEP	2026-10-07T13:12:15.8705271Z [command]/usr/bin/git config --local --unset-all extensions.worktreeConfig
CI / Package	UNKNOWN STEP	2026-10-07T13:12:15.8736410Z ##[group]Checking out the ref
CI / Package	UNKNOWN STEP	2026-10-07T13:12:15.8739333Z [command]/usr/bin/git checkout --progress --force -B session-16-ci refs/remotes/origin/session-16-ci
CI / Package	UNKNOWN STEP	2026-10-07T13:12:15.9837034Z Switched to a new branch 'session-16-ci'
CI / Package	UNKNOWN STEP	2026-10-07T13:12:15.9840354Z branch 'session-16-ci' set up to track 'origin/session-16-ci'.
CI / Package	UNKNOWN STEP	2026-10-07T13:12:15.9845794Z ##[endgroup]
CI / Package	UNKNOWN STEP	2026-10-07T13:12:15.9874092Z [command]/usr/bin/git log -1 --format=%H
CI / Package	UNKNOWN STEP	2026-10-07T13:12:15.9890362Z ff4c890fc6cd98e07b5123736952414018cc66df
CI / Package	UNKNOWN STEP	2026-10-07T13:12:16.0090211Z ##[group]Run actions/setup-python@v5
CI / Package	UNKNOWN STEP	2026-10-07T13:12:16.0090534Z with:
CI / Package	UNKNOWN STEP	2026-10-07T13:12:16.0090773Z   python-version: 3.12
CI / Package	UNKNOWN STEP	2026-10-07T13:12:16.0091081Z   check-latest: false
CI / Package	UNKNOWN STEP	2026-10-07T13:12:16.0092931Z   token: ***
CI / Package	UNKNOWN STEP	2026-10-07T13:12:16.0093260Z   update-environment: true
CI / Package	UNKNOWN STEP	2026-10-07T13:12:16.0093568Z   allow-prereleases: false
CI / Package	UNKNOWN STEP	2026-10-07T13:12:16.0093837Z   freethreaded: false
CI / Package	UNKNOWN STEP	2026-10-07T13:12:16.0094107Z env:
CI / Package	UNKNOWN STEP	2026-10-07T13:12:16.0094612Z   APP_DIR: labs/16-github-actions
CI / Package	UNKNOWN STEP	2026-10-07T13:12:16.0094932Z   IMAGE_NAME: yatri-fare-api
CI / Package	UNKNOWN STEP	2026-10-07T13:12:16.0095234Z ##[endgroup]
CI / Package	UNKNOWN STEP	2026-10-07T13:12:16.1022079Z ##[group]Installed versions
CI / Package	UNKNOWN STEP	2026-10-07T13:12:16.1496715Z (node:2088) [DEP0040] DeprecationWarning: The `punycode` module is deprecated. Please use a userland alternative instead.
CI / Package	UNKNOWN STEP	2026-10-07T13:12:16.1497540Z (Use `node --trace-deprecation ...` to show where the warning was created)
CI / Package	UNKNOWN STEP	2026-10-07T13:12:16.1498087Z Successfully set up CPython (3.12.14)
CI / Package	UNKNOWN STEP	2026-10-07T13:12:16.1498813Z ##[endgroup]
CI / Package	UNKNOWN STEP	2026-10-07T13:12:16.1668787Z ##[group]Run VERSION="1.0.${GITHUB_RUN_NUMBER}+${GITHUB_SHA::7}"
CI / Package	UNKNOWN STEP	2026-10-07T13:12:16.1669642Z [36;1mVERSION="1.0.${GITHUB_RUN_NUMBER}+${GITHUB_SHA::7}"[0m
CI / Package	UNKNOWN STEP	2026-10-07T13:12:16.1670203Z [36;1mIMAGE_TAG="1.0.${GITHUB_RUN_NUMBER}-${GITHUB_SHA::7}"[0m
CI / Package	UNKNOWN STEP	2026-10-07T13:12:16.1670744Z [36;1mecho "app_version=${VERSION}" >> "$GITHUB_OUTPUT"[0m
CI / Package	UNKNOWN STEP	2026-10-07T13:12:16.1671336Z [36;1mecho "image_tag=${IMAGE_TAG}" >> "$GITHUB_OUTPUT"[0m
CI / Package	UNKNOWN STEP	2026-10-07T13:12:16.1671841Z [36;1mecho "resolved version ${VERSION}"[0m
CI / Package	UNKNOWN STEP	2026-10-07T13:12:16.1672339Z [36;1mecho "resolved image tag ${IMAGE_TAG}"[0m
CI / Package	UNKNOWN STEP	2026-10-07T13:12:16.1962386Z shell: /usr/bin/bash -e {0}
CI / Package	UNKNOWN STEP	2026-10-07T13:12:16.1962778Z env:
CI / Package	UNKNOWN STEP	2026-10-07T13:12:16.1963051Z   APP_DIR: labs/16-github-actions
CI / Package	UNKNOWN STEP	2026-10-07T13:12:16.1963368Z   IMAGE_NAME: yatri-fare-api
CI / Package	UNKNOWN STEP	2026-10-07T13:12:16.1963710Z   pythonLocation: /opt/hostedtoolcache/Python/3.12.14/x64
CI / Package	UNKNOWN STEP	2026-10-07T13:12:16.1964181Z   PKG_CONFIG_PATH: /opt/hostedtoolcache/Python/3.12.14/x64/lib/pkgconfig
CI / Package	UNKNOWN STEP	2026-10-07T13:12:16.1965052Z   Python_ROOT_DIR: /opt/hostedtoolcache/Python/3.12.14/x64
CI / Package	UNKNOWN STEP	2026-10-07T13:12:16.1965432Z   Python2_ROOT_DIR: /opt/hostedtoolcache/Python/3.12.14/x64
CI / Package	UNKNOWN STEP	2026-10-07T13:12:16.1965831Z   Python3_ROOT_DIR: /opt/hostedtoolcache/Python/3.12.14/x64
CI / Package	UNKNOWN STEP	2026-10-07T13:12:16.1966260Z   LD_LIBRARY_PATH: /opt/hostedtoolcache/Python/3.12.14/x64/lib
CI / Package	UNKNOWN STEP	2026-10-07T13:12:16.1966617Z ##[endgroup]
CI / Package	UNKNOWN STEP	2026-10-07T13:12:16.2096649Z resolved version 1.0.4+ff4c890
CI / Package	UNKNOWN STEP	2026-10-07T13:12:16.2097260Z resolved image tag 1.0.4-ff4c890
CI / Package	UNKNOWN STEP	2026-10-07T13:12:16.2170038Z ##[group]Run actions/download-artifact@v4
CI / Package	UNKNOWN STEP	2026-10-07T13:12:16.2170416Z with:
CI / Package	UNKNOWN STEP	2026-10-07T13:12:16.2170687Z   pattern: test-report-py*
CI / Package	UNKNOWN STEP	2026-10-07T13:12:16.2171037Z   path: labs/16-github-actions/incoming-reports
CI / Package	UNKNOWN STEP	2026-10-07T13:12:16.2171396Z   merge-multiple: true
CI / Package	UNKNOWN STEP	2026-10-07T13:12:16.2171714Z   repository: AmanYadav7015/devops-coursework
CI / Package	UNKNOWN STEP	2026-10-07T13:12:16.2172066Z   run-id: 37626587346
CI / Package	UNKNOWN STEP	2026-10-07T13:12:16.2172323Z env:
CI / Package	UNKNOWN STEP	2026-10-07T13:12:16.2172590Z   APP_DIR: labs/16-github-actions
CI / Package	UNKNOWN STEP	2026-10-07T13:12:16.2172932Z   IMAGE_NAME: yatri-fare-api
CI / Package	UNKNOWN STEP	2026-10-07T13:12:16.2173313Z   pythonLocation: /opt/hostedtoolcache/Python/3.12.14/x64
CI / Package	UNKNOWN STEP	2026-10-07T13:12:16.2173761Z   PKG_CONFIG_PATH: /opt/hostedtoolcache/Python/3.12.14/x64/lib/pkgconfig
CI / Package	UNKNOWN STEP	2026-10-07T13:12:16.2174196Z   Python_ROOT_DIR: /opt/hostedtoolcache/Python/3.12.14/x64
CI / Package	UNKNOWN STEP	2026-10-07T13:12:16.2174963Z   Python2_ROOT_DIR: /opt/hostedtoolcache/Python/3.12.14/x64
CI / Package	UNKNOWN STEP	2026-10-07T13:12:16.2175481Z   Python3_ROOT_DIR: /opt/hostedtoolcache/Python/3.12.14/x64
CI / Package	UNKNOWN STEP	2026-10-07T13:12:16.2175884Z   LD_LIBRARY_PATH: /opt/hostedtoolcache/Python/3.12.14/x64/lib
CI / Package	UNKNOWN STEP	2026-10-07T13:12:16.2176259Z ##[endgroup]
CI / Package	UNKNOWN STEP	2026-10-07T13:12:16.3346702Z (node:2097) [DEP0040] DeprecationWarning: The `punycode` module is deprecated. Please use a userland alternative instead.
CI / Package	UNKNOWN STEP	2026-10-07T13:12:16.3347369Z (Use `node --trace-deprecation ...` to show where the warning was created)
CI / Package	UNKNOWN STEP	2026-10-07T13:12:16.4856927Z Found 3 artifact(s)
CI / Package	UNKNOWN STEP	2026-10-07T13:12:16.4857611Z Filtering artifacts by pattern 'test-report-py*'
CI / Package	UNKNOWN STEP	2026-10-07T13:12:16.4871532Z Preparing to download the following artifacts:
CI / Package	UNKNOWN STEP	2026-10-07T13:12:16.4872520Z - test-report-py3.12 (ID: 11484621245, Size: 1397, Expected Digest: sha256:d3703a2b38a45d2a7a8cef7ef23307c333519804f83d96577cdf441130cbebdc)
CI / Package	UNKNOWN STEP	2026-10-07T13:12:16.4873621Z - test-report-py3.11 (ID: 11484437538, Size: 1393, Expected Digest: sha256:d4ceb0a0d19546291952f43ea83bd918e3ea99250c927307880eee6c5d6c68da)
CI / Package	UNKNOWN STEP	2026-10-07T13:12:16.4878875Z - test-report-py3.13 (ID: 11484277715, Size: 1398, Expected Digest: sha256:df0aaefc68f0ddee295b6c07c7f03c330667b96896d397647c4699d023db6269)
CI / Package	UNKNOWN STEP	2026-10-07T13:12:16.6584636Z Redirecting to blob download url: https://productionresultssa18.blob.core.windows.net/actions-results/bbcbf7c8-31d6-4ba9-8e52-8469a3355749/workflow-job-run-6298b829-e311-5b71-b37b-abeb04b23667/artifacts/ce4acdbefc8dfd694b287dff6998e25f570f8a326b05f451f7f527f52d8477c7.zip
CI / Package	UNKNOWN STEP	2026-10-07T13:12:16.6585827Z Starting download of artifact to: /home/runner/work/devops-coursework/devops-coursework/labs/16-github-actions/incoming-reports
CI / Package	UNKNOWN STEP	2026-10-07T13:12:16.7317811Z Redirecting to blob download url: https://productionresultssa18.blob.core.windows.net/actions-results/bbcbf7c8-31d6-4ba9-8e52-8469a3355749/workflow-job-run-de2919d9-ffd5-528d-b4b5-ee08ac7a4613/artifacts/18549af852b47305373a3d041c5fe0d8392d3169f244247012acc6d4416a7bf9.zip
CI / Package	UNKNOWN STEP	2026-10-07T13:12:16.7318939Z Starting download of artifact to: /home/runner/work/devops-coursework/devops-coursework/labs/16-github-actions/incoming-reports
CI / Package	UNKNOWN STEP	2026-10-07T13:12:16.7507125Z Redirecting to blob download url: https://productionresultssa18.blob.core.windows.net/actions-results/bbcbf7c8-31d6-4ba9-8e52-8469a3355749/workflow-job-run-4b397d20-4700-50a7-a8bb-430668a0d410/artifacts/a66172ed1bd42cf3755f17e4952878bdfe45bce1452ea348ff21d4193259093d.zip
CI / Package	UNKNOWN STEP	2026-10-07T13:12:16.7508246Z Starting download of artifact to: /home/runner/work/devops-coursework/devops-coursework/labs/16-github-actions/incoming-reports
CI / Package	UNKNOWN STEP	2026-10-07T13:12:16.8041768Z (node:2097) [DEP0005] DeprecationWarning: Buffer() is deprecated due to security and usability issues. Please use the Buffer.alloc(), Buffer.allocUnsafe(), or Buffer.from() methods instead.
CI / Package	UNKNOWN STEP	2026-10-07T13:12:16.8077786Z SHA256 digest of downloaded artifact is d3703a2b38a45d2a7a8cef7ef23307c333519804f83d96577cdf441130cbebdc
CI / Package	UNKNOWN STEP	2026-10-07T13:12:16.8078407Z Artifact download completed successfully.
CI / Package	UNKNOWN STEP	2026-10-07T13:12:16.9519888Z SHA256 digest of downloaded artifact is d4ceb0a0d19546291952f43ea83bd918e3ea99250c927307880eee6c5d6c68da
CI / Package	UNKNOWN STEP	2026-10-07T13:12:16.9521056Z Artifact download completed successfully.
CI / Package	UNKNOWN STEP	2026-10-07T13:12:16.9521846Z SHA256 digest of downloaded artifact is df0aaefc68f0ddee295b6c07c7f03c330667b96896d397647c4699d023db6269
CI / Package	UNKNOWN STEP	2026-10-07T13:12:16.9522619Z Artifact download completed successfully.
CI / Package	UNKNOWN STEP	2026-10-07T13:12:16.9523183Z Total of 3 artifact(s) downloaded
CI / Package	UNKNOWN STEP	2026-10-07T13:12:16.9527102Z Download artifact has finished successfully
CI / Package	UNKNOWN STEP	2026-10-07T13:12:16.9612540Z ##[group]Run echo "files received from the test matrix:"
CI / Package	UNKNOWN STEP	2026-10-07T13:12:16.9612946Z [36;1mecho "files received from the test matrix:"[0m
CI / Package	UNKNOWN STEP	2026-10-07T13:12:16.9613279Z [36;1mls -la incoming-reports[0m
CI / Package	UNKNOWN STEP	2026-10-07T13:12:16.9613591Z [36;1mfor f in incoming-reports/junit-py*.xml; do[0m
CI / Package	UNKNOWN STEP	2026-10-07T13:12:16.9613910Z [36;1m  python - "$f" <<'PY'[0m
CI / Package	UNKNOWN STEP	2026-10-07T13:12:16.9614680Z [36;1mimport sys, xml.etree.ElementTree as ET[0m
CI / Package	UNKNOWN STEP	2026-10-07T13:12:16.9615083Z [36;1mroot = ET.parse(sys.argv[1]).getroot()[0m
CI / Package	UNKNOWN STEP	2026-10-07T13:12:16.9615484Z [36;1msuite = root if root.tag == "testsuite" else root[0][0m
CI / Package	UNKNOWN STEP	2026-10-07T13:12:16.9615855Z [36;1mprint("{}: tests={} failures={} errors={} time={}s".format([0m
CI / Package	UNKNOWN STEP	2026-10-07T13:12:16.9616262Z [36;1m    sys.argv[1], suite.get("tests"), suite.get("failures"),[0m
CI / Package	UNKNOWN STEP	2026-10-07T13:12:16.9616652Z [36;1m    suite.get("errors"), suite.get("time")))[0m
CI / Package	UNKNOWN STEP	2026-10-07T13:12:16.9616945Z [36;1mPY[0m
CI / Package	UNKNOWN STEP	2026-10-07T13:12:16.9617176Z [36;1mdone[0m
CI / Package	UNKNOWN STEP	2026-10-07T13:12:16.9652688Z shell: /usr/bin/bash -e {0}
CI / Package	UNKNOWN STEP	2026-10-07T13:12:16.9653004Z env:
CI / Package	UNKNOWN STEP	2026-10-07T13:12:16.9653228Z   APP_DIR: labs/16-github-actions
CI / Package	UNKNOWN STEP	2026-10-07T13:12:16.9653615Z   IMAGE_NAME: yatri-fare-api
CI / Package	UNKNOWN STEP	2026-10-07T13:12:16.9653927Z   pythonLocation: /opt/hostedtoolcache/Python/3.12.14/x64
CI / Package	UNKNOWN STEP	2026-10-07T13:12:16.9654466Z   PKG_CONFIG_PATH: /opt/hostedtoolcache/Python/3.12.14/x64/lib/pkgconfig
CI / Package	UNKNOWN STEP	2026-10-07T13:12:16.9654886Z   Python_ROOT_DIR: /opt/hostedtoolcache/Python/3.12.14/x64
CI / Package	UNKNOWN STEP	2026-10-07T13:12:16.9655268Z   Python2_ROOT_DIR: /opt/hostedtoolcache/Python/3.12.14/x64
CI / Package	UNKNOWN STEP	2026-10-07T13:12:16.9655642Z   Python3_ROOT_DIR: /opt/hostedtoolcache/Python/3.12.14/x64
CI / Package	UNKNOWN STEP	2026-10-07T13:12:16.9655988Z   LD_LIBRARY_PATH: /opt/hostedtoolcache/Python/3.12.14/x64/lib
CI / Package	UNKNOWN STEP	2026-10-07T13:12:16.9656328Z ##[endgroup]
CI / Package	UNKNOWN STEP	2026-10-07T13:12:16.9706781Z files received from the test matrix:
CI / Package	UNKNOWN STEP	2026-10-07T13:12:16.9716806Z total 32
CI / Package	UNKNOWN STEP	2026-10-07T13:12:16.9717170Z drwxr-xr-x 2 runner runner 4096 Oct  7 13:12 .
CI / Package	UNKNOWN STEP	2026-10-07T13:12:16.9717662Z drwxr-xr-x 5 runner runner 4096 Oct  7 13:12 ..
CI / Package	UNKNOWN STEP	2026-10-07T13:12:16.9718137Z -rw-r--r-- 1 runner runner 3375 Oct  7 13:12 coverage-py3.11.xml
CI / Package	UNKNOWN STEP	2026-10-07T13:12:16.9718703Z -rw-r--r-- 1 runner runner 3375 Oct  7 13:12 coverage-py3.12.xml
CI / Package	UNKNOWN STEP	2026-10-07T13:12:16.9719178Z -rw-r--r-- 1 runner runner 3375 Oct  7 13:12 coverage-py3.13.xml
CI / Package	UNKNOWN STEP	2026-10-07T13:12:16.9720022Z -rw-r--r-- 1 runner runner 2299 Oct  7 13:12 junit-py3.11.xml
CI / Package	UNKNOWN STEP	2026-10-07T13:12:16.9720431Z -rw-r--r-- 1 runner runner 2299 Oct  7 13:12 junit-py3.12.xml
CI / Package	UNKNOWN STEP	2026-10-07T13:12:16.9720787Z -rw-r--r-- 1 runner runner 2299 Oct  7 13:12 junit-py3.13.xml
CI / Package	UNKNOWN STEP	2026-10-07T13:12:17.4814403Z incoming-reports/junit-py3.11.xml: tests=20 failures=0 errors=0 time=0.325s
CI / Package	UNKNOWN STEP	2026-10-07T13:12:17.4978173Z incoming-reports/junit-py3.12.xml: tests=20 failures=0 errors=0 time=0.437s
CI / Package	UNKNOWN STEP	2026-10-07T13:12:17.5129373Z incoming-reports/junit-py3.13.xml: tests=20 failures=0 errors=0 time=0.180s
CI / Package	UNKNOWN STEP	2026-10-07T13:12:17.5203867Z ##[group]Run chmod +x build.sh
CI / Package	UNKNOWN STEP	2026-10-07T13:12:17.5204189Z [36;1mchmod +x build.sh[0m
CI / Package	UNKNOWN STEP	2026-10-07T13:12:17.5204716Z [36;1m./build.sh dist[0m
CI / Package	UNKNOWN STEP	2026-10-07T13:12:17.5237420Z shell: /usr/bin/bash -e {0}
CI / Package	UNKNOWN STEP	2026-10-07T13:12:17.5237759Z env:
CI / Package	UNKNOWN STEP	2026-10-07T13:12:17.5238041Z   APP_DIR: labs/16-github-actions
CI / Package	UNKNOWN STEP	2026-10-07T13:12:17.5238314Z   IMAGE_NAME: yatri-fare-api
CI / Package	UNKNOWN STEP	2026-10-07T13:12:17.5238660Z   pythonLocation: /opt/hostedtoolcache/Python/3.12.14/x64
CI / Package	UNKNOWN STEP	2026-10-07T13:12:17.5239060Z   PKG_CONFIG_PATH: /opt/hostedtoolcache/Python/3.12.14/x64/lib/pkgconfig
CI / Package	UNKNOWN STEP	2026-10-07T13:12:17.5239487Z   Python_ROOT_DIR: /opt/hostedtoolcache/Python/3.12.14/x64
CI / Package	UNKNOWN STEP	2026-10-07T13:12:17.5239847Z   Python2_ROOT_DIR: /opt/hostedtoolcache/Python/3.12.14/x64
CI / Package	UNKNOWN STEP	2026-10-07T13:12:17.5240212Z   Python3_ROOT_DIR: /opt/hostedtoolcache/Python/3.12.14/x64
CI / Package	UNKNOWN STEP	2026-10-07T13:12:17.5240584Z   LD_LIBRARY_PATH: /opt/hostedtoolcache/Python/3.12.14/x64/lib
CI / Package	UNKNOWN STEP	2026-10-07T13:12:17.5240932Z   APP_VERSION: 1.0.4+ff4c890
CI / Package	UNKNOWN STEP	2026-10-07T13:12:17.5241306Z   GIT_COMMIT: ff4c890fc6cd98e07b5123736952414018cc66df
CI / Package	UNKNOWN STEP	2026-10-07T13:12:17.5241612Z   BUILDER_NAME: github-actions-37626587346
CI / Package	UNKNOWN STEP	2026-10-07T13:12:17.5241929Z ##[endgroup]
CI / Package	UNKNOWN STEP	2026-10-07T13:12:17.5314754Z [build] packaging yatri-fare-api version=1.0.4+ff4c890 commit=ff4c890fc6cd98e07b5123736952414018cc66df
CI / Package	UNKNOWN STEP	2026-10-07T13:12:17.5401105Z [build] contents of dist
CI / Package	UNKNOWN STEP	2026-10-07T13:12:17.5409453Z total 28
CI / Package	UNKNOWN STEP	2026-10-07T13:12:17.5409757Z drwxr-xr-x 3 runner runner 4096 Oct  7 13:12 .
CI / Package	UNKNOWN STEP	2026-10-07T13:12:17.5410177Z drwxr-xr-x 6 runner runner 4096 Oct  7 13:12 ..
CI / Package	UNKNOWN STEP	2026-10-07T13:12:17.5410483Z -rw-r--r-- 1 runner runner  955 Oct  7 13:12 Dockerfile
CI / Package	UNKNOWN STEP	2026-10-07T13:12:17.5410873Z drwxr-xr-x 2 runner runner 4096 Oct  7 13:12 app
CI / Package	UNKNOWN STEP	2026-10-07T13:12:17.5411250Z -rw-r--r-- 1 runner runner  158 Oct  7 13:12 build-info.txt
CI / Package	UNKNOWN STEP	2026-10-07T13:12:17.5411716Z -rw-r--r-- 1 runner runner   45 Oct  7 13:12 requirements.txt
CI / Package	UNKNOWN STEP	2026-10-07T13:12:17.5412186Z -rw-r--r-- 1 runner runner 2052 Oct  7 13:12 yatri-fare-api-1.0.4+ff4c890.tar.gz
CI / Package	UNKNOWN STEP	2026-10-07T13:12:17.5412865Z [build] done
CI / Package	UNKNOWN STEP	2026-10-07T13:12:17.5436428Z ##[group]Run cat dist/build-info.txt
CI / Package	UNKNOWN STEP	2026-10-07T13:12:17.5436719Z [36;1mcat dist/build-info.txt[0m
CI / Package	UNKNOWN STEP	2026-10-07T13:12:17.5460544Z shell: /usr/bin/bash -e {0}
CI / Package	UNKNOWN STEP	2026-10-07T13:12:17.5460873Z env:
CI / Package	UNKNOWN STEP	2026-10-07T13:12:17.5461080Z   APP_DIR: labs/16-github-actions
CI / Package	UNKNOWN STEP	2026-10-07T13:12:17.5461357Z   IMAGE_NAME: yatri-fare-api
CI / Package	UNKNOWN STEP	2026-10-07T13:12:17.5461640Z   pythonLocation: /opt/hostedtoolcache/Python/3.12.14/x64
CI / Package	UNKNOWN STEP	2026-10-07T13:12:17.5462026Z   PKG_CONFIG_PATH: /opt/hostedtoolcache/Python/3.12.14/x64/lib/pkgconfig
CI / Package	UNKNOWN STEP	2026-10-07T13:12:17.5462398Z   Python_ROOT_DIR: /opt/hostedtoolcache/Python/3.12.14/x64
CI / Package	UNKNOWN STEP	2026-10-07T13:12:17.5462732Z   Python2_ROOT_DIR: /opt/hostedtoolcache/Python/3.12.14/x64
CI / Package	UNKNOWN STEP	2026-10-07T13:12:17.5463093Z   Python3_ROOT_DIR: /opt/hostedtoolcache/Python/3.12.14/x64
CI / Package	UNKNOWN STEP	2026-10-07T13:12:17.5463413Z   LD_LIBRARY_PATH: /opt/hostedtoolcache/Python/3.12.14/x64/lib
CI / Package	UNKNOWN STEP	2026-10-07T13:12:17.5463733Z ##[endgroup]
CI / Package	UNKNOWN STEP	2026-10-07T13:12:17.5508626Z service=yatri-fare-api
CI / Package	UNKNOWN STEP	2026-10-07T13:12:17.5509138Z version=1.0.4+ff4c890
CI / Package	UNKNOWN STEP	2026-10-07T13:12:17.5509467Z commit=ff4c890fc6cd98e07b5123736952414018cc66df
CI / Package	UNKNOWN STEP	2026-10-07T13:12:17.5509933Z built_at=2026-10-07T13:12:17Z
CI / Package	UNKNOWN STEP	2026-10-07T13:12:17.5510355Z builder=github-actions-37626587346
CI / Package	UNKNOWN STEP	2026-10-07T13:12:17.5562209Z ##[group]Run actions/upload-artifact@v4
CI / Package	UNKNOWN STEP	2026-10-07T13:12:17.5562520Z with:
CI / Package	UNKNOWN STEP	2026-10-07T13:12:17.5562787Z   name: yatri-fare-api-package
CI / Package	UNKNOWN STEP	2026-10-07T13:12:17.5563119Z   path: labs/16-github-actions/dist/
CI / Package	UNKNOWN STEP	2026-10-07T13:12:17.5563404Z   retention-days: 7
CI / Package	UNKNOWN STEP	2026-10-07T13:12:17.5563732Z   if-no-files-found: error
CI / Package	UNKNOWN STEP	2026-10-07T13:12:17.5564083Z   compression-level: 6
CI / Package	UNKNOWN STEP	2026-10-07T13:12:17.5564560Z   overwrite: false
CI / Package	UNKNOWN STEP	2026-10-07T13:12:17.5564795Z   include-hidden-files: false
CI / Package	UNKNOWN STEP	2026-10-07T13:12:17.5565111Z env:
CI / Package	UNKNOWN STEP	2026-10-07T13:12:17.5565340Z   APP_DIR: labs/16-github-actions
CI / Package	UNKNOWN STEP	2026-10-07T13:12:17.5565658Z   IMAGE_NAME: yatri-fare-api
CI / Package	UNKNOWN STEP	2026-10-07T13:12:17.5565990Z   pythonLocation: /opt/hostedtoolcache/Python/3.12.14/x64
CI / Package	UNKNOWN STEP	2026-10-07T13:12:17.5566453Z   PKG_CONFIG_PATH: /opt/hostedtoolcache/Python/3.12.14/x64/lib/pkgconfig
CI / Package	UNKNOWN STEP	2026-10-07T13:12:17.5566882Z   Python_ROOT_DIR: /opt/hostedtoolcache/Python/3.12.14/x64
CI / Package	UNKNOWN STEP	2026-10-07T13:12:17.5567259Z   Python2_ROOT_DIR: /opt/hostedtoolcache/Python/3.12.14/x64
CI / Package	UNKNOWN STEP	2026-10-07T13:12:17.5567769Z   Python3_ROOT_DIR: /opt/hostedtoolcache/Python/3.12.14/x64
CI / Package	UNKNOWN STEP	2026-10-07T13:12:17.5568170Z   LD_LIBRARY_PATH: /opt/hostedtoolcache/Python/3.12.14/x64/lib
CI / Package	UNKNOWN STEP	2026-10-07T13:12:17.5568520Z ##[endgroup]
CI / Package	UNKNOWN STEP	2026-10-07T13:12:17.6746135Z (node:2131) [DEP0040] DeprecationWarning: The `punycode` module is deprecated. Please use a userland alternative instead.
CI / Package	UNKNOWN STEP	2026-10-07T13:12:17.6746708Z (Use `node --trace-deprecation ...` to show where the warning was created)
CI / Package	UNKNOWN STEP	2026-10-07T13:12:17.6803120Z With the provided path, there will be 7 files uploaded
CI / Package	UNKNOWN STEP	2026-10-07T13:12:17.6807892Z Artifact name is valid!
CI / Package	UNKNOWN STEP	2026-10-07T13:12:17.6808649Z Root directory input is valid!
CI / Package	UNKNOWN STEP	2026-10-07T13:12:17.9453959Z Beginning upload of artifact content to blob storage
CI / Package	UNKNOWN STEP	2026-10-07T13:12:17.9637622Z (node:2131) [DEP0169] DeprecationWarning: `url.parse()` behavior is not standardized and prone to errors that have security implications. Use the WHATWG URL API instead. CVEs are not issued for `url.parse()` vulnerabilities.
CI / Package	UNKNOWN STEP	2026-10-07T13:12:18.1308646Z Uploaded bytes 4942
CI / Package	UNKNOWN STEP	2026-10-07T13:12:18.1863876Z Finished uploading artifact content to blob storage!
CI / Package	UNKNOWN STEP	2026-10-07T13:12:18.1864843Z SHA256 digest of uploaded artifact zip is 01d0373f20d0a2057bab6ccb14162715ab5b6b75e60eff7f9a6967163889d5ac
CI / Package	UNKNOWN STEP	2026-10-07T13:12:18.1865749Z Finalizing artifact upload
CI / Package	UNKNOWN STEP	2026-10-07T13:12:18.4798383Z Artifact yatri-fare-api-package.zip successfully finalized. Artifact ID 11484671700
CI / Package	UNKNOWN STEP	2026-10-07T13:12:18.4799035Z Artifact yatri-fare-api-package has been successfully uploaded! Final size is 4942 bytes. Artifact ID is 11484671700
CI / Package	UNKNOWN STEP	2026-10-07T13:12:18.4805288Z Artifact download URL: https://github.com/AmanYadav7015/devops-coursework/actions/runs/37626587346/artifacts/11484671700
CI / Package	UNKNOWN STEP	2026-10-07T13:12:18.4926007Z Post job cleanup.
CI / Package	UNKNOWN STEP	2026-10-07T13:12:18.5790152Z (node:2143) [DEP0040] DeprecationWarning: The `punycode` module is deprecated. Please use a userland alternative instead.
CI / Package	UNKNOWN STEP	2026-10-07T13:12:18.5791054Z (Use `node --trace-deprecation ...` to show where the warning was created)
CI / Package	UNKNOWN STEP	2026-10-07T13:12:18.5898304Z Post job cleanup.
CI / Package	UNKNOWN STEP	2026-10-07T13:12:18.6579724Z [command]/usr/bin/git version
CI / Package	UNKNOWN STEP	2026-10-07T13:12:18.6613735Z git version 2.55.0
CI / Package	UNKNOWN STEP	2026-10-07T13:12:18.6644844Z Temporarily overriding HOME='/home/runner/work/_temp/e582b3d8-de7e-4c67-8c1a-865303531b7a' before making global git config changes
CI / Package	UNKNOWN STEP	2026-10-07T13:12:18.6645637Z Adding repository directory to the temporary git global config as a safe directory
CI / Package	UNKNOWN STEP	2026-10-07T13:12:18.6649289Z [command]/usr/bin/git config --global --add safe.directory /home/runner/work/devops-coursework/devops-coursework
CI / Package	UNKNOWN STEP	2026-10-07T13:12:18.6678995Z [command]/usr/bin/git config --local --name-only --get-regexp core\.sshCommand
CI / Package	UNKNOWN STEP	2026-10-07T13:12:18.6702471Z [command]/usr/bin/git submodule foreach --recursive sh -c "git config --local --name-only --get-regexp 'core\.sshCommand' && git config --local --unset-all 'core.sshCommand' || :"
CI / Package	UNKNOWN STEP	2026-10-07T13:12:18.6878233Z [command]/usr/bin/git config --local --name-only --get-regexp http\.https\:\/\/github\.com\/\.extraheader
CI / Package	UNKNOWN STEP	2026-10-07T13:12:18.6916712Z http.https://github.com/.extraheader
CI / Package	UNKNOWN STEP	2026-10-07T13:12:18.6926431Z [command]/usr/bin/git config --local --unset-all http.https://github.com/.extraheader
CI / Package	UNKNOWN STEP	2026-10-07T13:12:18.6952866Z [command]/usr/bin/git submodule foreach --recursive sh -c "git config --local --name-only --get-regexp 'http\.https\:\/\/github\.com\/\.extraheader' && git config --local --unset-all 'http.https://github.com/.extraheader' || :"
CI / Package	UNKNOWN STEP	2026-10-07T13:12:18.7108791Z [command]/usr/bin/git config --local --name-only --get-regexp ^includeIf\.gitdir:
CI / Package	UNKNOWN STEP	2026-10-07T13:12:18.7132160Z [command]/usr/bin/git submodule foreach --recursive git config --local --show-origin --name-only --get-regexp remote.origin.url
CI / Package	UNKNOWN STEP	2026-10-07T13:12:18.7406843Z Evaluate and set job outputs
CI / Package	UNKNOWN STEP	2026-10-07T13:12:18.7412070Z Set output 'app-version'
CI / Package	UNKNOWN STEP	2026-10-07T13:12:18.7413960Z Set output 'image-tag'
CI / Package	UNKNOWN STEP	2026-10-07T13:12:18.7415175Z Cleaning up orphan processes
CI / Package	UNKNOWN STEP	2026-10-07T13:12:18.7599011Z ##[warning]Node.js 20 is deprecated. The following actions target Node.js 20 but are being forced to run on Node.js 24: actions/checkout@v4, actions/download-artifact@v4, actions/setup-python@v5, actions/upload-artifact@v4. For more information see: https://github.blog/changelog/2025-09-19-deprecation-of-node-20-on-github-actions-runners/
CD / Build image	UNKNOWN STEP	﻿2026-10-07T13:12:25.0064812Z Current runner version: '2.337.0'
CD / Build image	UNKNOWN STEP	2026-10-07T13:12:25.0081604Z ##[group]Runner Image Provisioner
CD / Build image	UNKNOWN STEP	2026-10-07T13:12:25.0082214Z Hosted Compute Agent
CD / Build image	UNKNOWN STEP	2026-10-07T13:12:25.0082597Z Version: 20260901.588
CD / Build image	UNKNOWN STEP	2026-10-07T13:12:25.0083000Z Commit: f88ec8081b781fac6c440065ac7ff9e710ce3d0b
CD / Build image	UNKNOWN STEP	2026-10-07T13:12:25.0083406Z Build Date: 2026-09-01T19:56:44Z
CD / Build image	UNKNOWN STEP	2026-10-07T13:12:25.0083824Z Worker ID: {b3f2c3db-d76c-403a-9bc1-76ba0e5866d8}
CD / Build image	UNKNOWN STEP	2026-10-07T13:12:25.0084227Z Azure Region: southcentralus
CD / Build image	UNKNOWN STEP	2026-10-07T13:12:25.0084565Z ##[endgroup]
CD / Build image	UNKNOWN STEP	2026-10-07T13:12:25.0085401Z ##[group]Operating System
CD / Build image	UNKNOWN STEP	2026-10-07T13:12:25.0085746Z Ubuntu
CD / Build image	UNKNOWN STEP	2026-10-07T13:12:25.0086114Z 24.04.5
CD / Build image	UNKNOWN STEP	2026-10-07T13:12:25.0086411Z LTS
CD / Build image	UNKNOWN STEP	2026-10-07T13:12:25.0086695Z ##[endgroup]
CD / Build image	UNKNOWN STEP	2026-10-07T13:12:25.0087074Z ##[group]Runner Image
CD / Build image	UNKNOWN STEP	2026-10-07T13:12:25.0087412Z Image: ubuntu-24.04
CD / Build image	UNKNOWN STEP	2026-10-07T13:12:25.0087761Z Version: 20260927.320.1
CD / Build image	UNKNOWN STEP	2026-10-07T13:12:25.0088478Z Included Software: https://github.com/actions/runner-images/blob/ubuntu24/20260927.320/images/ubuntu/Ubuntu2404-Readme.md
CD / Build image	UNKNOWN STEP	2026-10-07T13:12:25.0089365Z Image Release: https://github.com/actions/runner-images/releases/tag/ubuntu24%2F20260927.320
CD / Build image	UNKNOWN STEP	2026-10-07T13:12:25.0090004Z ##[endgroup]
CD / Build image	UNKNOWN STEP	2026-10-07T13:12:25.0090890Z ##[group]GITHUB_TOKEN Permissions
CD / Build image	UNKNOWN STEP	2026-10-07T13:12:25.0092126Z Contents: read
CD / Build image	UNKNOWN STEP	2026-10-07T13:12:25.0092482Z Metadata: read
CD / Build image	UNKNOWN STEP	2026-10-07T13:12:25.0092845Z ##[endgroup]
CD / Build image	UNKNOWN STEP	2026-10-07T13:12:25.0094028Z Secret source: Actions
CD / Build image	UNKNOWN STEP	2026-10-07T13:12:25.0094601Z Cache mode: write
CD / Build image	UNKNOWN STEP	2026-10-07T13:12:25.0095105Z Prepare workflow directory
CD / Build image	UNKNOWN STEP	2026-10-07T13:12:25.0332709Z Prepare all required actions
CD / Build image	UNKNOWN STEP	2026-10-07T13:12:25.0362137Z Getting action download info
CD / Build image	UNKNOWN STEP	2026-10-07T13:12:25.3821470Z Download action repository 'actions/download-artifact@v4' (SHA:d3f86a106a0bac45b974a628896c90dbdf5c8093)
CD / Build image	UNKNOWN STEP	2026-10-07T13:12:26.1814956Z Download action repository 'docker/setup-buildx-action@v3' (SHA:8d2750c68a42422c14e847fe6c8ac0403b4cbd6f)
CD / Build image	UNKNOWN STEP	2026-10-07T13:12:26.8551866Z Download action repository 'docker/build-push-action@v6' (SHA:10e90e3645eae34f1e60eeb005ba3a3d33f178e8)
CD / Build image	UNKNOWN STEP	2026-10-07T13:12:27.7712662Z Download action repository 'actions/upload-artifact@v4' (SHA:ea165f8d65b6e75b540449e92b4886f43607fa02)
CD / Build image	UNKNOWN STEP	2026-10-07T13:12:28.5684063Z Complete job name: CD / Build image
CD / Build image	UNKNOWN STEP	2026-10-07T13:12:28.6271571Z ##[group]Run actions/download-artifact@v4
CD / Build image	UNKNOWN STEP	2026-10-07T13:12:28.6271829Z with:
CD / Build image	UNKNOWN STEP	2026-10-07T13:12:28.6271950Z   name: yatri-fare-api-package
CD / Build image	UNKNOWN STEP	2026-10-07T13:12:28.6272086Z   path: package
CD / Build image	UNKNOWN STEP	2026-10-07T13:12:28.6272201Z   merge-multiple: false
CD / Build image	UNKNOWN STEP	2026-10-07T13:12:28.6272345Z   repository: AmanYadav7015/devops-coursework
CD / Build image	UNKNOWN STEP	2026-10-07T13:12:28.6272495Z   run-id: 37626587346
CD / Build image	UNKNOWN STEP	2026-10-07T13:12:28.6272655Z env:
CD / Build image	UNKNOWN STEP	2026-10-07T13:12:28.6272765Z   APP_DIR: labs/16-github-actions
CD / Build image	UNKNOWN STEP	2026-10-07T13:12:28.6272906Z   IMAGE_NAME: yatri-fare-api
CD / Build image	UNKNOWN STEP	2026-10-07T13:12:28.6273037Z ##[endgroup]
CD / Build image	UNKNOWN STEP	2026-10-07T13:12:28.7236868Z Downloading single artifact
CD / Build image	UNKNOWN STEP	2026-10-07T13:12:28.7301260Z (node:1958) [DEP0040] DeprecationWarning: The `punycode` module is deprecated. Please use a userland alternative instead.
CD / Build image	UNKNOWN STEP	2026-10-07T13:12:28.7301755Z (Use `node --trace-deprecation ...` to show where the warning was created)
CD / Build image	UNKNOWN STEP	2026-10-07T13:12:28.9118383Z Preparing to download the following artifacts:
CD / Build image	UNKNOWN STEP	2026-10-07T13:12:28.9118899Z - yatri-fare-api-package (ID: 11484671700, Size: 4942, Expected Digest: sha256:01d0373f20d0a2057bab6ccb14162715ab5b6b75e60eff7f9a6967163889d5ac)
CD / Build image	UNKNOWN STEP	2026-10-07T13:12:29.0962031Z Redirecting to blob download url: https://productionresultssa18.blob.core.windows.net/actions-results/bbcbf7c8-31d6-4ba9-8e52-8469a3355749/workflow-job-run-76645e00-b0f7-5692-a74d-1ca5dfd95205/artifacts/8b7404ab433769f27ead1d1279bb1444d69aa1997a16e83bd687489758939931.zip
CD / Build image	UNKNOWN STEP	2026-10-07T13:12:29.0962797Z Starting download of artifact to: /home/runner/work/devops-coursework/devops-coursework/package
CD / Build image	UNKNOWN STEP	2026-10-07T13:12:29.2352653Z (node:1958) [DEP0005] DeprecationWarning: Buffer() is deprecated due to security and usability issues. Please use the Buffer.alloc(), Buffer.allocUnsafe(), or Buffer.from() methods instead.
CD / Build image	UNKNOWN STEP	2026-10-07T13:12:29.2413126Z SHA256 digest of downloaded artifact is 01d0373f20d0a2057bab6ccb14162715ab5b6b75e60eff7f9a6967163889d5ac
CD / Build image	UNKNOWN STEP	2026-10-07T13:12:29.2413922Z Artifact download completed successfully.
CD / Build image	UNKNOWN STEP	2026-10-07T13:12:29.2414228Z Total of 1 artifact(s) downloaded
CD / Build image	UNKNOWN STEP	2026-10-07T13:12:29.2417448Z Download artifact has finished successfully
CD / Build image	UNKNOWN STEP	2026-10-07T13:12:29.2559111Z ##[group]Run ls -la package
CD / Build image	UNKNOWN STEP	2026-10-07T13:12:29.2559321Z [36;1mls -la package[0m
CD / Build image	UNKNOWN STEP	2026-10-07T13:12:29.2559468Z [36;1mcat package/build-info.txt[0m
CD / Build image	UNKNOWN STEP	2026-10-07T13:12:29.2746018Z shell: /usr/bin/bash --noprofile --norc -e -o pipefail {0}
CD / Build image	UNKNOWN STEP	2026-10-07T13:12:29.2746245Z env:
CD / Build image	UNKNOWN STEP	2026-10-07T13:12:29.2746364Z   APP_DIR: labs/16-github-actions
CD / Build image	UNKNOWN STEP	2026-10-07T13:12:29.2746518Z   IMAGE_NAME: yatri-fare-api
CD / Build image	UNKNOWN STEP	2026-10-07T13:12:29.2746652Z ##[endgroup]
CD / Build image	UNKNOWN STEP	2026-10-07T13:12:29.2829442Z total 28
CD / Build image	UNKNOWN STEP	2026-10-07T13:12:29.2829606Z drwxr-xr-x 3 runner runner 4096 Oct  7 13:12 .
CD / Build image	UNKNOWN STEP	2026-10-07T13:12:29.2829924Z drwxr-xr-x 3 runner runner 4096 Oct  7 13:12 ..
CD / Build image	UNKNOWN STEP	2026-10-07T13:12:29.2830140Z -rw-r--r-- 1 runner runner  955 Oct  7 13:12 Dockerfile
CD / Build image	UNKNOWN STEP	2026-10-07T13:12:29.2830400Z drwxr-xr-x 2 runner runner 4096 Oct  7 13:12 app
CD / Build image	UNKNOWN STEP	2026-10-07T13:12:29.2830685Z -rw-r--r-- 1 runner runner  158 Oct  7 13:12 build-info.txt
CD / Build image	UNKNOWN STEP	2026-10-07T13:12:29.2831002Z -rw-r--r-- 1 runner runner   45 Oct  7 13:12 requirements.txt
CD / Build image	UNKNOWN STEP	2026-10-07T13:12:29.2831404Z -rw-r--r-- 1 runner runner 2052 Oct  7 13:12 yatri-fare-api-1.0.4+ff4c890.tar.gz
CD / Build image	UNKNOWN STEP	2026-10-07T13:12:29.2837660Z service=yatri-fare-api
CD / Build image	UNKNOWN STEP	2026-10-07T13:12:29.2837788Z version=1.0.4+ff4c890
CD / Build image	UNKNOWN STEP	2026-10-07T13:12:29.2837932Z commit=ff4c890fc6cd98e07b5123736952414018cc66df
CD / Build image	UNKNOWN STEP	2026-10-07T13:12:29.2838098Z built_at=2026-10-07T13:12:17Z
CD / Build image	UNKNOWN STEP	2026-10-07T13:12:29.2838243Z builder=github-actions-37626587346
CD / Build image	UNKNOWN STEP	2026-10-07T13:12:29.2950789Z ##[group]Run docker/setup-buildx-action@v3
CD / Build image	UNKNOWN STEP	2026-10-07T13:12:29.2950957Z with:
CD / Build image	UNKNOWN STEP	2026-10-07T13:12:29.2951073Z   driver: docker-container
CD / Build image	UNKNOWN STEP	2026-10-07T13:12:29.2951197Z   use: true
CD / Build image	UNKNOWN STEP	2026-10-07T13:12:29.2951303Z   keep-state: false
CD / Build image	UNKNOWN STEP	2026-10-07T13:12:29.2951416Z   cache-binary: true
CD / Build image	UNKNOWN STEP	2026-10-07T13:12:29.2951531Z   cleanup: true
CD / Build image	UNKNOWN STEP	2026-10-07T13:12:29.2951646Z   install: false
CD / Build image	UNKNOWN STEP	2026-10-07T13:12:29.2951752Z env:
CD / Build image	UNKNOWN STEP	2026-10-07T13:12:29.2951866Z   APP_DIR: labs/16-github-actions
CD / Build image	UNKNOWN STEP	2026-10-07T13:12:29.2952010Z   IMAGE_NAME: yatri-fare-api
CD / Build image	UNKNOWN STEP	2026-10-07T13:12:29.2952140Z ##[endgroup]
CD / Build image	UNKNOWN STEP	2026-10-07T13:12:29.4370392Z (node:1973) [DEP0040] DeprecationWarning: The `punycode` module is deprecated. Please use a userland alternative instead.
CD / Build image	UNKNOWN STEP	2026-10-07T13:12:29.4371044Z (Use `node --trace-deprecation ...` to show where the warning was created)
CD / Build image	UNKNOWN STEP	2026-10-07T13:12:29.4441272Z ##[group]Docker info
CD / Build image	UNKNOWN STEP	2026-10-07T13:12:29.4441650Z [command]/usr/bin/docker version
CD / Build image	UNKNOWN STEP	2026-10-07T13:12:31.4753718Z Client: Docker Engine - Community
CD / Build image	UNKNOWN STEP	2026-10-07T13:12:31.4754178Z  Version:           28.0.4
CD / Build image	UNKNOWN STEP	2026-10-07T13:12:31.4754405Z  API version:       1.48
CD / Build image	UNKNOWN STEP	2026-10-07T13:12:31.4754638Z  Go version:        go1.23.7
CD / Build image	UNKNOWN STEP	2026-10-07T13:12:31.4755254Z  Git commit:        b8034c0
CD / Build image	UNKNOWN STEP	2026-10-07T13:12:31.4755550Z  Built:             Tue Mar 25 15:07:16 2025
CD / Build image	UNKNOWN STEP	2026-10-07T13:12:31.4755797Z  OS/Arch:           linux/amd64
CD / Build image	UNKNOWN STEP	2026-10-07T13:12:31.4756058Z  Context:           default
CD / Build image	UNKNOWN STEP	2026-10-07T13:12:31.4756194Z 
CD / Build image	UNKNOWN STEP	2026-10-07T13:12:31.4756314Z Server: Docker Engine - Community
CD / Build image	UNKNOWN STEP	2026-10-07T13:12:31.4756522Z  Engine:
CD / Build image	UNKNOWN STEP	2026-10-07T13:12:31.4756735Z   Version:          28.0.4
CD / Build image	UNKNOWN STEP	2026-10-07T13:12:31.4756953Z   API version:      1.48 (minimum version 1.24)
CD / Build image	UNKNOWN STEP	2026-10-07T13:12:31.4757198Z   Go version:       go1.23.7
CD / Build image	UNKNOWN STEP	2026-10-07T13:12:31.4757471Z   Git commit:       6430e49
CD / Build image	UNKNOWN STEP	2026-10-07T13:12:31.4757759Z   Built:            Tue Mar 25 15:07:16 2025
CD / Build image	UNKNOWN STEP	2026-10-07T13:12:31.4758003Z   OS/Arch:          linux/amd64
CD / Build image	UNKNOWN STEP	2026-10-07T13:12:31.4758250Z   Experimental:     false
CD / Build image	UNKNOWN STEP	2026-10-07T13:12:31.4758458Z  containerd:
CD / Build image	UNKNOWN STEP	2026-10-07T13:12:31.4758669Z   Version:          v2.3.6
CD / Build image	UNKNOWN STEP	2026-10-07T13:12:31.4758914Z   GitCommit:        ee2735368117d2eb259779949d5e75cdafec9761
CD / Build image	UNKNOWN STEP	2026-10-07T13:12:31.4759211Z  runc:
CD / Build image	UNKNOWN STEP	2026-10-07T13:12:31.4759414Z   Version:          1.5.1
CD / Build image	UNKNOWN STEP	2026-10-07T13:12:31.4759617Z   GitCommit:        v1.5.1-0-g8f2685a4
CD / Build image	UNKNOWN STEP	2026-10-07T13:12:31.4760015Z  docker-init:
CD / Build image	UNKNOWN STEP	2026-10-07T13:12:31.4760596Z   Version:          0.19.0
CD / Build image	UNKNOWN STEP	2026-10-07T13:12:31.4760828Z   GitCommit:        de40ad0
CD / Build image	UNKNOWN STEP	2026-10-07T13:12:31.4788259Z [command]/usr/bin/docker info
CD / Build image	UNKNOWN STEP	2026-10-07T13:12:35.9692825Z Client: Docker Engine - Community
CD / Build image	UNKNOWN STEP	2026-10-07T13:12:35.9693205Z  Version:    28.0.4
CD / Build image	UNKNOWN STEP	2026-10-07T13:12:35.9693408Z  Context:    default
CD / Build image	UNKNOWN STEP	2026-10-07T13:12:35.9693618Z  Debug Mode: false
CD / Build image	UNKNOWN STEP	2026-10-07T13:12:35.9693790Z  Plugins:
CD / Build image	UNKNOWN STEP	2026-10-07T13:12:35.9693959Z   buildx: Docker Buildx (Docker Inc.)
CD / Build image	UNKNOWN STEP	2026-10-07T13:12:35.9694171Z     Version:  v0.37.1
CD / Build image	UNKNOWN STEP	2026-10-07T13:12:35.9694397Z     Path:     /usr/libexec/docker/cli-plugins/docker-buildx
CD / Build image	UNKNOWN STEP	2026-10-07T13:12:35.9694709Z   compose: Docker Compose (Docker Inc.)
CD / Build image	UNKNOWN STEP	2026-10-07T13:12:35.9695123Z     Version:  v2.38.2
CD / Build image	UNKNOWN STEP	2026-10-07T13:12:35.9695394Z     Path:     /usr/libexec/docker/cli-plugins/docker-compose
CD / Build image	UNKNOWN STEP	2026-10-07T13:12:35.9695590Z 
CD / Build image	UNKNOWN STEP	2026-10-07T13:12:35.9695661Z Server:
CD / Build image	UNKNOWN STEP	2026-10-07T13:12:35.9695832Z  Containers: 0
CD / Build image	UNKNOWN STEP	2026-10-07T13:12:35.9695984Z   Running: 0
CD / Build image	UNKNOWN STEP	2026-10-07T13:12:35.9696150Z   Paused: 0
CD / Build image	UNKNOWN STEP	2026-10-07T13:12:35.9696314Z   Stopped: 0
CD / Build image	UNKNOWN STEP	2026-10-07T13:12:35.9696468Z  Images: 6
CD / Build image	UNKNOWN STEP	2026-10-07T13:12:35.9696626Z  Server Version: 28.0.4
CD / Build image	UNKNOWN STEP	2026-10-07T13:12:35.9696812Z  Storage Driver: overlay2
CD / Build image	UNKNOWN STEP	2026-10-07T13:12:35.9697029Z   Backing Filesystem: extfs
CD / Build image	UNKNOWN STEP	2026-10-07T13:12:35.9697228Z   Supports d_type: true
CD / Build image	UNKNOWN STEP	2026-10-07T13:12:35.9697416Z   Using metacopy: false
CD / Build image	UNKNOWN STEP	2026-10-07T13:12:35.9697622Z   Native Overlay Diff: false
CD / Build image	UNKNOWN STEP	2026-10-07T13:12:35.9697823Z   userxattr: false
CD / Build image	UNKNOWN STEP	2026-10-07T13:12:35.9698000Z  Logging Driver: json-file
CD / Build image	UNKNOWN STEP	2026-10-07T13:12:35.9698192Z  Cgroup Driver: systemd
CD / Build image	UNKNOWN STEP	2026-10-07T13:12:35.9698367Z  Cgroup Version: 2
CD / Build image	UNKNOWN STEP	2026-10-07T13:12:35.9698528Z  Plugins:
CD / Build image	UNKNOWN STEP	2026-10-07T13:12:35.9699336Z   Volume: local
CD / Build image	UNKNOWN STEP	2026-10-07T13:12:35.9699637Z   Network: bridge host ipvlan macvlan null overlay
CD / Build image	UNKNOWN STEP	2026-10-07T13:12:35.9700157Z   Log: awslogs fluentd gcplogs gelf journald json-file local splunk syslog
CD / Build image	UNKNOWN STEP	2026-10-07T13:12:35.9700502Z  Swarm: inactive
CD / Build image	UNKNOWN STEP	2026-10-07T13:12:35.9700704Z  Runtimes: io.containerd.runc.v2 runc
CD / Build image	UNKNOWN STEP	2026-10-07T13:12:35.9700947Z  Default Runtime: runc
CD / Build image	UNKNOWN STEP	2026-10-07T13:12:35.9701297Z  Init Binary: docker-init
CD / Build image	UNKNOWN STEP	2026-10-07T13:12:35.9701553Z  containerd version: ee2735368117d2eb259779949d5e75cdafec9761
CD / Build image	UNKNOWN STEP	2026-10-07T13:12:35.9701864Z  runc version: v1.5.1-0-g8f2685a4
CD / Build image	UNKNOWN STEP	2026-10-07T13:12:35.9702096Z  init version: de40ad0
CD / Build image	UNKNOWN STEP	2026-10-07T13:12:35.9702280Z  Security Options:
CD / Build image	UNKNOWN STEP	2026-10-07T13:12:35.9702453Z   apparmor
CD / Build image	UNKNOWN STEP	2026-10-07T13:12:35.9702609Z   seccomp
CD / Build image	UNKNOWN STEP	2026-10-07T13:12:35.9702767Z    Profile: builtin
CD / Build image	UNKNOWN STEP	2026-10-07T13:12:35.9702942Z   cgroupns
CD / Build image	UNKNOWN STEP	2026-10-07T13:12:35.9703330Z  Kernel Version: 6.17.0-1022-azure
CD / Build image	UNKNOWN STEP	2026-10-07T13:12:35.9703556Z  Operating System: Ubuntu 24.04.5 LTS
CD / Build image	UNKNOWN STEP	2026-10-07T13:12:35.9703788Z  OSType: linux
CD / Build image	UNKNOWN STEP	2026-10-07T13:12:35.9703965Z  Architecture: x86_64
CD / Build image	UNKNOWN STEP	2026-10-07T13:12:35.9704137Z  CPUs: 4
CD / Build image	UNKNOWN STEP	2026-10-07T13:12:35.9704297Z  Total Memory: 15.61GiB
CD / Build image	UNKNOWN STEP	2026-10-07T13:12:35.9704507Z  Name: runnervm8df0l
CD / Build image	UNKNOWN STEP	2026-10-07T13:12:35.9704703Z  ID: 96bc9d58-7015-4b4a-8357-8e592f0b19b5
CD / Build image	UNKNOWN STEP	2026-10-07T13:12:35.9704942Z  Docker Root Dir: /var/lib/docker
CD / Build image	UNKNOWN STEP	2026-10-07T13:12:35.9705178Z  Debug Mode: false
CD / Build image	UNKNOWN STEP	2026-10-07T13:12:35.9705383Z  Username: githubactions
CD / Build image	UNKNOWN STEP	2026-10-07T13:12:35.9705609Z  Experimental: false
CD / Build image	UNKNOWN STEP	2026-10-07T13:12:35.9705798Z  Insecure Registries:
CD / Build image	UNKNOWN STEP	2026-10-07T13:12:35.9709183Z   ::1/128
CD / Build image	UNKNOWN STEP	2026-10-07T13:12:35.9709364Z   127.0.0.0/8
CD / Build image	UNKNOWN STEP	2026-10-07T13:12:35.9709550Z  Live Restore Enabled: false
CD / Build image	UNKNOWN STEP	2026-10-07T13:12:35.9709834Z 
CD / Build image	UNKNOWN STEP	2026-10-07T13:12:35.9710392Z ##[endgroup]
CD / Build image	UNKNOWN STEP	2026-10-07T13:12:36.0953773Z ##[group]Buildx version
CD / Build image	UNKNOWN STEP	2026-10-07T13:12:36.0966146Z [command]/usr/bin/docker buildx version
CD / Build image	UNKNOWN STEP	2026-10-07T13:12:36.1765345Z github.com/docker/buildx v0.37.1 0b265a9f62db554fa9aba6dd19e1bd5704bc7d8a
CD / Build image	UNKNOWN STEP	2026-10-07T13:12:36.1803770Z ##[endgroup]
CD / Build image	UNKNOWN STEP	2026-10-07T13:12:36.1925048Z ##[group]Inspecting default docker context
CD / Build image	UNKNOWN STEP	2026-10-07T13:12:36.2033627Z [
CD / Build image	UNKNOWN STEP	2026-10-07T13:12:36.2033867Z   {
CD / Build image	UNKNOWN STEP	2026-10-07T13:12:36.2034022Z     "Name": "default",
CD / Build image	UNKNOWN STEP	2026-10-07T13:12:36.2034228Z     "Metadata": {},
CD / Build image	UNKNOWN STEP	2026-10-07T13:12:36.2034403Z     "Endpoints": {
CD / Build image	UNKNOWN STEP	2026-10-07T13:12:36.2034572Z       "docker": {
CD / Build image	UNKNOWN STEP	2026-10-07T13:12:36.2035234Z         "Host": "unix:///var/run/docker.sock",
CD / Build image	UNKNOWN STEP	2026-10-07T13:12:36.2035483Z         "SkipTLSVerify": false
CD / Build image	UNKNOWN STEP	2026-10-07T13:12:36.2035694Z       }
CD / Build image	UNKNOWN STEP	2026-10-07T13:12:36.2035843Z     },
CD / Build image	UNKNOWN STEP	2026-10-07T13:12:36.2036022Z     "TLSMaterial": {},
CD / Build image	UNKNOWN STEP	2026-10-07T13:12:36.2036192Z     "Storage": {
CD / Build image	UNKNOWN STEP	2026-10-07T13:12:36.2036388Z       "MetadataPath": "<IN MEMORY>",
CD / Build image	UNKNOWN STEP	2026-10-07T13:12:36.2036596Z       "TLSPath": "<IN MEMORY>"
CD / Build image	UNKNOWN STEP	2026-10-07T13:12:36.2036799Z     }
CD / Build image	UNKNOWN STEP	2026-10-07T13:12:36.2036945Z   }
CD / Build image	UNKNOWN STEP	2026-10-07T13:12:36.2037092Z ]
CD / Build image	UNKNOWN STEP	2026-10-07T13:12:36.2037804Z ##[endgroup]
CD / Build image	UNKNOWN STEP	2026-10-07T13:12:36.2038166Z ##[group]Creating a new builder instance
CD / Build image	UNKNOWN STEP	2026-10-07T13:12:36.3812330Z [command]/usr/bin/docker buildx create --name builder-77825b5f-76c2-4376-91f1-5baae39712b4 --driver docker-container --buildkitd-flags --allow-insecure-entitlement security.insecure --allow-insecure-entitlement network.host --use
CD / Build image	UNKNOWN STEP	2026-10-07T13:12:36.5256883Z builder-77825b5f-76c2-4376-91f1-5baae39712b4
CD / Build image	UNKNOWN STEP	2026-10-07T13:12:36.5285759Z ##[endgroup]
CD / Build image	UNKNOWN STEP	2026-10-07T13:12:36.5286238Z ##[group]Booting builder
CD / Build image	UNKNOWN STEP	2026-10-07T13:12:36.5307769Z [command]/usr/bin/docker buildx inspect --bootstrap --builder builder-77825b5f-76c2-4376-91f1-5baae39712b4
CD / Build image	UNKNOWN STEP	2026-10-07T13:12:36.5651828Z #1 [internal] booting buildkit
CD / Build image	UNKNOWN STEP	2026-10-07T13:12:36.7170851Z #1 pulling image moby/buildkit:buildx-stable-1
CD / Build image	UNKNOWN STEP	2026-10-07T13:12:45.3291095Z #1 pulling image moby/buildkit:buildx-stable-1 8.8s done
CD / Build image	UNKNOWN STEP	2026-10-07T13:12:45.4805359Z #1 creating container buildx_buildkit_builder-77825b5f-76c2-4376-91f1-5baae39712b40
CD / Build image	UNKNOWN STEP	2026-10-07T13:12:46.4225039Z #1 creating container buildx_buildkit_builder-77825b5f-76c2-4376-91f1-5baae39712b40 1.1s done
CD / Build image	UNKNOWN STEP	2026-10-07T13:12:46.4548390Z #1 DONE 9.9s
CD / Build image	UNKNOWN STEP	2026-10-07T13:12:46.4863248Z Name:          builder-77825b5f-76c2-4376-91f1-5baae39712b4
CD / Build image	UNKNOWN STEP	2026-10-07T13:12:46.4863614Z Driver:        docker-container
CD / Build image	UNKNOWN STEP	2026-10-07T13:12:46.4863842Z Last Activity: 2026-10-07 13:12:36 +0000 UTC
CD / Build image	UNKNOWN STEP	2026-10-07T13:12:46.4863979Z 
CD / Build image	UNKNOWN STEP	2026-10-07T13:12:46.4864049Z Nodes:
CD / Build image	UNKNOWN STEP	2026-10-07T13:12:46.4864263Z Name:                  builder-77825b5f-76c2-4376-91f1-5baae39712b40
CD / Build image	UNKNOWN STEP	2026-10-07T13:12:46.4864603Z Endpoint:              unix:///var/run/docker.sock
CD / Build image	UNKNOWN STEP	2026-10-07T13:12:46.4864844Z Status:                running
CD / Build image	UNKNOWN STEP	2026-10-07T13:12:46.4865194Z BuildKit daemon flags: --allow-insecure-entitlement security.insecure --allow-insecure-entitlement network.host
CD / Build image	UNKNOWN STEP	2026-10-07T13:12:46.4865479Z BuildKit version:      v0.33.1
CD / Build image	UNKNOWN STEP	2026-10-07T13:12:46.4865686Z Platforms:             linux/amd64, linux/amd64/v2, linux/amd64/v3, linux/amd64/v4, linux/386
CD / Build image	UNKNOWN STEP	2026-10-07T13:12:46.4865897Z Labels:
CD / Build image	UNKNOWN STEP	2026-10-07T13:12:46.4866041Z  org.mobyproject.buildkit.worker.executor:         oci
CD / Build image	UNKNOWN STEP	2026-10-07T13:12:46.4866275Z  org.mobyproject.buildkit.worker.hostname:         a91bb529bf05
CD / Build image	UNKNOWN STEP	2026-10-07T13:12:46.4866499Z  org.mobyproject.buildkit.worker.network:          host
CD / Build image	UNKNOWN STEP	2026-10-07T13:12:46.4866717Z  org.mobyproject.buildkit.worker.oci.process-mode: sandbox
CD / Build image	UNKNOWN STEP	2026-10-07T13:12:46.4866941Z  org.mobyproject.buildkit.worker.selinux.enabled:  false
CD / Build image	UNKNOWN STEP	2026-10-07T13:12:46.4867164Z  org.mobyproject.buildkit.worker.snapshotter:      overlayfs
CD / Build image	UNKNOWN STEP	2026-10-07T13:12:46.4867364Z GC Policy rule#0:
CD / Build image	UNKNOWN STEP	2026-10-07T13:12:46.4867476Z  All:            false
CD / Build image	UNKNOWN STEP	2026-10-07T13:12:46.4867667Z  Filters:        type==source.local type==exec.cachemount type==source.git.checkout
CD / Build image	UNKNOWN STEP	2026-10-07T13:12:46.4867881Z  Keep Duration:  48h0m0s
CD / Build image	UNKNOWN STEP	2026-10-07T13:12:46.4868005Z  Max Used Space: 488.3MiB
CD / Build image	UNKNOWN STEP	2026-10-07T13:12:46.4868126Z GC Policy rule#1:
CD / Build image	UNKNOWN STEP	2026-10-07T13:12:46.4868233Z  All:            false
CD / Build image	UNKNOWN STEP	2026-10-07T13:12:46.4868403Z  Keep Duration:  1440h0m0s
CD / Build image	UNKNOWN STEP	2026-10-07T13:12:46.4868576Z  Reserved Space: 9.313GiB
CD / Build image	UNKNOWN STEP	2026-10-07T13:12:46.4868697Z  Max Used Space: 93.13GiB
CD / Build image	UNKNOWN STEP	2026-10-07T13:12:46.4868816Z  Min Free Space: 27.01GiB
CD / Build image	UNKNOWN STEP	2026-10-07T13:12:46.4868935Z GC Policy rule#2:
CD / Build image	UNKNOWN STEP	2026-10-07T13:12:46.4869044Z  All:            false
CD / Build image	UNKNOWN STEP	2026-10-07T13:12:46.4869187Z  Reserved Space: 9.313GiB
CD / Build image	UNKNOWN STEP	2026-10-07T13:12:46.4869343Z  Max Used Space: 93.13GiB
CD / Build image	UNKNOWN STEP	2026-10-07T13:12:46.4869460Z  Min Free Space: 27.01GiB
CD / Build image	UNKNOWN STEP	2026-10-07T13:12:46.4869578Z GC Policy rule#3:
CD / Build image	UNKNOWN STEP	2026-10-07T13:12:46.4869824Z  All:            true
CD / Build image	UNKNOWN STEP	2026-10-07T13:12:46.4870096Z  Reserved Space: 9.313GiB
CD / Build image	UNKNOWN STEP	2026-10-07T13:12:46.4870214Z  Max Used Space: 93.13GiB
CD / Build image	UNKNOWN STEP	2026-10-07T13:12:46.4870330Z  Min Free Space: 27.01GiB
CD / Build image	UNKNOWN STEP	2026-10-07T13:12:46.4903215Z ##[endgroup]
CD / Build image	UNKNOWN STEP	2026-10-07T13:12:46.5718787Z ##[group]Inspect builder
CD / Build image	UNKNOWN STEP	2026-10-07T13:12:46.5719061Z {
CD / Build image	UNKNOWN STEP	2026-10-07T13:12:46.5719232Z   "nodes": [
CD / Build image	UNKNOWN STEP	2026-10-07T13:12:46.5719431Z     {
CD / Build image	UNKNOWN STEP	2026-10-07T13:12:46.5719655Z       "name": "builder-77825b5f-76c2-4376-91f1-5baae39712b40",
CD / Build image	UNKNOWN STEP	2026-10-07T13:12:46.5720259Z       "endpoint": "unix:///var/run/docker.sock",
CD / Build image	UNKNOWN STEP	2026-10-07T13:12:46.5720506Z       "status": "running",
CD / Build image	UNKNOWN STEP	2026-10-07T13:12:46.5720994Z       "buildkitd-flags": "--allow-insecure-entitlement security.insecure --allow-insecure-entitlement network.host",
CD / Build image	UNKNOWN STEP	2026-10-07T13:12:46.5721439Z       "buildkit": "v0.33.1",
CD / Build image	UNKNOWN STEP	2026-10-07T13:12:46.5721746Z       "platforms": "linux/amd64,linux/amd64/v2,linux/amd64/v3,linux/amd64/v4,linux/386",
CD / Build image	UNKNOWN STEP	2026-10-07T13:12:46.5722067Z       "features": {
CD / Build image	UNKNOWN STEP	2026-10-07T13:12:46.5722322Z         "Automatically load images to the Docker Engine image store": true,
CD / Build image	UNKNOWN STEP	2026-10-07T13:12:46.5722657Z         "Cache export": true,
CD / Build image	UNKNOWN STEP	2026-10-07T13:12:46.5722862Z         "Direct push": true,
CD / Build image	UNKNOWN STEP	2026-10-07T13:12:46.5723065Z         "Docker exporter": true,
CD / Build image	UNKNOWN STEP	2026-10-07T13:12:46.5723281Z         "Multi-platform build": true,
CD / Build image	UNKNOWN STEP	2026-10-07T13:12:46.5723505Z         "OCI exporter": true
CD / Build image	UNKNOWN STEP	2026-10-07T13:12:46.5723697Z       },
CD / Build image	UNKNOWN STEP	2026-10-07T13:12:46.5723845Z       "labels": {
CD / Build image	UNKNOWN STEP	2026-10-07T13:12:46.5724061Z         "org.mobyproject.buildkit.worker.executor": "oci",
CD / Build image	UNKNOWN STEP	2026-10-07T13:12:46.5724394Z         "org.mobyproject.buildkit.worker.hostname": "a91bb529bf05",
CD / Build image	UNKNOWN STEP	2026-10-07T13:12:46.5724960Z         "org.mobyproject.buildkit.worker.network": "host",
CD / Build image	UNKNOWN STEP	2026-10-07T13:12:46.5725297Z         "org.mobyproject.buildkit.worker.oci.process-mode": "sandbox",
CD / Build image	UNKNOWN STEP	2026-10-07T13:12:46.5725658Z         "org.mobyproject.buildkit.worker.selinux.enabled": "false",
CD / Build image	UNKNOWN STEP	2026-10-07T13:12:46.5725997Z         "org.mobyproject.buildkit.worker.snapshotter": "overlayfs"
CD / Build image	UNKNOWN STEP	2026-10-07T13:12:46.5726298Z       },
CD / Build image	UNKNOWN STEP	2026-10-07T13:12:46.5726455Z       "gcPolicy": [
CD / Build image	UNKNOWN STEP	2026-10-07T13:12:46.5726616Z         {
CD / Build image	UNKNOWN STEP	2026-10-07T13:12:46.5726764Z           "all": false,
CD / Build image	UNKNOWN STEP	2026-10-07T13:12:46.5726961Z           "filter": [
CD / Build image	UNKNOWN STEP	2026-10-07T13:12:46.5727213Z             "type==source.local type==exec.cachemount type==source.git.checkout"
CD / Build image	UNKNOWN STEP	2026-10-07T13:12:46.5727523Z           ],
CD / Build image	UNKNOWN STEP	2026-10-07T13:12:46.5727685Z           "keepDuration": "48h0m0s",
CD / Build image	UNKNOWN STEP	2026-10-07T13:12:46.5727919Z           "maxUsedSpace": "488.3MiB"
CD / Build image	UNKNOWN STEP	2026-10-07T13:12:46.5728115Z         },
CD / Build image	UNKNOWN STEP	2026-10-07T13:12:46.5728262Z         {
CD / Build image	UNKNOWN STEP	2026-10-07T13:12:46.5728408Z           "all": false,
CD / Build image	UNKNOWN STEP	2026-10-07T13:12:46.5728593Z           "keepDuration": "1440h0m0s",
CD / Build image	UNKNOWN STEP	2026-10-07T13:12:46.5728829Z           "reservedSpace": "9.313GiB",
CD / Build image	UNKNOWN STEP	2026-10-07T13:12:46.5729040Z           "maxUsedSpace": "93.13GiB",
CD / Build image	UNKNOWN STEP	2026-10-07T13:12:46.5729269Z           "minFreeSpace": "27.01GiB"
CD / Build image	UNKNOWN STEP	2026-10-07T13:12:46.5729480Z         },
CD / Build image	UNKNOWN STEP	2026-10-07T13:12:46.5729626Z         {
CD / Build image	UNKNOWN STEP	2026-10-07T13:12:46.5729943Z           "all": false,
CD / Build image	UNKNOWN STEP	2026-10-07T13:12:46.5730129Z           "reservedSpace": "9.313GiB",
CD / Build image	UNKNOWN STEP	2026-10-07T13:12:46.5730346Z           "maxUsedSpace": "93.13GiB",
CD / Build image	UNKNOWN STEP	2026-10-07T13:12:46.5730555Z           "minFreeSpace": "27.01GiB"
CD / Build image	UNKNOWN STEP	2026-10-07T13:12:46.5730752Z         },
CD / Build image	UNKNOWN STEP	2026-10-07T13:12:46.5730895Z         {
CD / Build image	UNKNOWN STEP	2026-10-07T13:12:46.5731041Z           "all": true,
CD / Build image	UNKNOWN STEP	2026-10-07T13:12:46.5731216Z           "reservedSpace": "9.313GiB",
CD / Build image	UNKNOWN STEP	2026-10-07T13:12:46.5731454Z           "maxUsedSpace": "93.13GiB",
CD / Build image	UNKNOWN STEP	2026-10-07T13:12:46.5731705Z           "minFreeSpace": "27.01GiB"
CD / Build image	UNKNOWN STEP	2026-10-07T13:12:46.5731944Z         }
CD / Build image	UNKNOWN STEP	2026-10-07T13:12:46.5732108Z       ]
CD / Build image	UNKNOWN STEP	2026-10-07T13:12:46.5732250Z     }
CD / Build image	UNKNOWN STEP	2026-10-07T13:12:46.5732418Z   ],
CD / Build image	UNKNOWN STEP	2026-10-07T13:12:46.5732637Z   "name": "builder-77825b5f-76c2-4376-91f1-5baae39712b4",
CD / Build image	UNKNOWN STEP	2026-10-07T13:12:46.5732921Z   "driver": "docker-container",
CD / Build image	UNKNOWN STEP	2026-10-07T13:12:46.5733155Z   "lastActivity": "2026-10-07T13:12:36.000Z"
CD / Build image	UNKNOWN STEP	2026-10-07T13:12:46.5733380Z }
CD / Build image	UNKNOWN STEP	2026-10-07T13:12:46.5733721Z ##[endgroup]
CD / Build image	UNKNOWN STEP	2026-10-07T13:12:46.5734035Z ##[group]BuildKit version
CD / Build image	UNKNOWN STEP	2026-10-07T13:12:46.5734521Z builder-77825b5f-76c2-4376-91f1-5baae39712b40: v0.33.1
CD / Build image	UNKNOWN STEP	2026-10-07T13:12:46.5734917Z ##[endgroup]
CD / Build image	UNKNOWN STEP	2026-10-07T13:12:46.5887071Z ##[group]Run docker/build-push-action@v6
CD / Build image	UNKNOWN STEP	2026-10-07T13:12:46.5887255Z with:
CD / Build image	UNKNOWN STEP	2026-10-07T13:12:46.5887368Z   context: package
CD / Build image	UNKNOWN STEP	2026-10-07T13:12:46.5887488Z   file: package/Dockerfile
CD / Build image	UNKNOWN STEP	2026-10-07T13:12:46.5887612Z   push: false
CD / Build image	UNKNOWN STEP	2026-10-07T13:12:46.5887718Z   load: true
CD / Build image	UNKNOWN STEP	2026-10-07T13:12:46.5887834Z   tags: yatri-fare-api:1.0.4-ff4c890
CD / Build image	UNKNOWN STEP	2026-10-07T13:12:46.5888062Z   build-args: APP_VERSION=1.0.4+ff4c890
CD / Build image	UNKNOWN STEP	GIT_COMMIT=ff4c890fc6cd98e07b5123736952414018cc66df
CD / Build image	UNKNOWN STEP	
CD / Build image	UNKNOWN STEP	2026-10-07T13:12:46.5888295Z   no-cache: false
CD / Build image	UNKNOWN STEP	2026-10-07T13:12:46.5888405Z   pull: false
CD / Build image	UNKNOWN STEP	2026-10-07T13:12:46.5890053Z   github-token: ***
CD / Build image	UNKNOWN STEP	2026-10-07T13:12:46.5890167Z env:
CD / Build image	UNKNOWN STEP	2026-10-07T13:12:46.5890278Z   APP_DIR: labs/16-github-actions
CD / Build image	UNKNOWN STEP	2026-10-07T13:12:46.5890425Z   IMAGE_NAME: yatri-fare-api
CD / Build image	UNKNOWN STEP	2026-10-07T13:12:46.5890555Z ##[endgroup]
CD / Build image	UNKNOWN STEP	2026-10-07T13:12:46.7246754Z (node:2461) [DEP0040] DeprecationWarning: The `punycode` module is deprecated. Please use a userland alternative instead.
CD / Build image	UNKNOWN STEP	2026-10-07T13:12:46.7247536Z (Use `node --trace-deprecation ...` to show where the warning was created)
CD / Build image	UNKNOWN STEP	2026-10-07T13:12:46.7257836Z ##[group]GitHub Actions runtime token ACs
CD / Build image	UNKNOWN STEP	2026-10-07T13:12:46.7262559Z refs/heads/session-16-ci: read/write
CD / Build image	UNKNOWN STEP	2026-10-07T13:12:46.7262785Z refs/heads/main: read
CD / Build image	UNKNOWN STEP	2026-10-07T13:12:46.7263233Z ##[endgroup]
CD / Build image	UNKNOWN STEP	2026-10-07T13:12:46.7263522Z ##[group]Docker info
CD / Build image	UNKNOWN STEP	2026-10-07T13:12:46.7290510Z [command]/usr/bin/docker version
CD / Build image	UNKNOWN STEP	2026-10-07T13:12:46.7442943Z Client: Docker Engine - Community
CD / Build image	UNKNOWN STEP	2026-10-07T13:12:46.7443386Z  Version:           28.0.4
CD / Build image	UNKNOWN STEP	2026-10-07T13:12:46.7444914Z  API version:       1.48
CD / Build image	UNKNOWN STEP	2026-10-07T13:12:46.7445354Z  Go version:        go1.23.7
CD / Build image	UNKNOWN STEP	2026-10-07T13:12:46.7445677Z  Git commit:        b8034c0
CD / Build image	UNKNOWN STEP	2026-10-07T13:12:46.7446112Z  Built:             Tue Mar 25 15:07:16 2025
CD / Build image	UNKNOWN STEP	2026-10-07T13:12:46.7446466Z  OS/Arch:           linux/amd64
CD / Build image	UNKNOWN STEP	2026-10-07T13:12:46.7446890Z  Context:           default
CD / Build image	UNKNOWN STEP	2026-10-07T13:12:46.7447168Z 
CD / Build image	UNKNOWN STEP	2026-10-07T13:12:46.7447378Z Server: Docker Engine - Community
CD / Build image	UNKNOWN STEP	2026-10-07T13:12:46.7447788Z  Engine:
CD / Build image	UNKNOWN STEP	2026-10-07T13:12:46.7448013Z   Version:          28.0.4
CD / Build image	UNKNOWN STEP	2026-10-07T13:12:46.7448420Z   API version:      1.48 (minimum version 1.24)
CD / Build image	UNKNOWN STEP	2026-10-07T13:12:46.7448695Z   Go version:       go1.23.7
CD / Build image	UNKNOWN STEP	2026-10-07T13:12:46.7448929Z   Git commit:       6430e49
CD / Build image	UNKNOWN STEP	2026-10-07T13:12:46.7449223Z   Built:            Tue Mar 25 15:07:16 2025
CD / Build image	UNKNOWN STEP	2026-10-07T13:12:46.7449478Z   OS/Arch:          linux/amd64
CD / Build image	UNKNOWN STEP	2026-10-07T13:12:46.7449913Z   Experimental:     false
CD / Build image	UNKNOWN STEP	2026-10-07T13:12:46.7450190Z  containerd:
CD / Build image	UNKNOWN STEP	2026-10-07T13:12:46.7450355Z   Version:          v2.3.6
CD / Build image	UNKNOWN STEP	2026-10-07T13:12:46.7450597Z   GitCommit:        ee2735368117d2eb259779949d5e75cdafec9761
CD / Build image	UNKNOWN STEP	2026-10-07T13:12:46.7451203Z  runc:
CD / Build image	UNKNOWN STEP	2026-10-07T13:12:46.7451360Z   Version:          1.5.1
CD / Build image	UNKNOWN STEP	2026-10-07T13:12:46.7451575Z   GitCommit:        v1.5.1-0-g8f2685a4
CD / Build image	UNKNOWN STEP	2026-10-07T13:12:46.7451799Z  docker-init:
CD / Build image	UNKNOWN STEP	2026-10-07T13:12:46.7451968Z   Version:          0.19.0
CD / Build image	UNKNOWN STEP	2026-10-07T13:12:46.7452171Z   GitCommit:        de40ad0
CD / Build image	UNKNOWN STEP	2026-10-07T13:12:46.7473985Z [command]/usr/bin/docker info
CD / Build image	UNKNOWN STEP	2026-10-07T13:12:46.7991541Z Client: Docker Engine - Community
CD / Build image	UNKNOWN STEP	2026-10-07T13:12:46.7991729Z  Version:    28.0.4
CD / Build image	UNKNOWN STEP	2026-10-07T13:12:46.7991852Z  Context:    default
CD / Build image	UNKNOWN STEP	2026-10-07T13:12:46.7991968Z  Debug Mode: false
CD / Build image	UNKNOWN STEP	2026-10-07T13:12:46.7992077Z  Plugins:
CD / Build image	UNKNOWN STEP	2026-10-07T13:12:46.7992192Z   buildx: Docker Buildx (Docker Inc.)
CD / Build image	UNKNOWN STEP	2026-10-07T13:12:46.7992368Z     Version:  v0.37.1
CD / Build image	UNKNOWN STEP	2026-10-07T13:12:46.7992594Z     Path:     /usr/libexec/docker/cli-plugins/docker-buildx
CD / Build image	UNKNOWN STEP	2026-10-07T13:12:46.7992780Z   compose: Docker Compose (Docker Inc.)
CD / Build image	UNKNOWN STEP	2026-10-07T13:12:46.7992923Z     Version:  v2.38.2
CD / Build image	UNKNOWN STEP	2026-10-07T13:12:46.7993082Z     Path:     /usr/libexec/docker/cli-plugins/docker-compose
CD / Build image	UNKNOWN STEP	2026-10-07T13:12:46.7993210Z 
CD / Build image	UNKNOWN STEP	2026-10-07T13:12:46.7993257Z Server:
CD / Build image	UNKNOWN STEP	2026-10-07T13:12:46.7993357Z  Containers: 1
CD / Build image	UNKNOWN STEP	2026-10-07T13:12:46.7993462Z   Running: 1
CD / Build image	UNKNOWN STEP	2026-10-07T13:12:46.7993562Z   Paused: 0
CD / Build image	UNKNOWN STEP	2026-10-07T13:12:46.7993665Z   Stopped: 0
CD / Build image	UNKNOWN STEP	2026-10-07T13:12:46.7994078Z  Images: 7
CD / Build image	UNKNOWN STEP	2026-10-07T13:12:46.7994180Z  Server Version: 28.0.4
CD / Build image	UNKNOWN STEP	2026-10-07T13:12:46.7994302Z  Storage Driver: overlay2
CD / Build image	UNKNOWN STEP	2026-10-07T13:12:46.7994587Z   Backing Filesystem: extfs
CD / Build image	UNKNOWN STEP	2026-10-07T13:12:46.7994716Z   Supports d_type: true
CD / Build image	UNKNOWN STEP	2026-10-07T13:12:46.7994839Z   Using metacopy: false
CD / Build image	UNKNOWN STEP	2026-10-07T13:12:46.7994962Z   Native Overlay Diff: false
CD / Build image	UNKNOWN STEP	2026-10-07T13:12:46.7995088Z   userxattr: false
CD / Build image	UNKNOWN STEP	2026-10-07T13:12:46.7995206Z  Logging Driver: json-file
CD / Build image	UNKNOWN STEP	2026-10-07T13:12:46.7995329Z  Cgroup Driver: systemd
CD / Build image	UNKNOWN STEP	2026-10-07T13:12:46.7995442Z  Cgroup Version: 2
CD / Build image	UNKNOWN STEP	2026-10-07T13:12:46.7995547Z  Plugins:
CD / Build image	UNKNOWN STEP	2026-10-07T13:12:46.7995647Z   Volume: local
CD / Build image	UNKNOWN STEP	2026-10-07T13:12:46.8009966Z   Network: bridge host ipvlan macvlan null overlay
CD / Build image	UNKNOWN STEP	2026-10-07T13:12:46.8010310Z   Log: awslogs fluentd gcplogs gelf journald json-file local splunk syslog
CD / Build image	UNKNOWN STEP	2026-10-07T13:12:46.8010647Z  Swarm: inactive
CD / Build image	UNKNOWN STEP	2026-10-07T13:12:46.8010817Z  Runtimes: io.containerd.runc.v2 runc
CD / Build image	UNKNOWN STEP	2026-10-07T13:12:46.8010973Z  Default Runtime: runc
CD / Build image	UNKNOWN STEP	2026-10-07T13:12:46.8011100Z  Init Binary: docker-init
CD / Build image	UNKNOWN STEP	2026-10-07T13:12:46.8011278Z  containerd version: ee2735368117d2eb259779949d5e75cdafec9761
CD / Build image	UNKNOWN STEP	2026-10-07T13:12:46.8011465Z  runc version: v1.5.1-0-g8f2685a4
CD / Build image	UNKNOWN STEP	2026-10-07T13:12:46.8011603Z  init version: de40ad0
CD / Build image	UNKNOWN STEP	2026-10-07T13:12:46.8011788Z  Security Options:
CD / Build image	UNKNOWN STEP	2026-10-07T13:12:46.8011939Z   apparmor
CD / Build image	UNKNOWN STEP	2026-10-07T13:12:46.8012042Z   seccomp
CD / Build image	UNKNOWN STEP	2026-10-07T13:12:46.8012178Z    Profile: builtin
CD / Build image	UNKNOWN STEP	2026-10-07T13:12:46.8012343Z   cgroupns
CD / Build image	UNKNOWN STEP	2026-10-07T13:12:46.8012459Z  Kernel Version: 6.17.0-1022-azure
CD / Build image	UNKNOWN STEP	2026-10-07T13:12:46.8012686Z  Operating System: Ubuntu 24.04.5 LTS
CD / Build image	UNKNOWN STEP	2026-10-07T13:12:46.8012839Z  OSType: linux
CD / Build image	UNKNOWN STEP	2026-10-07T13:12:46.8012949Z  Architecture: x86_64
CD / Build image	UNKNOWN STEP	2026-10-07T13:12:46.8013067Z  CPUs: 4
CD / Build image	UNKNOWN STEP	2026-10-07T13:12:46.8013176Z  Total Memory: 15.61GiB
CD / Build image	UNKNOWN STEP	2026-10-07T13:12:46.8013342Z  Name: runnervm8df0l
CD / Build image	UNKNOWN STEP	2026-10-07T13:12:46.8013496Z  ID: 96bc9d58-7015-4b4a-8357-8e592f0b19b5
CD / Build image	UNKNOWN STEP	2026-10-07T13:12:46.8013716Z  Docker Root Dir: /var/lib/docker
CD / Build image	UNKNOWN STEP	2026-10-07T13:12:46.8013916Z  Debug Mode: false
CD / Build image	UNKNOWN STEP	2026-10-07T13:12:46.8014036Z  Username: githubactions
CD / Build image	UNKNOWN STEP	2026-10-07T13:12:46.8014165Z  Experimental: false
CD / Build image	UNKNOWN STEP	2026-10-07T13:12:46.8014310Z  Insecure Registries:
CD / Build image	UNKNOWN STEP	2026-10-07T13:12:46.8014513Z   ::1/128
CD / Build image	UNKNOWN STEP	2026-10-07T13:12:46.8014681Z   127.0.0.0/8
CD / Build image	UNKNOWN STEP	2026-10-07T13:12:46.8014797Z  Live Restore Enabled: false
CD / Build image	UNKNOWN STEP	2026-10-07T13:12:46.8014885Z 
CD / Build image	UNKNOWN STEP	2026-10-07T13:12:46.8015160Z ##[endgroup]
CD / Build image	UNKNOWN STEP	2026-10-07T13:12:46.8015377Z ##[group]Proxy configuration
CD / Build image	UNKNOWN STEP	2026-10-07T13:12:46.8015578Z No proxy configuration found
CD / Build image	UNKNOWN STEP	2026-10-07T13:12:46.8015859Z ##[endgroup]
CD / Build image	UNKNOWN STEP	2026-10-07T13:12:46.8366325Z ##[group]Buildx version
CD / Build image	UNKNOWN STEP	2026-10-07T13:12:46.8378413Z [command]/usr/bin/docker buildx version
CD / Build image	UNKNOWN STEP	2026-10-07T13:12:46.8681335Z github.com/docker/buildx v0.37.1 0b265a9f62db554fa9aba6dd19e1bd5704bc7d8a
CD / Build image	UNKNOWN STEP	2026-10-07T13:12:46.8705980Z ##[endgroup]
CD / Build image	UNKNOWN STEP	2026-10-07T13:12:46.8706316Z ##[group]Builder info
CD / Build image	UNKNOWN STEP	2026-10-07T13:12:46.9294411Z {
CD / Build image	UNKNOWN STEP	2026-10-07T13:12:46.9294648Z   "nodes": [
CD / Build image	UNKNOWN STEP	2026-10-07T13:12:46.9294852Z     {
CD / Build image	UNKNOWN STEP	2026-10-07T13:12:46.9295088Z       "name": "builder-77825b5f-76c2-4376-91f1-5baae39712b40",
CD / Build image	UNKNOWN STEP	2026-10-07T13:12:46.9295442Z       "endpoint": "unix:///var/run/docker.sock",
CD / Build image	UNKNOWN STEP	2026-10-07T13:12:46.9295704Z       "status": "running",
CD / Build image	UNKNOWN STEP	2026-10-07T13:12:46.9296185Z       "buildkitd-flags": "--allow-insecure-entitlement security.insecure --allow-insecure-entitlement network.host",
CD / Build image	UNKNOWN STEP	2026-10-07T13:12:46.9296642Z       "buildkit": "v0.33.1",
CD / Build image	UNKNOWN STEP	2026-10-07T13:12:46.9296969Z       "platforms": "linux/amd64,linux/amd64/v2,linux/amd64/v3,linux/amd64/v4,linux/386",
CD / Build image	UNKNOWN STEP	2026-10-07T13:12:46.9297310Z       "features": {
CD / Build image	UNKNOWN STEP	2026-10-07T13:12:46.9297575Z         "Automatically load images to the Docker Engine image store": true,
CD / Build image	UNKNOWN STEP	2026-10-07T13:12:46.9297900Z         "Cache export": true,
CD / Build image	UNKNOWN STEP	2026-10-07T13:12:46.9298127Z         "Direct push": true,
CD / Build image	UNKNOWN STEP	2026-10-07T13:12:46.9298340Z         "Docker exporter": true,
CD / Build image	UNKNOWN STEP	2026-10-07T13:12:46.9298599Z         "Multi-platform build": true,
CD / Build image	UNKNOWN STEP	2026-10-07T13:12:46.9298827Z         "OCI exporter": true
CD / Build image	UNKNOWN STEP	2026-10-07T13:12:46.9299021Z       },
CD / Build image	UNKNOWN STEP	2026-10-07T13:12:46.9299181Z       "labels": {
CD / Build image	UNKNOWN STEP	2026-10-07T13:12:46.9299416Z         "org.mobyproject.buildkit.worker.executor": "oci",
CD / Build image	UNKNOWN STEP	2026-10-07T13:12:46.9300171Z         "org.mobyproject.buildkit.worker.hostname": "a91bb529bf05",
CD / Build image	UNKNOWN STEP	2026-10-07T13:12:46.9300635Z         "org.mobyproject.buildkit.worker.network": "host",
CD / Build image	UNKNOWN STEP	2026-10-07T13:12:46.9300997Z         "org.mobyproject.buildkit.worker.oci.process-mode": "sandbox",
CD / Build image	UNKNOWN STEP	2026-10-07T13:12:46.9301418Z         "org.mobyproject.buildkit.worker.selinux.enabled": "false",
CD / Build image	UNKNOWN STEP	2026-10-07T13:12:46.9301822Z         "org.mobyproject.buildkit.worker.snapshotter": "overlayfs"
CD / Build image	UNKNOWN STEP	2026-10-07T13:12:46.9302103Z       },
CD / Build image	UNKNOWN STEP	2026-10-07T13:12:46.9302265Z       "gcPolicy": [
CD / Build image	UNKNOWN STEP	2026-10-07T13:12:46.9302444Z         {
CD / Build image	UNKNOWN STEP	2026-10-07T13:12:46.9302606Z           "all": false,
CD / Build image	UNKNOWN STEP	2026-10-07T13:12:46.9302787Z           "filter": [
CD / Build image	UNKNOWN STEP	2026-10-07T13:12:46.9303061Z             "type==source.local type==exec.cachemount type==source.git.checkout"
CD / Build image	UNKNOWN STEP	2026-10-07T13:12:46.9303386Z           ],
CD / Build image	UNKNOWN STEP	2026-10-07T13:12:46.9303564Z           "keepDuration": "48h0m0s",
CD / Build image	UNKNOWN STEP	2026-10-07T13:12:46.9303794Z           "maxUsedSpace": "488.3MiB"
CD / Build image	UNKNOWN STEP	2026-10-07T13:12:46.9304056Z         },
CD / Build image	UNKNOWN STEP	2026-10-07T13:12:46.9304207Z         {
CD / Build image	UNKNOWN STEP	2026-10-07T13:12:46.9304361Z           "all": false,
CD / Build image	UNKNOWN STEP	2026-10-07T13:12:46.9304556Z           "keepDuration": "1440h0m0s",
CD / Build image	UNKNOWN STEP	2026-10-07T13:12:46.9304777Z           "reservedSpace": "9.313GiB",
CD / Build image	UNKNOWN STEP	2026-10-07T13:12:46.9305045Z           "maxUsedSpace": "93.13GiB",
CD / Build image	UNKNOWN STEP	2026-10-07T13:12:46.9305264Z           "minFreeSpace": "27.01GiB"
CD / Build image	UNKNOWN STEP	2026-10-07T13:12:46.9305471Z         },
CD / Build image	UNKNOWN STEP	2026-10-07T13:12:46.9305634Z         {
CD / Build image	UNKNOWN STEP	2026-10-07T13:12:46.9305787Z           "all": false,
CD / Build image	UNKNOWN STEP	2026-10-07T13:12:46.9305982Z           "reservedSpace": "9.313GiB",
CD / Build image	UNKNOWN STEP	2026-10-07T13:12:46.9306209Z           "maxUsedSpace": "93.13GiB",
CD / Build image	UNKNOWN STEP	2026-10-07T13:12:46.9306433Z           "minFreeSpace": "27.01GiB"
CD / Build image	UNKNOWN STEP	2026-10-07T13:12:46.9306633Z         },
CD / Build image	UNKNOWN STEP	2026-10-07T13:12:46.9306789Z         {
CD / Build image	UNKNOWN STEP	2026-10-07T13:12:46.9306974Z           "all": true,
CD / Build image	UNKNOWN STEP	2026-10-07T13:12:46.9307157Z           "reservedSpace": "9.313GiB",
CD / Build image	UNKNOWN STEP	2026-10-07T13:12:46.9307382Z           "maxUsedSpace": "93.13GiB",
CD / Build image	UNKNOWN STEP	2026-10-07T13:12:46.9307612Z           "minFreeSpace": "27.01GiB"
CD / Build image	UNKNOWN STEP	2026-10-07T13:12:46.9307821Z         }
CD / Build image	UNKNOWN STEP	2026-10-07T13:12:46.9307974Z       ]
CD / Build image	UNKNOWN STEP	2026-10-07T13:12:46.9308123Z     }
CD / Build image	UNKNOWN STEP	2026-10-07T13:12:46.9308265Z   ],
CD / Build image	UNKNOWN STEP	2026-10-07T13:12:46.9308479Z   "name": "builder-77825b5f-76c2-4376-91f1-5baae39712b4",
CD / Build image	UNKNOWN STEP	2026-10-07T13:12:46.9308796Z   "driver": "docker-container",
CD / Build image	UNKNOWN STEP	2026-10-07T13:12:46.9309028Z   "lastActivity": "2026-10-07T13:12:36.000Z"
CD / Build image	UNKNOWN STEP	2026-10-07T13:12:46.9309279Z }
CD / Build image	UNKNOWN STEP	2026-10-07T13:12:46.9309898Z ##[endgroup]
CD / Build image	UNKNOWN STEP	2026-10-07T13:12:47.0319197Z [command]/usr/bin/docker buildx build --build-arg APP_VERSION=1.0.4+ff4c890 --build-arg GIT_COMMIT=ff4c890fc6cd98e07b5123736952414018cc66df --file package/Dockerfile --iidfile /home/runner/work/_temp/docker-actions-toolkit-s30UxT/build-iidfile-08304c5786.txt --tag yatri-fare-api:1.0.4-ff4c890 --load --metadata-file /home/runner/work/_temp/docker-actions-toolkit-s30UxT/build-metadata-603a6f025b.json package
CD / Build image	UNKNOWN STEP	2026-10-07T13:12:47.3620363Z #0 building with "builder-77825b5f-76c2-4376-91f1-5baae39712b4" instance using docker-container driver
CD / Build image	UNKNOWN STEP	2026-10-07T13:12:47.3620658Z 
CD / Build image	UNKNOWN STEP	2026-10-07T13:12:47.3620750Z #1 [internal] load build definition from Dockerfile
CD / Build image	UNKNOWN STEP	2026-10-07T13:12:47.3620933Z #1 transferring dockerfile: 994B 0.0s done
CD / Build image	UNKNOWN STEP	2026-10-07T13:12:47.3621077Z #1 DONE 0.0s
CD / Build image	UNKNOWN STEP	2026-10-07T13:12:47.3621139Z 
CD / Build image	UNKNOWN STEP	2026-10-07T13:12:47.3621249Z #2 [auth] library/python:pull token for registry-1.docker.io
CD / Build image	UNKNOWN STEP	2026-10-07T13:12:47.5121639Z #2 DONE 0.0s
CD / Build image	UNKNOWN STEP	2026-10-07T13:12:47.5121816Z 
CD / Build image	UNKNOWN STEP	2026-10-07T13:12:47.5121951Z #3 [internal] load metadata for docker.io/library/python:3.12-slim
CD / Build image	UNKNOWN STEP	2026-10-07T13:12:47.9777767Z #3 DONE 0.8s
CD / Build image	UNKNOWN STEP	2026-10-07T13:12:48.1622668Z 
CD / Build image	UNKNOWN STEP	2026-10-07T13:12:48.1623167Z #4 [internal] load .dockerignore
CD / Build image	UNKNOWN STEP	2026-10-07T13:12:48.1623433Z #4 transferring context: 2B done
CD / Build image	UNKNOWN STEP	2026-10-07T13:12:48.1623622Z #4 DONE 0.0s
CD / Build image	UNKNOWN STEP	2026-10-07T13:12:48.1623718Z 
CD / Build image	UNKNOWN STEP	2026-10-07T13:12:48.1623792Z #5 [internal] load build context
CD / Build image	UNKNOWN STEP	2026-10-07T13:12:48.1624001Z #5 transferring context: 3.20kB done
CD / Build image	UNKNOWN STEP	2026-10-07T13:12:48.1624145Z #5 DONE 0.0s
CD / Build image	UNKNOWN STEP	2026-10-07T13:12:48.1624209Z 
CD / Build image	UNKNOWN STEP	2026-10-07T13:12:48.1625019Z #6 [builder 1/4] FROM docker.io/library/python:3.12-slim@sha256:05cda9777409a9c3ffddd94a4c476b79f0769a0b4857f0c7ed9226b6800b0d6f
CD / Build image	UNKNOWN STEP	2026-10-07T13:12:48.1625646Z #6 resolve docker.io/library/python:3.12-slim@sha256:05cda9777409a9c3ffddd94a4c476b79f0769a0b4857f0c7ed9226b6800b0d6f done
CD / Build image	UNKNOWN STEP	2026-10-07T13:12:48.1626195Z #6 sha256:bbc5a12237474ec0b23b5051260d56d6436a24d70d9cad961adebe7a037ed813 249B / 249B 0.0s done
CD / Build image	UNKNOWN STEP	2026-10-07T13:12:48.1626696Z #6 sha256:6912e23eb44595b44dc6d9882b34f305ad6f6e9667cec70b13e5dbc4f8cd97f4 1.05MB / 12.12MB 0.2s
CD / Build image	UNKNOWN STEP	2026-10-07T13:12:48.2876565Z #6 sha256:75b6a36c64a1cf3520fc4b4aae4739d5caa8a6a05c27835a920a61784c9c32f8 1.29MB / 1.29MB 0.3s done
CD / Build image	UNKNOWN STEP	2026-10-07T13:12:48.2877180Z #6 sha256:ecc510c1e359bdc007b39802570bb7e4dec7d6ebccf357c3201a74299113e05e 0B / 29.84MB 0.2s
CD / Build image	UNKNOWN STEP	2026-10-07T13:12:48.4653805Z #6 sha256:6912e23eb44595b44dc6d9882b34f305ad6f6e9667cec70b13e5dbc4f8cd97f4 12.12MB / 12.12MB 0.3s done
CD / Build image	UNKNOWN STEP	2026-10-07T13:12:48.4654316Z #6 sha256:ecc510c1e359bdc007b39802570bb7e4dec7d6ebccf357c3201a74299113e05e 23.07MB / 29.84MB 0.3s
CD / Build image	UNKNOWN STEP	2026-10-07T13:12:48.4654771Z #6 sha256:ecc510c1e359bdc007b39802570bb7e4dec7d6ebccf357c3201a74299113e05e 29.84MB / 29.84MB 0.5s
CD / Build image	UNKNOWN STEP	2026-10-07T13:12:48.6451455Z #6 sha256:ecc510c1e359bdc007b39802570bb7e4dec7d6ebccf357c3201a74299113e05e 29.84MB / 29.84MB 0.5s done
CD / Build image	UNKNOWN STEP	2026-10-07T13:12:48.6452007Z #6 extracting sha256:ecc510c1e359bdc007b39802570bb7e4dec7d6ebccf357c3201a74299113e05e
CD / Build image	UNKNOWN STEP	2026-10-07T13:12:48.9147391Z #6 extracting sha256:ecc510c1e359bdc007b39802570bb7e4dec7d6ebccf357c3201a74299113e05e 0.4s done
CD / Build image	UNKNOWN STEP	2026-10-07T13:12:48.9147863Z #6 DONE 0.9s
CD / Build image	UNKNOWN STEP	2026-10-07T13:12:49.1122923Z 
CD / Build image	UNKNOWN STEP	2026-10-07T13:12:49.1123588Z #6 [builder 1/4] FROM docker.io/library/python:3.12-slim@sha256:05cda9777409a9c3ffddd94a4c476b79f0769a0b4857f0c7ed9226b6800b0d6f
CD / Build image	UNKNOWN STEP	2026-10-07T13:12:49.1124119Z #6 extracting sha256:75b6a36c64a1cf3520fc4b4aae4739d5caa8a6a05c27835a920a61784c9c32f8 0.0s done
CD / Build image	UNKNOWN STEP	2026-10-07T13:12:49.1124446Z #6 extracting sha256:6912e23eb44595b44dc6d9882b34f305ad6f6e9667cec70b13e5dbc4f8cd97f4
CD / Build image	UNKNOWN STEP	2026-10-07T13:12:49.1905839Z #6 extracting sha256:6912e23eb44595b44dc6d9882b34f305ad6f6e9667cec70b13e5dbc4f8cd97f4 0.2s done
CD / Build image	UNKNOWN STEP	2026-10-07T13:12:49.1906167Z #6 DONE 1.2s
CD / Build image	UNKNOWN STEP	2026-10-07T13:12:49.3449494Z 
CD / Build image	UNKNOWN STEP	2026-10-07T13:12:49.3450388Z #6 [builder 1/4] FROM docker.io/library/python:3.12-slim@sha256:05cda9777409a9c3ffddd94a4c476b79f0769a0b4857f0c7ed9226b6800b0d6f
CD / Build image	UNKNOWN STEP	2026-10-07T13:12:49.3450857Z #6 extracting sha256:bbc5a12237474ec0b23b5051260d56d6436a24d70d9cad961adebe7a037ed813 done
CD / Build image	UNKNOWN STEP	2026-10-07T13:12:49.3451092Z #6 DONE 1.2s
CD / Build image	UNKNOWN STEP	2026-10-07T13:12:49.3451158Z 
CD / Build image	UNKNOWN STEP	2026-10-07T13:12:49.3451217Z #7 [builder 2/4] WORKDIR /wheels
CD / Build image	UNKNOWN STEP	2026-10-07T13:12:49.9976714Z #7 ...
CD / Build image	UNKNOWN STEP	2026-10-07T13:12:49.9977117Z 
CD / Build image	UNKNOWN STEP	2026-10-07T13:12:49.9977326Z #8 [runtime 2/6] WORKDIR /srv
CD / Build image	UNKNOWN STEP	2026-10-07T13:12:49.9977545Z #8 DONE 0.8s
CD / Build image	UNKNOWN STEP	2026-10-07T13:12:50.1692168Z 
CD / Build image	UNKNOWN STEP	2026-10-07T13:12:50.1692638Z #7 [builder 2/4] WORKDIR /wheels
CD / Build image	UNKNOWN STEP	2026-10-07T13:12:50.1692925Z #7 DONE 0.8s
CD / Build image	UNKNOWN STEP	2026-10-07T13:12:50.1693021Z 
CD / Build image	UNKNOWN STEP	2026-10-07T13:12:50.1693117Z #9 [builder 3/4] COPY requirements.txt .
CD / Build image	UNKNOWN STEP	2026-10-07T13:12:50.1693374Z #9 DONE 0.0s
CD / Build image	UNKNOWN STEP	2026-10-07T13:12:50.1693470Z 
CD / Build image	UNKNOWN STEP	2026-10-07T13:12:50.1693693Z #10 [builder 4/4] RUN pip wheel --no-cache-dir --wheel-dir /wheels -r requirements.txt
CD / Build image	UNKNOWN STEP	2026-10-07T13:12:50.9817386Z #10 0.963 Collecting Flask<4.0.0,>=3.0.0 (from -r requirements.txt (line 1))
CD / Build image	UNKNOWN STEP	2026-10-07T13:12:51.0908452Z #10 1.008   Downloading flask-3.1.3-py3-none-any.whl.metadata (3.2 kB)
CD / Build image	UNKNOWN STEP	2026-10-07T13:12:51.0908956Z #10 1.032 Collecting gunicorn<24.0.0,>=22.0.0 (from -r requirements.txt (line 2))
CD / Build image	UNKNOWN STEP	2026-10-07T13:12:51.0909444Z #10 1.044   Downloading gunicorn-23.0.0-py3-none-any.whl.metadata (4.4 kB)
CD / Build image	UNKNOWN STEP	2026-10-07T13:12:51.0910654Z #10 1.061 Collecting blinker>=1.9.0 (from Flask<4.0.0,>=3.0.0->-r requirements.txt (line 1))
CD / Build image	UNKNOWN STEP	2026-10-07T13:12:51.0911108Z #10 1.072   Downloading blinker-1.9.0-py3-none-any.whl.metadata (1.6 kB)
CD / Build image	UNKNOWN STEP	2026-10-07T13:12:51.2315690Z #10 1.093 Collecting click>=8.1.3 (from Flask<4.0.0,>=3.0.0->-r requirements.txt (line 1))
CD / Build image	UNKNOWN STEP	2026-10-07T13:12:51.2316297Z #10 1.105   Downloading click-8.5.0-py3-none-any.whl.metadata (2.6 kB)
CD / Build image	UNKNOWN STEP	2026-10-07T13:12:51.2317251Z #10 1.120 Collecting itsdangerous>=2.2.0 (from Flask<4.0.0,>=3.0.0->-r requirements.txt (line 1))
CD / Build image	UNKNOWN STEP	2026-10-07T13:12:51.2317964Z #10 1.131   Downloading itsdangerous-2.2.0-py3-none-any.whl.metadata (1.9 kB)
CD / Build image	UNKNOWN STEP	2026-10-07T13:12:51.2318323Z #10 1.150 Collecting jinja2>=3.1.2 (from Flask<4.0.0,>=3.0.0->-r requirements.txt (line 1))
CD / Build image	UNKNOWN STEP	2026-10-07T13:12:51.2318694Z #10 1.162   Downloading jinja2-3.1.6-py3-none-any.whl.metadata (2.9 kB)
CD / Build image	UNKNOWN STEP	2026-10-07T13:12:51.2319109Z #10 1.213 Collecting markupsafe>=2.1.1 (from Flask<4.0.0,>=3.0.0->-r requirements.txt (line 1))
CD / Build image	UNKNOWN STEP	2026-10-07T13:12:51.3483735Z #10 1.225   Downloading markupsafe-3.0.4-cp312-cp312-manylinux2014_x86_64.manylinux_2_17_x86_64.manylinux_2_28_x86_64.whl.metadata (2.7 kB)
CD / Build image	UNKNOWN STEP	2026-10-07T13:12:51.3484374Z #10 1.246 Collecting werkzeug>=3.1.0 (from Flask<4.0.0,>=3.0.0->-r requirements.txt (line 1))
CD / Build image	UNKNOWN STEP	2026-10-07T13:12:51.3484664Z #10 1.259   Downloading werkzeug-3.1.9-py3-none-any.whl.metadata (4.1 kB)
CD / Build image	UNKNOWN STEP	2026-10-07T13:12:51.3484956Z #10 1.277 Collecting packaging (from gunicorn<24.0.0,>=22.0.0->-r requirements.txt (line 2))
CD / Build image	UNKNOWN STEP	2026-10-07T13:12:51.3485286Z #10 1.289   Downloading packaging-26.3-py3-none-any.whl.metadata (3.5 kB)
CD / Build image	UNKNOWN STEP	2026-10-07T13:12:51.3485523Z #10 1.304 Downloading flask-3.1.3-py3-none-any.whl (103 kB)
CD / Build image	UNKNOWN STEP	2026-10-07T13:12:51.3485738Z #10 1.330 Downloading gunicorn-23.0.0-py3-none-any.whl (85 kB)
CD / Build image	UNKNOWN STEP	2026-10-07T13:12:51.5327900Z #10 1.344 Downloading blinker-1.9.0-py3-none-any.whl (8.5 kB)
CD / Build image	UNKNOWN STEP	2026-10-07T13:12:51.5328192Z #10 1.355 Downloading click-8.5.0-py3-none-any.whl (125 kB)
CD / Build image	UNKNOWN STEP	2026-10-07T13:12:51.5328445Z #10 1.369 Downloading itsdangerous-2.2.0-py3-none-any.whl (16 kB)
CD / Build image	UNKNOWN STEP	2026-10-07T13:12:51.5328738Z #10 1.380 Downloading jinja2-3.1.6-py3-none-any.whl (134 kB)
CD / Build image	UNKNOWN STEP	2026-10-07T13:12:51.5329074Z #10 1.393 Downloading markupsafe-3.0.4-cp312-cp312-manylinux2014_x86_64.manylinux_2_17_x86_64.manylinux_2_28_x86_64.whl (22 kB)
CD / Build image	UNKNOWN STEP	2026-10-07T13:12:51.5329483Z #10 1.404 Downloading werkzeug-3.1.9-py3-none-any.whl (228 kB)
CD / Build image	UNKNOWN STEP	2026-10-07T13:12:51.5329824Z #10 1.419 Downloading packaging-26.3-py3-none-any.whl (129 kB)
CD / Build image	UNKNOWN STEP	2026-10-07T13:12:51.5330088Z #10 1.426 Saved ./flask-3.1.3-py3-none-any.whl
CD / Build image	UNKNOWN STEP	2026-10-07T13:12:51.5330323Z #10 1.427 Saved ./gunicorn-23.0.0-py3-none-any.whl
CD / Build image	UNKNOWN STEP	2026-10-07T13:12:51.5330500Z #10 1.427 Saved ./blinker-1.9.0-py3-none-any.whl
CD / Build image	UNKNOWN STEP	2026-10-07T13:12:51.5330670Z #10 1.427 Saved ./click-8.5.0-py3-none-any.whl
CD / Build image	UNKNOWN STEP	2026-10-07T13:12:51.5330870Z #10 1.427 Saved ./itsdangerous-2.2.0-py3-none-any.whl
CD / Build image	UNKNOWN STEP	2026-10-07T13:12:51.5331106Z #10 1.427 Saved ./jinja2-3.1.6-py3-none-any.whl
CD / Build image	UNKNOWN STEP	2026-10-07T13:12:51.5331389Z #10 1.427 Saved ./markupsafe-3.0.4-cp312-cp312-manylinux2014_x86_64.manylinux_2_17_x86_64.manylinux_2_28_x86_64.whl
CD / Build image	UNKNOWN STEP	2026-10-07T13:12:51.5331721Z #10 1.428 Saved ./werkzeug-3.1.9-py3-none-any.whl
CD / Build image	UNKNOWN STEP	2026-10-07T13:12:51.5331933Z #10 1.428 Saved ./packaging-26.3-py3-none-any.whl
CD / Build image	UNKNOWN STEP	2026-10-07T13:12:51.5332083Z #10 1.514 
CD / Build image	UNKNOWN STEP	2026-10-07T13:12:51.5332246Z #10 1.514 [notice] A new release of pip is available: 25.0.1 -> 26.2.1
CD / Build image	UNKNOWN STEP	2026-10-07T13:12:51.5332526Z #10 1.514 [notice] To update, run: pip install --upgrade pip
CD / Build image	UNKNOWN STEP	2026-10-07T13:12:51.6368088Z #10 DONE 1.6s
CD / Build image	UNKNOWN STEP	2026-10-07T13:12:51.8756024Z 
CD / Build image	UNKNOWN STEP	2026-10-07T13:12:51.8756628Z #11 [runtime 3/6] COPY --from=builder /wheels /wheels
CD / Build image	UNKNOWN STEP	2026-10-07T13:12:51.8756980Z #11 DONE 0.0s
CD / Build image	UNKNOWN STEP	2026-10-07T13:12:51.8757097Z 
CD / Build image	UNKNOWN STEP	2026-10-07T13:12:51.8757200Z #12 [runtime 4/6] COPY requirements.txt .
CD / Build image	UNKNOWN STEP	2026-10-07T13:12:51.8757445Z #12 DONE 0.0s
CD / Build image	UNKNOWN STEP	2026-10-07T13:12:51.8757551Z 
CD / Build image	UNKNOWN STEP	2026-10-07T13:12:51.8757998Z #13 [runtime 5/6] RUN pip install --no-cache-dir --no-index --find-links=/wheels -r requirements.txt     && rm -rf /wheels     && useradd --create-home --uid 10001 yatri
CD / Build image	UNKNOWN STEP	2026-10-07T13:12:52.5128037Z #13 0.787 Looking in links: /wheels
CD / Build image	UNKNOWN STEP	2026-10-07T13:12:52.6892833Z #13 0.792 Processing /wheels/flask-3.1.3-py3-none-any.whl (from -r requirements.txt (line 1))
CD / Build image	UNKNOWN STEP	2026-10-07T13:12:52.6893454Z #13 0.795 Processing /wheels/gunicorn-23.0.0-py3-none-any.whl (from -r requirements.txt (line 2))
CD / Build image	UNKNOWN STEP	2026-10-07T13:12:52.6894111Z #13 0.798 Processing /wheels/blinker-1.9.0-py3-none-any.whl (from Flask<4.0.0,>=3.0.0->-r requirements.txt (line 1))
CD / Build image	UNKNOWN STEP	2026-10-07T13:12:52.6895377Z #13 0.799 Processing /wheels/click-8.5.0-py3-none-any.whl (from Flask<4.0.0,>=3.0.0->-r requirements.txt (line 1))
CD / Build image	UNKNOWN STEP	2026-10-07T13:12:52.6896057Z #13 0.800 Processing /wheels/itsdangerous-2.2.0-py3-none-any.whl (from Flask<4.0.0,>=3.0.0->-r requirements.txt (line 1))
CD / Build image	UNKNOWN STEP	2026-10-07T13:12:52.6896729Z #13 0.801 Processing /wheels/jinja2-3.1.6-py3-none-any.whl (from Flask<4.0.0,>=3.0.0->-r requirements.txt (line 1))
CD / Build image	UNKNOWN STEP	2026-10-07T13:12:52.6897590Z #13 0.802 Processing /wheels/markupsafe-3.0.4-cp312-cp312-manylinux2014_x86_64.manylinux_2_17_x86_64.manylinux_2_28_x86_64.whl (from Flask<4.0.0,>=3.0.0->-r requirements.txt (line 1))
CD / Build image	UNKNOWN STEP	2026-10-07T13:12:52.6898422Z #13 0.803 Processing /wheels/werkzeug-3.1.9-py3-none-any.whl (from Flask<4.0.0,>=3.0.0->-r requirements.txt (line 1))
CD / Build image	UNKNOWN STEP	2026-10-07T13:12:52.6899070Z #13 0.805 Processing /wheels/packaging-26.3-py3-none-any.whl (from gunicorn<24.0.0,>=22.0.0->-r requirements.txt (line 2))
CD / Build image	UNKNOWN STEP	2026-10-07T13:12:52.6899963Z #13 0.814 Installing collected packages: packaging, markupsafe, itsdangerous, click, blinker, werkzeug, jinja2, gunicorn, Flask
CD / Build image	UNKNOWN STEP	2026-10-07T13:12:52.8261046Z #13 1.101 Successfully installed Flask-3.1.3 blinker-1.9.0 click-8.5.0 gunicorn-23.0.0 itsdangerous-2.2.0 jinja2-3.1.6 markupsafe-3.0.4 packaging-26.3 werkzeug-3.1.9
CD / Build image	UNKNOWN STEP	2026-10-07T13:12:52.9270337Z #13 1.101 WARNING: Running pip as the 'root' user can result in broken permissions and conflicting behaviour with the system package manager, possibly rendering your system unusable. It is recommended to use a virtual environment instead: https://pip.pypa.io/warnings/venv. Use the --root-user-action option if you know what you are doing and want to suppress this warning.
CD / Build image	UNKNOWN STEP	2026-10-07T13:12:52.9271109Z #13 DONE 1.2s
CD / Build image	UNKNOWN STEP	2026-10-07T13:12:52.9271178Z 
CD / Build image	UNKNOWN STEP	2026-10-07T13:12:52.9271270Z #14 [runtime 6/6] COPY app ./app
CD / Build image	UNKNOWN STEP	2026-10-07T13:12:52.9271465Z #14 DONE 0.0s
CD / Build image	UNKNOWN STEP	2026-10-07T13:12:52.9271531Z 
CD / Build image	UNKNOWN STEP	2026-10-07T13:12:52.9271589Z #15 exporting to docker image format
CD / Build image	UNKNOWN STEP	2026-10-07T13:12:53.0777035Z #15 exporting layers
CD / Build image	UNKNOWN STEP	2026-10-07T13:12:53.1185215Z #15 exporting layers 0.2s done
CD / Build image	UNKNOWN STEP	2026-10-07T13:12:53.2688660Z #15 exporting manifest sha256:2e8aeb7d8ad3c3e8fd3d9ec1904f3925eb99ba51c8c0c2823f0a9345566e311b done
CD / Build image	UNKNOWN STEP	2026-10-07T13:12:53.2689351Z #15 exporting config sha256:4b97f94ff6b0114e1bd489e6bd39781e39f19914e951709c696c40add2cc5e54 0.0s done
CD / Build image	UNKNOWN STEP	2026-10-07T13:12:53.2690320Z #15 sending tarball
CD / Build image	UNKNOWN STEP	2026-10-07T13:12:55.4638382Z #15 sending tarball 2.3s done
CD / Build image	UNKNOWN STEP	2026-10-07T13:12:55.4638676Z #15 DONE 2.5s
CD / Build image	UNKNOWN STEP	2026-10-07T13:12:55.4638778Z 
CD / Build image	UNKNOWN STEP	2026-10-07T13:12:55.4638863Z #16 importing to docker
CD / Build image	UNKNOWN STEP	2026-10-07T13:12:55.4639095Z #16 loading layer 15f1c8eb1ab1 29.84MB / 29.84MB 2.2s done
CD / Build image	UNKNOWN STEP	2026-10-07T13:12:55.4639397Z #16 loading layer e1fa2746ad6d 1.29MB / 1.29MB 1.6s done
CD / Build image	UNKNOWN STEP	2026-10-07T13:12:55.4639829Z #16 loading layer b361fa3b9794 12.12MB / 12.12MB 0.8s done
CD / Build image	UNKNOWN STEP	2026-10-07T13:12:55.4640137Z #16 loading layer dca2a125b490 249B / 249B 0.2s done
CD / Build image	UNKNOWN STEP	2026-10-07T13:12:55.4640396Z #16 loading layer 5f70bf18a086 32B / 32B 0.2s done
CD / Build image	UNKNOWN STEP	2026-10-07T13:12:55.4640668Z #16 loading layer e11a28097ef5 839.16kB / 839.16kB 0.1s done
CD / Build image	UNKNOWN STEP	2026-10-07T13:12:55.4640982Z #16 loading layer 06c781cee9ec 180B / 180B 0.1s done
CD / Build image	UNKNOWN STEP	2026-10-07T13:12:55.4641262Z #16 loading layer 6524d95b1eea 2.15MB / 2.15MB 0.1s done
CD / Build image	UNKNOWN STEP	2026-10-07T13:12:55.4641451Z #16 loading layer 1c783d8d05d4 1.36kB / 1.36kB 0.0s done
CD / Build image	UNKNOWN STEP	2026-10-07T13:12:55.4641603Z #16 DONE 2.2s
CD / Build image	UNKNOWN STEP	2026-10-07T13:12:55.4641667Z 
CD / Build image	UNKNOWN STEP	2026-10-07T13:12:55.4641731Z #17 resolving provenance for metadata file
CD / Build image	UNKNOWN STEP	2026-10-07T13:12:55.4641875Z #17 DONE 0.0s
CD / Build image	UNKNOWN STEP	2026-10-07T13:12:55.4695140Z ##[group]ImageID
CD / Build image	UNKNOWN STEP	2026-10-07T13:12:55.4695477Z sha256:4b97f94ff6b0114e1bd489e6bd39781e39f19914e951709c696c40add2cc5e54
CD / Build image	UNKNOWN STEP	2026-10-07T13:12:55.4695960Z ##[endgroup]
CD / Build image	UNKNOWN STEP	2026-10-07T13:12:55.4696242Z ##[group]Digest
CD / Build image	UNKNOWN STEP	2026-10-07T13:12:55.4696591Z sha256:2e8aeb7d8ad3c3e8fd3d9ec1904f3925eb99ba51c8c0c2823f0a9345566e311b
CD / Build image	UNKNOWN STEP	2026-10-07T13:12:55.4697128Z ##[endgroup]
CD / Build image	UNKNOWN STEP	2026-10-07T13:12:55.4697447Z ##[group]Metadata
CD / Build image	UNKNOWN STEP	2026-10-07T13:12:55.4697711Z {
CD / Build image	UNKNOWN STEP	2026-10-07T13:12:55.4697885Z   "buildx.build.provenance": {
CD / Build image	UNKNOWN STEP	2026-10-07T13:12:55.4698316Z     "builder": {
CD / Build image	UNKNOWN STEP	2026-10-07T13:12:55.4698478Z       "id": ""
CD / Build image	UNKNOWN STEP	2026-10-07T13:12:55.4698644Z     },
CD / Build image	UNKNOWN STEP	2026-10-07T13:12:55.4699025Z     "buildType": "https://mobyproject.org/buildkit@v1",
CD / Build image	UNKNOWN STEP	2026-10-07T13:12:55.4699285Z     "materials": [
CD / Build image	UNKNOWN STEP	2026-10-07T13:12:55.4699452Z       {
CD / Build image	UNKNOWN STEP	2026-10-07T13:12:55.4699984Z         "uri": "pkg:docker/python@3.12-slim?platform=linux%2Famd64",
CD / Build image	UNKNOWN STEP	2026-10-07T13:12:55.4700342Z         "digest": {
CD / Build image	UNKNOWN STEP	2026-10-07T13:12:55.4700658Z           "sha256": "05cda9777409a9c3ffddd94a4c476b79f0769a0b4857f0c7ed9226b6800b0d6f"
CD / Build image	UNKNOWN STEP	2026-10-07T13:12:55.4701005Z         }
CD / Build image	UNKNOWN STEP	2026-10-07T13:12:55.4701150Z       }
CD / Build image	UNKNOWN STEP	2026-10-07T13:12:55.4701293Z     ],
CD / Build image	UNKNOWN STEP	2026-10-07T13:12:55.4701447Z     "invocation": {
CD / Build image	UNKNOWN STEP	2026-10-07T13:12:55.4701640Z       "configSource": {
CD / Build image	UNKNOWN STEP	2026-10-07T13:12:55.4701831Z         "entryPoint": "Dockerfile"
CD / Build image	UNKNOWN STEP	2026-10-07T13:12:55.4702047Z       },
CD / Build image	UNKNOWN STEP	2026-10-07T13:12:55.4702203Z       "parameters": {
CD / Build image	UNKNOWN STEP	2026-10-07T13:12:55.4702390Z         "frontend": "dockerfile.v0",
CD / Build image	UNKNOWN STEP	2026-10-07T13:12:55.4702603Z         "args": {
CD / Build image	UNKNOWN STEP	2026-10-07T13:12:55.4702808Z           "build-arg:APP_VERSION": "1.0.4+ff4c890",
CD / Build image	UNKNOWN STEP	2026-10-07T13:12:55.4703136Z           "build-arg:GIT_COMMIT": "ff4c890fc6cd98e07b5123736952414018cc66df"
CD / Build image	UNKNOWN STEP	2026-10-07T13:12:55.4703420Z         },
CD / Build image	UNKNOWN STEP	2026-10-07T13:12:55.4703572Z         "locals": [
CD / Build image	UNKNOWN STEP	2026-10-07T13:12:55.4703733Z           {
CD / Build image	UNKNOWN STEP	2026-10-07T13:12:55.4703921Z             "name": "context"
CD / Build image	UNKNOWN STEP	2026-10-07T13:12:55.4704106Z           },
CD / Build image	UNKNOWN STEP	2026-10-07T13:12:55.4704256Z           {
CD / Build image	UNKNOWN STEP	2026-10-07T13:12:55.4704416Z             "name": "dockerfile"
CD / Build image	UNKNOWN STEP	2026-10-07T13:12:55.4704611Z           }
CD / Build image	UNKNOWN STEP	2026-10-07T13:12:55.4704753Z         ],
CD / Build image	UNKNOWN STEP	2026-10-07T13:12:55.4704896Z         "root": {
CD / Build image	UNKNOWN STEP	2026-10-07T13:12:55.4705080Z           "configSource": {
CD / Build image	UNKNOWN STEP	2026-10-07T13:12:55.4705264Z             "path": "Dockerfile"
CD / Build image	UNKNOWN STEP	2026-10-07T13:12:55.4705446Z           },
CD / Build image	UNKNOWN STEP	2026-10-07T13:12:55.4705596Z           "request": {
CD / Build image	UNKNOWN STEP	2026-10-07T13:12:55.4705779Z             "args": {
CD / Build image	UNKNOWN STEP	2026-10-07T13:12:55.4705968Z               "build-arg:APP_VERSION": "1.0.4+ff4c890",
CD / Build image	UNKNOWN STEP	2026-10-07T13:12:55.4706283Z               "build-arg:GIT_COMMIT": "ff4c890fc6cd98e07b5123736952414018cc66df"
CD / Build image	UNKNOWN STEP	2026-10-07T13:12:55.4706576Z             }
CD / Build image	UNKNOWN STEP	2026-10-07T13:12:55.4706752Z           }
CD / Build image	UNKNOWN STEP	2026-10-07T13:12:55.4706898Z         },
CD / Build image	UNKNOWN STEP	2026-10-07T13:12:55.4707070Z         "compatibilityVersion": 30
CD / Build image	UNKNOWN STEP	2026-10-07T13:12:55.4707279Z       },
CD / Build image	UNKNOWN STEP	2026-10-07T13:12:55.4707429Z       "environment": {
CD / Build image	UNKNOWN STEP	2026-10-07T13:12:55.4707618Z         "dockerfileVersion": "1.27.0",
CD / Build image	UNKNOWN STEP	2026-10-07T13:12:55.4707833Z         "github_actor": "AmanYadav7015",
CD / Build image	UNKNOWN STEP	2026-10-07T13:12:55.4708057Z         "github_actor_id": "177647392",
CD / Build image	UNKNOWN STEP	2026-10-07T13:12:55.4708285Z         "github_event_name": "workflow_dispatch",
CD / Build image	UNKNOWN STEP	2026-10-07T13:12:55.4708517Z         "github_event_payload": {
CD / Build image	UNKNOWN STEP	2026-10-07T13:12:55.4708762Z           "inputs": {
CD / Build image	UNKNOWN STEP	2026-10-07T13:12:55.4708950Z             "deploy_environment": "production",
CD / Build image	UNKNOWN STEP	2026-10-07T13:12:55.4709177Z             "skip_deploy": "false"
CD / Build image	UNKNOWN STEP	2026-10-07T13:12:55.4709366Z           },
CD / Build image	UNKNOWN STEP	2026-10-07T13:12:55.4709535Z           "ref": "refs/heads/session-16-ci",
CD / Build image	UNKNOWN STEP	2026-10-07T13:12:55.4710033Z           "repository": {
CD / Build image	UNKNOWN STEP	2026-10-07T13:12:55.4710228Z             "allow_forking": true,
CD / Build image	UNKNOWN STEP	2026-10-07T13:12:55.4710596Z             "archive_url": "https://api.github.com/repos/AmanYadav7015/devops-coursework/{archive_format}{/ref}",
CD / Build image	UNKNOWN STEP	2026-10-07T13:12:55.4710995Z             "archived": false,
CD / Build image	UNKNOWN STEP	2026-10-07T13:12:55.4711344Z             "assignees_url": "https://api.github.com/repos/AmanYadav7015/devops-coursework/assignees{/user}",
CD / Build image	UNKNOWN STEP	2026-10-07T13:12:55.4711876Z             "blobs_url": "https://api.github.com/repos/AmanYadav7015/devops-coursework/git/blobs{/sha}",
CD / Build image	UNKNOWN STEP	2026-10-07T13:12:55.4712407Z             "branches_url": "https://api.github.com/repos/AmanYadav7015/devops-coursework/branches{/branch}",
CD / Build image	UNKNOWN STEP	2026-10-07T13:12:55.4712889Z             "clone_url": "https://github.com/AmanYadav7015/devops-coursework.git",
CD / Build image	UNKNOWN STEP	2026-10-07T13:12:55.4713412Z             "collaborators_url": "https://api.github.com/repos/AmanYadav7015/devops-coursework/collaborators{/collaborator}",
CD / Build image	UNKNOWN STEP	2026-10-07T13:12:55.4714181Z             "comments_url": "https://api.github.com/repos/AmanYadav7015/devops-coursework/comments{/number}",
CD / Build image	UNKNOWN STEP	2026-10-07T13:12:55.4714788Z             "commits_url": "https://api.github.com/repos/AmanYadav7015/devops-coursework/commits{/sha}",
CD / Build image	UNKNOWN STEP	2026-10-07T13:12:55.4715349Z             "compare_url": "https://api.github.com/repos/AmanYadav7015/devops-coursework/compare/{base}...{head}",
CD / Build image	UNKNOWN STEP	2026-10-07T13:12:55.4715927Z             "contents_url": "https://api.github.com/repos/AmanYadav7015/devops-coursework/contents/{+path}",
CD / Build image	UNKNOWN STEP	2026-10-07T13:12:55.4716457Z             "contributors_url": "https://api.github.com/repos/AmanYadav7015/devops-coursework/contributors",
CD / Build image	UNKNOWN STEP	2026-10-07T13:12:55.4716843Z             "created_at": "2026-09-02T18:16:08Z",
CD / Build image	UNKNOWN STEP	2026-10-07T13:12:55.4717078Z             "default_branch": "main",
CD / Build image	UNKNOWN STEP	2026-10-07T13:12:55.4717503Z             "deployments_url": "https://api.github.com/repos/AmanYadav7015/devops-coursework/deployments",
CD / Build image	UNKNOWN STEP	2026-10-07T13:12:55.4718691Z             "description": "DevOps coursework — Linux, shell scripting, networking, Git, and Docker. Every command actually executed, with verbatim transcripts and screenshots.",
CD / Build image	UNKNOWN STEP	2026-10-07T13:12:55.4719303Z             "disabled": false,
CD / Build image	UNKNOWN STEP	2026-10-07T13:12:55.4719661Z             "downloads_url": "https://api.github.com/repos/AmanYadav7015/devops-coursework/downloads",
CD / Build image	UNKNOWN STEP	2026-10-07T13:12:55.4720544Z             "events_url": "https://api.github.com/repos/AmanYadav7015/devops-coursework/events",
CD / Build image	UNKNOWN STEP	2026-10-07T13:12:55.4720899Z             "fork": false,
CD / Build image	UNKNOWN STEP	2026-10-07T13:12:55.4721092Z             "forks": 0,
CD / Build image	UNKNOWN STEP	2026-10-07T13:12:55.4721273Z             "forks_count": 0,
CD / Build image	UNKNOWN STEP	2026-10-07T13:12:55.4721595Z             "forks_url": "https://api.github.com/repos/AmanYadav7015/devops-coursework/forks",
CD / Build image	UNKNOWN STEP	2026-10-07T13:12:55.4722009Z             "full_name": "AmanYadav7015/devops-coursework",
CD / Build image	UNKNOWN STEP	2026-10-07T13:12:55.4722463Z             "git_commits_url": "https://api.github.com/repos/AmanYadav7015/devops-coursework/git/commits{/sha}",
CD / Build image	UNKNOWN STEP	2026-10-07T13:12:55.4723034Z             "git_refs_url": "https://api.github.com/repos/AmanYadav7015/devops-coursework/git/refs{/sha}",
CD / Build image	UNKNOWN STEP	2026-10-07T13:12:55.4723524Z             "git_tags_url": "https://api.github.com/repos/AmanYadav7015/devops-coursework/git/tags{/sha}",
CD / Build image	UNKNOWN STEP	2026-10-07T13:12:55.4723935Z             "git_url": "git://github.com/AmanYadav7015/devops-coursework.git",
CD / Build image	UNKNOWN STEP	2026-10-07T13:12:55.4724258Z             "has_discussions": false,
CD / Build image	UNKNOWN STEP	2026-10-07T13:12:55.4724474Z             "has_downloads": false,
CD / Build image	UNKNOWN STEP	2026-10-07T13:12:55.4724682Z             "has_issues": true,
CD / Build image	UNKNOWN STEP	2026-10-07T13:12:55.4724877Z             "has_pages": false,
CD / Build image	UNKNOWN STEP	2026-10-07T13:12:55.4725097Z             "has_projects": true,
CD / Build image	UNKNOWN STEP	2026-10-07T13:12:55.4725364Z             "has_pull_requests": true,
CD / Build image	UNKNOWN STEP	2026-10-07T13:12:55.4725634Z             "has_wiki": true,
CD / Build image	UNKNOWN STEP	2026-10-07T13:12:55.4725866Z             "homepage": null,
CD / Build image	UNKNOWN STEP	2026-10-07T13:12:55.4726257Z             "hooks_url": "https://api.github.com/repos/AmanYadav7015/devops-coursework/hooks",
CD / Build image	UNKNOWN STEP	2026-10-07T13:12:55.4726733Z             "html_url": "https://github.com/AmanYadav7015/devops-coursework",
CD / Build image	UNKNOWN STEP	2026-10-07T13:12:55.4727059Z             "id": 1355088990,
CD / Build image	UNKNOWN STEP	2026-10-07T13:12:55.4727273Z             "is_template": false,
CD / Build image	UNKNOWN STEP	2026-10-07T13:12:55.4727689Z             "issue_comment_url": "https://api.github.com/repos/AmanYadav7015/devops-coursework/issues/comments{/number}",
CD / Build image	UNKNOWN STEP	2026-10-07T13:12:55.4728342Z             "issue_events_url": "https://api.github.com/repos/AmanYadav7015/devops-coursework/issues/events{/number}",
CD / Build image	UNKNOWN STEP	2026-10-07T13:12:55.4728927Z             "issues_url": "https://api.github.com/repos/AmanYadav7015/devops-coursework/issues{/number}",
CD / Build image	UNKNOWN STEP	2026-10-07T13:12:55.4729482Z             "keys_url": "https://api.github.com/repos/AmanYadav7015/devops-coursework/keys{/key_id}",
CD / Build image	UNKNOWN STEP	2026-10-07T13:12:55.4730109Z             "labels_url": "https://api.github.com/repos/AmanYadav7015/devops-coursework/labels{/name}",
CD / Build image	UNKNOWN STEP	2026-10-07T13:12:55.4730492Z             "language": "Dockerfile",
CD / Build image	UNKNOWN STEP	2026-10-07T13:12:55.4730899Z             "languages_url": "https://api.github.com/repos/AmanYadav7015/devops-coursework/languages",
CD / Build image	UNKNOWN STEP	2026-10-07T13:12:55.4731483Z             "license": null,
CD / Build image	UNKNOWN STEP	2026-10-07T13:12:55.4731950Z             "merges_url": "https://api.github.com/repos/AmanYadav7015/devops-coursework/merges",
CD / Build image	UNKNOWN STEP	2026-10-07T13:12:55.4732492Z             "milestones_url": "https://api.github.com/repos/AmanYadav7015/devops-coursework/milestones{/number}",
CD / Build image	UNKNOWN STEP	2026-10-07T13:12:55.4732899Z             "mirror_url": null,
CD / Build image	UNKNOWN STEP	2026-10-07T13:12:55.4733120Z             "name": "devops-coursework",
CD / Build image	UNKNOWN STEP	2026-10-07T13:12:55.4733360Z             "node_id": "R_kgDOUMUEXg",
CD / Build image	UNKNOWN STEP	2026-10-07T13:12:55.4733855Z             "notifications_url": "https://api.github.com/repos/AmanYadav7015/devops-coursework/notifications{?since,all,participating}",
CD / Build image	UNKNOWN STEP	2026-10-07T13:12:55.4734360Z             "open_issues": 0,
CD / Build image	UNKNOWN STEP	2026-10-07T13:12:55.4734576Z             "open_issues_count": 0,
CD / Build image	UNKNOWN STEP	2026-10-07T13:12:55.4734784Z             "owner": {
CD / Build image	UNKNOWN STEP	2026-10-07T13:12:55.4735096Z               "avatar_url": "https://avatars.githubusercontent.com/u/177647392?v=4",
CD / Build image	UNKNOWN STEP	2026-10-07T13:12:55.4735555Z               "events_url": "https://api.github.com/users/AmanYadav7015/events{/privacy}",
CD / Build image	UNKNOWN STEP	2026-10-07T13:12:55.4736009Z               "followers_url": "https://api.github.com/users/AmanYadav7015/followers",
CD / Build image	UNKNOWN STEP	2026-10-07T13:12:55.4736468Z               "following_url": "https://api.github.com/users/AmanYadav7015/following{/other_user}",
CD / Build image	UNKNOWN STEP	2026-10-07T13:12:55.4736941Z               "gists_url": "https://api.github.com/users/AmanYadav7015/gists{/gist_id}",
CD / Build image	UNKNOWN STEP	2026-10-07T13:12:55.4737294Z               "gravatar_id": "",
CD / Build image	UNKNOWN STEP	2026-10-07T13:12:55.4737553Z               "html_url": "https://github.com/AmanYadav7015",
CD / Build image	UNKNOWN STEP	2026-10-07T13:12:55.4737803Z               "id": 177647392,
CD / Build image	UNKNOWN STEP	2026-10-07T13:12:55.4738019Z               "login": "AmanYadav7015",
CD / Build image	UNKNOWN STEP	2026-10-07T13:12:55.4738256Z               "node_id": "U_kgDOCpavIA",
CD / Build image	UNKNOWN STEP	2026-10-07T13:12:55.4738576Z               "organizations_url": "https://api.github.com/users/AmanYadav7015/orgs",
CD / Build image	UNKNOWN STEP	2026-10-07T13:12:55.4739046Z               "received_events_url": "https://api.github.com/users/AmanYadav7015/received_events",
CD / Build image	UNKNOWN STEP	2026-10-07T13:12:55.4739504Z               "repos_url": "https://api.github.com/users/AmanYadav7015/repos",
CD / Build image	UNKNOWN STEP	2026-10-07T13:12:55.4739948Z               "site_admin": false,
CD / Build image	UNKNOWN STEP	2026-10-07T13:12:55.4740291Z               "starred_url": "https://api.github.com/users/AmanYadav7015/starred{/owner}{/repo}",
CD / Build image	UNKNOWN STEP	2026-10-07T13:12:55.4740786Z               "subscriptions_url": "https://api.github.com/users/AmanYadav7015/subscriptions",
CD / Build image	UNKNOWN STEP	2026-10-07T13:12:55.4741162Z               "type": "User",
CD / Build image	UNKNOWN STEP	2026-10-07T13:12:55.4741425Z               "url": "https://api.github.com/users/AmanYadav7015",
CD / Build image	UNKNOWN STEP	2026-10-07T13:12:55.4741717Z               "user_view_type": "public"
CD / Build image	UNKNOWN STEP	2026-10-07T13:12:55.4741947Z             },
CD / Build image	UNKNOWN STEP	2026-10-07T13:12:55.4742133Z             "private": false,
CD / Build image	UNKNOWN STEP	2026-10-07T13:12:55.4742363Z             "pull_request_creation_policy": "all",
CD / Build image	UNKNOWN STEP	2026-10-07T13:12:55.4742777Z             "pulls_url": "https://api.github.com/repos/AmanYadav7015/devops-coursework/pulls{/number}",
CD / Build image	UNKNOWN STEP	2026-10-07T13:12:55.4743179Z             "pushed_at": "2026-10-07T13:08:06Z",
CD / Build image	UNKNOWN STEP	2026-10-07T13:12:55.4743572Z             "releases_url": "https://api.github.com/repos/AmanYadav7015/devops-coursework/releases{/id}",
CD / Build image	UNKNOWN STEP	2026-10-07T13:12:55.4743977Z             "size": 20173,
CD / Build image	UNKNOWN STEP	2026-10-07T13:12:55.4744261Z             "ssh_url": "git@github.com:AmanYadav7015/devops-coursework.git",
CD / Build image	UNKNOWN STEP	2026-10-07T13:12:55.4744573Z             "stargazers_count": 0,
CD / Build image	UNKNOWN STEP	2026-10-07T13:12:55.4744942Z             "stargazers_url": "https://api.github.com/repos/AmanYadav7015/devops-coursework/stargazers",
CD / Build image	UNKNOWN STEP	2026-10-07T13:12:55.4745499Z             "statuses_url": "https://api.github.com/repos/AmanYadav7015/devops-coursework/statuses/{sha}",
CD / Build image	UNKNOWN STEP	2026-10-07T13:12:55.4746061Z             "subscribers_url": "https://api.github.com/repos/AmanYadav7015/devops-coursework/subscribers",
CD / Build image	UNKNOWN STEP	2026-10-07T13:12:55.4746647Z             "subscription_url": "https://api.github.com/repos/AmanYadav7015/devops-coursework/subscription",
CD / Build image	UNKNOWN STEP	2026-10-07T13:12:55.4747115Z             "svn_url": "https://github.com/AmanYadav7015/devops-coursework",
CD / Build image	UNKNOWN STEP	2026-10-07T13:12:55.4747765Z             "tags_url": "https://api.github.com/repos/AmanYadav7015/devops-coursework/tags",
CD / Build image	UNKNOWN STEP	2026-10-07T13:12:55.4748240Z             "teams_url": "https://api.github.com/repos/AmanYadav7015/devops-coursework/teams",
CD / Build image	UNKNOWN STEP	2026-10-07T13:12:55.4748596Z             "topics": [],
CD / Build image	UNKNOWN STEP	2026-10-07T13:12:55.4748961Z             "trees_url": "https://api.github.com/repos/AmanYadav7015/devops-coursework/git/trees{/sha}",
CD / Build image	UNKNOWN STEP	2026-10-07T13:12:55.4749361Z             "updated_at": "2026-09-17T17:38:11Z",
CD / Build image	UNKNOWN STEP	2026-10-07T13:12:55.4749795Z             "url": "https://api.github.com/repos/AmanYadav7015/devops-coursework",
CD / Build image	UNKNOWN STEP	2026-10-07T13:12:55.4750126Z             "visibility": "public",
CD / Build image	UNKNOWN STEP	2026-10-07T13:12:55.4750359Z             "watchers": 0,
CD / Build image	UNKNOWN STEP	2026-10-07T13:12:55.4750571Z             "watchers_count": 0,
CD / Build image	UNKNOWN STEP	2026-10-07T13:12:55.4750807Z             "web_commit_signoff_required": false
CD / Build image	UNKNOWN STEP	2026-10-07T13:12:55.4751049Z           },
CD / Build image	UNKNOWN STEP	2026-10-07T13:12:55.4751225Z           "sender": {
CD / Build image	UNKNOWN STEP	2026-10-07T13:12:55.4751519Z             "avatar_url": "https://avatars.githubusercontent.com/u/177647392?v=4",
CD / Build image	UNKNOWN STEP	2026-10-07T13:12:55.4752004Z             "events_url": "https://api.github.com/users/AmanYadav7015/events{/privacy}",
CD / Build image	UNKNOWN STEP	2026-10-07T13:12:55.4752435Z             "followers_url": "https://api.github.com/users/AmanYadav7015/followers",
CD / Build image	UNKNOWN STEP	2026-10-07T13:12:55.4752865Z             "following_url": "https://api.github.com/users/AmanYadav7015/following{/other_user}",
CD / Build image	UNKNOWN STEP	2026-10-07T13:12:55.4753322Z             "gists_url": "https://api.github.com/users/AmanYadav7015/gists{/gist_id}",
CD / Build image	UNKNOWN STEP	2026-10-07T13:12:55.4753623Z             "gravatar_id": "",
CD / Build image	UNKNOWN STEP	2026-10-07T13:12:55.4753878Z             "html_url": "https://github.com/AmanYadav7015",
CD / Build image	UNKNOWN STEP	2026-10-07T13:12:55.4754150Z             "id": 177647392,
CD / Build image	UNKNOWN STEP	2026-10-07T13:12:55.4754359Z             "login": "AmanYadav7015",
CD / Build image	UNKNOWN STEP	2026-10-07T13:12:55.4754581Z             "node_id": "U_kgDOCpavIA",
CD / Build image	UNKNOWN STEP	2026-10-07T13:12:55.4754903Z             "organizations_url": "https://api.github.com/users/AmanYadav7015/orgs",
CD / Build image	UNKNOWN STEP	2026-10-07T13:12:55.4755344Z             "received_events_url": "https://api.github.com/users/AmanYadav7015/received_events",
CD / Build image	UNKNOWN STEP	2026-10-07T13:12:55.4755783Z             "repos_url": "https://api.github.com/users/AmanYadav7015/repos",
CD / Build image	UNKNOWN STEP	2026-10-07T13:12:55.4756106Z             "site_admin": false,
CD / Build image	UNKNOWN STEP	2026-10-07T13:12:55.4756387Z             "starred_url": "https://api.github.com/users/AmanYadav7015/starred{/owner}{/repo}",
CD / Build image	UNKNOWN STEP	2026-10-07T13:12:55.4756705Z             "subscriptions_url": "https://api.github.com/users/AmanYadav7015/subscriptions",
CD / Build image	UNKNOWN STEP	2026-10-07T13:12:55.4756964Z             "type": "User",
CD / Build image	UNKNOWN STEP	2026-10-07T13:12:55.4757261Z             "url": "https://api.github.com/users/AmanYadav7015",
CD / Build image	UNKNOWN STEP	2026-10-07T13:12:55.4757525Z             "user_view_type": "public"
CD / Build image	UNKNOWN STEP	2026-10-07T13:12:55.4757764Z           },
CD / Build image	UNKNOWN STEP	2026-10-07T13:12:55.4757958Z           "workflow": ".github/workflows/session16-cicd.yml"
CD / Build image	UNKNOWN STEP	2026-10-07T13:12:55.4758191Z         },
CD / Build image	UNKNOWN STEP	2026-10-07T13:12:55.4758350Z         "github_job": "docker-build",
CD / Build image	UNKNOWN STEP	2026-10-07T13:12:55.4758588Z         "github_ref": "refs/heads/session-16-ci",
CD / Build image	UNKNOWN STEP	2026-10-07T13:12:55.4758831Z         "github_ref_name": "session-16-ci",
CD / Build image	UNKNOWN STEP	2026-10-07T13:12:55.4759057Z         "github_ref_protected": "false",
CD / Build image	UNKNOWN STEP	2026-10-07T13:12:55.4759274Z         "github_ref_type": "branch",
CD / Build image	UNKNOWN STEP	2026-10-07T13:12:55.4759534Z         "github_repository": "AmanYadav7015/devops-coursework",
CD / Build image	UNKNOWN STEP	2026-10-07T13:12:55.4759977Z         "github_repository_id": "1355088990",
CD / Build image	UNKNOWN STEP	2026-10-07T13:12:55.4760222Z         "github_repository_owner": "AmanYadav7015",
CD / Build image	UNKNOWN STEP	2026-10-07T13:12:55.4760477Z         "github_repository_owner_id": "177647392",
CD / Build image	UNKNOWN STEP	2026-10-07T13:12:55.4760715Z         "github_run_attempt": "1",
CD / Build image	UNKNOWN STEP	2026-10-07T13:12:55.4760927Z         "github_run_id": "37626587346",
CD / Build image	UNKNOWN STEP	2026-10-07T13:12:55.4761137Z         "github_run_number": "4",
CD / Build image	UNKNOWN STEP	2026-10-07T13:12:55.4761340Z         "github_runner_arch": "X64",
CD / Build image	UNKNOWN STEP	2026-10-07T13:12:55.4761577Z         "github_runner_environment": "github-hosted",
CD / Build image	UNKNOWN STEP	2026-10-07T13:12:55.4761838Z         "github_runner_image_os": "ubuntu24",
CD / Build image	UNKNOWN STEP	2026-10-07T13:12:55.4762227Z         "github_runner_image_version": "20260927.320.1",
CD / Build image	UNKNOWN STEP	2026-10-07T13:12:55.4762583Z         "github_runner_name": "GitHub Actions 1000000049",
CD / Build image	UNKNOWN STEP	2026-10-07T13:12:55.4762828Z         "github_runner_os": "Linux",
CD / Build image	UNKNOWN STEP	2026-10-07T13:12:55.4763128Z         "github_runner_tracking_id": "github_b86d8dcc-131a-42f9-a8dc-657f62b08746",
CD / Build image	UNKNOWN STEP	2026-10-07T13:12:55.4763469Z         "github_server_url": "https://github.com",
CD / Build image	UNKNOWN STEP	2026-10-07T13:12:55.4763727Z         "github_triggering_actor": "AmanYadav7015",
CD / Build image	UNKNOWN STEP	2026-10-07T13:12:55.4763991Z         "github_workflow": "Session 16 CI/CD Pipeline",
CD / Build image	UNKNOWN STEP	2026-10-07T13:12:55.4764465Z         "github_workflow_ref": "AmanYadav7015/devops-coursework/.github/workflows/session16-cicd.yml@refs/heads/session-16-ci",
CD / Build image	UNKNOWN STEP	2026-10-07T13:12:55.4764982Z         "github_workflow_sha": "ff4c890fc6cd98e07b5123736952414018cc66df",
CD / Build image	UNKNOWN STEP	2026-10-07T13:12:55.4765277Z         "platform": "linux/amd64"
CD / Build image	UNKNOWN STEP	2026-10-07T13:12:55.4765470Z       }
CD / Build image	UNKNOWN STEP	2026-10-07T13:12:55.4765614Z     }
CD / Build image	UNKNOWN STEP	2026-10-07T13:12:55.4765755Z   },
CD / Build image	UNKNOWN STEP	2026-10-07T13:12:55.4766198Z   "buildx.build.ref": "builder-77825b5f-76c2-4376-91f1-5baae39712b4/builder-77825b5f-76c2-4376-91f1-5baae39712b40/n1eb5lzypciyd0t4t8j33f3ck",
CD / Build image	UNKNOWN STEP	2026-10-07T13:12:55.4766905Z   "containerimage.config.digest": "sha256:4b97f94ff6b0114e1bd489e6bd39781e39f19914e951709c696c40add2cc5e54",
CD / Build image	UNKNOWN STEP	2026-10-07T13:12:55.4767320Z   "containerimage.descriptor": {
CD / Build image	UNKNOWN STEP	2026-10-07T13:12:55.4767591Z     "mediaType": "application/vnd.oci.image.manifest.v1+json",
CD / Build image	UNKNOWN STEP	2026-10-07T13:12:55.4767996Z     "digest": "sha256:2e8aeb7d8ad3c3e8fd3d9ec1904f3925eb99ba51c8c0c2823f0a9345566e311b",
CD / Build image	UNKNOWN STEP	2026-10-07T13:12:55.4768336Z     "size": 2002,
CD / Build image	UNKNOWN STEP	2026-10-07T13:12:55.4768505Z     "annotations": {
CD / Build image	UNKNOWN STEP	2026-10-07T13:12:55.4768740Z       "org.opencontainers.image.created": "2026-10-07T13:12:53Z"
CD / Build image	UNKNOWN STEP	2026-10-07T13:12:55.4769002Z     },
CD / Build image	UNKNOWN STEP	2026-10-07T13:12:55.4769147Z     "platform": {
CD / Build image	UNKNOWN STEP	2026-10-07T13:12:55.4769328Z       "architecture": "amd64",
CD / Build image	UNKNOWN STEP	2026-10-07T13:12:55.4769520Z       "os": "linux"
CD / Build image	UNKNOWN STEP	2026-10-07T13:12:55.4769791Z     }
CD / Build image	UNKNOWN STEP	2026-10-07T13:12:55.4769937Z   },
CD / Build image	UNKNOWN STEP	2026-10-07T13:12:55.4770259Z   "containerimage.digest": "sha256:2e8aeb7d8ad3c3e8fd3d9ec1904f3925eb99ba51c8c0c2823f0a9345566e311b",
CD / Build image	UNKNOWN STEP	2026-10-07T13:12:55.4770711Z   "image.name": "docker.io/library/yatri-fare-api:1.0.4-ff4c890"
CD / Build image	UNKNOWN STEP	2026-10-07T13:12:55.4770986Z }
CD / Build image	UNKNOWN STEP	2026-10-07T13:12:55.4771308Z ##[endgroup]
CD / Build image	UNKNOWN STEP	2026-10-07T13:12:55.4771690Z ##[group]Reference
CD / Build image	UNKNOWN STEP	2026-10-07T13:12:55.4772111Z builder-77825b5f-76c2-4376-91f1-5baae39712b4/builder-77825b5f-76c2-4376-91f1-5baae39712b40/n1eb5lzypciyd0t4t8j33f3ck
CD / Build image	UNKNOWN STEP	2026-10-07T13:12:55.4772648Z ##[endgroup]
CD / Build image	UNKNOWN STEP	2026-10-07T13:12:55.4772921Z ##[group]Check build summary support
CD / Build image	UNKNOWN STEP	2026-10-07T13:12:55.4773256Z Build summary supported!
CD / Build image	UNKNOWN STEP	2026-10-07T13:12:55.4773541Z ##[endgroup]
CD / Build image	UNKNOWN STEP	2026-10-07T13:12:55.4831096Z ##[group]Run docker image ls "${IMAGE_NAME}"
CD / Build image	UNKNOWN STEP	2026-10-07T13:12:55.4831336Z [36;1mdocker image ls "${IMAGE_NAME}"[0m
CD / Build image	UNKNOWN STEP	2026-10-07T13:12:55.4831528Z [36;1mdocker image inspect "${IMAGE_NAME}:1.0.4-ff4c890" \[0m
CD / Build image	UNKNOWN STEP	2026-10-07T13:12:55.4831755Z [36;1m  --format 'id={{.Id}} size={{.Size}} user={{.Config.User}}'[0m
CD / Build image	UNKNOWN STEP	2026-10-07T13:12:55.4880962Z shell: /usr/bin/bash --noprofile --norc -e -o pipefail {0}
CD / Build image	UNKNOWN STEP	2026-10-07T13:12:55.4881141Z env:
CD / Build image	UNKNOWN STEP	2026-10-07T13:12:55.4881255Z   APP_DIR: labs/16-github-actions
CD / Build image	UNKNOWN STEP	2026-10-07T13:12:55.4881400Z   IMAGE_NAME: yatri-fare-api
CD / Build image	UNKNOWN STEP	2026-10-07T13:12:55.4881533Z ##[endgroup]
CD / Build image	UNKNOWN STEP	2026-10-07T13:12:55.5056951Z REPOSITORY       TAG             IMAGE ID       CREATED         SIZE
CD / Build image	UNKNOWN STEP	2026-10-07T13:12:55.5057492Z yatri-fare-api   1.0.4-ff4c890   4b97f94ff6b0   3 seconds ago   127MB
CD / Build image	UNKNOWN STEP	2026-10-07T13:12:55.5144165Z id=sha256:4b97f94ff6b0114e1bd489e6bd39781e39f19914e951709c696c40add2cc5e54 size=126703766 user=10001
CD / Build image	UNKNOWN STEP	2026-10-07T13:12:55.5186313Z ##[group]Run docker save "${IMAGE_NAME}:1.0.4-ff4c890" \
CD / Build image	UNKNOWN STEP	2026-10-07T13:12:55.5186535Z [36;1mdocker save "${IMAGE_NAME}:1.0.4-ff4c890" \[0m
CD / Build image	UNKNOWN STEP	2026-10-07T13:12:55.5186708Z [36;1m  | gzip -1 > image.tar.gz[0m
CD / Build image	UNKNOWN STEP	2026-10-07T13:12:55.5186853Z [36;1mls -lh image.tar.gz[0m
CD / Build image	UNKNOWN STEP	2026-10-07T13:12:55.5234260Z shell: /usr/bin/bash --noprofile --norc -e -o pipefail {0}
CD / Build image	UNKNOWN STEP	2026-10-07T13:12:55.5234579Z env:
CD / Build image	UNKNOWN STEP	2026-10-07T13:12:55.5234693Z   APP_DIR: labs/16-github-actions
CD / Build image	UNKNOWN STEP	2026-10-07T13:12:55.5234837Z   IMAGE_NAME: yatri-fare-api
CD / Build image	UNKNOWN STEP	2026-10-07T13:12:55.5234962Z ##[endgroup]
CD / Build image	UNKNOWN STEP	2026-10-07T13:12:57.9923105Z -rw-r--r-- 1 runner runner 49M Oct  7 13:12 image.tar.gz
CD / Build image	UNKNOWN STEP	2026-10-07T13:12:57.9965850Z ##[group]Run actions/upload-artifact@v4
CD / Build image	UNKNOWN STEP	2026-10-07T13:12:57.9966004Z with:
CD / Build image	UNKNOWN STEP	2026-10-07T13:12:57.9966137Z   name: yatri-fare-api-image
CD / Build image	UNKNOWN STEP	2026-10-07T13:12:57.9966267Z   path: image.tar.gz
CD / Build image	UNKNOWN STEP	2026-10-07T13:12:57.9966381Z   retention-days: 3
CD / Build image	UNKNOWN STEP	2026-10-07T13:12:57.9966495Z   compression-level: 0
CD / Build image	UNKNOWN STEP	2026-10-07T13:12:57.9966621Z   if-no-files-found: error
CD / Build image	UNKNOWN STEP	2026-10-07T13:12:57.9966744Z   overwrite: false
CD / Build image	UNKNOWN STEP	2026-10-07T13:12:57.9966860Z   include-hidden-files: false
CD / Build image	UNKNOWN STEP	2026-10-07T13:12:57.9966989Z env:
CD / Build image	UNKNOWN STEP	2026-10-07T13:12:57.9967101Z   APP_DIR: labs/16-github-actions
CD / Build image	UNKNOWN STEP	2026-10-07T13:12:57.9967240Z   IMAGE_NAME: yatri-fare-api
CD / Build image	UNKNOWN STEP	2026-10-07T13:12:57.9967363Z ##[endgroup]
CD / Build image	UNKNOWN STEP	2026-10-07T13:12:58.1055693Z (node:2919) [DEP0040] DeprecationWarning: The `punycode` module is deprecated. Please use a userland alternative instead.
CD / Build image	UNKNOWN STEP	2026-10-07T13:12:58.1056114Z (Use `node --trace-deprecation ...` to show where the warning was created)
CD / Build image	UNKNOWN STEP	2026-10-07T13:12:58.1124777Z With the provided path, there will be 1 file uploaded
CD / Build image	UNKNOWN STEP	2026-10-07T13:12:58.1126120Z Artifact name is valid!
CD / Build image	UNKNOWN STEP	2026-10-07T13:12:58.1126450Z Root directory input is valid!
CD / Build image	UNKNOWN STEP	2026-10-07T13:12:58.4025520Z Beginning upload of artifact content to blob storage
CD / Build image	UNKNOWN STEP	2026-10-07T13:12:58.4303743Z (node:2919) [DEP0169] DeprecationWarning: `url.parse()` behavior is not standardized and prone to errors that have security implications. Use the WHATWG URL API instead. CVEs are not issued for `url.parse()` vulnerabilities.
CD / Build image	UNKNOWN STEP	2026-10-07T13:12:58.9018975Z Uploaded bytes 8388608
CD / Build image	UNKNOWN STEP	2026-10-07T13:12:58.9296985Z Uploaded bytes 16777216
CD / Build image	UNKNOWN STEP	2026-10-07T13:12:58.9306455Z Uploaded bytes 25165824
CD / Build image	UNKNOWN STEP	2026-10-07T13:12:58.9475655Z Uploaded bytes 33554432
CD / Build image	UNKNOWN STEP	2026-10-07T13:12:59.0848055Z Uploaded bytes 41943040
CD / Build image	UNKNOWN STEP	2026-10-07T13:12:59.1118747Z Uploaded bytes 50331648
CD / Build image	UNKNOWN STEP	2026-10-07T13:12:59.2020325Z Uploaded bytes 51130528
CD / Build image	UNKNOWN STEP	2026-10-07T13:12:59.2415626Z Finished uploading artifact content to blob storage!
CD / Build image	UNKNOWN STEP	2026-10-07T13:12:59.2416125Z SHA256 digest of uploaded artifact zip is 233641655c3eb50b82ae521be699bd2ae385db4cdab80bd73262c533f8cd5e01
CD / Build image	UNKNOWN STEP	2026-10-07T13:12:59.2417312Z Finalizing artifact upload
CD / Build image	UNKNOWN STEP	2026-10-07T13:12:59.4915996Z Artifact yatri-fare-api-image.zip successfully finalized. Artifact ID 11484193106
CD / Build image	UNKNOWN STEP	2026-10-07T13:12:59.4916592Z Artifact yatri-fare-api-image has been successfully uploaded! Final size is 51130528 bytes. Artifact ID is 11484193106
CD / Build image	UNKNOWN STEP	2026-10-07T13:12:59.4921906Z Artifact download URL: https://github.com/AmanYadav7015/devops-coursework/actions/runs/37626587346/artifacts/11484193106
CD / Build image	UNKNOWN STEP	2026-10-07T13:12:59.5086373Z Post job cleanup.
CD / Build image	UNKNOWN STEP	2026-10-07T13:12:59.6450206Z ##[group]Generating build summary
CD / Build image	UNKNOWN STEP	2026-10-07T13:12:59.6452151Z exporting build record to /home/runner/work/_temp/docker-actions-toolkit-oI5Phq/export
CD / Build image	UNKNOWN STEP	2026-10-07T13:12:59.6460546Z (node:2931) [DEP0040] DeprecationWarning: The `punycode` module is deprecated. Please use a userland alternative instead.
CD / Build image	UNKNOWN STEP	2026-10-07T13:12:59.6461132Z (Use `node --trace-deprecation ...` to show where the warning was created)
CD / Build image	UNKNOWN STEP	2026-10-07T13:12:59.7756268Z [command]/usr/bin/docker buildx history export --builder builder-77825b5f-76c2-4376-91f1-5baae39712b4 --output /home/runner/work/_temp/docker-actions-toolkit-oI5Phq/export/AmanYadav7015~devops-coursework~N1EB5L.dockerbuild n1eb5lzypciyd0t4t8j33f3ck --finalize
CD / Build image	UNKNOWN STEP	2026-10-07T13:12:59.8697522Z Build record written to /home/runner/work/_temp/docker-actions-toolkit-oI5Phq/export/AmanYadav7015~devops-coursework~N1EB5L.dockerbuild (31.01 KB)
CD / Build image	UNKNOWN STEP	2026-10-07T13:12:59.8713347Z Uploading AmanYadav7015~devops-coursework~N1EB5L.dockerbuild to blob storage
CD / Build image	UNKNOWN STEP	2026-10-07T13:13:00.1524265Z Beginning upload of artifact content to blob storage
CD / Build image	UNKNOWN STEP	2026-10-07T13:13:00.1581043Z (node:2931) [DEP0169] DeprecationWarning: `url.parse()` behavior is not standardized and prone to errors that have security implications. Use the WHATWG URL API instead. CVEs are not issued for `url.parse()` vulnerabilities.
CD / Build image	UNKNOWN STEP	2026-10-07T13:13:00.1582257Z Uploaded bytes 31758
CD / Build image	UNKNOWN STEP	2026-10-07T13:13:00.3245015Z Finished uploading artifact content to blob storage!
CD / Build image	UNKNOWN STEP	2026-10-07T13:13:00.3247799Z SHA256 hash of uploaded artifact is a02318310c9e843f516bac37b0aa33f677d7f38d61f44270bd3aec49e1ff032a
CD / Build image	UNKNOWN STEP	2026-10-07T13:13:00.3248733Z Finalizing artifact upload
CD / Build image	UNKNOWN STEP	2026-10-07T13:13:00.6761107Z Artifact successfully finalized (11483963830)
CD / Build image	UNKNOWN STEP	2026-10-07T13:13:00.6762129Z Artifact download URL: https://github.com/AmanYadav7015/devops-coursework/actions/runs/37626587346/artifacts/11483963830
CD / Build image	UNKNOWN STEP	2026-10-07T13:13:00.6777044Z Writing summary
CD / Build image	UNKNOWN STEP	2026-10-07T13:13:00.6786570Z ##[endgroup]
CD / Build image	UNKNOWN STEP	2026-10-07T13:13:00.6787030Z ##[group]Removing temp folder /home/runner/work/_temp/docker-actions-toolkit-s30UxT
CD / Build image	UNKNOWN STEP	2026-10-07T13:13:00.6791811Z ##[endgroup]
CD / Build image	UNKNOWN STEP	2026-10-07T13:13:00.6792116Z ##[group]Post cache
CD / Build image	UNKNOWN STEP	2026-10-07T13:13:00.6793249Z State not set
CD / Build image	UNKNOWN STEP	2026-10-07T13:13:00.6793542Z ##[endgroup]
CD / Build image	UNKNOWN STEP	2026-10-07T13:13:00.6913269Z Post job cleanup.
CD / Build image	UNKNOWN STEP	2026-10-07T13:13:00.8386845Z ##[group]Removing builder
CD / Build image	UNKNOWN STEP	2026-10-07T13:13:00.8390087Z (node:3071) [DEP0040] DeprecationWarning: The `punycode` module is deprecated. Please use a userland alternative instead.
CD / Build image	UNKNOWN STEP	2026-10-07T13:13:00.8390692Z (Use `node --trace-deprecation ...` to show where the warning was created)
CD / Build image	UNKNOWN STEP	2026-10-07T13:13:00.9291654Z [command]/usr/bin/docker buildx rm builder-77825b5f-76c2-4376-91f1-5baae39712b4
CD / Build image	UNKNOWN STEP	2026-10-07T13:13:01.9501347Z builder-77825b5f-76c2-4376-91f1-5baae39712b4 removed
CD / Build image	UNKNOWN STEP	2026-10-07T13:13:01.9539968Z ##[endgroup]
CD / Build image	UNKNOWN STEP	2026-10-07T13:13:01.9540345Z ##[group]Cleaning up certificates
CD / Build image	UNKNOWN STEP	2026-10-07T13:13:01.9540666Z ##[endgroup]
CD / Build image	UNKNOWN STEP	2026-10-07T13:13:01.9540876Z ##[group]Post cache
CD / Build image	UNKNOWN STEP	2026-10-07T13:13:01.9541030Z State not set
CD / Build image	UNKNOWN STEP	2026-10-07T13:13:01.9541246Z ##[endgroup]
CD / Build image	UNKNOWN STEP	2026-10-07T13:13:01.9663651Z Cleaning up orphan processes
CD / Build image	UNKNOWN STEP	2026-10-07T13:13:01.9884827Z ##[warning]Node.js 20 is deprecated. The following actions target Node.js 20 but are being forced to run on Node.js 24: actions/download-artifact@v4, actions/upload-artifact@v4, docker/build-push-action@v6, docker/setup-buildx-action@v3. For more information see: https://github.blog/changelog/2025-09-19-deprecation-of-node-20-on-github-actions-runners/
CD / Deploy to staging	UNKNOWN STEP	﻿2026-10-07T13:13:07.2066404Z Current runner version: '2.337.0'
CD / Deploy to staging	UNKNOWN STEP	2026-10-07T13:13:07.2083218Z ##[group]Runner Image Provisioner
CD / Deploy to staging	UNKNOWN STEP	2026-10-07T13:13:07.2083787Z Hosted Compute Agent
CD / Deploy to staging	UNKNOWN STEP	2026-10-07T13:13:07.2084204Z Version: 20260901.588
CD / Deploy to staging	UNKNOWN STEP	2026-10-07T13:13:07.2084613Z Commit: f88ec8081b781fac6c440065ac7ff9e710ce3d0b
CD / Deploy to staging	UNKNOWN STEP	2026-10-07T13:13:07.2085081Z Build Date: 2026-09-01T19:56:44Z
CD / Deploy to staging	UNKNOWN STEP	2026-10-07T13:13:07.2085594Z Worker ID: {e73b2efa-bdfd-428b-bbb0-96040a57d530}
CD / Deploy to staging	UNKNOWN STEP	2026-10-07T13:13:07.2086038Z Azure Region: centralus
CD / Deploy to staging	UNKNOWN STEP	2026-10-07T13:13:07.2086464Z ##[endgroup]
CD / Deploy to staging	UNKNOWN STEP	2026-10-07T13:13:07.2087271Z ##[group]Operating System
CD / Deploy to staging	UNKNOWN STEP	2026-10-07T13:13:07.2087666Z Ubuntu
CD / Deploy to staging	UNKNOWN STEP	2026-10-07T13:13:07.2088076Z 24.04.5
CD / Deploy to staging	UNKNOWN STEP	2026-10-07T13:13:07.2088403Z LTS
CD / Deploy to staging	UNKNOWN STEP	2026-10-07T13:13:07.2088767Z ##[endgroup]
CD / Deploy to staging	UNKNOWN STEP	2026-10-07T13:13:07.2089117Z ##[group]Runner Image
CD / Deploy to staging	UNKNOWN STEP	2026-10-07T13:13:07.2089786Z Image: ubuntu-24.04
CD / Deploy to staging	UNKNOWN STEP	2026-10-07T13:13:07.2090159Z Version: 20260927.320.1
CD / Deploy to staging	UNKNOWN STEP	2026-10-07T13:13:07.2091215Z Included Software: https://github.com/actions/runner-images/blob/ubuntu24/20260927.320/images/ubuntu/Ubuntu2404-Readme.md
CD / Deploy to staging	UNKNOWN STEP	2026-10-07T13:13:07.2092127Z Image Release: https://github.com/actions/runner-images/releases/tag/ubuntu24%2F20260927.320
CD / Deploy to staging	UNKNOWN STEP	2026-10-07T13:13:07.2092756Z ##[endgroup]
CD / Deploy to staging	UNKNOWN STEP	2026-10-07T13:13:07.2093446Z ##[group]GITHUB_TOKEN Permissions
CD / Deploy to staging	UNKNOWN STEP	2026-10-07T13:13:07.2094784Z Contents: read
CD / Deploy to staging	UNKNOWN STEP	2026-10-07T13:13:07.2095220Z Metadata: read
CD / Deploy to staging	UNKNOWN STEP	2026-10-07T13:13:07.2095599Z ##[endgroup]
CD / Deploy to staging	UNKNOWN STEP	2026-10-07T13:13:07.2096859Z Secret source: Actions
CD / Deploy to staging	UNKNOWN STEP	2026-10-07T13:13:07.2097463Z Cache mode: write
CD / Deploy to staging	UNKNOWN STEP	2026-10-07T13:13:07.2097996Z Prepare workflow directory
CD / Deploy to staging	UNKNOWN STEP	2026-10-07T13:13:07.2344542Z Prepare all required actions
CD / Deploy to staging	UNKNOWN STEP	2026-10-07T13:13:07.2374152Z Getting action download info
CD / Deploy to staging	UNKNOWN STEP	2026-10-07T13:13:07.4564296Z Download action repository 'actions/download-artifact@v4' (SHA:d3f86a106a0bac45b974a628896c90dbdf5c8093)
CD / Deploy to staging	UNKNOWN STEP	2026-10-07T13:13:08.2586263Z Complete job name: CD / Deploy to staging
CD / Deploy to staging	UNKNOWN STEP	2026-10-07T13:13:08.3025551Z ##[group]Run echo "event        : workflow_dispatch"
CD / Deploy to staging	UNKNOWN STEP	2026-10-07T13:13:08.3025994Z [36;1mecho "event        : workflow_dispatch"[0m
CD / Deploy to staging	UNKNOWN STEP	2026-10-07T13:13:08.3026383Z [36;1mecho "ref          : refs/heads/session-16-ci"[0m
CD / Deploy to staging	UNKNOWN STEP	2026-10-07T13:13:08.3026760Z [36;1mecho "version      : 1.0.4+ff4c890"[0m
CD / Deploy to staging	UNKNOWN STEP	2026-10-07T13:13:08.3027098Z [36;1mecho "image tag    : 1.0.4-ff4c890"[0m
CD / Deploy to staging	UNKNOWN STEP	2026-10-07T13:13:08.3432589Z shell: /usr/bin/bash --noprofile --norc -e -o pipefail {0}
CD / Deploy to staging	UNKNOWN STEP	2026-10-07T13:13:08.3433078Z env:
CD / Deploy to staging	UNKNOWN STEP	2026-10-07T13:13:08.3433325Z   APP_DIR: labs/16-github-actions
CD / Deploy to staging	UNKNOWN STEP	2026-10-07T13:13:08.3433660Z   IMAGE_NAME: yatri-fare-api
CD / Deploy to staging	UNKNOWN STEP	2026-10-07T13:13:08.3433936Z ##[endgroup]
CD / Deploy to staging	UNKNOWN STEP	2026-10-07T13:13:08.3611005Z event        : workflow_dispatch
CD / Deploy to staging	UNKNOWN STEP	2026-10-07T13:13:08.3611577Z ref          : refs/heads/session-16-ci
CD / Deploy to staging	UNKNOWN STEP	2026-10-07T13:13:08.3612050Z version      : 1.0.4+ff4c890
CD / Deploy to staging	UNKNOWN STEP	2026-10-07T13:13:08.3612367Z image tag    : 1.0.4-ff4c890
CD / Deploy to staging	UNKNOWN STEP	2026-10-07T13:13:08.3769937Z ##[group]Run echo "manual dispatch requested environment production"
CD / Deploy to staging	UNKNOWN STEP	2026-10-07T13:13:08.3770781Z [36;1mecho "manual dispatch requested environment production"[0m
CD / Deploy to staging	UNKNOWN STEP	2026-10-07T13:13:08.3820451Z shell: /usr/bin/bash --noprofile --norc -e -o pipefail {0}
CD / Deploy to staging	UNKNOWN STEP	2026-10-07T13:13:08.3820809Z env:
CD / Deploy to staging	UNKNOWN STEP	2026-10-07T13:13:08.3821045Z   APP_DIR: labs/16-github-actions
CD / Deploy to staging	UNKNOWN STEP	2026-10-07T13:13:08.3821338Z   IMAGE_NAME: yatri-fare-api
CD / Deploy to staging	UNKNOWN STEP	2026-10-07T13:13:08.3821607Z ##[endgroup]
CD / Deploy to staging	UNKNOWN STEP	2026-10-07T13:13:08.3884972Z manual dispatch requested environment production
CD / Deploy to staging	UNKNOWN STEP	2026-10-07T13:13:08.4472364Z ##[group]Run for name in REGISTRY_USERNAME REGISTRY_TOKEN DEPLOY_WEBHOOK; do
CD / Deploy to staging	UNKNOWN STEP	2026-10-07T13:13:08.4473170Z [36;1mfor name in REGISTRY_USERNAME REGISTRY_TOKEN DEPLOY_WEBHOOK; do[0m
CD / Deploy to staging	UNKNOWN STEP	2026-10-07T13:13:08.4473774Z [36;1m  value="${!name}"[0m
CD / Deploy to staging	UNKNOWN STEP	2026-10-07T13:13:08.4474240Z [36;1m  if [ -z "$value" ]; then[0m
CD / Deploy to staging	UNKNOWN STEP	2026-10-07T13:13:08.4474835Z [36;1m    echo "::error::secret $name is not configured on this repository"[0m
CD / Deploy to staging	UNKNOWN STEP	2026-10-07T13:13:08.4475434Z [36;1m    exit 1[0m
CD / Deploy to staging	UNKNOWN STEP	2026-10-07T13:13:08.4475798Z [36;1m  fi[0m
CD / Deploy to staging	UNKNOWN STEP	2026-10-07T13:13:08.4476282Z [36;1m  fingerprint=$(printf '%s' "$value" | sha256sum | cut -c1-12)[0m
CD / Deploy to staging	UNKNOWN STEP	2026-10-07T13:13:08.4477016Z [36;1m  echo "$name present, length ${#value}, sha256 prefix ${fingerprint}"[0m
CD / Deploy to staging	UNKNOWN STEP	2026-10-07T13:13:08.4477779Z [36;1mdone[0m
CD / Deploy to staging	UNKNOWN STEP	2026-10-07T13:13:08.4528110Z shell: /usr/bin/bash --noprofile --norc -e -o pipefail {0}
CD / Deploy to staging	UNKNOWN STEP	2026-10-07T13:13:08.4528461Z env:
CD / Deploy to staging	UNKNOWN STEP	2026-10-07T13:13:08.4528704Z   APP_DIR: labs/16-github-actions
CD / Deploy to staging	UNKNOWN STEP	2026-10-07T13:13:08.4529021Z   IMAGE_NAME: yatri-fare-api
CD / Deploy to staging	UNKNOWN STEP	2026-10-07T13:13:08.4529415Z   REGISTRY_USERNAME: ***
CD / Deploy to staging	UNKNOWN STEP	2026-10-07T13:13:08.4529744Z   REGISTRY_TOKEN: ***
CD / Deploy to staging	UNKNOWN STEP	2026-10-07T13:13:08.4530071Z   DEPLOY_WEBHOOK: ***
CD / Deploy to staging	UNKNOWN STEP	2026-10-07T13:13:08.4530388Z ##[endgroup]
CD / Deploy to staging	UNKNOWN STEP	2026-10-07T13:13:08.5881577Z REGISTRY_USERNAME present, length 12, sha256 prefix 85fa1d784efe
CD / Deploy to staging	UNKNOWN STEP	2026-10-07T13:13:08.5896820Z REGISTRY_TOKEN present, length 39, sha256 prefix 7b2ccdbe2890
CD / Deploy to staging	UNKNOWN STEP	2026-10-07T13:13:08.5911643Z DEPLOY_WEBHOOK present, length 42, sha256 prefix c14bf91863aa
CD / Deploy to staging	UNKNOWN STEP	2026-10-07T13:13:08.6692664Z ##[group]Run actions/download-artifact@v4
CD / Deploy to staging	UNKNOWN STEP	2026-10-07T13:13:08.6693223Z with:
CD / Deploy to staging	UNKNOWN STEP	2026-10-07T13:13:08.6693609Z   name: yatri-fare-api-image
CD / Deploy to staging	UNKNOWN STEP	2026-10-07T13:13:08.6694054Z   path: image
CD / Deploy to staging	UNKNOWN STEP	2026-10-07T13:13:08.6694440Z   merge-multiple: false
CD / Deploy to staging	UNKNOWN STEP	2026-10-07T13:13:08.6694924Z   repository: AmanYadav7015/devops-coursework
CD / Deploy to staging	UNKNOWN STEP	2026-10-07T13:13:08.6695435Z   run-id: 37626587346
CD / Deploy to staging	UNKNOWN STEP	2026-10-07T13:13:08.6695853Z env:
CD / Deploy to staging	UNKNOWN STEP	2026-10-07T13:13:08.6696218Z   APP_DIR: labs/16-github-actions
CD / Deploy to staging	UNKNOWN STEP	2026-10-07T13:13:08.6696687Z   IMAGE_NAME: yatri-fare-api
CD / Deploy to staging	UNKNOWN STEP	2026-10-07T13:13:08.6697103Z ##[endgroup]
CD / Deploy to staging	UNKNOWN STEP	2026-10-07T13:13:08.7749978Z Downloading single artifact
CD / Deploy to staging	UNKNOWN STEP	2026-10-07T13:13:08.7834647Z (node:1974) [DEP0040] DeprecationWarning: The `punycode` module is deprecated. Please use a userland alternative instead.
CD / Deploy to staging	UNKNOWN STEP	2026-10-07T13:13:08.7835546Z (Use `node --trace-deprecation ...` to show where the warning was created)
CD / Deploy to staging	UNKNOWN STEP	2026-10-07T13:13:08.9274490Z Preparing to download the following artifacts:
CD / Deploy to staging	UNKNOWN STEP	2026-10-07T13:13:08.9275765Z - yatri-fare-api-image (ID: 11484193106, Size: 51130528, Expected Digest: sha256:233641655c3eb50b82ae521be699bd2ae385db4cdab80bd73262c533f8cd5e01)
CD / Deploy to staging	UNKNOWN STEP	2026-10-07T13:13:09.1007245Z Redirecting to blob download url: https://productionresultssa18.blob.core.windows.net/actions-results/bbcbf7c8-31d6-4ba9-8e52-8469a3355749/workflow-job-run-05657074-21e6-5b0c-b1fc-4f89eecbf27e/artifacts/219d0af257fbbaf22b4d6a3714b7a9e401d4014745828309dd0cfe10cb804165.zip
CD / Deploy to staging	UNKNOWN STEP	2026-10-07T13:13:09.1011181Z Starting download of artifact to: /home/runner/work/devops-coursework/devops-coursework/image
CD / Deploy to staging	UNKNOWN STEP	2026-10-07T13:13:09.2838012Z (node:1974) [DEP0005] DeprecationWarning: Buffer() is deprecated due to security and usability issues. Please use the Buffer.alloc(), Buffer.allocUnsafe(), or Buffer.from() methods instead.
CD / Deploy to staging	UNKNOWN STEP	2026-10-07T13:13:10.4642499Z SHA256 digest of downloaded artifact is 233641655c3eb50b82ae521be699bd2ae385db4cdab80bd73262c533f8cd5e01
CD / Deploy to staging	UNKNOWN STEP	2026-10-07T13:13:10.4643902Z Artifact download completed successfully.
CD / Deploy to staging	UNKNOWN STEP	2026-10-07T13:13:10.4644700Z Total of 1 artifact(s) downloaded
CD / Deploy to staging	UNKNOWN STEP	2026-10-07T13:13:10.4645120Z Download artifact has finished successfully
CD / Deploy to staging	UNKNOWN STEP	2026-10-07T13:13:10.5175592Z ##[group]Run ls -lh image
CD / Deploy to staging	UNKNOWN STEP	2026-10-07T13:13:10.5175828Z [36;1mls -lh image[0m
CD / Deploy to staging	UNKNOWN STEP	2026-10-07T13:13:10.5176020Z [36;1mdocker load --input image/image.tar.gz[0m
CD / Deploy to staging	UNKNOWN STEP	2026-10-07T13:13:10.5176252Z [36;1mdocker image ls "${IMAGE_NAME}"[0m
CD / Deploy to staging	UNKNOWN STEP	2026-10-07T13:13:10.5228496Z shell: /usr/bin/bash --noprofile --norc -e -o pipefail {0}
CD / Deploy to staging	UNKNOWN STEP	2026-10-07T13:13:10.5228724Z env:
CD / Deploy to staging	UNKNOWN STEP	2026-10-07T13:13:10.5228910Z   APP_DIR: labs/16-github-actions
CD / Deploy to staging	UNKNOWN STEP	2026-10-07T13:13:10.5229125Z   IMAGE_NAME: yatri-fare-api
CD / Deploy to staging	UNKNOWN STEP	2026-10-07T13:13:10.5229298Z ##[endgroup]
CD / Deploy to staging	UNKNOWN STEP	2026-10-07T13:13:10.6431566Z total 49M
CD / Deploy to staging	UNKNOWN STEP	2026-10-07T13:13:10.6431948Z -rw-r--r-- 1 runner runner 49M Oct  7 13:13 image.tar.gz
CD / Deploy to staging	UNKNOWN STEP	2026-10-07T13:13:18.4720702Z Loaded image: yatri-fare-api:1.0.4-ff4c890
CD / Deploy to staging	UNKNOWN STEP	2026-10-07T13:13:18.4999017Z REPOSITORY       TAG             IMAGE ID       CREATED          SIZE
CD / Deploy to staging	UNKNOWN STEP	2026-10-07T13:13:18.4999396Z yatri-fare-api   1.0.4-ff4c890   4b97f94ff6b0   26 seconds ago   127MB
CD / Deploy to staging	UNKNOWN STEP	2026-10-07T13:13:18.5040678Z ##[group]Run docker run -d \
CD / Deploy to staging	UNKNOWN STEP	2026-10-07T13:13:18.5040903Z [36;1mdocker run -d \[0m
CD / Deploy to staging	UNKNOWN STEP	2026-10-07T13:13:18.5041069Z [36;1m  --name session16-yatri-staging \[0m
CD / Deploy to staging	UNKNOWN STEP	2026-10-07T13:13:18.5041246Z [36;1m  -p 8080:8080 \[0m
CD / Deploy to staging	UNKNOWN STEP	2026-10-07T13:13:18.5041611Z [36;1m  -e APP_VERSION='1.0.4+ff4c890' \[0m
CD / Deploy to staging	UNKNOWN STEP	2026-10-07T13:13:18.5041825Z [36;1m  -e GIT_COMMIT='ff4c890fc6cd98e07b5123736952414018cc66df' \[0m
CD / Deploy to staging	UNKNOWN STEP	2026-10-07T13:13:18.5042040Z [36;1m  "${IMAGE_NAME}:1.0.4-ff4c890"[0m
CD / Deploy to staging	UNKNOWN STEP	2026-10-07T13:13:18.5042200Z [36;1mfor i in $(seq 1 20); do[0m
CD / Deploy to staging	UNKNOWN STEP	2026-10-07T13:13:18.5042430Z [36;1m  if curl -fsS http://127.0.0.1:8080/health >/dev/null 2>&1; then[0m
CD / Deploy to staging	UNKNOWN STEP	2026-10-07T13:13:18.5042684Z [36;1m    echo "service answered after ${i} attempt(s)"[0m
CD / Deploy to staging	UNKNOWN STEP	2026-10-07T13:13:18.5042867Z [36;1m    break[0m
CD / Deploy to staging	UNKNOWN STEP	2026-10-07T13:13:18.5042990Z [36;1m  fi[0m
CD / Deploy to staging	UNKNOWN STEP	2026-10-07T13:13:18.5043110Z [36;1m  sleep 2[0m
CD / Deploy to staging	UNKNOWN STEP	2026-10-07T13:13:18.5043235Z [36;1mdone[0m
CD / Deploy to staging	UNKNOWN STEP	2026-10-07T13:13:18.5098501Z shell: /usr/bin/bash --noprofile --norc -e -o pipefail {0}
CD / Deploy to staging	UNKNOWN STEP	2026-10-07T13:13:18.5098703Z env:
CD / Deploy to staging	UNKNOWN STEP	2026-10-07T13:13:18.5098838Z   APP_DIR: labs/16-github-actions
CD / Deploy to staging	UNKNOWN STEP	2026-10-07T13:13:18.5098999Z   IMAGE_NAME: yatri-fare-api
CD / Deploy to staging	UNKNOWN STEP	2026-10-07T13:13:18.5099147Z ##[endgroup]
CD / Deploy to staging	UNKNOWN STEP	2026-10-07T13:13:18.5364650Z 54788f466debe8ff012bd0baa9b0f9b8b6c4c2803377d721e4c9b339343e7d63
CD / Deploy to staging	UNKNOWN STEP	2026-10-07T13:13:20.7184674Z service answered after 2 attempt(s)
CD / Deploy to staging	UNKNOWN STEP	2026-10-07T13:13:20.7214107Z ##[group]Run echo "GET /health"
CD / Deploy to staging	UNKNOWN STEP	2026-10-07T13:13:20.7214330Z [36;1mecho "GET /health"[0m
CD / Deploy to staging	UNKNOWN STEP	2026-10-07T13:13:20.7214512Z [36;1mcurl -fsS http://127.0.0.1:8080/health[0m
CD / Deploy to staging	UNKNOWN STEP	2026-10-07T13:13:20.7214701Z [36;1mecho[0m
CD / Deploy to staging	UNKNOWN STEP	2026-10-07T13:13:20.7214825Z [36;1mecho "GET /version"[0m
CD / Deploy to staging	UNKNOWN STEP	2026-10-07T13:13:20.7215019Z [36;1mcurl -fsS http://127.0.0.1:8080/version[0m
CD / Deploy to staging	UNKNOWN STEP	2026-10-07T13:13:20.7215224Z [36;1mecho[0m
CD / Deploy to staging	UNKNOWN STEP	2026-10-07T13:13:20.7215354Z [36;1mecho "POST /fare"[0m
CD / Deploy to staging	UNKNOWN STEP	2026-10-07T13:13:20.7215531Z [36;1mcurl -fsS -X POST http://127.0.0.1:8080/fare \[0m
CD / Deploy to staging	UNKNOWN STEP	2026-10-07T13:13:20.7215742Z [36;1m  -H 'Content-Type: application/json' \[0m
CD / Deploy to staging	UNKNOWN STEP	2026-10-07T13:13:20.7216053Z [36;1m  -d '{"distance_km": 12.5, "duration_min": 28, "surge": 1.4, "night": true, "coupon": "WEEKEND20", "riders": 2}'[0m
CD / Deploy to staging	UNKNOWN STEP	2026-10-07T13:13:20.7216324Z [36;1mecho[0m
CD / Deploy to staging	UNKNOWN STEP	2026-10-07T13:13:20.7270530Z shell: /usr/bin/bash --noprofile --norc -e -o pipefail {0}
CD / Deploy to staging	UNKNOWN STEP	2026-10-07T13:13:20.7270731Z env:
CD / Deploy to staging	UNKNOWN STEP	2026-10-07T13:13:20.7270896Z   APP_DIR: labs/16-github-actions
CD / Deploy to staging	UNKNOWN STEP	2026-10-07T13:13:20.7271059Z   IMAGE_NAME: yatri-fare-api
CD / Deploy to staging	UNKNOWN STEP	2026-10-07T13:13:20.7271204Z ##[endgroup]
CD / Deploy to staging	UNKNOWN STEP	2026-10-07T13:13:20.7331829Z GET /health
CD / Deploy to staging	UNKNOWN STEP	2026-10-07T13:13:20.7434238Z {"service":"yatri-fare-api","status":"ok"}
CD / Deploy to staging	UNKNOWN STEP	2026-10-07T13:13:20.7441084Z 
CD / Deploy to staging	UNKNOWN STEP	2026-10-07T13:13:20.7441274Z GET /version
CD / Deploy to staging	UNKNOWN STEP	2026-10-07T13:13:20.7482054Z {"commit":"ff4c890fc6cd98e07b5123736952414018cc66df","service":"yatri-fare-api","version":"1.0.4+ff4c890"}
CD / Deploy to staging	UNKNOWN STEP	2026-10-07T13:13:20.7487433Z 
CD / Deploy to staging	UNKNOWN STEP	2026-10-07T13:13:20.7487516Z POST /fare
CD / Deploy to staging	UNKNOWN STEP	2026-10-07T13:13:20.7529371Z {"currency":"INR","per_rider":[137.82,137.82],"total":275.64}
CD / Deploy to staging	UNKNOWN STEP	2026-10-07T13:13:20.7535557Z 
CD / Deploy to staging	UNKNOWN STEP	2026-10-07T13:13:20.7561256Z ##[group]Run host=$(printf '%s' "$DEPLOY_WEBHOOK" | sed -E 's#^[a-z]+://([^/]+).*#\1#')
CD / Deploy to staging	UNKNOWN STEP	2026-10-07T13:13:20.7561594Z [36;1mhost=$(printf '%s' "$DEPLOY_WEBHOOK" | sed -E 's#^[a-z]+://([^/]+).*#\1#')[0m
CD / Deploy to staging	UNKNOWN STEP	2026-10-07T13:13:20.7561865Z [36;1mecho "would POST the release notification to host $host"[0m
CD / Deploy to staging	UNKNOWN STEP	2026-10-07T13:13:20.7562134Z [36;1mecho "release 1.0.4+ff4c890 published by the CI service account"[0m
CD / Deploy to staging	UNKNOWN STEP	2026-10-07T13:13:20.7562339Z [36;1m{[0m
CD / Deploy to staging	UNKNOWN STEP	2026-10-07T13:13:20.7562469Z [36;1m  echo "### Deployment"[0m
CD / Deploy to staging	UNKNOWN STEP	2026-10-07T13:13:20.7562618Z [36;1m  echo ""[0m
CD / Deploy to staging	UNKNOWN STEP	2026-10-07T13:13:20.7562759Z [36;1m  echo "- environment: staging"[0m
CD / Deploy to staging	UNKNOWN STEP	2026-10-07T13:13:20.7562942Z [36;1m  echo "- image: ${IMAGE_NAME}:1.0.4-ff4c890"[0m
CD / Deploy to staging	UNKNOWN STEP	2026-10-07T13:13:20.7563224Z [36;1m  echo "- commit: ff4c890fc6cd98e07b5123736952414018cc66df"[0m
CD / Deploy to staging	UNKNOWN STEP	2026-10-07T13:13:20.7563460Z [36;1m  echo "- smoke tests: passed"[0m
CD / Deploy to staging	UNKNOWN STEP	2026-10-07T13:13:20.7563627Z [36;1m} >> "$GITHUB_STEP_SUMMARY"[0m
CD / Deploy to staging	UNKNOWN STEP	2026-10-07T13:13:20.7611662Z shell: /usr/bin/bash --noprofile --norc -e -o pipefail {0}
CD / Deploy to staging	UNKNOWN STEP	2026-10-07T13:13:20.7611856Z env:
CD / Deploy to staging	UNKNOWN STEP	2026-10-07T13:13:20.7611988Z   APP_DIR: labs/16-github-actions
CD / Deploy to staging	UNKNOWN STEP	2026-10-07T13:13:20.7612150Z   IMAGE_NAME: yatri-fare-api
CD / Deploy to staging	UNKNOWN STEP	2026-10-07T13:13:20.7612845Z   DEPLOY_WEBHOOK: ***
CD / Deploy to staging	UNKNOWN STEP	2026-10-07T13:13:20.7612995Z   REGISTRY_USERNAME: ***
CD / Deploy to staging	UNKNOWN STEP	2026-10-07T13:13:20.7613282Z ##[endgroup]
CD / Deploy to staging	UNKNOWN STEP	2026-10-07T13:13:20.7693733Z would POST the release notification to host staging.yatri.invalid
CD / Deploy to staging	UNKNOWN STEP	2026-10-07T13:13:20.7694274Z release 1.0.4+ff4c890 published by the CI service account
CD / Deploy to staging	UNKNOWN STEP	2026-10-07T13:13:20.7722086Z ##[group]Run docker logs session16-yatri-staging
CD / Deploy to staging	UNKNOWN STEP	2026-10-07T13:13:20.7722306Z [36;1mdocker logs session16-yatri-staging[0m
CD / Deploy to staging	UNKNOWN STEP	2026-10-07T13:13:20.7772107Z shell: /usr/bin/bash --noprofile --norc -e -o pipefail {0}
CD / Deploy to staging	UNKNOWN STEP	2026-10-07T13:13:20.7772311Z env:
CD / Deploy to staging	UNKNOWN STEP	2026-10-07T13:13:20.7772443Z   APP_DIR: labs/16-github-actions
CD / Deploy to staging	UNKNOWN STEP	2026-10-07T13:13:20.7772605Z   IMAGE_NAME: yatri-fare-api
CD / Deploy to staging	UNKNOWN STEP	2026-10-07T13:13:20.7772750Z ##[endgroup]
CD / Deploy to staging	UNKNOWN STEP	2026-10-07T13:13:20.7925984Z [2026-10-07 13:13:18 +0000] [1] [INFO] Starting gunicorn 23.0.0
CD / Deploy to staging	UNKNOWN STEP	2026-10-07T13:13:20.7926388Z [2026-10-07 13:13:18 +0000] [1] [INFO] Listening at: http://0.0.0.0:8080 (1)
CD / Deploy to staging	UNKNOWN STEP	2026-10-07T13:13:20.7926649Z [2026-10-07 13:13:18 +0000] [1] [INFO] Using worker: sync
CD / Deploy to staging	UNKNOWN STEP	2026-10-07T13:13:20.7927029Z [2026-10-07 13:13:18 +0000] [7] [INFO] Booting worker with pid: 7
CD / Deploy to staging	UNKNOWN STEP	2026-10-07T13:13:20.7927371Z [2026-10-07 13:13:18 +0000] [8] [INFO] Booting worker with pid: 8
CD / Deploy to staging	UNKNOWN STEP	2026-10-07T13:13:20.7927842Z 172.17.0.1 - - [07/Oct/2026:13:13:20 +0000] "GET /health HTTP/1.1" 200 43 "-" "curl/8.5.0"
CD / Deploy to staging	UNKNOWN STEP	2026-10-07T13:13:20.7928306Z 172.17.0.1 - - [07/Oct/2026:13:13:20 +0000] "GET /health HTTP/1.1" 200 43 "-" "curl/8.5.0"
CD / Deploy to staging	UNKNOWN STEP	2026-10-07T13:13:20.7928720Z 172.17.0.1 - - [07/Oct/2026:13:13:20 +0000] "GET /version HTTP/1.1" 200 107 "-" "curl/8.5.0"
CD / Deploy to staging	UNKNOWN STEP	2026-10-07T13:13:20.7929013Z 172.17.0.1 - - [07/Oct/2026:13:13:20 +0000] "POST /fare HTTP/1.1" 200 62 "-" "curl/8.5.0"
CD / Deploy to staging	UNKNOWN STEP	2026-10-07T13:13:20.7957605Z ##[group]Run docker rm -f session16-yatri-staging
CD / Deploy to staging	UNKNOWN STEP	2026-10-07T13:13:20.7957843Z [36;1mdocker rm -f session16-yatri-staging[0m
CD / Deploy to staging	UNKNOWN STEP	2026-10-07T13:13:20.7958050Z [36;1mdocker image rm "${IMAGE_NAME}:1.0.4-ff4c890"[0m
CD / Deploy to staging	UNKNOWN STEP	2026-10-07T13:13:20.8004091Z shell: /usr/bin/bash --noprofile --norc -e -o pipefail {0}
CD / Deploy to staging	UNKNOWN STEP	2026-10-07T13:13:20.8004290Z env:
CD / Deploy to staging	UNKNOWN STEP	2026-10-07T13:13:20.8004420Z   APP_DIR: labs/16-github-actions
CD / Deploy to staging	UNKNOWN STEP	2026-10-07T13:13:20.8004592Z   IMAGE_NAME: yatri-fare-api
CD / Deploy to staging	UNKNOWN STEP	2026-10-07T13:13:20.8004739Z ##[endgroup]
CD / Deploy to staging	UNKNOWN STEP	2026-10-07T13:13:20.9028403Z session16-yatri-staging
CD / Deploy to staging	UNKNOWN STEP	2026-10-07T13:13:21.6003961Z Untagged: yatri-fare-api:1.0.4-ff4c890
CD / Deploy to staging	UNKNOWN STEP	2026-10-07T13:13:21.6004289Z Deleted: sha256:4b97f94ff6b0114e1bd489e6bd39781e39f19914e951709c696c40add2cc5e54
CD / Deploy to staging	UNKNOWN STEP	2026-10-07T13:13:21.6004609Z Deleted: sha256:9a433dd7ea0ff99c37233ade33737a56c2612852b2ad8717b368fbe5980b0da2
CD / Deploy to staging	UNKNOWN STEP	2026-10-07T13:13:21.6004950Z Deleted: sha256:6bd1ec69615ccc3ed54d8d1ce59ba3af48c026c26df264289f0544c5b18fae9f
CD / Deploy to staging	UNKNOWN STEP	2026-10-07T13:13:21.6005315Z Deleted: sha256:cd3521b145d9a46cde65d0ffbfd464c053df8e0fc58f1bef2e29ffefff1528e6
CD / Deploy to staging	UNKNOWN STEP	2026-10-07T13:13:21.6005621Z Deleted: sha256:bc7368b6341fcecd89ec9796ac7cb8445c4a965873d75918428a808db2ffa419
CD / Deploy to staging	UNKNOWN STEP	2026-10-07T13:13:21.6005925Z Deleted: sha256:94d8dac4b1a5ff62b6fc5508ed2864d0774633caeae907510de94525a8ae659d
CD / Deploy to staging	UNKNOWN STEP	2026-10-07T13:13:21.6006234Z Deleted: sha256:d463f21e9c3c1552256d96cee6bb5b3c47a63bcc5b629a30b7ceddf734aa291a
CD / Deploy to staging	UNKNOWN STEP	2026-10-07T13:13:21.6006552Z Deleted: sha256:afec705b0bf33a9b4f3f124f3d342468fa38fd54c49709b85646fd0e507139ed
CD / Deploy to staging	UNKNOWN STEP	2026-10-07T13:13:21.6006863Z Deleted: sha256:7bdc7c16b8268aea5ebb6fd9a7efa91c239a0d0c3053ec1ff2b151c910552e45
CD / Deploy to staging	UNKNOWN STEP	2026-10-07T13:13:21.6007171Z Deleted: sha256:15f1c8eb1ab18eae260c7fb6296434cbe1ff0e1e30fd814ae92a80dd54005e62
CD / Deploy to staging	UNKNOWN STEP	2026-10-07T13:13:21.6075416Z Cleaning up orphan processes
CD / Deploy to staging	UNKNOWN STEP	2026-10-07T13:13:21.6326790Z ##[warning]Node.js 20 is deprecated. The following actions target Node.js 20 but are being forced to run on Node.js 24: actions/download-artifact@v4. For more information see: https://github.blog/changelog/2025-09-19-deprecation-of-node-20-on-github-actions-runners/
Pipeline summary	Set up job	﻿2026-10-07T13:13:28.5909095Z Current runner version: '2.337.0'
Pipeline summary	Set up job	2026-10-07T13:13:28.5938079Z ##[group]Runner Image Provisioner
Pipeline summary	Set up job	2026-10-07T13:13:28.5939014Z Hosted Compute Agent
Pipeline summary	Set up job	2026-10-07T13:13:28.5939751Z Version: 20261002.596
Pipeline summary	Set up job	2026-10-07T13:13:28.5940414Z Commit: c3d12f3313a95f25162a1503be624f3b0617f8c0
Pipeline summary	Set up job	2026-10-07T13:13:28.5941280Z Build Date: 2026-10-02T22:28:27Z
Pipeline summary	Set up job	2026-10-07T13:13:28.5942003Z Worker ID: {cbdec3c8-5780-4f3c-b52e-aa5e146a38a1}
Pipeline summary	Set up job	2026-10-07T13:13:28.5942743Z Region: westus
Pipeline summary	Set up job	2026-10-07T13:13:28.5943363Z Cloud: Azure
Pipeline summary	Set up job	2026-10-07T13:13:28.5943931Z ##[endgroup]
Pipeline summary	Set up job	2026-10-07T13:13:28.5945691Z ##[group]Operating System
Pipeline summary	Set up job	2026-10-07T13:13:28.5946464Z Ubuntu
Pipeline summary	Set up job	2026-10-07T13:13:28.5947038Z 24.04.5
Pipeline summary	Set up job	2026-10-07T13:13:28.5947635Z LTS
Pipeline summary	Set up job	2026-10-07T13:13:28.5948212Z ##[endgroup]
Pipeline summary	Set up job	2026-10-07T13:13:28.5948865Z ##[group]Runner Image
Pipeline summary	Set up job	2026-10-07T13:13:28.5949559Z Image: ubuntu-24.04
Pipeline summary	Set up job	2026-10-07T13:13:28.5950161Z Version: 20261004.327.1
Pipeline summary	Set up job	2026-10-07T13:13:28.5951313Z Included Software: https://github.com/actions/runner-images/blob/ubuntu24/20261004.327/images/ubuntu/Ubuntu2404-Readme.md
Pipeline summary	Set up job	2026-10-07T13:13:28.5953153Z Image Release: https://github.com/actions/runner-images/releases/tag/ubuntu24%2F20261004.327
Pipeline summary	Set up job	2026-10-07T13:13:28.5954235Z ##[endgroup]
Pipeline summary	Set up job	2026-10-07T13:13:28.5955662Z ##[group]GITHUB_TOKEN Permissions
Pipeline summary	Set up job	2026-10-07T13:13:28.5958065Z Contents: read
Pipeline summary	Set up job	2026-10-07T13:13:28.5958752Z Metadata: read
Pipeline summary	Set up job	2026-10-07T13:13:28.5959415Z ##[endgroup]
Pipeline summary	Set up job	2026-10-07T13:13:28.5961605Z Secret source: Actions
Pipeline summary	Set up job	2026-10-07T13:13:28.5962696Z Cache mode: write
Pipeline summary	Set up job	2026-10-07T13:13:28.5963463Z Prepare workflow directory
Pipeline summary	Set up job	2026-10-07T13:13:28.6433954Z Prepare all required actions
Pipeline summary	Set up job	2026-10-07T13:13:28.6503247Z Complete job name: Pipeline summary
Pipeline summary	Print every job result	﻿2026-10-07T13:13:28.7471055Z ##[group]Run echo "lint         : success"
Pipeline summary	Print every job result	2026-10-07T13:13:28.7472364Z [36;1mecho "lint         : success"[0m
Pipeline summary	Print every job result	2026-10-07T13:13:28.7473401Z [36;1mecho "test         : success"[0m
Pipeline summary	Print every job result	2026-10-07T13:13:28.7474841Z [36;1mecho "package      : success"[0m
Pipeline summary	Print every job result	2026-10-07T13:13:28.7476123Z [36;1mecho "docker-build : success"[0m
Pipeline summary	Print every job result	2026-10-07T13:13:28.7477423Z [36;1mecho "deploy       : success"[0m
Pipeline summary	Print every job result	2026-10-07T13:13:28.8291483Z shell: /usr/bin/bash --noprofile --norc -e -o pipefail {0}
Pipeline summary	Print every job result	2026-10-07T13:13:28.8292737Z env:
Pipeline summary	Print every job result	2026-10-07T13:13:28.8293324Z   APP_DIR: labs/16-github-actions
Pipeline summary	Print every job result	2026-10-07T13:13:28.8294128Z   IMAGE_NAME: yatri-fare-api
Pipeline summary	Print every job result	2026-10-07T13:13:28.8294813Z ##[endgroup]
Pipeline summary	Print every job result	2026-10-07T13:13:28.8542979Z lint         : success
Pipeline summary	Print every job result	2026-10-07T13:13:28.8543933Z test         : success
Pipeline summary	Print every job result	2026-10-07T13:13:28.8544601Z package      : success
Pipeline summary	Print every job result	2026-10-07T13:13:28.8545582Z docker-build : success
Pipeline summary	Print every job result	2026-10-07T13:13:28.8546272Z deploy       : success
Pipeline summary	Report an all-green pipeline	﻿2026-10-07T13:13:28.8833786Z ##[group]Run echo "every stage succeeded, the artifact is ready for promotion"
Pipeline summary	Report an all-green pipeline	2026-10-07T13:13:28.8834846Z [36;1mecho "every stage succeeded, the artifact is ready for promotion"[0m
Pipeline summary	Report an all-green pipeline	2026-10-07T13:13:28.8906949Z shell: /usr/bin/bash --noprofile --norc -e -o pipefail {0}
Pipeline summary	Report an all-green pipeline	2026-10-07T13:13:28.8907658Z env:
Pipeline summary	Report an all-green pipeline	2026-10-07T13:13:28.8908111Z   APP_DIR: labs/16-github-actions
Pipeline summary	Report an all-green pipeline	2026-10-07T13:13:28.8908680Z   IMAGE_NAME: yatri-fare-api
Pipeline summary	Report an all-green pipeline	2026-10-07T13:13:28.8909180Z ##[endgroup]
Pipeline summary	Report an all-green pipeline	2026-10-07T13:13:28.9004329Z every stage succeeded, the artifact is ready for promotion
Pipeline summary	Complete job	﻿2026-10-07T13:13:28.9093514Z Cleaning up orphan processes
