1 Build	Set up job	﻿2026-10-07T13:48:02.2388951Z Current runner version: '2.337.0'
1 Build	Set up job	2026-10-07T13:48:02.2414558Z ##[group]Runner Image Provisioner
1 Build	Set up job	2026-10-07T13:48:02.2415925Z Hosted Compute Agent
1 Build	Set up job	2026-10-07T13:48:02.2416632Z Version: 20260901.588
1 Build	Set up job	2026-10-07T13:48:02.2417386Z Commit: f88ec8081b781fac6c440065ac7ff9e710ce3d0b
1 Build	Set up job	2026-10-07T13:48:02.2418126Z Build Date: 2026-09-01T19:56:44Z
1 Build	Set up job	2026-10-07T13:48:02.2418784Z Worker ID: {0098c539-d753-4519-90e6-6cd359a75e4b}
1 Build	Set up job	2026-10-07T13:48:02.2419548Z Azure Region: westus
1 Build	Set up job	2026-10-07T13:48:02.2420154Z ##[endgroup]
1 Build	Set up job	2026-10-07T13:48:02.2421868Z ##[group]Operating System
1 Build	Set up job	2026-10-07T13:48:02.2422567Z Ubuntu
1 Build	Set up job	2026-10-07T13:48:02.2423093Z 24.04.5
1 Build	Set up job	2026-10-07T13:48:02.2424090Z LTS
1 Build	Set up job	2026-10-07T13:48:02.2424627Z ##[endgroup]
1 Build	Set up job	2026-10-07T13:48:02.2425252Z ##[group]Runner Image
1 Build	Set up job	2026-10-07T13:48:02.2426100Z Image: ubuntu-24.04
1 Build	Set up job	2026-10-07T13:48:02.2426677Z Version: 20260927.320.1
1 Build	Set up job	2026-10-07T13:48:02.2427823Z Included Software: https://github.com/actions/runner-images/blob/ubuntu24/20260927.320/images/ubuntu/Ubuntu2404-Readme.md
1 Build	Set up job	2026-10-07T13:48:02.2429657Z Image Release: https://github.com/actions/runner-images/releases/tag/ubuntu24%2F20260927.320
1 Build	Set up job	2026-10-07T13:48:02.2430639Z ##[endgroup]
1 Build	Set up job	2026-10-07T13:48:02.2431703Z ##[group]GITHUB_TOKEN Permissions
1 Build	Set up job	2026-10-07T13:48:02.2433969Z Contents: read
1 Build	Set up job	2026-10-07T13:48:02.2434612Z Metadata: read
1 Build	Set up job	2026-10-07T13:48:02.2435268Z ##[endgroup]
1 Build	Set up job	2026-10-07T13:48:02.2437573Z Secret source: Actions
1 Build	Set up job	2026-10-07T13:48:02.2438683Z Cache mode: write
1 Build	Set up job	2026-10-07T13:48:02.2439392Z Prepare workflow directory
1 Build	Set up job	2026-10-07T13:48:02.2871196Z Prepare all required actions
1 Build	Set up job	2026-10-07T13:48:02.2922153Z Getting action download info
1 Build	Set up job	2026-10-07T13:48:02.6818141Z Download action repository 'actions/checkout@v4' (SHA:11d5960a326750d5838078e36cf38b85af677262)
1 Build	Set up job	2026-10-07T13:48:02.7957927Z Download action repository 'actions/setup-python@v5' (SHA:a26af69be951a213d495a4c3e4e4022e16d87065)
1 Build	Set up job	2026-10-07T13:48:02.9256206Z Download action repository 'actions/upload-artifact@v4' (SHA:ea165f8d65b6e75b540449e92b4886f43607fa02)
1 Build	Set up job	2026-10-07T13:48:03.1970817Z Complete job name: 1 Build
1 Build	Checkout code	﻿2026-10-07T13:48:03.2742791Z ##[group]Run actions/checkout@v4
1 Build	Checkout code	2026-10-07T13:48:03.2743800Z with:
1 Build	Checkout code	2026-10-07T13:48:03.2744290Z   repository: AmanYadav7015/devops-coursework
1 Build	Checkout code	2026-10-07T13:48:03.2748349Z   token: ***
1 Build	Checkout code	2026-10-07T13:48:03.2748787Z   ssh-strict: true
1 Build	Checkout code	2026-10-07T13:48:03.2749223Z   ssh-user: git
1 Build	Checkout code	2026-10-07T13:48:03.2749671Z   persist-credentials: true
1 Build	Checkout code	2026-10-07T13:48:03.2750152Z   clean: true
1 Build	Checkout code	2026-10-07T13:48:03.2750591Z   sparse-checkout-cone-mode: true
1 Build	Checkout code	2026-10-07T13:48:03.2751104Z   fetch-depth: 1
1 Build	Checkout code	2026-10-07T13:48:03.2751525Z   fetch-tags: false
1 Build	Checkout code	2026-10-07T13:48:03.2751962Z   show-progress: true
1 Build	Checkout code	2026-10-07T13:48:03.2752401Z   lfs: false
1 Build	Checkout code	2026-10-07T13:48:03.2752803Z   submodules: false
1 Build	Checkout code	2026-10-07T13:48:03.2753239Z   set-safe-directory: true
1 Build	Checkout code	2026-10-07T13:48:03.2753728Z   allow-unsafe-pr-checkout: false
1 Build	Checkout code	2026-10-07T13:48:03.2754488Z env:
1 Build	Checkout code	2026-10-07T13:48:03.2754921Z   APP_DIR: labs/17-devsecops
1 Build	Checkout code	2026-10-07T13:48:03.2755423Z   IMAGE_NAME: claim-check-api
1 Build	Checkout code	2026-10-07T13:48:03.2756116Z   TRIVY_VERSION: 0.75.0
1 Build	Checkout code	2026-10-07T13:48:03.2756615Z   GITLEAKS_VERSION: 8.30.1
1 Build	Checkout code	2026-10-07T13:48:03.2757097Z   PYTHON_VERSION: 3.13
1 Build	Checkout code	2026-10-07T13:48:03.2757545Z ##[endgroup]
1 Build	Checkout code	2026-10-07T13:48:03.3817511Z Syncing repository: AmanYadav7015/devops-coursework
1 Build	Checkout code	2026-10-07T13:48:03.3820025Z ##[group]Getting Git version info
1 Build	Checkout code	2026-10-07T13:48:03.3820970Z Working directory is '/home/runner/work/devops-coursework/devops-coursework'
1 Build	Checkout code	2026-10-07T13:48:03.3822102Z [command]/usr/bin/git version
1 Build	Checkout code	2026-10-07T13:48:03.3913284Z git version 2.55.0
1 Build	Checkout code	2026-10-07T13:48:03.3937032Z ##[endgroup]
1 Build	Checkout code	2026-10-07T13:48:03.3957105Z Temporarily overriding HOME='/home/runner/work/_temp/977fde1d-3bfb-442c-b2f7-660376b191ea' before making global git config changes
1 Build	Checkout code	2026-10-07T13:48:03.3959596Z Adding repository directory to the temporary git global config as a safe directory
1 Build	Checkout code	2026-10-07T13:48:03.3967976Z [command]/usr/bin/git config --global --add safe.directory /home/runner/work/devops-coursework/devops-coursework
1 Build	Checkout code	2026-10-07T13:48:03.4021678Z Deleting the contents of '/home/runner/work/devops-coursework/devops-coursework'
1 Build	Checkout code	2026-10-07T13:48:03.4027981Z ##[group]Initializing the repository
1 Build	Checkout code	2026-10-07T13:48:03.4033210Z [command]/usr/bin/git init /home/runner/work/devops-coursework/devops-coursework
1 Build	Checkout code	2026-10-07T13:48:03.4144571Z hint: Using 'master' as the name for the initial branch. This default branch name
1 Build	Checkout code	2026-10-07T13:48:03.4146393Z hint: will change to "main" in Git 3.0. To configure the initial branch name
1 Build	Checkout code	2026-10-07T13:48:03.4150086Z hint: to use in all of your new repositories, which will suppress this warning,
1 Build	Checkout code	2026-10-07T13:48:03.4151564Z hint: call:
1 Build	Checkout code	2026-10-07T13:48:03.4152347Z hint:
1 Build	Checkout code	2026-10-07T13:48:03.4153264Z hint: 	git config --global init.defaultBranch <name>
1 Build	Checkout code	2026-10-07T13:48:03.4154412Z hint:
1 Build	Checkout code	2026-10-07T13:48:03.4155761Z hint: Names commonly chosen instead of 'master' are 'main', 'trunk' and
1 Build	Checkout code	2026-10-07T13:48:03.4157408Z hint: 'development'. The just-created branch can be renamed via this command:
1 Build	Checkout code	2026-10-07T13:48:03.4158725Z hint:
1 Build	Checkout code	2026-10-07T13:48:03.4159547Z hint: 	git branch -m <name>
1 Build	Checkout code	2026-10-07T13:48:03.4160495Z hint:
1 Build	Checkout code	2026-10-07T13:48:03.4161696Z hint: Disable this message with "git config set advice.defaultBranchName false"
1 Build	Checkout code	2026-10-07T13:48:03.4163795Z Initialized empty Git repository in /home/runner/work/devops-coursework/devops-coursework/.git/
1 Build	Checkout code	2026-10-07T13:48:03.4167453Z [command]/usr/bin/git remote add origin https://github.com/AmanYadav7015/devops-coursework
1 Build	Checkout code	2026-10-07T13:48:03.4221563Z ##[endgroup]
1 Build	Checkout code	2026-10-07T13:48:03.4222919Z ##[group]Disabling automatic garbage collection
1 Build	Checkout code	2026-10-07T13:48:03.4226593Z [command]/usr/bin/git config --local gc.auto 0
1 Build	Checkout code	2026-10-07T13:48:03.4262398Z ##[endgroup]
1 Build	Checkout code	2026-10-07T13:48:03.4263856Z ##[group]Setting up auth
1 Build	Checkout code	2026-10-07T13:48:03.4271527Z [command]/usr/bin/git config --local --name-only --get-regexp core\.sshCommand
1 Build	Checkout code	2026-10-07T13:48:03.4306827Z [command]/usr/bin/git submodule foreach --recursive sh -c "git config --local --name-only --get-regexp 'core\.sshCommand' && git config --local --unset-all 'core.sshCommand' || :"
1 Build	Checkout code	2026-10-07T13:48:03.4694555Z [command]/usr/bin/git config --local --name-only --get-regexp http\.https\:\/\/github\.com\/\.extraheader
1 Build	Checkout code	2026-10-07T13:48:03.4737905Z [command]/usr/bin/git submodule foreach --recursive sh -c "git config --local --name-only --get-regexp 'http\.https\:\/\/github\.com\/\.extraheader' && git config --local --unset-all 'http.https://github.com/.extraheader' || :"
1 Build	Checkout code	2026-10-07T13:48:03.4965395Z [command]/usr/bin/git config --local --name-only --get-regexp ^includeIf\.gitdir:
1 Build	Checkout code	2026-10-07T13:48:03.5001979Z [command]/usr/bin/git submodule foreach --recursive git config --local --show-origin --name-only --get-regexp remote.origin.url
1 Build	Checkout code	2026-10-07T13:48:03.5226537Z [command]/usr/bin/git config --local http.https://github.com/.extraheader AUTHORIZATION: basic ***
1 Build	Checkout code	2026-10-07T13:48:03.5266995Z ##[endgroup]
1 Build	Checkout code	2026-10-07T13:48:03.5268020Z ##[group]Fetching the repository
1 Build	Checkout code	2026-10-07T13:48:03.5277953Z [command]/usr/bin/git -c protocol.version=2 fetch --no-tags --prune --no-recurse-submodules --depth=1 origin +93abcaeb1fb8d12fa938e9f322c07aa15533f82e:refs/remotes/origin/session-17-devsecops-ci
1 Build	Checkout code	2026-10-07T13:48:05.3736767Z From https://github.com/AmanYadav7015/devops-coursework
1 Build	Checkout code	2026-10-07T13:48:05.3738757Z  * [new ref]         93abcaeb1fb8d12fa938e9f322c07aa15533f82e -> origin/session-17-devsecops-ci
1 Build	Checkout code	2026-10-07T13:48:05.3742282Z ##[endgroup]
1 Build	Checkout code	2026-10-07T13:48:05.3742995Z ##[group]Determining the checkout info
1 Build	Checkout code	2026-10-07T13:48:05.3744307Z ##[endgroup]
1 Build	Checkout code	2026-10-07T13:48:05.3750951Z [command]/usr/bin/git sparse-checkout disable
1 Build	Checkout code	2026-10-07T13:48:05.3806061Z [command]/usr/bin/git config --local --unset-all extensions.worktreeConfig
1 Build	Checkout code	2026-10-07T13:48:05.3847148Z ##[group]Checking out the ref
1 Build	Checkout code	2026-10-07T13:48:05.3851062Z [command]/usr/bin/git checkout --progress --force -B session-17-devsecops-ci refs/remotes/origin/session-17-devsecops-ci
1 Build	Checkout code	2026-10-07T13:48:05.5050967Z Switched to a new branch 'session-17-devsecops-ci'
1 Build	Checkout code	2026-10-07T13:48:05.5056181Z branch 'session-17-devsecops-ci' set up to track 'origin/session-17-devsecops-ci'.
1 Build	Checkout code	2026-10-07T13:48:05.5066848Z ##[endgroup]
1 Build	Checkout code	2026-10-07T13:48:05.5115145Z [command]/usr/bin/git log -1 --format=%H
1 Build	Checkout code	2026-10-07T13:48:05.5143100Z 93abcaeb1fb8d12fa938e9f322c07aa15533f82e
1 Build	Setup Python	﻿2026-10-07T13:48:05.5421466Z ##[group]Run actions/setup-python@v5
1 Build	Setup Python	2026-10-07T13:48:05.5421911Z with:
1 Build	Setup Python	2026-10-07T13:48:05.5422176Z   python-version: 3.13
1 Build	Setup Python	2026-10-07T13:48:05.5422476Z   check-latest: false
1 Build	Setup Python	2026-10-07T13:48:05.5425087Z   token: ***
1 Build	Setup Python	2026-10-07T13:48:05.5425366Z   update-environment: true
1 Build	Setup Python	2026-10-07T13:48:05.5425930Z   allow-prereleases: false
1 Build	Setup Python	2026-10-07T13:48:05.5426234Z   freethreaded: false
1 Build	Setup Python	2026-10-07T13:48:05.5426496Z env:
1 Build	Setup Python	2026-10-07T13:48:05.5426746Z   APP_DIR: labs/17-devsecops
1 Build	Setup Python	2026-10-07T13:48:05.5427045Z   IMAGE_NAME: claim-check-api
1 Build	Setup Python	2026-10-07T13:48:05.5497080Z   TRIVY_VERSION: 0.75.0
1 Build	Setup Python	2026-10-07T13:48:05.5497735Z   GITLEAKS_VERSION: 8.30.1
1 Build	Setup Python	2026-10-07T13:48:05.5498366Z   PYTHON_VERSION: 3.13
1 Build	Setup Python	2026-10-07T13:48:05.5498920Z ##[endgroup]
1 Build	Setup Python	2026-10-07T13:48:05.6818925Z ##[group]Installed versions
1 Build	Setup Python	2026-10-07T13:48:05.6901506Z (node:2270) [DEP0040] DeprecationWarning: The `punycode` module is deprecated. Please use a userland alternative instead.
1 Build	Setup Python	2026-10-07T13:48:05.6902945Z (Use `node --trace-deprecation ...` to show where the warning was created)
1 Build	Setup Python	2026-10-07T13:48:05.6903942Z Successfully set up CPython (3.13.15)
1 Build	Setup Python	2026-10-07T13:48:05.6904697Z ##[endgroup]
1 Build	Resolve the version and the registry reference	﻿2026-10-07T13:48:05.7090632Z ##[group]Run APP_VERSION="1.0.${GITHUB_RUN_NUMBER}+${GITHUB_SHA::7}"
1 Build	Resolve the version and the registry reference	2026-10-07T13:48:05.7091345Z [36;1mAPP_VERSION="1.0.${GITHUB_RUN_NUMBER}+${GITHUB_SHA::7}"[0m
1 Build	Resolve the version and the registry reference	2026-10-07T13:48:05.7091854Z [36;1mIMAGE_TAG="1.0.${GITHUB_RUN_NUMBER}-${GITHUB_SHA::7}"[0m
1 Build	Resolve the version and the registry reference	2026-10-07T13:48:05.7092367Z [36;1mOWNER_REPO=$(echo "${GITHUB_REPOSITORY}" | tr '[:upper:]' '[:lower:]')[0m
1 Build	Resolve the version and the registry reference	2026-10-07T13:48:05.7092875Z [36;1mIMAGE_REPO="ghcr.io/${OWNER_REPO}/${IMAGE_NAME}"[0m
1 Build	Resolve the version and the registry reference	2026-10-07T13:48:05.7093331Z [36;1mecho "app_version=${APP_VERSION}" >> "$GITHUB_OUTPUT"[0m
1 Build	Resolve the version and the registry reference	2026-10-07T13:48:05.7093777Z [36;1mecho "image_tag=${IMAGE_TAG}" >> "$GITHUB_OUTPUT"[0m
1 Build	Resolve the version and the registry reference	2026-10-07T13:48:05.7094238Z [36;1mecho "image_repo=${IMAGE_REPO}" >> "$GITHUB_OUTPUT"[0m
1 Build	Resolve the version and the registry reference	2026-10-07T13:48:05.7094658Z [36;1mecho "application version : ${APP_VERSION}"[0m
1 Build	Resolve the version and the registry reference	2026-10-07T13:48:05.7095046Z [36;1mecho "image tag           : ${IMAGE_TAG}"[0m
1 Build	Resolve the version and the registry reference	2026-10-07T13:48:05.7095755Z [36;1mecho "registry reference  : ${IMAGE_REPO}:${IMAGE_TAG}"[0m
1 Build	Resolve the version and the registry reference	2026-10-07T13:48:05.7500662Z shell: /usr/bin/bash --noprofile --norc -e -o pipefail {0}
1 Build	Resolve the version and the registry reference	2026-10-07T13:48:05.7501308Z env:
1 Build	Resolve the version and the registry reference	2026-10-07T13:48:05.7501654Z   APP_DIR: labs/17-devsecops
1 Build	Resolve the version and the registry reference	2026-10-07T13:48:05.7502053Z   IMAGE_NAME: claim-check-api
1 Build	Resolve the version and the registry reference	2026-10-07T13:48:05.7502437Z   TRIVY_VERSION: 0.75.0
1 Build	Resolve the version and the registry reference	2026-10-07T13:48:05.7502794Z   GITLEAKS_VERSION: 8.30.1
1 Build	Resolve the version and the registry reference	2026-10-07T13:48:05.7503157Z   PYTHON_VERSION: 3.13
1 Build	Resolve the version and the registry reference	2026-10-07T13:48:05.7503594Z   pythonLocation: /opt/hostedtoolcache/Python/3.13.15/x64
1 Build	Resolve the version and the registry reference	2026-10-07T13:48:05.7504239Z   PKG_CONFIG_PATH: /opt/hostedtoolcache/Python/3.13.15/x64/lib/pkgconfig
1 Build	Resolve the version and the registry reference	2026-10-07T13:48:05.7504891Z   Python_ROOT_DIR: /opt/hostedtoolcache/Python/3.13.15/x64
1 Build	Resolve the version and the registry reference	2026-10-07T13:48:05.7505695Z   Python2_ROOT_DIR: /opt/hostedtoolcache/Python/3.13.15/x64
1 Build	Resolve the version and the registry reference	2026-10-07T13:48:05.7506305Z   Python3_ROOT_DIR: /opt/hostedtoolcache/Python/3.13.15/x64
1 Build	Resolve the version and the registry reference	2026-10-07T13:48:05.7506904Z   LD_LIBRARY_PATH: /opt/hostedtoolcache/Python/3.13.15/x64/lib
1 Build	Resolve the version and the registry reference	2026-10-07T13:48:05.7507415Z ##[endgroup]
1 Build	Resolve the version and the registry reference	2026-10-07T13:48:05.7692887Z application version : 1.0.4+93abcae
1 Build	Resolve the version and the registry reference	2026-10-07T13:48:05.7693640Z image tag           : 1.0.4-93abcae
1 Build	Resolve the version and the registry reference	2026-10-07T13:48:05.7694734Z registry reference  : ghcr.io/amanyadav7015/devops-coursework/claim-check-api:1.0.4-93abcae
1 Build	Install runtime dependencies	﻿2026-10-07T13:48:05.7753438Z ##[group]Run python -m pip install --upgrade pip
1 Build	Install runtime dependencies	2026-10-07T13:48:05.7753972Z [36;1mpython -m pip install --upgrade pip[0m
1 Build	Install runtime dependencies	2026-10-07T13:48:05.7754363Z [36;1mpip install -r requirements.txt[0m
1 Build	Install runtime dependencies	2026-10-07T13:48:05.7754696Z [36;1mpip list[0m
1 Build	Install runtime dependencies	2026-10-07T13:48:05.7817944Z shell: /usr/bin/bash --noprofile --norc -e -o pipefail {0}
1 Build	Install runtime dependencies	2026-10-07T13:48:05.7818373Z env:
1 Build	Install runtime dependencies	2026-10-07T13:48:05.7818818Z   APP_DIR: labs/17-devsecops
1 Build	Install runtime dependencies	2026-10-07T13:48:05.7819139Z   IMAGE_NAME: claim-check-api
1 Build	Install runtime dependencies	2026-10-07T13:48:05.7819441Z   TRIVY_VERSION: 0.75.0
1 Build	Install runtime dependencies	2026-10-07T13:48:05.7819714Z   GITLEAKS_VERSION: 8.30.1
1 Build	Install runtime dependencies	2026-10-07T13:48:05.7819996Z   PYTHON_VERSION: 3.13
1 Build	Install runtime dependencies	2026-10-07T13:48:05.7820353Z   pythonLocation: /opt/hostedtoolcache/Python/3.13.15/x64
1 Build	Install runtime dependencies	2026-10-07T13:48:05.7820881Z   PKG_CONFIG_PATH: /opt/hostedtoolcache/Python/3.13.15/x64/lib/pkgconfig
1 Build	Install runtime dependencies	2026-10-07T13:48:05.7821392Z   Python_ROOT_DIR: /opt/hostedtoolcache/Python/3.13.15/x64
1 Build	Install runtime dependencies	2026-10-07T13:48:05.7821858Z   Python2_ROOT_DIR: /opt/hostedtoolcache/Python/3.13.15/x64
1 Build	Install runtime dependencies	2026-10-07T13:48:05.7822344Z   Python3_ROOT_DIR: /opt/hostedtoolcache/Python/3.13.15/x64
1 Build	Install runtime dependencies	2026-10-07T13:48:05.7822807Z   LD_LIBRARY_PATH: /opt/hostedtoolcache/Python/3.13.15/x64/lib
1 Build	Install runtime dependencies	2026-10-07T13:48:05.7823189Z ##[endgroup]
1 Build	Install runtime dependencies	2026-10-07T13:48:08.5953548Z Requirement already satisfied: pip in /opt/hostedtoolcache/Python/3.13.15/x64/lib/python3.13/site-packages (26.2.1)
1 Build	Install runtime dependencies	2026-10-07T13:48:09.7909949Z Collecting Flask==3.1.3 (from -r requirements.txt (line 1))
1 Build	Install runtime dependencies	2026-10-07T13:48:09.8404020Z   Downloading flask-3.1.3-py3-none-any.whl.metadata (3.2 kB)
1 Build	Install runtime dependencies	2026-10-07T13:48:09.8633555Z Collecting Werkzeug==3.1.9 (from -r requirements.txt (line 2))
1 Build	Install runtime dependencies	2026-10-07T13:48:09.8665660Z   Downloading werkzeug-3.1.9-py3-none-any.whl.metadata (4.1 kB)
1 Build	Install runtime dependencies	2026-10-07T13:48:09.8807634Z Collecting Jinja2==3.1.6 (from -r requirements.txt (line 3))
1 Build	Install runtime dependencies	2026-10-07T13:48:09.8838358Z   Downloading jinja2-3.1.6-py3-none-any.whl.metadata (2.9 kB)
1 Build	Install runtime dependencies	2026-10-07T13:48:09.9201397Z Collecting PyYAML==6.0.3 (from -r requirements.txt (line 4))
1 Build	Install runtime dependencies	2026-10-07T13:48:09.9233712Z   Downloading pyyaml-6.0.3-cp313-cp313-manylinux2014_x86_64.manylinux_2_17_x86_64.manylinux_2_28_x86_64.whl.metadata (2.4 kB)
1 Build	Install runtime dependencies	2026-10-07T13:48:09.9414864Z Collecting requests==2.34.2 (from -r requirements.txt (line 5))
1 Build	Install runtime dependencies	2026-10-07T13:48:09.9449104Z   Downloading requests-2.34.2-py3-none-any.whl.metadata (4.8 kB)
1 Build	Install runtime dependencies	2026-10-07T13:48:09.9624671Z Collecting urllib3==2.8.0 (from -r requirements.txt (line 6))
1 Build	Install runtime dependencies	2026-10-07T13:48:09.9658048Z   Downloading urllib3-2.8.0-py3-none-any.whl.metadata (7.4 kB)
1 Build	Install runtime dependencies	2026-10-07T13:48:09.9816680Z Collecting certifi==2026.7.22 (from -r requirements.txt (line 7))
1 Build	Install runtime dependencies	2026-10-07T13:48:09.9846266Z   Downloading certifi-2026.7.22-py3-none-any.whl.metadata (2.5 kB)
1 Build	Install runtime dependencies	2026-10-07T13:48:09.9991586Z Collecting gunicorn==26.2.0 (from -r requirements.txt (line 8))
1 Build	Install runtime dependencies	2026-10-07T13:48:10.0021465Z   Downloading gunicorn-26.2.0-py3-none-any.whl.metadata (5.5 kB)
1 Build	Install runtime dependencies	2026-10-07T13:48:10.0141441Z Collecting blinker>=1.9.0 (from Flask==3.1.3->-r requirements.txt (line 1))
1 Build	Install runtime dependencies	2026-10-07T13:48:10.0170394Z   Downloading blinker-1.9.0-py3-none-any.whl.metadata (1.6 kB)
1 Build	Install runtime dependencies	2026-10-07T13:48:10.0333870Z Collecting click>=8.1.3 (from Flask==3.1.3->-r requirements.txt (line 1))
1 Build	Install runtime dependencies	2026-10-07T13:48:10.0363064Z   Downloading click-8.5.0-py3-none-any.whl.metadata (2.6 kB)
1 Build	Install runtime dependencies	2026-10-07T13:48:10.0462430Z Collecting itsdangerous>=2.2.0 (from Flask==3.1.3->-r requirements.txt (line 1))
1 Build	Install runtime dependencies	2026-10-07T13:48:10.0491195Z   Downloading itsdangerous-2.2.0-py3-none-any.whl.metadata (1.9 kB)
1 Build	Install runtime dependencies	2026-10-07T13:48:10.1017932Z Collecting markupsafe>=2.1.1 (from Flask==3.1.3->-r requirements.txt (line 1))
1 Build	Install runtime dependencies	2026-10-07T13:48:10.1050057Z   Downloading markupsafe-3.0.4-cp313-cp313-manylinux2014_x86_64.manylinux_2_17_x86_64.manylinux_2_28_x86_64.whl.metadata (2.7 kB)
1 Build	Install runtime dependencies	2026-10-07T13:48:10.2259311Z Collecting charset_normalizer<4,>=2 (from requests==2.34.2->-r requirements.txt (line 5))
1 Build	Install runtime dependencies	2026-10-07T13:48:10.2290021Z   Downloading charset_normalizer-3.5.2-cp313-cp313-manylinux2014_x86_64.manylinux_2_17_x86_64.manylinux_2_28_x86_64.whl.metadata (46 kB)
1 Build	Install runtime dependencies	2026-10-07T13:48:10.2462910Z Collecting idna<4,>=2.5 (from requests==2.34.2->-r requirements.txt (line 5))
1 Build	Install runtime dependencies	2026-10-07T13:48:10.2494221Z   Downloading idna-3.20-py3-none-any.whl.metadata (7.2 kB)
1 Build	Install runtime dependencies	2026-10-07T13:48:10.2606233Z Downloading flask-3.1.3-py3-none-any.whl (103 kB)
1 Build	Install runtime dependencies	2026-10-07T13:48:10.2668155Z Downloading werkzeug-3.1.9-py3-none-any.whl (228 kB)
1 Build	Install runtime dependencies	2026-10-07T13:48:10.2732947Z Downloading jinja2-3.1.6-py3-none-any.whl (134 kB)
1 Build	Install runtime dependencies	2026-10-07T13:48:10.2784790Z Downloading pyyaml-6.0.3-cp313-cp313-manylinux2014_x86_64.manylinux_2_17_x86_64.manylinux_2_28_x86_64.whl (801 kB)
1 Build	Install runtime dependencies	2026-10-07T13:48:10.2867688Z    ━━━━━━━━━━━━━━━━━━━━━━━━━━━━━━━━━━━━━━━━ 801.6/801.6 kB 109.5 MB/s  0:00:00
1 Build	Install runtime dependencies	2026-10-07T13:48:10.2899863Z Downloading requests-2.34.2-py3-none-any.whl (73 kB)
1 Build	Install runtime dependencies	2026-10-07T13:48:10.2952979Z Downloading urllib3-2.8.0-py3-none-any.whl (135 kB)
1 Build	Install runtime dependencies	2026-10-07T13:48:10.3001831Z Downloading certifi-2026.7.22-py3-none-any.whl (136 kB)
1 Build	Install runtime dependencies	2026-10-07T13:48:10.3050855Z Downloading gunicorn-26.2.0-py3-none-any.whl (228 kB)
1 Build	Install runtime dependencies	2026-10-07T13:48:10.3106012Z Downloading charset_normalizer-3.5.2-cp313-cp313-manylinux2014_x86_64.manylinux_2_17_x86_64.manylinux_2_28_x86_64.whl (254 kB)
1 Build	Install runtime dependencies	2026-10-07T13:48:10.3156549Z Downloading idna-3.20-py3-none-any.whl (69 kB)
1 Build	Install runtime dependencies	2026-10-07T13:48:10.3204208Z Downloading blinker-1.9.0-py3-none-any.whl (8.5 kB)
1 Build	Install runtime dependencies	2026-10-07T13:48:10.3251138Z Downloading click-8.5.0-py3-none-any.whl (125 kB)
1 Build	Install runtime dependencies	2026-10-07T13:48:10.3323902Z Downloading itsdangerous-2.2.0-py3-none-any.whl (16 kB)
1 Build	Install runtime dependencies	2026-10-07T13:48:10.3371564Z Downloading markupsafe-3.0.4-cp313-cp313-manylinux2014_x86_64.manylinux_2_17_x86_64.manylinux_2_28_x86_64.whl (23 kB)
1 Build	Install runtime dependencies	2026-10-07T13:48:10.4116300Z Installing collected packages: urllib3, PyYAML, markupsafe, itsdangerous, idna, gunicorn, click, charset_normalizer, certifi, blinker, Werkzeug, requests, Jinja2, Flask
1 Build	Install runtime dependencies	2026-10-07T13:48:11.2382101Z 
1 Build	Install runtime dependencies	2026-10-07T13:48:11.2405084Z Successfully installed Flask-3.1.3 Jinja2-3.1.6 PyYAML-6.0.3 Werkzeug-3.1.9 blinker-1.9.0 certifi-2026.7.22 charset_normalizer-3.5.2 click-8.5.0 gunicorn-26.2.0 idna-3.20 itsdangerous-2.2.0 markupsafe-3.0.4 requests-2.34.2 urllib3-2.8.0
1 Build	Install runtime dependencies	2026-10-07T13:48:11.4708139Z Package            Version
1 Build	Install runtime dependencies	2026-10-07T13:48:11.4709532Z ------------------ ---------
1 Build	Install runtime dependencies	2026-10-07T13:48:11.4711293Z blinker            1.9.0
1 Build	Install runtime dependencies	2026-10-07T13:48:11.4713353Z certifi            2026.7.22
1 Build	Install runtime dependencies	2026-10-07T13:48:11.4715367Z charset-normalizer 3.5.2
1 Build	Install runtime dependencies	2026-10-07T13:48:11.4717434Z click              8.5.0
1 Build	Install runtime dependencies	2026-10-07T13:48:11.4719270Z Flask              3.1.3
1 Build	Install runtime dependencies	2026-10-07T13:48:11.4721107Z gunicorn           26.2.0
1 Build	Install runtime dependencies	2026-10-07T13:48:11.4722944Z idna               3.20
1 Build	Install runtime dependencies	2026-10-07T13:48:11.4724629Z itsdangerous       2.2.0
1 Build	Install runtime dependencies	2026-10-07T13:48:11.4726661Z Jinja2             3.1.6
1 Build	Install runtime dependencies	2026-10-07T13:48:11.4728528Z MarkupSafe         3.0.4
1 Build	Install runtime dependencies	2026-10-07T13:48:11.4730250Z pip                26.2.1
1 Build	Install runtime dependencies	2026-10-07T13:48:11.4732015Z PyYAML             6.0.3
1 Build	Install runtime dependencies	2026-10-07T13:48:11.4733866Z requests           2.34.2
1 Build	Install runtime dependencies	2026-10-07T13:48:11.4735829Z urllib3            2.8.0
1 Build	Install runtime dependencies	2026-10-07T13:48:11.4737753Z Werkzeug           3.1.9
1 Build	Byte-compile the application	﻿2026-10-07T13:48:11.5327843Z ##[group]Run python -m compileall -q app
1 Build	Byte-compile the application	2026-10-07T13:48:11.5328324Z [36;1mpython -m compileall -q app[0m
1 Build	Byte-compile the application	2026-10-07T13:48:11.5329321Z [36;1mpython -c "from app.server import app; print('routes:'); [print(' ', r.rule, sorted(r.methods - {'HEAD', 'OPTIONS'})) for r in app.url_map.iter_rules()]"[0m
1 Build	Byte-compile the application	2026-10-07T13:48:11.5400176Z shell: /usr/bin/bash --noprofile --norc -e -o pipefail {0}
1 Build	Byte-compile the application	2026-10-07T13:48:11.5400589Z env:
1 Build	Byte-compile the application	2026-10-07T13:48:11.5400815Z   APP_DIR: labs/17-devsecops
1 Build	Byte-compile the application	2026-10-07T13:48:11.5401097Z   IMAGE_NAME: claim-check-api
1 Build	Byte-compile the application	2026-10-07T13:48:11.5401366Z   TRIVY_VERSION: 0.75.0
1 Build	Byte-compile the application	2026-10-07T13:48:11.5401610Z   GITLEAKS_VERSION: 8.30.1
1 Build	Byte-compile the application	2026-10-07T13:48:11.5401862Z   PYTHON_VERSION: 3.13
1 Build	Byte-compile the application	2026-10-07T13:48:11.5402175Z   pythonLocation: /opt/hostedtoolcache/Python/3.13.15/x64
1 Build	Byte-compile the application	2026-10-07T13:48:11.5402654Z   PKG_CONFIG_PATH: /opt/hostedtoolcache/Python/3.13.15/x64/lib/pkgconfig
1 Build	Byte-compile the application	2026-10-07T13:48:11.5403128Z   Python_ROOT_DIR: /opt/hostedtoolcache/Python/3.13.15/x64
1 Build	Byte-compile the application	2026-10-07T13:48:11.5403549Z   Python2_ROOT_DIR: /opt/hostedtoolcache/Python/3.13.15/x64
1 Build	Byte-compile the application	2026-10-07T13:48:11.5404023Z   Python3_ROOT_DIR: /opt/hostedtoolcache/Python/3.13.15/x64
1 Build	Byte-compile the application	2026-10-07T13:48:11.5404464Z   LD_LIBRARY_PATH: /opt/hostedtoolcache/Python/3.13.15/x64/lib
1 Build	Byte-compile the application	2026-10-07T13:48:11.5404823Z ##[endgroup]
1 Build	Byte-compile the application	2026-10-07T13:48:12.0727864Z routes:
1 Build	Byte-compile the application	2026-10-07T13:48:12.0728695Z   /static/<path:filename> ['GET']
1 Build	Byte-compile the application	2026-10-07T13:48:12.0729715Z   /health ['GET']
1 Build	Byte-compile the application	2026-10-07T13:48:12.0730302Z   /version ['GET']
1 Build	Byte-compile the application	2026-10-07T13:48:12.0730725Z   /claims/validate ['POST']
1 Build	Byte-compile the application	2026-10-07T13:48:12.0731155Z   /claims/price ['POST']
1 Build	Byte-compile the application	2026-10-07T13:48:12.0731548Z   /claims/batch ['POST']
1 Build	Byte-compile the application	2026-10-07T13:48:12.0731936Z   /policy/apply ['POST']
1 Build	Byte-compile the application	2026-10-07T13:48:12.0732308Z   /fx ['GET']
1 Build	Assemble the deployable package	﻿2026-10-07T13:48:12.1193034Z ##[group]Run rm -rf dist
1 Build	Assemble the deployable package	2026-10-07T13:48:12.1193363Z [36;1mrm -rf dist[0m
1 Build	Assemble the deployable package	2026-10-07T13:48:12.1193591Z [36;1mmkdir -p dist[0m
1 Build	Assemble the deployable package	2026-10-07T13:48:12.1193828Z [36;1mcp -R app dist/app[0m
1 Build	Assemble the deployable package	2026-10-07T13:48:12.1194291Z [36;1mcp Dockerfile .dockerignore requirements.txt dist/[0m
1 Build	Assemble the deployable package	2026-10-07T13:48:12.1194852Z [36;1mfind dist -name '__pycache__' -type d -prune -exec rm -rf {} +[0m
1 Build	Assemble the deployable package	2026-10-07T13:48:12.1195247Z [36;1mcat > dist/build-info.txt <<INFO[0m
1 Build	Assemble the deployable package	2026-10-07T13:48:12.1195861Z [36;1mservice=claim-check-api[0m
1 Build	Assemble the deployable package	2026-10-07T13:48:12.1196300Z [36;1mversion=1.0.4+93abcae[0m
1 Build	Assemble the deployable package	2026-10-07T13:48:12.1196592Z [36;1mimage_tag=1.0.4-93abcae[0m
1 Build	Assemble the deployable package	2026-10-07T13:48:12.1196852Z [36;1mcommit=${GITHUB_SHA}[0m
1 Build	Assemble the deployable package	2026-10-07T13:48:12.1197121Z [36;1mbuilt_at=$(date -u +%Y-%m-%dT%H:%M:%SZ)[0m
1 Build	Assemble the deployable package	2026-10-07T13:48:12.1197568Z [36;1mbuilder=github-actions-${GITHUB_RUN_ID}[0m
1 Build	Assemble the deployable package	2026-10-07T13:48:12.1197929Z [36;1mINFO[0m
1 Build	Assemble the deployable package	2026-10-07T13:48:12.1198132Z [36;1mcat dist/build-info.txt[0m
1 Build	Assemble the deployable package	2026-10-07T13:48:12.1198487Z [36;1mfind dist -type f | sort[0m
1 Build	Assemble the deployable package	2026-10-07T13:48:12.1273445Z shell: /usr/bin/bash --noprofile --norc -e -o pipefail {0}
1 Build	Assemble the deployable package	2026-10-07T13:48:12.1274010Z env:
1 Build	Assemble the deployable package	2026-10-07T13:48:12.1274343Z   APP_DIR: labs/17-devsecops
1 Build	Assemble the deployable package	2026-10-07T13:48:12.1274769Z   IMAGE_NAME: claim-check-api
1 Build	Assemble the deployable package	2026-10-07T13:48:12.1275169Z   TRIVY_VERSION: 0.75.0
1 Build	Assemble the deployable package	2026-10-07T13:48:12.1275791Z   GITLEAKS_VERSION: 8.30.1
1 Build	Assemble the deployable package	2026-10-07T13:48:12.1276032Z   PYTHON_VERSION: 3.13
1 Build	Assemble the deployable package	2026-10-07T13:48:12.1276400Z   pythonLocation: /opt/hostedtoolcache/Python/3.13.15/x64
1 Build	Assemble the deployable package	2026-10-07T13:48:12.1276924Z   PKG_CONFIG_PATH: /opt/hostedtoolcache/Python/3.13.15/x64/lib/pkgconfig
1 Build	Assemble the deployable package	2026-10-07T13:48:12.1277510Z   Python_ROOT_DIR: /opt/hostedtoolcache/Python/3.13.15/x64
1 Build	Assemble the deployable package	2026-10-07T13:48:12.1278174Z   Python2_ROOT_DIR: /opt/hostedtoolcache/Python/3.13.15/x64
1 Build	Assemble the deployable package	2026-10-07T13:48:12.1278837Z   Python3_ROOT_DIR: /opt/hostedtoolcache/Python/3.13.15/x64
1 Build	Assemble the deployable package	2026-10-07T13:48:12.1279494Z   LD_LIBRARY_PATH: /opt/hostedtoolcache/Python/3.13.15/x64/lib
1 Build	Assemble the deployable package	2026-10-07T13:48:12.1280010Z ##[endgroup]
1 Build	Assemble the deployable package	2026-10-07T13:48:12.1799734Z service=claim-check-api
1 Build	Assemble the deployable package	2026-10-07T13:48:12.1800430Z version=1.0.4+93abcae
1 Build	Assemble the deployable package	2026-10-07T13:48:12.1800807Z image_tag=1.0.4-93abcae
1 Build	Assemble the deployable package	2026-10-07T13:48:12.1801149Z commit=93abcaeb1fb8d12fa938e9f322c07aa15533f82e
1 Build	Assemble the deployable package	2026-10-07T13:48:12.1801528Z built_at=2026-10-07T13:48:12Z
1 Build	Assemble the deployable package	2026-10-07T13:48:12.1801871Z builder=github-actions-37631386888
1 Build	Assemble the deployable package	2026-10-07T13:48:12.1818544Z dist/.dockerignore
1 Build	Assemble the deployable package	2026-10-07T13:48:12.1818803Z dist/Dockerfile
1 Build	Assemble the deployable package	2026-10-07T13:48:12.1819029Z dist/app/__init__.py
1 Build	Assemble the deployable package	2026-10-07T13:48:12.1819262Z dist/app/claims.py
1 Build	Assemble the deployable package	2026-10-07T13:48:12.1819483Z dist/app/server.py
1 Build	Assemble the deployable package	2026-10-07T13:48:12.1819685Z dist/build-info.txt
1 Build	Assemble the deployable package	2026-10-07T13:48:12.1819903Z dist/requirements.txt
1 Build	Upload the deployable package	﻿2026-10-07T13:48:12.2278658Z ##[group]Run actions/upload-artifact@v4
1 Build	Upload the deployable package	2026-10-07T13:48:12.2279172Z with:
1 Build	Upload the deployable package	2026-10-07T13:48:12.2279527Z   name: claim-check-api-package
1 Build	Upload the deployable package	2026-10-07T13:48:12.2279984Z   path: labs/17-devsecops/dist
1 Build	Upload the deployable package	2026-10-07T13:48:12.2280411Z   retention-days: 7
1 Build	Upload the deployable package	2026-10-07T13:48:12.2280784Z   if-no-files-found: warn
1 Build	Upload the deployable package	2026-10-07T13:48:12.2281199Z   compression-level: 6
1 Build	Upload the deployable package	2026-10-07T13:48:12.2281579Z   overwrite: false
1 Build	Upload the deployable package	2026-10-07T13:48:12.2281949Z   include-hidden-files: false
1 Build	Upload the deployable package	2026-10-07T13:48:12.2282345Z env:
1 Build	Upload the deployable package	2026-10-07T13:48:12.2282668Z   APP_DIR: labs/17-devsecops
1 Build	Upload the deployable package	2026-10-07T13:48:12.2283091Z   IMAGE_NAME: claim-check-api
1 Build	Upload the deployable package	2026-10-07T13:48:12.2283502Z   TRIVY_VERSION: 0.75.0
1 Build	Upload the deployable package	2026-10-07T13:48:12.2283955Z   GITLEAKS_VERSION: 8.30.1
1 Build	Upload the deployable package	2026-10-07T13:48:12.2284359Z   PYTHON_VERSION: 3.13
1 Build	Upload the deployable package	2026-10-07T13:48:12.2284851Z   pythonLocation: /opt/hostedtoolcache/Python/3.13.15/x64
1 Build	Upload the deployable package	2026-10-07T13:48:12.2285807Z   PKG_CONFIG_PATH: /opt/hostedtoolcache/Python/3.13.15/x64/lib/pkgconfig
1 Build	Upload the deployable package	2026-10-07T13:48:12.2286696Z   Python_ROOT_DIR: /opt/hostedtoolcache/Python/3.13.15/x64
1 Build	Upload the deployable package	2026-10-07T13:48:12.2287164Z   Python2_ROOT_DIR: /opt/hostedtoolcache/Python/3.13.15/x64
1 Build	Upload the deployable package	2026-10-07T13:48:12.2287556Z   Python3_ROOT_DIR: /opt/hostedtoolcache/Python/3.13.15/x64
1 Build	Upload the deployable package	2026-10-07T13:48:12.2287962Z   LD_LIBRARY_PATH: /opt/hostedtoolcache/Python/3.13.15/x64/lib
1 Build	Upload the deployable package	2026-10-07T13:48:12.2288302Z ##[endgroup]
1 Build	Upload the deployable package	2026-10-07T13:48:12.4137150Z (node:2376) [DEP0040] DeprecationWarning: The `punycode` module is deprecated. Please use a userland alternative instead.
1 Build	Upload the deployable package	2026-10-07T13:48:12.4138666Z (Use `node --trace-deprecation ...` to show where the warning was created)
1 Build	Upload the deployable package	2026-10-07T13:48:12.4379203Z With the provided path, there will be 6 files uploaded
1 Build	Upload the deployable package	2026-10-07T13:48:12.4399137Z Artifact name is valid!
1 Build	Upload the deployable package	2026-10-07T13:48:12.4399698Z Root directory input is valid!
1 Build	Upload the deployable package	2026-10-07T13:48:12.8300767Z Beginning upload of artifact content to blob storage
1 Build	Upload the deployable package	2026-10-07T13:48:12.8576955Z (node:2376) [DEP0169] DeprecationWarning: `url.parse()` behavior is not standardized and prone to errors that have security implications. Use the WHATWG URL API instead. CVEs are not issued for `url.parse()` vulnerabilities.
1 Build	Upload the deployable package	2026-10-07T13:48:13.1127073Z Uploaded bytes 3357
1 Build	Upload the deployable package	2026-10-07T13:48:13.1856035Z Finished uploading artifact content to blob storage!
1 Build	Upload the deployable package	2026-10-07T13:48:13.1857522Z SHA256 digest of uploaded artifact zip is 3ff5c0b670b505168a47272386d17b8b0e75fc9c4ecbc8c27f7b90504145ccc6
1 Build	Upload the deployable package	2026-10-07T13:48:13.1859876Z Finalizing artifact upload
1 Build	Upload the deployable package	2026-10-07T13:48:13.4734103Z Artifact claim-check-api-package.zip successfully finalized. Artifact ID 11485904648
1 Build	Upload the deployable package	2026-10-07T13:48:13.4735226Z Artifact claim-check-api-package has been successfully uploaded! Final size is 3357 bytes. Artifact ID is 11485904648
1 Build	Upload the deployable package	2026-10-07T13:48:13.4741697Z Artifact download URL: https://github.com/AmanYadav7015/devops-coursework/actions/runs/37631386888/artifacts/11485904648
1 Build	Post Setup Python	﻿2026-10-07T13:48:13.4911833Z Post job cleanup.
1 Build	Post Setup Python	2026-10-07T13:48:13.6114562Z (node:2388) [DEP0040] DeprecationWarning: The `punycode` module is deprecated. Please use a userland alternative instead.
1 Build	Post Setup Python	2026-10-07T13:48:13.6115803Z (Use `node --trace-deprecation ...` to show where the warning was created)
1 Build	Post Checkout code	﻿2026-10-07T13:48:13.6250445Z Post job cleanup.
1 Build	Post Checkout code	2026-10-07T13:48:13.7159636Z [command]/usr/bin/git version
1 Build	Post Checkout code	2026-10-07T13:48:13.7203846Z git version 2.55.0
1 Build	Post Checkout code	2026-10-07T13:48:13.7244549Z Temporarily overriding HOME='/home/runner/work/_temp/65a0f42b-e32e-4543-970d-d0d527dfc967' before making global git config changes
1 Build	Post Checkout code	2026-10-07T13:48:13.7246283Z Adding repository directory to the temporary git global config as a safe directory
1 Build	Post Checkout code	2026-10-07T13:48:13.7251324Z [command]/usr/bin/git config --global --add safe.directory /home/runner/work/devops-coursework/devops-coursework
1 Build	Post Checkout code	2026-10-07T13:48:13.7292521Z [command]/usr/bin/git config --local --name-only --get-regexp core\.sshCommand
1 Build	Post Checkout code	2026-10-07T13:48:13.7329927Z [command]/usr/bin/git submodule foreach --recursive sh -c "git config --local --name-only --get-regexp 'core\.sshCommand' && git config --local --unset-all 'core.sshCommand' || :"
1 Build	Post Checkout code	2026-10-07T13:48:13.7590819Z [command]/usr/bin/git config --local --name-only --get-regexp http\.https\:\/\/github\.com\/\.extraheader
1 Build	Post Checkout code	2026-10-07T13:48:13.7621958Z http.https://github.com/.extraheader
1 Build	Post Checkout code	2026-10-07T13:48:13.7643573Z [command]/usr/bin/git config --local --unset-all http.https://github.com/.extraheader
1 Build	Post Checkout code	2026-10-07T13:48:13.7682225Z [command]/usr/bin/git submodule foreach --recursive sh -c "git config --local --name-only --get-regexp 'http\.https\:\/\/github\.com\/\.extraheader' && git config --local --unset-all 'http.https://github.com/.extraheader' || :"
1 Build	Post Checkout code	2026-10-07T13:48:13.7940381Z [command]/usr/bin/git config --local --name-only --get-regexp ^includeIf\.gitdir:
1 Build	Post Checkout code	2026-10-07T13:48:13.7993210Z [command]/usr/bin/git submodule foreach --recursive git config --local --show-origin --name-only --get-regexp remote.origin.url
1 Build	Complete job	﻿2026-10-07T13:48:13.8389514Z Evaluate and set job outputs
1 Build	Complete job	2026-10-07T13:48:13.8395326Z Set output 'app-version'
1 Build	Complete job	2026-10-07T13:48:13.8397395Z Set output 'image-tag'
1 Build	Complete job	2026-10-07T13:48:13.8398483Z Set output 'image-repo'
1 Build	Complete job	2026-10-07T13:48:13.8399245Z Cleaning up orphan processes
1 Build	Complete job	2026-10-07T13:48:13.8802975Z ##[warning]Node.js 20 is deprecated. The following actions target Node.js 20 but are being forced to run on Node.js 24: actions/checkout@v4, actions/setup-python@v5, actions/upload-artifact@v4. For more information see: https://github.blog/changelog/2025-09-19-deprecation-of-node-20-on-github-actions-runners/
2 Unit Test	Set up job	﻿2026-10-07T13:48:21.0299705Z Current runner version: '2.337.0'
2 Unit Test	Set up job	2026-10-07T13:48:21.0326562Z ##[group]Runner Image Provisioner
2 Unit Test	Set up job	2026-10-07T13:48:21.0327527Z Hosted Compute Agent
2 Unit Test	Set up job	2026-10-07T13:48:21.0328132Z Version: 20260901.588
2 Unit Test	Set up job	2026-10-07T13:48:21.0328861Z Commit: f88ec8081b781fac6c440065ac7ff9e710ce3d0b
2 Unit Test	Set up job	2026-10-07T13:48:21.0329599Z Build Date: 2026-09-01T19:56:44Z
2 Unit Test	Set up job	2026-10-07T13:48:21.0330321Z Worker ID: {7d5d6d53-bbae-4c04-8f54-c714b7e93a00}
2 Unit Test	Set up job	2026-10-07T13:48:21.0331057Z Azure Region: westus2
2 Unit Test	Set up job	2026-10-07T13:48:21.0331665Z ##[endgroup]
2 Unit Test	Set up job	2026-10-07T13:48:21.0333325Z ##[group]Operating System
2 Unit Test	Set up job	2026-10-07T13:48:21.0333980Z Ubuntu
2 Unit Test	Set up job	2026-10-07T13:48:21.0335004Z 24.04.5
2 Unit Test	Set up job	2026-10-07T13:48:21.0335569Z LTS
2 Unit Test	Set up job	2026-10-07T13:48:21.0336117Z ##[endgroup]
2 Unit Test	Set up job	2026-10-07T13:48:21.0337112Z ##[group]Runner Image
2 Unit Test	Set up job	2026-10-07T13:48:21.0337743Z Image: ubuntu-24.04
2 Unit Test	Set up job	2026-10-07T13:48:21.0338298Z Version: 20260927.320.1
2 Unit Test	Set up job	2026-10-07T13:48:21.0339427Z Included Software: https://github.com/actions/runner-images/blob/ubuntu24/20260927.320/images/ubuntu/Ubuntu2404-Readme.md
2 Unit Test	Set up job	2026-10-07T13:48:21.0341256Z Image Release: https://github.com/actions/runner-images/releases/tag/ubuntu24%2F20260927.320
2 Unit Test	Set up job	2026-10-07T13:48:21.0342221Z ##[endgroup]
2 Unit Test	Set up job	2026-10-07T13:48:21.0343454Z ##[group]GITHUB_TOKEN Permissions
2 Unit Test	Set up job	2026-10-07T13:48:21.0346036Z Contents: read
2 Unit Test	Set up job	2026-10-07T13:48:21.0346657Z Metadata: read
2 Unit Test	Set up job	2026-10-07T13:48:21.0347304Z ##[endgroup]
2 Unit Test	Set up job	2026-10-07T13:48:21.0349413Z Secret source: Actions
2 Unit Test	Set up job	2026-10-07T13:48:21.0350471Z Cache mode: write
2 Unit Test	Set up job	2026-10-07T13:48:21.0351224Z Prepare workflow directory
2 Unit Test	Set up job	2026-10-07T13:48:21.0785491Z Prepare all required actions
2 Unit Test	Set up job	2026-10-07T13:48:21.0837833Z Getting action download info
2 Unit Test	Set up job	2026-10-07T13:48:21.4643971Z Download action repository 'actions/checkout@v4' (SHA:11d5960a326750d5838078e36cf38b85af677262)
2 Unit Test	Set up job	2026-10-07T13:48:21.5676593Z Download action repository 'actions/setup-python@v5' (SHA:a26af69be951a213d495a4c3e4e4022e16d87065)
2 Unit Test	Set up job	2026-10-07T13:48:21.6417899Z Download action repository 'actions/upload-artifact@v4' (SHA:ea165f8d65b6e75b540449e92b4886f43607fa02)
2 Unit Test	Set up job	2026-10-07T13:48:21.8477513Z Complete job name: 2 Unit Test
2 Unit Test	Checkout code	﻿2026-10-07T13:48:21.9260461Z ##[group]Run actions/checkout@v4
2 Unit Test	Checkout code	2026-10-07T13:48:21.9261372Z with:
2 Unit Test	Checkout code	2026-10-07T13:48:21.9261873Z   repository: AmanYadav7015/devops-coursework
2 Unit Test	Checkout code	2026-10-07T13:48:21.9265750Z   token: ***
2 Unit Test	Checkout code	2026-10-07T13:48:21.9266203Z   ssh-strict: true
2 Unit Test	Checkout code	2026-10-07T13:48:21.9266646Z   ssh-user: git
2 Unit Test	Checkout code	2026-10-07T13:48:21.9267089Z   persist-credentials: true
2 Unit Test	Checkout code	2026-10-07T13:48:21.9267571Z   clean: true
2 Unit Test	Checkout code	2026-10-07T13:48:21.9268009Z   sparse-checkout-cone-mode: true
2 Unit Test	Checkout code	2026-10-07T13:48:21.9268528Z   fetch-depth: 1
2 Unit Test	Checkout code	2026-10-07T13:48:21.9268952Z   fetch-tags: false
2 Unit Test	Checkout code	2026-10-07T13:48:21.9269404Z   show-progress: true
2 Unit Test	Checkout code	2026-10-07T13:48:21.9269849Z   lfs: false
2 Unit Test	Checkout code	2026-10-07T13:48:21.9270250Z   submodules: false
2 Unit Test	Checkout code	2026-10-07T13:48:21.9270691Z   set-safe-directory: true
2 Unit Test	Checkout code	2026-10-07T13:48:21.9271185Z   allow-unsafe-pr-checkout: false
2 Unit Test	Checkout code	2026-10-07T13:48:21.9272308Z env:
2 Unit Test	Checkout code	2026-10-07T13:48:21.9272781Z   APP_DIR: labs/17-devsecops
2 Unit Test	Checkout code	2026-10-07T13:48:21.9273301Z   IMAGE_NAME: claim-check-api
2 Unit Test	Checkout code	2026-10-07T13:48:21.9273880Z   TRIVY_VERSION: 0.75.0
2 Unit Test	Checkout code	2026-10-07T13:48:21.9274651Z   GITLEAKS_VERSION: 8.30.1
2 Unit Test	Checkout code	2026-10-07T13:48:21.9275139Z   PYTHON_VERSION: 3.13
2 Unit Test	Checkout code	2026-10-07T13:48:21.9275588Z ##[endgroup]
2 Unit Test	Checkout code	2026-10-07T13:48:22.0367738Z Syncing repository: AmanYadav7015/devops-coursework
2 Unit Test	Checkout code	2026-10-07T13:48:22.0370529Z ##[group]Getting Git version info
2 Unit Test	Checkout code	2026-10-07T13:48:22.0371871Z Working directory is '/home/runner/work/devops-coursework/devops-coursework'
2 Unit Test	Checkout code	2026-10-07T13:48:22.0373776Z [command]/usr/bin/git version
2 Unit Test	Checkout code	2026-10-07T13:48:22.0428364Z git version 2.55.0
2 Unit Test	Checkout code	2026-10-07T13:48:22.0456569Z ##[endgroup]
2 Unit Test	Checkout code	2026-10-07T13:48:22.0466185Z Temporarily overriding HOME='/home/runner/work/_temp/d4c153da-349f-466f-832b-e690be45bd2d' before making global git config changes
2 Unit Test	Checkout code	2026-10-07T13:48:22.0468467Z Adding repository directory to the temporary git global config as a safe directory
2 Unit Test	Checkout code	2026-10-07T13:48:22.0474591Z [command]/usr/bin/git config --global --add safe.directory /home/runner/work/devops-coursework/devops-coursework
2 Unit Test	Checkout code	2026-10-07T13:48:22.0538402Z Deleting the contents of '/home/runner/work/devops-coursework/devops-coursework'
2 Unit Test	Checkout code	2026-10-07T13:48:22.0543139Z ##[group]Initializing the repository
2 Unit Test	Checkout code	2026-10-07T13:48:22.0547706Z [command]/usr/bin/git init /home/runner/work/devops-coursework/devops-coursework
2 Unit Test	Checkout code	2026-10-07T13:48:22.0666459Z hint: Using 'master' as the name for the initial branch. This default branch name
2 Unit Test	Checkout code	2026-10-07T13:48:22.0668567Z hint: will change to "main" in Git 3.0. To configure the initial branch name
2 Unit Test	Checkout code	2026-10-07T13:48:22.0670599Z hint: to use in all of your new repositories, which will suppress this warning,
2 Unit Test	Checkout code	2026-10-07T13:48:22.0672144Z hint: call:
2 Unit Test	Checkout code	2026-10-07T13:48:22.0673050Z hint:
2 Unit Test	Checkout code	2026-10-07T13:48:22.0674133Z hint: 	git config --global init.defaultBranch <name>
2 Unit Test	Checkout code	2026-10-07T13:48:22.0675630Z hint:
2 Unit Test	Checkout code	2026-10-07T13:48:22.0676798Z hint: Names commonly chosen instead of 'master' are 'main', 'trunk' and
2 Unit Test	Checkout code	2026-10-07T13:48:22.0678640Z hint: 'development'. The just-created branch can be renamed via this command:
2 Unit Test	Checkout code	2026-10-07T13:48:22.0680192Z hint:
2 Unit Test	Checkout code	2026-10-07T13:48:22.0681098Z hint: 	git branch -m <name>
2 Unit Test	Checkout code	2026-10-07T13:48:22.0682123Z hint:
2 Unit Test	Checkout code	2026-10-07T13:48:22.0683574Z hint: Disable this message with "git config set advice.defaultBranchName false"
2 Unit Test	Checkout code	2026-10-07T13:48:22.0686728Z Initialized empty Git repository in /home/runner/work/devops-coursework/devops-coursework/.git/
2 Unit Test	Checkout code	2026-10-07T13:48:22.0696343Z [command]/usr/bin/git remote add origin https://github.com/AmanYadav7015/devops-coursework
2 Unit Test	Checkout code	2026-10-07T13:48:22.0756093Z ##[endgroup]
2 Unit Test	Checkout code	2026-10-07T13:48:22.0757131Z ##[group]Disabling automatic garbage collection
2 Unit Test	Checkout code	2026-10-07T13:48:22.0760315Z [command]/usr/bin/git config --local gc.auto 0
2 Unit Test	Checkout code	2026-10-07T13:48:22.0794111Z ##[endgroup]
2 Unit Test	Checkout code	2026-10-07T13:48:22.0795186Z ##[group]Setting up auth
2 Unit Test	Checkout code	2026-10-07T13:48:22.0803005Z [command]/usr/bin/git config --local --name-only --get-regexp core\.sshCommand
2 Unit Test	Checkout code	2026-10-07T13:48:22.0839540Z [command]/usr/bin/git submodule foreach --recursive sh -c "git config --local --name-only --get-regexp 'core\.sshCommand' && git config --local --unset-all 'core.sshCommand' || :"
2 Unit Test	Checkout code	2026-10-07T13:48:22.1317327Z [command]/usr/bin/git config --local --name-only --get-regexp http\.https\:\/\/github\.com\/\.extraheader
2 Unit Test	Checkout code	2026-10-07T13:48:22.1371072Z [command]/usr/bin/git submodule foreach --recursive sh -c "git config --local --name-only --get-regexp 'http\.https\:\/\/github\.com\/\.extraheader' && git config --local --unset-all 'http.https://github.com/.extraheader' || :"
2 Unit Test	Checkout code	2026-10-07T13:48:22.1671291Z [command]/usr/bin/git config --local --name-only --get-regexp ^includeIf\.gitdir:
2 Unit Test	Checkout code	2026-10-07T13:48:22.1699271Z [command]/usr/bin/git submodule foreach --recursive git config --local --show-origin --name-only --get-regexp remote.origin.url
2 Unit Test	Checkout code	2026-10-07T13:48:22.1929069Z [command]/usr/bin/git config --local http.https://github.com/.extraheader AUTHORIZATION: basic ***
2 Unit Test	Checkout code	2026-10-07T13:48:22.1969961Z ##[endgroup]
2 Unit Test	Checkout code	2026-10-07T13:48:22.1970848Z ##[group]Fetching the repository
2 Unit Test	Checkout code	2026-10-07T13:48:22.1980923Z [command]/usr/bin/git -c protocol.version=2 fetch --no-tags --prune --no-recurse-submodules --depth=1 origin +93abcaeb1fb8d12fa938e9f322c07aa15533f82e:refs/remotes/origin/session-17-devsecops-ci
2 Unit Test	Checkout code	2026-10-07T13:48:23.0125234Z From https://github.com/AmanYadav7015/devops-coursework
2 Unit Test	Checkout code	2026-10-07T13:48:23.0126899Z  * [new ref]         93abcaeb1fb8d12fa938e9f322c07aa15533f82e -> origin/session-17-devsecops-ci
2 Unit Test	Checkout code	2026-10-07T13:48:23.0129672Z ##[endgroup]
2 Unit Test	Checkout code	2026-10-07T13:48:23.0130540Z ##[group]Determining the checkout info
2 Unit Test	Checkout code	2026-10-07T13:48:23.0132099Z ##[endgroup]
2 Unit Test	Checkout code	2026-10-07T13:48:23.0149075Z [command]/usr/bin/git sparse-checkout disable
2 Unit Test	Checkout code	2026-10-07T13:48:23.0201993Z [command]/usr/bin/git config --local --unset-all extensions.worktreeConfig
2 Unit Test	Checkout code	2026-10-07T13:48:23.0278362Z ##[group]Checking out the ref
2 Unit Test	Checkout code	2026-10-07T13:48:23.0282087Z [command]/usr/bin/git checkout --progress --force -B session-17-devsecops-ci refs/remotes/origin/session-17-devsecops-ci
2 Unit Test	Checkout code	2026-10-07T13:48:23.1490818Z Switched to a new branch 'session-17-devsecops-ci'
2 Unit Test	Checkout code	2026-10-07T13:48:23.1495737Z branch 'session-17-devsecops-ci' set up to track 'origin/session-17-devsecops-ci'.
2 Unit Test	Checkout code	2026-10-07T13:48:23.1506746Z ##[endgroup]
2 Unit Test	Checkout code	2026-10-07T13:48:23.1555375Z [command]/usr/bin/git log -1 --format=%H
2 Unit Test	Checkout code	2026-10-07T13:48:23.1583750Z 93abcaeb1fb8d12fa938e9f322c07aa15533f82e
2 Unit Test	Setup Python	﻿2026-10-07T13:48:23.1971620Z ##[group]Run actions/setup-python@v5
2 Unit Test	Setup Python	2026-10-07T13:48:23.1972955Z with:
2 Unit Test	Setup Python	2026-10-07T13:48:23.1973914Z   python-version: 3.13
2 Unit Test	Setup Python	2026-10-07T13:48:23.1975263Z   check-latest: false
2 Unit Test	Setup Python	2026-10-07T13:48:23.1983417Z   token: ***
2 Unit Test	Setup Python	2026-10-07T13:48:23.1984700Z   update-environment: true
2 Unit Test	Setup Python	2026-10-07T13:48:23.1985871Z   allow-prereleases: false
2 Unit Test	Setup Python	2026-10-07T13:48:23.1986998Z   freethreaded: false
2 Unit Test	Setup Python	2026-10-07T13:48:23.1988015Z env:
2 Unit Test	Setup Python	2026-10-07T13:48:23.1988934Z   APP_DIR: labs/17-devsecops
2 Unit Test	Setup Python	2026-10-07T13:48:23.1990067Z   IMAGE_NAME: claim-check-api
2 Unit Test	Setup Python	2026-10-07T13:48:23.1991167Z   TRIVY_VERSION: 0.75.0
2 Unit Test	Setup Python	2026-10-07T13:48:23.1992187Z   GITLEAKS_VERSION: 8.30.1
2 Unit Test	Setup Python	2026-10-07T13:48:23.1993231Z   PYTHON_VERSION: 3.13
2 Unit Test	Setup Python	2026-10-07T13:48:23.1994429Z ##[endgroup]
2 Unit Test	Setup Python	2026-10-07T13:48:23.3396979Z ##[group]Installed versions
2 Unit Test	Setup Python	2026-10-07T13:48:23.3499069Z (node:2308) [DEP0040] DeprecationWarning: The `punycode` module is deprecated. Please use a userland alternative instead.
2 Unit Test	Setup Python	2026-10-07T13:48:23.3500521Z (Use `node --trace-deprecation ...` to show where the warning was created)
2 Unit Test	Setup Python	2026-10-07T13:48:23.3501484Z Successfully set up CPython (3.13.15)
2 Unit Test	Setup Python	2026-10-07T13:48:23.3502217Z ##[endgroup]
2 Unit Test	Install test dependencies	﻿2026-10-07T13:48:23.3660685Z ##[group]Run python -m pip install --upgrade pip
2 Unit Test	Install test dependencies	2026-10-07T13:48:23.3661246Z [36;1mpython -m pip install --upgrade pip[0m
2 Unit Test	Install test dependencies	2026-10-07T13:48:23.3661649Z [36;1mpip install -r requirements-dev.txt[0m
2 Unit Test	Install test dependencies	2026-10-07T13:48:23.4085819Z shell: /usr/bin/bash --noprofile --norc -e -o pipefail {0}
2 Unit Test	Install test dependencies	2026-10-07T13:48:23.4086363Z env:
2 Unit Test	Install test dependencies	2026-10-07T13:48:23.4086665Z   APP_DIR: labs/17-devsecops
2 Unit Test	Install test dependencies	2026-10-07T13:48:23.4087032Z   IMAGE_NAME: claim-check-api
2 Unit Test	Install test dependencies	2026-10-07T13:48:23.4087380Z   TRIVY_VERSION: 0.75.0
2 Unit Test	Install test dependencies	2026-10-07T13:48:23.4087703Z   GITLEAKS_VERSION: 8.30.1
2 Unit Test	Install test dependencies	2026-10-07T13:48:23.4088035Z   PYTHON_VERSION: 3.13
2 Unit Test	Install test dependencies	2026-10-07T13:48:23.4088473Z   pythonLocation: /opt/hostedtoolcache/Python/3.13.15/x64
2 Unit Test	Install test dependencies	2026-10-07T13:48:23.4089048Z   PKG_CONFIG_PATH: /opt/hostedtoolcache/Python/3.13.15/x64/lib/pkgconfig
2 Unit Test	Install test dependencies	2026-10-07T13:48:23.4089623Z   Python_ROOT_DIR: /opt/hostedtoolcache/Python/3.13.15/x64
2 Unit Test	Install test dependencies	2026-10-07T13:48:23.4090143Z   Python2_ROOT_DIR: /opt/hostedtoolcache/Python/3.13.15/x64
2 Unit Test	Install test dependencies	2026-10-07T13:48:23.4090662Z   Python3_ROOT_DIR: /opt/hostedtoolcache/Python/3.13.15/x64
2 Unit Test	Install test dependencies	2026-10-07T13:48:23.4091248Z   LD_LIBRARY_PATH: /opt/hostedtoolcache/Python/3.13.15/x64/lib
2 Unit Test	Install test dependencies	2026-10-07T13:48:23.4091698Z ##[endgroup]
2 Unit Test	Install test dependencies	2026-10-07T13:48:26.3814060Z Requirement already satisfied: pip in /opt/hostedtoolcache/Python/3.13.15/x64/lib/python3.13/site-packages (26.2.1)
2 Unit Test	Install test dependencies	2026-10-07T13:48:27.3030059Z Collecting Flask==3.1.3 (from -r /home/runner/work/devops-coursework/devops-coursework/labs/17-devsecops/requirements.txt (line 1))
2 Unit Test	Install test dependencies	2026-10-07T13:48:27.3644547Z   Downloading flask-3.1.3-py3-none-any.whl.metadata (3.2 kB)
2 Unit Test	Install test dependencies	2026-10-07T13:48:27.3941567Z Collecting Werkzeug==3.1.9 (from -r /home/runner/work/devops-coursework/devops-coursework/labs/17-devsecops/requirements.txt (line 2))
2 Unit Test	Install test dependencies	2026-10-07T13:48:27.4016687Z   Downloading werkzeug-3.1.9-py3-none-any.whl.metadata (4.1 kB)
2 Unit Test	Install test dependencies	2026-10-07T13:48:27.4187799Z Collecting Jinja2==3.1.6 (from -r /home/runner/work/devops-coursework/devops-coursework/labs/17-devsecops/requirements.txt (line 3))
2 Unit Test	Install test dependencies	2026-10-07T13:48:27.4274444Z   Downloading jinja2-3.1.6-py3-none-any.whl.metadata (2.9 kB)
2 Unit Test	Install test dependencies	2026-10-07T13:48:27.4699897Z Collecting PyYAML==6.0.3 (from -r /home/runner/work/devops-coursework/devops-coursework/labs/17-devsecops/requirements.txt (line 4))
2 Unit Test	Install test dependencies	2026-10-07T13:48:27.4775798Z   Downloading pyyaml-6.0.3-cp313-cp313-manylinux2014_x86_64.manylinux_2_17_x86_64.manylinux_2_28_x86_64.whl.metadata (2.4 kB)
2 Unit Test	Install test dependencies	2026-10-07T13:48:27.5013939Z Collecting requests==2.34.2 (from -r /home/runner/work/devops-coursework/devops-coursework/labs/17-devsecops/requirements.txt (line 5))
2 Unit Test	Install test dependencies	2026-10-07T13:48:27.5091567Z   Downloading requests-2.34.2-py3-none-any.whl.metadata (4.8 kB)
2 Unit Test	Install test dependencies	2026-10-07T13:48:27.5314106Z Collecting urllib3==2.8.0 (from -r /home/runner/work/devops-coursework/devops-coursework/labs/17-devsecops/requirements.txt (line 6))
2 Unit Test	Install test dependencies	2026-10-07T13:48:27.5391403Z   Downloading urllib3-2.8.0-py3-none-any.whl.metadata (7.4 kB)
2 Unit Test	Install test dependencies	2026-10-07T13:48:27.5613908Z Collecting certifi==2026.7.22 (from -r /home/runner/work/devops-coursework/devops-coursework/labs/17-devsecops/requirements.txt (line 7))
2 Unit Test	Install test dependencies	2026-10-07T13:48:27.5685975Z   Downloading certifi-2026.7.22-py3-none-any.whl.metadata (2.5 kB)
2 Unit Test	Install test dependencies	2026-10-07T13:48:27.5881352Z Collecting gunicorn==26.2.0 (from -r /home/runner/work/devops-coursework/devops-coursework/labs/17-devsecops/requirements.txt (line 8))
2 Unit Test	Install test dependencies	2026-10-07T13:48:27.5953531Z   Downloading gunicorn-26.2.0-py3-none-any.whl.metadata (5.5 kB)
2 Unit Test	Install test dependencies	2026-10-07T13:48:27.6354403Z Collecting pytest==9.1.1 (from -r requirements-dev.txt (line 2))
2 Unit Test	Install test dependencies	2026-10-07T13:48:27.6427211Z   Downloading pytest-9.1.1-py3-none-any.whl.metadata (7.6 kB)
2 Unit Test	Install test dependencies	2026-10-07T13:48:27.6601514Z Collecting pytest-cov==7.1.0 (from -r requirements-dev.txt (line 3))
2 Unit Test	Install test dependencies	2026-10-07T13:48:27.6674827Z   Downloading pytest_cov-7.1.0-py3-none-any.whl.metadata (32 kB)
2 Unit Test	Install test dependencies	2026-10-07T13:48:27.6922853Z Collecting flake8==7.4.1 (from -r requirements-dev.txt (line 4))
2 Unit Test	Install test dependencies	2026-10-07T13:48:27.6997948Z   Downloading flake8-7.4.1-py2.py3-none-any.whl.metadata (3.8 kB)
2 Unit Test	Install test dependencies	2026-10-07T13:48:27.7192467Z Collecting bandit==1.9.4 (from -r requirements-dev.txt (line 5))
2 Unit Test	Install test dependencies	2026-10-07T13:48:27.7267006Z   Downloading bandit-1.9.4-py3-none-any.whl.metadata (7.1 kB)
2 Unit Test	Install test dependencies	2026-10-07T13:48:27.7480830Z Collecting pip-audit==2.10.1 (from -r requirements-dev.txt (line 6))
2 Unit Test	Install test dependencies	2026-10-07T13:48:27.7555391Z   Downloading pip_audit-2.10.1-py3-none-any.whl.metadata (28 kB)
2 Unit Test	Install test dependencies	2026-10-07T13:48:27.7746324Z Collecting blinker>=1.9.0 (from Flask==3.1.3->-r /home/runner/work/devops-coursework/devops-coursework/labs/17-devsecops/requirements.txt (line 1))
2 Unit Test	Install test dependencies	2026-10-07T13:48:27.7817582Z   Downloading blinker-1.9.0-py3-none-any.whl.metadata (1.6 kB)
2 Unit Test	Install test dependencies	2026-10-07T13:48:27.8008770Z Collecting click>=8.1.3 (from Flask==3.1.3->-r /home/runner/work/devops-coursework/devops-coursework/labs/17-devsecops/requirements.txt (line 1))
2 Unit Test	Install test dependencies	2026-10-07T13:48:27.8081616Z   Downloading click-8.5.0-py3-none-any.whl.metadata (2.6 kB)
2 Unit Test	Install test dependencies	2026-10-07T13:48:27.8238627Z Collecting itsdangerous>=2.2.0 (from Flask==3.1.3->-r /home/runner/work/devops-coursework/devops-coursework/labs/17-devsecops/requirements.txt (line 1))
2 Unit Test	Install test dependencies	2026-10-07T13:48:27.8309034Z   Downloading itsdangerous-2.2.0-py3-none-any.whl.metadata (1.9 kB)
2 Unit Test	Install test dependencies	2026-10-07T13:48:27.8884016Z Collecting markupsafe>=2.1.1 (from Flask==3.1.3->-r /home/runner/work/devops-coursework/devops-coursework/labs/17-devsecops/requirements.txt (line 1))
2 Unit Test	Install test dependencies	2026-10-07T13:48:27.8959065Z   Downloading markupsafe-3.0.4-cp313-cp313-manylinux2014_x86_64.manylinux_2_17_x86_64.manylinux_2_28_x86_64.whl.metadata (2.7 kB)
2 Unit Test	Install test dependencies	2026-10-07T13:48:28.0257290Z Collecting charset_normalizer<4,>=2 (from requests==2.34.2->-r /home/runner/work/devops-coursework/devops-coursework/labs/17-devsecops/requirements.txt (line 5))
2 Unit Test	Install test dependencies	2026-10-07T13:48:28.0332911Z   Downloading charset_normalizer-3.5.2-cp313-cp313-manylinux2014_x86_64.manylinux_2_17_x86_64.manylinux_2_28_x86_64.whl.metadata (46 kB)
2 Unit Test	Install test dependencies	2026-10-07T13:48:28.0539814Z Collecting idna<4,>=2.5 (from requests==2.34.2->-r /home/runner/work/devops-coursework/devops-coursework/labs/17-devsecops/requirements.txt (line 5))
2 Unit Test	Install test dependencies	2026-10-07T13:48:28.0610250Z   Downloading idna-3.20-py3-none-any.whl.metadata (7.2 kB)
2 Unit Test	Install test dependencies	2026-10-07T13:48:28.0793825Z Collecting iniconfig>=1.0.1 (from pytest==9.1.1->-r requirements-dev.txt (line 2))
2 Unit Test	Install test dependencies	2026-10-07T13:48:28.0866503Z   Downloading iniconfig-2.3.1-py3-none-any.whl.metadata (2.8 kB)
2 Unit Test	Install test dependencies	2026-10-07T13:48:28.1053230Z Collecting packaging>=22 (from pytest==9.1.1->-r requirements-dev.txt (line 2))
2 Unit Test	Install test dependencies	2026-10-07T13:48:28.1125115Z   Downloading packaging-26.3-py3-none-any.whl.metadata (3.5 kB)
2 Unit Test	Install test dependencies	2026-10-07T13:48:28.1274689Z Collecting pluggy<2,>=1.5 (from pytest==9.1.1->-r requirements-dev.txt (line 2))
2 Unit Test	Install test dependencies	2026-10-07T13:48:28.1345194Z   Downloading pluggy-1.6.0-py3-none-any.whl.metadata (4.8 kB)
2 Unit Test	Install test dependencies	2026-10-07T13:48:28.1549462Z Collecting pygments>=2.7.2 (from pytest==9.1.1->-r requirements-dev.txt (line 2))
2 Unit Test	Install test dependencies	2026-10-07T13:48:28.1624057Z   Downloading pygments-2.21.0-py3-none-any.whl.metadata (2.5 kB)
2 Unit Test	Install test dependencies	2026-10-07T13:48:28.5482025Z Collecting coverage>=7.10.6 (from coverage[toml]>=7.10.6->pytest-cov==7.1.0->-r requirements-dev.txt (line 3))
2 Unit Test	Install test dependencies	2026-10-07T13:48:28.5559794Z   Downloading coverage-7.16.2-cp313-cp313-manylinux1_x86_64.manylinux_2_28_x86_64.manylinux_2_5_x86_64.whl.metadata (8.2 kB)
2 Unit Test	Install test dependencies	2026-10-07T13:48:28.5899118Z Collecting mccabe<0.8.0,>=0.7.0 (from flake8==7.4.1->-r requirements-dev.txt (line 4))
2 Unit Test	Install test dependencies	2026-10-07T13:48:28.5968805Z   Downloading mccabe-0.7.0-py2.py3-none-any.whl.metadata (5.0 kB)
2 Unit Test	Install test dependencies	2026-10-07T13:48:28.6137717Z Collecting pycodestyle<2.16.0,>=2.15.0 (from flake8==7.4.1->-r requirements-dev.txt (line 4))
2 Unit Test	Install test dependencies	2026-10-07T13:48:28.6208458Z   Downloading pycodestyle-2.15.0-py2.py3-none-any.whl.metadata (4.5 kB)
2 Unit Test	Install test dependencies	2026-10-07T13:48:28.6366063Z Collecting pyflakes<4.1.0,>=4.0.0 (from flake8==7.4.1->-r requirements-dev.txt (line 4))
2 Unit Test	Install test dependencies	2026-10-07T13:48:28.6436322Z   Downloading pyflakes-4.0.2-py2.py3-none-any.whl.metadata (3.7 kB)
2 Unit Test	Install test dependencies	2026-10-07T13:48:28.6664505Z Collecting stevedore>=1.20.0 (from bandit==1.9.4->-r requirements-dev.txt (line 5))
2 Unit Test	Install test dependencies	2026-10-07T13:48:28.6737265Z   Downloading stevedore-5.9.1-py3-none-any.whl.metadata (2.3 kB)
2 Unit Test	Install test dependencies	2026-10-07T13:48:28.7112482Z Collecting rich (from bandit==1.9.4->-r requirements-dev.txt (line 5))
2 Unit Test	Install test dependencies	2026-10-07T13:48:28.7185324Z   Downloading rich-15.0.0-py3-none-any.whl.metadata (18 kB)
2 Unit Test	Install test dependencies	2026-10-07T13:48:28.7434550Z Collecting CacheControl>=0.13.0 (from CacheControl[filecache]>=0.13.0->pip-audit==2.10.1->-r requirements-dev.txt (line 6))
2 Unit Test	Install test dependencies	2026-10-07T13:48:28.7504230Z   Downloading cachecontrol-0.14.4-py3-none-any.whl.metadata (3.1 kB)
2 Unit Test	Install test dependencies	2026-10-07T13:48:28.7808115Z Collecting cyclonedx-python-lib<12,>=5 (from pip-audit==2.10.1->-r requirements-dev.txt (line 6))
2 Unit Test	Install test dependencies	2026-10-07T13:48:28.7880758Z   Downloading cyclonedx_python_lib-11.12.0-py3-none-any.whl.metadata (6.9 kB)
2 Unit Test	Install test dependencies	2026-10-07T13:48:28.8059253Z Collecting pip-api>=0.0.28 (from pip-audit==2.10.1->-r requirements-dev.txt (line 6))
2 Unit Test	Install test dependencies	2026-10-07T13:48:28.8130528Z   Downloading pip_api-0.0.35-py3-none-any.whl.metadata (17 kB)
2 Unit Test	Install test dependencies	2026-10-07T13:48:28.8289644Z Collecting pip-requirements-parser>=32.0.0 (from pip-audit==2.10.1->-r requirements-dev.txt (line 6))
2 Unit Test	Install test dependencies	2026-10-07T13:48:28.8361900Z   Downloading pip_requirements_parser-32.0.1-py3-none-any.whl.metadata (9.3 kB)
2 Unit Test	Install test dependencies	2026-10-07T13:48:28.8667228Z Collecting tomli>=2.2.1 (from pip-audit==2.10.1->-r requirements-dev.txt (line 6))
2 Unit Test	Install test dependencies	2026-10-07T13:48:28.8740160Z   Downloading tomli-2.5.0-cp313-cp313-manylinux2014_x86_64.manylinux_2_17_x86_64.manylinux_2_28_x86_64.whl.metadata (10 kB)
2 Unit Test	Install test dependencies	2026-10-07T13:48:28.8876829Z Collecting tomli-w>=1.2.0 (from pip-audit==2.10.1->-r requirements-dev.txt (line 6))
2 Unit Test	Install test dependencies	2026-10-07T13:48:28.8946703Z   Downloading tomli_w-1.2.0-py3-none-any.whl.metadata (5.7 kB)
2 Unit Test	Install test dependencies	2026-10-07T13:48:28.9163663Z Collecting platformdirs>=4.2.0 (from pip-audit==2.10.1->-r requirements-dev.txt (line 6))
2 Unit Test	Install test dependencies	2026-10-07T13:48:28.9236435Z   Downloading platformdirs-4.12.3-py3-none-any.whl.metadata (5.5 kB)
2 Unit Test	Install test dependencies	2026-10-07T13:48:28.9438317Z Collecting license-expression<31,>=30 (from cyclonedx-python-lib<12,>=5->pip-audit==2.10.1->-r requirements-dev.txt (line 6))
2 Unit Test	Install test dependencies	2026-10-07T13:48:28.9508688Z   Downloading license_expression-30.4.4-py3-none-any.whl.metadata (11 kB)
2 Unit Test	Install test dependencies	2026-10-07T13:48:28.9712501Z Collecting packageurl-python<2,>=0.11 (from cyclonedx-python-lib<12,>=5->pip-audit==2.10.1->-r requirements-dev.txt (line 6))
2 Unit Test	Install test dependencies	2026-10-07T13:48:28.9784875Z   Downloading packageurl_python-0.17.6-py3-none-any.whl.metadata (5.1 kB)
2 Unit Test	Install test dependencies	2026-10-07T13:48:28.9970535Z Collecting py-serializable<3.0.0,>=2.1.0 (from cyclonedx-python-lib<12,>=5->pip-audit==2.10.1->-r requirements-dev.txt (line 6))
2 Unit Test	Install test dependencies	2026-10-07T13:48:29.0041731Z   Downloading py_serializable-2.1.0-py3-none-any.whl.metadata (4.3 kB)
2 Unit Test	Install test dependencies	2026-10-07T13:48:29.0204807Z Collecting sortedcontainers<3.0.0,>=2.4.0 (from cyclonedx-python-lib<12,>=5->pip-audit==2.10.1->-r requirements-dev.txt (line 6))
2 Unit Test	Install test dependencies	2026-10-07T13:48:29.0301766Z   Downloading sortedcontainers-2.4.0-py2.py3-none-any.whl.metadata (10 kB)
2 Unit Test	Install test dependencies	2026-10-07T13:48:29.0462070Z Collecting boolean.py>=4.0 (from license-expression<31,>=30->cyclonedx-python-lib<12,>=5->pip-audit==2.10.1->-r requirements-dev.txt (line 6))
2 Unit Test	Install test dependencies	2026-10-07T13:48:29.0570562Z   Downloading boolean_py-5.0-py3-none-any.whl.metadata (2.3 kB)
2 Unit Test	Install test dependencies	2026-10-07T13:48:29.0744748Z Collecting defusedxml<0.8.0,>=0.7.1 (from py-serializable<3.0.0,>=2.1.0->cyclonedx-python-lib<12,>=5->pip-audit==2.10.1->-r requirements-dev.txt (line 6))
2 Unit Test	Install test dependencies	2026-10-07T13:48:29.0816280Z   Downloading defusedxml-0.7.1-py2.py3-none-any.whl.metadata (32 kB)
2 Unit Test	Install test dependencies	2026-10-07T13:48:29.1684462Z Collecting msgpack<2.0.0,>=0.5.2 (from CacheControl>=0.13.0->CacheControl[filecache]>=0.13.0->pip-audit==2.10.1->-r requirements-dev.txt (line 6))
2 Unit Test	Install test dependencies	2026-10-07T13:48:29.1758543Z   Downloading msgpack-1.2.3-cp313-cp313-manylinux2014_x86_64.manylinux_2_17_x86_64.manylinux_2_28_x86_64.whl.metadata (8.3 kB)
2 Unit Test	Install test dependencies	2026-10-07T13:48:29.2040699Z Collecting filelock>=3.8.0 (from CacheControl[filecache]>=0.13.0->pip-audit==2.10.1->-r requirements-dev.txt (line 6))
2 Unit Test	Install test dependencies	2026-10-07T13:48:29.2112744Z   Downloading filelock-4.0.12-py3-none-any.whl.metadata (2.0 kB)
2 Unit Test	Install test dependencies	2026-10-07T13:48:29.2189032Z Requirement already satisfied: pip in /opt/hostedtoolcache/Python/3.13.15/x64/lib/python3.13/site-packages (from pip-api>=0.0.28->pip-audit==2.10.1->-r requirements-dev.txt (line 6)) (26.2.1)
2 Unit Test	Install test dependencies	2026-10-07T13:48:29.2423929Z Collecting pyparsing (from pip-requirements-parser>=32.0.0->pip-audit==2.10.1->-r requirements-dev.txt (line 6))
2 Unit Test	Install test dependencies	2026-10-07T13:48:29.2502615Z   Downloading pyparsing-3.3.3-py3-none-any.whl.metadata (5.9 kB)
2 Unit Test	Install test dependencies	2026-10-07T13:48:29.2688295Z Collecting markdown-it-py>=2.2.0 (from rich->bandit==1.9.4->-r requirements-dev.txt (line 5))
2 Unit Test	Install test dependencies	2026-10-07T13:48:29.2761611Z   Downloading markdown_it_py-4.2.0-py3-none-any.whl.metadata (7.4 kB)
2 Unit Test	Install test dependencies	2026-10-07T13:48:29.2937216Z Collecting mdurl~=0.1 (from markdown-it-py>=2.2.0->rich->bandit==1.9.4->-r requirements-dev.txt (line 5))
2 Unit Test	Install test dependencies	2026-10-07T13:48:29.3008137Z   Downloading mdurl-0.1.2-py3-none-any.whl.metadata (1.6 kB)
2 Unit Test	Install test dependencies	2026-10-07T13:48:29.3157597Z Downloading flask-3.1.3-py3-none-any.whl (103 kB)
2 Unit Test	Install test dependencies	2026-10-07T13:48:29.3305033Z Downloading werkzeug-3.1.9-py3-none-any.whl (228 kB)
2 Unit Test	Install test dependencies	2026-10-07T13:48:29.3452408Z Downloading jinja2-3.1.6-py3-none-any.whl (134 kB)
2 Unit Test	Install test dependencies	2026-10-07T13:48:29.3546085Z Downloading pyyaml-6.0.3-cp313-cp313-manylinux2014_x86_64.manylinux_2_17_x86_64.manylinux_2_28_x86_64.whl (801 kB)
2 Unit Test	Install test dependencies	2026-10-07T13:48:29.3709872Z    ━━━━━━━━━━━━━━━━━━━━━━━━━━━━━━━━━━━━━━━━ 801.6/801.6 kB 62.3 MB/s  0:00:00
2 Unit Test	Install test dependencies	2026-10-07T13:48:29.3779647Z Downloading requests-2.34.2-py3-none-any.whl (73 kB)
2 Unit Test	Install test dependencies	2026-10-07T13:48:29.3873181Z Downloading urllib3-2.8.0-py3-none-any.whl (135 kB)
2 Unit Test	Install test dependencies	2026-10-07T13:48:29.3967961Z Downloading certifi-2026.7.22-py3-none-any.whl (136 kB)
2 Unit Test	Install test dependencies	2026-10-07T13:48:29.4062646Z Downloading gunicorn-26.2.0-py3-none-any.whl (228 kB)
2 Unit Test	Install test dependencies	2026-10-07T13:48:29.4159035Z Downloading pytest-9.1.1-py3-none-any.whl (386 kB)
2 Unit Test	Install test dependencies	2026-10-07T13:48:29.4260297Z Downloading pytest_cov-7.1.0-py3-none-any.whl (22 kB)
2 Unit Test	Install test dependencies	2026-10-07T13:48:29.4392697Z Downloading flake8-7.4.1-py2.py3-none-any.whl (57 kB)
2 Unit Test	Install test dependencies	2026-10-07T13:48:29.4483322Z Downloading bandit-1.9.4-py3-none-any.whl (134 kB)
2 Unit Test	Install test dependencies	2026-10-07T13:48:29.4575502Z Downloading pip_audit-2.10.1-py3-none-any.whl (62 kB)
2 Unit Test	Install test dependencies	2026-10-07T13:48:29.4668752Z Downloading charset_normalizer-3.5.2-cp313-cp313-manylinux2014_x86_64.manylinux_2_17_x86_64.manylinux_2_28_x86_64.whl (254 kB)
2 Unit Test	Install test dependencies	2026-10-07T13:48:29.4762251Z Downloading cyclonedx_python_lib-11.12.0-py3-none-any.whl (529 kB)
2 Unit Test	Install test dependencies	2026-10-07T13:48:29.4812922Z    ━━━━━━━━━━━━━━━━━━━━━━━━━━━━━━━━━━━━━━━━ 529.5/529.5 kB 101.3 MB/s  0:00:00
2 Unit Test	Install test dependencies	2026-10-07T13:48:29.4882081Z Downloading idna-3.20-py3-none-any.whl (69 kB)
2 Unit Test	Install test dependencies	2026-10-07T13:48:29.4973786Z Downloading license_expression-30.4.4-py3-none-any.whl (120 kB)
2 Unit Test	Install test dependencies	2026-10-07T13:48:29.5070501Z Downloading mccabe-0.7.0-py2.py3-none-any.whl (7.3 kB)
2 Unit Test	Install test dependencies	2026-10-07T13:48:29.5159245Z Downloading packageurl_python-0.17.6-py3-none-any.whl (36 kB)
2 Unit Test	Install test dependencies	2026-10-07T13:48:29.5247571Z Downloading pluggy-1.6.0-py3-none-any.whl (20 kB)
2 Unit Test	Install test dependencies	2026-10-07T13:48:29.5337139Z Downloading py_serializable-2.1.0-py3-none-any.whl (23 kB)
2 Unit Test	Install test dependencies	2026-10-07T13:48:29.5425342Z Downloading defusedxml-0.7.1-py2.py3-none-any.whl (25 kB)
2 Unit Test	Install test dependencies	2026-10-07T13:48:29.5515219Z Downloading pycodestyle-2.15.0-py2.py3-none-any.whl (31 kB)
2 Unit Test	Install test dependencies	2026-10-07T13:48:29.5626247Z Downloading pyflakes-4.0.2-py2.py3-none-any.whl (66 kB)
2 Unit Test	Install test dependencies	2026-10-07T13:48:29.5717848Z Downloading sortedcontainers-2.4.0-py2.py3-none-any.whl (29 kB)
2 Unit Test	Install test dependencies	2026-10-07T13:48:29.5805040Z Downloading blinker-1.9.0-py3-none-any.whl (8.5 kB)
2 Unit Test	Install test dependencies	2026-10-07T13:48:29.5892451Z Downloading boolean_py-5.0-py3-none-any.whl (26 kB)
2 Unit Test	Install test dependencies	2026-10-07T13:48:29.5982493Z Downloading cachecontrol-0.14.4-py3-none-any.whl (22 kB)
2 Unit Test	Install test dependencies	2026-10-07T13:48:29.6071802Z Downloading msgpack-1.2.3-cp313-cp313-manylinux2014_x86_64.manylinux_2_17_x86_64.manylinux_2_28_x86_64.whl (466 kB)
2 Unit Test	Install test dependencies	2026-10-07T13:48:29.6173140Z Downloading click-8.5.0-py3-none-any.whl (125 kB)
2 Unit Test	Install test dependencies	2026-10-07T13:48:29.6265362Z Downloading coverage-7.16.2-cp313-cp313-manylinux1_x86_64.manylinux_2_28_x86_64.manylinux_2_5_x86_64.whl (257 kB)
2 Unit Test	Install test dependencies	2026-10-07T13:48:29.6358954Z Downloading filelock-4.0.12-py3-none-any.whl (111 kB)
2 Unit Test	Install test dependencies	2026-10-07T13:48:29.6450972Z Downloading iniconfig-2.3.1-py3-none-any.whl (7.6 kB)
2 Unit Test	Install test dependencies	2026-10-07T13:48:29.6537057Z Downloading itsdangerous-2.2.0-py3-none-any.whl (16 kB)
2 Unit Test	Install test dependencies	2026-10-07T13:48:29.6623551Z Downloading markupsafe-3.0.4-cp313-cp313-manylinux2014_x86_64.manylinux_2_17_x86_64.manylinux_2_28_x86_64.whl (23 kB)
2 Unit Test	Install test dependencies	2026-10-07T13:48:29.6713289Z Downloading packaging-26.3-py3-none-any.whl (129 kB)
2 Unit Test	Install test dependencies	2026-10-07T13:48:29.6804635Z Downloading pip_api-0.0.35-py3-none-any.whl (123 kB)
2 Unit Test	Install test dependencies	2026-10-07T13:48:29.6897944Z Downloading pip_requirements_parser-32.0.1-py3-none-any.whl (35 kB)
2 Unit Test	Install test dependencies	2026-10-07T13:48:29.6987074Z Downloading platformdirs-4.12.3-py3-none-any.whl (32 kB)
2 Unit Test	Install test dependencies	2026-10-07T13:48:29.7075652Z Downloading pygments-2.21.0-py3-none-any.whl (1.3 MB)
2 Unit Test	Install test dependencies	2026-10-07T13:48:29.7178938Z    ━━━━━━━━━━━━━━━━━━━━━━━━━━━━━━━━━━━━━━━━ 1.3/1.3 MB 122.5 MB/s  0:00:00
2 Unit Test	Install test dependencies	2026-10-07T13:48:29.7249021Z Downloading rich-15.0.0-py3-none-any.whl (310 kB)
2 Unit Test	Install test dependencies	2026-10-07T13:48:29.7351639Z Downloading markdown_it_py-4.2.0-py3-none-any.whl (91 kB)
2 Unit Test	Install test dependencies	2026-10-07T13:48:29.7445172Z Downloading mdurl-0.1.2-py3-none-any.whl (10.0 kB)
2 Unit Test	Install test dependencies	2026-10-07T13:48:29.7533390Z Downloading stevedore-5.9.1-py3-none-any.whl (54 kB)
2 Unit Test	Install test dependencies	2026-10-07T13:48:29.7623324Z Downloading tomli-2.5.0-cp313-cp313-manylinux2014_x86_64.manylinux_2_17_x86_64.manylinux_2_28_x86_64.whl (283 kB)
2 Unit Test	Install test dependencies	2026-10-07T13:48:29.7717182Z Downloading tomli_w-1.2.0-py3-none-any.whl (6.7 kB)
2 Unit Test	Install test dependencies	2026-10-07T13:48:29.7805922Z Downloading pyparsing-3.3.3-py3-none-any.whl (126 kB)
2 Unit Test	Install test dependencies	2026-10-07T13:48:29.9770630Z Installing collected packages: sortedcontainers, boolean.py, urllib3, tomli-w, tomli, stevedore, PyYAML, pyparsing, pygments, pyflakes, pycodestyle, pluggy, platformdirs, pip-api, packaging, packageurl-python, msgpack, mdurl, mccabe, markupsafe, license-expression, itsdangerous, iniconfig, idna, gunicorn, filelock, defusedxml, coverage, click, charset_normalizer, certifi, blinker, Werkzeug, requests, pytest, py-serializable, pip-requirements-parser, markdown-it-py, Jinja2, flake8, rich, pytest-cov, Flask, cyclonedx-python-lib, CacheControl, bandit, pip-audit
2 Unit Test	Install test dependencies	2026-10-07T13:48:33.1734058Z 
2 Unit Test	Install test dependencies	2026-10-07T13:48:33.1785585Z Successfully installed CacheControl-0.14.4 Flask-3.1.3 Jinja2-3.1.6 PyYAML-6.0.3 Werkzeug-3.1.9 bandit-1.9.4 blinker-1.9.0 boolean.py-5.0 certifi-2026.7.22 charset_normalizer-3.5.2 click-8.5.0 coverage-7.16.2 cyclonedx-python-lib-11.12.0 defusedxml-0.7.1 filelock-4.0.12 flake8-7.4.1 gunicorn-26.2.0 idna-3.20 iniconfig-2.3.1 itsdangerous-2.2.0 license-expression-30.4.4 markdown-it-py-4.2.0 markupsafe-3.0.4 mccabe-0.7.0 mdurl-0.1.2 msgpack-1.2.3 packageurl-python-0.17.6 packaging-26.3 pip-api-0.0.35 pip-audit-2.10.1 pip-requirements-parser-32.0.1 platformdirs-4.12.3 pluggy-1.6.0 py-serializable-2.1.0 pycodestyle-2.15.0 pyflakes-4.0.2 pygments-2.21.0 pyparsing-3.3.3 pytest-9.1.1 pytest-cov-7.1.0 requests-2.34.2 rich-15.0.0 sortedcontainers-2.4.0 stevedore-5.9.1 tomli-2.5.0 tomli-w-1.2.0 urllib3-2.8.0
2 Unit Test	Lint	﻿2026-10-07T13:48:33.2801500Z ##[group]Run flake8 app tests
2 Unit Test	Lint	2026-10-07T13:48:33.2801816Z [36;1mflake8 app tests[0m
2 Unit Test	Lint	2026-10-07T13:48:33.2868640Z shell: /usr/bin/bash --noprofile --norc -e -o pipefail {0}
2 Unit Test	Lint	2026-10-07T13:48:33.2868995Z env:
2 Unit Test	Lint	2026-10-07T13:48:33.2869197Z   APP_DIR: labs/17-devsecops
2 Unit Test	Lint	2026-10-07T13:48:33.2869448Z   IMAGE_NAME: claim-check-api
2 Unit Test	Lint	2026-10-07T13:48:33.2869693Z   TRIVY_VERSION: 0.75.0
2 Unit Test	Lint	2026-10-07T13:48:33.2869919Z   GITLEAKS_VERSION: 8.30.1
2 Unit Test	Lint	2026-10-07T13:48:33.2870154Z   PYTHON_VERSION: 3.13
2 Unit Test	Lint	2026-10-07T13:48:33.2870456Z   pythonLocation: /opt/hostedtoolcache/Python/3.13.15/x64
2 Unit Test	Lint	2026-10-07T13:48:33.2870943Z   PKG_CONFIG_PATH: /opt/hostedtoolcache/Python/3.13.15/x64/lib/pkgconfig
2 Unit Test	Lint	2026-10-07T13:48:33.2871409Z   Python_ROOT_DIR: /opt/hostedtoolcache/Python/3.13.15/x64
2 Unit Test	Lint	2026-10-07T13:48:33.2871820Z   Python2_ROOT_DIR: /opt/hostedtoolcache/Python/3.13.15/x64
2 Unit Test	Lint	2026-10-07T13:48:33.2872221Z   Python3_ROOT_DIR: /opt/hostedtoolcache/Python/3.13.15/x64
2 Unit Test	Lint	2026-10-07T13:48:33.2872648Z   LD_LIBRARY_PATH: /opt/hostedtoolcache/Python/3.13.15/x64/lib
2 Unit Test	Lint	2026-10-07T13:48:33.2873031Z ##[endgroup]
2 Unit Test	Run the unit test suite	﻿2026-10-07T13:48:33.9134022Z ##[group]Run mkdir -p reports
2 Unit Test	Run the unit test suite	2026-10-07T13:48:33.9134745Z [36;1mmkdir -p reports[0m
2 Unit Test	Run the unit test suite	2026-10-07T13:48:33.9135192Z [36;1mpytest --cov=app --cov-report=term-missing --cov-report=xml:reports/coverage.xml \[0m
2 Unit Test	Run the unit test suite	2026-10-07T13:48:33.9135673Z [36;1m       --junitxml=reports/junit.xml[0m
2 Unit Test	Run the unit test suite	2026-10-07T13:48:33.9198981Z shell: /usr/bin/bash --noprofile --norc -e -o pipefail {0}
2 Unit Test	Run the unit test suite	2026-10-07T13:48:33.9199323Z env:
2 Unit Test	Run the unit test suite	2026-10-07T13:48:33.9199519Z   APP_DIR: labs/17-devsecops
2 Unit Test	Run the unit test suite	2026-10-07T13:48:33.9199765Z   IMAGE_NAME: claim-check-api
2 Unit Test	Run the unit test suite	2026-10-07T13:48:33.9200000Z   TRIVY_VERSION: 0.75.0
2 Unit Test	Run the unit test suite	2026-10-07T13:48:33.9200214Z   GITLEAKS_VERSION: 8.30.1
2 Unit Test	Run the unit test suite	2026-10-07T13:48:33.9200437Z   PYTHON_VERSION: 3.13
2 Unit Test	Run the unit test suite	2026-10-07T13:48:33.9200714Z   pythonLocation: /opt/hostedtoolcache/Python/3.13.15/x64
2 Unit Test	Run the unit test suite	2026-10-07T13:48:33.9201137Z   PKG_CONFIG_PATH: /opt/hostedtoolcache/Python/3.13.15/x64/lib/pkgconfig
2 Unit Test	Run the unit test suite	2026-10-07T13:48:33.9201587Z   Python_ROOT_DIR: /opt/hostedtoolcache/Python/3.13.15/x64
2 Unit Test	Run the unit test suite	2026-10-07T13:48:33.9201976Z   Python2_ROOT_DIR: /opt/hostedtoolcache/Python/3.13.15/x64
2 Unit Test	Run the unit test suite	2026-10-07T13:48:33.9202402Z   Python3_ROOT_DIR: /opt/hostedtoolcache/Python/3.13.15/x64
2 Unit Test	Run the unit test suite	2026-10-07T13:48:33.9202786Z   LD_LIBRARY_PATH: /opt/hostedtoolcache/Python/3.13.15/x64/lib
2 Unit Test	Run the unit test suite	2026-10-07T13:48:33.9203111Z ##[endgroup]
2 Unit Test	Run the unit test suite	2026-10-07T13:48:34.4342991Z ============================= test session starts ==============================
2 Unit Test	Run the unit test suite	2026-10-07T13:48:34.4344602Z platform linux -- Python 3.13.15, pytest-9.1.1, pluggy-1.6.0 -- /opt/hostedtoolcache/Python/3.13.15/x64/bin/python
2 Unit Test	Run the unit test suite	2026-10-07T13:48:34.4345405Z cachedir: .pytest_cache
2 Unit Test	Run the unit test suite	2026-10-07T13:48:34.4345970Z rootdir: /home/runner/work/devops-coursework/devops-coursework/labs/17-devsecops
2 Unit Test	Run the unit test suite	2026-10-07T13:48:34.4346600Z configfile: setup.cfg
2 Unit Test	Run the unit test suite	2026-10-07T13:48:34.4346923Z testpaths: tests
2 Unit Test	Run the unit test suite	2026-10-07T13:48:34.4347261Z plugins: platformdirs-4.12.3, cov-7.1.0
2 Unit Test	Run the unit test suite	2026-10-07T13:48:34.8714302Z collecting ... collected 26 items
2 Unit Test	Run the unit test suite	2026-10-07T13:48:34.8714942Z 
2 Unit Test	Run the unit test suite	2026-10-07T13:48:34.8848593Z tests/test_claims.py::test_validate_claim_accepts_a_normal_claim PASSED  [  3%]
2 Unit Test	Run the unit test suite	2026-10-07T13:48:34.8870380Z tests/test_claims.py::test_validate_claim_rejects_bad_input[claim0] PASSED [  7%]
2 Unit Test	Run the unit test suite	2026-10-07T13:48:34.8888268Z tests/test_claims.py::test_validate_claim_rejects_bad_input[claim1] PASSED [ 11%]
2 Unit Test	Run the unit test suite	2026-10-07T13:48:34.8907635Z tests/test_claims.py::test_validate_claim_rejects_bad_input[claim2] PASSED [ 15%]
2 Unit Test	Run the unit test suite	2026-10-07T13:48:34.8924825Z tests/test_claims.py::test_validate_claim_rejects_bad_input[claim3] PASSED [ 19%]
2 Unit Test	Run the unit test suite	2026-10-07T13:48:34.8941900Z tests/test_claims.py::test_validate_claim_rejects_bad_input[claim4] PASSED [ 23%]
2 Unit Test	Run the unit test suite	2026-10-07T13:48:34.8958846Z tests/test_claims.py::test_validate_claim_rejects_bad_input[claim5] PASSED [ 26%]
2 Unit Test	Run the unit test suite	2026-10-07T13:48:34.8973706Z tests/test_claims.py::test_validate_claim_rejects_a_non_object PASSED    [ 30%]
2 Unit Test	Run the unit test suite	2026-10-07T13:48:34.8988826Z tests/test_claims.py::test_price_claim_applies_the_category_rate PASSED  [ 34%]
2 Unit Test	Run the unit test suite	2026-10-07T13:48:34.9003553Z tests/test_claims.py::test_price_claim_caps_the_category PASSED          [ 38%]
2 Unit Test	Run the unit test suite	2026-10-07T13:48:34.9018189Z tests/test_claims.py::test_price_claim_halves_a_claim_without_receipts PASSED [ 42%]
2 Unit Test	Run the unit test suite	2026-10-07T13:48:34.9032757Z tests/test_claims.py::test_price_claim_flags_large_reimbursements_for_approval PASSED [ 46%]
2 Unit Test	Run the unit test suite	2026-10-07T13:48:34.9050549Z tests/test_claims.py::test_fingerprint_is_stable_and_salted PASSED       [ 50%]
2 Unit Test	Run the unit test suite	2026-10-07T13:48:34.9071482Z tests/test_claims.py::test_issue_reference_is_unique_and_prefixed PASSED [ 53%]
2 Unit Test	Run the unit test suite	2026-10-07T13:48:34.9086613Z tests/test_claims.py::test_summarise_adds_up_a_batch PASSED              [ 57%]
2 Unit Test	Run the unit test suite	2026-10-07T13:48:34.9101977Z tests/test_claims.py::test_summarise_rejects_an_empty_batch PASSED       [ 61%]
2 Unit Test	Run the unit test suite	2026-10-07T13:48:34.9171232Z tests/test_server.py::test_health_endpoint PASSED                        [ 65%]
2 Unit Test	Run the unit test suite	2026-10-07T13:48:34.9194536Z tests/test_server.py::test_version_endpoint_reports_build_metadata PASSED [ 69%]
2 Unit Test	Run the unit test suite	2026-10-07T13:48:34.9219878Z tests/test_server.py::test_validate_endpoint_accepts_a_claim PASSED      [ 73%]
2 Unit Test	Run the unit test suite	2026-10-07T13:48:34.9243549Z tests/test_server.py::test_validate_endpoint_rejects_a_bad_claim PASSED  [ 76%]
2 Unit Test	Run the unit test suite	2026-10-07T13:48:34.9267648Z tests/test_server.py::test_price_endpoint_prices_a_claim PASSED          [ 80%]
2 Unit Test	Run the unit test suite	2026-10-07T13:48:34.9291247Z tests/test_server.py::test_batch_endpoint_summarises PASSED              [ 84%]
2 Unit Test	Run the unit test suite	2026-10-07T13:48:34.9313699Z tests/test_server.py::test_batch_endpoint_rejects_an_empty_body PASSED   [ 88%]
2 Unit Test	Run the unit test suite	2026-10-07T13:48:34.9347069Z tests/test_server.py::test_policy_endpoint_parses_yaml PASSED            [ 92%]
2 Unit Test	Run the unit test suite	2026-10-07T13:48:34.9374119Z tests/test_server.py::test_policy_endpoint_rejects_broken_yaml PASSED    [ 96%]
2 Unit Test	Run the unit test suite	2026-10-07T13:48:34.9988309Z tests/test_server.py::test_fx_endpoint_reports_no_upstream PASSED        [100%]
2 Unit Test	Run the unit test suite	2026-10-07T13:48:34.9989035Z 
2 Unit Test	Run the unit test suite	2026-10-07T13:48:34.9989619Z - generated xml file: /home/runner/work/devops-coursework/devops-coursework/labs/17-devsecops/reports/junit.xml -
2 Unit Test	Run the unit test suite	2026-10-07T13:48:34.9990599Z ================================ tests coverage ================================
2 Unit Test	Run the unit test suite	2026-10-07T13:48:34.9991273Z _______________ coverage: platform linux, python 3.13.15-final-0 _______________
2 Unit Test	Run the unit test suite	2026-10-07T13:48:34.9991963Z 
2 Unit Test	Run the unit test suite	2026-10-07T13:48:34.9992140Z Name              Stmts   Miss  Cover   Missing
2 Unit Test	Run the unit test suite	2026-10-07T13:48:34.9992496Z -----------------------------------------------
2 Unit Test	Run the unit test suite	2026-10-07T13:48:34.9992833Z app/__init__.py       1      0   100%
2 Unit Test	Run the unit test suite	2026-10-07T13:48:34.9993151Z app/claims.py        59      0   100%
2 Unit Test	Run the unit test suite	2026-10-07T13:48:34.9993517Z app/server.py        64     10    84%   66-67, 89, 97-102, 106
2 Unit Test	Run the unit test suite	2026-10-07T13:48:34.9993913Z -----------------------------------------------
2 Unit Test	Run the unit test suite	2026-10-07T13:48:34.9994532Z TOTAL               124     10    92%
2 Unit Test	Run the unit test suite	2026-10-07T13:48:34.9994883Z Coverage XML written to file reports/coverage.xml
2 Unit Test	Run the unit test suite	2026-10-07T13:48:34.9995308Z ============================== 26 passed in 0.57s ==============================
2 Unit Test	Upload the test report	﻿2026-10-07T13:48:35.0552701Z ##[group]Run actions/upload-artifact@v4
2 Unit Test	Upload the test report	2026-10-07T13:48:35.0553018Z with:
2 Unit Test	Upload the test report	2026-10-07T13:48:35.0553218Z   name: unit-test-report
2 Unit Test	Upload the test report	2026-10-07T13:48:35.0553459Z   path: labs/17-devsecops/reports
2 Unit Test	Upload the test report	2026-10-07T13:48:35.0553713Z   retention-days: 7
2 Unit Test	Upload the test report	2026-10-07T13:48:35.0553929Z   if-no-files-found: warn
2 Unit Test	Upload the test report	2026-10-07T13:48:35.0554378Z   compression-level: 6
2 Unit Test	Upload the test report	2026-10-07T13:48:35.0554599Z   overwrite: false
2 Unit Test	Upload the test report	2026-10-07T13:48:35.0554809Z   include-hidden-files: false
2 Unit Test	Upload the test report	2026-10-07T13:48:35.0555035Z env:
2 Unit Test	Upload the test report	2026-10-07T13:48:35.0555220Z   APP_DIR: labs/17-devsecops
2 Unit Test	Upload the test report	2026-10-07T13:48:35.0555455Z   IMAGE_NAME: claim-check-api
2 Unit Test	Upload the test report	2026-10-07T13:48:35.0555686Z   TRIVY_VERSION: 0.75.0
2 Unit Test	Upload the test report	2026-10-07T13:48:35.0555900Z   GITLEAKS_VERSION: 8.30.1
2 Unit Test	Upload the test report	2026-10-07T13:48:35.0556121Z   PYTHON_VERSION: 3.13
2 Unit Test	Upload the test report	2026-10-07T13:48:35.0556400Z   pythonLocation: /opt/hostedtoolcache/Python/3.13.15/x64
2 Unit Test	Upload the test report	2026-10-07T13:48:35.0556842Z   PKG_CONFIG_PATH: /opt/hostedtoolcache/Python/3.13.15/x64/lib/pkgconfig
2 Unit Test	Upload the test report	2026-10-07T13:48:35.0557265Z   Python_ROOT_DIR: /opt/hostedtoolcache/Python/3.13.15/x64
2 Unit Test	Upload the test report	2026-10-07T13:48:35.0557871Z   Python2_ROOT_DIR: /opt/hostedtoolcache/Python/3.13.15/x64
2 Unit Test	Upload the test report	2026-10-07T13:48:35.0558257Z   Python3_ROOT_DIR: /opt/hostedtoolcache/Python/3.13.15/x64
2 Unit Test	Upload the test report	2026-10-07T13:48:35.0558635Z   LD_LIBRARY_PATH: /opt/hostedtoolcache/Python/3.13.15/x64/lib
2 Unit Test	Upload the test report	2026-10-07T13:48:35.0558957Z ##[endgroup]
2 Unit Test	Upload the test report	2026-10-07T13:48:35.2252810Z (node:2380) [DEP0040] DeprecationWarning: The `punycode` module is deprecated. Please use a userland alternative instead.
2 Unit Test	Upload the test report	2026-10-07T13:48:35.2254392Z (Use `node --trace-deprecation ...` to show where the warning was created)
2 Unit Test	Upload the test report	2026-10-07T13:48:35.2315541Z With the provided path, there will be 2 files uploaded
2 Unit Test	Upload the test report	2026-10-07T13:48:35.2334988Z Artifact name is valid!
2 Unit Test	Upload the test report	2026-10-07T13:48:35.2364834Z Root directory input is valid!
2 Unit Test	Upload the test report	2026-10-07T13:48:35.5963474Z Beginning upload of artifact content to blob storage
2 Unit Test	Upload the test report	2026-10-07T13:48:35.6168815Z (node:2380) [DEP0169] DeprecationWarning: `url.parse()` behavior is not standardized and prone to errors that have security implications. Use the WHATWG URL API instead. CVEs are not issued for `url.parse()` vulnerabilities.
2 Unit Test	Upload the test report	2026-10-07T13:48:35.9031582Z Uploaded bytes 1544
2 Unit Test	Upload the test report	2026-10-07T13:48:35.9829112Z Finished uploading artifact content to blob storage!
2 Unit Test	Upload the test report	2026-10-07T13:48:35.9830658Z SHA256 digest of uploaded artifact zip is 2f432f3ed43207337259ea0bba3383f6faa7f78a73e3b3e15c28835b8d0cddea
2 Unit Test	Upload the test report	2026-10-07T13:48:35.9832892Z Finalizing artifact upload
2 Unit Test	Upload the test report	2026-10-07T13:48:36.2975409Z Artifact unit-test-report.zip successfully finalized. Artifact ID 11486775811
2 Unit Test	Upload the test report	2026-10-07T13:48:36.2995965Z Artifact unit-test-report has been successfully uploaded! Final size is 1544 bytes. Artifact ID is 11486775811
2 Unit Test	Upload the test report	2026-10-07T13:48:36.2997769Z Artifact download URL: https://github.com/AmanYadav7015/devops-coursework/actions/runs/37631386888/artifacts/11486775811
2 Unit Test	Post Setup Python	﻿2026-10-07T13:48:36.3158386Z Post job cleanup.
2 Unit Test	Post Setup Python	2026-10-07T13:48:36.4427551Z (node:2392) [DEP0040] DeprecationWarning: The `punycode` module is deprecated. Please use a userland alternative instead.
2 Unit Test	Post Setup Python	2026-10-07T13:48:36.4428507Z (Use `node --trace-deprecation ...` to show where the warning was created)
2 Unit Test	Post Checkout code	﻿2026-10-07T13:48:36.4632784Z Post job cleanup.
2 Unit Test	Post Checkout code	2026-10-07T13:48:36.5606910Z [command]/usr/bin/git version
2 Unit Test	Post Checkout code	2026-10-07T13:48:36.5656072Z git version 2.55.0
2 Unit Test	Post Checkout code	2026-10-07T13:48:36.5703040Z Temporarily overriding HOME='/home/runner/work/_temp/a06e78ee-fe7a-4f2b-bc4b-e0b29aa1680a' before making global git config changes
2 Unit Test	Post Checkout code	2026-10-07T13:48:36.5705175Z Adding repository directory to the temporary git global config as a safe directory
2 Unit Test	Post Checkout code	2026-10-07T13:48:36.5708299Z [command]/usr/bin/git config --global --add safe.directory /home/runner/work/devops-coursework/devops-coursework
2 Unit Test	Post Checkout code	2026-10-07T13:48:36.5762216Z [command]/usr/bin/git config --local --name-only --get-regexp core\.sshCommand
2 Unit Test	Post Checkout code	2026-10-07T13:48:36.5818453Z [command]/usr/bin/git submodule foreach --recursive sh -c "git config --local --name-only --get-regexp 'core\.sshCommand' && git config --local --unset-all 'core.sshCommand' || :"
2 Unit Test	Post Checkout code	2026-10-07T13:48:36.6112341Z [command]/usr/bin/git config --local --name-only --get-regexp http\.https\:\/\/github\.com\/\.extraheader
2 Unit Test	Post Checkout code	2026-10-07T13:48:36.6135160Z http.https://github.com/.extraheader
2 Unit Test	Post Checkout code	2026-10-07T13:48:36.6148279Z [command]/usr/bin/git config --local --unset-all http.https://github.com/.extraheader
2 Unit Test	Post Checkout code	2026-10-07T13:48:36.6195835Z [command]/usr/bin/git submodule foreach --recursive sh -c "git config --local --name-only --get-regexp 'http\.https\:\/\/github\.com\/\.extraheader' && git config --local --unset-all 'http.https://github.com/.extraheader' || :"
2 Unit Test	Post Checkout code	2026-10-07T13:48:36.6464745Z [command]/usr/bin/git config --local --name-only --get-regexp ^includeIf\.gitdir:
2 Unit Test	Post Checkout code	2026-10-07T13:48:36.6511690Z [command]/usr/bin/git submodule foreach --recursive git config --local --show-origin --name-only --get-regexp remote.origin.url
2 Unit Test	Complete job	﻿2026-10-07T13:48:36.7012312Z Cleaning up orphan processes
2 Unit Test	Complete job	2026-10-07T13:48:36.7315048Z ##[warning]Node.js 20 is deprecated. The following actions target Node.js 20 but are being forced to run on Node.js 24: actions/checkout@v4, actions/setup-python@v5, actions/upload-artifact@v4. For more information see: https://github.blog/changelog/2025-09-19-deprecation-of-node-20-on-github-actions-runners/
3b SAST (CodeQL)	Set up job	﻿2026-10-07T13:48:43.0085169Z Current runner version: '2.337.0'
3b SAST (CodeQL)	Set up job	2026-10-07T13:48:43.0123327Z ##[group]Runner Image Provisioner
3b SAST (CodeQL)	Set up job	2026-10-07T13:48:43.0124741Z Hosted Compute Agent
3b SAST (CodeQL)	Set up job	2026-10-07T13:48:43.0125740Z Version: 20261002.596
3b SAST (CodeQL)	Set up job	2026-10-07T13:48:43.0127137Z Commit: c3d12f3313a95f25162a1503be624f3b0617f8c0
3b SAST (CodeQL)	Set up job	2026-10-07T13:48:43.0128419Z Build Date: 2026-10-02T22:28:27Z
3b SAST (CodeQL)	Set up job	2026-10-07T13:48:43.0129684Z Worker ID: {dbe4c660-d358-4f0a-92f9-ff601037a446}
3b SAST (CodeQL)	Set up job	2026-10-07T13:48:43.0130895Z Region: eastus2
3b SAST (CodeQL)	Set up job	2026-10-07T13:48:43.0131809Z Cloud: Azure
3b SAST (CodeQL)	Set up job	2026-10-07T13:48:43.0132804Z ##[endgroup]
3b SAST (CodeQL)	Set up job	2026-10-07T13:48:43.0135777Z ##[group]Operating System
3b SAST (CodeQL)	Set up job	2026-10-07T13:48:43.0137150Z Ubuntu
3b SAST (CodeQL)	Set up job	2026-10-07T13:48:43.0138127Z 24.04.5
3b SAST (CodeQL)	Set up job	2026-10-07T13:48:43.0139012Z LTS
3b SAST (CodeQL)	Set up job	2026-10-07T13:48:43.0140005Z ##[endgroup]
3b SAST (CodeQL)	Set up job	2026-10-07T13:48:43.0140970Z ##[group]Runner Image
3b SAST (CodeQL)	Set up job	2026-10-07T13:48:43.0142083Z Image: ubuntu-24.04
3b SAST (CodeQL)	Set up job	2026-10-07T13:48:43.0143105Z Version: 20261004.327.1
3b SAST (CodeQL)	Set up job	2026-10-07T13:48:43.0144947Z Included Software: https://github.com/actions/runner-images/blob/ubuntu24/20261004.327/images/ubuntu/Ubuntu2404-Readme.md
3b SAST (CodeQL)	Set up job	2026-10-07T13:48:43.0148388Z Image Release: https://github.com/actions/runner-images/releases/tag/ubuntu24%2F20261004.327
3b SAST (CodeQL)	Set up job	2026-10-07T13:48:43.0150698Z ##[endgroup]
3b SAST (CodeQL)	Set up job	2026-10-07T13:48:43.0152742Z ##[group]GITHUB_TOKEN Permissions
3b SAST (CodeQL)	Set up job	2026-10-07T13:48:43.0156009Z Contents: read
3b SAST (CodeQL)	Set up job	2026-10-07T13:48:43.0157323Z Metadata: read
3b SAST (CodeQL)	Set up job	2026-10-07T13:48:43.0158284Z SecurityEvents: write
3b SAST (CodeQL)	Set up job	2026-10-07T13:48:43.0159392Z ##[endgroup]
3b SAST (CodeQL)	Set up job	2026-10-07T13:48:43.0162392Z Secret source: Actions
3b SAST (CodeQL)	Set up job	2026-10-07T13:48:43.0164073Z Cache mode: write
3b SAST (CodeQL)	Set up job	2026-10-07T13:48:43.0165495Z Prepare workflow directory
3b SAST (CodeQL)	Set up job	2026-10-07T13:48:43.0739535Z Prepare all required actions
3b SAST (CodeQL)	Set up job	2026-10-07T13:48:43.0788695Z Getting action download info
3b SAST (CodeQL)	Set up job	2026-10-07T13:48:43.3029918Z Download action repository 'actions/checkout@v4' (SHA:11d5960a326750d5838078e36cf38b85af677262)
3b SAST (CodeQL)	Set up job	2026-10-07T13:48:43.3995996Z Download action repository 'github/codeql-action@v3' (SHA:1190a975f95ce23525efb6a3fc21ea29567c1b52)
3b SAST (CodeQL)	Set up job	2026-10-07T13:48:43.8212314Z Complete job name: 3b SAST (CodeQL)
3b SAST (CodeQL)	Checkout code	﻿2026-10-07T13:48:43.8945195Z ##[group]Run actions/checkout@v4
3b SAST (CodeQL)	Checkout code	2026-10-07T13:48:43.8946087Z with:
3b SAST (CodeQL)	Checkout code	2026-10-07T13:48:43.8946590Z   repository: AmanYadav7015/devops-coursework
3b SAST (CodeQL)	Checkout code	2026-10-07T13:48:43.8950751Z   token: ***
3b SAST (CodeQL)	Checkout code	2026-10-07T13:48:43.8951235Z   ssh-strict: true
3b SAST (CodeQL)	Checkout code	2026-10-07T13:48:43.8951667Z   ssh-user: git
3b SAST (CodeQL)	Checkout code	2026-10-07T13:48:43.8952108Z   persist-credentials: true
3b SAST (CodeQL)	Checkout code	2026-10-07T13:48:43.8952599Z   clean: true
3b SAST (CodeQL)	Checkout code	2026-10-07T13:48:43.8953037Z   sparse-checkout-cone-mode: true
3b SAST (CodeQL)	Checkout code	2026-10-07T13:48:43.8953565Z   fetch-depth: 1
3b SAST (CodeQL)	Checkout code	2026-10-07T13:48:43.8954000Z   fetch-tags: false
3b SAST (CodeQL)	Checkout code	2026-10-07T13:48:43.8954443Z   show-progress: true
3b SAST (CodeQL)	Checkout code	2026-10-07T13:48:43.8954880Z   lfs: false
3b SAST (CodeQL)	Checkout code	2026-10-07T13:48:43.8955286Z   submodules: false
3b SAST (CodeQL)	Checkout code	2026-10-07T13:48:43.8955732Z   set-safe-directory: true
3b SAST (CodeQL)	Checkout code	2026-10-07T13:48:43.8956234Z   allow-unsafe-pr-checkout: false
3b SAST (CodeQL)	Checkout code	2026-10-07T13:48:43.8957166Z env:
3b SAST (CodeQL)	Checkout code	2026-10-07T13:48:43.8957620Z   APP_DIR: labs/17-devsecops
3b SAST (CodeQL)	Checkout code	2026-10-07T13:48:43.8958136Z   IMAGE_NAME: claim-check-api
3b SAST (CodeQL)	Checkout code	2026-10-07T13:48:43.8958639Z   TRIVY_VERSION: 0.75.0
3b SAST (CodeQL)	Checkout code	2026-10-07T13:48:43.8959155Z   GITLEAKS_VERSION: 8.30.1
3b SAST (CodeQL)	Checkout code	2026-10-07T13:48:43.8959622Z   PYTHON_VERSION: 3.13
3b SAST (CodeQL)	Checkout code	2026-10-07T13:48:43.8960065Z ##[endgroup]
3b SAST (CodeQL)	Checkout code	2026-10-07T13:48:44.0013798Z Syncing repository: AmanYadav7015/devops-coursework
3b SAST (CodeQL)	Checkout code	2026-10-07T13:48:44.0017767Z ##[group]Getting Git version info
3b SAST (CodeQL)	Checkout code	2026-10-07T13:48:44.0019352Z Working directory is '/home/runner/work/devops-coursework/devops-coursework'
3b SAST (CodeQL)	Checkout code	2026-10-07T13:48:44.0024913Z [command]/usr/bin/git version
3b SAST (CodeQL)	Checkout code	2026-10-07T13:48:44.0106554Z git version 2.55.0
3b SAST (CodeQL)	Checkout code	2026-10-07T13:48:44.0162224Z ##[endgroup]
3b SAST (CodeQL)	Checkout code	2026-10-07T13:48:44.0213782Z Temporarily overriding HOME='/home/runner/work/_temp/fe0cf703-d704-4144-9fbd-3243e7e2d74d' before making global git config changes
3b SAST (CodeQL)	Checkout code	2026-10-07T13:48:44.0238218Z Adding repository directory to the temporary git global config as a safe directory
3b SAST (CodeQL)	Checkout code	2026-10-07T13:48:44.0268439Z [command]/usr/bin/git config --global --add safe.directory /home/runner/work/devops-coursework/devops-coursework
3b SAST (CodeQL)	Checkout code	2026-10-07T13:48:44.0289786Z Deleting the contents of '/home/runner/work/devops-coursework/devops-coursework'
3b SAST (CodeQL)	Checkout code	2026-10-07T13:48:44.0292179Z ##[group]Initializing the repository
3b SAST (CodeQL)	Checkout code	2026-10-07T13:48:44.0293411Z [command]/usr/bin/git init /home/runner/work/devops-coursework/devops-coursework
3b SAST (CodeQL)	Checkout code	2026-10-07T13:48:44.0340116Z hint: Using 'master' as the name for the initial branch. This default branch name
3b SAST (CodeQL)	Checkout code	2026-10-07T13:48:44.0342279Z hint: will change to "main" in Git 3.0. To configure the initial branch name
3b SAST (CodeQL)	Checkout code	2026-10-07T13:48:44.0344513Z hint: to use in all of your new repositories, which will suppress this warning,
3b SAST (CodeQL)	Checkout code	2026-10-07T13:48:44.0346552Z hint: call:
3b SAST (CodeQL)	Checkout code	2026-10-07T13:48:44.0348964Z hint:
3b SAST (CodeQL)	Checkout code	2026-10-07T13:48:44.0350300Z hint: 	git config --global init.defaultBranch <name>
3b SAST (CodeQL)	Checkout code	2026-10-07T13:48:44.0353428Z hint:
3b SAST (CodeQL)	Checkout code	2026-10-07T13:48:44.0354793Z hint: Names commonly chosen instead of 'master' are 'main', 'trunk' and
3b SAST (CodeQL)	Checkout code	2026-10-07T13:48:44.0356670Z hint: 'development'. The just-created branch can be renamed via this command:
3b SAST (CodeQL)	Checkout code	2026-10-07T13:48:44.0358567Z hint:
3b SAST (CodeQL)	Checkout code	2026-10-07T13:48:44.0360799Z hint: 	git branch -m <name>
3b SAST (CodeQL)	Checkout code	2026-10-07T13:48:44.0362043Z hint:
3b SAST (CodeQL)	Checkout code	2026-10-07T13:48:44.0363526Z hint: Disable this message with "git config set advice.defaultBranchName false"
3b SAST (CodeQL)	Checkout code	2026-10-07T13:48:44.0365665Z Initialized empty Git repository in /home/runner/work/devops-coursework/devops-coursework/.git/
3b SAST (CodeQL)	Checkout code	2026-10-07T13:48:44.0370047Z [command]/usr/bin/git remote add origin https://github.com/AmanYadav7015/devops-coursework
3b SAST (CodeQL)	Checkout code	2026-10-07T13:48:44.0420322Z ##[endgroup]
3b SAST (CodeQL)	Checkout code	2026-10-07T13:48:44.0422285Z ##[group]Disabling automatic garbage collection
3b SAST (CodeQL)	Checkout code	2026-10-07T13:48:44.0423905Z [command]/usr/bin/git config --local gc.auto 0
3b SAST (CodeQL)	Checkout code	2026-10-07T13:48:44.0459214Z ##[endgroup]
3b SAST (CodeQL)	Checkout code	2026-10-07T13:48:44.0460913Z ##[group]Setting up auth
3b SAST (CodeQL)	Checkout code	2026-10-07T13:48:44.0469161Z [command]/usr/bin/git config --local --name-only --get-regexp core\.sshCommand
3b SAST (CodeQL)	Checkout code	2026-10-07T13:48:44.0507294Z [command]/usr/bin/git submodule foreach --recursive sh -c "git config --local --name-only --get-regexp 'core\.sshCommand' && git config --local --unset-all 'core.sshCommand' || :"
3b SAST (CodeQL)	Checkout code	2026-10-07T13:48:44.0998610Z [command]/usr/bin/git config --local --name-only --get-regexp http\.https\:\/\/github\.com\/\.extraheader
3b SAST (CodeQL)	Checkout code	2026-10-07T13:48:44.1046398Z [command]/usr/bin/git submodule foreach --recursive sh -c "git config --local --name-only --get-regexp 'http\.https\:\/\/github\.com\/\.extraheader' && git config --local --unset-all 'http.https://github.com/.extraheader' || :"
3b SAST (CodeQL)	Checkout code	2026-10-07T13:48:44.1307513Z [command]/usr/bin/git config --local --name-only --get-regexp ^includeIf\.gitdir:
3b SAST (CodeQL)	Checkout code	2026-10-07T13:48:44.1348017Z [command]/usr/bin/git submodule foreach --recursive git config --local --show-origin --name-only --get-regexp remote.origin.url
3b SAST (CodeQL)	Checkout code	2026-10-07T13:48:44.1578472Z [command]/usr/bin/git config --local http.https://github.com/.extraheader AUTHORIZATION: basic ***
3b SAST (CodeQL)	Checkout code	2026-10-07T13:48:44.1620493Z ##[endgroup]
3b SAST (CodeQL)	Checkout code	2026-10-07T13:48:44.1622533Z ##[group]Fetching the repository
3b SAST (CodeQL)	Checkout code	2026-10-07T13:48:44.1632324Z [command]/usr/bin/git -c protocol.version=2 fetch --no-tags --prune --no-recurse-submodules --depth=1 origin +93abcaeb1fb8d12fa938e9f322c07aa15533f82e:refs/remotes/origin/session-17-devsecops-ci
3b SAST (CodeQL)	Checkout code	2026-10-07T13:48:44.8130192Z From https://github.com/AmanYadav7015/devops-coursework
3b SAST (CodeQL)	Checkout code	2026-10-07T13:48:44.8133100Z  * [new ref]         93abcaeb1fb8d12fa938e9f322c07aa15533f82e -> origin/session-17-devsecops-ci
3b SAST (CodeQL)	Checkout code	2026-10-07T13:48:44.8138991Z ##[endgroup]
3b SAST (CodeQL)	Checkout code	2026-10-07T13:48:44.8141129Z ##[group]Determining the checkout info
3b SAST (CodeQL)	Checkout code	2026-10-07T13:48:44.8143519Z ##[endgroup]
3b SAST (CodeQL)	Checkout code	2026-10-07T13:48:44.8146370Z [command]/usr/bin/git sparse-checkout disable
3b SAST (CodeQL)	Checkout code	2026-10-07T13:48:44.8204656Z [command]/usr/bin/git config --local --unset-all extensions.worktreeConfig
3b SAST (CodeQL)	Checkout code	2026-10-07T13:48:44.8238788Z ##[group]Checking out the ref
3b SAST (CodeQL)	Checkout code	2026-10-07T13:48:44.8250519Z [command]/usr/bin/git checkout --progress --force -B session-17-devsecops-ci refs/remotes/origin/session-17-devsecops-ci
3b SAST (CodeQL)	Checkout code	2026-10-07T13:48:44.9450456Z Switched to a new branch 'session-17-devsecops-ci'
3b SAST (CodeQL)	Checkout code	2026-10-07T13:48:44.9463302Z branch 'session-17-devsecops-ci' set up to track 'origin/session-17-devsecops-ci'.
3b SAST (CodeQL)	Checkout code	2026-10-07T13:48:44.9469547Z ##[endgroup]
3b SAST (CodeQL)	Checkout code	2026-10-07T13:48:44.9517356Z [command]/usr/bin/git log -1 --format=%H
3b SAST (CodeQL)	Checkout code	2026-10-07T13:48:44.9546036Z 93abcaeb1fb8d12fa938e9f322c07aa15533f82e
3b SAST (CodeQL)	Initialize CodeQL	﻿2026-10-07T13:48:45.0069587Z ##[group]Run github/codeql-action/init@v3
3b SAST (CodeQL)	Initialize CodeQL	2026-10-07T13:48:45.0070975Z with:
3b SAST (CodeQL)	Initialize CodeQL	2026-10-07T13:48:45.0071852Z   languages: python
3b SAST (CodeQL)	Initialize CodeQL	2026-10-07T13:48:45.0072953Z   config: paths:
3b SAST (CodeQL)	Initialize CodeQL	  - labs/17-devsecops/app
3b SAST (CodeQL)	Initialize CodeQL	
3b SAST (CodeQL)	Initialize CodeQL	2026-10-07T13:48:45.0074278Z   analysis-kinds: code-scanning
3b SAST (CodeQL)	Initialize CodeQL	2026-10-07T13:48:45.0084706Z   token: ***
3b SAST (CodeQL)	Initialize CodeQL	2026-10-07T13:48:45.0085650Z   matrix: null
3b SAST (CodeQL)	Initialize CodeQL	2026-10-07T13:48:45.0086572Z   debug: false
3b SAST (CodeQL)	Initialize CodeQL	2026-10-07T13:48:45.0087768Z   check-run-id: 112826576247
3b SAST (CodeQL)	Initialize CodeQL	2026-10-07T13:48:45.0088867Z   job-status: success
3b SAST (CodeQL)	Initialize CodeQL	2026-10-07T13:48:45.0089833Z env:
3b SAST (CodeQL)	Initialize CodeQL	2026-10-07T13:48:45.0090712Z   APP_DIR: labs/17-devsecops
3b SAST (CodeQL)	Initialize CodeQL	2026-10-07T13:48:45.0091828Z   IMAGE_NAME: claim-check-api
3b SAST (CodeQL)	Initialize CodeQL	2026-10-07T13:48:45.0092943Z   TRIVY_VERSION: 0.75.0
3b SAST (CodeQL)	Initialize CodeQL	2026-10-07T13:48:45.0093982Z   GITLEAKS_VERSION: 8.30.1
3b SAST (CodeQL)	Initialize CodeQL	2026-10-07T13:48:45.0095068Z   PYTHON_VERSION: 3.13
3b SAST (CodeQL)	Initialize CodeQL	2026-10-07T13:48:45.0096106Z ##[endgroup]
3b SAST (CodeQL)	Initialize CodeQL	2026-10-07T13:48:45.2699867Z Job run UUID is d8054c13-ce00-4692-b599-d9a8c015d108.
3b SAST (CodeQL)	Initialize CodeQL	2026-10-07T13:48:45.2767834Z ##[warning]CodeQL Action v3 will be deprecated in December 2026. Please update all occurrences of the CodeQL Action in your workflow files to v4. For more information, see https://github.blog/changelog/2025-10-28-upcoming-deprecation-of-codeql-action-v3/
3b SAST (CodeQL)	Initialize CodeQL	2026-10-07T13:48:46.6560248Z ##[group]Setup CodeQL tools
3b SAST (CodeQL)	Initialize CodeQL	2026-10-07T13:48:46.6638472Z [command]/usr/bin/tar --version
3b SAST (CodeQL)	Initialize CodeQL	2026-10-07T13:48:46.6694516Z tar (GNU tar) 1.35
3b SAST (CodeQL)	Initialize CodeQL	2026-10-07T13:48:46.6695078Z Copyright (C) 2023 Free Software Foundation, Inc.
3b SAST (CodeQL)	Initialize CodeQL	2026-10-07T13:48:46.6695861Z License GPLv3+: GNU GPL version 3 or later <https://gnu.org/licenses/gpl.html>.
3b SAST (CodeQL)	Initialize CodeQL	2026-10-07T13:48:46.6696406Z This is free software: you are free to change and redistribute it.
3b SAST (CodeQL)	Initialize CodeQL	2026-10-07T13:48:46.6697047Z There is NO WARRANTY, to the extent permitted by law.
3b SAST (CodeQL)	Initialize CodeQL	2026-10-07T13:48:46.6697321Z 
3b SAST (CodeQL)	Initialize CodeQL	2026-10-07T13:48:46.6697437Z Written by John Gilmore and Jay Fenlason.
3b SAST (CodeQL)	Initialize CodeQL	2026-10-07T13:48:46.6717494Z Found gnu tar version 1.35.
3b SAST (CodeQL)	Initialize CodeQL	2026-10-07T13:48:46.6735286Z Found CodeQL tools version 2.27.1 in the toolcache.
3b SAST (CodeQL)	Initialize CodeQL	2026-10-07T13:48:46.6736397Z Using CodeQL CLI version 2.27.1 from toolcache at /opt/hostedtoolcache/CodeQL/2.27.1/x64
3b SAST (CodeQL)	Initialize CodeQL	2026-10-07T13:48:47.4742916Z {
3b SAST (CodeQL)	Initialize CodeQL	2026-10-07T13:48:47.4743355Z   "productName": "CodeQL",
3b SAST (CodeQL)	Initialize CodeQL	2026-10-07T13:48:47.4743656Z   "vendor": "GitHub",
3b SAST (CodeQL)	Initialize CodeQL	2026-10-07T13:48:47.4743921Z   "version": "2.27.1",
3b SAST (CodeQL)	Initialize CodeQL	2026-10-07T13:48:47.4744180Z   "sha": "938af3639d0709b587251e45d9f8d2bdc3505696",
3b SAST (CodeQL)	Initialize CodeQL	2026-10-07T13:48:47.4744476Z   "branches": [
3b SAST (CodeQL)	Initialize CodeQL	2026-10-07T13:48:47.4744750Z     "codeql-cli-2.27.1"
3b SAST (CodeQL)	Initialize CodeQL	2026-10-07T13:48:47.4744990Z   ],
3b SAST (CodeQL)	Initialize CodeQL	2026-10-07T13:48:47.4745229Z   "copyright": "Copyright (C) 2019-2026 GitHub, Inc.",
3b SAST (CodeQL)	Initialize CodeQL	2026-10-07T13:48:47.4745645Z   "unpackedLocation": "/opt/hostedtoolcache/CodeQL/2.27.1/x64/codeql",
3b SAST (CodeQL)	Initialize CodeQL	2026-10-07T13:48:47.4746185Z   "configFileLocation": "/home/runner/.config/codeql/config",
3b SAST (CodeQL)	Initialize CodeQL	2026-10-07T13:48:47.4746619Z   "configFileFound": false,
3b SAST (CodeQL)	Initialize CodeQL	2026-10-07T13:48:47.4748356Z   "overlayVersion": 4,
3b SAST (CodeQL)	Initialize CodeQL	2026-10-07T13:48:47.4748601Z   "features": {
3b SAST (CodeQL)	Initialize CodeQL	2026-10-07T13:48:47.4748842Z     "analysisSummaryV2Default": true,
3b SAST (CodeQL)	Initialize CodeQL	2026-10-07T13:48:47.4749169Z     "buildModeOption": true,
3b SAST (CodeQL)	Initialize CodeQL	2026-10-07T13:48:47.4749496Z     "bundleSupportsIncludeDiagnostics": true,
3b SAST (CodeQL)	Initialize CodeQL	2026-10-07T13:48:47.4749849Z     "bundleSupportsIncludeLogs": true,
3b SAST (CodeQL)	Initialize CodeQL	2026-10-07T13:48:47.4750146Z     "bundleSupportsOverlay": true,
3b SAST (CodeQL)	Initialize CodeQL	2026-10-07T13:48:47.4750542Z     "databaseInterpretResultsSupportsSarifRunProperty": true,
3b SAST (CodeQL)	Initialize CodeQL	2026-10-07T13:48:47.4750933Z     "featuresInVersionResult": true,
3b SAST (CodeQL)	Initialize CodeQL	2026-10-07T13:48:47.4751258Z     "indirectTracingSupportsStaticBinaries": false,
3b SAST (CodeQL)	Initialize CodeQL	2026-10-07T13:48:47.4751618Z     "informsAboutUnsupportedPathFilters": true,
3b SAST (CodeQL)	Initialize CodeQL	2026-10-07T13:48:47.4751929Z     "supportsPython312": true,
3b SAST (CodeQL)	Initialize CodeQL	2026-10-07T13:48:47.4752179Z     "mrvaPackCreate": true,
3b SAST (CodeQL)	Initialize CodeQL	2026-10-07T13:48:47.4752419Z     "threatModelOption": true,
3b SAST (CodeQL)	Initialize CodeQL	2026-10-07T13:48:47.4752679Z     "traceCommandUseBuildMode": true,
3b SAST (CodeQL)	Initialize CodeQL	2026-10-07T13:48:47.4752949Z     "v2ramSizing": true,
3b SAST (CodeQL)	Initialize CodeQL	2026-10-07T13:48:47.4753525Z     "mrvaPackCreateMultipleQueries": true,
3b SAST (CodeQL)	Initialize CodeQL	2026-10-07T13:48:47.4753820Z     "setsCodeqlRunnerEnvVar": true,
3b SAST (CodeQL)	Initialize CodeQL	2026-10-07T13:48:47.4754113Z     "sarifMergeRunsFromEqualCategory": true,
3b SAST (CodeQL)	Initialize CodeQL	2026-10-07T13:48:47.4754601Z     "forceOverwrite": true,
3b SAST (CodeQL)	Initialize CodeQL	2026-10-07T13:48:47.4754846Z     "generateSummarySymbolMap": true,
3b SAST (CodeQL)	Initialize CodeQL	2026-10-07T13:48:47.4755144Z     "pythonDefaultIsToNotExtractStdlib": true,
3b SAST (CodeQL)	Initialize CodeQL	2026-10-07T13:48:47.4755447Z     "queryServerRunQueries": true,
3b SAST (CodeQL)	Initialize CodeQL	2026-10-07T13:48:47.4755722Z     "queryServerTrimCacheWithMode": true,
3b SAST (CodeQL)	Initialize CodeQL	2026-10-07T13:48:47.4756053Z     "builtinExtractorsSpecifyDefaultQueries": true,
3b SAST (CodeQL)	Initialize CodeQL	2026-10-07T13:48:47.4756371Z     "bqrsDiffResultSets": true,
3b SAST (CodeQL)	Initialize CodeQL	2026-10-07T13:48:47.4756636Z     "bundleSupportsIncludeOption": true,
3b SAST (CodeQL)	Initialize CodeQL	2026-10-07T13:48:47.4757207Z     "suppressesMissingFileBaselineWarning": true
3b SAST (CodeQL)	Initialize CodeQL	2026-10-07T13:48:47.4757500Z   }
3b SAST (CodeQL)	Initialize CodeQL	2026-10-07T13:48:47.4757680Z }
3b SAST (CodeQL)	Initialize CodeQL	2026-10-07T13:48:47.4758311Z ##[endgroup]
3b SAST (CodeQL)	Initialize CodeQL	2026-10-07T13:48:47.4758705Z ##[group]Validating workflow
3b SAST (CodeQL)	Initialize CodeQL	2026-10-07T13:48:47.7704670Z Detected no issues with the code scanning workflow.
3b SAST (CodeQL)	Initialize CodeQL	2026-10-07T13:48:47.7705660Z ##[endgroup]
3b SAST (CodeQL)	Initialize CodeQL	2026-10-07T13:48:47.7711349Z ##[group]Load language configuration
3b SAST (CodeQL)	Initialize CodeQL	2026-10-07T13:48:47.7728202Z [command]/opt/hostedtoolcache/CodeQL/2.27.1/x64/codeql/codeql resolve languages --format=betterjson --extractor-options-verbosity=4 --extractor-include-aliases --filter-to-languages-with-queries
3b SAST (CodeQL)	Initialize CodeQL	2026-10-07T13:48:48.7769963Z {
3b SAST (CodeQL)	Initialize CodeQL	2026-10-07T13:48:48.7770625Z   "aliases" : {
3b SAST (CodeQL)	Initialize CodeQL	2026-10-07T13:48:48.7771239Z     "c" : "cpp",
3b SAST (CodeQL)	Initialize CodeQL	2026-10-07T13:48:48.7771838Z     "c++" : "cpp",
3b SAST (CodeQL)	Initialize CodeQL	2026-10-07T13:48:48.7772396Z     "c-c++" : "cpp",
3b SAST (CodeQL)	Initialize CodeQL	2026-10-07T13:48:48.7773154Z     "c-cpp" : "cpp",
3b SAST (CodeQL)	Initialize CodeQL	2026-10-07T13:48:48.7773958Z     "c#" : "csharp",
3b SAST (CodeQL)	Initialize CodeQL	2026-10-07T13:48:48.7800590Z     "java-kotlin" : "java",
3b SAST (CodeQL)	Initialize CodeQL	2026-10-07T13:48:48.7807559Z     "kotlin" : "java",
3b SAST (CodeQL)	Initialize CodeQL	2026-10-07T13:48:48.7808343Z     "javascript-typescript" : "javascript",
3b SAST (CodeQL)	Initialize CodeQL	2026-10-07T13:48:48.7809246Z     "typescript" : "javascript"
3b SAST (CodeQL)	Initialize CodeQL	2026-10-07T13:48:48.7809883Z   },
3b SAST (CodeQL)	Initialize CodeQL	2026-10-07T13:48:48.7810495Z   "extractors" : {
3b SAST (CodeQL)	Initialize CodeQL	2026-10-07T13:48:48.7811025Z     "rust" : [
3b SAST (CodeQL)	Initialize CodeQL	2026-10-07T13:48:48.7811538Z       {
3b SAST (CodeQL)	Initialize CodeQL	2026-10-07T13:48:48.7829821Z         "extractor_root" : "/opt/hostedtoolcache/CodeQL/2.27.1/x64/codeql/rust",
3b SAST (CodeQL)	Initialize CodeQL	2026-10-07T13:48:48.7831112Z         "extractor_options" : {
3b SAST (CodeQL)	Initialize CodeQL	2026-10-07T13:48:48.7831784Z           "trap" : {
3b SAST (CodeQL)	Initialize CodeQL	2026-10-07T13:48:48.7832472Z             "title" : "Options pertaining to TRAP.",
3b SAST (CodeQL)	Initialize CodeQL	2026-10-07T13:48:48.7833310Z             "description" : "Options pertaining to TRAP.",
3b SAST (CodeQL)	Initialize CodeQL	2026-10-07T13:48:48.7834094Z             "type" : "object",
3b SAST (CodeQL)	Initialize CodeQL	2026-10-07T13:48:48.7834750Z             "properties" : {
3b SAST (CodeQL)	Initialize CodeQL	2026-10-07T13:48:48.7835433Z               "compression" : {
3b SAST (CodeQL)	Initialize CodeQL	2026-10-07T13:48:48.7836351Z                 "title" : "Controls compression for the TRAP files written by the extractor.",
3b SAST (CodeQL)	Initialize CodeQL	2026-10-07T13:48:48.7838906Z                 "description" : "This option is only intended for use in debugging the extractor. Accepted values are 'gzip' (to write gzip-compressed TRAP) 'zstd' (the default, to write Zstandard-compressed TRAP) and 'none' (to write uncompressed TRAP).\n",
3b SAST (CodeQL)	Initialize CodeQL	2026-10-07T13:48:48.7841058Z                 "type" : "string",
3b SAST (CodeQL)	Initialize CodeQL	2026-10-07T13:48:48.7841777Z                 "pattern" : "^(none|gzip|zstd)$"
3b SAST (CodeQL)	Initialize CodeQL	2026-10-07T13:48:48.7842474Z               }
3b SAST (CodeQL)	Initialize CodeQL	2026-10-07T13:48:48.7842928Z             }
3b SAST (CodeQL)	Initialize CodeQL	2026-10-07T13:48:48.7843370Z           },
3b SAST (CodeQL)	Initialize CodeQL	2026-10-07T13:48:48.7843837Z           "cargo_target_dir" : {
3b SAST (CodeQL)	Initialize CodeQL	2026-10-07T13:48:48.7844502Z             "title" : "Directory to use for cargo output files.",
3b SAST (CodeQL)	Initialize CodeQL	2026-10-07T13:48:48.7847687Z             "description" : "This value is an optional path to use as `CARGO_TARGET_DIR` for the internal cargo commands the extractor uses. Pointing it to a persistent directory may reduce execution time of consecutive extractor runs. By default, a new scratch directory is used for each extraction, while qltests use the test's `target` directory so artifacts can be reused across runs.\n",
3b SAST (CodeQL)	Initialize CodeQL	2026-10-07T13:48:48.7850538Z             "type" : "string"
3b SAST (CodeQL)	Initialize CodeQL	2026-10-07T13:48:48.7851512Z           },
3b SAST (CodeQL)	Initialize CodeQL	2026-10-07T13:48:48.7852497Z           "cargo_target" : {
3b SAST (CodeQL)	Initialize CodeQL	2026-10-07T13:48:48.7853124Z             "title" : "Target architecture",
3b SAST (CodeQL)	Initialize CodeQL	2026-10-07T13:48:48.7854373Z             "description" : "Target architecture to use for analysis, analogous to `cargo --target`. By default the host architecture is used.\n",
3b SAST (CodeQL)	Initialize CodeQL	2026-10-07T13:48:48.7855871Z             "type" : "string"
3b SAST (CodeQL)	Initialize CodeQL	2026-10-07T13:48:48.7856406Z           },
3b SAST (CodeQL)	Initialize CodeQL	2026-10-07T13:48:48.7857226Z           "cargo_features" : {
3b SAST (CodeQL)	Initialize CodeQL	2026-10-07T13:48:48.7857804Z             "title" : "Cargo features to turn on",
3b SAST (CodeQL)	Initialize CodeQL	2026-10-07T13:48:48.7859427Z             "description" : "Comma-separated list of features to turn on. By default all features are enabled. If any features are specified, then only those features are enabled. The `default` feature must be explicitly specified if only default features are desired. Can be repeated.\n",
3b SAST (CodeQL)	Initialize CodeQL	2026-10-07T13:48:48.7860532Z             "type" : "array"
3b SAST (CodeQL)	Initialize CodeQL	2026-10-07T13:48:48.7860765Z           },
3b SAST (CodeQL)	Initialize CodeQL	2026-10-07T13:48:48.7860970Z           "cargo_cfg_overrides" : {
3b SAST (CodeQL)	Initialize CodeQL	2026-10-07T13:48:48.7861262Z             "title" : "Cargo cfg overrides",
3b SAST (CodeQL)	Initialize CodeQL	2026-10-07T13:48:48.7861837Z             "description" : "Comma-separated list of cfg settings to enable, or disable if prefixed with `-`. Can be repeated.\n",
3b SAST (CodeQL)	Initialize CodeQL	2026-10-07T13:48:48.7862395Z             "type" : "array"
3b SAST (CodeQL)	Initialize CodeQL	2026-10-07T13:48:48.7862611Z           },
3b SAST (CodeQL)	Initialize CodeQL	2026-10-07T13:48:48.7862794Z           "logging" : {
3b SAST (CodeQL)	Initialize CodeQL	2026-10-07T13:48:48.7863041Z             "title" : "Options pertaining to logging.",
3b SAST (CodeQL)	Initialize CodeQL	2026-10-07T13:48:48.7863389Z             "description" : "Options pertaining to logging.",
3b SAST (CodeQL)	Initialize CodeQL	2026-10-07T13:48:48.7863705Z             "type" : "object",
3b SAST (CodeQL)	Initialize CodeQL	2026-10-07T13:48:48.7863953Z             "properties" : {
3b SAST (CodeQL)	Initialize CodeQL	2026-10-07T13:48:48.7864181Z               "verbosity" : {
3b SAST (CodeQL)	Initialize CodeQL	2026-10-07T13:48:48.7864445Z                 "title" : "Extractor logging verbosity level.",
3b SAST (CodeQL)	Initialize CodeQL	2026-10-07T13:48:48.7865450Z                 "description" : "Controls the level of verbosity of the extractor. The supported levels are (in order of increasing verbosity):\n  - off\n  - errors\n  - warnings\n  - info or progress\n  - debug or progress+\n  - trace or progress++\n  - progress+++\n",
3b SAST (CodeQL)	Initialize CodeQL	2026-10-07T13:48:48.7866405Z                 "type" : "string",
3b SAST (CodeQL)	Initialize CodeQL	2026-10-07T13:48:48.7867148Z                 "pattern" : "^(off|errors|warnings|(info|progress)|(debug|progress\\+)|(trace|progress\\+\\+)|progress\\+\\+\\+)$"
3b SAST (CodeQL)	Initialize CodeQL	2026-10-07T13:48:48.7867670Z               },
3b SAST (CodeQL)	Initialize CodeQL	2026-10-07T13:48:48.7867873Z               "flamegraph" : {
3b SAST (CodeQL)	Initialize CodeQL	2026-10-07T13:48:48.7868200Z                 "title" : "[Experimental] File path for write flame graph log",
3b SAST (CodeQL)	Initialize CodeQL	2026-10-07T13:48:48.7869148Z                 "description" : "Collect flame graph data using the `tracing-flame` crate. To render a flame graph or chart, run the `inferno-flamegraph` command. See also: https://crates.io/crates/tracing-flame\n",
3b SAST (CodeQL)	Initialize CodeQL	2026-10-07T13:48:48.7869954Z                 "type" : "string"
3b SAST (CodeQL)	Initialize CodeQL	2026-10-07T13:48:48.7870197Z               }
3b SAST (CodeQL)	Initialize CodeQL	2026-10-07T13:48:48.7870430Z             }
3b SAST (CodeQL)	Initialize CodeQL	2026-10-07T13:48:48.7870604Z           },
3b SAST (CodeQL)	Initialize CodeQL	2026-10-07T13:48:48.7870815Z           "extract_dependencies_as_source" : {
3b SAST (CodeQL)	Initialize CodeQL	2026-10-07T13:48:48.7871150Z             "title" : "Extract dependencies as source code",
3b SAST (CodeQL)	Initialize CodeQL	2026-10-07T13:48:48.7871672Z             "description" : "Extract the full source code of dependencies instead of only extracting signatures.\n",
3b SAST (CodeQL)	Initialize CodeQL	2026-10-07T13:48:48.7872164Z             "type" : "string",
3b SAST (CodeQL)	Initialize CodeQL	2026-10-07T13:48:48.7872409Z             "pattern" : "^(false|true)$"
3b SAST (CodeQL)	Initialize CodeQL	2026-10-07T13:48:48.7872655Z           }
3b SAST (CodeQL)	Initialize CodeQL	2026-10-07T13:48:48.7872826Z         }
3b SAST (CodeQL)	Initialize CodeQL	2026-10-07T13:48:48.7872991Z       }
3b SAST (CodeQL)	Initialize CodeQL	2026-10-07T13:48:48.7873158Z     ],
3b SAST (CodeQL)	Initialize CodeQL	2026-10-07T13:48:48.7873332Z     "csharp" : [
3b SAST (CodeQL)	Initialize CodeQL	2026-10-07T13:48:48.7873525Z       {
3b SAST (CodeQL)	Initialize CodeQL	2026-10-07T13:48:48.7873829Z         "extractor_root" : "/opt/hostedtoolcache/CodeQL/2.27.1/x64/codeql/csharp",
3b SAST (CodeQL)	Initialize CodeQL	2026-10-07T13:48:48.7874226Z         "extractor_options" : {
3b SAST (CodeQL)	Initialize CodeQL	2026-10-07T13:48:48.7874459Z           "trap" : {
3b SAST (CodeQL)	Initialize CodeQL	2026-10-07T13:48:48.7874694Z             "title" : "Options pertaining to TRAP.",
3b SAST (CodeQL)	Initialize CodeQL	2026-10-07T13:48:48.7875021Z             "description" : "Options pertaining to TRAP.",
3b SAST (CodeQL)	Initialize CodeQL	2026-10-07T13:48:48.7875547Z             "type" : "object",
3b SAST (CodeQL)	Initialize CodeQL	2026-10-07T13:48:48.7875776Z             "properties" : {
3b SAST (CodeQL)	Initialize CodeQL	2026-10-07T13:48:48.7876021Z               "compression" : {
3b SAST (CodeQL)	Initialize CodeQL	2026-10-07T13:48:48.7876388Z                 "title" : "Controls compression for the TRAP files written by the extractor.",
3b SAST (CodeQL)	Initialize CodeQL	2026-10-07T13:48:48.7878421Z                 "description" : "This option is only intended for use in debugging the extractor. Accepted values are 'brotli' (the default, to write brotli-compressed TRAP), 'gzip', and 'none' (to write uncompressed TRAP).\n",
3b SAST (CodeQL)	Initialize CodeQL	2026-10-07T13:48:48.7880075Z                 "type" : "string",
3b SAST (CodeQL)	Initialize CodeQL	2026-10-07T13:48:48.7880561Z                 "pattern" : "^(none|gzip|brotli)$"
3b SAST (CodeQL)	Initialize CodeQL	2026-10-07T13:48:48.7880958Z               }
3b SAST (CodeQL)	Initialize CodeQL	2026-10-07T13:48:48.7881147Z             }
3b SAST (CodeQL)	Initialize CodeQL	2026-10-07T13:48:48.7881326Z           },
3b SAST (CodeQL)	Initialize CodeQL	2026-10-07T13:48:48.7881513Z           "buildless" : {
3b SAST (CodeQL)	Initialize CodeQL	2026-10-07T13:48:48.7882466Z             "title" : "DEPRECATED - Whether to use buildless (standalone) extraction.",
3b SAST (CodeQL)	Initialize CodeQL	2026-10-07T13:48:48.7884641Z             "description" : "DEPRECATED: Use `--build-mode none` instead.\nA value indicating, which type of extraction the autobuilder should perform. If 'true', then the standalone extractor will be used, otherwise tracing extraction will be performed. The default is 'false'. Note that buildless extraction will generally yield less accurate analysis results, and should only be used in cases where it is not possible to build the code (for example if it uses inaccessible dependencies).\n",
3b SAST (CodeQL)	Initialize CodeQL	2026-10-07T13:48:48.7886395Z             "type" : "string",
3b SAST (CodeQL)	Initialize CodeQL	2026-10-07T13:48:48.7886637Z             "pattern" : "^(false|true)$"
3b SAST (CodeQL)	Initialize CodeQL	2026-10-07T13:48:48.7887133Z           },
3b SAST (CodeQL)	Initialize CodeQL	2026-10-07T13:48:48.7887319Z           "logging" : {
3b SAST (CodeQL)	Initialize CodeQL	2026-10-07T13:48:48.7887564Z             "title" : "Options pertaining to logging.",
3b SAST (CodeQL)	Initialize CodeQL	2026-10-07T13:48:48.7887914Z             "description" : "Options pertaining to logging.",
3b SAST (CodeQL)	Initialize CodeQL	2026-10-07T13:48:48.7888217Z             "type" : "object",
3b SAST (CodeQL)	Initialize CodeQL	2026-10-07T13:48:48.7888450Z             "properties" : {
3b SAST (CodeQL)	Initialize CodeQL	2026-10-07T13:48:48.7888686Z               "verbosity" : {
3b SAST (CodeQL)	Initialize CodeQL	2026-10-07T13:48:48.7888958Z                 "title" : "Extractor logging verbosity level.",
3b SAST (CodeQL)	Initialize CodeQL	2026-10-07T13:48:48.7889951Z                 "description" : "Controls the level of verbosity of the extractor. The supported levels are (in order of increasing verbosity):\n  - off\n  - errors\n  - warnings\n  - info or progress\n  - debug or progress+\n  - trace or progress++\n  - progress+++\n",
3b SAST (CodeQL)	Initialize CodeQL	2026-10-07T13:48:48.7890896Z                 "type" : "string",
3b SAST (CodeQL)	Initialize CodeQL	2026-10-07T13:48:48.7891390Z                 "pattern" : "^(off|errors|warnings|(info|progress)|(debug|progress\\+)|(trace|progress\\+\\+)|progress\\+\\+\\+)$"
3b SAST (CodeQL)	Initialize CodeQL	2026-10-07T13:48:48.7891896Z               }
3b SAST (CodeQL)	Initialize CodeQL	2026-10-07T13:48:48.7892077Z             }
3b SAST (CodeQL)	Initialize CodeQL	2026-10-07T13:48:48.7892251Z           },
3b SAST (CodeQL)	Initialize CodeQL	2026-10-07T13:48:48.7892430Z           "binlog" : {
3b SAST (CodeQL)	Initialize CodeQL	2026-10-07T13:48:48.7892640Z             "title" : "Binlog",
3b SAST (CodeQL)	Initialize CodeQL	2026-10-07T13:48:48.7893331Z             "description" : "[EXPERIMENTAL] The value is a path to the MsBuild binary log file that should be extracted. This option only works when `--build-mode none` is also specified.\n",
3b SAST (CodeQL)	Initialize CodeQL	2026-10-07T13:48:48.7894062Z             "type" : "array"
3b SAST (CodeQL)	Initialize CodeQL	2026-10-07T13:48:48.7894277Z           },
3b SAST (CodeQL)	Initialize CodeQL	2026-10-07T13:48:48.7894485Z           "buildless_dependency_dir" : {
3b SAST (CodeQL)	Initialize CodeQL	2026-10-07T13:48:48.7894914Z             "title" : "The path where buildless (standalone) extraction should keep dependencies.",
3b SAST (CodeQL)	Initialize CodeQL	2026-10-07T13:48:48.7895584Z             "description" : "If set, the buildless (standalone) extractor will store dependencies in this directory.\n",
3b SAST (CodeQL)	Initialize CodeQL	2026-10-07T13:48:48.7896082Z             "type" : "string"
3b SAST (CodeQL)	Initialize CodeQL	2026-10-07T13:48:48.7896303Z           }
3b SAST (CodeQL)	Initialize CodeQL	2026-10-07T13:48:48.7896476Z         }
3b SAST (CodeQL)	Initialize CodeQL	2026-10-07T13:48:48.7896645Z       }
3b SAST (CodeQL)	Initialize CodeQL	2026-10-07T13:48:48.7897106Z     ],
3b SAST (CodeQL)	Initialize CodeQL	2026-10-07T13:48:48.7897331Z     "python" : [
3b SAST (CodeQL)	Initialize CodeQL	2026-10-07T13:48:48.7897523Z       {
3b SAST (CodeQL)	Initialize CodeQL	2026-10-07T13:48:48.7897823Z         "extractor_root" : "/opt/hostedtoolcache/CodeQL/2.27.1/x64/codeql/python",
3b SAST (CodeQL)	Initialize CodeQL	2026-10-07T13:48:48.7898215Z         "extractor_options" : {
3b SAST (CodeQL)	Initialize CodeQL	2026-10-07T13:48:48.7898661Z           "logging" : {
3b SAST (CodeQL)	Initialize CodeQL	2026-10-07T13:48:48.7898917Z             "title" : "Options pertaining to logging.",
3b SAST (CodeQL)	Initialize CodeQL	2026-10-07T13:48:48.7899286Z             "description" : "Options pertaining to logging.",
3b SAST (CodeQL)	Initialize CodeQL	2026-10-07T13:48:48.7899770Z             "type" : "object",
3b SAST (CodeQL)	Initialize CodeQL	2026-10-07T13:48:48.7900006Z             "properties" : {
3b SAST (CodeQL)	Initialize CodeQL	2026-10-07T13:48:48.7900250Z               "verbosity" : {
3b SAST (CodeQL)	Initialize CodeQL	2026-10-07T13:48:48.7900541Z                 "title" : "Python extractor logging verbosity level.",
3b SAST (CodeQL)	Initialize CodeQL	2026-10-07T13:48:48.7901631Z                 "description" : "Controls the level of verbosity of the CodeQL Python extractor.\nThe supported levels are (in order of increasing verbosity):\n\n  - off\n  - errors\n  - warnings\n  - info or progress\n  - debug or progress+\n  - trace or progress++\n  - progress+++\n",
3b SAST (CodeQL)	Initialize CodeQL	2026-10-07T13:48:48.7902628Z                 "type" : "string",
3b SAST (CodeQL)	Initialize CodeQL	2026-10-07T13:48:48.7903125Z                 "pattern" : "^(off|errors|warnings|(info|progress)|(debug|progress\\+)|(trace|progress\\+\\+)|progress\\+\\+\\+)$"
3b SAST (CodeQL)	Initialize CodeQL	2026-10-07T13:48:48.7903629Z               }
3b SAST (CodeQL)	Initialize CodeQL	2026-10-07T13:48:48.7903814Z             }
3b SAST (CodeQL)	Initialize CodeQL	2026-10-07T13:48:48.7903998Z           },
3b SAST (CodeQL)	Initialize CodeQL	2026-10-07T13:48:48.7904196Z           "python_executable_name" : {
3b SAST (CodeQL)	Initialize CodeQL	2026-10-07T13:48:48.7904606Z             "title" : "Controls the name of the Python executable used by the Python extractor.",
3b SAST (CodeQL)	Initialize CodeQL	2026-10-07T13:48:48.7906075Z             "description" : "The Python extractor uses platform-dependent heuristics to determine the name of the Python executable to use. Specifying a value for this option overrides the name of the Python executable used by the extractor. Accepted values are py, python and python3. Use this setting with caution, the Python extractor requires Python 3 to run.\n",
3b SAST (CodeQL)	Initialize CodeQL	2026-10-07T13:48:48.7907718Z             "type" : "string",
3b SAST (CodeQL)	Initialize CodeQL	2026-10-07T13:48:48.7907978Z             "pattern" : "^(py|python|python3)$"
3b SAST (CodeQL)	Initialize CodeQL	2026-10-07T13:48:48.7908241Z           }
3b SAST (CodeQL)	Initialize CodeQL	2026-10-07T13:48:48.7908413Z         }
3b SAST (CodeQL)	Initialize CodeQL	2026-10-07T13:48:48.7908580Z       }
3b SAST (CodeQL)	Initialize CodeQL	2026-10-07T13:48:48.7908758Z     ],
3b SAST (CodeQL)	Initialize CodeQL	2026-10-07T13:48:48.7908929Z     "cpp" : [
3b SAST (CodeQL)	Initialize CodeQL	2026-10-07T13:48:48.7909107Z       {
3b SAST (CodeQL)	Initialize CodeQL	2026-10-07T13:48:48.7909384Z         "extractor_root" : "/opt/hostedtoolcache/CodeQL/2.27.1/x64/codeql/cpp",
3b SAST (CodeQL)	Initialize CodeQL	2026-10-07T13:48:48.7909767Z         "extractor_options" : {
3b SAST (CodeQL)	Initialize CodeQL	2026-10-07T13:48:48.7909994Z           "trap" : {
3b SAST (CodeQL)	Initialize CodeQL	2026-10-07T13:48:48.7910212Z             "title" : "TRAP options",
3b SAST (CodeQL)	Initialize CodeQL	2026-10-07T13:48:48.7910565Z             "description" : "Options about how the extractor handles TRAP files",
3b SAST (CodeQL)	Initialize CodeQL	2026-10-07T13:48:48.7910932Z             "type" : "object",
3b SAST (CodeQL)	Initialize CodeQL	2026-10-07T13:48:48.7911160Z             "visibility" : 3,
3b SAST (CodeQL)	Initialize CodeQL	2026-10-07T13:48:48.7911389Z             "properties" : {
3b SAST (CodeQL)	Initialize CodeQL	2026-10-07T13:48:48.7911615Z               "cache" : {
3b SAST (CodeQL)	Initialize CodeQL	2026-10-07T13:48:48.7911846Z                 "title" : "TRAP cache options",
3b SAST (CodeQL)	Initialize CodeQL	2026-10-07T13:48:48.7912233Z                 "description" : "Options about how the extractor handles its TRAP cache",
3b SAST (CodeQL)	Initialize CodeQL	2026-10-07T13:48:48.7912623Z                 "type" : "object",
3b SAST (CodeQL)	Initialize CodeQL	2026-10-07T13:48:48.7912869Z                 "properties" : {
3b SAST (CodeQL)	Initialize CodeQL	2026-10-07T13:48:48.7913105Z                   "dir" : {
3b SAST (CodeQL)	Initialize CodeQL	2026-10-07T13:48:48.7913348Z                     "title" : "TRAP cache directory",
3b SAST (CodeQL)	Initialize CodeQL	2026-10-07T13:48:48.7913702Z                     "description" : "The directory of the TRAP cache to use",
3b SAST (CodeQL)	Initialize CodeQL	2026-10-07T13:48:48.7914050Z                     "type" : "string"
3b SAST (CodeQL)	Initialize CodeQL	2026-10-07T13:48:48.7914284Z                   },
3b SAST (CodeQL)	Initialize CodeQL	2026-10-07T13:48:48.7914481Z                   "bound" : {
3b SAST (CodeQL)	Initialize CodeQL	2026-10-07T13:48:48.7914718Z                     "title" : "TRAP cache bound",
3b SAST (CodeQL)	Initialize CodeQL	2026-10-07T13:48:48.7915090Z                     "description" : "A soft limit (in MB) on the size of the TRAP cache",
3b SAST (CodeQL)	Initialize CodeQL	2026-10-07T13:48:48.7915468Z                     "type" : "string",
3b SAST (CodeQL)	Initialize CodeQL	2026-10-07T13:48:48.7915724Z                     "pattern" : "[0-9]+"
3b SAST (CodeQL)	Initialize CodeQL	2026-10-07T13:48:48.7915976Z                   },
3b SAST (CodeQL)	Initialize CodeQL	2026-10-07T13:48:48.7916175Z                   "write" : {
3b SAST (CodeQL)	Initialize CodeQL	2026-10-07T13:48:48.7916418Z                     "title" : "TRAP cache writeable",
3b SAST (CodeQL)	Initialize CodeQL	2026-10-07T13:48:48.7917066Z                     "description" : "Whether to write to the TRAP cache as well as reading it",
3b SAST (CodeQL)	Initialize CodeQL	2026-10-07T13:48:48.7917629Z                     "type" : "string",
3b SAST (CodeQL)	Initialize CodeQL	2026-10-07T13:48:48.7917900Z                     "pattern" : "(true|TRUE|false|FALSE)"
3b SAST (CodeQL)	Initialize CodeQL	2026-10-07T13:48:48.7918283Z                   }
3b SAST (CodeQL)	Initialize CodeQL	2026-10-07T13:48:48.7918463Z                 }
3b SAST (CodeQL)	Initialize CodeQL	2026-10-07T13:48:48.7918642Z               }
3b SAST (CodeQL)	Initialize CodeQL	2026-10-07T13:48:48.7918866Z             }
3b SAST (CodeQL)	Initialize CodeQL	2026-10-07T13:48:48.7919040Z           },
3b SAST (CodeQL)	Initialize CodeQL	2026-10-07T13:48:48.7919261Z           "scale_timeouts" : {
3b SAST (CodeQL)	Initialize CodeQL	2026-10-07T13:48:48.7919591Z             "title" : "Value to scale compiler introspection timeouts with",
3b SAST (CodeQL)	Initialize CodeQL	2026-10-07T13:48:48.7921059Z             "description" : "The extractor attempts to determine what compiler the source code being extracted is compiled with. To this end the extractor makes additional calls to the compiler, some of which are expected to return within a certain fixed time (either 10s or 15s). On some systems that are under high load this time might be too short, and can be scaled up using this option.\n",
3b SAST (CodeQL)	Initialize CodeQL	2026-10-07T13:48:48.7922455Z             "type" : "string",
3b SAST (CodeQL)	Initialize CodeQL	2026-10-07T13:48:48.7922690Z             "pattern" : "[0-9]+"
3b SAST (CodeQL)	Initialize CodeQL	2026-10-07T13:48:48.7922927Z           },
3b SAST (CodeQL)	Initialize CodeQL	2026-10-07T13:48:48.7923159Z           "log_verbosity" : {
3b SAST (CodeQL)	Initialize CodeQL	2026-10-07T13:48:48.7923430Z             "title" : "Verbosity of the extractor logging",
3b SAST (CodeQL)	Initialize CodeQL	2026-10-07T13:48:48.7924054Z             "description" : "Set the verbosity of the extractor logging to 'quiet' (0), 'normal' (1), 'chatty' (2), or 'noisy' (3). The default is 'normal'.\n",
3b SAST (CodeQL)	Initialize CodeQL	2026-10-07T13:48:48.7924634Z             "type" : "string",
3b SAST (CodeQL)	Initialize CodeQL	2026-10-07T13:48:48.7924864Z             "pattern" : "[0-3]"
3b SAST (CodeQL)	Initialize CodeQL	2026-10-07T13:48:48.7925082Z           },
3b SAST (CodeQL)	Initialize CodeQL	2026-10-07T13:48:48.7925271Z           "frontend_options" : {
3b SAST (CodeQL)	Initialize CodeQL	2026-10-07T13:48:48.7925539Z             "title" : "C/C++ extractor frontend options",
3b SAST (CodeQL)	Initialize CodeQL	2026-10-07T13:48:48.7926038Z             "description" : "Set additional options that should be passed to the C/C++ extractor frontend.\n",
3b SAST (CodeQL)	Initialize CodeQL	2026-10-07T13:48:48.7926507Z             "type" : "array",
3b SAST (CodeQL)	Initialize CodeQL	2026-10-07T13:48:48.7926975Z             "visibility" : 3
3b SAST (CodeQL)	Initialize CodeQL	2026-10-07T13:48:48.7927194Z           }
3b SAST (CodeQL)	Initialize CodeQL	2026-10-07T13:48:48.7927363Z         }
3b SAST (CodeQL)	Initialize CodeQL	2026-10-07T13:48:48.7927531Z       }
3b SAST (CodeQL)	Initialize CodeQL	2026-10-07T13:48:48.7927706Z     ],
3b SAST (CodeQL)	Initialize CodeQL	2026-10-07T13:48:48.7927883Z     "java" : [
3b SAST (CodeQL)	Initialize CodeQL	2026-10-07T13:48:48.7928065Z       {
3b SAST (CodeQL)	Initialize CodeQL	2026-10-07T13:48:48.7928347Z         "extractor_root" : "/opt/hostedtoolcache/CodeQL/2.27.1/x64/codeql/java",
3b SAST (CodeQL)	Initialize CodeQL	2026-10-07T13:48:48.7928726Z         "extractor_options" : {
3b SAST (CodeQL)	Initialize CodeQL	2026-10-07T13:48:48.7928959Z           "exclude" : {
3b SAST (CodeQL)	Initialize CodeQL	2026-10-07T13:48:48.7929209Z             "title" : "A glob excluding files from analysis.",
3b SAST (CodeQL)	Initialize CodeQL	2026-10-07T13:48:48.7929954Z             "description" : "A glob indicating what files to exclude from the analysis. This accepts glob patterns that are supported by Java's 'getPathMatcher' implementation.\n",
3b SAST (CodeQL)	Initialize CodeQL	2026-10-07T13:48:48.7930641Z             "type" : "string"
3b SAST (CodeQL)	Initialize CodeQL	2026-10-07T13:48:48.7930854Z           },
3b SAST (CodeQL)	Initialize CodeQL	2026-10-07T13:48:48.7931047Z           "add_prefer_source" : {
3b SAST (CodeQL)	Initialize CodeQL	2026-10-07T13:48:48.7931389Z             "title" : "Whether to always prefer source files over class files.",
3b SAST (CodeQL)	Initialize CodeQL	2026-10-07T13:48:48.7932556Z             "description" : "A value indicating whether source files should be preferred over class files. If set to 'true', the extraction adds '-Xprefer:source' to the javac command line. If set to 'false', the extraction uses the default javac behavior ('-Xprefer:newer'). The default is 'true'.\n",
3b SAST (CodeQL)	Initialize CodeQL	2026-10-07T13:48:48.7933619Z             "type" : "string",
3b SAST (CodeQL)	Initialize CodeQL	2026-10-07T13:48:48.7933859Z             "pattern" : "^(false|true)$"
3b SAST (CodeQL)	Initialize CodeQL	2026-10-07T13:48:48.7934104Z           },
3b SAST (CodeQL)	Initialize CodeQL	2026-10-07T13:48:48.7934284Z           "buildless" : {
3b SAST (CodeQL)	Initialize CodeQL	2026-10-07T13:48:48.7934620Z             "title" : "Whether to use buildless (standalone) extraction (experimental).",
3b SAST (CodeQL)	Initialize CodeQL	2026-10-07T13:48:48.7936311Z             "description" : "A value indicating, which type of extraction the autobuilder should perform. If 'true', then the standalone extractor will be used, otherwise tracing extraction will be performed. The default is 'false'. Note that buildless extraction will generally yield less accurate analysis results, and should only be used in cases where it is not possible to build the code (for example if it uses inaccessible dependencies).\n",
3b SAST (CodeQL)	Initialize CodeQL	2026-10-07T13:48:48.7938353Z             "type" : "string",
3b SAST (CodeQL)	Initialize CodeQL	2026-10-07T13:48:48.7938594Z             "pattern" : "^(false|true)$"
3b SAST (CodeQL)	Initialize CodeQL	2026-10-07T13:48:48.7938849Z           },
3b SAST (CodeQL)	Initialize CodeQL	2026-10-07T13:48:48.7939057Z           "buildless_dependency_dir" : {
3b SAST (CodeQL)	Initialize CodeQL	2026-10-07T13:48:48.7939482Z             "title" : "The path where buildless (standalone) extraction should keep dependencies.",
3b SAST (CodeQL)	Initialize CodeQL	2026-10-07T13:48:48.7940145Z             "description" : "If set, the buildless (standalone) extractor will store dependencies in this directory.\n",
3b SAST (CodeQL)	Initialize CodeQL	2026-10-07T13:48:48.7940639Z             "type" : "string"
3b SAST (CodeQL)	Initialize CodeQL	2026-10-07T13:48:48.7940857Z           },
3b SAST (CodeQL)	Initialize CodeQL	2026-10-07T13:48:48.7941057Z           "minimize_dependency_jars" : {
3b SAST (CodeQL)	Initialize CodeQL	2026-10-07T13:48:48.7941483Z             "title" : "Whether to rewrite and minimize downloaded JAR dependencies (experimental).",
3b SAST (CodeQL)	Initialize CodeQL	2026-10-07T13:48:48.7942345Z             "description" : "If 'true', JAR dependencies downloaded during extraction will be rewritten to remove unneeded data, such as method bodies. The default is 'false'.\n",
3b SAST (CodeQL)	Initialize CodeQL	2026-10-07T13:48:48.7943039Z             "type" : "string",
3b SAST (CodeQL)	Initialize CodeQL	2026-10-07T13:48:48.7943275Z             "pattern" : "^(false|true)$"
3b SAST (CodeQL)	Initialize CodeQL	2026-10-07T13:48:48.7943524Z           }
3b SAST (CodeQL)	Initialize CodeQL	2026-10-07T13:48:48.7943701Z         }
3b SAST (CodeQL)	Initialize CodeQL	2026-10-07T13:48:48.7943895Z       }
3b SAST (CodeQL)	Initialize CodeQL	2026-10-07T13:48:48.7944063Z     ],
3b SAST (CodeQL)	Initialize CodeQL	2026-10-07T13:48:48.7944237Z     "go" : [
3b SAST (CodeQL)	Initialize CodeQL	2026-10-07T13:48:48.7944407Z       {
3b SAST (CodeQL)	Initialize CodeQL	2026-10-07T13:48:48.7944683Z         "extractor_root" : "/opt/hostedtoolcache/CodeQL/2.27.1/x64/codeql/go",
3b SAST (CodeQL)	Initialize CodeQL	2026-10-07T13:48:48.7945050Z         "extractor_options" : {
3b SAST (CodeQL)	Initialize CodeQL	2026-10-07T13:48:48.7945286Z           "extract_tests" : {
3b SAST (CodeQL)	Initialize CodeQL	2026-10-07T13:48:48.7945629Z             "title" : "Whether to include Go test files in the CodeQL database.",
3b SAST (CodeQL)	Initialize CodeQL	2026-10-07T13:48:48.7946283Z             "description" : "A value indicating whether Go test files should be included in the CodeQL database. The default is 'false'.\n",
3b SAST (CodeQL)	Initialize CodeQL	2026-10-07T13:48:48.7947067Z             "type" : "string",
3b SAST (CodeQL)	Initialize CodeQL	2026-10-07T13:48:48.7947305Z             "pattern" : "^(false|true)$"
3b SAST (CodeQL)	Initialize CodeQL	2026-10-07T13:48:48.7947557Z           },
3b SAST (CodeQL)	Initialize CodeQL	2026-10-07T13:48:48.7947752Z           "extract_vendor_dirs" : {
3b SAST (CodeQL)	Initialize CodeQL	2026-10-07T13:48:48.7948115Z             "title" : "Whether to include Go vendor directories in the CodeQL database.",
3b SAST (CodeQL)	Initialize CodeQL	2026-10-07T13:48:48.7948831Z             "description" : "A value indicating whether Go vendor directories should be included in the CodeQL database. The default is 'false'.\n",
3b SAST (CodeQL)	Initialize CodeQL	2026-10-07T13:48:48.7949422Z             "type" : "string",
3b SAST (CodeQL)	Initialize CodeQL	2026-10-07T13:48:48.7949659Z             "pattern" : "^(false|true)$"
3b SAST (CodeQL)	Initialize CodeQL	2026-10-07T13:48:48.7949897Z           }
3b SAST (CodeQL)	Initialize CodeQL	2026-10-07T13:48:48.7950063Z         }
3b SAST (CodeQL)	Initialize CodeQL	2026-10-07T13:48:48.7950230Z       }
3b SAST (CodeQL)	Initialize CodeQL	2026-10-07T13:48:48.7950391Z     ],
3b SAST (CodeQL)	Initialize CodeQL	2026-10-07T13:48:48.7950571Z     "actions" : [
3b SAST (CodeQL)	Initialize CodeQL	2026-10-07T13:48:48.7950757Z       {
3b SAST (CodeQL)	Initialize CodeQL	2026-10-07T13:48:48.7951048Z         "extractor_root" : "/opt/hostedtoolcache/CodeQL/2.27.1/x64/codeql/actions",
3b SAST (CodeQL)	Initialize CodeQL	2026-10-07T13:48:48.7951437Z         "extractor_options" : {
3b SAST (CodeQL)	Initialize CodeQL	2026-10-07T13:48:48.7951661Z           "trap" : {
3b SAST (CodeQL)	Initialize CodeQL	2026-10-07T13:48:48.7951879Z             "title" : "TRAP options",
3b SAST (CodeQL)	Initialize CodeQL	2026-10-07T13:48:48.7952252Z             "description" : "Options about how the extractor handles TRAP files",
3b SAST (CodeQL)	Initialize CodeQL	2026-10-07T13:48:48.7952616Z             "type" : "object",
3b SAST (CodeQL)	Initialize CodeQL	2026-10-07T13:48:48.7952844Z             "visibility" : 3,
3b SAST (CodeQL)	Initialize CodeQL	2026-10-07T13:48:48.7953100Z             "properties" : {
3b SAST (CodeQL)	Initialize CodeQL	2026-10-07T13:48:48.7953323Z               "cache" : {
3b SAST (CodeQL)	Initialize CodeQL	2026-10-07T13:48:48.7953564Z                 "title" : "TRAP cache options",
3b SAST (CodeQL)	Initialize CodeQL	2026-10-07T13:48:48.7953957Z                 "description" : "Options about how the extractor handles its TRAP cache",
3b SAST (CodeQL)	Initialize CodeQL	2026-10-07T13:48:48.7954343Z                 "type" : "object",
3b SAST (CodeQL)	Initialize CodeQL	2026-10-07T13:48:48.7954585Z                 "properties" : {
3b SAST (CodeQL)	Initialize CodeQL	2026-10-07T13:48:48.7954831Z                   "dir" : {
3b SAST (CodeQL)	Initialize CodeQL	2026-10-07T13:48:48.7955078Z                     "title" : "TRAP cache directory",
3b SAST (CodeQL)	Initialize CodeQL	2026-10-07T13:48:48.7955575Z                     "description" : "The directory of the TRAP cache to use",
3b SAST (CodeQL)	Initialize CodeQL	2026-10-07T13:48:48.7955913Z                     "type" : "string"
3b SAST (CodeQL)	Initialize CodeQL	2026-10-07T13:48:48.7956257Z                   },
3b SAST (CodeQL)	Initialize CodeQL	2026-10-07T13:48:48.7956453Z                   "bound" : {
3b SAST (CodeQL)	Initialize CodeQL	2026-10-07T13:48:48.7956902Z                     "title" : "TRAP cache bound",
3b SAST (CodeQL)	Initialize CodeQL	2026-10-07T13:48:48.7957449Z                     "description" : "A soft limit (in MB) on the size of the TRAP cache",
3b SAST (CodeQL)	Initialize CodeQL	2026-10-07T13:48:48.7957827Z                     "type" : "string",
3b SAST (CodeQL)	Initialize CodeQL	2026-10-07T13:48:48.7958076Z                     "pattern" : "[0-9]+"
3b SAST (CodeQL)	Initialize CodeQL	2026-10-07T13:48:48.7958315Z                   },
3b SAST (CodeQL)	Initialize CodeQL	2026-10-07T13:48:48.7958524Z                   "write" : {
3b SAST (CodeQL)	Initialize CodeQL	2026-10-07T13:48:48.7958773Z                     "title" : "TRAP cache writeable",
3b SAST (CodeQL)	Initialize CodeQL	2026-10-07T13:48:48.7959178Z                     "description" : "Whether to write to the TRAP cache as well as reading it",
3b SAST (CodeQL)	Initialize CodeQL	2026-10-07T13:48:48.7959574Z                     "type" : "string",
3b SAST (CodeQL)	Initialize CodeQL	2026-10-07T13:48:48.7959871Z                     "pattern" : "(true|TRUE|false|FALSE)"
3b SAST (CodeQL)	Initialize CodeQL	2026-10-07T13:48:48.7960140Z                   }
3b SAST (CodeQL)	Initialize CodeQL	2026-10-07T13:48:48.7960327Z                 }
3b SAST (CodeQL)	Initialize CodeQL	2026-10-07T13:48:48.7960505Z               }
3b SAST (CodeQL)	Initialize CodeQL	2026-10-07T13:48:48.7960696Z             }
3b SAST (CodeQL)	Initialize CodeQL	2026-10-07T13:48:48.7960872Z           }
3b SAST (CodeQL)	Initialize CodeQL	2026-10-07T13:48:48.7961047Z         }
3b SAST (CodeQL)	Initialize CodeQL	2026-10-07T13:48:48.7961215Z       }
3b SAST (CodeQL)	Initialize CodeQL	2026-10-07T13:48:48.7961407Z     ],
3b SAST (CodeQL)	Initialize CodeQL	2026-10-07T13:48:48.7961581Z     "javascript" : [
3b SAST (CodeQL)	Initialize CodeQL	2026-10-07T13:48:48.7961772Z       {
3b SAST (CodeQL)	Initialize CodeQL	2026-10-07T13:48:48.7962066Z         "extractor_root" : "/opt/hostedtoolcache/CodeQL/2.27.1/x64/codeql/javascript",
3b SAST (CodeQL)	Initialize CodeQL	2026-10-07T13:48:48.7962456Z         "extractor_options" : {
3b SAST (CodeQL)	Initialize CodeQL	2026-10-07T13:48:48.7962682Z           "trap" : {
3b SAST (CodeQL)	Initialize CodeQL	2026-10-07T13:48:48.7962887Z             "title" : "TRAP options",
3b SAST (CodeQL)	Initialize CodeQL	2026-10-07T13:48:48.7963241Z             "description" : "Options about how the extractor handles TRAP files",
3b SAST (CodeQL)	Initialize CodeQL	2026-10-07T13:48:48.7963605Z             "type" : "object",
3b SAST (CodeQL)	Initialize CodeQL	2026-10-07T13:48:48.7963839Z             "visibility" : 3,
3b SAST (CodeQL)	Initialize CodeQL	2026-10-07T13:48:48.7964077Z             "properties" : {
3b SAST (CodeQL)	Initialize CodeQL	2026-10-07T13:48:48.7964296Z               "cache" : {
3b SAST (CodeQL)	Initialize CodeQL	2026-10-07T13:48:48.7964523Z                 "title" : "TRAP cache options",
3b SAST (CodeQL)	Initialize CodeQL	2026-10-07T13:48:48.7964923Z                 "description" : "Options about how the extractor handles its TRAP cache",
3b SAST (CodeQL)	Initialize CodeQL	2026-10-07T13:48:48.7965306Z                 "type" : "object",
3b SAST (CodeQL)	Initialize CodeQL	2026-10-07T13:48:48.7965545Z                 "properties" : {
3b SAST (CodeQL)	Initialize CodeQL	2026-10-07T13:48:48.7965774Z                   "dir" : {
3b SAST (CodeQL)	Initialize CodeQL	2026-10-07T13:48:48.7966015Z                     "title" : "TRAP cache directory",
3b SAST (CodeQL)	Initialize CodeQL	2026-10-07T13:48:48.7966514Z                     "description" : "The directory of the TRAP cache to use",
3b SAST (CodeQL)	Initialize CodeQL	2026-10-07T13:48:48.7967331Z                     "type" : "string"
3b SAST (CodeQL)	Initialize CodeQL	2026-10-07T13:48:48.7967649Z                   },
3b SAST (CodeQL)	Initialize CodeQL	2026-10-07T13:48:48.7967932Z                   "bound" : {
3b SAST (CodeQL)	Initialize CodeQL	2026-10-07T13:48:48.7968334Z                     "title" : "TRAP cache bound",
3b SAST (CodeQL)	Initialize CodeQL	2026-10-07T13:48:48.7968869Z                     "description" : "A soft limit (in MB) on the size of the TRAP cache",
3b SAST (CodeQL)	Initialize CodeQL	2026-10-07T13:48:48.7969260Z                     "type" : "string",
3b SAST (CodeQL)	Initialize CodeQL	2026-10-07T13:48:48.7969516Z                     "pattern" : "[0-9]+"
3b SAST (CodeQL)	Initialize CodeQL	2026-10-07T13:48:48.7969759Z                   },
3b SAST (CodeQL)	Initialize CodeQL	2026-10-07T13:48:48.7969966Z                   "write" : {
3b SAST (CodeQL)	Initialize CodeQL	2026-10-07T13:48:48.7970358Z                     "title" : "TRAP cache writeable",
3b SAST (CodeQL)	Initialize CodeQL	2026-10-07T13:48:48.7971071Z                     "description" : "Whether to write to the TRAP cache as well as reading it",
3b SAST (CodeQL)	Initialize CodeQL	2026-10-07T13:48:48.7971652Z                     "type" : "string",
3b SAST (CodeQL)	Initialize CodeQL	2026-10-07T13:48:48.7972047Z                     "pattern" : "(true|TRUE|false|FALSE)"
3b SAST (CodeQL)	Initialize CodeQL	2026-10-07T13:48:48.7972529Z                   }
3b SAST (CodeQL)	Initialize CodeQL	2026-10-07T13:48:48.7972866Z                 }
3b SAST (CodeQL)	Initialize CodeQL	2026-10-07T13:48:48.7973179Z               }
3b SAST (CodeQL)	Initialize CodeQL	2026-10-07T13:48:48.7973488Z             }
3b SAST (CodeQL)	Initialize CodeQL	2026-10-07T13:48:48.7973893Z           },
3b SAST (CodeQL)	Initialize CodeQL	2026-10-07T13:48:48.7974218Z           "skip_types" : {
3b SAST (CodeQL)	Initialize CodeQL	2026-10-07T13:48:48.7974678Z             "title" : "Skip type extraction for TypeScript",
3b SAST (CodeQL)	Initialize CodeQL	2026-10-07T13:48:48.7975710Z             "description" : "Whether to skip the extraction of types in a TypeScript application",
3b SAST (CodeQL)	Initialize CodeQL	2026-10-07T13:48:48.7976432Z             "type" : "string",
3b SAST (CodeQL)	Initialize CodeQL	2026-10-07T13:48:48.7977280Z             "pattern" : "^(false|true)$"
3b SAST (CodeQL)	Initialize CodeQL	2026-10-07T13:48:48.7977714Z           }
3b SAST (CodeQL)	Initialize CodeQL	2026-10-07T13:48:48.7978014Z         }
3b SAST (CodeQL)	Initialize CodeQL	2026-10-07T13:48:48.7978304Z       }
3b SAST (CodeQL)	Initialize CodeQL	2026-10-07T13:48:48.7978595Z     ],
3b SAST (CodeQL)	Initialize CodeQL	2026-10-07T13:48:48.7978894Z     "ruby" : [
3b SAST (CodeQL)	Initialize CodeQL	2026-10-07T13:48:48.7979204Z       {
3b SAST (CodeQL)	Initialize CodeQL	2026-10-07T13:48:48.7979704Z         "extractor_root" : "/opt/hostedtoolcache/CodeQL/2.27.1/x64/codeql/ruby",
3b SAST (CodeQL)	Initialize CodeQL	2026-10-07T13:48:48.7980371Z         "extractor_options" : {
3b SAST (CodeQL)	Initialize CodeQL	2026-10-07T13:48:48.7980770Z           "trap" : {
3b SAST (CodeQL)	Initialize CodeQL	2026-10-07T13:48:48.7981177Z             "title" : "Options pertaining to TRAP.",
3b SAST (CodeQL)	Initialize CodeQL	2026-10-07T13:48:48.7981758Z             "description" : "Options pertaining to TRAP.",
3b SAST (CodeQL)	Initialize CodeQL	2026-10-07T13:48:48.7982276Z             "type" : "object",
3b SAST (CodeQL)	Initialize CodeQL	2026-10-07T13:48:48.7982613Z             "properties" : {
3b SAST (CodeQL)	Initialize CodeQL	2026-10-07T13:48:48.7982860Z               "compression" : {
3b SAST (CodeQL)	Initialize CodeQL	2026-10-07T13:48:48.7983233Z                 "title" : "Controls compression for the TRAP files written by the extractor.",
3b SAST (CodeQL)	Initialize CodeQL	2026-10-07T13:48:48.7984677Z                 "description" : "This option is only intended for use in debugging the extractor. Accepted values are 'gzip' (the default, to write gzip-compressed TRAP) 'zstd' (to write Zstandard-compressed TRAP) and 'none' (to write uncompressed TRAP).\n",
3b SAST (CodeQL)	Initialize CodeQL	2026-10-07T13:48:48.7986277Z                 "type" : "string",
3b SAST (CodeQL)	Initialize CodeQL	2026-10-07T13:48:48.7986983Z                 "pattern" : "^(none|gzip|zstd)$"
3b SAST (CodeQL)	Initialize CodeQL	2026-10-07T13:48:48.7987485Z               }
3b SAST (CodeQL)	Initialize CodeQL	2026-10-07T13:48:48.7987824Z             }
3b SAST (CodeQL)	Initialize CodeQL	2026-10-07T13:48:48.7988144Z           }
3b SAST (CodeQL)	Initialize CodeQL	2026-10-07T13:48:48.7988446Z         }
3b SAST (CodeQL)	Initialize CodeQL	2026-10-07T13:48:48.7988744Z       }
3b SAST (CodeQL)	Initialize CodeQL	2026-10-07T13:48:48.7989043Z     ],
3b SAST (CodeQL)	Initialize CodeQL	2026-10-07T13:48:48.7989322Z     "swift" : [
3b SAST (CodeQL)	Initialize CodeQL	2026-10-07T13:48:48.7989633Z       {
3b SAST (CodeQL)	Initialize CodeQL	2026-10-07T13:48:48.7990115Z         "extractor_root" : "/opt/hostedtoolcache/CodeQL/2.27.1/x64/codeql/swift"
3b SAST (CodeQL)	Initialize CodeQL	2026-10-07T13:48:48.7990734Z       }
3b SAST (CodeQL)	Initialize CodeQL	2026-10-07T13:48:48.7991012Z     ]
3b SAST (CodeQL)	Initialize CodeQL	2026-10-07T13:48:48.7991299Z   }
3b SAST (CodeQL)	Initialize CodeQL	2026-10-07T13:48:48.7991577Z }
3b SAST (CodeQL)	Initialize CodeQL	2026-10-07T13:48:48.7994069Z Languages from configuration: python
3b SAST (CodeQL)	Initialize CodeQL	2026-10-07T13:48:48.8048240Z Using Git version 2.55.0
3b SAST (CodeQL)	Initialize CodeQL	2026-10-07T13:48:48.8665855Z Using overlay database mode: none without caching.
3b SAST (CodeQL)	Initialize CodeQL	2026-10-07T13:48:48.8672575Z Not performing diff-informed analysis because we are not analyzing a pull request.
3b SAST (CodeQL)	Initialize CodeQL	2026-10-07T13:48:48.8676246Z [command]/opt/hostedtoolcache/CodeQL/2.27.1/x64/codeql/codeql resolve languages --format=betterjson --extractor-options-verbosity=4 --extractor-include-aliases
3b SAST (CodeQL)	Initialize CodeQL	2026-10-07T13:48:49.9037955Z {
3b SAST (CodeQL)	Initialize CodeQL	2026-10-07T13:48:49.9107809Z   "aliases" : {
3b SAST (CodeQL)	Initialize CodeQL	2026-10-07T13:48:49.9108366Z     "c" : "cpp",
3b SAST (CodeQL)	Initialize CodeQL	2026-10-07T13:48:49.9108734Z     "c++" : "cpp",
3b SAST (CodeQL)	Initialize CodeQL	2026-10-07T13:48:49.9109220Z     "c-c++" : "cpp",
3b SAST (CodeQL)	Initialize CodeQL	2026-10-07T13:48:49.9128104Z     "c-cpp" : "cpp",
3b SAST (CodeQL)	Initialize CodeQL	2026-10-07T13:48:49.9128507Z     "c#" : "csharp",
3b SAST (CodeQL)	Initialize CodeQL	2026-10-07T13:48:49.9128892Z     "java-kotlin" : "java",
3b SAST (CodeQL)	Initialize CodeQL	2026-10-07T13:48:49.9129310Z     "kotlin" : "java",
3b SAST (CodeQL)	Initialize CodeQL	2026-10-07T13:48:49.9129733Z     "javascript-typescript" : "javascript",
3b SAST (CodeQL)	Initialize CodeQL	2026-10-07T13:48:49.9130240Z     "typescript" : "javascript"
3b SAST (CodeQL)	Initialize CodeQL	2026-10-07T13:48:49.9130640Z   },
3b SAST (CodeQL)	Initialize CodeQL	2026-10-07T13:48:49.9130959Z   "extractors" : {
3b SAST (CodeQL)	Initialize CodeQL	2026-10-07T13:48:49.9131309Z     "javascript" : [
3b SAST (CodeQL)	Initialize CodeQL	2026-10-07T13:48:49.9131652Z       {
3b SAST (CodeQL)	Initialize CodeQL	2026-10-07T13:48:49.9132206Z         "extractor_root" : "/opt/hostedtoolcache/CodeQL/2.27.1/x64/codeql/javascript",
3b SAST (CodeQL)	Initialize CodeQL	2026-10-07T13:48:49.9132932Z         "extractor_options" : {
3b SAST (CodeQL)	Initialize CodeQL	2026-10-07T13:48:49.9133338Z           "trap" : {
3b SAST (CodeQL)	Initialize CodeQL	2026-10-07T13:48:49.9133712Z             "title" : "TRAP options",
3b SAST (CodeQL)	Initialize CodeQL	2026-10-07T13:48:49.9134356Z             "description" : "Options about how the extractor handles TRAP files",
3b SAST (CodeQL)	Initialize CodeQL	2026-10-07T13:48:49.9135026Z             "type" : "object",
3b SAST (CodeQL)	Initialize CodeQL	2026-10-07T13:48:49.9135434Z             "visibility" : 3,
3b SAST (CodeQL)	Initialize CodeQL	2026-10-07T13:48:49.9135843Z             "properties" : {
3b SAST (CodeQL)	Initialize CodeQL	2026-10-07T13:48:49.9136235Z               "cache" : {
3b SAST (CodeQL)	Initialize CodeQL	2026-10-07T13:48:49.9136645Z                 "title" : "TRAP cache options",
3b SAST (CodeQL)	Initialize CodeQL	2026-10-07T13:48:49.9137967Z                 "description" : "Options about how the extractor handles its TRAP cache",
3b SAST (CodeQL)	Initialize CodeQL	2026-10-07T13:48:49.9138677Z                 "type" : "object",
3b SAST (CodeQL)	Initialize CodeQL	2026-10-07T13:48:49.9139282Z                 "properties" : {
3b SAST (CodeQL)	Initialize CodeQL	2026-10-07T13:48:49.9139693Z                   "dir" : {
3b SAST (CodeQL)	Initialize CodeQL	2026-10-07T13:48:49.9140119Z                     "title" : "TRAP cache directory",
3b SAST (CodeQL)	Initialize CodeQL	2026-10-07T13:48:49.9140758Z                     "description" : "The directory of the TRAP cache to use",
3b SAST (CodeQL)	Initialize CodeQL	2026-10-07T13:48:49.9141376Z                     "type" : "string"
3b SAST (CodeQL)	Initialize CodeQL	2026-10-07T13:48:49.9141800Z                   },
3b SAST (CodeQL)	Initialize CodeQL	2026-10-07T13:48:49.9142152Z                   "bound" : {
3b SAST (CodeQL)	Initialize CodeQL	2026-10-07T13:48:49.9142576Z                     "title" : "TRAP cache bound",
3b SAST (CodeQL)	Initialize CodeQL	2026-10-07T13:48:49.9143256Z                     "description" : "A soft limit (in MB) on the size of the TRAP cache",
3b SAST (CodeQL)	Initialize CodeQL	2026-10-07T13:48:49.9143932Z                     "type" : "string",
3b SAST (CodeQL)	Initialize CodeQL	2026-10-07T13:48:49.9144379Z                     "pattern" : "[0-9]+"
3b SAST (CodeQL)	Initialize CodeQL	2026-10-07T13:48:49.9144826Z                   },
3b SAST (CodeQL)	Initialize CodeQL	2026-10-07T13:48:49.9145238Z                   "write" : {
3b SAST (CodeQL)	Initialize CodeQL	2026-10-07T13:48:49.9145665Z                     "title" : "TRAP cache writeable",
3b SAST (CodeQL)	Initialize CodeQL	2026-10-07T13:48:49.9146403Z                     "description" : "Whether to write to the TRAP cache as well as reading it",
3b SAST (CodeQL)	Initialize CodeQL	2026-10-07T13:48:49.9147295Z                     "type" : "string",
3b SAST (CodeQL)	Initialize CodeQL	2026-10-07T13:48:49.9147780Z                     "pattern" : "(true|TRUE|false|FALSE)"
3b SAST (CodeQL)	Initialize CodeQL	2026-10-07T13:48:49.9148265Z                   }
3b SAST (CodeQL)	Initialize CodeQL	2026-10-07T13:48:49.9148682Z                 }
3b SAST (CodeQL)	Initialize CodeQL	2026-10-07T13:48:49.9149001Z               }
3b SAST (CodeQL)	Initialize CodeQL	2026-10-07T13:48:49.9149311Z             }
3b SAST (CodeQL)	Initialize CodeQL	2026-10-07T13:48:49.9149613Z           },
3b SAST (CodeQL)	Initialize CodeQL	2026-10-07T13:48:49.9149933Z           "skip_types" : {
3b SAST (CodeQL)	Initialize CodeQL	2026-10-07T13:48:49.9150402Z             "title" : "Skip type extraction for TypeScript",
3b SAST (CodeQL)	Initialize CodeQL	2026-10-07T13:48:49.9151227Z             "description" : "Whether to skip the extraction of types in a TypeScript application",
3b SAST (CodeQL)	Initialize CodeQL	2026-10-07T13:48:49.9152009Z             "type" : "string",
3b SAST (CodeQL)	Initialize CodeQL	2026-10-07T13:48:49.9152423Z             "pattern" : "^(false|true)$"
3b SAST (CodeQL)	Initialize CodeQL	2026-10-07T13:48:49.9152856Z           }
3b SAST (CodeQL)	Initialize CodeQL	2026-10-07T13:48:49.9153161Z         }
3b SAST (CodeQL)	Initialize CodeQL	2026-10-07T13:48:49.9153448Z       }
3b SAST (CodeQL)	Initialize CodeQL	2026-10-07T13:48:49.9153738Z     ],
3b SAST (CodeQL)	Initialize CodeQL	2026-10-07T13:48:49.9154028Z     "go" : [
3b SAST (CodeQL)	Initialize CodeQL	2026-10-07T13:48:49.9154334Z       {
3b SAST (CodeQL)	Initialize CodeQL	2026-10-07T13:48:49.9154834Z         "extractor_root" : "/opt/hostedtoolcache/CodeQL/2.27.1/x64/codeql/go",
3b SAST (CodeQL)	Initialize CodeQL	2026-10-07T13:48:49.9155499Z         "extractor_options" : {
3b SAST (CodeQL)	Initialize CodeQL	2026-10-07T13:48:49.9155919Z           "extract_tests" : {
3b SAST (CodeQL)	Initialize CodeQL	2026-10-07T13:48:49.9156505Z             "title" : "Whether to include Go test files in the CodeQL database.",
3b SAST (CodeQL)	Initialize CodeQL	2026-10-07T13:48:49.9158374Z             "description" : "A value indicating whether Go test files should be included in the CodeQL database. The default is 'false'.\n",
3b SAST (CodeQL)	Initialize CodeQL	2026-10-07T13:48:49.9159422Z             "type" : "string",
3b SAST (CodeQL)	Initialize CodeQL	2026-10-07T13:48:49.9159853Z             "pattern" : "^(false|true)$"
3b SAST (CodeQL)	Initialize CodeQL	2026-10-07T13:48:49.9160297Z           },
3b SAST (CodeQL)	Initialize CodeQL	2026-10-07T13:48:49.9160642Z           "extract_vendor_dirs" : {
3b SAST (CodeQL)	Initialize CodeQL	2026-10-07T13:48:49.9161300Z             "title" : "Whether to include Go vendor directories in the CodeQL database.",
3b SAST (CodeQL)	Initialize CodeQL	2026-10-07T13:48:49.9162621Z             "description" : "A value indicating whether Go vendor directories should be included in the CodeQL database. The default is 'false'.\n",
3b SAST (CodeQL)	Initialize CodeQL	2026-10-07T13:48:49.9163720Z             "type" : "string",
3b SAST (CodeQL)	Initialize CodeQL	2026-10-07T13:48:49.9164141Z             "pattern" : "^(false|true)$"
3b SAST (CodeQL)	Initialize CodeQL	2026-10-07T13:48:49.9164584Z           }
3b SAST (CodeQL)	Initialize CodeQL	2026-10-07T13:48:49.9164880Z         }
3b SAST (CodeQL)	Initialize CodeQL	2026-10-07T13:48:49.9165170Z       }
3b SAST (CodeQL)	Initialize CodeQL	2026-10-07T13:48:49.9165461Z     ],
3b SAST (CodeQL)	Initialize CodeQL	2026-10-07T13:48:49.9165755Z     "html" : [
3b SAST (CodeQL)	Initialize CodeQL	2026-10-07T13:48:49.9166062Z       {
3b SAST (CodeQL)	Initialize CodeQL	2026-10-07T13:48:49.9166560Z         "extractor_root" : "/opt/hostedtoolcache/CodeQL/2.27.1/x64/codeql/html"
3b SAST (CodeQL)	Initialize CodeQL	2026-10-07T13:48:49.9167465Z       }
3b SAST (CodeQL)	Initialize CodeQL	2026-10-07T13:48:49.9167765Z     ],
3b SAST (CodeQL)	Initialize CodeQL	2026-10-07T13:48:49.9168069Z     "csharp" : [
3b SAST (CodeQL)	Initialize CodeQL	2026-10-07T13:48:49.9168386Z       {
3b SAST (CodeQL)	Initialize CodeQL	2026-10-07T13:48:49.9168894Z         "extractor_root" : "/opt/hostedtoolcache/CodeQL/2.27.1/x64/codeql/csharp",
3b SAST (CodeQL)	Initialize CodeQL	2026-10-07T13:48:49.9169780Z         "extractor_options" : {
3b SAST (CodeQL)	Initialize CodeQL	2026-10-07T13:48:49.9170188Z           "trap" : {
3b SAST (CodeQL)	Initialize CodeQL	2026-10-07T13:48:49.9170591Z             "title" : "Options pertaining to TRAP.",
3b SAST (CodeQL)	Initialize CodeQL	2026-10-07T13:48:49.9171346Z             "description" : "Options pertaining to TRAP.",
3b SAST (CodeQL)	Initialize CodeQL	2026-10-07T13:48:49.9171887Z             "type" : "object",
3b SAST (CodeQL)	Initialize CodeQL	2026-10-07T13:48:49.9172294Z             "properties" : {
3b SAST (CodeQL)	Initialize CodeQL	2026-10-07T13:48:49.9172703Z               "compression" : {
3b SAST (CodeQL)	Initialize CodeQL	2026-10-07T13:48:49.9173366Z                 "title" : "Controls compression for the TRAP files written by the extractor.",
3b SAST (CodeQL)	Initialize CodeQL	2026-10-07T13:48:49.9175191Z                 "description" : "This option is only intended for use in debugging the extractor. Accepted values are 'brotli' (the default, to write brotli-compressed TRAP), 'gzip', and 'none' (to write uncompressed TRAP).\n",
3b SAST (CodeQL)	Initialize CodeQL	2026-10-07T13:48:49.9176918Z                 "type" : "string",
3b SAST (CodeQL)	Initialize CodeQL	2026-10-07T13:48:49.9177378Z                 "pattern" : "^(none|gzip|brotli)$"
3b SAST (CodeQL)	Initialize CodeQL	2026-10-07T13:48:49.9177860Z               }
3b SAST (CodeQL)	Initialize CodeQL	2026-10-07T13:48:49.9178176Z             }
3b SAST (CodeQL)	Initialize CodeQL	2026-10-07T13:48:49.9178486Z           },
3b SAST (CodeQL)	Initialize CodeQL	2026-10-07T13:48:49.9178806Z           "buildless" : {
3b SAST (CodeQL)	Initialize CodeQL	2026-10-07T13:48:49.9179423Z             "title" : "DEPRECATED - Whether to use buildless (standalone) extraction.",
3b SAST (CodeQL)	Initialize CodeQL	2026-10-07T13:48:49.9182891Z             "description" : "DEPRECATED: Use `--build-mode none` instead.\nA value indicating, which type of extraction the autobuilder should perform. If 'true', then the standalone extractor will be used, otherwise tracing extraction will be performed. The default is 'false'. Note that buildless extraction will generally yield less accurate analysis results, and should only be used in cases where it is not possible to build the code (for example if it uses inaccessible dependencies).\n",
3b SAST (CodeQL)	Initialize CodeQL	2026-10-07T13:48:49.9186117Z             "type" : "string",
3b SAST (CodeQL)	Initialize CodeQL	2026-10-07T13:48:49.9186536Z             "pattern" : "^(false|true)$"
3b SAST (CodeQL)	Initialize CodeQL	2026-10-07T13:48:49.9217186Z           },
3b SAST (CodeQL)	Initialize CodeQL	2026-10-07T13:48:49.9217421Z           "logging" : {
3b SAST (CodeQL)	Initialize CodeQL	2026-10-07T13:48:49.9217712Z             "title" : "Options pertaining to logging.",
3b SAST (CodeQL)	Initialize CodeQL	2026-10-07T13:48:49.9218081Z             "description" : "Options pertaining to logging.",
3b SAST (CodeQL)	Initialize CodeQL	2026-10-07T13:48:49.9218401Z             "type" : "object",
3b SAST (CodeQL)	Initialize CodeQL	2026-10-07T13:48:49.9218644Z             "properties" : {
3b SAST (CodeQL)	Initialize CodeQL	2026-10-07T13:48:49.9218875Z               "verbosity" : {
3b SAST (CodeQL)	Initialize CodeQL	2026-10-07T13:48:49.9219144Z                 "title" : "Extractor logging verbosity level.",
3b SAST (CodeQL)	Initialize CodeQL	2026-10-07T13:48:49.9220159Z                 "description" : "Controls the level of verbosity of the extractor. The supported levels are (in order of increasing verbosity):\n  - off\n  - errors\n  - warnings\n  - info or progress\n  - debug or progress+\n  - trace or progress++\n  - progress+++\n",
3b SAST (CodeQL)	Initialize CodeQL	2026-10-07T13:48:49.9221111Z                 "type" : "string",
3b SAST (CodeQL)	Initialize CodeQL	2026-10-07T13:48:49.9221603Z                 "pattern" : "^(off|errors|warnings|(info|progress)|(debug|progress\\+)|(trace|progress\\+\\+)|progress\\+\\+\\+)$"
3b SAST (CodeQL)	Initialize CodeQL	2026-10-07T13:48:49.9222113Z               }
3b SAST (CodeQL)	Initialize CodeQL	2026-10-07T13:48:49.9222298Z             }
3b SAST (CodeQL)	Initialize CodeQL	2026-10-07T13:48:49.9222474Z           },
3b SAST (CodeQL)	Initialize CodeQL	2026-10-07T13:48:49.9222657Z           "binlog" : {
3b SAST (CodeQL)	Initialize CodeQL	2026-10-07T13:48:49.9222868Z             "title" : "Binlog",
3b SAST (CodeQL)	Initialize CodeQL	2026-10-07T13:48:49.9223566Z             "description" : "[EXPERIMENTAL] The value is a path to the MsBuild binary log file that should be extracted. This option only works when `--build-mode none` is also specified.\n",
3b SAST (CodeQL)	Initialize CodeQL	2026-10-07T13:48:49.9224283Z             "type" : "array"
3b SAST (CodeQL)	Initialize CodeQL	2026-10-07T13:48:49.9224496Z           },
3b SAST (CodeQL)	Initialize CodeQL	2026-10-07T13:48:49.9224695Z           "buildless_dependency_dir" : {
3b SAST (CodeQL)	Initialize CodeQL	2026-10-07T13:48:49.9225145Z             "title" : "The path where buildless (standalone) extraction should keep dependencies.",
3b SAST (CodeQL)	Initialize CodeQL	2026-10-07T13:48:49.9225814Z             "description" : "If set, the buildless (standalone) extractor will store dependencies in this directory.\n",
3b SAST (CodeQL)	Initialize CodeQL	2026-10-07T13:48:49.9226309Z             "type" : "string"
3b SAST (CodeQL)	Initialize CodeQL	2026-10-07T13:48:49.9226526Z           }
3b SAST (CodeQL)	Initialize CodeQL	2026-10-07T13:48:49.9227176Z         }
3b SAST (CodeQL)	Initialize CodeQL	2026-10-07T13:48:49.9227355Z       }
3b SAST (CodeQL)	Initialize CodeQL	2026-10-07T13:48:49.9227520Z     ],
3b SAST (CodeQL)	Initialize CodeQL	2026-10-07T13:48:49.9227693Z     "csv" : [
3b SAST (CodeQL)	Initialize CodeQL	2026-10-07T13:48:49.9227879Z       {
3b SAST (CodeQL)	Initialize CodeQL	2026-10-07T13:48:49.9228172Z         "extractor_root" : "/opt/hostedtoolcache/CodeQL/2.27.1/x64/codeql/csv"
3b SAST (CodeQL)	Initialize CodeQL	2026-10-07T13:48:49.9228664Z       }
3b SAST (CodeQL)	Initialize CodeQL	2026-10-07T13:48:49.9228828Z     ],
3b SAST (CodeQL)	Initialize CodeQL	2026-10-07T13:48:49.9228999Z     "actions" : [
3b SAST (CodeQL)	Initialize CodeQL	2026-10-07T13:48:49.9229189Z       {
3b SAST (CodeQL)	Initialize CodeQL	2026-10-07T13:48:49.9229478Z         "extractor_root" : "/opt/hostedtoolcache/CodeQL/2.27.1/x64/codeql/actions",
3b SAST (CodeQL)	Initialize CodeQL	2026-10-07T13:48:49.9229865Z         "extractor_options" : {
3b SAST (CodeQL)	Initialize CodeQL	2026-10-07T13:48:49.9230095Z           "trap" : {
3b SAST (CodeQL)	Initialize CodeQL	2026-10-07T13:48:49.9230313Z             "title" : "TRAP options",
3b SAST (CodeQL)	Initialize CodeQL	2026-10-07T13:48:49.9230682Z             "description" : "Options about how the extractor handles TRAP files",
3b SAST (CodeQL)	Initialize CodeQL	2026-10-07T13:48:49.9231052Z             "type" : "object",
3b SAST (CodeQL)	Initialize CodeQL	2026-10-07T13:48:49.9231287Z             "visibility" : 3,
3b SAST (CodeQL)	Initialize CodeQL	2026-10-07T13:48:49.9231528Z             "properties" : {
3b SAST (CodeQL)	Initialize CodeQL	2026-10-07T13:48:49.9231762Z               "cache" : {
3b SAST (CodeQL)	Initialize CodeQL	2026-10-07T13:48:49.9231997Z                 "title" : "TRAP cache options",
3b SAST (CodeQL)	Initialize CodeQL	2026-10-07T13:48:49.9232388Z                 "description" : "Options about how the extractor handles its TRAP cache",
3b SAST (CodeQL)	Initialize CodeQL	2026-10-07T13:48:49.9232782Z                 "type" : "object",
3b SAST (CodeQL)	Initialize CodeQL	2026-10-07T13:48:49.9233024Z                 "properties" : {
3b SAST (CodeQL)	Initialize CodeQL	2026-10-07T13:48:49.9233256Z                   "dir" : {
3b SAST (CodeQL)	Initialize CodeQL	2026-10-07T13:48:49.9233510Z                     "title" : "TRAP cache directory",
3b SAST (CodeQL)	Initialize CodeQL	2026-10-07T13:48:49.9233860Z                     "description" : "The directory of the TRAP cache to use",
3b SAST (CodeQL)	Initialize CodeQL	2026-10-07T13:48:49.9234241Z                     "type" : "string"
3b SAST (CodeQL)	Initialize CodeQL	2026-10-07T13:48:49.9234482Z                   },
3b SAST (CodeQL)	Initialize CodeQL	2026-10-07T13:48:49.9234688Z                   "bound" : {
3b SAST (CodeQL)	Initialize CodeQL	2026-10-07T13:48:49.9234923Z                     "title" : "TRAP cache bound",
3b SAST (CodeQL)	Initialize CodeQL	2026-10-07T13:48:49.9235294Z                     "description" : "A soft limit (in MB) on the size of the TRAP cache",
3b SAST (CodeQL)	Initialize CodeQL	2026-10-07T13:48:49.9235677Z                     "type" : "string",
3b SAST (CodeQL)	Initialize CodeQL	2026-10-07T13:48:49.9235942Z                     "pattern" : "[0-9]+"
3b SAST (CodeQL)	Initialize CodeQL	2026-10-07T13:48:49.9236186Z                   },
3b SAST (CodeQL)	Initialize CodeQL	2026-10-07T13:48:49.9236380Z                   "write" : {
3b SAST (CodeQL)	Initialize CodeQL	2026-10-07T13:48:49.9236629Z                     "title" : "TRAP cache writeable",
3b SAST (CodeQL)	Initialize CodeQL	2026-10-07T13:48:49.9237340Z                     "description" : "Whether to write to the TRAP cache as well as reading it",
3b SAST (CodeQL)	Initialize CodeQL	2026-10-07T13:48:49.9237740Z                     "type" : "string",
3b SAST (CodeQL)	Initialize CodeQL	2026-10-07T13:48:49.9238016Z                     "pattern" : "(true|TRUE|false|FALSE)"
3b SAST (CodeQL)	Initialize CodeQL	2026-10-07T13:48:49.9238294Z                   }
3b SAST (CodeQL)	Initialize CodeQL	2026-10-07T13:48:49.9238476Z                 }
3b SAST (CodeQL)	Initialize CodeQL	2026-10-07T13:48:49.9238655Z               }
3b SAST (CodeQL)	Initialize CodeQL	2026-10-07T13:48:49.9238831Z             }
3b SAST (CodeQL)	Initialize CodeQL	2026-10-07T13:48:49.9239004Z           }
3b SAST (CodeQL)	Initialize CodeQL	2026-10-07T13:48:49.9239172Z         }
3b SAST (CodeQL)	Initialize CodeQL	2026-10-07T13:48:49.9239336Z       }
3b SAST (CodeQL)	Initialize CodeQL	2026-10-07T13:48:49.9239500Z     ],
3b SAST (CodeQL)	Initialize CodeQL	2026-10-07T13:48:49.9239667Z     "ruby" : [
3b SAST (CodeQL)	Initialize CodeQL	2026-10-07T13:48:49.9239847Z       {
3b SAST (CodeQL)	Initialize CodeQL	2026-10-07T13:48:49.9240137Z         "extractor_root" : "/opt/hostedtoolcache/CodeQL/2.27.1/x64/codeql/ruby",
3b SAST (CodeQL)	Initialize CodeQL	2026-10-07T13:48:49.9240505Z         "extractor_options" : {
3b SAST (CodeQL)	Initialize CodeQL	2026-10-07T13:48:49.9240735Z           "trap" : {
3b SAST (CodeQL)	Initialize CodeQL	2026-10-07T13:48:49.9240967Z             "title" : "Options pertaining to TRAP.",
3b SAST (CodeQL)	Initialize CodeQL	2026-10-07T13:48:49.9241292Z             "description" : "Options pertaining to TRAP.",
3b SAST (CodeQL)	Initialize CodeQL	2026-10-07T13:48:49.9241590Z             "type" : "object",
3b SAST (CodeQL)	Initialize CodeQL	2026-10-07T13:48:49.9241820Z             "properties" : {
3b SAST (CodeQL)	Initialize CodeQL	2026-10-07T13:48:49.9242046Z               "compression" : {
3b SAST (CodeQL)	Initialize CodeQL	2026-10-07T13:48:49.9242415Z                 "title" : "Controls compression for the TRAP files written by the extractor.",
3b SAST (CodeQL)	Initialize CodeQL	2026-10-07T13:48:49.9243526Z                 "description" : "This option is only intended for use in debugging the extractor. Accepted values are 'gzip' (the default, to write gzip-compressed TRAP) 'zstd' (to write Zstandard-compressed TRAP) and 'none' (to write uncompressed TRAP).\n",
3b SAST (CodeQL)	Initialize CodeQL	2026-10-07T13:48:49.9244478Z                 "type" : "string",
3b SAST (CodeQL)	Initialize CodeQL	2026-10-07T13:48:49.9244889Z                 "pattern" : "^(none|gzip|zstd)$"
3b SAST (CodeQL)	Initialize CodeQL	2026-10-07T13:48:49.9245149Z               }
3b SAST (CodeQL)	Initialize CodeQL	2026-10-07T13:48:49.9245328Z             }
3b SAST (CodeQL)	Initialize CodeQL	2026-10-07T13:48:49.9245508Z           }
3b SAST (CodeQL)	Initialize CodeQL	2026-10-07T13:48:49.9245792Z         }
3b SAST (CodeQL)	Initialize CodeQL	2026-10-07T13:48:49.9245966Z       }
3b SAST (CodeQL)	Initialize CodeQL	2026-10-07T13:48:49.9246131Z     ],
3b SAST (CodeQL)	Initialize CodeQL	2026-10-07T13:48:49.9246303Z     "yaml" : [
3b SAST (CodeQL)	Initialize CodeQL	2026-10-07T13:48:49.9246483Z       {
3b SAST (CodeQL)	Initialize CodeQL	2026-10-07T13:48:49.9246991Z         "extractor_root" : "/opt/hostedtoolcache/CodeQL/2.27.1/x64/codeql/yaml"
3b SAST (CodeQL)	Initialize CodeQL	2026-10-07T13:48:49.9247392Z       }
3b SAST (CodeQL)	Initialize CodeQL	2026-10-07T13:48:49.9247565Z     ],
3b SAST (CodeQL)	Initialize CodeQL	2026-10-07T13:48:49.9247741Z     "xml" : [
3b SAST (CodeQL)	Initialize CodeQL	2026-10-07T13:48:49.9247920Z       {
3b SAST (CodeQL)	Initialize CodeQL	2026-10-07T13:48:49.9248201Z         "extractor_root" : "/opt/hostedtoolcache/CodeQL/2.27.1/x64/codeql/xml"
3b SAST (CodeQL)	Initialize CodeQL	2026-10-07T13:48:49.9248546Z       }
3b SAST (CodeQL)	Initialize CodeQL	2026-10-07T13:48:49.9248713Z     ],
3b SAST (CodeQL)	Initialize CodeQL	2026-10-07T13:48:49.9248892Z     "python" : [
3b SAST (CodeQL)	Initialize CodeQL	2026-10-07T13:48:49.9249080Z       {
3b SAST (CodeQL)	Initialize CodeQL	2026-10-07T13:48:49.9249371Z         "extractor_root" : "/opt/hostedtoolcache/CodeQL/2.27.1/x64/codeql/python",
3b SAST (CodeQL)	Initialize CodeQL	2026-10-07T13:48:49.9249760Z         "extractor_options" : {
3b SAST (CodeQL)	Initialize CodeQL	2026-10-07T13:48:49.9249999Z           "logging" : {
3b SAST (CodeQL)	Initialize CodeQL	2026-10-07T13:48:49.9250254Z             "title" : "Options pertaining to logging.",
3b SAST (CodeQL)	Initialize CodeQL	2026-10-07T13:48:49.9250604Z             "description" : "Options pertaining to logging.",
3b SAST (CodeQL)	Initialize CodeQL	2026-10-07T13:48:49.9250913Z             "type" : "object",
3b SAST (CodeQL)	Initialize CodeQL	2026-10-07T13:48:49.9251144Z             "properties" : {
3b SAST (CodeQL)	Initialize CodeQL	2026-10-07T13:48:49.9251373Z               "verbosity" : {
3b SAST (CodeQL)	Initialize CodeQL	2026-10-07T13:48:49.9251660Z                 "title" : "Python extractor logging verbosity level.",
3b SAST (CodeQL)	Initialize CodeQL	2026-10-07T13:48:49.9252742Z                 "description" : "Controls the level of verbosity of the CodeQL Python extractor.\nThe supported levels are (in order of increasing verbosity):\n\n  - off\n  - errors\n  - warnings\n  - info or progress\n  - debug or progress+\n  - trace or progress++\n  - progress+++\n",
3b SAST (CodeQL)	Initialize CodeQL	2026-10-07T13:48:49.9253748Z                 "type" : "string",
3b SAST (CodeQL)	Initialize CodeQL	2026-10-07T13:48:49.9254242Z                 "pattern" : "^(off|errors|warnings|(info|progress)|(debug|progress\\+)|(trace|progress\\+\\+)|progress\\+\\+\\+)$"
3b SAST (CodeQL)	Initialize CodeQL	2026-10-07T13:48:49.9254742Z               }
3b SAST (CodeQL)	Initialize CodeQL	2026-10-07T13:48:49.9254922Z             }
3b SAST (CodeQL)	Initialize CodeQL	2026-10-07T13:48:49.9255103Z           },
3b SAST (CodeQL)	Initialize CodeQL	2026-10-07T13:48:49.9255301Z           "python_executable_name" : {
3b SAST (CodeQL)	Initialize CodeQL	2026-10-07T13:48:49.9255706Z             "title" : "Controls the name of the Python executable used by the Python extractor.",
3b SAST (CodeQL)	Initialize CodeQL	2026-10-07T13:48:49.9257413Z             "description" : "The Python extractor uses platform-dependent heuristics to determine the name of the Python executable to use. Specifying a value for this option overrides the name of the Python executable used by the extractor. Accepted values are py, python and python3. Use this setting with caution, the Python extractor requires Python 3 to run.\n",
3b SAST (CodeQL)	Initialize CodeQL	2026-10-07T13:48:49.9258737Z             "type" : "string",
3b SAST (CodeQL)	Initialize CodeQL	2026-10-07T13:48:49.9258991Z             "pattern" : "^(py|python|python3)$"
3b SAST (CodeQL)	Initialize CodeQL	2026-10-07T13:48:49.9259259Z           }
3b SAST (CodeQL)	Initialize CodeQL	2026-10-07T13:48:49.9259437Z         }
3b SAST (CodeQL)	Initialize CodeQL	2026-10-07T13:48:49.9259606Z       }
3b SAST (CodeQL)	Initialize CodeQL	2026-10-07T13:48:49.9259771Z     ],
3b SAST (CodeQL)	Initialize CodeQL	2026-10-07T13:48:49.9259943Z     "cpp" : [
3b SAST (CodeQL)	Initialize CodeQL	2026-10-07T13:48:49.9260119Z       {
3b SAST (CodeQL)	Initialize CodeQL	2026-10-07T13:48:49.9260393Z         "extractor_root" : "/opt/hostedtoolcache/CodeQL/2.27.1/x64/codeql/cpp",
3b SAST (CodeQL)	Initialize CodeQL	2026-10-07T13:48:49.9260956Z         "extractor_options" : {
3b SAST (CodeQL)	Initialize CodeQL	2026-10-07T13:48:49.9261202Z           "trap" : {
3b SAST (CodeQL)	Initialize CodeQL	2026-10-07T13:48:49.9261418Z             "title" : "TRAP options",
3b SAST (CodeQL)	Initialize CodeQL	2026-10-07T13:48:49.9261784Z             "description" : "Options about how the extractor handles TRAP files",
3b SAST (CodeQL)	Initialize CodeQL	2026-10-07T13:48:49.9262159Z             "type" : "object",
3b SAST (CodeQL)	Initialize CodeQL	2026-10-07T13:48:49.9262501Z             "visibility" : 3,
3b SAST (CodeQL)	Initialize CodeQL	2026-10-07T13:48:49.9262869Z             "properties" : {
3b SAST (CodeQL)	Initialize CodeQL	2026-10-07T13:48:49.9263237Z               "cache" : {
3b SAST (CodeQL)	Initialize CodeQL	2026-10-07T13:48:49.9263606Z                 "title" : "TRAP cache options",
3b SAST (CodeQL)	Initialize CodeQL	2026-10-07T13:48:49.9264137Z                 "description" : "Options about how the extractor handles its TRAP cache",
3b SAST (CodeQL)	Initialize CodeQL	2026-10-07T13:48:49.9264714Z                 "type" : "object",
3b SAST (CodeQL)	Initialize CodeQL	2026-10-07T13:48:49.9264967Z                 "properties" : {
3b SAST (CodeQL)	Initialize CodeQL	2026-10-07T13:48:49.9265200Z                   "dir" : {
3b SAST (CodeQL)	Initialize CodeQL	2026-10-07T13:48:49.9265452Z                     "title" : "TRAP cache directory",
3b SAST (CodeQL)	Initialize CodeQL	2026-10-07T13:48:49.9265926Z                     "description" : "The directory of the TRAP cache to use",
3b SAST (CodeQL)	Initialize CodeQL	2026-10-07T13:48:49.9266401Z                     "type" : "string"
3b SAST (CodeQL)	Initialize CodeQL	2026-10-07T13:48:49.9266906Z                   },
3b SAST (CodeQL)	Initialize CodeQL	2026-10-07T13:48:49.9267118Z                   "bound" : {
3b SAST (CodeQL)	Initialize CodeQL	2026-10-07T13:48:49.9267354Z                     "title" : "TRAP cache bound",
3b SAST (CodeQL)	Initialize CodeQL	2026-10-07T13:48:49.9267722Z                     "description" : "A soft limit (in MB) on the size of the TRAP cache",
3b SAST (CodeQL)	Initialize CodeQL	2026-10-07T13:48:49.9268093Z                     "type" : "string",
3b SAST (CodeQL)	Initialize CodeQL	2026-10-07T13:48:49.9268347Z                     "pattern" : "[0-9]+"
3b SAST (CodeQL)	Initialize CodeQL	2026-10-07T13:48:49.9268587Z                   },
3b SAST (CodeQL)	Initialize CodeQL	2026-10-07T13:48:49.9268825Z                   "write" : {
3b SAST (CodeQL)	Initialize CodeQL	2026-10-07T13:48:49.9269070Z                     "title" : "TRAP cache writeable",
3b SAST (CodeQL)	Initialize CodeQL	2026-10-07T13:48:49.9269480Z                     "description" : "Whether to write to the TRAP cache as well as reading it",
3b SAST (CodeQL)	Initialize CodeQL	2026-10-07T13:48:49.9269877Z                     "type" : "string",
3b SAST (CodeQL)	Initialize CodeQL	2026-10-07T13:48:49.9270164Z                     "pattern" : "(true|TRUE|false|FALSE)"
3b SAST (CodeQL)	Initialize CodeQL	2026-10-07T13:48:49.9270447Z                   }
3b SAST (CodeQL)	Initialize CodeQL	2026-10-07T13:48:49.9270637Z                 }
3b SAST (CodeQL)	Initialize CodeQL	2026-10-07T13:48:49.9270823Z               }
3b SAST (CodeQL)	Initialize CodeQL	2026-10-07T13:48:49.9271005Z             }
3b SAST (CodeQL)	Initialize CodeQL	2026-10-07T13:48:49.9271178Z           },
3b SAST (CodeQL)	Initialize CodeQL	2026-10-07T13:48:49.9271374Z           "scale_timeouts" : {
3b SAST (CodeQL)	Initialize CodeQL	2026-10-07T13:48:49.9271699Z             "title" : "Value to scale compiler introspection timeouts with",
3b SAST (CodeQL)	Initialize CodeQL	2026-10-07T13:48:49.9273201Z             "description" : "The extractor attempts to determine what compiler the source code being extracted is compiled with. To this end the extractor makes additional calls to the compiler, some of which are expected to return within a certain fixed time (either 10s or 15s). On some systems that are under high load this time might be too short, and can be scaled up using this option.\n",
3b SAST (CodeQL)	Initialize CodeQL	2026-10-07T13:48:49.9274590Z             "type" : "string",
3b SAST (CodeQL)	Initialize CodeQL	2026-10-07T13:48:49.9274827Z             "pattern" : "[0-9]+"
3b SAST (CodeQL)	Initialize CodeQL	2026-10-07T13:48:49.9275062Z           },
3b SAST (CodeQL)	Initialize CodeQL	2026-10-07T13:48:49.9275251Z           "log_verbosity" : {
3b SAST (CodeQL)	Initialize CodeQL	2026-10-07T13:48:49.9275520Z             "title" : "Verbosity of the extractor logging",
3b SAST (CodeQL)	Initialize CodeQL	2026-10-07T13:48:49.9276270Z             "description" : "Set the verbosity of the extractor logging to 'quiet' (0), 'normal' (1), 'chatty' (2), or 'noisy' (3). The default is 'normal'.\n",
3b SAST (CodeQL)	Initialize CodeQL	2026-10-07T13:48:49.9277547Z             "type" : "string",
3b SAST (CodeQL)	Initialize CodeQL	2026-10-07T13:48:49.9277962Z             "pattern" : "[0-3]"
3b SAST (CodeQL)	Initialize CodeQL	2026-10-07T13:48:49.9278264Z           },
3b SAST (CodeQL)	Initialize CodeQL	2026-10-07T13:48:49.9278464Z           "frontend_options" : {
3b SAST (CodeQL)	Initialize CodeQL	2026-10-07T13:48:49.9278742Z             "title" : "C/C++ extractor frontend options",
3b SAST (CodeQL)	Initialize CodeQL	2026-10-07T13:48:49.9279253Z             "description" : "Set additional options that should be passed to the C/C++ extractor frontend.\n",
3b SAST (CodeQL)	Initialize CodeQL	2026-10-07T13:48:49.9279733Z             "type" : "array",
3b SAST (CodeQL)	Initialize CodeQL	2026-10-07T13:48:49.9279967Z             "visibility" : 3
3b SAST (CodeQL)	Initialize CodeQL	2026-10-07T13:48:49.9280189Z           }
3b SAST (CodeQL)	Initialize CodeQL	2026-10-07T13:48:49.9280390Z         }
3b SAST (CodeQL)	Initialize CodeQL	2026-10-07T13:48:49.9280573Z       }
3b SAST (CodeQL)	Initialize CodeQL	2026-10-07T13:48:49.9280743Z     ],
3b SAST (CodeQL)	Initialize CodeQL	2026-10-07T13:48:49.9280925Z     "properties" : [
3b SAST (CodeQL)	Initialize CodeQL	2026-10-07T13:48:49.9281125Z       {
3b SAST (CodeQL)	Initialize CodeQL	2026-10-07T13:48:49.9281449Z         "extractor_root" : "/opt/hostedtoolcache/CodeQL/2.27.1/x64/codeql/properties"
3b SAST (CodeQL)	Initialize CodeQL	2026-10-07T13:48:49.9281830Z       }
3b SAST (CodeQL)	Initialize CodeQL	2026-10-07T13:48:49.9281994Z     ],
3b SAST (CodeQL)	Initialize CodeQL	2026-10-07T13:48:49.9282164Z     "rust" : [
3b SAST (CodeQL)	Initialize CodeQL	2026-10-07T13:48:49.9282352Z       {
3b SAST (CodeQL)	Initialize CodeQL	2026-10-07T13:48:49.9282630Z         "extractor_root" : "/opt/hostedtoolcache/CodeQL/2.27.1/x64/codeql/rust",
3b SAST (CodeQL)	Initialize CodeQL	2026-10-07T13:48:49.9283004Z         "extractor_options" : {
3b SAST (CodeQL)	Initialize CodeQL	2026-10-07T13:48:49.9283249Z           "trap" : {
3b SAST (CodeQL)	Initialize CodeQL	2026-10-07T13:48:49.9283477Z             "title" : "Options pertaining to TRAP.",
3b SAST (CodeQL)	Initialize CodeQL	2026-10-07T13:48:49.9283821Z             "description" : "Options pertaining to TRAP.",
3b SAST (CodeQL)	Initialize CodeQL	2026-10-07T13:48:49.9284324Z             "type" : "object",
3b SAST (CodeQL)	Initialize CodeQL	2026-10-07T13:48:49.9284569Z             "properties" : {
3b SAST (CodeQL)	Initialize CodeQL	2026-10-07T13:48:49.9284801Z               "compression" : {
3b SAST (CodeQL)	Initialize CodeQL	2026-10-07T13:48:49.9285512Z                 "title" : "Controls compression for the TRAP files written by the extractor.",
3b SAST (CodeQL)	Initialize CodeQL	2026-10-07T13:48:49.9287626Z                 "description" : "This option is only intended for use in debugging the extractor. Accepted values are 'gzip' (to write gzip-compressed TRAP) 'zstd' (the default, to write Zstandard-compressed TRAP) and 'none' (to write uncompressed TRAP).\n",
3b SAST (CodeQL)	Initialize CodeQL	2026-10-07T13:48:49.9289337Z                 "type" : "string",
3b SAST (CodeQL)	Initialize CodeQL	2026-10-07T13:48:49.9289791Z                 "pattern" : "^(none|gzip|zstd)$"
3b SAST (CodeQL)	Initialize CodeQL	2026-10-07T13:48:49.9290306Z               }
3b SAST (CodeQL)	Initialize CodeQL	2026-10-07T13:48:49.9290615Z             }
3b SAST (CodeQL)	Initialize CodeQL	2026-10-07T13:48:49.9290920Z           },
3b SAST (CodeQL)	Initialize CodeQL	2026-10-07T13:48:49.9291263Z           "cargo_target_dir" : {
3b SAST (CodeQL)	Initialize CodeQL	2026-10-07T13:48:49.9291776Z             "title" : "Directory to use for cargo output files.",
3b SAST (CodeQL)	Initialize CodeQL	2026-10-07T13:48:49.9294449Z             "description" : "This value is an optional path to use as `CARGO_TARGET_DIR` for the internal cargo commands the extractor uses. Pointing it to a persistent directory may reduce execution time of consecutive extractor runs. By default, a new scratch directory is used for each extraction, while qltests use the test's `target` directory so artifacts can be reused across runs.\n",
3b SAST (CodeQL)	Initialize CodeQL	2026-10-07T13:48:49.9297345Z             "type" : "string"
3b SAST (CodeQL)	Initialize CodeQL	2026-10-07T13:48:49.9297758Z           },
3b SAST (CodeQL)	Initialize CodeQL	2026-10-07T13:48:49.9298099Z           "cargo_target" : {
3b SAST (CodeQL)	Initialize CodeQL	2026-10-07T13:48:49.9298719Z             "title" : "Target architecture",
3b SAST (CodeQL)	Initialize CodeQL	2026-10-07T13:48:49.9299765Z             "description" : "Target architecture to use for analysis, analogous to `cargo --target`. By default the host architecture is used.\n",
3b SAST (CodeQL)	Initialize CodeQL	2026-10-07T13:48:49.9300790Z             "type" : "string"
3b SAST (CodeQL)	Initialize CodeQL	2026-10-07T13:48:49.9301166Z           },
3b SAST (CodeQL)	Initialize CodeQL	2026-10-07T13:48:49.9301486Z           "cargo_features" : {
3b SAST (CodeQL)	Initialize CodeQL	2026-10-07T13:48:49.9301964Z             "title" : "Cargo features to turn on",
3b SAST (CodeQL)	Initialize CodeQL	2026-10-07T13:48:49.9303055Z             "description" : "Comma-separated list of features to turn on. By default all features are enabled. If any features are specified, then only those features are enabled. The `default` feature must be explicitly specified if only default features are desired. Can be repeated.\n",
3b SAST (CodeQL)	Initialize CodeQL	2026-10-07T13:48:49.9304331Z             "type" : "array"
3b SAST (CodeQL)	Initialize CodeQL	2026-10-07T13:48:49.9304745Z           },
3b SAST (CodeQL)	Initialize CodeQL	2026-10-07T13:48:49.9305079Z           "cargo_cfg_overrides" : {
3b SAST (CodeQL)	Initialize CodeQL	2026-10-07T13:48:49.9305526Z             "title" : "Cargo cfg overrides",
3b SAST (CodeQL)	Initialize CodeQL	2026-10-07T13:48:49.9306450Z             "description" : "Comma-separated list of cfg settings to enable, or disable if prefixed with `-`. Can be repeated.\n",
3b SAST (CodeQL)	Initialize CodeQL	2026-10-07T13:48:49.9307613Z             "type" : "array"
3b SAST (CodeQL)	Initialize CodeQL	2026-10-07T13:48:49.9308002Z           },
3b SAST (CodeQL)	Initialize CodeQL	2026-10-07T13:48:49.9308317Z           "logging" : {
3b SAST (CodeQL)	Initialize CodeQL	2026-10-07T13:48:49.9308733Z             "title" : "Options pertaining to logging.",
3b SAST (CodeQL)	Initialize CodeQL	2026-10-07T13:48:49.9309353Z             "description" : "Options pertaining to logging.",
3b SAST (CodeQL)	Initialize CodeQL	2026-10-07T13:48:49.9309910Z             "type" : "object",
3b SAST (CodeQL)	Initialize CodeQL	2026-10-07T13:48:49.9310311Z             "properties" : {
3b SAST (CodeQL)	Initialize CodeQL	2026-10-07T13:48:49.9310708Z               "verbosity" : {
3b SAST (CodeQL)	Initialize CodeQL	2026-10-07T13:48:49.9311172Z                 "title" : "Extractor logging verbosity level.",
3b SAST (CodeQL)	Initialize CodeQL	2026-10-07T13:48:49.9312937Z                 "description" : "Controls the level of verbosity of the extractor. The supported levels are (in order of increasing verbosity):\n  - off\n  - errors\n  - warnings\n  - info or progress\n  - debug or progress+\n  - trace or progress++\n  - progress+++\n",
3b SAST (CodeQL)	Initialize CodeQL	2026-10-07T13:48:49.9314009Z                 "type" : "string",
3b SAST (CodeQL)	Initialize CodeQL	2026-10-07T13:48:49.9314502Z                 "pattern" : "^(off|errors|warnings|(info|progress)|(debug|progress\\+)|(trace|progress\\+\\+)|progress\\+\\+\\+)$"
3b SAST (CodeQL)	Initialize CodeQL	2026-10-07T13:48:49.9315012Z               },
3b SAST (CodeQL)	Initialize CodeQL	2026-10-07T13:48:49.9315225Z               "flamegraph" : {
3b SAST (CodeQL)	Initialize CodeQL	2026-10-07T13:48:49.9315553Z                 "title" : "[Experimental] File path for write flame graph log",
3b SAST (CodeQL)	Initialize CodeQL	2026-10-07T13:48:49.9316945Z                 "description" : "Collect flame graph data using the `tracing-flame` crate. To render a flame graph or chart, run the `inferno-flamegraph` command. See also: https://crates.io/crates/tracing-flame\n",
3b SAST (CodeQL)	Initialize CodeQL	2026-10-07T13:48:49.9318760Z                 "type" : "string"
3b SAST (CodeQL)	Initialize CodeQL	2026-10-07T13:48:49.9319194Z               }
3b SAST (CodeQL)	Initialize CodeQL	2026-10-07T13:48:49.9319556Z             }
3b SAST (CodeQL)	Initialize CodeQL	2026-10-07T13:48:49.9319883Z           },
3b SAST (CodeQL)	Initialize CodeQL	2026-10-07T13:48:49.9320261Z           "extract_dependencies_as_source" : {
3b SAST (CodeQL)	Initialize CodeQL	2026-10-07T13:48:49.9320857Z             "title" : "Extract dependencies as source code",
3b SAST (CodeQL)	Initialize CodeQL	2026-10-07T13:48:49.9321845Z             "description" : "Extract the full source code of dependencies instead of only extracting signatures.\n",
3b SAST (CodeQL)	Initialize CodeQL	2026-10-07T13:48:49.9322763Z             "type" : "string",
3b SAST (CodeQL)	Initialize CodeQL	2026-10-07T13:48:49.9323253Z             "pattern" : "^(false|true)$"
3b SAST (CodeQL)	Initialize CodeQL	2026-10-07T13:48:49.9323736Z           }
3b SAST (CodeQL)	Initialize CodeQL	2026-10-07T13:48:49.9324083Z         }
3b SAST (CodeQL)	Initialize CodeQL	2026-10-07T13:48:49.9324385Z       }
3b SAST (CodeQL)	Initialize CodeQL	2026-10-07T13:48:49.9324692Z     ],
3b SAST (CodeQL)	Initialize CodeQL	2026-10-07T13:48:49.9325004Z     "swift" : [
3b SAST (CodeQL)	Initialize CodeQL	2026-10-07T13:48:49.9325353Z       {
3b SAST (CodeQL)	Initialize CodeQL	2026-10-07T13:48:49.9325879Z         "extractor_root" : "/opt/hostedtoolcache/CodeQL/2.27.1/x64/codeql/swift"
3b SAST (CodeQL)	Initialize CodeQL	2026-10-07T13:48:49.9326565Z       }
3b SAST (CodeQL)	Initialize CodeQL	2026-10-07T13:48:49.9327123Z     ],
3b SAST (CodeQL)	Initialize CodeQL	2026-10-07T13:48:49.9327441Z     "java" : [
3b SAST (CodeQL)	Initialize CodeQL	2026-10-07T13:48:49.9327771Z       {
3b SAST (CodeQL)	Initialize CodeQL	2026-10-07T13:48:49.9328180Z         "extractor_root" : "/opt/hostedtoolcache/CodeQL/2.27.1/x64/codeql/java",
3b SAST (CodeQL)	Initialize CodeQL	2026-10-07T13:48:49.9328596Z         "extractor_options" : {
3b SAST (CodeQL)	Initialize CodeQL	2026-10-07T13:48:49.9328839Z           "exclude" : {
3b SAST (CodeQL)	Initialize CodeQL	2026-10-07T13:48:49.9329105Z             "title" : "A glob excluding files from analysis.",
3b SAST (CodeQL)	Initialize CodeQL	2026-10-07T13:48:49.9329942Z             "description" : "A glob indicating what files to exclude from the analysis. This accepts glob patterns that are supported by Java's 'getPathMatcher' implementation.\n",
3b SAST (CodeQL)	Initialize CodeQL	2026-10-07T13:48:49.9330652Z             "type" : "string"
3b SAST (CodeQL)	Initialize CodeQL	2026-10-07T13:48:49.9330887Z           },
3b SAST (CodeQL)	Initialize CodeQL	2026-10-07T13:48:49.9331102Z           "add_prefer_source" : {
3b SAST (CodeQL)	Initialize CodeQL	2026-10-07T13:48:49.9331457Z             "title" : "Whether to always prefer source files over class files.",
3b SAST (CodeQL)	Initialize CodeQL	2026-10-07T13:48:49.9332683Z             "description" : "A value indicating whether source files should be preferred over class files. If set to 'true', the extraction adds '-Xprefer:source' to the javac command line. If set to 'false', the extraction uses the default javac behavior ('-Xprefer:newer'). The default is 'true'.\n",
3b SAST (CodeQL)	Initialize CodeQL	2026-10-07T13:48:49.9333825Z             "type" : "string",
3b SAST (CodeQL)	Initialize CodeQL	2026-10-07T13:48:49.9334063Z             "pattern" : "^(false|true)$"
3b SAST (CodeQL)	Initialize CodeQL	2026-10-07T13:48:49.9334395Z           },
3b SAST (CodeQL)	Initialize CodeQL	2026-10-07T13:48:49.9334586Z           "buildless" : {
3b SAST (CodeQL)	Initialize CodeQL	2026-10-07T13:48:49.9334959Z             "title" : "Whether to use buildless (standalone) extraction (experimental).",
3b SAST (CodeQL)	Initialize CodeQL	2026-10-07T13:48:49.9337050Z             "description" : "A value indicating, which type of extraction the autobuilder should perform. If 'true', then the standalone extractor will be used, otherwise tracing extraction will be performed. The default is 'false'. Note that buildless extraction will generally yield less accurate analysis results, and should only be used in cases where it is not possible to build the code (for example if it uses inaccessible dependencies).\n",
3b SAST (CodeQL)	Initialize CodeQL	2026-10-07T13:48:49.9338690Z             "type" : "string",
3b SAST (CodeQL)	Initialize CodeQL	2026-10-07T13:48:49.9338933Z             "pattern" : "^(false|true)$"
3b SAST (CodeQL)	Initialize CodeQL	2026-10-07T13:48:49.9339178Z           },
3b SAST (CodeQL)	Initialize CodeQL	2026-10-07T13:48:49.9339378Z           "buildless_dependency_dir" : {
3b SAST (CodeQL)	Initialize CodeQL	2026-10-07T13:48:49.9339808Z             "title" : "The path where buildless (standalone) extraction should keep dependencies.",
3b SAST (CodeQL)	Initialize CodeQL	2026-10-07T13:48:49.9340474Z             "description" : "If set, the buildless (standalone) extractor will store dependencies in this directory.\n",
3b SAST (CodeQL)	Initialize CodeQL	2026-10-07T13:48:49.9340971Z             "type" : "string"
3b SAST (CodeQL)	Initialize CodeQL	2026-10-07T13:48:49.9341192Z           },
3b SAST (CodeQL)	Initialize CodeQL	2026-10-07T13:48:49.9341389Z           "minimize_dependency_jars" : {
3b SAST (CodeQL)	Initialize CodeQL	2026-10-07T13:48:49.9342016Z             "title" : "Whether to rewrite and minimize downloaded JAR dependencies (experimental).",
3b SAST (CodeQL)	Initialize CodeQL	2026-10-07T13:48:49.9342873Z             "description" : "If 'true', JAR dependencies downloaded during extraction will be rewritten to remove unneeded data, such as method bodies. The default is 'false'.\n",
3b SAST (CodeQL)	Initialize CodeQL	2026-10-07T13:48:49.9343717Z             "type" : "string",
3b SAST (CodeQL)	Initialize CodeQL	2026-10-07T13:48:49.9343954Z             "pattern" : "^(false|true)$"
3b SAST (CodeQL)	Initialize CodeQL	2026-10-07T13:48:49.9344195Z           }
3b SAST (CodeQL)	Initialize CodeQL	2026-10-07T13:48:49.9344367Z         }
3b SAST (CodeQL)	Initialize CodeQL	2026-10-07T13:48:49.9344536Z       }
3b SAST (CodeQL)	Initialize CodeQL	2026-10-07T13:48:49.9344705Z     ]
3b SAST (CodeQL)	Initialize CodeQL	2026-10-07T13:48:49.9344871Z   }
3b SAST (CodeQL)	Initialize CodeQL	2026-10-07T13:48:49.9345049Z }
3b SAST (CodeQL)	Initialize CodeQL	2026-10-07T13:48:49.9345327Z python does not support TRAP caching (missing option group)
3b SAST (CodeQL)	Initialize CodeQL	2026-10-07T13:48:49.9345679Z Found 0 languages that support TRAP caching
3b SAST (CodeQL)	Initialize CodeQL	2026-10-07T13:48:49.9346948Z ##[endgroup]
3b SAST (CodeQL)	Initialize CodeQL	2026-10-07T13:48:49.9348438Z While resolving threads, found a cgroup CPUs file with 4 CPUs in /sys/fs/cgroup/cpuset.cpus.effective.
3b SAST (CodeQL)	Initialize CodeQL	2026-10-07T13:48:51.0016506Z Writing augmented user configuration file to /home/runner/work/_temp/user-config.yaml
3b SAST (CodeQL)	Initialize CodeQL	2026-10-07T13:48:51.0018166Z ##[group]Augmented user configuration file contents
3b SAST (CodeQL)	Initialize CodeQL	2026-10-07T13:48:51.0040941Z paths:
3b SAST (CodeQL)	Initialize CodeQL	2026-10-07T13:48:51.0041379Z   - labs/17-devsecops/app
3b SAST (CodeQL)	Initialize CodeQL	2026-10-07T13:48:51.0041684Z 
3b SAST (CodeQL)	Initialize CodeQL	2026-10-07T13:48:51.0042142Z ##[endgroup]
3b SAST (CodeQL)	Initialize CodeQL	2026-10-07T13:48:51.0050096Z [command]/opt/hostedtoolcache/CodeQL/2.27.1/x64/codeql/codeql database init --force-overwrite --db-cluster /home/runner/work/_temp/codeql_databases --source-root=/home/runner/work/devops-coursework/devops-coursework --calculate-language-specific-baseline --sublanguage-file-coverage --extractor-include-aliases --language=python --codescanning-config=/home/runner/work/_temp/user-config.yaml
3b SAST (CodeQL)	Initialize CodeQL	2026-10-07T13:48:52.3278577Z Package install location: /home/runner/.codeql/packages
3b SAST (CodeQL)	Initialize CodeQL	2026-10-07T13:48:52.3279734Z Nothing downloaded.
3b SAST (CodeQL)	Initialize CodeQL	2026-10-07T13:48:53.1856565Z Calculating baseline information in /home/runner/work/devops-coursework/devops-coursework
3b SAST (CodeQL)	Initialize CodeQL	2026-10-07T13:48:53.2926199Z Calculated baseline information for languages: python (103ms).
3b SAST (CodeQL)	Initialize CodeQL	2026-10-07T13:48:53.5187329Z Resolving extractor python.
3b SAST (CodeQL)	Initialize CodeQL	2026-10-07T13:48:53.5258939Z Successfully loaded extractor Python (python) from /opt/hostedtoolcache/CodeQL/2.27.1/x64/codeql/python.
3b SAST (CodeQL)	Initialize CodeQL	2026-10-07T13:48:53.5606603Z Created skeleton CodeQL database at /home/runner/work/_temp/codeql_databases/python. This in-progress database is ready to be populated by an extractor.
3b SAST (CodeQL)	Analyze code	﻿2026-10-07T13:48:55.1335511Z ##[group]Run github/codeql-action/analyze@v3
3b SAST (CodeQL)	Analyze code	2026-10-07T13:48:55.1335835Z with:
3b SAST (CodeQL)	Analyze code	2026-10-07T13:48:55.1336043Z   category: session17-devsecops
3b SAST (CodeQL)	Analyze code	2026-10-07T13:48:55.1336293Z   output: ../results
3b SAST (CodeQL)	Analyze code	2026-10-07T13:48:55.1336503Z   upload: always
3b SAST (CodeQL)	Analyze code	2026-10-07T13:48:55.1336913Z   skip-queries: false
3b SAST (CodeQL)	Analyze code	2026-10-07T13:48:55.1337260Z   checkout_path: /home/runner/work/devops-coursework/devops-coursework
3b SAST (CodeQL)	Analyze code	2026-10-07T13:48:55.1337645Z   upload-database: true
3b SAST (CodeQL)	Analyze code	2026-10-07T13:48:55.1337881Z   wait-for-processing: true
3b SAST (CodeQL)	Analyze code	2026-10-07T13:48:55.1340394Z   token: ***
3b SAST (CodeQL)	Analyze code	2026-10-07T13:48:55.1340596Z   matrix: null
3b SAST (CodeQL)	Analyze code	2026-10-07T13:48:55.1340806Z   expect-error: false
3b SAST (CodeQL)	Analyze code	2026-10-07T13:48:55.1341020Z env:
3b SAST (CodeQL)	Analyze code	2026-10-07T13:48:55.1341207Z   APP_DIR: labs/17-devsecops
3b SAST (CodeQL)	Analyze code	2026-10-07T13:48:55.1341449Z   IMAGE_NAME: claim-check-api
3b SAST (CodeQL)	Analyze code	2026-10-07T13:48:55.1341688Z   TRIVY_VERSION: 0.75.0
3b SAST (CodeQL)	Analyze code	2026-10-07T13:48:55.1341906Z   GITLEAKS_VERSION: 8.30.1
3b SAST (CodeQL)	Analyze code	2026-10-07T13:48:55.1342128Z   PYTHON_VERSION: 3.13
3b SAST (CodeQL)	Analyze code	2026-10-07T13:48:55.1342419Z   CODEQL_ACTION_JOB_RUN_UUID: d8054c13-ce00-4692-b599-d9a8c015d108
3b SAST (CodeQL)	Analyze code	2026-10-07T13:48:55.1342836Z   CODEQL_ACTION_FEATURE_MULTI_LANGUAGE: false
3b SAST (CodeQL)	Analyze code	2026-10-07T13:48:55.1343130Z   CODEQL_ACTION_FEATURE_SANDWICH: false
3b SAST (CodeQL)	Analyze code	2026-10-07T13:48:55.1343413Z   CODEQL_ACTION_FEATURE_SARIF_COMBINE: true
3b SAST (CodeQL)	Analyze code	2026-10-07T13:48:55.1343701Z   CODEQL_ACTION_FEATURE_WILL_UPLOAD: true
3b SAST (CodeQL)	Analyze code	2026-10-07T13:48:55.1343973Z   CODEQL_ACTION_VERSION: 3.38.2
3b SAST (CodeQL)	Analyze code	2026-10-07T13:48:55.1344246Z   CODEQL_ACTION_DID_LOG_VERSION_DEPRECATION: true
3b SAST (CodeQL)	Analyze code	2026-10-07T13:48:55.1344559Z   CODEQL_ACTION_INIT_HAS_RUN: true
3b SAST (CodeQL)	Analyze code	2026-10-07T13:48:55.1345095Z   CODEQL_ACTION_ANALYSIS_KEY: .github/workflows/session17-devsecops.yml:codeql
3b SAST (CodeQL)	Analyze code	2026-10-07T13:48:55.1345536Z   CODEQL_WORKFLOW_STARTED_AT: 2026-10-07T13:48:45.268Z
3b SAST (CodeQL)	Analyze code	2026-10-07T13:48:55.1345851Z   CODEQL_ACTION_HAS_SET_UP_CODEQL: true
3b SAST (CodeQL)	Analyze code	2026-10-07T13:48:55.1346105Z   CODEQL_RAM: 14575
3b SAST (CodeQL)	Analyze code	2026-10-07T13:48:55.1346304Z   CODEQL_THREADS: 4
3b SAST (CodeQL)	Analyze code	2026-10-07T13:48:55.1346500Z ##[endgroup]
3b SAST (CodeQL)	Analyze code	2026-10-07T13:48:55.3955285Z Existing job run UUID is d8054c13-ce00-4692-b599-d9a8c015d108.
3b SAST (CodeQL)	Analyze code	2026-10-07T13:48:55.9713518Z While resolving threads, found a cgroup CPUs file with 4 CPUs in /sys/fs/cgroup/cpuset.cpus.effective.
3b SAST (CodeQL)	Analyze code	2026-10-07T13:48:55.9748765Z ##[group]Generating diff range extension pack
3b SAST (CodeQL)	Analyze code	2026-10-07T13:48:55.9751061Z No precomputed diff ranges found; skipping diff-informed analysis stage.
3b SAST (CodeQL)	Analyze code	2026-10-07T13:48:55.9752249Z ##[endgroup]
3b SAST (CodeQL)	Analyze code	2026-10-07T13:48:56.9267676Z ##[group]Extracting python
3b SAST (CodeQL)	Analyze code	2026-10-07T13:48:56.9270748Z [command]/opt/hostedtoolcache/CodeQL/2.27.1/x64/codeql/codeql database trace-command --index-traceless-dbs /home/runner/work/_temp/codeql_databases/python
3b SAST (CodeQL)	Analyze code	2026-10-07T13:48:57.7782175Z Running command in /home/runner/work/devops-coursework/devops-coursework: [/opt/hostedtoolcache/CodeQL/2.27.1/x64/codeql/python/tools/autobuild.sh]
3b SAST (CodeQL)	Analyze code	2026-10-07T13:48:57.8714459Z [2026-10-07 13:48:57] [build-stderr] /bin/sh: 1: python2: not found
3b SAST (CodeQL)	Analyze code	2026-10-07T13:48:57.9005667Z [2026-10-07 13:48:57] [build-stdout] No directories containing root identifiers were found. Returning working directory as root.
3b SAST (CodeQL)	Analyze code	2026-10-07T13:48:57.9015168Z [2026-10-07 13:48:57] [build-stdout] Will try to guess Python version, as it was not specified in `lgtm.yml`
3b SAST (CodeQL)	Analyze code	2026-10-07T13:48:57.9016235Z [2026-10-07 13:48:57] [build-stdout] Trying to guess Python version based on Trove classifiers in setup.py
3b SAST (CodeQL)	Analyze code	2026-10-07T13:48:57.9017509Z [2026-10-07 13:48:57] [build-stdout] Did not find setup.py (expected it to be at /home/runner/work/devops-coursework/devops-coursework/setup.py)
3b SAST (CodeQL)	Analyze code	2026-10-07T13:48:57.9018505Z [2026-10-07 13:48:57] [build-stdout] Trying to guess Python version based on travis file
3b SAST (CodeQL)	Analyze code	2026-10-07T13:48:57.9019868Z [2026-10-07 13:48:57] [build-stdout] Did not find any travis files (expected them at either ['/home/runner/work/devops-coursework/devops-coursework/.travis.yml', '/home/runner/work/devops-coursework/devops-coursework/travis.yml'])
3b SAST (CodeQL)	Analyze code	2026-10-07T13:48:57.9021219Z [2026-10-07 13:48:57] [build-stdout] Trying to guess Python version based on installed versions
3b SAST (CodeQL)	Analyze code	2026-10-07T13:48:57.9022115Z [2026-10-07 13:48:57] [build-stdout] Wanted to run Python 2, but it is not available. Using Python 3 instead
3b SAST (CodeQL)	Analyze code	2026-10-07T13:48:57.9023424Z [2026-10-07 13:48:57] [build-stdout] This script is running Python 3, but Python 2 is also available (as 'python3')
3b SAST (CodeQL)	Analyze code	2026-10-07T13:48:57.9024530Z [2026-10-07 13:48:57] [build-stdout] Could not guess Python version, will use default: Python 3
3b SAST (CodeQL)	Analyze code	2026-10-07T13:48:57.9026164Z [2026-10-07 13:48:57] [build-stdout] Calling python3 -S /opt/hostedtoolcache/CodeQL/2.27.1/x64/codeql/python/tools/python_tracer.py --verbosity 3 -z all -c /home/runner/work/_temp/codeql_databases/python/working/trap_cache -R labs/17-devsecops/app --filter include:labs/17-devsecops/app
3b SAST (CodeQL)	Analyze code	2026-10-07T13:48:58.2682819Z [2026-10-07 13:48:58] [build-stdout] INFO: The Python extractor has recently stopped extracting the standard library by default. If you encounter problems, please let us know by submitting an issue to https://github.com/github/codeql. It is possible to re-enable extraction of the standard library by setting the environment variable CODEQL_EXTRACTOR_PYTHON_EXTRACT_STDLIB.
3b SAST (CodeQL)	Analyze code	2026-10-07T13:48:58.2698054Z [2026-10-07 13:48:58] [build-stdout] [INFO] Extraction will use the Python 3 standard library.
3b SAST (CodeQL)	Analyze code	2026-10-07T13:48:58.2705350Z [2026-10-07 13:48:58] [build-stdout] [INFO] sys_path is: ['/opt/hostedtoolcache/CodeQL/2.27.1/x64/codeql/python/tools', '/usr/lib/python312.zip', '/usr/lib/python3.12', '/usr/lib/python3.12/lib-dynload']
3b SAST (CodeQL)	Analyze code	2026-10-07T13:48:58.2722273Z [2026-10-07 13:48:58] [build-stdout] [INFO] Python version 3.12.3
3b SAST (CodeQL)	Analyze code	2026-10-07T13:48:58.2723423Z [2026-10-07 13:48:58] [build-stdout] [INFO] Python extractor version 7.1.10
3b SAST (CodeQL)	Analyze code	2026-10-07T13:48:58.3578705Z [2026-10-07 13:48:58] [build-stdout] [INFO] [1] Extracted file /home/runner/work/devops-coursework/devops-coursework/labs/17-devsecops/app/__init__.py in 7ms
3b SAST (CodeQL)	Analyze code	2026-10-07T13:48:58.3634919Z [2026-10-07 13:48:58] [build-stdout] [INFO] [4] Extracted folder /home/runner/work/devops-coursework/devops-coursework/labs/17-devsecops/app in 2ms
3b SAST (CodeQL)	Analyze code	2026-10-07T13:48:58.4145866Z [2026-10-07 13:48:58] [build-stdout] [INFO] [3] Extracted file /home/runner/work/devops-coursework/devops-coursework/labs/17-devsecops/app/server.py in 70ms
3b SAST (CodeQL)	Analyze code	2026-10-07T13:48:58.4157825Z [2026-10-07 13:48:58] [build-stdout] [INFO] [1] Skipped built-in file /usr/lib/python3.12/os.py
3b SAST (CodeQL)	Analyze code	2026-10-07T13:48:58.4246727Z [2026-10-07 13:48:58] [build-stdout] [INFO] [2] Extracted file /home/runner/work/devops-coursework/devops-coursework/labs/17-devsecops/app/claims.py in 80ms
3b SAST (CodeQL)	Analyze code	2026-10-07T13:48:58.4247939Z [2026-10-07 13:48:58] [build-stdout] [INFO] [4] Skipped built-in file /usr/lib/python3.12/hashlib.py
3b SAST (CodeQL)	Analyze code	2026-10-07T13:48:58.4269835Z [2026-10-07 13:48:58] [build-stdout] [INFO] [2] Skipped built-in file /usr/lib/python3.12/secrets.py
3b SAST (CodeQL)	Analyze code	2026-10-07T13:48:58.4271309Z [2026-10-07 13:48:58] [build-stdout] [INFO] [1] Skipped built-in file /usr/lib/python3.12/decimal.py
3b SAST (CodeQL)	Analyze code	2026-10-07T13:48:58.4700354Z [2026-10-07 13:48:58] [build-stdout] [INFO] Processed 8 modules in 0.19s
3b SAST (CodeQL)	Analyze code	2026-10-07T13:48:58.5126239Z ##[endgroup]
3b SAST (CodeQL)	Analyze code	2026-10-07T13:48:58.5135199Z ##[group]Finalizing python
3b SAST (CodeQL)	Analyze code	2026-10-07T13:48:58.5137359Z [command]/opt/hostedtoolcache/CodeQL/2.27.1/x64/codeql/codeql database finalize --finalize-dataset --threads=4 --ram=14575 /home/runner/work/_temp/codeql_databases/python
3b SAST (CodeQL)	Analyze code	2026-10-07T13:48:59.3301207Z Running pre-finalize script /opt/hostedtoolcache/CodeQL/2.27.1/x64/codeql/python/tools/pre-finalize.sh in /home/runner/work/devops-coursework/devops-coursework.
3b SAST (CodeQL)	Analyze code	2026-10-07T13:48:59.4098860Z Running command in /home/runner/work/devops-coursework/devops-coursework: [/opt/hostedtoolcache/CodeQL/2.27.1/x64/codeql/python/tools/pre-finalize.sh]
3b SAST (CodeQL)	Analyze code	2026-10-07T13:49:00.2142175Z [2026-10-07 13:49:00] [build-stderr] Scanning for files in /home/runner/work/devops-coursework/devops-coursework...
3b SAST (CodeQL)	Analyze code	2026-10-07T13:49:00.3044084Z Pre-finalize script /opt/hostedtoolcache/CodeQL/2.27.1/x64/codeql/python/tools/pre-finalize.sh completed in 973 ms.
3b SAST (CodeQL)	Analyze code	2026-10-07T13:49:00.3071956Z Running TRAP import for CodeQL database at /home/runner/work/_temp/codeql_databases/python...
3b SAST (CodeQL)	Analyze code	2026-10-07T13:49:01.1296882Z Importing TRAP files
3b SAST (CodeQL)	Analyze code	2026-10-07T13:49:01.5537848Z Merging relations
3b SAST (CodeQL)	Analyze code	2026-10-07T13:49:01.7807984Z Finished writing database (relations: 67.91 KiB; string pool: 2.08 MiB).
3b SAST (CodeQL)	Analyze code	2026-10-07T13:49:01.8057871Z TRAP import complete (1.5s).
3b SAST (CodeQL)	Analyze code	2026-10-07T13:49:01.9980473Z Finished zipping source archive (2.92 KiB).
3b SAST (CodeQL)	Analyze code	2026-10-07T13:49:02.0091047Z ##[endgroup]
3b SAST (CodeQL)	Analyze code	2026-10-07T13:49:02.9838444Z ##[group]Running queries for python
3b SAST (CodeQL)	Analyze code	2026-10-07T13:49:02.9840028Z [command]/opt/hostedtoolcache/CodeQL/2.27.1/x64/codeql/codeql database run-queries --ram=14575 --threads=4 --expect-discarded-cache /home/runner/work/_temp/codeql_databases/python --min-disk-free=1024 -v
3b SAST (CodeQL)	Analyze code	2026-10-07T13:49:03.7513561Z Writing logs to /home/runner/work/_temp/codeql_databases/python/log/database-run-queries-20261007.134903.748.log.
3b SAST (CodeQL)	Analyze code	2026-10-07T13:49:04.3858569Z Writing logs to /home/runner/work/_temp/codeql_databases/python/log/execute-queries-20261007.134904.381.log.
3b SAST (CodeQL)	Analyze code	2026-10-07T13:49:04.7360560Z Recording pack reference codeql/python-queries at /opt/hostedtoolcache/CodeQL/2.27.1/x64/codeql/qlpacks/codeql/python-queries/1.8.11.
3b SAST (CodeQL)	Analyze code	2026-10-07T13:49:04.9377872Z Resolving data extensions.
3b SAST (CodeQL)	Analyze code	2026-10-07T13:49:06.0086251Z Finished resolving data extensions.
3b SAST (CodeQL)	Analyze code	2026-10-07T13:49:06.0658831Z Loading data extensions.
3b SAST (CodeQL)	Analyze code	2026-10-07T13:49:06.5097695Z Finished loading data extensions.
3b SAST (CodeQL)	Analyze code	2026-10-07T13:49:07.4307625Z [1/45] Loaded /opt/hostedtoolcache/CodeQL/2.27.1/x64/codeql/qlpacks/codeql/python-queries/1.8.11/Expressions/UseofInput.qlx.
3b SAST (CodeQL)	Analyze code	2026-10-07T13:49:07.4508120Z [2/45] Loaded /opt/hostedtoolcache/CodeQL/2.27.1/x64/codeql/qlpacks/codeql/python-queries/1.8.11/Security/CWE-326/WeakCryptoKey.qlx.
3b SAST (CodeQL)	Analyze code	2026-10-07T13:49:07.6418577Z [3/45] Loaded /opt/hostedtoolcache/CodeQL/2.27.1/x64/codeql/qlpacks/codeql/python-queries/1.8.11/Security/CWE-116/BadTagFilter.qlx.
3b SAST (CodeQL)	Analyze code	2026-10-07T13:49:07.7968342Z [4/45] Loaded /opt/hostedtoolcache/CodeQL/2.27.1/x64/codeql/qlpacks/codeql/python-queries/1.8.11/Security/CWE-079/ReflectedXss.qlx.
3b SAST (CodeQL)	Analyze code	2026-10-07T13:49:07.8088005Z [5/45] Loaded /opt/hostedtoolcache/CodeQL/2.27.1/x64/codeql/qlpacks/codeql/python-queries/1.8.11/Security/CWE-918/FullServerSideRequestForgery.qlx.
3b SAST (CodeQL)	Analyze code	2026-10-07T13:49:07.8469915Z [6/45] Loaded /opt/hostedtoolcache/CodeQL/2.27.1/x64/codeql/qlpacks/codeql/python-queries/1.8.11/Security/CWE-022/PathInjection.qlx.
3b SAST (CodeQL)	Analyze code	2026-10-07T13:49:08.0208013Z [7/45] Loaded /opt/hostedtoolcache/CodeQL/2.27.1/x64/codeql/qlpacks/codeql/python-queries/1.8.11/Security/CWE-643/XpathInjection.qlx.
3b SAST (CodeQL)	Analyze code	2026-10-07T13:49:08.0588699Z [8/45] Loaded /opt/hostedtoolcache/CodeQL/2.27.1/x64/codeql/qlpacks/codeql/python-queries/1.8.11/Security/CWE-094/CodeInjection.qlx.
3b SAST (CodeQL)	Analyze code	2026-10-07T13:49:08.0718306Z [9/45] Loaded /opt/hostedtoolcache/CodeQL/2.27.1/x64/codeql/qlpacks/codeql/python-queries/1.8.11/Security/CWE-377/InsecureTemporaryFile.qlx.
3b SAST (CodeQL)	Analyze code	2026-10-07T13:49:08.0778878Z [10/45] Loaded /opt/hostedtoolcache/CodeQL/2.27.1/x64/codeql/qlpacks/codeql/python-queries/1.8.11/Security/CWE-209/StackTraceExposure.qlx.
3b SAST (CodeQL)	Analyze code	2026-10-07T13:49:08.1331960Z [11/45] Loaded /opt/hostedtoolcache/CodeQL/2.27.1/x64/codeql/qlpacks/codeql/python-queries/1.8.11/Security/CWE-730/ReDoS.qlx.
3b SAST (CodeQL)	Analyze code	2026-10-07T13:49:08.1425849Z [12/45] Loaded /opt/hostedtoolcache/CodeQL/2.27.1/x64/codeql/qlpacks/codeql/python-queries/1.8.11/Security/CWE-943/NoSqlInjection.qlx.
3b SAST (CodeQL)	Analyze code	2026-10-07T13:49:08.1798301Z [13/45] Loaded /opt/hostedtoolcache/CodeQL/2.27.1/x64/codeql/qlpacks/codeql/python-queries/1.8.11/Security/CWE-295/MissingHostKeyValidation.qlx.
3b SAST (CodeQL)	Analyze code	2026-10-07T13:49:08.1928373Z [14/45] Loaded /opt/hostedtoolcache/CodeQL/2.27.1/x64/codeql/qlpacks/codeql/python-queries/1.8.11/Security/CWE-730/PolynomialReDoS.qlx.
3b SAST (CodeQL)	Analyze code	2026-10-07T13:49:08.2085859Z [15/45] Loaded /opt/hostedtoolcache/CodeQL/2.27.1/x64/codeql/qlpacks/codeql/python-queries/1.8.11/Security/CWE-730/RegexInjection.qlx.
3b SAST (CodeQL)	Analyze code	2026-10-07T13:49:08.2382794Z [16/45] Loaded /opt/hostedtoolcache/CodeQL/2.27.1/x64/codeql/qlpacks/codeql/python-queries/1.8.11/Security/CWE-352/CSRFProtectionDisabled.qlx.
3b SAST (CodeQL)	Analyze code	2026-10-07T13:49:08.2928736Z [17/45] Loaded /opt/hostedtoolcache/CodeQL/2.27.1/x64/codeql/qlpacks/codeql/python-queries/1.8.11/Security/CWE-1275/SameSiteNoneCookie.qlx.
3b SAST (CodeQL)	Analyze code	2026-10-07T13:49:08.3381687Z [18/45] Loaded /opt/hostedtoolcache/CodeQL/2.27.1/x64/codeql/qlpacks/codeql/python-queries/1.8.11/Security/CWE-601/UrlRedirect.qlx.
3b SAST (CodeQL)	Analyze code	2026-10-07T13:49:08.4288816Z [19/45] Loaded /opt/hostedtoolcache/CodeQL/2.27.1/x64/codeql/qlpacks/codeql/python-queries/1.8.11/Security/CWE-611/Xxe.qlx.
3b SAST (CodeQL)	Analyze code	2026-10-07T13:49:08.4407860Z [20/45] Loaded /opt/hostedtoolcache/CodeQL/2.27.1/x64/codeql/qlpacks/codeql/python-queries/1.8.11/Security/CWE-312/CleartextStorage.qlx.
3b SAST (CodeQL)	Analyze code	2026-10-07T13:49:08.4778408Z [21/45] Loaded /opt/hostedtoolcache/CodeQL/2.27.1/x64/codeql/qlpacks/codeql/python-queries/1.8.11/Security/CWE-1004/NonHttpOnlyCookie.qlx.
3b SAST (CodeQL)	Analyze code	2026-10-07T13:49:08.4838194Z [22/45] Loaded /opt/hostedtoolcache/CodeQL/2.27.1/x64/codeql/qlpacks/codeql/python-queries/1.8.11/Security/CWE-312/CleartextLogging.qlx.
3b SAST (CodeQL)	Analyze code	2026-10-07T13:49:08.5458284Z [23/45] Loaded /opt/hostedtoolcache/CodeQL/2.27.1/x64/codeql/qlpacks/codeql/python-queries/1.8.11/Security/CWE-502/UnsafeDeserialization.qlx.
3b SAST (CodeQL)	Analyze code	2026-10-07T13:49:08.5517905Z [24/45] Loaded /opt/hostedtoolcache/CodeQL/2.27.1/x64/codeql/qlpacks/codeql/python-queries/1.8.11/Security/CWE-776/XmlBomb.qlx.
3b SAST (CodeQL)	Analyze code	2026-10-07T13:49:08.5945922Z [25/45] Loaded /opt/hostedtoolcache/CodeQL/2.27.1/x64/codeql/qlpacks/codeql/python-queries/1.8.11/Security/CVE-2018-1281/BindToAllInterfaces.qlx.
3b SAST (CodeQL)	Analyze code	2026-10-07T13:49:08.6408626Z [26/45] Loaded /opt/hostedtoolcache/CodeQL/2.27.1/x64/codeql/qlpacks/codeql/python-queries/1.8.11/Security/CWE-215/FlaskDebug.qlx.
3b SAST (CodeQL)	Analyze code	2026-10-07T13:49:08.6588735Z [27/45] Loaded /opt/hostedtoolcache/CodeQL/2.27.1/x64/codeql/qlpacks/codeql/python-queries/1.8.11/Security/CWE-089/SqlInjection.qlx.
3b SAST (CodeQL)	Analyze code	2026-10-07T13:49:08.6941493Z [28/45] Loaded /opt/hostedtoolcache/CodeQL/2.27.1/x64/codeql/qlpacks/codeql/python-queries/1.8.11/Security/CWE-078/CommandInjection.qlx.
3b SAST (CodeQL)	Analyze code	2026-10-07T13:49:08.7087381Z [29/45] Loaded /opt/hostedtoolcache/CodeQL/2.27.1/x64/codeql/qlpacks/codeql/python-queries/1.8.11/Security/CWE-074/TemplateInjection.qlx.
3b SAST (CodeQL)	Analyze code	2026-10-07T13:49:08.7516364Z [30/45] Loaded /opt/hostedtoolcache/CodeQL/2.27.1/x64/codeql/qlpacks/codeql/python-queries/1.8.11/Security/CWE-327/BrokenCryptoAlgorithm.qlx.
3b SAST (CodeQL)	Analyze code	2026-10-07T13:49:08.7728388Z [31/45] Loaded /opt/hostedtoolcache/CodeQL/2.27.1/x64/codeql/qlpacks/codeql/python-queries/1.8.11/Security/CWE-327/InsecureDefaultProtocol.qlx.
3b SAST (CodeQL)	Analyze code	2026-10-07T13:49:08.8689652Z [32/45] Loaded /opt/hostedtoolcache/CodeQL/2.27.1/x64/codeql/qlpacks/codeql/python-queries/1.8.11/Security/CWE-614/InsecureCookie.qlx.
3b SAST (CodeQL)	Analyze code	2026-10-07T13:49:08.8848015Z [33/45] Loaded /opt/hostedtoolcache/CodeQL/2.27.1/x64/codeql/qlpacks/codeql/python-queries/1.8.11/Security/CWE-327/InsecureProtocol.qlx.
3b SAST (CodeQL)	Analyze code	2026-10-07T13:49:08.9019897Z [34/45] Loaded /opt/hostedtoolcache/CodeQL/2.27.1/x64/codeql/qlpacks/codeql/python-queries/1.8.11/Security/CWE-020/IncompleteUrlSubstringSanitization.qlx.
3b SAST (CodeQL)	Analyze code	2026-10-07T13:49:08.9072237Z [35/45] Loaded /opt/hostedtoolcache/CodeQL/2.27.1/x64/codeql/qlpacks/codeql/python-queries/1.8.11/Security/CWE-327/WeakSensitiveDataHashing.qlx.
3b SAST (CodeQL)	Analyze code	2026-10-07T13:49:08.9310669Z [36/45] Loaded /opt/hostedtoolcache/CodeQL/2.27.1/x64/codeql/qlpacks/codeql/python-queries/1.8.11/Security/CWE-090/LdapInjection.qlx.
3b SAST (CodeQL)	Analyze code	2026-10-07T13:49:08.9648415Z [37/45] Loaded /opt/hostedtoolcache/CodeQL/2.27.1/x64/codeql/qlpacks/codeql/python-queries/1.8.11/Security/CWE-285/PamAuthorization.qlx.
3b SAST (CodeQL)	Analyze code	2026-10-07T13:49:08.9725486Z [38/45] Loaded /opt/hostedtoolcache/CodeQL/2.27.1/x64/codeql/qlpacks/codeql/python-queries/1.8.11/Security/CWE-020/IncompleteHostnameRegExp.qlx.
3b SAST (CodeQL)	Analyze code	2026-10-07T13:49:08.9787947Z [39/45] Loaded /opt/hostedtoolcache/CodeQL/2.27.1/x64/codeql/qlpacks/codeql/python-queries/1.8.11/Security/CWE-020/OverlyLargeRange.qlx.
3b SAST (CodeQL)	Analyze code	2026-10-07T13:49:08.9797979Z [40/45] Loaded /opt/hostedtoolcache/CodeQL/2.27.1/x64/codeql/qlpacks/codeql/python-queries/1.8.11/Diagnostics/ExtractionWarnings.qlx.
3b SAST (CodeQL)	Analyze code	2026-10-07T13:49:08.9827956Z [41/45] Loaded /opt/hostedtoolcache/CodeQL/2.27.1/x64/codeql/qlpacks/codeql/python-queries/1.8.11/Diagnostics/ExtractedFiles.qlx.
3b SAST (CodeQL)	Analyze code	2026-10-07T13:49:08.9887911Z [42/45] Loaded /opt/hostedtoolcache/CodeQL/2.27.1/x64/codeql/qlpacks/codeql/python-queries/1.8.11/Summary/LinesOfCode.qlx.
3b SAST (CodeQL)	Analyze code	2026-10-07T13:49:08.9901405Z [43/45] Loaded /opt/hostedtoolcache/CodeQL/2.27.1/x64/codeql/qlpacks/codeql/python-queries/1.8.11/Summary/LinesOfUserCode.qlx.
3b SAST (CodeQL)	Analyze code	2026-10-07T13:49:09.0438350Z [44/45] Loaded /opt/hostedtoolcache/CodeQL/2.27.1/x64/codeql/qlpacks/codeql/python-queries/1.8.11/Security/CWE-020/CookieInjection.qlx.
3b SAST (CodeQL)	Analyze code	2026-10-07T13:49:09.0459550Z [45/45] Loaded /opt/hostedtoolcache/CodeQL/2.27.1/x64/codeql/qlpacks/codeql/python-queries/1.8.11/Security/CWE-113/HeaderInjection.qlx.
3b SAST (CodeQL)	Analyze code	2026-10-07T13:49:09.4681546Z Starting evaluation of codeql/python-queries/Diagnostics/ExtractionWarnings.ql.
3b SAST (CodeQL)	Analyze code	2026-10-07T13:49:09.4749769Z Starting evaluation of codeql/python-queries/Security/CVE-2018-1281/BindToAllInterfaces.ql.
3b SAST (CodeQL)	Analyze code	2026-10-07T13:49:09.4777083Z Starting evaluation of codeql/python-queries/Diagnostics/ExtractedFiles.ql.
3b SAST (CodeQL)	Analyze code	2026-10-07T13:49:09.4791162Z Starting evaluation of codeql/python-queries/Expressions/UseofInput.ql.
3b SAST (CodeQL)	Analyze code	2026-10-07T13:49:09.4817620Z Starting evaluation of codeql/python-queries/Security/CWE-020/CookieInjection.ql.
3b SAST (CodeQL)	Analyze code	2026-10-07T13:49:09.4837923Z Starting evaluation of codeql/python-queries/Security/CWE-020/IncompleteHostnameRegExp.ql.
3b SAST (CodeQL)	Analyze code	2026-10-07T13:49:09.4839480Z Starting evaluation of codeql/python-queries/Security/CWE-020/IncompleteUrlSubstringSanitization.ql.
3b SAST (CodeQL)	Analyze code	2026-10-07T13:49:09.4867575Z Starting evaluation of codeql/python-queries/Security/CWE-020/OverlyLargeRange.ql.
3b SAST (CodeQL)	Analyze code	2026-10-07T13:49:09.6194821Z [1/45 eval 147ms] Evaluation done; writing results to codeql/python-queries/Diagnostics/ExtractionWarnings.bqrs.
3b SAST (CodeQL)	Analyze code	2026-10-07T13:49:09.7478186Z [2/45 eval 276ms] Evaluation done; writing results to codeql/python-queries/Diagnostics/ExtractedFiles.bqrs.
3b SAST (CodeQL)	Analyze code	2026-10-07T13:49:09.7689313Z [3/45 eval 282ms] Evaluation done; writing results to codeql/python-queries/Security/CWE-020/IncompleteUrlSubstringSanitization.bqrs.
3b SAST (CodeQL)	Analyze code	2026-10-07T13:49:10.4681217Z Starting evaluation of codeql/python-queries/Security/CWE-022/PathInjection.ql.
3b SAST (CodeQL)	Analyze code	2026-10-07T13:49:10.4707901Z Starting evaluation of codeql/python-queries/Security/CWE-074/TemplateInjection.ql.
3b SAST (CodeQL)	Analyze code	2026-10-07T13:49:10.6065401Z Starting evaluation of codeql/python-queries/Security/CWE-078/CommandInjection.ql.
3b SAST (CodeQL)	Analyze code	2026-10-07T13:49:10.6577971Z Starting evaluation of codeql/python-queries/Security/CWE-079/ReflectedXss.ql.
3b SAST (CodeQL)	Analyze code	2026-10-07T13:49:10.6855715Z Starting evaluation of codeql/python-queries/Security/CWE-089/SqlInjection.ql.
3b SAST (CodeQL)	Analyze code	2026-10-07T13:49:10.7099458Z Starting evaluation of codeql/python-queries/Security/CWE-090/LdapInjection.ql.
3b SAST (CodeQL)	Analyze code	2026-10-07T13:49:10.7268103Z Starting evaluation of codeql/python-queries/Security/CWE-094/CodeInjection.ql.
3b SAST (CodeQL)	Analyze code	2026-10-07T13:49:10.7508010Z Starting evaluation of codeql/python-queries/Security/CWE-1004/NonHttpOnlyCookie.ql.
3b SAST (CodeQL)	Analyze code	2026-10-07T13:49:10.7920677Z Starting evaluation of codeql/python-queries/Security/CWE-113/HeaderInjection.ql.
3b SAST (CodeQL)	Analyze code	2026-10-07T13:49:10.8128479Z Starting evaluation of codeql/python-queries/Security/CWE-116/BadTagFilter.ql.
3b SAST (CodeQL)	Analyze code	2026-10-07T13:49:10.8168497Z Starting evaluation of codeql/python-queries/Security/CWE-1275/SameSiteNoneCookie.ql.
3b SAST (CodeQL)	Analyze code	2026-10-07T13:49:10.8197605Z Starting evaluation of codeql/python-queries/Security/CWE-209/StackTraceExposure.ql.
3b SAST (CodeQL)	Analyze code	2026-10-07T13:49:10.8334346Z Starting evaluation of codeql/python-queries/Security/CWE-215/FlaskDebug.ql.
3b SAST (CodeQL)	Analyze code	2026-10-07T13:49:10.8363865Z Starting evaluation of codeql/python-queries/Security/CWE-285/PamAuthorization.ql.
3b SAST (CodeQL)	Analyze code	2026-10-07T13:49:10.8542870Z Starting evaluation of codeql/python-queries/Security/CWE-295/MissingHostKeyValidation.ql.
3b SAST (CodeQL)	Analyze code	2026-10-07T13:49:10.8544621Z Starting evaluation of codeql/python-queries/Security/CWE-312/CleartextLogging.ql.
3b SAST (CodeQL)	Analyze code	2026-10-07T13:49:10.8554832Z Starting evaluation of codeql/python-queries/Security/CWE-312/CleartextStorage.ql.
3b SAST (CodeQL)	Analyze code	2026-10-07T13:49:11.1122549Z Starting evaluation of codeql/python-queries/Security/CWE-327/BrokenCryptoAlgorithm.ql.
3b SAST (CodeQL)	Analyze code	2026-10-07T13:49:11.1178518Z Starting evaluation of codeql/python-queries/Security/CWE-326/WeakCryptoKey.ql.
3b SAST (CodeQL)	Analyze code	2026-10-07T13:49:11.1187779Z Starting evaluation of codeql/python-queries/Security/CWE-327/InsecureDefaultProtocol.ql.
3b SAST (CodeQL)	Analyze code	2026-10-07T13:49:11.1245045Z Starting evaluation of codeql/python-queries/Security/CWE-327/InsecureProtocol.ql.
3b SAST (CodeQL)	Analyze code	2026-10-07T13:49:11.1297718Z Starting evaluation of codeql/python-queries/Security/CWE-327/WeakSensitiveDataHashing.ql.
3b SAST (CodeQL)	Analyze code	2026-10-07T13:49:11.1335383Z Starting evaluation of codeql/python-queries/Security/CWE-352/CSRFProtectionDisabled.ql.
3b SAST (CodeQL)	Analyze code	2026-10-07T13:49:11.1337811Z [4/45 eval 6ms] Evaluation done; writing results to codeql/python-queries/Security/CWE-352/CSRFProtectionDisabled.bqrs.
3b SAST (CodeQL)	Analyze code	2026-10-07T13:49:11.1527951Z Starting evaluation of codeql/python-queries/Security/CWE-377/InsecureTemporaryFile.ql.
3b SAST (CodeQL)	Analyze code	2026-10-07T13:49:11.1557769Z Starting evaluation of codeql/python-queries/Security/CWE-502/UnsafeDeserialization.ql.
3b SAST (CodeQL)	Analyze code	2026-10-07T13:49:11.1559256Z Starting evaluation of codeql/python-queries/Security/CWE-601/UrlRedirect.ql.
3b SAST (CodeQL)	Analyze code	2026-10-07T13:49:11.1587540Z Starting evaluation of codeql/python-queries/Security/CWE-611/Xxe.ql.
3b SAST (CodeQL)	Analyze code	2026-10-07T13:49:11.3117102Z Starting evaluation of codeql/python-queries/Security/CWE-614/InsecureCookie.ql.
3b SAST (CodeQL)	Analyze code	2026-10-07T13:49:11.3182757Z Starting evaluation of codeql/python-queries/Security/CWE-643/XpathInjection.ql.
3b SAST (CodeQL)	Analyze code	2026-10-07T13:49:11.3267746Z Starting evaluation of codeql/python-queries/Security/CWE-730/PolynomialReDoS.ql.
3b SAST (CodeQL)	Analyze code	2026-10-07T13:49:11.3829855Z Starting evaluation of codeql/python-queries/Security/CWE-730/ReDoS.ql.
3b SAST (CodeQL)	Analyze code	2026-10-07T13:49:11.3883497Z Starting evaluation of codeql/python-queries/Security/CWE-730/RegexInjection.ql.
3b SAST (CodeQL)	Analyze code	2026-10-07T13:49:11.4217886Z Starting evaluation of codeql/python-queries/Security/CWE-776/XmlBomb.ql.
3b SAST (CodeQL)	Analyze code	2026-10-07T13:49:11.5158387Z [5/45 eval 400ms] Evaluation done; writing results to codeql/python-queries/Security/CWE-327/InsecureDefaultProtocol.bqrs.
3b SAST (CodeQL)	Analyze code	2026-10-07T13:49:11.5197792Z [6/45 eval 2s] Evaluation done; writing results to codeql/python-queries/Expressions/UseofInput.bqrs.
3b SAST (CodeQL)	Analyze code	2026-10-07T13:49:11.5287821Z [7/45 eval 667ms] Evaluation done; writing results to codeql/python-queries/Security/CWE-295/MissingHostKeyValidation.bqrs.
3b SAST (CodeQL)	Analyze code	2026-10-07T13:49:11.6898276Z [8/45 eval 577ms] Evaluation done; writing results to codeql/python-queries/Security/CWE-326/WeakCryptoKey.bqrs.
3b SAST (CodeQL)	Analyze code	2026-10-07T13:49:11.7182319Z Starting evaluation of codeql/python-queries/Security/CWE-918/FullServerSideRequestForgery.ql.
3b SAST (CodeQL)	Analyze code	2026-10-07T13:49:11.7311189Z Starting evaluation of codeql/python-queries/Security/CWE-943/NoSqlInjection.ql.
3b SAST (CodeQL)	Analyze code	2026-10-07T13:49:11.7488723Z Starting evaluation of codeql/python-queries/Summary/LinesOfCode.ql.
3b SAST (CodeQL)	Analyze code	2026-10-07T13:49:11.7527533Z Starting evaluation of codeql/python-queries/Summary/LinesOfUserCode.ql.
3b SAST (CodeQL)	Analyze code	2026-10-07T13:49:11.7567924Z [9/45 eval 4ms] Evaluation done; writing results to codeql/python-queries/Summary/LinesOfCode.bqrs.
3b SAST (CodeQL)	Analyze code	2026-10-07T13:49:11.7718255Z [10/45 eval 18ms] Evaluation done; writing results to codeql/python-queries/Summary/LinesOfUserCode.bqrs.
3b SAST (CodeQL)	Analyze code	2026-10-07T13:49:12.1411045Z [11/45 eval 1.3s] Evaluation done; writing results to codeql/python-queries/Security/CWE-285/PamAuthorization.bqrs.
3b SAST (CodeQL)	Analyze code	2026-10-07T13:49:12.2140632Z [12/45 eval 482ms] Evaluation done; writing results to codeql/python-queries/Security/CWE-943/NoSqlInjection.bqrs.
3b SAST (CodeQL)	Analyze code	2026-10-07T13:49:12.2544954Z [13/45 eval 2.8s] Evaluation done; writing results to codeql/python-queries/Security/CVE-2018-1281/BindToAllInterfaces.bqrs.
3b SAST (CodeQL)	Analyze code	2026-10-07T13:49:12.3208201Z [14/45 eval 1.5s] Evaluation done; writing results to codeql/python-queries/Security/CWE-116/BadTagFilter.bqrs.
3b SAST (CodeQL)	Analyze code	2026-10-07T13:49:12.3228438Z [15/45 eval 2.8s] Evaluation done; writing results to codeql/python-queries/Security/CWE-020/IncompleteHostnameRegExp.bqrs.
3b SAST (CodeQL)	Analyze code	2026-10-07T13:49:12.3267763Z [16/45 eval 2.8s] Evaluation done; writing results to codeql/python-queries/Security/CWE-020/OverlyLargeRange.bqrs.
3b SAST (CodeQL)	Analyze code	2026-10-07T13:49:12.3269233Z [17/45 eval 941ms] Evaluation done; writing results to codeql/python-queries/Security/CWE-730/ReDoS.bqrs.
3b SAST (CodeQL)	Analyze code	2026-10-07T13:49:12.3297790Z [18/45 eval 1s] Evaluation done; writing results to codeql/python-queries/Security/CWE-730/PolynomialReDoS.bqrs.
3b SAST (CodeQL)	Analyze code	2026-10-07T13:49:12.3478090Z [19/45 eval 1.9s] Evaluation done; writing results to codeql/python-queries/Security/CWE-074/TemplateInjection.bqrs.
3b SAST (CodeQL)	Analyze code	2026-10-07T13:49:12.3919364Z [20/45 eval 1.7s] Evaluation done; writing results to codeql/python-queries/Security/CWE-094/CodeInjection.bqrs.
3b SAST (CodeQL)	Analyze code	2026-10-07T13:49:12.4120910Z [21/45 eval 1.1s] Evaluation done; writing results to codeql/python-queries/Security/CWE-643/XpathInjection.bqrs.
3b SAST (CodeQL)	Analyze code	2026-10-07T13:49:12.4385409Z [22/45 eval 1.3s] Evaluation done; writing results to codeql/python-queries/Security/CWE-611/Xxe.bqrs.
3b SAST (CodeQL)	Analyze code	2026-10-07T13:49:12.4417805Z [23/45 eval 1s] Evaluation done; writing results to codeql/python-queries/Security/CWE-776/XmlBomb.bqrs.
3b SAST (CodeQL)	Analyze code	2026-10-07T13:49:12.4567736Z [24/45 eval 1.3s] Evaluation done; writing results to codeql/python-queries/Security/CWE-601/UrlRedirect.bqrs.
3b SAST (CodeQL)	Analyze code	2026-10-07T13:49:12.5093665Z [25/45 eval 1.7s] Evaluation done; writing results to codeql/python-queries/Security/CWE-113/HeaderInjection.bqrs.
3b SAST (CodeQL)	Analyze code	2026-10-07T13:49:12.5368227Z [26/45 eval 3.1s] Evaluation done; writing results to codeql/python-queries/Security/CWE-020/CookieInjection.bqrs.
3b SAST (CodeQL)	Analyze code	2026-10-07T13:49:12.5397678Z [27/45 eval 2.1s] Evaluation done; writing results to codeql/python-queries/Security/CWE-022/PathInjection.bqrs.
3b SAST (CodeQL)	Analyze code	2026-10-07T13:49:12.5568108Z [28/45 eval 1.9s] Evaluation done; writing results to codeql/python-queries/Security/CWE-078/CommandInjection.bqrs.
3b SAST (CodeQL)	Analyze code	2026-10-07T13:49:12.5831205Z [29/45 eval 1.9s] Evaluation done; writing results to codeql/python-queries/Security/CWE-089/SqlInjection.bqrs.
3b SAST (CodeQL)	Analyze code	2026-10-07T13:49:12.5857618Z [30/45 eval 1.9s] Evaluation done; writing results to codeql/python-queries/Security/CWE-079/ReflectedXss.bqrs.
3b SAST (CodeQL)	Analyze code	2026-10-07T13:49:12.6153569Z [31/45 eval 1.9s] Evaluation done; writing results to codeql/python-queries/Security/CWE-1004/NonHttpOnlyCookie.bqrs.
3b SAST (CodeQL)	Analyze code	2026-10-07T13:49:12.6175592Z [32/45 eval 1.3s] Evaluation done; writing results to codeql/python-queries/Security/CWE-614/InsecureCookie.bqrs.
3b SAST (CodeQL)	Analyze code	2026-10-07T13:49:12.6281728Z [33/45 eval 1.8s] Evaluation done; writing results to codeql/python-queries/Security/CWE-1275/SameSiteNoneCookie.bqrs.
3b SAST (CodeQL)	Analyze code	2026-10-07T13:49:12.6462714Z [34/45 eval 1.8s] Evaluation done; writing results to codeql/python-queries/Security/CWE-215/FlaskDebug.bqrs.
3b SAST (CodeQL)	Analyze code	2026-10-07T13:49:12.8372964Z [35/45 eval 2s] Evaluation done; writing results to codeql/python-queries/Security/CWE-312/CleartextLogging.bqrs.
3b SAST (CodeQL)	Analyze code	2026-10-07T13:49:12.8598413Z [36/45 eval 2s] Evaluation done; writing results to codeql/python-queries/Security/CWE-209/StackTraceExposure.bqrs.
3b SAST (CodeQL)	Analyze code	2026-10-07T13:49:12.8739628Z [37/45 eval 2.2s] Evaluation done; writing results to codeql/python-queries/Security/CWE-090/LdapInjection.bqrs.
3b SAST (CodeQL)	Analyze code	2026-10-07T13:49:12.8822390Z [38/45 eval 2s] Evaluation done; writing results to codeql/python-queries/Security/CWE-312/CleartextStorage.bqrs.
3b SAST (CodeQL)	Analyze code	2026-10-07T13:49:12.9383893Z [39/45 eval 1.8s] Evaluation done; writing results to codeql/python-queries/Security/CWE-327/BrokenCryptoAlgorithm.bqrs.
3b SAST (CodeQL)	Analyze code	2026-10-07T13:49:12.9398305Z [40/45 eval 1.8s] Evaluation done; writing results to codeql/python-queries/Security/CWE-327/InsecureProtocol.bqrs.
3b SAST (CodeQL)	Analyze code	2026-10-07T13:49:12.9468041Z [41/45 eval 1.8s] Evaluation done; writing results to codeql/python-queries/Security/CWE-377/InsecureTemporaryFile.bqrs.
3b SAST (CodeQL)	Analyze code	2026-10-07T13:49:12.9743321Z [42/45 eval 1.8s] Evaluation done; writing results to codeql/python-queries/Security/CWE-502/UnsafeDeserialization.bqrs.
3b SAST (CodeQL)	Analyze code	2026-10-07T13:49:12.9918366Z [43/45 eval 1.6s] Evaluation done; writing results to codeql/python-queries/Security/CWE-730/RegexInjection.bqrs.
3b SAST (CodeQL)	Analyze code	2026-10-07T13:49:13.0158294Z [44/45 eval 1.9s] Evaluation done; writing results to codeql/python-queries/Security/CWE-327/WeakSensitiveDataHashing.bqrs.
3b SAST (CodeQL)	Analyze code	2026-10-07T13:49:13.1064578Z [45/45 eval 1.4s] Evaluation done; writing results to codeql/python-queries/Security/CWE-918/FullServerSideRequestForgery.bqrs.
3b SAST (CodeQL)	Analyze code	2026-10-07T13:49:13.1078680Z Shutting down query evaluator.
3b SAST (CodeQL)	Analyze code	2026-10-07T13:49:13.1820443Z Interpreting code scanning results for python
3b SAST (CodeQL)	Analyze code	2026-10-07T13:49:13.9412021Z Writing logs to /home/runner/work/_temp/codeql_databases/python/log/database-interpret-results-20261007.134913.938.log.
3b SAST (CodeQL)	Analyze code	2026-10-07T13:49:14.0819382Z Recording pack reference codeql/python-queries at /opt/hostedtoolcache/CodeQL/2.27.1/x64/codeql/qlpacks/codeql/python-queries/1.8.11.
3b SAST (CodeQL)	Analyze code	2026-10-07T13:49:14.1109937Z Resolving extensions
3b SAST (CodeQL)	Analyze code	2026-10-07T13:49:15.4064928Z Interpreting /opt/hostedtoolcache/CodeQL/2.27.1/x64/codeql/qlpacks/codeql/python-queries/1.8.11/Expressions/UseofInput.ql...
3b SAST (CodeQL)	Analyze code	2026-10-07T13:49:15.4350205Z  ... found results file at /home/runner/work/_temp/codeql_databases/python/results/codeql/python-queries/Expressions/UseofInput.bqrs.
3b SAST (CodeQL)	Analyze code	2026-10-07T13:49:15.4548435Z Interpreting /opt/hostedtoolcache/CodeQL/2.27.1/x64/codeql/qlpacks/codeql/python-queries/1.8.11/Security/CWE-918/FullServerSideRequestForgery.ql...
3b SAST (CodeQL)	Analyze code	2026-10-07T13:49:15.4661900Z  ... found results file at /home/runner/work/_temp/codeql_databases/python/results/codeql/python-queries/Security/CWE-918/FullServerSideRequestForgery.bqrs.
3b SAST (CodeQL)	Analyze code	2026-10-07T13:49:15.4708516Z Interpreting /opt/hostedtoolcache/CodeQL/2.27.1/x64/codeql/qlpacks/codeql/python-queries/1.8.11/Security/CWE-079/ReflectedXss.ql...
3b SAST (CodeQL)	Analyze code	2026-10-07T13:49:15.4836316Z  ... found results file at /home/runner/work/_temp/codeql_databases/python/results/codeql/python-queries/Security/CWE-079/ReflectedXss.bqrs.
3b SAST (CodeQL)	Analyze code	2026-10-07T13:49:15.4877403Z Interpreting /opt/hostedtoolcache/CodeQL/2.27.1/x64/codeql/qlpacks/codeql/python-queries/1.8.11/Security/CWE-326/WeakCryptoKey.ql...
3b SAST (CodeQL)	Analyze code	2026-10-07T13:49:15.4937931Z  ... found results file at /home/runner/work/_temp/codeql_databases/python/results/codeql/python-queries/Security/CWE-326/WeakCryptoKey.bqrs.
3b SAST (CodeQL)	Analyze code	2026-10-07T13:49:15.4951033Z Interpreting /opt/hostedtoolcache/CodeQL/2.27.1/x64/codeql/qlpacks/codeql/python-queries/1.8.11/Security/CWE-022/PathInjection.ql...
3b SAST (CodeQL)	Analyze code	2026-10-07T13:49:15.5041723Z  ... found results file at /home/runner/work/_temp/codeql_databases/python/results/codeql/python-queries/Security/CWE-022/PathInjection.bqrs.
3b SAST (CodeQL)	Analyze code	2026-10-07T13:49:15.5048327Z Interpreting /opt/hostedtoolcache/CodeQL/2.27.1/x64/codeql/qlpacks/codeql/python-queries/1.8.11/Security/CWE-116/BadTagFilter.ql...
3b SAST (CodeQL)	Analyze code	2026-10-07T13:49:15.5134792Z  ... found results file at /home/runner/work/_temp/codeql_databases/python/results/codeql/python-queries/Security/CWE-116/BadTagFilter.bqrs.
3b SAST (CodeQL)	Analyze code	2026-10-07T13:49:15.5142385Z Interpreting /opt/hostedtoolcache/CodeQL/2.27.1/x64/codeql/qlpacks/codeql/python-queries/1.8.11/Security/CWE-943/NoSqlInjection.ql...
3b SAST (CodeQL)	Analyze code	2026-10-07T13:49:15.5245370Z  ... found results file at /home/runner/work/_temp/codeql_databases/python/results/codeql/python-queries/Security/CWE-943/NoSqlInjection.bqrs.
3b SAST (CodeQL)	Analyze code	2026-10-07T13:49:15.5278033Z Interpreting /opt/hostedtoolcache/CodeQL/2.27.1/x64/codeql/qlpacks/codeql/python-queries/1.8.11/Security/CWE-209/StackTraceExposure.ql...
3b SAST (CodeQL)	Analyze code	2026-10-07T13:49:15.5338039Z  ... found results file at /home/runner/work/_temp/codeql_databases/python/results/codeql/python-queries/Security/CWE-209/StackTraceExposure.bqrs.
3b SAST (CodeQL)	Analyze code	2026-10-07T13:49:15.5397946Z Interpreting /opt/hostedtoolcache/CodeQL/2.27.1/x64/codeql/qlpacks/codeql/python-queries/1.8.11/Security/CWE-643/XpathInjection.ql...
3b SAST (CodeQL)	Analyze code	2026-10-07T13:49:15.5423362Z  ... found results file at /home/runner/work/_temp/codeql_databases/python/results/codeql/python-queries/Security/CWE-643/XpathInjection.bqrs.
3b SAST (CodeQL)	Analyze code	2026-10-07T13:49:15.5430004Z Interpreting /opt/hostedtoolcache/CodeQL/2.27.1/x64/codeql/qlpacks/codeql/python-queries/1.8.11/Security/CWE-094/CodeInjection.ql...
3b SAST (CodeQL)	Analyze code	2026-10-07T13:49:15.5526143Z  ... found results file at /home/runner/work/_temp/codeql_databases/python/results/codeql/python-queries/Security/CWE-094/CodeInjection.bqrs.
3b SAST (CodeQL)	Analyze code	2026-10-07T13:49:15.5548524Z Interpreting /opt/hostedtoolcache/CodeQL/2.27.1/x64/codeql/qlpacks/codeql/python-queries/1.8.11/Security/CWE-377/InsecureTemporaryFile.ql...
3b SAST (CodeQL)	Analyze code	2026-10-07T13:49:15.5614365Z  ... found results file at /home/runner/work/_temp/codeql_databases/python/results/codeql/python-queries/Security/CWE-377/InsecureTemporaryFile.bqrs.
3b SAST (CodeQL)	Analyze code	2026-10-07T13:49:15.5617568Z Interpreting /opt/hostedtoolcache/CodeQL/2.27.1/x64/codeql/qlpacks/codeql/python-queries/1.8.11/Security/CWE-730/PolynomialReDoS.ql...
3b SAST (CodeQL)	Analyze code	2026-10-07T13:49:15.5717893Z  ... found results file at /home/runner/work/_temp/codeql_databases/python/results/codeql/python-queries/Security/CWE-730/PolynomialReDoS.bqrs.
3b SAST (CodeQL)	Analyze code	2026-10-07T13:49:15.5737819Z Interpreting /opt/hostedtoolcache/CodeQL/2.27.1/x64/codeql/qlpacks/codeql/python-queries/1.8.11/Security/CWE-730/ReDoS.ql...
3b SAST (CodeQL)	Analyze code	2026-10-07T13:49:15.5783088Z  ... found results file at /home/runner/work/_temp/codeql_databases/python/results/codeql/python-queries/Security/CWE-730/ReDoS.bqrs.
3b SAST (CodeQL)	Analyze code	2026-10-07T13:49:15.5827949Z Interpreting /opt/hostedtoolcache/CodeQL/2.27.1/x64/codeql/qlpacks/codeql/python-queries/1.8.11/Security/CWE-730/RegexInjection.ql...
3b SAST (CodeQL)	Analyze code	2026-10-07T13:49:15.5888018Z  ... found results file at /home/runner/work/_temp/codeql_databases/python/results/codeql/python-queries/Security/CWE-730/RegexInjection.bqrs.
3b SAST (CodeQL)	Analyze code	2026-10-07T13:49:15.5908096Z Interpreting /opt/hostedtoolcache/CodeQL/2.27.1/x64/codeql/qlpacks/codeql/python-queries/1.8.11/Security/CWE-295/MissingHostKeyValidation.ql...
3b SAST (CodeQL)	Analyze code	2026-10-07T13:49:15.5975531Z  ... found results file at /home/runner/work/_temp/codeql_databases/python/results/codeql/python-queries/Security/CWE-295/MissingHostKeyValidation.bqrs.
3b SAST (CodeQL)	Analyze code	2026-10-07T13:49:15.5992342Z Interpreting /opt/hostedtoolcache/CodeQL/2.27.1/x64/codeql/qlpacks/codeql/python-queries/1.8.11/Security/CWE-601/UrlRedirect.ql...
3b SAST (CodeQL)	Analyze code	2026-10-07T13:49:15.6054973Z  ... found results file at /home/runner/work/_temp/codeql_databases/python/results/codeql/python-queries/Security/CWE-601/UrlRedirect.bqrs.
3b SAST (CodeQL)	Analyze code	2026-10-07T13:49:15.6072020Z Interpreting /opt/hostedtoolcache/CodeQL/2.27.1/x64/codeql/qlpacks/codeql/python-queries/1.8.11/Security/CWE-611/Xxe.ql...
3b SAST (CodeQL)	Analyze code	2026-10-07T13:49:15.6128508Z  ... found results file at /home/runner/work/_temp/codeql_databases/python/results/codeql/python-queries/Security/CWE-611/Xxe.bqrs.
3b SAST (CodeQL)	Analyze code	2026-10-07T13:49:15.6149109Z Interpreting /opt/hostedtoolcache/CodeQL/2.27.1/x64/codeql/qlpacks/codeql/python-queries/1.8.11/Security/CWE-1275/SameSiteNoneCookie.ql...
3b SAST (CodeQL)	Analyze code	2026-10-07T13:49:15.6208154Z  ... found results file at /home/runner/work/_temp/codeql_databases/python/results/codeql/python-queries/Security/CWE-1275/SameSiteNoneCookie.bqrs.
3b SAST (CodeQL)	Analyze code	2026-10-07T13:49:15.6228687Z Interpreting /opt/hostedtoolcache/CodeQL/2.27.1/x64/codeql/qlpacks/codeql/python-queries/1.8.11/Security/CWE-352/CSRFProtectionDisabled.ql...
3b SAST (CodeQL)	Analyze code	2026-10-07T13:49:15.6288240Z  ... found results file at /home/runner/work/_temp/codeql_databases/python/results/codeql/python-queries/Security/CWE-352/CSRFProtectionDisabled.bqrs.
3b SAST (CodeQL)	Analyze code	2026-10-07T13:49:15.6320205Z Interpreting /opt/hostedtoolcache/CodeQL/2.27.1/x64/codeql/qlpacks/codeql/python-queries/1.8.11/Security/CWE-312/CleartextStorage.ql...
3b SAST (CodeQL)	Analyze code	2026-10-07T13:49:15.6343599Z  ... found results file at /home/runner/work/_temp/codeql_databases/python/results/codeql/python-queries/Security/CWE-312/CleartextStorage.bqrs.
3b SAST (CodeQL)	Analyze code	2026-10-07T13:49:15.6358498Z Interpreting /opt/hostedtoolcache/CodeQL/2.27.1/x64/codeql/qlpacks/codeql/python-queries/1.8.11/Security/CWE-312/CleartextLogging.ql...
3b SAST (CodeQL)	Analyze code	2026-10-07T13:49:15.6419045Z  ... found results file at /home/runner/work/_temp/codeql_databases/python/results/codeql/python-queries/Security/CWE-312/CleartextLogging.bqrs.
3b SAST (CodeQL)	Analyze code	2026-10-07T13:49:15.6428464Z Interpreting /opt/hostedtoolcache/CodeQL/2.27.1/x64/codeql/qlpacks/codeql/python-queries/1.8.11/Security/CWE-776/XmlBomb.ql...
3b SAST (CodeQL)	Analyze code	2026-10-07T13:49:15.6507956Z  ... found results file at /home/runner/work/_temp/codeql_databases/python/results/codeql/python-queries/Security/CWE-776/XmlBomb.bqrs.
3b SAST (CodeQL)	Analyze code	2026-10-07T13:49:15.6509761Z Interpreting /opt/hostedtoolcache/CodeQL/2.27.1/x64/codeql/qlpacks/codeql/python-queries/1.8.11/Security/CWE-1004/NonHttpOnlyCookie.ql...
3b SAST (CodeQL)	Analyze code	2026-10-07T13:49:15.6562746Z  ... found results file at /home/runner/work/_temp/codeql_databases/python/results/codeql/python-queries/Security/CWE-1004/NonHttpOnlyCookie.bqrs.
3b SAST (CodeQL)	Analyze code	2026-10-07T13:49:15.6569950Z Interpreting /opt/hostedtoolcache/CodeQL/2.27.1/x64/codeql/qlpacks/codeql/python-queries/1.8.11/Security/CWE-502/UnsafeDeserialization.ql...
3b SAST (CodeQL)	Analyze code	2026-10-07T13:49:15.6638853Z  ... found results file at /home/runner/work/_temp/codeql_databases/python/results/codeql/python-queries/Security/CWE-502/UnsafeDeserialization.bqrs.
3b SAST (CodeQL)	Analyze code	2026-10-07T13:49:15.6659493Z Interpreting /opt/hostedtoolcache/CodeQL/2.27.1/x64/codeql/qlpacks/codeql/python-queries/1.8.11/Security/CWE-089/SqlInjection.ql...
3b SAST (CodeQL)	Analyze code	2026-10-07T13:49:15.6698832Z  ... found results file at /home/runner/work/_temp/codeql_databases/python/results/codeql/python-queries/Security/CWE-089/SqlInjection.bqrs.
3b SAST (CodeQL)	Analyze code	2026-10-07T13:49:15.6706579Z Interpreting /opt/hostedtoolcache/CodeQL/2.27.1/x64/codeql/qlpacks/codeql/python-queries/1.8.11/Security/CVE-2018-1281/BindToAllInterfaces.ql...
3b SAST (CodeQL)	Analyze code	2026-10-07T13:49:15.6772957Z  ... found results file at /home/runner/work/_temp/codeql_databases/python/results/codeql/python-queries/Security/CVE-2018-1281/BindToAllInterfaces.bqrs.
3b SAST (CodeQL)	Analyze code	2026-10-07T13:49:15.6784623Z Interpreting /opt/hostedtoolcache/CodeQL/2.27.1/x64/codeql/qlpacks/codeql/python-queries/1.8.11/Security/CWE-078/CommandInjection.ql...
3b SAST (CodeQL)	Analyze code	2026-10-07T13:49:15.6840209Z  ... found results file at /home/runner/work/_temp/codeql_databases/python/results/codeql/python-queries/Security/CWE-078/CommandInjection.bqrs.
3b SAST (CodeQL)	Analyze code	2026-10-07T13:49:15.6859373Z Interpreting /opt/hostedtoolcache/CodeQL/2.27.1/x64/codeql/qlpacks/codeql/python-queries/1.8.11/Security/CWE-074/TemplateInjection.ql...
3b SAST (CodeQL)	Analyze code	2026-10-07T13:49:15.6908645Z  ... found results file at /home/runner/work/_temp/codeql_databases/python/results/codeql/python-queries/Security/CWE-074/TemplateInjection.bqrs.
3b SAST (CodeQL)	Analyze code	2026-10-07T13:49:15.6913703Z Interpreting /opt/hostedtoolcache/CodeQL/2.27.1/x64/codeql/qlpacks/codeql/python-queries/1.8.11/Security/CWE-215/FlaskDebug.ql...
3b SAST (CodeQL)	Analyze code	2026-10-07T13:49:15.6988056Z  ... found results file at /home/runner/work/_temp/codeql_databases/python/results/codeql/python-queries/Security/CWE-215/FlaskDebug.bqrs.
3b SAST (CodeQL)	Analyze code	2026-10-07T13:49:15.6990994Z Interpreting /opt/hostedtoolcache/CodeQL/2.27.1/x64/codeql/qlpacks/codeql/python-queries/1.8.11/Security/CWE-090/LdapInjection.ql...
3b SAST (CodeQL)	Analyze code	2026-10-07T13:49:15.7031524Z  ... found results file at /home/runner/work/_temp/codeql_databases/python/results/codeql/python-queries/Security/CWE-090/LdapInjection.bqrs.
3b SAST (CodeQL)	Analyze code	2026-10-07T13:49:15.7045393Z Interpreting /opt/hostedtoolcache/CodeQL/2.27.1/x64/codeql/qlpacks/codeql/python-queries/1.8.11/Security/CWE-327/WeakSensitiveDataHashing.ql...
3b SAST (CodeQL)	Analyze code	2026-10-07T13:49:15.7118203Z  ... found results file at /home/runner/work/_temp/codeql_databases/python/results/codeql/python-queries/Security/CWE-327/WeakSensitiveDataHashing.bqrs.
3b SAST (CodeQL)	Analyze code	2026-10-07T13:49:15.7148054Z Interpreting /opt/hostedtoolcache/CodeQL/2.27.1/x64/codeql/qlpacks/codeql/python-queries/1.8.11/Security/CWE-327/InsecureProtocol.ql...
3b SAST (CodeQL)	Analyze code	2026-10-07T13:49:15.7199150Z  ... found results file at /home/runner/work/_temp/codeql_databases/python/results/codeql/python-queries/Security/CWE-327/InsecureProtocol.bqrs.
3b SAST (CodeQL)	Analyze code	2026-10-07T13:49:15.7218469Z Interpreting /opt/hostedtoolcache/CodeQL/2.27.1/x64/codeql/qlpacks/codeql/python-queries/1.8.11/Security/CWE-327/BrokenCryptoAlgorithm.ql...
3b SAST (CodeQL)	Analyze code	2026-10-07T13:49:15.7258889Z  ... found results file at /home/runner/work/_temp/codeql_databases/python/results/codeql/python-queries/Security/CWE-327/BrokenCryptoAlgorithm.bqrs.
3b SAST (CodeQL)	Analyze code	2026-10-07T13:49:15.7289080Z Interpreting /opt/hostedtoolcache/CodeQL/2.27.1/x64/codeql/qlpacks/codeql/python-queries/1.8.11/Security/CWE-327/InsecureDefaultProtocol.ql...
3b SAST (CodeQL)	Analyze code	2026-10-07T13:49:15.7386531Z  ... found results file at /home/runner/work/_temp/codeql_databases/python/results/codeql/python-queries/Security/CWE-327/InsecureDefaultProtocol.bqrs.
3b SAST (CodeQL)	Analyze code	2026-10-07T13:49:15.7392584Z Interpreting /opt/hostedtoolcache/CodeQL/2.27.1/x64/codeql/qlpacks/codeql/python-queries/1.8.11/Security/CWE-614/InsecureCookie.ql...
3b SAST (CodeQL)	Analyze code	2026-10-07T13:49:15.7446162Z  ... found results file at /home/runner/work/_temp/codeql_databases/python/results/codeql/python-queries/Security/CWE-614/InsecureCookie.bqrs.
3b SAST (CodeQL)	Analyze code	2026-10-07T13:49:15.7456296Z Interpreting /opt/hostedtoolcache/CodeQL/2.27.1/x64/codeql/qlpacks/codeql/python-queries/1.8.11/Security/CWE-285/PamAuthorization.ql...
3b SAST (CodeQL)	Analyze code	2026-10-07T13:49:15.7501111Z  ... found results file at /home/runner/work/_temp/codeql_databases/python/results/codeql/python-queries/Security/CWE-285/PamAuthorization.bqrs.
3b SAST (CodeQL)	Analyze code	2026-10-07T13:49:15.7512641Z Interpreting /opt/hostedtoolcache/CodeQL/2.27.1/x64/codeql/qlpacks/codeql/python-queries/1.8.11/Security/CWE-020/IncompleteUrlSubstringSanitization.ql...
3b SAST (CodeQL)	Analyze code	2026-10-07T13:49:15.7578222Z  ... found results file at /home/runner/work/_temp/codeql_databases/python/results/codeql/python-queries/Security/CWE-020/IncompleteUrlSubstringSanitization.bqrs.
3b SAST (CodeQL)	Analyze code	2026-10-07T13:49:15.7608067Z Interpreting /opt/hostedtoolcache/CodeQL/2.27.1/x64/codeql/qlpacks/codeql/python-queries/1.8.11/Security/CWE-020/IncompleteHostnameRegExp.ql...
3b SAST (CodeQL)	Analyze code	2026-10-07T13:49:15.7658073Z  ... found results file at /home/runner/work/_temp/codeql_databases/python/results/codeql/python-queries/Security/CWE-020/IncompleteHostnameRegExp.bqrs.
3b SAST (CodeQL)	Analyze code	2026-10-07T13:49:15.7659897Z Interpreting /opt/hostedtoolcache/CodeQL/2.27.1/x64/codeql/qlpacks/codeql/python-queries/1.8.11/Security/CWE-020/OverlyLargeRange.ql...
3b SAST (CodeQL)	Analyze code	2026-10-07T13:49:15.7698077Z  ... found results file at /home/runner/work/_temp/codeql_databases/python/results/codeql/python-queries/Security/CWE-020/OverlyLargeRange.bqrs.
3b SAST (CodeQL)	Analyze code	2026-10-07T13:49:15.7708413Z Interpreting /opt/hostedtoolcache/CodeQL/2.27.1/x64/codeql/qlpacks/codeql/python-queries/1.8.11/Security/CWE-020/CookieInjection.ql...
3b SAST (CodeQL)	Analyze code	2026-10-07T13:49:15.7750643Z  ... found results file at /home/runner/work/_temp/codeql_databases/python/results/codeql/python-queries/Security/CWE-020/CookieInjection.bqrs.
3b SAST (CodeQL)	Analyze code	2026-10-07T13:49:15.7755481Z Interpreting /opt/hostedtoolcache/CodeQL/2.27.1/x64/codeql/qlpacks/codeql/python-queries/1.8.11/Security/CWE-113/HeaderInjection.ql...
3b SAST (CodeQL)	Analyze code	2026-10-07T13:49:15.7812138Z  ... found results file at /home/runner/work/_temp/codeql_databases/python/results/codeql/python-queries/Security/CWE-113/HeaderInjection.bqrs.
3b SAST (CodeQL)	Analyze code	2026-10-07T13:49:15.7828605Z Interpreting /opt/hostedtoolcache/CodeQL/2.27.1/x64/codeql/qlpacks/codeql/python-queries/1.8.11/Diagnostics/ExtractionWarnings.ql...
3b SAST (CodeQL)	Analyze code	2026-10-07T13:49:15.7861576Z  ... found results file at /home/runner/work/_temp/codeql_databases/python/results/codeql/python-queries/Diagnostics/ExtractionWarnings.bqrs.
3b SAST (CodeQL)	Analyze code	2026-10-07T13:49:15.7867816Z Interpreting /opt/hostedtoolcache/CodeQL/2.27.1/x64/codeql/qlpacks/codeql/python-queries/1.8.11/Diagnostics/ExtractedFiles.ql...
3b SAST (CodeQL)	Analyze code	2026-10-07T13:49:15.7935609Z  ... found results file at /home/runner/work/_temp/codeql_databases/python/results/codeql/python-queries/Diagnostics/ExtractedFiles.bqrs.
3b SAST (CodeQL)	Analyze code	2026-10-07T13:49:15.7939743Z Interpreting /opt/hostedtoolcache/CodeQL/2.27.1/x64/codeql/qlpacks/codeql/python-queries/1.8.11/Summary/LinesOfUserCode.ql...
3b SAST (CodeQL)	Analyze code	2026-10-07T13:49:15.8018108Z  ... found results file at /home/runner/work/_temp/codeql_databases/python/results/codeql/python-queries/Summary/LinesOfUserCode.bqrs.
3b SAST (CodeQL)	Analyze code	2026-10-07T13:49:15.8047807Z Interpreting /opt/hostedtoolcache/CodeQL/2.27.1/x64/codeql/qlpacks/codeql/python-queries/1.8.11/Summary/LinesOfCode.ql...
3b SAST (CodeQL)	Analyze code	2026-10-07T13:49:15.8054373Z  ... found results file at /home/runner/work/_temp/codeql_databases/python/results/codeql/python-queries/Summary/LinesOfCode.bqrs.
3b SAST (CodeQL)	Analyze code	2026-10-07T13:49:15.8788862Z Interpreted problem query "'input' function used in Python 2" (py/use-of-input) at path /home/runner/work/_temp/codeql_databases/python/results/codeql/python-queries/Expressions/UseofInput.bqrs.
3b SAST (CodeQL)	Analyze code	2026-10-07T13:49:15.8818833Z Interpreted pathproblem query "Full server-side request forgery" (py/full-ssrf) at path /home/runner/work/_temp/codeql_databases/python/results/codeql/python-queries/Security/CWE-918/FullServerSideRequestForgery.bqrs.
3b SAST (CodeQL)	Analyze code	2026-10-07T13:49:15.8838477Z Interpreted pathproblem query "Reflected server-side cross-site scripting" (py/reflective-xss) at path /home/runner/work/_temp/codeql_databases/python/results/codeql/python-queries/Security/CWE-079/ReflectedXss.bqrs.
3b SAST (CodeQL)	Analyze code	2026-10-07T13:49:15.8848291Z Interpreted problem query "Use of weak cryptographic key" (py/weak-crypto-key) at path /home/runner/work/_temp/codeql_databases/python/results/codeql/python-queries/Security/CWE-326/WeakCryptoKey.bqrs.
3b SAST (CodeQL)	Analyze code	2026-10-07T13:49:15.8870490Z Interpreted pathproblem query "Uncontrolled data used in path expression" (py/path-injection) at path /home/runner/work/_temp/codeql_databases/python/results/codeql/python-queries/Security/CWE-022/PathInjection.bqrs.
3b SAST (CodeQL)	Analyze code	2026-10-07T13:49:15.8878595Z Interpreted problem query "Bad HTML filtering regexp" (py/bad-tag-filter) at path /home/runner/work/_temp/codeql_databases/python/results/codeql/python-queries/Security/CWE-116/BadTagFilter.bqrs.
3b SAST (CodeQL)	Analyze code	2026-10-07T13:49:15.8882952Z Interpreted pathproblem query "NoSQL Injection" (py/nosql-injection) at path /home/runner/work/_temp/codeql_databases/python/results/codeql/python-queries/Security/CWE-943/NoSqlInjection.bqrs.
3b SAST (CodeQL)	Analyze code	2026-10-07T13:49:15.8887576Z Interpreted pathproblem query "Information exposure through an exception" (py/stack-trace-exposure) at path /home/runner/work/_temp/codeql_databases/python/results/codeql/python-queries/Security/CWE-209/StackTraceExposure.bqrs.
3b SAST (CodeQL)	Analyze code	2026-10-07T13:49:15.8893918Z Interpreted pathproblem query "XPath query built from user-controlled sources" (py/xpath-injection) at path /home/runner/work/_temp/codeql_databases/python/results/codeql/python-queries/Security/CWE-643/XpathInjection.bqrs.
3b SAST (CodeQL)	Analyze code	2026-10-07T13:49:15.8898758Z Interpreted pathproblem query "Code injection" (py/code-injection) at path /home/runner/work/_temp/codeql_databases/python/results/codeql/python-queries/Security/CWE-094/CodeInjection.bqrs.
3b SAST (CodeQL)	Analyze code	2026-10-07T13:49:15.8901675Z Interpreted problem query "Insecure temporary file" (py/insecure-temporary-file) at path /home/runner/work/_temp/codeql_databases/python/results/codeql/python-queries/Security/CWE-377/InsecureTemporaryFile.bqrs.
3b SAST (CodeQL)	Analyze code	2026-10-07T13:49:15.8905882Z Interpreted pathproblem query "Polynomial regular expression used on uncontrolled data" (py/polynomial-redos) at path /home/runner/work/_temp/codeql_databases/python/results/codeql/python-queries/Security/CWE-730/PolynomialReDoS.bqrs.
3b SAST (CodeQL)	Analyze code	2026-10-07T13:49:15.8909104Z Interpreted problem query "Inefficient regular expression" (py/redos) at path /home/runner/work/_temp/codeql_databases/python/results/codeql/python-queries/Security/CWE-730/ReDoS.bqrs.
3b SAST (CodeQL)	Analyze code	2026-10-07T13:49:15.8915334Z Interpreted pathproblem query "Regular expression injection" (py/regex-injection) at path /home/runner/work/_temp/codeql_databases/python/results/codeql/python-queries/Security/CWE-730/RegexInjection.bqrs.
3b SAST (CodeQL)	Analyze code	2026-10-07T13:49:15.8919697Z Interpreted problem query "Accepting unknown SSH host keys when using Paramiko" (py/paramiko-missing-host-key-validation) at path /home/runner/work/_temp/codeql_databases/python/results/codeql/python-queries/Security/CWE-295/MissingHostKeyValidation.bqrs.
3b SAST (CodeQL)	Analyze code	2026-10-07T13:49:15.8922981Z Interpreted pathproblem query "URL redirection from remote source" (py/url-redirection) at path /home/runner/work/_temp/codeql_databases/python/results/codeql/python-queries/Security/CWE-601/UrlRedirect.bqrs.
3b SAST (CodeQL)	Analyze code	2026-10-07T13:49:15.8935417Z Interpreted pathproblem query "XML external entity expansion" (py/xxe) at path /home/runner/work/_temp/codeql_databases/python/results/codeql/python-queries/Security/CWE-611/Xxe.bqrs.
3b SAST (CodeQL)	Analyze code	2026-10-07T13:49:15.8938621Z Interpreted problem query "Sensitive cookie with `SameSite` attribute set to `None`" (py/samesite-none-cookie) at path /home/runner/work/_temp/codeql_databases/python/results/codeql/python-queries/Security/CWE-1275/SameSiteNoneCookie.bqrs.
3b SAST (CodeQL)	Analyze code	2026-10-07T13:49:15.8951314Z Interpreted problem query "CSRF protection weakened or disabled" (py/csrf-protection-disabled) at path /home/runner/work/_temp/codeql_databases/python/results/codeql/python-queries/Security/CWE-352/CSRFProtectionDisabled.bqrs.
3b SAST (CodeQL)	Analyze code	2026-10-07T13:49:15.8977881Z Interpreted pathproblem query "Clear-text storage of sensitive information" (py/clear-text-storage-sensitive-data) at path /home/runner/work/_temp/codeql_databases/python/results/codeql/python-queries/Security/CWE-312/CleartextStorage.bqrs.
3b SAST (CodeQL)	Analyze code	2026-10-07T13:49:15.8981460Z Interpreted pathproblem query "Clear-text logging of sensitive information" (py/clear-text-logging-sensitive-data) at path /home/runner/work/_temp/codeql_databases/python/results/codeql/python-queries/Security/CWE-312/CleartextLogging.bqrs.
3b SAST (CodeQL)	Analyze code	2026-10-07T13:49:15.8984901Z Interpreted pathproblem query "XML internal entity expansion" (py/xml-bomb) at path /home/runner/work/_temp/codeql_databases/python/results/codeql/python-queries/Security/CWE-776/XmlBomb.bqrs.
3b SAST (CodeQL)	Analyze code	2026-10-07T13:49:15.8988024Z Interpreted problem query "Sensitive cookie missing `HttpOnly` attribute" (py/client-exposed-cookie) at path /home/runner/work/_temp/codeql_databases/python/results/codeql/python-queries/Security/CWE-1004/NonHttpOnlyCookie.bqrs.
3b SAST (CodeQL)	Analyze code	2026-10-07T13:49:15.8991253Z Interpreted pathproblem query "Deserialization of user-controlled data" (py/unsafe-deserialization) at path /home/runner/work/_temp/codeql_databases/python/results/codeql/python-queries/Security/CWE-502/UnsafeDeserialization.bqrs.
3b SAST (CodeQL)	Analyze code	2026-10-07T13:49:15.8994362Z Interpreted pathproblem query "SQL query built from user-controlled sources" (py/sql-injection) at path /home/runner/work/_temp/codeql_databases/python/results/codeql/python-queries/Security/CWE-089/SqlInjection.bqrs.
3b SAST (CodeQL)	Analyze code	2026-10-07T13:49:15.8997785Z Interpreted pathproblem query "Binding a socket to all network interfaces" (py/bind-socket-all-network-interfaces) at path /home/runner/work/_temp/codeql_databases/python/results/codeql/python-queries/Security/CVE-2018-1281/BindToAllInterfaces.bqrs.
3b SAST (CodeQL)	Analyze code	2026-10-07T13:49:15.9006230Z Interpreted pathproblem query "Uncontrolled command line" (py/command-line-injection) at path /home/runner/work/_temp/codeql_databases/python/results/codeql/python-queries/Security/CWE-078/CommandInjection.bqrs.
3b SAST (CodeQL)	Analyze code	2026-10-07T13:49:15.9009819Z Interpreted pathproblem query "Server Side Template Injection" (py/template-injection) at path /home/runner/work/_temp/codeql_databases/python/results/codeql/python-queries/Security/CWE-074/TemplateInjection.bqrs.
3b SAST (CodeQL)	Analyze code	2026-10-07T13:49:15.9012634Z Interpreted problem query "Flask app is run in debug mode" (py/flask-debug) at path /home/runner/work/_temp/codeql_databases/python/results/codeql/python-queries/Security/CWE-215/FlaskDebug.bqrs.
3b SAST (CodeQL)	Analyze code	2026-10-07T13:49:15.9020963Z Interpreted pathproblem query "LDAP query built from user-controlled sources" (py/ldap-injection) at path /home/runner/work/_temp/codeql_databases/python/results/codeql/python-queries/Security/CWE-090/LdapInjection.bqrs.
3b SAST (CodeQL)	Analyze code	2026-10-07T13:49:15.9024393Z Interpreted pathproblem query "Use of a broken or weak cryptographic hashing algorithm on sensitive data" (py/weak-sensitive-data-hashing) at path /home/runner/work/_temp/codeql_databases/python/results/codeql/python-queries/Security/CWE-327/WeakSensitiveDataHashing.bqrs.
3b SAST (CodeQL)	Analyze code	2026-10-07T13:49:15.9028112Z Interpreted problem query "Use of insecure SSL/TLS version" (py/insecure-protocol) at path /home/runner/work/_temp/codeql_databases/python/results/codeql/python-queries/Security/CWE-327/InsecureProtocol.bqrs.
3b SAST (CodeQL)	Analyze code	2026-10-07T13:49:15.9031190Z Interpreted problem query "Use of a broken or weak cryptographic algorithm" (py/weak-cryptographic-algorithm) at path /home/runner/work/_temp/codeql_databases/python/results/codeql/python-queries/Security/CWE-327/BrokenCryptoAlgorithm.bqrs.
3b SAST (CodeQL)	Analyze code	2026-10-07T13:49:15.9034475Z Interpreted problem query "Default version of SSL/TLS may be insecure" (py/insecure-default-protocol) at path /home/runner/work/_temp/codeql_databases/python/results/codeql/python-queries/Security/CWE-327/InsecureDefaultProtocol.bqrs.
3b SAST (CodeQL)	Analyze code	2026-10-07T13:49:15.9037704Z Interpreted problem query "Failure to use secure cookies" (py/insecure-cookie) at path /home/runner/work/_temp/codeql_databases/python/results/codeql/python-queries/Security/CWE-614/InsecureCookie.bqrs.
3b SAST (CodeQL)	Analyze code	2026-10-07T13:49:15.9040682Z Interpreted pathproblem query "PAM authorization bypass due to incorrect usage" (py/pam-auth-bypass) at path /home/runner/work/_temp/codeql_databases/python/results/codeql/python-queries/Security/CWE-285/PamAuthorization.bqrs.
3b SAST (CodeQL)	Analyze code	2026-10-07T13:49:15.9044050Z Interpreted problem query "Incomplete URL substring sanitization" (py/incomplete-url-substring-sanitization) at path /home/runner/work/_temp/codeql_databases/python/results/codeql/python-queries/Security/CWE-020/IncompleteUrlSubstringSanitization.bqrs.
3b SAST (CodeQL)	Analyze code	2026-10-07T13:49:15.9047955Z Interpreted problem query "Incomplete regular expression for hostnames" (py/incomplete-hostname-regexp) at path /home/runner/work/_temp/codeql_databases/python/results/codeql/python-queries/Security/CWE-020/IncompleteHostnameRegExp.bqrs.
3b SAST (CodeQL)	Analyze code	2026-10-07T13:49:15.9051345Z Interpreted problem query "Overly permissive regular expression range" (py/overly-large-range) at path /home/runner/work/_temp/codeql_databases/python/results/codeql/python-queries/Security/CWE-020/OverlyLargeRange.bqrs.
3b SAST (CodeQL)	Analyze code	2026-10-07T13:49:15.9064426Z Interpreted pathproblem query "Construction of a cookie using user-supplied input" (py/cookie-injection) at path /home/runner/work/_temp/codeql_databases/python/results/codeql/python-queries/Security/CWE-020/CookieInjection.bqrs.
3b SAST (CodeQL)	Analyze code	2026-10-07T13:49:15.9067773Z Interpreted pathproblem query "HTTP Response Splitting" (py/http-response-splitting) at path /home/runner/work/_temp/codeql_databases/python/results/codeql/python-queries/Security/CWE-113/HeaderInjection.bqrs.
3b SAST (CodeQL)	Analyze code	2026-10-07T13:49:15.9070802Z Interpreted diagnostic query "Python extraction warnings" (py/diagnostics/extraction-warnings) at path /home/runner/work/_temp/codeql_databases/python/results/codeql/python-queries/Diagnostics/ExtractionWarnings.bqrs.
3b SAST (CodeQL)	Analyze code	2026-10-07T13:49:15.9073867Z Interpreted diagnostic query "Extracted Python files" (py/diagnostics/successfully-extracted-files) at path /home/runner/work/_temp/codeql_databases/python/results/codeql/python-queries/Diagnostics/ExtractedFiles.bqrs.
3b SAST (CodeQL)	Analyze code	2026-10-07T13:49:15.9077361Z Interpreted metric query "Total lines of user written Python code in the database" (py/summary/lines-of-user-code) at path /home/runner/work/_temp/codeql_databases/python/results/codeql/python-queries/Summary/LinesOfUserCode.bqrs.
3b SAST (CodeQL)	Analyze code	2026-10-07T13:49:15.9080281Z Interpreted metric query "Total lines of Python code in the database" (py/summary/lines-of-code) at path /home/runner/work/_temp/codeql_databases/python/results/codeql/python-queries/Summary/LinesOfCode.bqrs.
3b SAST (CodeQL)	Analyze code	2026-10-07T13:49:15.9082323Z Reading source archive /home/runner/work/_temp/codeql_databases/python/src.zip
3b SAST (CodeQL)	Analyze code	2026-10-07T13:49:15.9693856Z Loaded file baseline information.
3b SAST (CodeQL)	Analyze code	2026-10-07T13:49:15.9797924Z Interpreting file coverage baseline information
3b SAST (CodeQL)	Analyze code	2026-10-07T13:49:15.9805626Z Finished interpreting file coverage baseline information.
3b SAST (CodeQL)	Analyze code	2026-10-07T13:49:15.9824687Z Interpreting diagnostic messages...
3b SAST (CodeQL)	Analyze code	2026-10-07T13:49:16.0157798Z Found 5 raw diagnostic messages.
3b SAST (CodeQL)	Analyze code	2026-10-07T13:49:16.0267464Z Processed diagnostic messages (removed 0 due to limits, created 0 summary diagnostics for status page).
3b SAST (CodeQL)	Analyze code	2026-10-07T13:49:16.0278238Z Interpreted diagnostic messages (42ms).
3b SAST (CodeQL)	Analyze code	2026-10-07T13:49:16.1955075Z Exporting results to SARIF...
3b SAST (CodeQL)	Analyze code	2026-10-07T13:49:16.3494519Z Exported results to SARIF (153ms).
3b SAST (CodeQL)	Analyze code	2026-10-07T13:49:16.3808783Z ##[endgroup]
3b SAST (CodeQL)	Analyze code	2026-10-07T13:49:16.3809678Z CodeQL scanned 3 out of 3 Python files in this invocation. Check the status page for overall coverage information: https://github.com/AmanYadav7015/devops-coursework/security/code-scanning/tools/CodeQL/status/
3b SAST (CodeQL)	Analyze code	2026-10-07T13:49:16.3810466Z 
3b SAST (CodeQL)	Analyze code	2026-10-07T13:49:16.3820441Z Post-processing sarif files: ["/home/runner/work/devops-coursework/results/python.sarif"]
3b SAST (CodeQL)	Analyze code	2026-10-07T13:49:16.3843181Z Adding fingerprints to SARIF file. See https://docs.github.com/en/code-security/reference/code-scanning/sarif-support-for-code-scanning#data-for-preventing-duplicated-alerts for more information.
3b SAST (CodeQL)	Analyze code	2026-10-07T13:49:16.3845470Z ##[group]Uploading code scanning results
3b SAST (CodeQL)	Analyze code	2026-10-07T13:49:16.3971259Z Uploading results
3b SAST (CodeQL)	Analyze code	2026-10-07T13:49:16.9150598Z Successfully uploaded results
3b SAST (CodeQL)	Analyze code	2026-10-07T13:49:16.9151404Z ##[endgroup]
3b SAST (CodeQL)	Analyze code	2026-10-07T13:49:16.9164902Z ##[group]Waiting for processing to finish
3b SAST (CodeQL)	Analyze code	2026-10-07T13:49:22.1262861Z Analysis upload status is complete.
3b SAST (CodeQL)	Analyze code	2026-10-07T13:49:22.1263667Z ##[endgroup]
3b SAST (CodeQL)	Post Analyze code	﻿2026-10-07T13:49:22.5750570Z Post job cleanup.
3b SAST (CodeQL)	Post Initialize CodeQL	﻿2026-10-07T13:49:22.8420745Z Post job cleanup.
3b SAST (CodeQL)	Post Initialize CodeQL	2026-10-07T13:49:23.1005132Z CodeQL job status was success.
3b SAST (CodeQL)	Post Initialize CodeQL	2026-10-07T13:49:23.1018117Z Sending status report for init-post step.
3b SAST (CodeQL)	Post Initialize CodeQL	2026-10-07T13:49:23.5983567Z Status report sent for init-post step.
3b SAST (CodeQL)	Post Checkout code	﻿2026-10-07T13:49:23.6426272Z Post job cleanup.
3b SAST (CodeQL)	Post Checkout code	2026-10-07T13:49:23.7257357Z [command]/usr/bin/git version
3b SAST (CodeQL)	Post Checkout code	2026-10-07T13:49:23.7302899Z git version 2.55.0
3b SAST (CodeQL)	Post Checkout code	2026-10-07T13:49:23.7343311Z Temporarily overriding HOME='/home/runner/work/_temp/96a255f8-63ce-4b4a-893d-97570614d562' before making global git config changes
3b SAST (CodeQL)	Post Checkout code	2026-10-07T13:49:23.7344695Z Adding repository directory to the temporary git global config as a safe directory
3b SAST (CodeQL)	Post Checkout code	2026-10-07T13:49:23.7350030Z [command]/usr/bin/git config --global --add safe.directory /home/runner/work/devops-coursework/devops-coursework
3b SAST (CodeQL)	Post Checkout code	2026-10-07T13:49:23.7390710Z [command]/usr/bin/git config --local --name-only --get-regexp core\.sshCommand
3b SAST (CodeQL)	Post Checkout code	2026-10-07T13:49:23.7426547Z [command]/usr/bin/git submodule foreach --recursive sh -c "git config --local --name-only --get-regexp 'core\.sshCommand' && git config --local --unset-all 'core.sshCommand' || :"
3b SAST (CodeQL)	Post Checkout code	2026-10-07T13:49:23.7682228Z [command]/usr/bin/git config --local --name-only --get-regexp http\.https\:\/\/github\.com\/\.extraheader
3b SAST (CodeQL)	Post Checkout code	2026-10-07T13:49:23.7710514Z http.https://github.com/.extraheader
3b SAST (CodeQL)	Post Checkout code	2026-10-07T13:49:23.7723327Z [command]/usr/bin/git config --local --unset-all http.https://github.com/.extraheader
3b SAST (CodeQL)	Post Checkout code	2026-10-07T13:49:23.7764788Z [command]/usr/bin/git submodule foreach --recursive sh -c "git config --local --name-only --get-regexp 'http\.https\:\/\/github\.com\/\.extraheader' && git config --local --unset-all 'http.https://github.com/.extraheader' || :"
3b SAST (CodeQL)	Post Checkout code	2026-10-07T13:49:23.8031192Z [command]/usr/bin/git config --local --name-only --get-regexp ^includeIf\.gitdir:
3b SAST (CodeQL)	Post Checkout code	2026-10-07T13:49:23.8072934Z [command]/usr/bin/git submodule foreach --recursive git config --local --show-origin --name-only --get-regexp remote.origin.url
3b SAST (CodeQL)	Complete job	﻿2026-10-07T13:49:23.8486258Z Cleaning up orphan processes
3b SAST (CodeQL)	Complete job	2026-10-07T13:49:23.8871313Z ##[warning]Node.js 20 is deprecated. The following actions target Node.js 20 but are being forced to run on Node.js 24: actions/checkout@v4, github/codeql-action/analyze@v3, github/codeql-action/init@v3. For more information see: https://github.blog/changelog/2025-09-19-deprecation-of-node-20-on-github-actions-runners/
3 SAST (bandit)	Set up job	﻿2026-10-07T13:48:43.1112964Z Current runner version: '2.337.0'
3 SAST (bandit)	Set up job	2026-10-07T13:48:43.1140498Z ##[group]Runner Image Provisioner
3 SAST (bandit)	Set up job	2026-10-07T13:48:43.1141592Z Hosted Compute Agent
3 SAST (bandit)	Set up job	2026-10-07T13:48:43.1142336Z Version: 20261002.596
3 SAST (bandit)	Set up job	2026-10-07T13:48:43.1143003Z Commit: c3d12f3313a95f25162a1503be624f3b0617f8c0
3 SAST (bandit)	Set up job	2026-10-07T13:48:43.1143789Z Build Date: 2026-10-02T22:28:27Z
3 SAST (bandit)	Set up job	2026-10-07T13:48:43.1144519Z Worker ID: {393601a3-7672-4894-8b3a-f0e3eb15fd04}
3 SAST (bandit)	Set up job	2026-10-07T13:48:43.1145276Z Region: southcentralus
3 SAST (bandit)	Set up job	2026-10-07T13:48:43.1145933Z Cloud: Azure
3 SAST (bandit)	Set up job	2026-10-07T13:48:43.1146541Z ##[endgroup]
3 SAST (bandit)	Set up job	2026-10-07T13:48:43.1148173Z ##[group]Operating System
3 SAST (bandit)	Set up job	2026-10-07T13:48:43.1148910Z Ubuntu
3 SAST (bandit)	Set up job	2026-10-07T13:48:43.1149469Z 24.04.5
3 SAST (bandit)	Set up job	2026-10-07T13:48:43.1150093Z LTS
3 SAST (bandit)	Set up job	2026-10-07T13:48:43.1150649Z ##[endgroup]
3 SAST (bandit)	Set up job	2026-10-07T13:48:43.1151783Z ##[group]Runner Image
3 SAST (bandit)	Set up job	2026-10-07T13:48:43.1152493Z Image: ubuntu-24.04
3 SAST (bandit)	Set up job	2026-10-07T13:48:43.1153089Z Version: 20261004.327.1
3 SAST (bandit)	Set up job	2026-10-07T13:48:43.1154238Z Included Software: https://github.com/actions/runner-images/blob/ubuntu24/20261004.327/images/ubuntu/Ubuntu2404-Readme.md
3 SAST (bandit)	Set up job	2026-10-07T13:48:43.1156754Z Image Release: https://github.com/actions/runner-images/releases/tag/ubuntu24%2F20261004.327
3 SAST (bandit)	Set up job	2026-10-07T13:48:43.1158380Z ##[endgroup]
3 SAST (bandit)	Set up job	2026-10-07T13:48:43.1160120Z ##[group]GITHUB_TOKEN Permissions
3 SAST (bandit)	Set up job	2026-10-07T13:48:43.1163314Z Contents: read
3 SAST (bandit)	Set up job	2026-10-07T13:48:43.1164230Z Metadata: read
3 SAST (bandit)	Set up job	2026-10-07T13:48:43.1165286Z ##[endgroup]
3 SAST (bandit)	Set up job	2026-10-07T13:48:43.1167889Z Secret source: Actions
3 SAST (bandit)	Set up job	2026-10-07T13:48:43.1169397Z Cache mode: write
3 SAST (bandit)	Set up job	2026-10-07T13:48:43.1170161Z Prepare workflow directory
3 SAST (bandit)	Set up job	2026-10-07T13:48:43.1597016Z Prepare all required actions
3 SAST (bandit)	Set up job	2026-10-07T13:48:43.1647772Z Getting action download info
3 SAST (bandit)	Set up job	2026-10-07T13:48:43.5987813Z Download action repository 'actions/checkout@v4' (SHA:11d5960a326750d5838078e36cf38b85af677262)
3 SAST (bandit)	Set up job	2026-10-07T13:48:43.6877730Z Download action repository 'actions/setup-python@v5' (SHA:a26af69be951a213d495a4c3e4e4022e16d87065)
3 SAST (bandit)	Set up job	2026-10-07T13:48:43.7736825Z Download action repository 'actions/upload-artifact@v4' (SHA:ea165f8d65b6e75b540449e92b4886f43607fa02)
3 SAST (bandit)	Set up job	2026-10-07T13:48:43.9937559Z Complete job name: 3 SAST (bandit)
3 SAST (bandit)	Checkout code	﻿2026-10-07T13:48:44.0766966Z ##[group]Run actions/checkout@v4
3 SAST (bandit)	Checkout code	2026-10-07T13:48:44.0768051Z with:
3 SAST (bandit)	Checkout code	2026-10-07T13:48:44.0768605Z   repository: AmanYadav7015/devops-coursework
3 SAST (bandit)	Checkout code	2026-10-07T13:48:44.0773543Z   token: ***
3 SAST (bandit)	Checkout code	2026-10-07T13:48:44.0774054Z   ssh-strict: true
3 SAST (bandit)	Checkout code	2026-10-07T13:48:44.0774566Z   ssh-user: git
3 SAST (bandit)	Checkout code	2026-10-07T13:48:44.0775106Z   persist-credentials: true
3 SAST (bandit)	Checkout code	2026-10-07T13:48:44.0775764Z   clean: true
3 SAST (bandit)	Checkout code	2026-10-07T13:48:44.0776426Z   sparse-checkout-cone-mode: true
3 SAST (bandit)	Checkout code	2026-10-07T13:48:44.0777042Z   fetch-depth: 1
3 SAST (bandit)	Checkout code	2026-10-07T13:48:44.0777524Z   fetch-tags: false
3 SAST (bandit)	Checkout code	2026-10-07T13:48:44.0778046Z   show-progress: true
3 SAST (bandit)	Checkout code	2026-10-07T13:48:44.0778560Z   lfs: false
3 SAST (bandit)	Checkout code	2026-10-07T13:48:44.0779045Z   submodules: false
3 SAST (bandit)	Checkout code	2026-10-07T13:48:44.0779555Z   set-safe-directory: true
3 SAST (bandit)	Checkout code	2026-10-07T13:48:44.0780151Z   allow-unsafe-pr-checkout: false
3 SAST (bandit)	Checkout code	2026-10-07T13:48:44.0781360Z env:
3 SAST (bandit)	Checkout code	2026-10-07T13:48:44.0782060Z   APP_DIR: labs/17-devsecops
3 SAST (bandit)	Checkout code	2026-10-07T13:48:44.0782697Z   IMAGE_NAME: claim-check-api
3 SAST (bandit)	Checkout code	2026-10-07T13:48:44.0783261Z   TRIVY_VERSION: 0.75.0
3 SAST (bandit)	Checkout code	2026-10-07T13:48:44.0783855Z   GITLEAKS_VERSION: 8.30.1
3 SAST (bandit)	Checkout code	2026-10-07T13:48:44.0784403Z   PYTHON_VERSION: 3.13
3 SAST (bandit)	Checkout code	2026-10-07T13:48:44.0784913Z ##[endgroup]
3 SAST (bandit)	Checkout code	2026-10-07T13:48:44.1943919Z Syncing repository: AmanYadav7015/devops-coursework
3 SAST (bandit)	Checkout code	2026-10-07T13:48:44.1947176Z ##[group]Getting Git version info
3 SAST (bandit)	Checkout code	2026-10-07T13:48:44.1948748Z Working directory is '/home/runner/work/devops-coursework/devops-coursework'
3 SAST (bandit)	Checkout code	2026-10-07T13:48:44.1951526Z [command]/usr/bin/git version
3 SAST (bandit)	Checkout code	2026-10-07T13:48:44.1976437Z git version 2.55.0
3 SAST (bandit)	Checkout code	2026-10-07T13:48:44.2049424Z ##[endgroup]
3 SAST (bandit)	Checkout code	2026-10-07T13:48:44.2063795Z Temporarily overriding HOME='/home/runner/work/_temp/6c0c66a4-bf64-42a5-b785-3de91238581d' before making global git config changes
3 SAST (bandit)	Checkout code	2026-10-07T13:48:44.2072709Z Adding repository directory to the temporary git global config as a safe directory
3 SAST (bandit)	Checkout code	2026-10-07T13:48:44.2075051Z [command]/usr/bin/git config --global --add safe.directory /home/runner/work/devops-coursework/devops-coursework
3 SAST (bandit)	Checkout code	2026-10-07T13:48:44.2131178Z Deleting the contents of '/home/runner/work/devops-coursework/devops-coursework'
3 SAST (bandit)	Checkout code	2026-10-07T13:48:44.2134523Z ##[group]Initializing the repository
3 SAST (bandit)	Checkout code	2026-10-07T13:48:44.2136191Z [command]/usr/bin/git init /home/runner/work/devops-coursework/devops-coursework
3 SAST (bandit)	Checkout code	2026-10-07T13:48:44.2209134Z hint: Using 'master' as the name for the initial branch. This default branch name
3 SAST (bandit)	Checkout code	2026-10-07T13:48:44.2211532Z hint: will change to "main" in Git 3.0. To configure the initial branch name
3 SAST (bandit)	Checkout code	2026-10-07T13:48:44.2213549Z hint: to use in all of your new repositories, which will suppress this warning,
3 SAST (bandit)	Checkout code	2026-10-07T13:48:44.2215952Z hint: call:
3 SAST (bandit)	Checkout code	2026-10-07T13:48:44.2216852Z hint:
3 SAST (bandit)	Checkout code	2026-10-07T13:48:44.2217966Z hint: 	git config --global init.defaultBranch <name>
3 SAST (bandit)	Checkout code	2026-10-07T13:48:44.2219274Z hint:
3 SAST (bandit)	Checkout code	2026-10-07T13:48:44.2220628Z hint: Names commonly chosen instead of 'master' are 'main', 'trunk' and
3 SAST (bandit)	Checkout code	2026-10-07T13:48:44.2222773Z hint: 'development'. The just-created branch can be renamed via this command:
3 SAST (bandit)	Checkout code	2026-10-07T13:48:44.2224374Z hint:
3 SAST (bandit)	Checkout code	2026-10-07T13:48:44.2225349Z hint: 	git branch -m <name>
3 SAST (bandit)	Checkout code	2026-10-07T13:48:44.2226449Z hint:
3 SAST (bandit)	Checkout code	2026-10-07T13:48:44.2227746Z hint: Disable this message with "git config set advice.defaultBranchName false"
3 SAST (bandit)	Checkout code	2026-10-07T13:48:44.2230100Z Initialized empty Git repository in /home/runner/work/devops-coursework/devops-coursework/.git/
3 SAST (bandit)	Checkout code	2026-10-07T13:48:44.2234836Z [command]/usr/bin/git remote add origin https://github.com/AmanYadav7015/devops-coursework
3 SAST (bandit)	Checkout code	2026-10-07T13:48:44.2276946Z ##[endgroup]
3 SAST (bandit)	Checkout code	2026-10-07T13:48:44.2278905Z ##[group]Disabling automatic garbage collection
3 SAST (bandit)	Checkout code	2026-10-07T13:48:44.2283262Z [command]/usr/bin/git config --local gc.auto 0
3 SAST (bandit)	Checkout code	2026-10-07T13:48:44.2322203Z ##[endgroup]
3 SAST (bandit)	Checkout code	2026-10-07T13:48:44.2323639Z ##[group]Setting up auth
3 SAST (bandit)	Checkout code	2026-10-07T13:48:44.2330368Z [command]/usr/bin/git config --local --name-only --get-regexp core\.sshCommand
3 SAST (bandit)	Checkout code	2026-10-07T13:48:44.2371715Z [command]/usr/bin/git submodule foreach --recursive sh -c "git config --local --name-only --get-regexp 'core\.sshCommand' && git config --local --unset-all 'core.sshCommand' || :"
3 SAST (bandit)	Checkout code	2026-10-07T13:48:44.2747227Z [command]/usr/bin/git config --local --name-only --get-regexp http\.https\:\/\/github\.com\/\.extraheader
3 SAST (bandit)	Checkout code	2026-10-07T13:48:44.2794779Z [command]/usr/bin/git submodule foreach --recursive sh -c "git config --local --name-only --get-regexp 'http\.https\:\/\/github\.com\/\.extraheader' && git config --local --unset-all 'http.https://github.com/.extraheader' || :"
3 SAST (bandit)	Checkout code	2026-10-07T13:48:44.3072308Z [command]/usr/bin/git config --local --name-only --get-regexp ^includeIf\.gitdir:
3 SAST (bandit)	Checkout code	2026-10-07T13:48:44.3117593Z [command]/usr/bin/git submodule foreach --recursive git config --local --show-origin --name-only --get-regexp remote.origin.url
3 SAST (bandit)	Checkout code	2026-10-07T13:48:44.3376864Z [command]/usr/bin/git config --local http.https://github.com/.extraheader AUTHORIZATION: basic ***
3 SAST (bandit)	Checkout code	2026-10-07T13:48:44.3427960Z ##[endgroup]
3 SAST (bandit)	Checkout code	2026-10-07T13:48:44.3429003Z ##[group]Fetching the repository
3 SAST (bandit)	Checkout code	2026-10-07T13:48:44.3443795Z [command]/usr/bin/git -c protocol.version=2 fetch --no-tags --prune --no-recurse-submodules --depth=1 origin +93abcaeb1fb8d12fa938e9f322c07aa15533f82e:refs/remotes/origin/session-17-devsecops-ci
3 SAST (bandit)	Checkout code	2026-10-07T13:48:45.6176861Z From https://github.com/AmanYadav7015/devops-coursework
3 SAST (bandit)	Checkout code	2026-10-07T13:48:45.6180071Z  * [new ref]         93abcaeb1fb8d12fa938e9f322c07aa15533f82e -> origin/session-17-devsecops-ci
3 SAST (bandit)	Checkout code	2026-10-07T13:48:45.6185468Z ##[endgroup]
3 SAST (bandit)	Checkout code	2026-10-07T13:48:45.6187285Z ##[group]Determining the checkout info
3 SAST (bandit)	Checkout code	2026-10-07T13:48:45.6189238Z ##[endgroup]
3 SAST (bandit)	Checkout code	2026-10-07T13:48:45.6190966Z [command]/usr/bin/git sparse-checkout disable
3 SAST (bandit)	Checkout code	2026-10-07T13:48:45.6248956Z [command]/usr/bin/git config --local --unset-all extensions.worktreeConfig
3 SAST (bandit)	Checkout code	2026-10-07T13:48:45.6287640Z ##[group]Checking out the ref
3 SAST (bandit)	Checkout code	2026-10-07T13:48:45.6293578Z [command]/usr/bin/git checkout --progress --force -B session-17-devsecops-ci refs/remotes/origin/session-17-devsecops-ci
3 SAST (bandit)	Checkout code	2026-10-07T13:48:45.7606241Z Switched to a new branch 'session-17-devsecops-ci'
3 SAST (bandit)	Checkout code	2026-10-07T13:48:45.7609910Z branch 'session-17-devsecops-ci' set up to track 'origin/session-17-devsecops-ci'.
3 SAST (bandit)	Checkout code	2026-10-07T13:48:45.7621211Z ##[endgroup]
3 SAST (bandit)	Checkout code	2026-10-07T13:48:45.7669858Z [command]/usr/bin/git log -1 --format=%H
3 SAST (bandit)	Checkout code	2026-10-07T13:48:45.7702107Z 93abcaeb1fb8d12fa938e9f322c07aa15533f82e
3 SAST (bandit)	Setup Python	﻿2026-10-07T13:48:45.8098041Z ##[group]Run actions/setup-python@v5
3 SAST (bandit)	Setup Python	2026-10-07T13:48:45.8099363Z with:
3 SAST (bandit)	Setup Python	2026-10-07T13:48:45.8100267Z   python-version: 3.13
3 SAST (bandit)	Setup Python	2026-10-07T13:48:45.8101461Z   check-latest: false
3 SAST (bandit)	Setup Python	2026-10-07T13:48:45.8111261Z   token: ***
3 SAST (bandit)	Setup Python	2026-10-07T13:48:45.8112257Z   update-environment: true
3 SAST (bandit)	Setup Python	2026-10-07T13:48:45.8113393Z   allow-prereleases: false
3 SAST (bandit)	Setup Python	2026-10-07T13:48:45.8114480Z   freethreaded: false
3 SAST (bandit)	Setup Python	2026-10-07T13:48:45.8115465Z env:
3 SAST (bandit)	Setup Python	2026-10-07T13:48:45.8116339Z   APP_DIR: labs/17-devsecops
3 SAST (bandit)	Setup Python	2026-10-07T13:48:45.8117458Z   IMAGE_NAME: claim-check-api
3 SAST (bandit)	Setup Python	2026-10-07T13:48:45.8118576Z   TRIVY_VERSION: 0.75.0
3 SAST (bandit)	Setup Python	2026-10-07T13:48:45.8119588Z   GITLEAKS_VERSION: 8.30.1
3 SAST (bandit)	Setup Python	2026-10-07T13:48:45.8120661Z   PYTHON_VERSION: 3.13
3 SAST (bandit)	Setup Python	2026-10-07T13:48:45.8121788Z ##[endgroup]
3 SAST (bandit)	Setup Python	2026-10-07T13:48:45.9585615Z ##[group]Installed versions
3 SAST (bandit)	Setup Python	2026-10-07T13:48:45.9667713Z (node:2288) [DEP0040] DeprecationWarning: The `punycode` module is deprecated. Please use a userland alternative instead.
3 SAST (bandit)	Setup Python	2026-10-07T13:48:45.9671339Z (Use `node --trace-deprecation ...` to show where the warning was created)
3 SAST (bandit)	Setup Python	2026-10-07T13:48:45.9673960Z Successfully set up CPython (3.13.16)
3 SAST (bandit)	Setup Python	2026-10-07T13:48:45.9676613Z ##[endgroup]
3 SAST (bandit)	Install bandit	﻿2026-10-07T13:48:45.9896217Z ##[group]Run pip install 'bandit[sarif]==1.9.4'
3 SAST (bandit)	Install bandit	2026-10-07T13:48:45.9897835Z [36;1mpip install 'bandit[sarif]==1.9.4'[0m
3 SAST (bandit)	Install bandit	2026-10-07T13:48:46.0174313Z shell: /usr/bin/bash --noprofile --norc -e -o pipefail {0}
3 SAST (bandit)	Install bandit	2026-10-07T13:48:46.0175873Z env:
3 SAST (bandit)	Install bandit	2026-10-07T13:48:46.0176792Z   APP_DIR: labs/17-devsecops
3 SAST (bandit)	Install bandit	2026-10-07T13:48:46.0177904Z   IMAGE_NAME: claim-check-api
3 SAST (bandit)	Install bandit	2026-10-07T13:48:46.0179002Z   TRIVY_VERSION: 0.75.0
3 SAST (bandit)	Install bandit	2026-10-07T13:48:46.0180020Z   GITLEAKS_VERSION: 8.30.1
3 SAST (bandit)	Install bandit	2026-10-07T13:48:46.0181353Z   PYTHON_VERSION: 3.13
3 SAST (bandit)	Install bandit	2026-10-07T13:48:46.0182592Z   pythonLocation: /opt/hostedtoolcache/Python/3.13.16/x64
3 SAST (bandit)	Install bandit	2026-10-07T13:48:46.0184429Z   PKG_CONFIG_PATH: /opt/hostedtoolcache/Python/3.13.16/x64/lib/pkgconfig
3 SAST (bandit)	Install bandit	2026-10-07T13:48:46.0186257Z   Python_ROOT_DIR: /opt/hostedtoolcache/Python/3.13.16/x64
3 SAST (bandit)	Install bandit	2026-10-07T13:48:46.0187900Z   Python2_ROOT_DIR: /opt/hostedtoolcache/Python/3.13.16/x64
3 SAST (bandit)	Install bandit	2026-10-07T13:48:46.0189578Z   Python3_ROOT_DIR: /opt/hostedtoolcache/Python/3.13.16/x64
3 SAST (bandit)	Install bandit	2026-10-07T13:48:46.0191534Z   LD_LIBRARY_PATH: /opt/hostedtoolcache/Python/3.13.16/x64/lib
3 SAST (bandit)	Install bandit	2026-10-07T13:48:46.0193054Z ##[endgroup]
3 SAST (bandit)	Install bandit	2026-10-07T13:48:54.7386615Z Collecting bandit==1.9.4 (from bandit[sarif]==1.9.4)
3 SAST (bandit)	Install bandit	2026-10-07T13:48:54.8145166Z   Downloading bandit-1.9.4-py3-none-any.whl.metadata (7.1 kB)
3 SAST (bandit)	Install bandit	2026-10-07T13:48:54.8923861Z Collecting PyYAML>=5.3.1 (from bandit==1.9.4->bandit[sarif]==1.9.4)
3 SAST (bandit)	Install bandit	2026-10-07T13:48:54.9056696Z   Downloading pyyaml-6.0.3-cp313-cp313-manylinux2014_x86_64.manylinux_2_17_x86_64.manylinux_2_28_x86_64.whl.metadata (2.4 kB)
3 SAST (bandit)	Install bandit	2026-10-07T13:48:54.9317405Z Collecting stevedore>=1.20.0 (from bandit==1.9.4->bandit[sarif]==1.9.4)
3 SAST (bandit)	Install bandit	2026-10-07T13:48:54.9447681Z   Downloading stevedore-5.9.1-py3-none-any.whl.metadata (2.3 kB)
3 SAST (bandit)	Install bandit	2026-10-07T13:48:54.9871492Z Collecting rich (from bandit==1.9.4->bandit[sarif]==1.9.4)
3 SAST (bandit)	Install bandit	2026-10-07T13:48:55.0002562Z   Downloading rich-15.0.0-py3-none-any.whl.metadata (18 kB)
3 SAST (bandit)	Install bandit	2026-10-07T13:48:55.0265052Z Collecting sarif-om>=1.0.4 (from bandit[sarif]==1.9.4)
3 SAST (bandit)	Install bandit	2026-10-07T13:48:55.0404768Z   Downloading sarif_om-1.0.4-py3-none-any.whl.metadata (3.2 kB)
3 SAST (bandit)	Install bandit	2026-10-07T13:48:55.0617910Z Collecting jschema-to-python>=1.2.3 (from bandit[sarif]==1.9.4)
3 SAST (bandit)	Install bandit	2026-10-07T13:48:55.0756995Z   Downloading jschema_to_python-1.2.3-py3-none-any.whl.metadata (3.1 kB)
3 SAST (bandit)	Install bandit	2026-10-07T13:48:55.0983684Z Collecting attrs (from jschema-to-python>=1.2.3->bandit[sarif]==1.9.4)
3 SAST (bandit)	Install bandit	2026-10-07T13:48:55.1112558Z   Downloading attrs-26.1.0-py3-none-any.whl.metadata (8.8 kB)
3 SAST (bandit)	Install bandit	2026-10-07T13:48:55.1355708Z Collecting jsonpickle (from jschema-to-python>=1.2.3->bandit[sarif]==1.9.4)
3 SAST (bandit)	Install bandit	2026-10-07T13:48:55.1491574Z   Downloading jsonpickle-4.1.3-py3-none-any.whl.metadata (8.1 kB)
3 SAST (bandit)	Install bandit	2026-10-07T13:48:55.1806661Z Collecting pbr (from jschema-to-python>=1.2.3->bandit[sarif]==1.9.4)
3 SAST (bandit)	Install bandit	2026-10-07T13:48:55.1938912Z   Downloading pbr-7.1.3-py2.py3-none-any.whl.metadata (4.1 kB)
3 SAST (bandit)	Install bandit	2026-10-07T13:48:55.3047712Z Collecting setuptools (from pbr->jschema-to-python>=1.2.3->bandit[sarif]==1.9.4)
3 SAST (bandit)	Install bandit	2026-10-07T13:48:55.3180655Z   Downloading setuptools-84.0.0-py3-none-any.whl.metadata (6.6 kB)
3 SAST (bandit)	Install bandit	2026-10-07T13:48:55.3432569Z Collecting markdown-it-py>=2.2.0 (from rich->bandit==1.9.4->bandit[sarif]==1.9.4)
3 SAST (bandit)	Install bandit	2026-10-07T13:48:55.3563862Z   Downloading markdown_it_py-4.2.0-py3-none-any.whl.metadata (7.4 kB)
3 SAST (bandit)	Install bandit	2026-10-07T13:48:55.3853685Z Collecting pygments<3.0.0,>=2.13.0 (from rich->bandit==1.9.4->bandit[sarif]==1.9.4)
3 SAST (bandit)	Install bandit	2026-10-07T13:48:55.3990399Z   Downloading pygments-2.21.0-py3-none-any.whl.metadata (2.5 kB)
3 SAST (bandit)	Install bandit	2026-10-07T13:48:55.4194469Z Collecting mdurl~=0.1 (from markdown-it-py>=2.2.0->rich->bandit==1.9.4->bandit[sarif]==1.9.4)
3 SAST (bandit)	Install bandit	2026-10-07T13:48:55.4324042Z   Downloading mdurl-0.1.2-py3-none-any.whl.metadata (1.6 kB)
3 SAST (bandit)	Install bandit	2026-10-07T13:48:55.4500965Z Downloading bandit-1.9.4-py3-none-any.whl (134 kB)
3 SAST (bandit)	Install bandit	2026-10-07T13:48:55.4869306Z Downloading jschema_to_python-1.2.3-py3-none-any.whl (10 kB)
3 SAST (bandit)	Install bandit	2026-10-07T13:48:55.5017647Z Downloading pyyaml-6.0.3-cp313-cp313-manylinux2014_x86_64.manylinux_2_17_x86_64.manylinux_2_28_x86_64.whl (801 kB)
3 SAST (bandit)	Install bandit	2026-10-07T13:48:55.5418577Z    ━━━━━━━━━━━━━━━━━━━━━━━━━━━━━━━━━━━━━━━━ 801.6/801.6 kB 21.6 MB/s  0:00:00
3 SAST (bandit)	Install bandit	2026-10-07T13:48:55.5550539Z Downloading sarif_om-1.0.4-py3-none-any.whl (30 kB)
3 SAST (bandit)	Install bandit	2026-10-07T13:48:55.5704683Z Downloading stevedore-5.9.1-py3-none-any.whl (54 kB)
3 SAST (bandit)	Install bandit	2026-10-07T13:48:55.5854470Z Downloading attrs-26.1.0-py3-none-any.whl (67 kB)
3 SAST (bandit)	Install bandit	2026-10-07T13:48:55.6012337Z Downloading jsonpickle-4.1.3-py3-none-any.whl (49 kB)
3 SAST (bandit)	Install bandit	2026-10-07T13:48:55.6172933Z Downloading pbr-7.1.3-py2.py3-none-any.whl (136 kB)
3 SAST (bandit)	Install bandit	2026-10-07T13:48:55.6325108Z Downloading rich-15.0.0-py3-none-any.whl (310 kB)
3 SAST (bandit)	Install bandit	2026-10-07T13:48:55.6495267Z Downloading pygments-2.21.0-py3-none-any.whl (1.3 MB)
3 SAST (bandit)	Install bandit	2026-10-07T13:48:55.6694486Z    ━━━━━━━━━━━━━━━━━━━━━━━━━━━━━━━━━━━━━━━━ 1.3/1.3 MB 58.2 MB/s  0:00:00
3 SAST (bandit)	Install bandit	2026-10-07T13:48:55.6824443Z Downloading markdown_it_py-4.2.0-py3-none-any.whl (91 kB)
3 SAST (bandit)	Install bandit	2026-10-07T13:48:55.6973566Z Downloading mdurl-0.1.2-py3-none-any.whl (10.0 kB)
3 SAST (bandit)	Install bandit	2026-10-07T13:48:55.7122768Z Downloading setuptools-84.0.0-py3-none-any.whl (818 kB)
3 SAST (bandit)	Install bandit	2026-10-07T13:48:55.7184857Z    ━━━━━━━━━━━━━━━━━━━━━━━━━━━━━━━━━━━━━━━━ 818.2/818.2 kB 147.8 MB/s  0:00:00
3 SAST (bandit)	Install bandit	2026-10-07T13:48:56.1932787Z Installing collected packages: stevedore, setuptools, PyYAML, pygments, mdurl, jsonpickle, attrs, pbr, markdown-it-py, sarif-om, rich, jschema-to-python, bandit
3 SAST (bandit)	Install bandit	2026-10-07T13:48:58.1419891Z 
3 SAST (bandit)	Install bandit	2026-10-07T13:48:58.1442320Z Successfully installed PyYAML-6.0.3 attrs-26.1.0 bandit-1.9.4 jschema-to-python-1.2.3 jsonpickle-4.1.3 markdown-it-py-4.2.0 mdurl-0.1.2 pbr-7.1.3 pygments-2.21.0 rich-15.0.0 sarif-om-1.0.4 setuptools-84.0.0 stevedore-5.9.1
3 SAST (bandit)	Report every finding	﻿2026-10-07T13:48:58.2262528Z ##[group]Run mkdir -p reports
3 SAST (bandit)	Report every finding	2026-10-07T13:48:58.2262942Z [36;1mmkdir -p reports[0m
3 SAST (bandit)	Report every finding	2026-10-07T13:48:58.2263432Z [36;1mbandit -c security/bandit.yaml -r app -f screen --exit-zero | tee reports/bandit-screen.txt[0m
3 SAST (bandit)	Report every finding	2026-10-07T13:48:58.2264107Z [36;1mbandit -c security/bandit.yaml -r app -f json --exit-zero -o reports/bandit.json[0m
3 SAST (bandit)	Report every finding	2026-10-07T13:48:58.2264692Z [36;1mbandit -c security/bandit.yaml -r app -f sarif --exit-zero -o reports/bandit.sarif[0m
3 SAST (bandit)	Report every finding	2026-10-07T13:48:58.2334339Z shell: /usr/bin/bash --noprofile --norc -e -o pipefail {0}
3 SAST (bandit)	Report every finding	2026-10-07T13:48:58.2334704Z env:
3 SAST (bandit)	Report every finding	2026-10-07T13:48:58.2334937Z   APP_DIR: labs/17-devsecops
3 SAST (bandit)	Report every finding	2026-10-07T13:48:58.2335215Z   IMAGE_NAME: claim-check-api
3 SAST (bandit)	Report every finding	2026-10-07T13:48:58.2335468Z   TRIVY_VERSION: 0.75.0
3 SAST (bandit)	Report every finding	2026-10-07T13:48:58.2335707Z   GITLEAKS_VERSION: 8.30.1
3 SAST (bandit)	Report every finding	2026-10-07T13:48:58.2335953Z   PYTHON_VERSION: 3.13
3 SAST (bandit)	Report every finding	2026-10-07T13:48:58.2336265Z   pythonLocation: /opt/hostedtoolcache/Python/3.13.16/x64
3 SAST (bandit)	Report every finding	2026-10-07T13:48:58.2336714Z   PKG_CONFIG_PATH: /opt/hostedtoolcache/Python/3.13.16/x64/lib/pkgconfig
3 SAST (bandit)	Report every finding	2026-10-07T13:48:58.2337445Z   Python_ROOT_DIR: /opt/hostedtoolcache/Python/3.13.16/x64
3 SAST (bandit)	Report every finding	2026-10-07T13:48:58.2337849Z   Python2_ROOT_DIR: /opt/hostedtoolcache/Python/3.13.16/x64
3 SAST (bandit)	Report every finding	2026-10-07T13:48:58.2338237Z   Python3_ROOT_DIR: /opt/hostedtoolcache/Python/3.13.16/x64
3 SAST (bandit)	Report every finding	2026-10-07T13:48:58.2338631Z   LD_LIBRARY_PATH: /opt/hostedtoolcache/Python/3.13.16/x64/lib
3 SAST (bandit)	Report every finding	2026-10-07T13:48:58.2338977Z ##[endgroup]
3 SAST (bandit)	Report every finding	2026-10-07T13:48:58.7436743Z [main]	INFO	profile include tests: None
3 SAST (bandit)	Report every finding	2026-10-07T13:48:58.7437411Z [main]	INFO	profile exclude tests: None
3 SAST (bandit)	Report every finding	2026-10-07T13:48:58.7437917Z [main]	INFO	cli include tests: None
3 SAST (bandit)	Report every finding	2026-10-07T13:48:58.7438400Z [main]	INFO	cli exclude tests: None
3 SAST (bandit)	Report every finding	2026-10-07T13:48:58.7441552Z [main]	INFO	using config: security/bandit.yaml
3 SAST (bandit)	Report every finding	2026-10-07T13:48:58.7451852Z [main]	INFO	running on Python 3.13.16
3 SAST (bandit)	Report every finding	2026-10-07T13:48:58.7650625Z [95mRun started:2026-10-07 13:48:58.764783+00:00[0m
3 SAST (bandit)	Report every finding	2026-10-07T13:48:58.7651390Z [95m
3 SAST (bandit)	Report every finding	2026-10-07T13:48:58.7651756Z Test results:[0m
3 SAST (bandit)	Report every finding	2026-10-07T13:48:58.7652174Z 	No issues identified.
3 SAST (bandit)	Report every finding	2026-10-07T13:48:58.7652587Z [95m
3 SAST (bandit)	Report every finding	2026-10-07T13:48:58.7652941Z Code scanned:[0m
3 SAST (bandit)	Report every finding	2026-10-07T13:48:58.7653298Z 	Total lines of code: 176
3 SAST (bandit)	Report every finding	2026-10-07T13:48:58.7653707Z 	Total lines skipped (#nosec): 0
3 SAST (bandit)	Report every finding	2026-10-07T13:48:58.7654147Z [95m
3 SAST (bandit)	Report every finding	2026-10-07T13:48:58.7654494Z Run metrics:[0m
3 SAST (bandit)	Report every finding	2026-10-07T13:48:58.7654857Z 	Total issues (by severity):
3 SAST (bandit)	Report every finding	2026-10-07T13:48:58.7655250Z 		Undefined: 0
3 SAST (bandit)	Report every finding	2026-10-07T13:48:58.7655585Z 		Low: 0
3 SAST (bandit)	Report every finding	2026-10-07T13:48:58.7655889Z 		Medium: 0
3 SAST (bandit)	Report every finding	2026-10-07T13:48:58.7656200Z 		High: 0
3 SAST (bandit)	Report every finding	2026-10-07T13:48:58.7656548Z 	Total issues (by confidence):
3 SAST (bandit)	Report every finding	2026-10-07T13:48:58.7656945Z 		Undefined: 0
3 SAST (bandit)	Report every finding	2026-10-07T13:48:58.7657269Z 		Low: 0
3 SAST (bandit)	Report every finding	2026-10-07T13:48:58.7657569Z 		Medium: 0
3 SAST (bandit)	Report every finding	2026-10-07T13:48:58.7657872Z 		High: 0
3 SAST (bandit)	Report every finding	2026-10-07T13:48:58.7658280Z [95mFiles skipped (0):[0m
3 SAST (bandit)	Report every finding	2026-10-07T13:48:58.9950659Z [main]	INFO	profile include tests: None
3 SAST (bandit)	Report every finding	2026-10-07T13:48:58.9951531Z [main]	INFO	profile exclude tests: None
3 SAST (bandit)	Report every finding	2026-10-07T13:48:58.9951947Z [main]	INFO	cli include tests: None
3 SAST (bandit)	Report every finding	2026-10-07T13:48:58.9952278Z [main]	INFO	cli exclude tests: None
3 SAST (bandit)	Report every finding	2026-10-07T13:48:59.0164393Z [json]	INFO	JSON output written to file: reports/bandit.json
3 SAST (bandit)	Report every finding	2026-10-07T13:48:59.2500380Z [main]	INFO	profile include tests: None
3 SAST (bandit)	Report every finding	2026-10-07T13:48:59.2501289Z [main]	INFO	profile exclude tests: None
3 SAST (bandit)	Report every finding	2026-10-07T13:48:59.2501792Z [main]	INFO	cli include tests: None
3 SAST (bandit)	Report every finding	2026-10-07T13:48:59.2502269Z [main]	INFO	cli exclude tests: None
3 SAST (bandit)	Report every finding	2026-10-07T13:48:59.2502746Z [main]	INFO	using config: security/bandit.yaml
3 SAST (bandit)	Report every finding	2026-10-07T13:48:59.2503261Z [main]	INFO	running on Python 3.13.16
3 SAST (bandit)	Report every finding	2026-10-07T13:48:59.2720309Z [sarif]	INFO	SARIF output written to file: reports/bandit.sarif
3 SAST (bandit)	Enforce the SAST policy	﻿2026-10-07T13:48:59.3054461Z ##[group]Run echo "policy: any finding of MEDIUM severity or above blocks the pipeline"
3 SAST (bandit)	Enforce the SAST policy	2026-10-07T13:48:59.3055154Z [36;1mecho "policy: any finding of MEDIUM severity or above blocks the pipeline"[0m
3 SAST (bandit)	Enforce the SAST policy	2026-10-07T13:48:59.3055685Z [36;1mbandit -c security/bandit.yaml -r app -ll -q -f screen[0m
3 SAST (bandit)	Enforce the SAST policy	2026-10-07T13:48:59.3056074Z [36;1mecho "SAST policy satisfied"[0m
3 SAST (bandit)	Enforce the SAST policy	2026-10-07T13:48:59.3126433Z shell: /usr/bin/bash --noprofile --norc -e -o pipefail {0}
3 SAST (bandit)	Enforce the SAST policy	2026-10-07T13:48:59.3126804Z env:
3 SAST (bandit)	Enforce the SAST policy	2026-10-07T13:48:59.3127040Z   APP_DIR: labs/17-devsecops
3 SAST (bandit)	Enforce the SAST policy	2026-10-07T13:48:59.3127328Z   IMAGE_NAME: claim-check-api
3 SAST (bandit)	Enforce the SAST policy	2026-10-07T13:48:59.3127606Z   TRIVY_VERSION: 0.75.0
3 SAST (bandit)	Enforce the SAST policy	2026-10-07T13:48:59.3127853Z   GITLEAKS_VERSION: 8.30.1
3 SAST (bandit)	Enforce the SAST policy	2026-10-07T13:48:59.3128113Z   PYTHON_VERSION: 3.13
3 SAST (bandit)	Enforce the SAST policy	2026-10-07T13:48:59.3128427Z   pythonLocation: /opt/hostedtoolcache/Python/3.13.16/x64
3 SAST (bandit)	Enforce the SAST policy	2026-10-07T13:48:59.3128913Z   PKG_CONFIG_PATH: /opt/hostedtoolcache/Python/3.13.16/x64/lib/pkgconfig
3 SAST (bandit)	Enforce the SAST policy	2026-10-07T13:48:59.3129374Z   Python_ROOT_DIR: /opt/hostedtoolcache/Python/3.13.16/x64
3 SAST (bandit)	Enforce the SAST policy	2026-10-07T13:48:59.3129828Z   Python2_ROOT_DIR: /opt/hostedtoolcache/Python/3.13.16/x64
3 SAST (bandit)	Enforce the SAST policy	2026-10-07T13:48:59.3130228Z   Python3_ROOT_DIR: /opt/hostedtoolcache/Python/3.13.16/x64
3 SAST (bandit)	Enforce the SAST policy	2026-10-07T13:48:59.3130622Z   LD_LIBRARY_PATH: /opt/hostedtoolcache/Python/3.13.16/x64/lib
3 SAST (bandit)	Enforce the SAST policy	2026-10-07T13:48:59.3131192Z ##[endgroup]
3 SAST (bandit)	Enforce the SAST policy	2026-10-07T13:48:59.3219971Z policy: any finding of MEDIUM severity or above blocks the pipeline
3 SAST (bandit)	Enforce the SAST policy	2026-10-07T13:48:59.5847438Z SAST policy satisfied
3 SAST (bandit)	Upload the SAST report	﻿2026-10-07T13:48:59.5933837Z ##[group]Run actions/upload-artifact@v4
3 SAST (bandit)	Upload the SAST report	2026-10-07T13:48:59.5934156Z with:
3 SAST (bandit)	Upload the SAST report	2026-10-07T13:48:59.5934395Z   name: sast-bandit-report
3 SAST (bandit)	Upload the SAST report	2026-10-07T13:48:59.5934666Z   path: labs/17-devsecops/reports
3 SAST (bandit)	Upload the SAST report	2026-10-07T13:48:59.5934934Z   retention-days: 7
3 SAST (bandit)	Upload the SAST report	2026-10-07T13:48:59.5935165Z   if-no-files-found: warn
3 SAST (bandit)	Upload the SAST report	2026-10-07T13:48:59.5935413Z   compression-level: 6
3 SAST (bandit)	Upload the SAST report	2026-10-07T13:48:59.5935647Z   overwrite: false
3 SAST (bandit)	Upload the SAST report	2026-10-07T13:48:59.5935884Z   include-hidden-files: false
3 SAST (bandit)	Upload the SAST report	2026-10-07T13:48:59.5936139Z env:
3 SAST (bandit)	Upload the SAST report	2026-10-07T13:48:59.5936351Z   APP_DIR: labs/17-devsecops
3 SAST (bandit)	Upload the SAST report	2026-10-07T13:48:59.5936610Z   IMAGE_NAME: claim-check-api
3 SAST (bandit)	Upload the SAST report	2026-10-07T13:48:59.5936860Z   TRIVY_VERSION: 0.75.0
3 SAST (bandit)	Upload the SAST report	2026-10-07T13:48:59.5937108Z   GITLEAKS_VERSION: 8.30.1
3 SAST (bandit)	Upload the SAST report	2026-10-07T13:48:59.5937353Z   PYTHON_VERSION: 3.13
3 SAST (bandit)	Upload the SAST report	2026-10-07T13:48:59.5937652Z   pythonLocation: /opt/hostedtoolcache/Python/3.13.16/x64
3 SAST (bandit)	Upload the SAST report	2026-10-07T13:48:59.5938122Z   PKG_CONFIG_PATH: /opt/hostedtoolcache/Python/3.13.16/x64/lib/pkgconfig
3 SAST (bandit)	Upload the SAST report	2026-10-07T13:48:59.5938553Z   Python_ROOT_DIR: /opt/hostedtoolcache/Python/3.13.16/x64
3 SAST (bandit)	Upload the SAST report	2026-10-07T13:48:59.5939007Z   Python2_ROOT_DIR: /opt/hostedtoolcache/Python/3.13.16/x64
3 SAST (bandit)	Upload the SAST report	2026-10-07T13:48:59.5939426Z   Python3_ROOT_DIR: /opt/hostedtoolcache/Python/3.13.16/x64
3 SAST (bandit)	Upload the SAST report	2026-10-07T13:48:59.5939827Z   LD_LIBRARY_PATH: /opt/hostedtoolcache/Python/3.13.16/x64/lib
3 SAST (bandit)	Upload the SAST report	2026-10-07T13:48:59.5940164Z ##[endgroup]
3 SAST (bandit)	Upload the SAST report	2026-10-07T13:48:59.7632457Z (node:2338) [DEP0040] DeprecationWarning: The `punycode` module is deprecated. Please use a userland alternative instead.
3 SAST (bandit)	Upload the SAST report	2026-10-07T13:48:59.7633263Z (Use `node --trace-deprecation ...` to show where the warning was created)
3 SAST (bandit)	Upload the SAST report	2026-10-07T13:48:59.7745549Z With the provided path, there will be 3 files uploaded
3 SAST (bandit)	Upload the SAST report	2026-10-07T13:48:59.7746508Z Artifact name is valid!
3 SAST (bandit)	Upload the SAST report	2026-10-07T13:48:59.7746927Z Root directory input is valid!
3 SAST (bandit)	Upload the SAST report	2026-10-07T13:49:00.2281361Z Beginning upload of artifact content to blob storage
3 SAST (bandit)	Upload the SAST report	2026-10-07T13:49:00.2492784Z (node:2338) [DEP0169] DeprecationWarning: `url.parse()` behavior is not standardized and prone to errors that have security implications. Use the WHATWG URL API instead. CVEs are not issued for `url.parse()` vulnerabilities.
3 SAST (bandit)	Upload the SAST report	2026-10-07T13:49:00.3805018Z Uploaded bytes 1283
3 SAST (bandit)	Upload the SAST report	2026-10-07T13:49:00.4207060Z Finished uploading artifact content to blob storage!
3 SAST (bandit)	Upload the SAST report	2026-10-07T13:49:00.4208309Z SHA256 digest of uploaded artifact zip is 14ad937d8934fd2942d34bc25273d09976ef8f5093df85538d15a81fd7beace9
3 SAST (bandit)	Upload the SAST report	2026-10-07T13:49:00.4209955Z Finalizing artifact upload
3 SAST (bandit)	Upload the SAST report	2026-10-07T13:49:00.7221730Z Artifact sast-bandit-report.zip successfully finalized. Artifact ID 11486038518
3 SAST (bandit)	Upload the SAST report	2026-10-07T13:49:00.7223163Z Artifact sast-bandit-report has been successfully uploaded! Final size is 1283 bytes. Artifact ID is 11486038518
3 SAST (bandit)	Upload the SAST report	2026-10-07T13:49:00.7229890Z Artifact download URL: https://github.com/AmanYadav7015/devops-coursework/actions/runs/37631386888/artifacts/11486038518
3 SAST (bandit)	Post Setup Python	﻿2026-10-07T13:49:00.7428803Z Post job cleanup.
3 SAST (bandit)	Post Setup Python	2026-10-07T13:49:00.8672332Z (node:2350) [DEP0040] DeprecationWarning: The `punycode` module is deprecated. Please use a userland alternative instead.
3 SAST (bandit)	Post Setup Python	2026-10-07T13:49:00.8673182Z (Use `node --trace-deprecation ...` to show where the warning was created)
3 SAST (bandit)	Post Checkout code	﻿2026-10-07T13:49:00.8910225Z Post job cleanup.
3 SAST (bandit)	Post Checkout code	2026-10-07T13:49:00.9931983Z [command]/usr/bin/git version
3 SAST (bandit)	Post Checkout code	2026-10-07T13:49:00.9985865Z git version 2.55.0
3 SAST (bandit)	Post Checkout code	2026-10-07T13:49:01.0011914Z Temporarily overriding HOME='/home/runner/work/_temp/0001f6a4-8c95-4b99-b0d0-bfb1205395e7' before making global git config changes
3 SAST (bandit)	Post Checkout code	2026-10-07T13:49:01.0013288Z Adding repository directory to the temporary git global config as a safe directory
3 SAST (bandit)	Post Checkout code	2026-10-07T13:49:01.0031903Z [command]/usr/bin/git config --global --add safe.directory /home/runner/work/devops-coursework/devops-coursework
3 SAST (bandit)	Post Checkout code	2026-10-07T13:49:01.0069003Z [command]/usr/bin/git config --local --name-only --get-regexp core\.sshCommand
3 SAST (bandit)	Post Checkout code	2026-10-07T13:49:01.0116579Z [command]/usr/bin/git submodule foreach --recursive sh -c "git config --local --name-only --get-regexp 'core\.sshCommand' && git config --local --unset-all 'core.sshCommand' || :"
3 SAST (bandit)	Post Checkout code	2026-10-07T13:49:01.0391790Z [command]/usr/bin/git config --local --name-only --get-regexp http\.https\:\/\/github\.com\/\.extraheader
3 SAST (bandit)	Post Checkout code	2026-10-07T13:49:01.0424281Z http.https://github.com/.extraheader
3 SAST (bandit)	Post Checkout code	2026-10-07T13:49:01.0439904Z [command]/usr/bin/git config --local --unset-all http.https://github.com/.extraheader
3 SAST (bandit)	Post Checkout code	2026-10-07T13:49:01.0486361Z [command]/usr/bin/git submodule foreach --recursive sh -c "git config --local --name-only --get-regexp 'http\.https\:\/\/github\.com\/\.extraheader' && git config --local --unset-all 'http.https://github.com/.extraheader' || :"
3 SAST (bandit)	Post Checkout code	2026-10-07T13:49:01.0820581Z [command]/usr/bin/git config --local --name-only --get-regexp ^includeIf\.gitdir:
3 SAST (bandit)	Post Checkout code	2026-10-07T13:49:01.0865708Z [command]/usr/bin/git submodule foreach --recursive git config --local --show-origin --name-only --get-regexp remote.origin.url
3 SAST (bandit)	Complete job	﻿2026-10-07T13:49:01.1296496Z Cleaning up orphan processes
3 SAST (bandit)	Complete job	2026-10-07T13:49:01.1598815Z ##[warning]Node.js 20 is deprecated. The following actions target Node.js 20 but are being forced to run on Node.js 24: actions/checkout@v4, actions/setup-python@v5, actions/upload-artifact@v4. For more information see: https://github.blog/changelog/2025-09-19-deprecation-of-node-20-on-github-actions-runners/
4 SCA	Set up job	﻿2026-10-07T13:49:07.0226373Z Current runner version: '2.337.0'
4 SCA	Set up job	2026-10-07T13:49:07.0263514Z ##[group]Runner Image Provisioner
4 SCA	Set up job	2026-10-07T13:49:07.0264868Z Hosted Compute Agent
4 SCA	Set up job	2026-10-07T13:49:07.0266082Z Version: 20261002.596
4 SCA	Set up job	2026-10-07T13:49:07.0267168Z Commit: c3d12f3313a95f25162a1503be624f3b0617f8c0
4 SCA	Set up job	2026-10-07T13:49:07.0268580Z Build Date: 2026-10-02T22:28:27Z
4 SCA	Set up job	2026-10-07T13:49:07.0269799Z Worker ID: {d71eb4f0-7783-459b-84e0-ac46c9b3a6f8}
4 SCA	Set up job	2026-10-07T13:49:07.0271323Z Region: eastus2
4 SCA	Set up job	2026-10-07T13:49:07.0272390Z Cloud: Azure
4 SCA	Set up job	2026-10-07T13:49:07.0273301Z ##[endgroup]
4 SCA	Set up job	2026-10-07T13:49:07.0275508Z ##[group]Operating System
4 SCA	Set up job	2026-10-07T13:49:07.0276778Z Ubuntu
4 SCA	Set up job	2026-10-07T13:49:07.0277688Z 24.04.5
4 SCA	Set up job	2026-10-07T13:49:07.0279152Z LTS
4 SCA	Set up job	2026-10-07T13:49:07.0280061Z ##[endgroup]
4 SCA	Set up job	2026-10-07T13:49:07.0281272Z ##[group]Runner Image
4 SCA	Set up job	2026-10-07T13:49:07.0282431Z Image: ubuntu-24.04
4 SCA	Set up job	2026-10-07T13:49:07.0283457Z Version: 20261004.327.1
4 SCA	Set up job	2026-10-07T13:49:07.0285591Z Included Software: https://github.com/actions/runner-images/blob/ubuntu24/20261004.327/images/ubuntu/Ubuntu2404-Readme.md
4 SCA	Set up job	2026-10-07T13:49:07.0288781Z Image Release: https://github.com/actions/runner-images/releases/tag/ubuntu24%2F20261004.327
4 SCA	Set up job	2026-10-07T13:49:07.0290977Z ##[endgroup]
4 SCA	Set up job	2026-10-07T13:49:07.0293031Z ##[group]GITHUB_TOKEN Permissions
4 SCA	Set up job	2026-10-07T13:49:07.0296135Z Contents: read
4 SCA	Set up job	2026-10-07T13:49:07.0297292Z Metadata: read
4 SCA	Set up job	2026-10-07T13:49:07.0298424Z ##[endgroup]
4 SCA	Set up job	2026-10-07T13:49:07.0301700Z Secret source: Actions
4 SCA	Set up job	2026-10-07T13:49:07.0303422Z Cache mode: write
4 SCA	Set up job	2026-10-07T13:49:07.0305479Z Prepare workflow directory
4 SCA	Set up job	2026-10-07T13:49:07.0893500Z Prepare all required actions
4 SCA	Set up job	2026-10-07T13:49:07.0964972Z Getting action download info
4 SCA	Set up job	2026-10-07T13:49:07.3740500Z Download action repository 'actions/checkout@v4' (SHA:11d5960a326750d5838078e36cf38b85af677262)
4 SCA	Set up job	2026-10-07T13:49:07.4770453Z Download action repository 'actions/setup-python@v5' (SHA:a26af69be951a213d495a4c3e4e4022e16d87065)
4 SCA	Set up job	2026-10-07T13:49:07.5634224Z Download action repository 'actions/upload-artifact@v4' (SHA:ea165f8d65b6e75b540449e92b4886f43607fa02)
4 SCA	Set up job	2026-10-07T13:49:07.8265430Z Complete job name: 4 SCA
4 SCA	Checkout code	﻿2026-10-07T13:49:07.9030299Z ##[group]Run actions/checkout@v4
4 SCA	Checkout code	2026-10-07T13:49:07.9031504Z with:
4 SCA	Checkout code	2026-10-07T13:49:07.9032011Z   repository: AmanYadav7015/devops-coursework
4 SCA	Checkout code	2026-10-07T13:49:07.9036055Z   token: ***
4 SCA	Checkout code	2026-10-07T13:49:07.9036480Z   ssh-strict: true
4 SCA	Checkout code	2026-10-07T13:49:07.9036911Z   ssh-user: git
4 SCA	Checkout code	2026-10-07T13:49:07.9037354Z   persist-credentials: true
4 SCA	Checkout code	2026-10-07T13:49:07.9037843Z   clean: true
4 SCA	Checkout code	2026-10-07T13:49:07.9038289Z   sparse-checkout-cone-mode: true
4 SCA	Checkout code	2026-10-07T13:49:07.9038818Z   fetch-depth: 1
4 SCA	Checkout code	2026-10-07T13:49:07.9039248Z   fetch-tags: false
4 SCA	Checkout code	2026-10-07T13:49:07.9039689Z   show-progress: true
4 SCA	Checkout code	2026-10-07T13:49:07.9040142Z   lfs: false
4 SCA	Checkout code	2026-10-07T13:49:07.9040736Z   submodules: false
4 SCA	Checkout code	2026-10-07T13:49:07.9041200Z   set-safe-directory: true
4 SCA	Checkout code	2026-10-07T13:49:07.9041707Z   allow-unsafe-pr-checkout: false
4 SCA	Checkout code	2026-10-07T13:49:07.9042474Z env:
4 SCA	Checkout code	2026-10-07T13:49:07.9042905Z   APP_DIR: labs/17-devsecops
4 SCA	Checkout code	2026-10-07T13:49:07.9043416Z   IMAGE_NAME: claim-check-api
4 SCA	Checkout code	2026-10-07T13:49:07.9043936Z   TRIVY_VERSION: 0.75.0
4 SCA	Checkout code	2026-10-07T13:49:07.9044431Z   GITLEAKS_VERSION: 8.30.1
4 SCA	Checkout code	2026-10-07T13:49:07.9044905Z   PYTHON_VERSION: 3.13
4 SCA	Checkout code	2026-10-07T13:49:07.9045352Z ##[endgroup]
4 SCA	Checkout code	2026-10-07T13:49:08.0084588Z Syncing repository: AmanYadav7015/devops-coursework
4 SCA	Checkout code	2026-10-07T13:49:08.0086893Z ##[group]Getting Git version info
4 SCA	Checkout code	2026-10-07T13:49:08.0088243Z Working directory is '/home/runner/work/devops-coursework/devops-coursework'
4 SCA	Checkout code	2026-10-07T13:49:08.0090082Z [command]/usr/bin/git version
4 SCA	Checkout code	2026-10-07T13:49:08.0199094Z git version 2.55.0
4 SCA	Checkout code	2026-10-07T13:49:08.0234291Z ##[endgroup]
4 SCA	Checkout code	2026-10-07T13:49:08.0275469Z Temporarily overriding HOME='/home/runner/work/_temp/b316d8ca-acdd-405d-93eb-3d279929a392' before making global git config changes
4 SCA	Checkout code	2026-10-07T13:49:08.0278318Z Adding repository directory to the temporary git global config as a safe directory
4 SCA	Checkout code	2026-10-07T13:49:08.0283248Z [command]/usr/bin/git config --global --add safe.directory /home/runner/work/devops-coursework/devops-coursework
4 SCA	Checkout code	2026-10-07T13:49:08.0339072Z Deleting the contents of '/home/runner/work/devops-coursework/devops-coursework'
4 SCA	Checkout code	2026-10-07T13:49:08.0344889Z ##[group]Initializing the repository
4 SCA	Checkout code	2026-10-07T13:49:08.0350120Z [command]/usr/bin/git init /home/runner/work/devops-coursework/devops-coursework
4 SCA	Checkout code	2026-10-07T13:49:08.0494011Z hint: Using 'master' as the name for the initial branch. This default branch name
4 SCA	Checkout code	2026-10-07T13:49:08.0495783Z hint: will change to "main" in Git 3.0. To configure the initial branch name
4 SCA	Checkout code	2026-10-07T13:49:08.0501840Z hint: to use in all of your new repositories, which will suppress this warning,
4 SCA	Checkout code	2026-10-07T13:49:08.0503542Z hint: call:
4 SCA	Checkout code	2026-10-07T13:49:08.0504606Z hint:
4 SCA	Checkout code	2026-10-07T13:49:08.0506149Z hint: 	git config --global init.defaultBranch <name>
4 SCA	Checkout code	2026-10-07T13:49:08.0507632Z hint:
4 SCA	Checkout code	2026-10-07T13:49:08.0512041Z hint: Names commonly chosen instead of 'master' are 'main', 'trunk' and
4 SCA	Checkout code	2026-10-07T13:49:08.0515913Z hint: 'development'. The just-created branch can be renamed via this command:
4 SCA	Checkout code	2026-10-07T13:49:08.0527010Z hint:
4 SCA	Checkout code	2026-10-07T13:49:08.0529823Z hint: 	git branch -m <name>
4 SCA	Checkout code	2026-10-07T13:49:08.0534500Z hint:
4 SCA	Checkout code	2026-10-07T13:49:08.0541979Z hint: Disable this message with "git config set advice.defaultBranchName false"
4 SCA	Checkout code	2026-10-07T13:49:08.0566126Z Initialized empty Git repository in /home/runner/work/devops-coursework/devops-coursework/.git/
4 SCA	Checkout code	2026-10-07T13:49:08.0569862Z [command]/usr/bin/git remote add origin https://github.com/AmanYadav7015/devops-coursework
4 SCA	Checkout code	2026-10-07T13:49:08.0634765Z ##[endgroup]
4 SCA	Checkout code	2026-10-07T13:49:08.0636122Z ##[group]Disabling automatic garbage collection
4 SCA	Checkout code	2026-10-07T13:49:08.0641268Z [command]/usr/bin/git config --local gc.auto 0
4 SCA	Checkout code	2026-10-07T13:49:08.0683542Z ##[endgroup]
4 SCA	Checkout code	2026-10-07T13:49:08.0684872Z ##[group]Setting up auth
4 SCA	Checkout code	2026-10-07T13:49:08.0694203Z [command]/usr/bin/git config --local --name-only --get-regexp core\.sshCommand
4 SCA	Checkout code	2026-10-07T13:49:08.0738167Z [command]/usr/bin/git submodule foreach --recursive sh -c "git config --local --name-only --get-regexp 'core\.sshCommand' && git config --local --unset-all 'core.sshCommand' || :"
4 SCA	Checkout code	2026-10-07T13:49:08.1206931Z [command]/usr/bin/git config --local --name-only --get-regexp http\.https\:\/\/github\.com\/\.extraheader
4 SCA	Checkout code	2026-10-07T13:49:08.1260497Z [command]/usr/bin/git submodule foreach --recursive sh -c "git config --local --name-only --get-regexp 'http\.https\:\/\/github\.com\/\.extraheader' && git config --local --unset-all 'http.https://github.com/.extraheader' || :"
4 SCA	Checkout code	2026-10-07T13:49:08.1516596Z [command]/usr/bin/git config --local --name-only --get-regexp ^includeIf\.gitdir:
4 SCA	Checkout code	2026-10-07T13:49:08.1555950Z [command]/usr/bin/git submodule foreach --recursive git config --local --show-origin --name-only --get-regexp remote.origin.url
4 SCA	Checkout code	2026-10-07T13:49:08.1806694Z [command]/usr/bin/git config --local http.https://github.com/.extraheader AUTHORIZATION: basic ***
4 SCA	Checkout code	2026-10-07T13:49:08.1899672Z ##[endgroup]
4 SCA	Checkout code	2026-10-07T13:49:08.1900830Z ##[group]Fetching the repository
4 SCA	Checkout code	2026-10-07T13:49:08.1910021Z [command]/usr/bin/git -c protocol.version=2 fetch --no-tags --prune --no-recurse-submodules --depth=1 origin +93abcaeb1fb8d12fa938e9f322c07aa15533f82e:refs/remotes/origin/session-17-devsecops-ci
4 SCA	Checkout code	2026-10-07T13:49:09.1304616Z From https://github.com/AmanYadav7015/devops-coursework
4 SCA	Checkout code	2026-10-07T13:49:09.1306944Z  * [new ref]         93abcaeb1fb8d12fa938e9f322c07aa15533f82e -> origin/session-17-devsecops-ci
4 SCA	Checkout code	2026-10-07T13:49:09.1312703Z ##[endgroup]
4 SCA	Checkout code	2026-10-07T13:49:09.1314597Z ##[group]Determining the checkout info
4 SCA	Checkout code	2026-10-07T13:49:09.1316676Z ##[endgroup]
4 SCA	Checkout code	2026-10-07T13:49:09.1320216Z [command]/usr/bin/git sparse-checkout disable
4 SCA	Checkout code	2026-10-07T13:49:09.1392065Z [command]/usr/bin/git config --local --unset-all extensions.worktreeConfig
4 SCA	Checkout code	2026-10-07T13:49:09.1433634Z ##[group]Checking out the ref
4 SCA	Checkout code	2026-10-07T13:49:09.1439654Z [command]/usr/bin/git checkout --progress --force -B session-17-devsecops-ci refs/remotes/origin/session-17-devsecops-ci
4 SCA	Checkout code	2026-10-07T13:49:09.2677308Z Switched to a new branch 'session-17-devsecops-ci'
4 SCA	Checkout code	2026-10-07T13:49:09.2899720Z branch 'session-17-devsecops-ci' set up to track 'origin/session-17-devsecops-ci'.
4 SCA	Checkout code	2026-10-07T13:49:09.2909630Z ##[endgroup]
4 SCA	Checkout code	2026-10-07T13:49:09.2956384Z [command]/usr/bin/git log -1 --format=%H
4 SCA	Checkout code	2026-10-07T13:49:09.2984048Z 93abcaeb1fb8d12fa938e9f322c07aa15533f82e
4 SCA	Setup Python	﻿2026-10-07T13:49:09.3342730Z ##[group]Run actions/setup-python@v5
4 SCA	Setup Python	2026-10-07T13:49:09.3343619Z with:
4 SCA	Setup Python	2026-10-07T13:49:09.3344125Z   python-version: 3.13
4 SCA	Setup Python	2026-10-07T13:49:09.3344743Z   check-latest: false
4 SCA	Setup Python	2026-10-07T13:49:09.3354827Z   token: ***
4 SCA	Setup Python	2026-10-07T13:49:09.3355397Z   update-environment: true
4 SCA	Setup Python	2026-10-07T13:49:09.3356069Z   allow-prereleases: false
4 SCA	Setup Python	2026-10-07T13:49:09.3422992Z   freethreaded: false
4 SCA	Setup Python	2026-10-07T13:49:09.3424081Z env:
4 SCA	Setup Python	2026-10-07T13:49:09.3425019Z   APP_DIR: labs/17-devsecops
4 SCA	Setup Python	2026-10-07T13:49:09.3426202Z   IMAGE_NAME: claim-check-api
4 SCA	Setup Python	2026-10-07T13:49:09.3427367Z   TRIVY_VERSION: 0.75.0
4 SCA	Setup Python	2026-10-07T13:49:09.3428432Z   GITLEAKS_VERSION: 8.30.1
4 SCA	Setup Python	2026-10-07T13:49:09.3429594Z   PYTHON_VERSION: 3.13
4 SCA	Setup Python	2026-10-07T13:49:09.3430905Z ##[endgroup]
4 SCA	Setup Python	2026-10-07T13:49:09.4830329Z ##[group]Installed versions
4 SCA	Setup Python	2026-10-07T13:49:09.5184365Z (node:2291) [DEP0040] DeprecationWarning: The `punycode` module is deprecated. Please use a userland alternative instead.
4 SCA	Setup Python	2026-10-07T13:49:09.5188526Z (Use `node --trace-deprecation ...` to show where the warning was created)
4 SCA	Setup Python	2026-10-07T13:49:09.5191392Z Successfully set up CPython (3.13.16)
4 SCA	Setup Python	2026-10-07T13:49:09.5194141Z ##[endgroup]
4 SCA	Install trivy	﻿2026-10-07T13:49:09.5425169Z ##[group]Run curl -sfL https://raw.githubusercontent.com/aquasecurity/trivy/main/contrib/install.sh \
4 SCA	Install trivy	2026-10-07T13:49:09.5428192Z [36;1mcurl -sfL https://raw.githubusercontent.com/aquasecurity/trivy/main/contrib/install.sh \[0m
4 SCA	Install trivy	2026-10-07T13:49:09.5430770Z [36;1m  | sudo sh -s -- -b /usr/local/bin "v${TRIVY_VERSION}"[0m
4 SCA	Install trivy	2026-10-07T13:49:09.5433080Z [36;1mtrivy --version[0m
4 SCA	Install trivy	2026-10-07T13:49:09.6118191Z shell: /usr/bin/bash --noprofile --norc -e -o pipefail {0}
4 SCA	Install trivy	2026-10-07T13:49:09.6119739Z env:
4 SCA	Install trivy	2026-10-07T13:49:09.6120864Z   APP_DIR: labs/17-devsecops
4 SCA	Install trivy	2026-10-07T13:49:09.6122053Z   IMAGE_NAME: claim-check-api
4 SCA	Install trivy	2026-10-07T13:49:09.6123187Z   TRIVY_VERSION: 0.75.0
4 SCA	Install trivy	2026-10-07T13:49:09.6124251Z   GITLEAKS_VERSION: 8.30.1
4 SCA	Install trivy	2026-10-07T13:49:09.6125358Z   PYTHON_VERSION: 3.13
4 SCA	Install trivy	2026-10-07T13:49:09.6126626Z   pythonLocation: /opt/hostedtoolcache/Python/3.13.16/x64
4 SCA	Install trivy	2026-10-07T13:49:09.6128415Z   PKG_CONFIG_PATH: /opt/hostedtoolcache/Python/3.13.16/x64/lib/pkgconfig
4 SCA	Install trivy	2026-10-07T13:49:09.6130227Z   Python_ROOT_DIR: /opt/hostedtoolcache/Python/3.13.16/x64
4 SCA	Install trivy	2026-10-07T13:49:09.6132076Z   Python2_ROOT_DIR: /opt/hostedtoolcache/Python/3.13.16/x64
4 SCA	Install trivy	2026-10-07T13:49:09.6133743Z   Python3_ROOT_DIR: /opt/hostedtoolcache/Python/3.13.16/x64
4 SCA	Install trivy	2026-10-07T13:49:09.6135421Z   LD_LIBRARY_PATH: /opt/hostedtoolcache/Python/3.13.16/x64/lib
4 SCA	Install trivy	2026-10-07T13:49:09.6136859Z ##[endgroup]
4 SCA	Install trivy	2026-10-07T13:49:09.7584641Z aquasecurity/trivy info checking GitHub for tag 'v0.75.0'
4 SCA	Install trivy	2026-10-07T13:49:09.9479757Z aquasecurity/trivy info found version: 0.75.0 for v0.75.0/Linux/64bit
4 SCA	Install trivy	2026-10-07T13:49:11.5152712Z aquasecurity/trivy info installed /usr/local/bin/trivy
4 SCA	Install trivy	2026-10-07T13:49:11.6352109Z Version: 0.75.0
4 SCA	Install pip-audit	﻿2026-10-07T13:49:11.6410139Z ##[group]Run pip install pip-audit==2.10.1
4 SCA	Install pip-audit	2026-10-07T13:49:11.6410897Z [36;1mpip install pip-audit==2.10.1[0m
4 SCA	Install pip-audit	2026-10-07T13:49:11.6477639Z shell: /usr/bin/bash --noprofile --norc -e -o pipefail {0}
4 SCA	Install pip-audit	2026-10-07T13:49:11.6478040Z env:
4 SCA	Install pip-audit	2026-10-07T13:49:11.6478288Z   APP_DIR: labs/17-devsecops
4 SCA	Install pip-audit	2026-10-07T13:49:11.6478589Z   IMAGE_NAME: claim-check-api
4 SCA	Install pip-audit	2026-10-07T13:49:11.6478880Z   TRIVY_VERSION: 0.75.0
4 SCA	Install pip-audit	2026-10-07T13:49:11.6479152Z   GITLEAKS_VERSION: 8.30.1
4 SCA	Install pip-audit	2026-10-07T13:49:11.6479432Z   PYTHON_VERSION: 3.13
4 SCA	Install pip-audit	2026-10-07T13:49:11.6479761Z   pythonLocation: /opt/hostedtoolcache/Python/3.13.16/x64
4 SCA	Install pip-audit	2026-10-07T13:49:11.6480233Z   PKG_CONFIG_PATH: /opt/hostedtoolcache/Python/3.13.16/x64/lib/pkgconfig
4 SCA	Install pip-audit	2026-10-07T13:49:11.6480872Z   Python_ROOT_DIR: /opt/hostedtoolcache/Python/3.13.16/x64
4 SCA	Install pip-audit	2026-10-07T13:49:11.6481324Z   Python2_ROOT_DIR: /opt/hostedtoolcache/Python/3.13.16/x64
4 SCA	Install pip-audit	2026-10-07T13:49:11.6482033Z   Python3_ROOT_DIR: /opt/hostedtoolcache/Python/3.13.16/x64
4 SCA	Install pip-audit	2026-10-07T13:49:11.6482484Z   LD_LIBRARY_PATH: /opt/hostedtoolcache/Python/3.13.16/x64/lib
4 SCA	Install pip-audit	2026-10-07T13:49:11.6482900Z ##[endgroup]
4 SCA	Install pip-audit	2026-10-07T13:49:16.6781774Z Collecting pip-audit==2.10.1
4 SCA	Install pip-audit	2026-10-07T13:49:16.7581291Z   Downloading pip_audit-2.10.1-py3-none-any.whl.metadata (28 kB)
4 SCA	Install pip-audit	2026-10-07T13:49:16.7935375Z Collecting CacheControl>=0.13.0 (from CacheControl[filecache]>=0.13.0->pip-audit==2.10.1)
4 SCA	Install pip-audit	2026-10-07T13:49:16.8045366Z   Downloading cachecontrol-0.14.4-py3-none-any.whl.metadata (3.1 kB)
4 SCA	Install pip-audit	2026-10-07T13:49:16.8450384Z Collecting cyclonedx-python-lib<12,>=5 (from pip-audit==2.10.1)
4 SCA	Install pip-audit	2026-10-07T13:49:16.8533461Z   Downloading cyclonedx_python_lib-11.12.0-py3-none-any.whl.metadata (6.9 kB)
4 SCA	Install pip-audit	2026-10-07T13:49:16.8757650Z Collecting packaging>=23.0.0 (from pip-audit==2.10.1)
4 SCA	Install pip-audit	2026-10-07T13:49:16.8839765Z   Downloading packaging-26.3-py3-none-any.whl.metadata (3.5 kB)
4 SCA	Install pip-audit	2026-10-07T13:49:16.9012865Z Collecting pip-api>=0.0.28 (from pip-audit==2.10.1)
4 SCA	Install pip-audit	2026-10-07T13:49:16.9107660Z   Downloading pip_api-0.0.35-py3-none-any.whl.metadata (17 kB)
4 SCA	Install pip-audit	2026-10-07T13:49:16.9296536Z Collecting pip-requirements-parser>=32.0.0 (from pip-audit==2.10.1)
4 SCA	Install pip-audit	2026-10-07T13:49:16.9378176Z   Downloading pip_requirements_parser-32.0.1-py3-none-any.whl.metadata (9.3 kB)
4 SCA	Install pip-audit	2026-10-07T13:49:16.9690844Z Collecting requests>=2.31.0 (from pip-audit==2.10.1)
4 SCA	Install pip-audit	2026-10-07T13:49:16.9773257Z   Downloading requests-2.34.2-py3-none-any.whl.metadata (4.8 kB)
4 SCA	Install pip-audit	2026-10-07T13:49:17.0164716Z Collecting rich>=12.4 (from pip-audit==2.10.1)
4 SCA	Install pip-audit	2026-10-07T13:49:17.0261103Z   Downloading rich-15.0.0-py3-none-any.whl.metadata (18 kB)
4 SCA	Install pip-audit	2026-10-07T13:49:17.0571907Z Collecting tomli>=2.2.1 (from pip-audit==2.10.1)
4 SCA	Install pip-audit	2026-10-07T13:49:17.0651965Z   Downloading tomli-2.5.0-cp313-cp313-manylinux2014_x86_64.manylinux_2_17_x86_64.manylinux_2_28_x86_64.whl.metadata (10 kB)
4 SCA	Install pip-audit	2026-10-07T13:49:17.0805348Z Collecting tomli-w>=1.2.0 (from pip-audit==2.10.1)
4 SCA	Install pip-audit	2026-10-07T13:49:17.0885380Z   Downloading tomli_w-1.2.0-py3-none-any.whl.metadata (5.7 kB)
4 SCA	Install pip-audit	2026-10-07T13:49:17.1134489Z Collecting platformdirs>=4.2.0 (from pip-audit==2.10.1)
4 SCA	Install pip-audit	2026-10-07T13:49:17.1214886Z   Downloading platformdirs-4.12.3-py3-none-any.whl.metadata (5.5 kB)
4 SCA	Install pip-audit	2026-10-07T13:49:17.1403633Z Collecting license-expression<31,>=30 (from cyclonedx-python-lib<12,>=5->pip-audit==2.10.1)
4 SCA	Install pip-audit	2026-10-07T13:49:17.1499286Z   Downloading license_expression-30.4.4-py3-none-any.whl.metadata (11 kB)
4 SCA	Install pip-audit	2026-10-07T13:49:17.1744330Z Collecting packageurl-python<2,>=0.11 (from cyclonedx-python-lib<12,>=5->pip-audit==2.10.1)
4 SCA	Install pip-audit	2026-10-07T13:49:17.1822138Z   Downloading packageurl_python-0.17.6-py3-none-any.whl.metadata (5.1 kB)
4 SCA	Install pip-audit	2026-10-07T13:49:17.2047295Z Collecting py-serializable<3.0.0,>=2.1.0 (from cyclonedx-python-lib<12,>=5->pip-audit==2.10.1)
4 SCA	Install pip-audit	2026-10-07T13:49:17.2130439Z   Downloading py_serializable-2.1.0-py3-none-any.whl.metadata (4.3 kB)
4 SCA	Install pip-audit	2026-10-07T13:49:17.2318940Z Collecting sortedcontainers<3.0.0,>=2.4.0 (from cyclonedx-python-lib<12,>=5->pip-audit==2.10.1)
4 SCA	Install pip-audit	2026-10-07T13:49:17.2460729Z   Downloading sortedcontainers-2.4.0-py2.py3-none-any.whl.metadata (10 kB)
4 SCA	Install pip-audit	2026-10-07T13:49:17.2641311Z Collecting boolean.py>=4.0 (from license-expression<31,>=30->cyclonedx-python-lib<12,>=5->pip-audit==2.10.1)
4 SCA	Install pip-audit	2026-10-07T13:49:17.2719602Z   Downloading boolean_py-5.0-py3-none-any.whl.metadata (2.3 kB)
4 SCA	Install pip-audit	2026-10-07T13:49:17.2898558Z Collecting defusedxml<0.8.0,>=0.7.1 (from py-serializable<3.0.0,>=2.1.0->cyclonedx-python-lib<12,>=5->pip-audit==2.10.1)
4 SCA	Install pip-audit	2026-10-07T13:49:17.2980015Z   Downloading defusedxml-0.7.1-py2.py3-none-any.whl.metadata (32 kB)
4 SCA	Install pip-audit	2026-10-07T13:49:17.3958402Z Collecting msgpack<2.0.0,>=0.5.2 (from CacheControl>=0.13.0->CacheControl[filecache]>=0.13.0->pip-audit==2.10.1)
4 SCA	Install pip-audit	2026-10-07T13:49:17.4047310Z   Downloading msgpack-1.2.3-cp313-cp313-manylinux2014_x86_64.manylinux_2_17_x86_64.manylinux_2_28_x86_64.whl.metadata (8.3 kB)
4 SCA	Install pip-audit	2026-10-07T13:49:17.4370112Z Collecting filelock>=3.8.0 (from CacheControl[filecache]>=0.13.0->pip-audit==2.10.1)
4 SCA	Install pip-audit	2026-10-07T13:49:17.4453778Z   Downloading filelock-4.0.12-py3-none-any.whl.metadata (2.0 kB)
4 SCA	Install pip-audit	2026-10-07T13:49:17.4504678Z Requirement already satisfied: pip in /opt/hostedtoolcache/Python/3.13.16/x64/lib/python3.13/site-packages (from pip-api>=0.0.28->pip-audit==2.10.1) (26.2.1)
4 SCA	Install pip-audit	2026-10-07T13:49:17.4772797Z Collecting pyparsing (from pip-requirements-parser>=32.0.0->pip-audit==2.10.1)
4 SCA	Install pip-audit	2026-10-07T13:49:17.4871472Z   Downloading pyparsing-3.3.3-py3-none-any.whl.metadata (5.9 kB)
4 SCA	Install pip-audit	2026-10-07T13:49:17.6291457Z Collecting charset_normalizer<4,>=2 (from requests>=2.31.0->pip-audit==2.10.1)
4 SCA	Install pip-audit	2026-10-07T13:49:17.6380888Z   Downloading charset_normalizer-3.5.2-cp313-cp313-manylinux2014_x86_64.manylinux_2_17_x86_64.manylinux_2_28_x86_64.whl.metadata (46 kB)
4 SCA	Install pip-audit	2026-10-07T13:49:17.6671676Z Collecting idna<4,>=2.5 (from requests>=2.31.0->pip-audit==2.10.1)
4 SCA	Install pip-audit	2026-10-07T13:49:17.6756009Z   Downloading idna-3.20-py3-none-any.whl.metadata (7.2 kB)
4 SCA	Install pip-audit	2026-10-07T13:49:17.7004831Z Collecting urllib3<3,>=1.26 (from requests>=2.31.0->pip-audit==2.10.1)
4 SCA	Install pip-audit	2026-10-07T13:49:17.7094320Z   Downloading urllib3-2.8.0-py3-none-any.whl.metadata (7.4 kB)
4 SCA	Install pip-audit	2026-10-07T13:49:17.7337041Z Collecting certifi>=2023.5.7 (from requests>=2.31.0->pip-audit==2.10.1)
4 SCA	Install pip-audit	2026-10-07T13:49:17.7432846Z   Downloading certifi-2026.7.22-py3-none-any.whl.metadata (2.5 kB)
4 SCA	Install pip-audit	2026-10-07T13:49:17.7644339Z Collecting markdown-it-py>=2.2.0 (from rich>=12.4->pip-audit==2.10.1)
4 SCA	Install pip-audit	2026-10-07T13:49:17.7723999Z   Downloading markdown_it_py-4.2.0-py3-none-any.whl.metadata (7.4 kB)
4 SCA	Install pip-audit	2026-10-07T13:49:17.7970027Z Collecting pygments<3.0.0,>=2.13.0 (from rich>=12.4->pip-audit==2.10.1)
4 SCA	Install pip-audit	2026-10-07T13:49:17.8051779Z   Downloading pygments-2.21.0-py3-none-any.whl.metadata (2.5 kB)
4 SCA	Install pip-audit	2026-10-07T13:49:17.8210575Z Collecting mdurl~=0.1 (from markdown-it-py>=2.2.0->rich>=12.4->pip-audit==2.10.1)
4 SCA	Install pip-audit	2026-10-07T13:49:17.8295534Z   Downloading mdurl-0.1.2-py3-none-any.whl.metadata (1.6 kB)
4 SCA	Install pip-audit	2026-10-07T13:49:17.8603875Z Downloading pip_audit-2.10.1-py3-none-any.whl (62 kB)
4 SCA	Install pip-audit	2026-10-07T13:49:17.8760402Z Downloading cyclonedx_python_lib-11.12.0-py3-none-any.whl (529 kB)
4 SCA	Install pip-audit	2026-10-07T13:49:17.9241714Z    ━━━━━━━━━━━━━━━━━━━━━━━━━━━━━━━━━━━━━━━━ 529.5/529.5 kB 12.3 MB/s  0:00:00
4 SCA	Install pip-audit	2026-10-07T13:49:17.9323019Z Downloading license_expression-30.4.4-py3-none-any.whl (120 kB)
4 SCA	Install pip-audit	2026-10-07T13:49:17.9502340Z Downloading packageurl_python-0.17.6-py3-none-any.whl (36 kB)
4 SCA	Install pip-audit	2026-10-07T13:49:17.9615765Z Downloading py_serializable-2.1.0-py3-none-any.whl (23 kB)
4 SCA	Install pip-audit	2026-10-07T13:49:17.9714604Z Downloading defusedxml-0.7.1-py2.py3-none-any.whl (25 kB)
4 SCA	Install pip-audit	2026-10-07T13:49:17.9818020Z Downloading sortedcontainers-2.4.0-py2.py3-none-any.whl (29 kB)
4 SCA	Install pip-audit	2026-10-07T13:49:17.9974686Z Downloading boolean_py-5.0-py3-none-any.whl (26 kB)
4 SCA	Install pip-audit	2026-10-07T13:49:18.0101575Z Downloading cachecontrol-0.14.4-py3-none-any.whl (22 kB)
4 SCA	Install pip-audit	2026-10-07T13:49:18.0211555Z Downloading msgpack-1.2.3-cp313-cp313-manylinux2014_x86_64.manylinux_2_17_x86_64.manylinux_2_28_x86_64.whl (466 kB)
4 SCA	Install pip-audit	2026-10-07T13:49:18.0596426Z Downloading filelock-4.0.12-py3-none-any.whl (111 kB)
4 SCA	Install pip-audit	2026-10-07T13:49:18.0746355Z Downloading packaging-26.3-py3-none-any.whl (129 kB)
4 SCA	Install pip-audit	2026-10-07T13:49:18.0909290Z Downloading pip_api-0.0.35-py3-none-any.whl (123 kB)
4 SCA	Install pip-audit	2026-10-07T13:49:18.1044790Z Downloading pip_requirements_parser-32.0.1-py3-none-any.whl (35 kB)
4 SCA	Install pip-audit	2026-10-07T13:49:18.1151430Z Downloading platformdirs-4.12.3-py3-none-any.whl (32 kB)
4 SCA	Install pip-audit	2026-10-07T13:49:18.1248552Z Downloading requests-2.34.2-py3-none-any.whl (73 kB)
4 SCA	Install pip-audit	2026-10-07T13:49:18.1366393Z Downloading charset_normalizer-3.5.2-cp313-cp313-manylinux2014_x86_64.manylinux_2_17_x86_64.manylinux_2_28_x86_64.whl (254 kB)
4 SCA	Install pip-audit	2026-10-07T13:49:18.1576591Z Downloading idna-3.20-py3-none-any.whl (69 kB)
4 SCA	Install pip-audit	2026-10-07T13:49:18.1700784Z Downloading urllib3-2.8.0-py3-none-any.whl (135 kB)
4 SCA	Install pip-audit	2026-10-07T13:49:18.1847094Z Downloading certifi-2026.7.22-py3-none-any.whl (136 kB)
4 SCA	Install pip-audit	2026-10-07T13:49:18.1994253Z Downloading rich-15.0.0-py3-none-any.whl (310 kB)
4 SCA	Install pip-audit	2026-10-07T13:49:18.2209188Z Downloading pygments-2.21.0-py3-none-any.whl (1.3 MB)
4 SCA	Install pip-audit	2026-10-07T13:49:18.2669848Z    ━━━━━━━━━━━━━━━━━━━━━━━━━━━━━━━━━━━━━━━━ 1.3/1.3 MB 27.6 MB/s  0:00:00
4 SCA	Install pip-audit	2026-10-07T13:49:18.2755317Z Downloading markdown_it_py-4.2.0-py3-none-any.whl (91 kB)
4 SCA	Install pip-audit	2026-10-07T13:49:18.2860207Z Downloading mdurl-0.1.2-py3-none-any.whl (10.0 kB)
4 SCA	Install pip-audit	2026-10-07T13:49:18.2962219Z Downloading tomli-2.5.0-cp313-cp313-manylinux2014_x86_64.manylinux_2_17_x86_64.manylinux_2_28_x86_64.whl (283 kB)
4 SCA	Install pip-audit	2026-10-07T13:49:18.3124111Z Downloading tomli_w-1.2.0-py3-none-any.whl (6.7 kB)
4 SCA	Install pip-audit	2026-10-07T13:49:18.3218804Z Downloading pyparsing-3.3.3-py3-none-any.whl (126 kB)
4 SCA	Install pip-audit	2026-10-07T13:49:18.6736235Z Installing collected packages: sortedcontainers, boolean.py, urllib3, tomli-w, tomli, pyparsing, pygments, platformdirs, pip-api, packaging, packageurl-python, msgpack, mdurl, license-expression, idna, filelock, defusedxml, charset_normalizer, certifi, requests, py-serializable, pip-requirements-parser, markdown-it-py, rich, cyclonedx-python-lib, CacheControl, pip-audit
4 SCA	Install pip-audit	2026-10-07T13:49:20.7775611Z 
4 SCA	Install pip-audit	2026-10-07T13:49:20.7822295Z Successfully installed CacheControl-0.14.4 boolean.py-5.0 certifi-2026.7.22 charset_normalizer-3.5.2 cyclonedx-python-lib-11.12.0 defusedxml-0.7.1 filelock-4.0.12 idna-3.20 license-expression-30.4.4 markdown-it-py-4.2.0 mdurl-0.1.2 msgpack-1.2.3 packageurl-python-0.17.6 packaging-26.3 pip-api-0.0.35 pip-audit-2.10.1 pip-requirements-parser-32.0.1 platformdirs-4.12.3 py-serializable-2.1.0 pygments-2.21.0 pyparsing-3.3.3 requests-2.34.2 rich-15.0.0 sortedcontainers-2.4.0 tomli-2.5.0 tomli-w-1.2.0 urllib3-2.8.0
4 SCA	Audit the pinned dependencies with pip-audit	﻿2026-10-07T13:49:20.8761417Z ##[group]Run set -o pipefail
4 SCA	Audit the pinned dependencies with pip-audit	2026-10-07T13:49:20.8761779Z [36;1mset -o pipefail[0m
4 SCA	Audit the pinned dependencies with pip-audit	2026-10-07T13:49:20.8762029Z [36;1mmkdir -p reports[0m
4 SCA	Audit the pinned dependencies with pip-audit	2026-10-07T13:49:20.8762403Z [36;1mpip-audit -r requirements.txt --no-deps | tee reports/pip-audit.txt[0m
4 SCA	Audit the pinned dependencies with pip-audit	2026-10-07T13:49:20.8831665Z shell: /usr/bin/bash --noprofile --norc -e -o pipefail {0}
4 SCA	Audit the pinned dependencies with pip-audit	2026-10-07T13:49:20.8832027Z env:
4 SCA	Audit the pinned dependencies with pip-audit	2026-10-07T13:49:20.8832231Z   APP_DIR: labs/17-devsecops
4 SCA	Audit the pinned dependencies with pip-audit	2026-10-07T13:49:20.8832485Z   IMAGE_NAME: claim-check-api
4 SCA	Audit the pinned dependencies with pip-audit	2026-10-07T13:49:20.8832727Z   TRIVY_VERSION: 0.75.0
4 SCA	Audit the pinned dependencies with pip-audit	2026-10-07T13:49:20.8832948Z   GITLEAKS_VERSION: 8.30.1
4 SCA	Audit the pinned dependencies with pip-audit	2026-10-07T13:49:20.8833180Z   PYTHON_VERSION: 3.13
4 SCA	Audit the pinned dependencies with pip-audit	2026-10-07T13:49:20.8833457Z   pythonLocation: /opt/hostedtoolcache/Python/3.13.16/x64
4 SCA	Audit the pinned dependencies with pip-audit	2026-10-07T13:49:20.8833891Z   PKG_CONFIG_PATH: /opt/hostedtoolcache/Python/3.13.16/x64/lib/pkgconfig
4 SCA	Audit the pinned dependencies with pip-audit	2026-10-07T13:49:20.8834312Z   Python_ROOT_DIR: /opt/hostedtoolcache/Python/3.13.16/x64
4 SCA	Audit the pinned dependencies with pip-audit	2026-10-07T13:49:20.8834699Z   Python2_ROOT_DIR: /opt/hostedtoolcache/Python/3.13.16/x64
4 SCA	Audit the pinned dependencies with pip-audit	2026-10-07T13:49:20.8835110Z   Python3_ROOT_DIR: /opt/hostedtoolcache/Python/3.13.16/x64
4 SCA	Audit the pinned dependencies with pip-audit	2026-10-07T13:49:20.8835491Z   LD_LIBRARY_PATH: /opt/hostedtoolcache/Python/3.13.16/x64/lib
4 SCA	Audit the pinned dependencies with pip-audit	2026-10-07T13:49:20.8835814Z ##[endgroup]
4 SCA	Audit the pinned dependencies with pip-audit	2026-10-07T13:49:22.1568200Z WARNING:pip_audit._cli:--no-deps is supported, but users are encouraged to fully hash their pinned dependencies
4 SCA	Audit the pinned dependencies with pip-audit	2026-10-07T13:49:22.1569885Z WARNING:pip_audit._cli:Consider using a tool like `pip-compile`: https://pip-tools.readthedocs.io/en/latest/#using-hashes
4 SCA	Audit the pinned dependencies with pip-audit	2026-10-07T13:49:28.1936552Z No known vulnerabilities found
4 SCA	Audit the pinned dependencies with trivy	﻿2026-10-07T13:49:28.2434457Z ##[group]Run set -o pipefail
4 SCA	Audit the pinned dependencies with trivy	2026-10-07T13:49:28.2434836Z [36;1mset -o pipefail[0m
4 SCA	Audit the pinned dependencies with trivy	2026-10-07T13:49:28.2435233Z [36;1mtrivy fs --scanners vuln --severity HIGH,CRITICAL --exit-code 1 \[0m
4 SCA	Audit the pinned dependencies with trivy	2026-10-07T13:49:28.2435757Z [36;1m  --format table requirements.txt | tee reports/trivy-fs.txt[0m
4 SCA	Audit the pinned dependencies with trivy	2026-10-07T13:49:28.2511867Z shell: /usr/bin/bash --noprofile --norc -e -o pipefail {0}
4 SCA	Audit the pinned dependencies with trivy	2026-10-07T13:49:28.2512223Z env:
4 SCA	Audit the pinned dependencies with trivy	2026-10-07T13:49:28.2512428Z   APP_DIR: labs/17-devsecops
4 SCA	Audit the pinned dependencies with trivy	2026-10-07T13:49:28.2512681Z   IMAGE_NAME: claim-check-api
4 SCA	Audit the pinned dependencies with trivy	2026-10-07T13:49:28.2512915Z   TRIVY_VERSION: 0.75.0
4 SCA	Audit the pinned dependencies with trivy	2026-10-07T13:49:28.2513130Z   GITLEAKS_VERSION: 8.30.1
4 SCA	Audit the pinned dependencies with trivy	2026-10-07T13:49:28.2513349Z   PYTHON_VERSION: 3.13
4 SCA	Audit the pinned dependencies with trivy	2026-10-07T13:49:28.2513624Z   pythonLocation: /opt/hostedtoolcache/Python/3.13.16/x64
4 SCA	Audit the pinned dependencies with trivy	2026-10-07T13:49:28.2514043Z   PKG_CONFIG_PATH: /opt/hostedtoolcache/Python/3.13.16/x64/lib/pkgconfig
4 SCA	Audit the pinned dependencies with trivy	2026-10-07T13:49:28.2514477Z   Python_ROOT_DIR: /opt/hostedtoolcache/Python/3.13.16/x64
4 SCA	Audit the pinned dependencies with trivy	2026-10-07T13:49:28.2514862Z   Python2_ROOT_DIR: /opt/hostedtoolcache/Python/3.13.16/x64
4 SCA	Audit the pinned dependencies with trivy	2026-10-07T13:49:28.2515476Z   Python3_ROOT_DIR: /opt/hostedtoolcache/Python/3.13.16/x64
4 SCA	Audit the pinned dependencies with trivy	2026-10-07T13:49:28.2516016Z   LD_LIBRARY_PATH: /opt/hostedtoolcache/Python/3.13.16/x64/lib
4 SCA	Audit the pinned dependencies with trivy	2026-10-07T13:49:28.2516344Z ##[endgroup]
4 SCA	Audit the pinned dependencies with trivy	2026-10-07T13:49:28.3472985Z 2026-10-07T13:49:28Z	INFO	[vulndb] Need to update DB
4 SCA	Audit the pinned dependencies with trivy	2026-10-07T13:49:28.3473666Z 2026-10-07T13:49:28Z	INFO	[vulndb] Downloading vulnerability DB...
4 SCA	Audit the pinned dependencies with trivy	2026-10-07T13:49:28.3474231Z 2026-10-07T13:49:28Z	INFO	[vulndb] Downloading artifact...	repo="mirror.gcr.io/aquasec/trivy-db:2"
4 SCA	Audit the pinned dependencies with trivy	2026-10-07T13:49:33.2592798Z 44.64 MiB / 119.53 MiB [---------------------->_____________________________________] 37.34% ? p/s ?102.30 MiB / 119.53 MiB [-------------------------------------------------->________] 85.58% ? p/s ?119.53 MiB / 119.53 MiB [--------------------------------------------------------->] 100.00% ? p/s ?119.53 MiB / 119.53 MiB [------------------------------------------->] 100.00% 124.77 MiB p/s ETA 0s119.53 MiB / 119.53 MiB [------------------------------------------->] 100.00% 124.77 MiB p/s ETA 0s119.53 MiB / 119.53 MiB [------------------------------------------->] 100.00% 124.77 MiB p/s ETA 0s119.53 MiB / 119.53 MiB [------------------------------------------->] 100.00% 116.72 MiB p/s ETA 0s119.53 MiB / 119.53 MiB [------------------------------------------->] 100.00% 116.72 MiB p/s ETA 0s119.53 MiB / 119.53 MiB [------------------------------------------->] 100.00% 116.72 MiB p/s ETA 0s119.53 MiB / 119.53 MiB [------------------------------------------->] 100.00% 109.19 MiB p/s ETA 0s119.53 MiB / 119.53 MiB [------------------------------------------->] 100.00% 109.19 MiB p/s ETA 0s119.53 MiB / 119.53 MiB [------------------------------------------->] 100.00% 109.19 MiB p/s ETA 0s119.53 MiB / 119.53 MiB [------------------------------------------->] 100.00% 102.15 MiB p/s ETA 0s119.53 MiB / 119.53 MiB [------------------------------------------->] 100.00% 102.15 MiB p/s ETA 0s119.53 MiB / 119.53 MiB [------------------------------------------->] 100.00% 102.15 MiB p/s ETA 0s119.53 MiB / 119.53 MiB [-------------------------------------------->] 100.00% 95.56 MiB p/s ETA 0s119.53 MiB / 119.53 MiB [-------------------------------------------->] 100.00% 95.56 MiB p/s ETA 0s119.53 MiB / 119.53 MiB [-------------------------------------------->] 100.00% 95.56 MiB p/s ETA 0s119.53 MiB / 119.53 MiB [-----------------------------------------------] 100.00% 34.98 MiB p/s 3.6s2026-10-07T13:49:33Z	INFO	[vulndb] Artifact successfully downloaded	repo="mirror.gcr.io/aquasec/trivy-db:2"
4 SCA	Audit the pinned dependencies with trivy	2026-10-07T13:49:33.2603207Z 2026-10-07T13:49:33Z	INFO	[vuln] Vulnerability scanning is enabled
4 SCA	Audit the pinned dependencies with trivy	2026-10-07T13:49:33.2629184Z 2026-10-07T13:49:33Z	INFO	[python] Licenses acquired from one or more METADATA files may be subject to additional terms. Use `--debug` flag to see all affected packages.
4 SCA	Audit the pinned dependencies with trivy	2026-10-07T13:49:33.2640998Z 2026-10-07T13:49:33Z	INFO	Number of language-specific files	num=1
4 SCA	Audit the pinned dependencies with trivy	2026-10-07T13:49:33.2641881Z 2026-10-07T13:49:33Z	INFO	[pip] Detecting vulnerabilities...
4 SCA	Audit the pinned dependencies with trivy	2026-10-07T13:49:33.2682629Z 
4 SCA	Audit the pinned dependencies with trivy	2026-10-07T13:49:33.2683023Z Report Summary
4 SCA	Audit the pinned dependencies with trivy	2026-10-07T13:49:33.2683508Z 
4 SCA	Audit the pinned dependencies with trivy	2026-10-07T13:49:33.2684329Z ┌──────────────────┬──────┬─────────────────┐
4 SCA	Audit the pinned dependencies with trivy	2026-10-07T13:49:33.2685358Z │      Target      │ Type │ Vulnerabilities │
4 SCA	Audit the pinned dependencies with trivy	2026-10-07T13:49:33.2686223Z ├──────────────────┼──────┼─────────────────┤
4 SCA	Audit the pinned dependencies with trivy	2026-10-07T13:49:33.2687088Z │ requirements.txt │ pip  │        0        │
4 SCA	Audit the pinned dependencies with trivy	2026-10-07T13:49:33.2687948Z └──────────────────┴──────┴─────────────────┘
4 SCA	Audit the pinned dependencies with trivy	2026-10-07T13:49:33.2688685Z Legend:
4 SCA	Audit the pinned dependencies with trivy	2026-10-07T13:49:33.2689100Z - '-': Not scanned
4 SCA	Audit the pinned dependencies with trivy	2026-10-07T13:49:33.2689803Z - '0': Clean (no security findings detected)
4 SCA	Audit the pinned dependencies with trivy	2026-10-07T13:49:33.2690267Z 
4 SCA	Upload the SCA report	﻿2026-10-07T13:49:33.2863239Z ##[group]Run actions/upload-artifact@v4
4 SCA	Upload the SCA report	2026-10-07T13:49:33.2863548Z with:
4 SCA	Upload the SCA report	2026-10-07T13:49:33.2863742Z   name: sca-report
4 SCA	Upload the SCA report	2026-10-07T13:49:33.2863962Z   path: labs/17-devsecops/reports
4 SCA	Upload the SCA report	2026-10-07T13:49:33.2864210Z   retention-days: 7
4 SCA	Upload the SCA report	2026-10-07T13:49:33.2864426Z   if-no-files-found: warn
4 SCA	Upload the SCA report	2026-10-07T13:49:33.2864859Z   compression-level: 6
4 SCA	Upload the SCA report	2026-10-07T13:49:33.2865072Z   overwrite: false
4 SCA	Upload the SCA report	2026-10-07T13:49:33.2865281Z   include-hidden-files: false
4 SCA	Upload the SCA report	2026-10-07T13:49:33.2865510Z env:
4 SCA	Upload the SCA report	2026-10-07T13:49:33.2865698Z   APP_DIR: labs/17-devsecops
4 SCA	Upload the SCA report	2026-10-07T13:49:33.2865934Z   IMAGE_NAME: claim-check-api
4 SCA	Upload the SCA report	2026-10-07T13:49:33.2866162Z   TRIVY_VERSION: 0.75.0
4 SCA	Upload the SCA report	2026-10-07T13:49:33.2866373Z   GITLEAKS_VERSION: 8.30.1
4 SCA	Upload the SCA report	2026-10-07T13:49:33.2866596Z   PYTHON_VERSION: 3.13
4 SCA	Upload the SCA report	2026-10-07T13:49:33.2866870Z   pythonLocation: /opt/hostedtoolcache/Python/3.13.16/x64
4 SCA	Upload the SCA report	2026-10-07T13:49:33.2886190Z   PKG_CONFIG_PATH: /opt/hostedtoolcache/Python/3.13.16/x64/lib/pkgconfig
4 SCA	Upload the SCA report	2026-10-07T13:49:33.2886975Z   Python_ROOT_DIR: /opt/hostedtoolcache/Python/3.13.16/x64
4 SCA	Upload the SCA report	2026-10-07T13:49:33.2887611Z   Python2_ROOT_DIR: /opt/hostedtoolcache/Python/3.13.16/x64
4 SCA	Upload the SCA report	2026-10-07T13:49:33.2888022Z   Python3_ROOT_DIR: /opt/hostedtoolcache/Python/3.13.16/x64
4 SCA	Upload the SCA report	2026-10-07T13:49:33.2888409Z   LD_LIBRARY_PATH: /opt/hostedtoolcache/Python/3.13.16/x64/lib
4 SCA	Upload the SCA report	2026-10-07T13:49:33.2888742Z ##[endgroup]
4 SCA	Upload the SCA report	2026-10-07T13:49:33.4643290Z (node:2489) [DEP0040] DeprecationWarning: The `punycode` module is deprecated. Please use a userland alternative instead.
4 SCA	Upload the SCA report	2026-10-07T13:49:33.4645108Z (Use `node --trace-deprecation ...` to show where the warning was created)
4 SCA	Upload the SCA report	2026-10-07T13:49:33.4708999Z With the provided path, there will be 2 files uploaded
4 SCA	Upload the SCA report	2026-10-07T13:49:33.4716150Z Artifact name is valid!
4 SCA	Upload the SCA report	2026-10-07T13:49:33.4717145Z Root directory input is valid!
4 SCA	Upload the SCA report	2026-10-07T13:49:33.6906222Z Beginning upload of artifact content to blob storage
4 SCA	Upload the SCA report	2026-10-07T13:49:33.7125425Z (node:2489) [DEP0169] DeprecationWarning: `url.parse()` behavior is not standardized and prone to errors that have security implications. Use the WHATWG URL API instead. CVEs are not issued for `url.parse()` vulnerabilities.
4 SCA	Upload the SCA report	2026-10-07T13:49:33.7994609Z Uploaded bytes 446
4 SCA	Upload the SCA report	2026-10-07T13:49:33.8157397Z Finished uploading artifact content to blob storage!
4 SCA	Upload the SCA report	2026-10-07T13:49:33.8158501Z SHA256 digest of uploaded artifact zip is b62f5b2c5ca0805d3df9a1c6cafddeee267022f22c448a2fd177212f8f47063b
4 SCA	Upload the SCA report	2026-10-07T13:49:33.8161444Z Finalizing artifact upload
4 SCA	Upload the SCA report	2026-10-07T13:49:34.0331773Z Artifact sca-report.zip successfully finalized. Artifact ID 11486053561
4 SCA	Upload the SCA report	2026-10-07T13:49:34.0332984Z Artifact sca-report has been successfully uploaded! Final size is 446 bytes. Artifact ID is 11486053561
4 SCA	Upload the SCA report	2026-10-07T13:49:34.0334257Z Artifact download URL: https://github.com/AmanYadav7015/devops-coursework/actions/runs/37631386888/artifacts/11486053561
4 SCA	Post Setup Python	﻿2026-10-07T13:49:34.0517090Z Post job cleanup.
4 SCA	Post Setup Python	2026-10-07T13:49:34.1788852Z (node:2529) [DEP0040] DeprecationWarning: The `punycode` module is deprecated. Please use a userland alternative instead.
4 SCA	Post Setup Python	2026-10-07T13:49:34.1790217Z (Use `node --trace-deprecation ...` to show where the warning was created)
4 SCA	Post Checkout code	﻿2026-10-07T13:49:34.1991897Z Post job cleanup.
4 SCA	Post Checkout code	2026-10-07T13:49:34.2988267Z [command]/usr/bin/git version
4 SCA	Post Checkout code	2026-10-07T13:49:34.3051666Z git version 2.55.0
4 SCA	Post Checkout code	2026-10-07T13:49:34.3102320Z Temporarily overriding HOME='/home/runner/work/_temp/ae68e358-b9cf-4016-bbd7-c3deb5430896' before making global git config changes
4 SCA	Post Checkout code	2026-10-07T13:49:34.3103998Z Adding repository directory to the temporary git global config as a safe directory
4 SCA	Post Checkout code	2026-10-07T13:49:34.3109216Z [command]/usr/bin/git config --global --add safe.directory /home/runner/work/devops-coursework/devops-coursework
4 SCA	Post Checkout code	2026-10-07T13:49:34.3160250Z [command]/usr/bin/git config --local --name-only --get-regexp core\.sshCommand
4 SCA	Post Checkout code	2026-10-07T13:49:34.3212969Z [command]/usr/bin/git submodule foreach --recursive sh -c "git config --local --name-only --get-regexp 'core\.sshCommand' && git config --local --unset-all 'core.sshCommand' || :"
4 SCA	Post Checkout code	2026-10-07T13:49:34.3483027Z [command]/usr/bin/git config --local --name-only --get-regexp http\.https\:\/\/github\.com\/\.extraheader
4 SCA	Post Checkout code	2026-10-07T13:49:34.3511965Z http.https://github.com/.extraheader
4 SCA	Post Checkout code	2026-10-07T13:49:34.3524086Z [command]/usr/bin/git config --local --unset-all http.https://github.com/.extraheader
4 SCA	Post Checkout code	2026-10-07T13:49:34.3560788Z [command]/usr/bin/git submodule foreach --recursive sh -c "git config --local --name-only --get-regexp 'http\.https\:\/\/github\.com\/\.extraheader' && git config --local --unset-all 'http.https://github.com/.extraheader' || :"
4 SCA	Post Checkout code	2026-10-07T13:49:34.3868632Z [command]/usr/bin/git config --local --name-only --get-regexp ^includeIf\.gitdir:
4 SCA	Post Checkout code	2026-10-07T13:49:34.3908807Z [command]/usr/bin/git submodule foreach --recursive git config --local --show-origin --name-only --get-regexp remote.origin.url
4 SCA	Complete job	﻿2026-10-07T13:49:34.4329019Z Cleaning up orphan processes
4 SCA	Complete job	2026-10-07T13:49:34.4796852Z ##[warning]Node.js 20 is deprecated. The following actions target Node.js 20 but are being forced to run on Node.js 24: actions/checkout@v4, actions/setup-python@v5, actions/upload-artifact@v4. For more information see: https://github.blog/changelog/2025-09-19-deprecation-of-node-20-on-github-actions-runners/
5 Secret Scan	Set up job	﻿2026-10-07T13:49:39.3261709Z Current runner version: '2.337.0'
5 Secret Scan	Set up job	2026-10-07T13:49:39.3288417Z ##[group]Runner Image Provisioner
5 Secret Scan	Set up job	2026-10-07T13:49:39.3289347Z Hosted Compute Agent
5 Secret Scan	Set up job	2026-10-07T13:49:39.3290024Z Version: 20261002.596
5 Secret Scan	Set up job	2026-10-07T13:49:39.3290729Z Commit: c3d12f3313a95f25162a1503be624f3b0617f8c0
5 Secret Scan	Set up job	2026-10-07T13:49:39.3291473Z Build Date: 2026-10-02T22:28:27Z
5 Secret Scan	Set up job	2026-10-07T13:49:39.3292263Z Worker ID: {3f405fe1-1022-4d27-bbdf-167482fe3c2a}
5 Secret Scan	Set up job	2026-10-07T13:49:39.3293206Z Region: eastus2
5 Secret Scan	Set up job	2026-10-07T13:49:39.3293776Z Cloud: Azure
5 Secret Scan	Set up job	2026-10-07T13:49:39.3294441Z ##[endgroup]
5 Secret Scan	Set up job	2026-10-07T13:49:39.3295945Z ##[group]Operating System
5 Secret Scan	Set up job	2026-10-07T13:49:39.3296676Z Ubuntu
5 Secret Scan	Set up job	2026-10-07T13:49:39.3297274Z 24.04.5
5 Secret Scan	Set up job	2026-10-07T13:49:39.3297777Z LTS
5 Secret Scan	Set up job	2026-10-07T13:49:39.3298810Z ##[endgroup]
5 Secret Scan	Set up job	2026-10-07T13:49:39.3299395Z ##[group]Runner Image
5 Secret Scan	Set up job	2026-10-07T13:49:39.3300068Z Image: ubuntu-24.04
5 Secret Scan	Set up job	2026-10-07T13:49:39.3300682Z Version: 20261004.327.1
5 Secret Scan	Set up job	2026-10-07T13:49:39.3301768Z Included Software: https://github.com/actions/runner-images/blob/ubuntu24/20261004.327/images/ubuntu/Ubuntu2404-Readme.md
5 Secret Scan	Set up job	2026-10-07T13:49:39.3303838Z Image Release: https://github.com/actions/runner-images/releases/tag/ubuntu24%2F20261004.327
5 Secret Scan	Set up job	2026-10-07T13:49:39.3304849Z ##[endgroup]
5 Secret Scan	Set up job	2026-10-07T13:49:39.3306000Z ##[group]GITHUB_TOKEN Permissions
5 Secret Scan	Set up job	2026-10-07T13:49:39.3308250Z Contents: read
5 Secret Scan	Set up job	2026-10-07T13:49:39.3308917Z Metadata: read
5 Secret Scan	Set up job	2026-10-07T13:49:39.3309492Z ##[endgroup]
5 Secret Scan	Set up job	2026-10-07T13:49:39.3311622Z Secret source: Actions
5 Secret Scan	Set up job	2026-10-07T13:49:39.3312631Z Cache mode: write
5 Secret Scan	Set up job	2026-10-07T13:49:39.3313996Z Prepare workflow directory
5 Secret Scan	Set up job	2026-10-07T13:49:39.3716163Z Prepare all required actions
5 Secret Scan	Set up job	2026-10-07T13:49:39.3763736Z Getting action download info
5 Secret Scan	Set up job	2026-10-07T13:49:39.6239019Z Download action repository 'actions/checkout@v4' (SHA:11d5960a326750d5838078e36cf38b85af677262)
5 Secret Scan	Set up job	2026-10-07T13:49:39.7194738Z Download action repository 'actions/upload-artifact@v4' (SHA:ea165f8d65b6e75b540449e92b4886f43607fa02)
5 Secret Scan	Set up job	2026-10-07T13:49:39.9249633Z Complete job name: 5 Secret Scan
5 Secret Scan	Checkout the full history	﻿2026-10-07T13:49:40.0027385Z ##[group]Run actions/checkout@v4
5 Secret Scan	Checkout the full history	2026-10-07T13:49:40.0028298Z with:
5 Secret Scan	Checkout the full history	2026-10-07T13:49:40.0028752Z   fetch-depth: 0
5 Secret Scan	Checkout the full history	2026-10-07T13:49:40.0029264Z   repository: AmanYadav7015/devops-coursework
5 Secret Scan	Checkout the full history	2026-10-07T13:49:40.0033446Z   token: ***
5 Secret Scan	Checkout the full history	2026-10-07T13:49:40.0033913Z   ssh-strict: true
5 Secret Scan	Checkout the full history	2026-10-07T13:49:40.0034368Z   ssh-user: git
5 Secret Scan	Checkout the full history	2026-10-07T13:49:40.0034828Z   persist-credentials: true
5 Secret Scan	Checkout the full history	2026-10-07T13:49:40.0035330Z   clean: true
5 Secret Scan	Checkout the full history	2026-10-07T13:49:40.0035777Z   sparse-checkout-cone-mode: true
5 Secret Scan	Checkout the full history	2026-10-07T13:49:40.0036302Z   fetch-tags: false
5 Secret Scan	Checkout the full history	2026-10-07T13:49:40.0036756Z   show-progress: true
5 Secret Scan	Checkout the full history	2026-10-07T13:49:40.0037203Z   lfs: false
5 Secret Scan	Checkout the full history	2026-10-07T13:49:40.0037621Z   submodules: false
5 Secret Scan	Checkout the full history	2026-10-07T13:49:40.0038079Z   set-safe-directory: true
5 Secret Scan	Checkout the full history	2026-10-07T13:49:40.0038592Z   allow-unsafe-pr-checkout: false
5 Secret Scan	Checkout the full history	2026-10-07T13:49:40.0039371Z env:
5 Secret Scan	Checkout the full history	2026-10-07T13:49:40.0039810Z   APP_DIR: labs/17-devsecops
5 Secret Scan	Checkout the full history	2026-10-07T13:49:40.0040328Z   IMAGE_NAME: claim-check-api
5 Secret Scan	Checkout the full history	2026-10-07T13:49:40.0040829Z   TRIVY_VERSION: 0.75.0
5 Secret Scan	Checkout the full history	2026-10-07T13:49:40.0041341Z   GITLEAKS_VERSION: 8.30.1
5 Secret Scan	Checkout the full history	2026-10-07T13:49:40.0041830Z   PYTHON_VERSION: 3.13
5 Secret Scan	Checkout the full history	2026-10-07T13:49:40.0042283Z ##[endgroup]
5 Secret Scan	Checkout the full history	2026-10-07T13:49:40.1067215Z Syncing repository: AmanYadav7015/devops-coursework
5 Secret Scan	Checkout the full history	2026-10-07T13:49:40.1070169Z ##[group]Getting Git version info
5 Secret Scan	Checkout the full history	2026-10-07T13:49:40.1071475Z Working directory is '/home/runner/work/devops-coursework/devops-coursework'
5 Secret Scan	Checkout the full history	2026-10-07T13:49:40.1073739Z [command]/usr/bin/git version
5 Secret Scan	Checkout the full history	2026-10-07T13:49:40.1160195Z git version 2.55.0
5 Secret Scan	Checkout the full history	2026-10-07T13:49:40.1184348Z ##[endgroup]
5 Secret Scan	Checkout the full history	2026-10-07T13:49:40.1200226Z Temporarily overriding HOME='/home/runner/work/_temp/66affb4b-e7e2-4f5f-be81-737e9ac88873' before making global git config changes
5 Secret Scan	Checkout the full history	2026-10-07T13:49:40.1202616Z Adding repository directory to the temporary git global config as a safe directory
5 Secret Scan	Checkout the full history	2026-10-07T13:49:40.1207033Z [command]/usr/bin/git config --global --add safe.directory /home/runner/work/devops-coursework/devops-coursework
5 Secret Scan	Checkout the full history	2026-10-07T13:49:40.1266580Z Deleting the contents of '/home/runner/work/devops-coursework/devops-coursework'
5 Secret Scan	Checkout the full history	2026-10-07T13:49:40.1269963Z ##[group]Initializing the repository
5 Secret Scan	Checkout the full history	2026-10-07T13:49:40.1282048Z [command]/usr/bin/git init /home/runner/work/devops-coursework/devops-coursework
5 Secret Scan	Checkout the full history	2026-10-07T13:49:40.1475846Z hint: Using 'master' as the name for the initial branch. This default branch name
5 Secret Scan	Checkout the full history	2026-10-07T13:49:40.1477951Z hint: will change to "main" in Git 3.0. To configure the initial branch name
5 Secret Scan	Checkout the full history	2026-10-07T13:49:40.1479116Z hint: to use in all of your new repositories, which will suppress this warning,
5 Secret Scan	Checkout the full history	2026-10-07T13:49:40.1480266Z hint: call:
5 Secret Scan	Checkout the full history	2026-10-07T13:49:40.1481185Z hint:
5 Secret Scan	Checkout the full history	2026-10-07T13:49:40.1482247Z hint: 	git config --global init.defaultBranch <name>
5 Secret Scan	Checkout the full history	2026-10-07T13:49:40.1483588Z hint:
5 Secret Scan	Checkout the full history	2026-10-07T13:49:40.1484624Z hint: Names commonly chosen instead of 'master' are 'main', 'trunk' and
5 Secret Scan	Checkout the full history	2026-10-07T13:49:40.1485787Z hint: 'development'. The just-created branch can be renamed via this command:
5 Secret Scan	Checkout the full history	2026-10-07T13:49:40.1486616Z hint:
5 Secret Scan	Checkout the full history	2026-10-07T13:49:40.1487072Z hint: 	git branch -m <name>
5 Secret Scan	Checkout the full history	2026-10-07T13:49:40.1487665Z hint:
5 Secret Scan	Checkout the full history	2026-10-07T13:49:40.1488723Z hint: Disable this message with "git config set advice.defaultBranchName false"
5 Secret Scan	Checkout the full history	2026-10-07T13:49:40.1490267Z Initialized empty Git repository in /home/runner/work/devops-coursework/devops-coursework/.git/
5 Secret Scan	Checkout the full history	2026-10-07T13:49:40.1498715Z [command]/usr/bin/git remote add origin https://github.com/AmanYadav7015/devops-coursework
5 Secret Scan	Checkout the full history	2026-10-07T13:49:40.1568131Z ##[endgroup]
5 Secret Scan	Checkout the full history	2026-10-07T13:49:40.1569522Z ##[group]Disabling automatic garbage collection
5 Secret Scan	Checkout the full history	2026-10-07T13:49:40.1573532Z [command]/usr/bin/git config --local gc.auto 0
5 Secret Scan	Checkout the full history	2026-10-07T13:49:40.1611871Z ##[endgroup]
5 Secret Scan	Checkout the full history	2026-10-07T13:49:40.1613584Z ##[group]Setting up auth
5 Secret Scan	Checkout the full history	2026-10-07T13:49:40.1620216Z [command]/usr/bin/git config --local --name-only --get-regexp core\.sshCommand
5 Secret Scan	Checkout the full history	2026-10-07T13:49:40.1663245Z [command]/usr/bin/git submodule foreach --recursive sh -c "git config --local --name-only --get-regexp 'core\.sshCommand' && git config --local --unset-all 'core.sshCommand' || :"
5 Secret Scan	Checkout the full history	2026-10-07T13:49:40.2086545Z [command]/usr/bin/git config --local --name-only --get-regexp http\.https\:\/\/github\.com\/\.extraheader
5 Secret Scan	Checkout the full history	2026-10-07T13:49:40.2125325Z [command]/usr/bin/git submodule foreach --recursive sh -c "git config --local --name-only --get-regexp 'http\.https\:\/\/github\.com\/\.extraheader' && git config --local --unset-all 'http.https://github.com/.extraheader' || :"
5 Secret Scan	Checkout the full history	2026-10-07T13:49:40.2359083Z [command]/usr/bin/git config --local --name-only --get-regexp ^includeIf\.gitdir:
5 Secret Scan	Checkout the full history	2026-10-07T13:49:40.2397307Z [command]/usr/bin/git submodule foreach --recursive git config --local --show-origin --name-only --get-regexp remote.origin.url
5 Secret Scan	Checkout the full history	2026-10-07T13:49:40.2631005Z [command]/usr/bin/git config --local http.https://github.com/.extraheader AUTHORIZATION: basic ***
5 Secret Scan	Checkout the full history	2026-10-07T13:49:40.2674089Z ##[endgroup]
5 Secret Scan	Checkout the full history	2026-10-07T13:49:40.2675563Z ##[group]Fetching the repository
5 Secret Scan	Checkout the full history	2026-10-07T13:49:40.2686802Z [command]/usr/bin/git -c protocol.version=2 fetch --prune --no-recurse-submodules origin +refs/heads/*:refs/remotes/origin/* +refs/tags/*:refs/tags/*
5 Secret Scan	Checkout the full history	2026-10-07T13:49:40.9615295Z From https://github.com/AmanYadav7015/devops-coursework
5 Secret Scan	Checkout the full history	2026-10-07T13:49:40.9617266Z  * [new branch]      main                    -> origin/main
5 Secret Scan	Checkout the full history	2026-10-07T13:49:40.9618873Z  * [new branch]      session-16-ci           -> origin/session-16-ci
5 Secret Scan	Checkout the full history	2026-10-07T13:49:40.9620802Z  * [new branch]      session-17-devsecops-ci -> origin/session-17-devsecops-ci
5 Secret Scan	Checkout the full history	2026-10-07T13:49:40.9632501Z [command]/usr/bin/git branch --list --remote origin/session-17-devsecops-ci
5 Secret Scan	Checkout the full history	2026-10-07T13:49:40.9662578Z   origin/session-17-devsecops-ci
5 Secret Scan	Checkout the full history	2026-10-07T13:49:40.9675080Z [command]/usr/bin/git rev-parse refs/remotes/origin/session-17-devsecops-ci
5 Secret Scan	Checkout the full history	2026-10-07T13:49:40.9711977Z 93abcaeb1fb8d12fa938e9f322c07aa15533f82e
5 Secret Scan	Checkout the full history	2026-10-07T13:49:40.9716490Z ##[endgroup]
5 Secret Scan	Checkout the full history	2026-10-07T13:49:40.9717760Z ##[group]Determining the checkout info
5 Secret Scan	Checkout the full history	2026-10-07T13:49:40.9719029Z ##[endgroup]
5 Secret Scan	Checkout the full history	2026-10-07T13:49:40.9723405Z [command]/usr/bin/git sparse-checkout disable
5 Secret Scan	Checkout the full history	2026-10-07T13:49:40.9780402Z [command]/usr/bin/git config --local --unset-all extensions.worktreeConfig
5 Secret Scan	Checkout the full history	2026-10-07T13:49:40.9816709Z ##[group]Checking out the ref
5 Secret Scan	Checkout the full history	2026-10-07T13:49:40.9820897Z [command]/usr/bin/git checkout --progress --force -B session-17-devsecops-ci refs/remotes/origin/session-17-devsecops-ci
5 Secret Scan	Checkout the full history	2026-10-07T13:49:41.1030289Z Switched to a new branch 'session-17-devsecops-ci'
5 Secret Scan	Checkout the full history	2026-10-07T13:49:41.1036748Z branch 'session-17-devsecops-ci' set up to track 'origin/session-17-devsecops-ci'.
5 Secret Scan	Checkout the full history	2026-10-07T13:49:41.1048126Z ##[endgroup]
5 Secret Scan	Checkout the full history	2026-10-07T13:49:41.1096360Z [command]/usr/bin/git log -1 --format=%H
5 Secret Scan	Checkout the full history	2026-10-07T13:49:41.1124830Z 93abcaeb1fb8d12fa938e9f322c07aa15533f82e
5 Secret Scan	Install gitleaks	﻿2026-10-07T13:49:41.1418919Z ##[group]Run curl -sSL "https://github.com/gitleaks/gitleaks/releases/download/v${GITLEAKS_VERSION}/gitleaks_${GITLEAKS_VERSION}_linux_x64.tar.gz" \
5 Secret Scan	Install gitleaks	2026-10-07T13:49:41.1423640Z [36;1mcurl -sSL "https://github.com/gitleaks/gitleaks/releases/download/v${GITLEAKS_VERSION}/gitleaks_${GITLEAKS_VERSION}_linux_x64.tar.gz" \[0m
5 Secret Scan	Install gitleaks	2026-10-07T13:49:41.1426670Z [36;1m  | sudo tar -xz -C /usr/local/bin gitleaks[0m
5 Secret Scan	Install gitleaks	2026-10-07T13:49:41.1428146Z [36;1mgitleaks version[0m
5 Secret Scan	Install gitleaks	2026-10-07T13:49:41.1699705Z shell: /usr/bin/bash --noprofile --norc -e -o pipefail {0}
5 Secret Scan	Install gitleaks	2026-10-07T13:49:41.1701327Z env:
5 Secret Scan	Install gitleaks	2026-10-07T13:49:41.1702305Z   APP_DIR: labs/17-devsecops
5 Secret Scan	Install gitleaks	2026-10-07T13:49:41.1703714Z   IMAGE_NAME: claim-check-api
5 Secret Scan	Install gitleaks	2026-10-07T13:49:41.1704905Z   TRIVY_VERSION: 0.75.0
5 Secret Scan	Install gitleaks	2026-10-07T13:49:41.1706021Z   GITLEAKS_VERSION: 8.30.1
5 Secret Scan	Install gitleaks	2026-10-07T13:49:41.1707206Z   PYTHON_VERSION: 3.13
5 Secret Scan	Install gitleaks	2026-10-07T13:49:41.1708240Z ##[endgroup]
5 Secret Scan	Install gitleaks	2026-10-07T13:49:41.7168744Z 8.30.1
5 Secret Scan	Positive control, the scanner must fire on a planted secret	﻿2026-10-07T13:49:41.7227855Z ##[group]Run CONTROL=$(mktemp -d)
5 Secret Scan	Positive control, the scanner must fire on a planted secret	2026-10-07T13:49:41.7228273Z [36;1mCONTROL=$(mktemp -d)[0m
5 Secret Scan	Positive control, the scanner must fire on a planted secret	2026-10-07T13:49:41.7228780Z [36;1mrand() { head -c 64 /dev/urandom | base32 | tr -d '=' | tr '[:lower:]' '[:upper:]' | head -c "$1"; }[0m
5 Secret Scan	Positive control, the scanner must fire on a planted secret	2026-10-07T13:49:41.7229358Z [36;1mHOOK_HOST="hooks.$(printf 'sla'; printf 'ck').com"[0m
5 Secret Scan	Positive control, the scanner must fire on a planted secret	2026-10-07T13:49:41.7229736Z [36;1m{[0m
5 Secret Scan	Positive control, the scanner must fire on a planted secret	2026-10-07T13:49:41.7230047Z [36;1m  printf 'AWS_ACCESS_KEY_ID = "AKIA%s"\n' "$(rand 16)"[0m
5 Secret Scan	Positive control, the scanner must fire on a planted secret	2026-10-07T13:49:41.7230700Z [36;1m  printf 'DEPLOY_HOOK = "https://%s/services/T%s/B%s/%s"\n' "$HOOK_HOST" "$(rand 8)" "$(rand 8)" "$(rand 24)"[0m
5 Secret Scan	Positive control, the scanner must fire on a planted secret	2026-10-07T13:49:41.7231246Z [36;1m} > "$CONTROL/planted.py"[0m
5 Secret Scan	Positive control, the scanner must fire on a planted secret	2026-10-07T13:49:41.7231684Z [36;1mecho "planted a randomly generated placeholder credential in $CONTROL"[0m
5 Secret Scan	Positive control, the scanner must fire on a planted secret	2026-10-07T13:49:41.7232190Z [36;1mif gitleaks dir "$CONTROL" --no-banner -v; then[0m
5 Secret Scan	Positive control, the scanner must fire on a planted secret	2026-10-07T13:49:41.7232962Z [36;1m  echo "::error::the secret scanner did not fire on a planted secret, the control failed"[0m
5 Secret Scan	Positive control, the scanner must fire on a planted secret	2026-10-07T13:49:41.7233537Z [36;1m  rm -rf "$CONTROL"[0m
5 Secret Scan	Positive control, the scanner must fire on a planted secret	2026-10-07T13:49:41.7233814Z [36;1m  exit 1[0m
5 Secret Scan	Positive control, the scanner must fire on a planted secret	2026-10-07T13:49:41.7234057Z [36;1mfi[0m
5 Secret Scan	Positive control, the scanner must fire on a planted secret	2026-10-07T13:49:41.7234431Z [36;1mecho "control passed, gitleaks exits non-zero when a secret is present"[0m
5 Secret Scan	Positive control, the scanner must fire on a planted secret	2026-10-07T13:49:41.7234991Z [36;1mrm -rf "$CONTROL"[0m
5 Secret Scan	Positive control, the scanner must fire on a planted secret	2026-10-07T13:49:41.7299100Z shell: /usr/bin/bash --noprofile --norc -e -o pipefail {0}
5 Secret Scan	Positive control, the scanner must fire on a planted secret	2026-10-07T13:49:41.7299511Z env:
5 Secret Scan	Positive control, the scanner must fire on a planted secret	2026-10-07T13:49:41.7299784Z   APP_DIR: labs/17-devsecops
5 Secret Scan	Positive control, the scanner must fire on a planted secret	2026-10-07T13:49:41.7300085Z   IMAGE_NAME: claim-check-api
5 Secret Scan	Positive control, the scanner must fire on a planted secret	2026-10-07T13:49:41.7300392Z   TRIVY_VERSION: 0.75.0
5 Secret Scan	Positive control, the scanner must fire on a planted secret	2026-10-07T13:49:41.7300666Z   GITLEAKS_VERSION: 8.30.1
5 Secret Scan	Positive control, the scanner must fire on a planted secret	2026-10-07T13:49:41.7300945Z   PYTHON_VERSION: 3.13
5 Secret Scan	Positive control, the scanner must fire on a planted secret	2026-10-07T13:49:41.7301201Z ##[endgroup]
5 Secret Scan	Positive control, the scanner must fire on a planted secret	2026-10-07T13:49:41.7593379Z planted a randomly generated placeholder credential in /tmp/tmp.aokUG9O5Dv
5 Secret Scan	Positive control, the scanner must fire on a planted secret	2026-10-07T13:49:42.1916769Z [90m1:49PM[0m [32mINF[0m [1mscanned ~137 bytes (137 bytes) in 5.68ms[0m
5 Secret Scan	Positive control, the scanner must fire on a planted secret	2026-10-07T13:49:42.1917837Z [90m1:49PM[0m [33mWRN[0m [1mleaks found: 2[0m
5 Secret Scan	Positive control, the scanner must fire on a planted secret	2026-10-07T13:49:42.1918817Z Finding:     ...WS_ACCESS_KEY_ID = "[1;3;mAKIA4R7GNTN7CRHMOUDP[0m
5 Secret Scan	Positive control, the scanner must fire on a planted secret	2026-10-07T13:49:42.1919654Z Secret:      [1;3;mAKIA4R7GNTN7CRHMOUDP[0m
5 Secret Scan	Positive control, the scanner must fire on a planted secret	2026-10-07T13:49:42.1920231Z RuleID:      aws-access-token
5 Secret Scan	Positive control, the scanner must fire on a planted secret	2026-10-07T13:49:42.1920770Z Entropy:     3.921928
5 Secret Scan	Positive control, the scanner must fire on a planted secret	2026-10-07T13:49:42.1921285Z File:        /tmp/tmp.aokUG9O5Dv/planted.py
5 Secret Scan	Positive control, the scanner must fire on a planted secret	2026-10-07T13:49:42.1921881Z Line:        1
5 Secret Scan	Positive control, the scanner must fire on a planted secret	2026-10-07T13:49:42.1923509Z Fingerprint: /tmp/tmp.aokUG9O5Dv/planted.py:aws-access-token:1
5 Secret Scan	Positive control, the scanner must fire on a planted secret	2026-10-07T13:49:42.1924155Z 
5 Secret Scan	Positive control, the scanner must fire on a planted secret	2026-10-07T13:49:42.1925437Z Finding:     DEPLOY_HOOK = "[1;3;mhttps://hooks.slack.com/services/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[0m
5 Secret Scan	Positive control, the scanner must fire on a planted secret	2026-10-07T13:49:42.1927243Z Secret:      [1;3;mhttps://hooks.slack.com/services/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[0m
5 Secret Scan	Positive control, the scanner must fire on a planted secret	2026-10-07T13:49:42.1928368Z RuleID:      slack-webhook-url
5 Secret Scan	Positive control, the scanner must fire on a planted secret	2026-10-07T13:49:42.1928845Z Entropy:     5.200047
5 Secret Scan	Positive control, the scanner must fire on a planted secret	2026-10-07T13:49:42.1929293Z File:        /tmp/tmp.aokUG9O5Dv/planted.py
5 Secret Scan	Positive control, the scanner must fire on a planted secret	2026-10-07T13:49:42.1929727Z Line:        2
5 Secret Scan	Positive control, the scanner must fire on a planted secret	2026-10-07T13:49:42.1930098Z Fingerprint: /tmp/tmp.aokUG9O5Dv/planted.py:slack-webhook-url:2
5 Secret Scan	Positive control, the scanner must fire on a planted secret	2026-10-07T13:49:42.1930489Z 
5 Secret Scan	Positive control, the scanner must fire on a planted secret	2026-10-07T13:49:42.1933944Z control passed, gitleaks exits non-zero when a secret is present
5 Secret Scan	Scan the working tree	﻿2026-10-07T13:49:42.1989895Z ##[group]Run mkdir -p "${APP_DIR}/reports"
5 Secret Scan	Scan the working tree	2026-10-07T13:49:42.1990283Z [36;1mmkdir -p "${APP_DIR}/reports"[0m
5 Secret Scan	Scan the working tree	2026-10-07T13:49:42.1990574Z [36;1mgitleaks dir "${APP_DIR}" \[0m
5 Secret Scan	Scan the working tree	2026-10-07T13:49:42.1990900Z [36;1m  -c "${APP_DIR}/security/gitleaks.toml" \[0m
5 Secret Scan	Scan the working tree	2026-10-07T13:49:42.1991215Z [36;1m  -i "${APP_DIR}" \[0m
5 Secret Scan	Scan the working tree	2026-10-07T13:49:42.1991461Z [36;1m  --no-banner -v \[0m
5 Secret Scan	Scan the working tree	2026-10-07T13:49:42.1991705Z [36;1m  --report-format json \[0m
5 Secret Scan	Scan the working tree	2026-10-07T13:49:42.1992033Z [36;1m  --report-path "${APP_DIR}/reports/gitleaks-tree.json"[0m
5 Secret Scan	Scan the working tree	2026-10-07T13:49:42.2058630Z shell: /usr/bin/bash --noprofile --norc -e -o pipefail {0}
5 Secret Scan	Scan the working tree	2026-10-07T13:49:42.2059002Z env:
5 Secret Scan	Scan the working tree	2026-10-07T13:49:42.2059233Z   APP_DIR: labs/17-devsecops
5 Secret Scan	Scan the working tree	2026-10-07T13:49:42.2059513Z   IMAGE_NAME: claim-check-api
5 Secret Scan	Scan the working tree	2026-10-07T13:49:42.2059760Z   TRIVY_VERSION: 0.75.0
5 Secret Scan	Scan the working tree	2026-10-07T13:49:42.2060005Z   GITLEAKS_VERSION: 8.30.1
5 Secret Scan	Scan the working tree	2026-10-07T13:49:42.2060235Z   PYTHON_VERSION: 3.13
5 Secret Scan	Scan the working tree	2026-10-07T13:49:42.2060447Z ##[endgroup]
5 Secret Scan	Scan the working tree	2026-10-07T13:49:42.6688192Z [90m1:49PM[0m [32mINF[0m [1mscanned ~15691 bytes (15.69 KB) in 9.52ms[0m
5 Secret Scan	Scan the working tree	2026-10-07T13:49:42.6688979Z [90m1:49PM[0m [32mINF[0m [1mno leaks found[0m
5 Secret Scan	Scan every commit that touched this lab	﻿2026-10-07T13:49:42.6746206Z ##[group]Run gitleaks git . \
5 Secret Scan	Scan every commit that touched this lab	2026-10-07T13:49:42.6746509Z [36;1mgitleaks git . \[0m
5 Secret Scan	Scan every commit that touched this lab	2026-10-07T13:49:42.6746798Z [36;1m  -c "${APP_DIR}/security/gitleaks.toml" \[0m
5 Secret Scan	Scan every commit that touched this lab	2026-10-07T13:49:42.6747110Z [36;1m  -i "${APP_DIR}" \[0m
5 Secret Scan	Scan every commit that touched this lab	2026-10-07T13:49:42.6747351Z [36;1m  --no-banner -v \[0m
5 Secret Scan	Scan every commit that touched this lab	2026-10-07T13:49:42.6747609Z [36;1m  --log-opts "--all -- ${APP_DIR}" \[0m
5 Secret Scan	Scan every commit that touched this lab	2026-10-07T13:49:42.6747902Z [36;1m  --report-format json \[0m
5 Secret Scan	Scan every commit that touched this lab	2026-10-07T13:49:42.6748265Z [36;1m  --report-path "${APP_DIR}/reports/gitleaks-history.json"[0m
5 Secret Scan	Scan every commit that touched this lab	2026-10-07T13:49:42.6811964Z shell: /usr/bin/bash --noprofile --norc -e -o pipefail {0}
5 Secret Scan	Scan every commit that touched this lab	2026-10-07T13:49:42.6812309Z env:
5 Secret Scan	Scan every commit that touched this lab	2026-10-07T13:49:42.6812507Z   APP_DIR: labs/17-devsecops
5 Secret Scan	Scan every commit that touched this lab	2026-10-07T13:49:42.6813053Z   IMAGE_NAME: claim-check-api
5 Secret Scan	Scan every commit that touched this lab	2026-10-07T13:49:42.6813310Z   TRIVY_VERSION: 0.75.0
5 Secret Scan	Scan every commit that touched this lab	2026-10-07T13:49:42.6813531Z   GITLEAKS_VERSION: 8.30.1
5 Secret Scan	Scan every commit that touched this lab	2026-10-07T13:49:42.6813760Z   PYTHON_VERSION: 3.13
5 Secret Scan	Scan every commit that touched this lab	2026-10-07T13:49:42.6813963Z ##[endgroup]
5 Secret Scan	Scan every commit that touched this lab	2026-10-07T13:49:43.1317345Z [90m1:49PM[0m [32mINF[0m [1m4 commits scanned.[0m
5 Secret Scan	Scan every commit that touched this lab	2026-10-07T13:49:43.1318353Z [90m1:49PM[0m [32mINF[0m [1mscanned ~18074 bytes (18.07 KB) in 176ms[0m
5 Secret Scan	Scan every commit that touched this lab	2026-10-07T13:49:43.1319243Z [90m1:49PM[0m [32mINF[0m [1mno leaks found[0m
5 Secret Scan	Upload the secret scan report	﻿2026-10-07T13:49:43.1426955Z ##[group]Run actions/upload-artifact@v4
5 Secret Scan	Upload the secret scan report	2026-10-07T13:49:43.1427265Z with:
5 Secret Scan	Upload the secret scan report	2026-10-07T13:49:43.1427472Z   name: secret-scan-report
5 Secret Scan	Upload the secret scan report	2026-10-07T13:49:43.1427719Z   path: labs/17-devsecops/reports
5 Secret Scan	Upload the secret scan report	2026-10-07T13:49:43.1427966Z   retention-days: 7
5 Secret Scan	Upload the secret scan report	2026-10-07T13:49:43.1428176Z   if-no-files-found: warn
5 Secret Scan	Upload the secret scan report	2026-10-07T13:49:43.1428402Z   compression-level: 6
5 Secret Scan	Upload the secret scan report	2026-10-07T13:49:43.1428622Z   overwrite: false
5 Secret Scan	Upload the secret scan report	2026-10-07T13:49:43.1428828Z   include-hidden-files: false
5 Secret Scan	Upload the secret scan report	2026-10-07T13:49:43.1429050Z env:
5 Secret Scan	Upload the secret scan report	2026-10-07T13:49:43.1429232Z   APP_DIR: labs/17-devsecops
5 Secret Scan	Upload the secret scan report	2026-10-07T13:49:43.1429467Z   IMAGE_NAME: claim-check-api
5 Secret Scan	Upload the secret scan report	2026-10-07T13:49:43.1429706Z   TRIVY_VERSION: 0.75.0
5 Secret Scan	Upload the secret scan report	2026-10-07T13:49:43.1429926Z   GITLEAKS_VERSION: 8.30.1
5 Secret Scan	Upload the secret scan report	2026-10-07T13:49:43.1430149Z   PYTHON_VERSION: 3.13
5 Secret Scan	Upload the secret scan report	2026-10-07T13:49:43.1430529Z ##[endgroup]
5 Secret Scan	Upload the secret scan report	2026-10-07T13:49:43.3122558Z (node:2315) [DEP0040] DeprecationWarning: The `punycode` module is deprecated. Please use a userland alternative instead.
5 Secret Scan	Upload the secret scan report	2026-10-07T13:49:43.3124315Z (Use `node --trace-deprecation ...` to show where the warning was created)
5 Secret Scan	Upload the secret scan report	2026-10-07T13:49:43.3195836Z With the provided path, there will be 2 files uploaded
5 Secret Scan	Upload the secret scan report	2026-10-07T13:49:43.3223390Z Artifact name is valid!
5 Secret Scan	Upload the secret scan report	2026-10-07T13:49:43.3233555Z Root directory input is valid!
5 Secret Scan	Upload the secret scan report	2026-10-07T13:49:43.5139482Z Beginning upload of artifact content to blob storage
5 Secret Scan	Upload the secret scan report	2026-10-07T13:49:43.5336898Z (node:2315) [DEP0169] DeprecationWarning: `url.parse()` behavior is not standardized and prone to errors that have security implications. Use the WHATWG URL API instead. CVEs are not issued for `url.parse()` vulnerabilities.
5 Secret Scan	Upload the secret scan report	2026-10-07T13:49:43.5541422Z Uploaded bytes 294
5 Secret Scan	Upload the secret scan report	2026-10-07T13:49:43.5668312Z Finished uploading artifact content to blob storage!
5 Secret Scan	Upload the secret scan report	2026-10-07T13:49:43.5669386Z SHA256 digest of uploaded artifact zip is b0efb1cb19f24eea8c4c8165c393bb58089f81f80fffe16cd794b642367458bb
5 Secret Scan	Upload the secret scan report	2026-10-07T13:49:43.5670996Z Finalizing artifact upload
5 Secret Scan	Upload the secret scan report	2026-10-07T13:49:43.7859478Z Artifact secret-scan-report.zip successfully finalized. Artifact ID 11486466487
5 Secret Scan	Upload the secret scan report	2026-10-07T13:49:43.7861438Z Artifact secret-scan-report has been successfully uploaded! Final size is 294 bytes. Artifact ID is 11486466487
5 Secret Scan	Upload the secret scan report	2026-10-07T13:49:43.7867212Z Artifact download URL: https://github.com/AmanYadav7015/devops-coursework/actions/runs/37631386888/artifacts/11486466487
5 Secret Scan	Post Checkout the full history	﻿2026-10-07T13:49:43.8078346Z Post job cleanup.
5 Secret Scan	Post Checkout the full history	2026-10-07T13:49:43.8926350Z [command]/usr/bin/git version
5 Secret Scan	Post Checkout the full history	2026-10-07T13:49:43.8969222Z git version 2.55.0
5 Secret Scan	Post Checkout the full history	2026-10-07T13:49:43.9006545Z Temporarily overriding HOME='/home/runner/work/_temp/75a6fdd6-8c61-451f-88d0-585cedfaa840' before making global git config changes
5 Secret Scan	Post Checkout the full history	2026-10-07T13:49:43.9007985Z Adding repository directory to the temporary git global config as a safe directory
5 Secret Scan	Post Checkout the full history	2026-10-07T13:49:43.9011823Z [command]/usr/bin/git config --global --add safe.directory /home/runner/work/devops-coursework/devops-coursework
5 Secret Scan	Post Checkout the full history	2026-10-07T13:49:43.9049938Z [command]/usr/bin/git config --local --name-only --get-regexp core\.sshCommand
5 Secret Scan	Post Checkout the full history	2026-10-07T13:49:43.9084737Z [command]/usr/bin/git submodule foreach --recursive sh -c "git config --local --name-only --get-regexp 'core\.sshCommand' && git config --local --unset-all 'core.sshCommand' || :"
5 Secret Scan	Post Checkout the full history	2026-10-07T13:49:43.9334371Z [command]/usr/bin/git config --local --name-only --get-regexp http\.https\:\/\/github\.com\/\.extraheader
5 Secret Scan	Post Checkout the full history	2026-10-07T13:49:43.9364878Z http.https://github.com/.extraheader
5 Secret Scan	Post Checkout the full history	2026-10-07T13:49:43.9384119Z [command]/usr/bin/git config --local --unset-all http.https://github.com/.extraheader
5 Secret Scan	Post Checkout the full history	2026-10-07T13:49:43.9423619Z [command]/usr/bin/git submodule foreach --recursive sh -c "git config --local --name-only --get-regexp 'http\.https\:\/\/github\.com\/\.extraheader' && git config --local --unset-all 'http.https://github.com/.extraheader' || :"
5 Secret Scan	Post Checkout the full history	2026-10-07T13:49:43.9741975Z [command]/usr/bin/git config --local --name-only --get-regexp ^includeIf\.gitdir:
5 Secret Scan	Post Checkout the full history	2026-10-07T13:49:43.9787851Z [command]/usr/bin/git submodule foreach --recursive git config --local --show-origin --name-only --get-regexp remote.origin.url
5 Secret Scan	Complete job	﻿2026-10-07T13:49:44.0296195Z Cleaning up orphan processes
5 Secret Scan	Complete job	2026-10-07T13:49:44.0602276Z ##[warning]Node.js 20 is deprecated. The following actions target Node.js 20 but are being forced to run on Node.js 24: actions/checkout@v4, actions/upload-artifact@v4. For more information see: https://github.blog/changelog/2025-09-19-deprecation-of-node-20-on-github-actions-runners/
6 Docker Build	Set up job	﻿2026-10-07T13:49:49.8424728Z Current runner version: '2.337.0'
6 Docker Build	Set up job	2026-10-07T13:49:49.8450077Z ##[group]Runner Image Provisioner
6 Docker Build	Set up job	2026-10-07T13:49:49.8450972Z Hosted Compute Agent
6 Docker Build	Set up job	2026-10-07T13:49:49.8451538Z Version: 20260901.588
6 Docker Build	Set up job	2026-10-07T13:49:49.8452150Z Commit: f88ec8081b781fac6c440065ac7ff9e710ce3d0b
6 Docker Build	Set up job	2026-10-07T13:49:49.8452851Z Build Date: 2026-09-01T19:56:44Z
6 Docker Build	Set up job	2026-10-07T13:49:49.8453481Z Worker ID: {094f48c5-23ee-4d16-a7d3-7f535af82575}
6 Docker Build	Set up job	2026-10-07T13:49:49.8454173Z Azure Region: westus3
6 Docker Build	Set up job	2026-10-07T13:49:49.8454733Z ##[endgroup]
6 Docker Build	Set up job	2026-10-07T13:49:49.8456212Z ##[group]Operating System
6 Docker Build	Set up job	2026-10-07T13:49:49.8456853Z Ubuntu
6 Docker Build	Set up job	2026-10-07T13:49:49.8457329Z 24.04.5
6 Docker Build	Set up job	2026-10-07T13:49:49.8458091Z LTS
6 Docker Build	Set up job	2026-10-07T13:49:49.8458605Z ##[endgroup]
6 Docker Build	Set up job	2026-10-07T13:49:49.8459131Z ##[group]Runner Image
6 Docker Build	Set up job	2026-10-07T13:49:49.8459692Z Image: ubuntu-24.04
6 Docker Build	Set up job	2026-10-07T13:49:49.8460398Z Version: 20260927.320.1
6 Docker Build	Set up job	2026-10-07T13:49:49.8461425Z Included Software: https://github.com/actions/runner-images/blob/ubuntu24/20260927.320/images/ubuntu/Ubuntu2404-Readme.md
6 Docker Build	Set up job	2026-10-07T13:49:49.8463042Z Image Release: https://github.com/actions/runner-images/releases/tag/ubuntu24%2F20260927.320
6 Docker Build	Set up job	2026-10-07T13:49:49.8463936Z ##[endgroup]
6 Docker Build	Set up job	2026-10-07T13:49:49.8464969Z ##[group]GITHUB_TOKEN Permissions
6 Docker Build	Set up job	2026-10-07T13:49:49.8467085Z Contents: read
6 Docker Build	Set up job	2026-10-07T13:49:49.8467658Z Metadata: read
6 Docker Build	Set up job	2026-10-07T13:49:49.8468153Z ##[endgroup]
6 Docker Build	Set up job	2026-10-07T13:49:49.8470429Z Secret source: Actions
6 Docker Build	Set up job	2026-10-07T13:49:49.8471286Z Cache mode: write
6 Docker Build	Set up job	2026-10-07T13:49:49.8472048Z Prepare workflow directory
6 Docker Build	Set up job	2026-10-07T13:49:49.8896575Z Prepare all required actions
6 Docker Build	Set up job	2026-10-07T13:49:49.8944161Z Getting action download info
6 Docker Build	Set up job	2026-10-07T13:49:50.2239356Z Download action repository 'actions/download-artifact@v4' (SHA:d3f86a106a0bac45b974a628896c90dbdf5c8093)
6 Docker Build	Set up job	2026-10-07T13:49:50.9964314Z Download action repository 'actions/upload-artifact@v4' (SHA:ea165f8d65b6e75b540449e92b4886f43607fa02)
6 Docker Build	Set up job	2026-10-07T13:49:51.1648522Z Complete job name: 6 Docker Build
6 Docker Build	Download the deployable package	﻿2026-10-07T13:49:51.2321048Z ##[group]Run actions/download-artifact@v4
6 Docker Build	Download the deployable package	2026-10-07T13:49:51.2322424Z with:
6 Docker Build	Download the deployable package	2026-10-07T13:49:51.2323053Z   name: claim-check-api-package
6 Docker Build	Download the deployable package	2026-10-07T13:49:51.2323850Z   path: package
6 Docker Build	Download the deployable package	2026-10-07T13:49:51.2324438Z   merge-multiple: false
6 Docker Build	Download the deployable package	2026-10-07T13:49:51.2325093Z   repository: AmanYadav7015/devops-coursework
6 Docker Build	Download the deployable package	2026-10-07T13:49:51.2325855Z   run-id: 37631386888
6 Docker Build	Download the deployable package	2026-10-07T13:49:51.2326663Z env:
6 Docker Build	Download the deployable package	2026-10-07T13:49:51.2327267Z   APP_DIR: labs/17-devsecops
6 Docker Build	Download the deployable package	2026-10-07T13:49:51.2327940Z   IMAGE_NAME: claim-check-api
6 Docker Build	Download the deployable package	2026-10-07T13:49:51.2328587Z   TRIVY_VERSION: 0.75.0
6 Docker Build	Download the deployable package	2026-10-07T13:49:51.2329247Z   GITLEAKS_VERSION: 8.30.1
6 Docker Build	Download the deployable package	2026-10-07T13:49:51.2329905Z   PYTHON_VERSION: 3.13
6 Docker Build	Download the deployable package	2026-10-07T13:49:51.2330647Z ##[endgroup]
6 Docker Build	Download the deployable package	2026-10-07T13:49:51.3903634Z Downloading single artifact
6 Docker Build	Download the deployable package	2026-10-07T13:49:51.4032476Z (node:2102) [DEP0040] DeprecationWarning: The `punycode` module is deprecated. Please use a userland alternative instead.
6 Docker Build	Download the deployable package	2026-10-07T13:49:51.4034086Z (Use `node --trace-deprecation ...` to show where the warning was created)
6 Docker Build	Download the deployable package	2026-10-07T13:49:51.6703650Z Preparing to download the following artifacts:
6 Docker Build	Download the deployable package	2026-10-07T13:49:51.6705072Z - claim-check-api-package (ID: 11485904648, Size: 3357, Expected Digest: sha256:3ff5c0b670b505168a47272386d17b8b0e75fc9c4ecbc8c27f7b90504145ccc6)
6 Docker Build	Download the deployable package	2026-10-07T13:49:51.8859678Z Redirecting to blob download url: https://productionresultssa8.blob.core.windows.net/actions-results/ccbb69d6-0562-8021-9f7f-0ee61c8c19dc/workflow-job-run-76c5cd8b-e0d8-5c42-89da-8f376e26e452/artifacts/ca45ea842020d459097c4b1bc3389c93ce5279d763f748fec1c53cc28b577061.zip
6 Docker Build	Download the deployable package	2026-10-07T13:49:51.8863030Z Starting download of artifact to: /home/runner/work/devops-coursework/devops-coursework/package
6 Docker Build	Download the deployable package	2026-10-07T13:49:52.0934720Z (node:2102) [DEP0005] DeprecationWarning: Buffer() is deprecated due to security and usability issues. Please use the Buffer.alloc(), Buffer.allocUnsafe(), or Buffer.from() methods instead.
6 Docker Build	Download the deployable package	2026-10-07T13:49:52.1030948Z SHA256 digest of downloaded artifact is 3ff5c0b670b505168a47272386d17b8b0e75fc9c4ecbc8c27f7b90504145ccc6
6 Docker Build	Download the deployable package	2026-10-07T13:49:52.1033110Z Artifact download completed successfully.
6 Docker Build	Download the deployable package	2026-10-07T13:49:52.1034647Z Total of 1 artifact(s) downloaded
6 Docker Build	Download the deployable package	2026-10-07T13:49:52.1036402Z Download artifact has finished successfully
6 Docker Build	Show what this runner received	﻿2026-10-07T13:49:52.1221239Z ##[group]Run find package -type f | sort
6 Docker Build	Show what this runner received	2026-10-07T13:49:52.1222061Z [36;1mfind package -type f | sort[0m
6 Docker Build	Show what this runner received	2026-10-07T13:49:52.1222712Z [36;1mcat package/build-info.txt[0m
6 Docker Build	Show what this runner received	2026-10-07T13:49:52.1406483Z shell: /usr/bin/bash --noprofile --norc -e -o pipefail {0}
6 Docker Build	Show what this runner received	2026-10-07T13:49:52.1407327Z env:
6 Docker Build	Show what this runner received	2026-10-07T13:49:52.1407753Z   APP_DIR: labs/17-devsecops
6 Docker Build	Show what this runner received	2026-10-07T13:49:52.1408303Z   IMAGE_NAME: claim-check-api
6 Docker Build	Show what this runner received	2026-10-07T13:49:52.1409144Z   TRIVY_VERSION: 0.75.0
6 Docker Build	Show what this runner received	2026-10-07T13:49:52.1409860Z   GITLEAKS_VERSION: 8.30.1
6 Docker Build	Show what this runner received	2026-10-07T13:49:52.1410809Z   PYTHON_VERSION: 3.13
6 Docker Build	Show what this runner received	2026-10-07T13:49:52.1411279Z ##[endgroup]
6 Docker Build	Show what this runner received	2026-10-07T13:49:52.1521423Z package/Dockerfile
6 Docker Build	Show what this runner received	2026-10-07T13:49:52.1522414Z package/app/__init__.py
6 Docker Build	Show what this runner received	2026-10-07T13:49:52.1523329Z package/app/claims.py
6 Docker Build	Show what this runner received	2026-10-07T13:49:52.1524241Z package/app/server.py
6 Docker Build	Show what this runner received	2026-10-07T13:49:52.1525151Z package/build-info.txt
6 Docker Build	Show what this runner received	2026-10-07T13:49:52.1526035Z package/requirements.txt
6 Docker Build	Show what this runner received	2026-10-07T13:49:52.1529279Z service=claim-check-api
6 Docker Build	Show what this runner received	2026-10-07T13:49:52.1530705Z version=1.0.4+93abcae
6 Docker Build	Show what this runner received	2026-10-07T13:49:52.1531825Z image_tag=1.0.4-93abcae
6 Docker Build	Show what this runner received	2026-10-07T13:49:52.1533177Z commit=93abcaeb1fb8d12fa938e9f322c07aa15533f82e
6 Docker Build	Show what this runner received	2026-10-07T13:49:52.1534561Z built_at=2026-10-07T13:48:12Z
6 Docker Build	Show what this runner received	2026-10-07T13:49:52.1535645Z builder=github-actions-37631386888
6 Docker Build	Build the image	﻿2026-10-07T13:49:52.1608073Z ##[group]Run docker build \
6 Docker Build	Build the image	2026-10-07T13:49:52.1608702Z [36;1mdocker build \[0m
6 Docker Build	Build the image	2026-10-07T13:49:52.1609275Z [36;1m  -t "${IMAGE_NAME}:1.0.4-93abcae" \[0m
6 Docker Build	Build the image	2026-10-07T13:49:52.1609912Z [36;1m  .[0m
6 Docker Build	Build the image	2026-10-07T13:49:52.1610613Z [36;1mdocker image ls "${IMAGE_NAME}"[0m
6 Docker Build	Build the image	2026-10-07T13:49:52.1647015Z shell: /usr/bin/bash --noprofile --norc -e -o pipefail {0}
6 Docker Build	Build the image	2026-10-07T13:49:52.1647780Z env:
6 Docker Build	Build the image	2026-10-07T13:49:52.1648223Z   APP_DIR: labs/17-devsecops
6 Docker Build	Build the image	2026-10-07T13:49:52.1648772Z   IMAGE_NAME: claim-check-api
6 Docker Build	Build the image	2026-10-07T13:49:52.1649353Z   TRIVY_VERSION: 0.75.0
6 Docker Build	Build the image	2026-10-07T13:49:52.1650118Z   GITLEAKS_VERSION: 8.30.1
6 Docker Build	Build the image	2026-10-07T13:49:52.1650661Z   PYTHON_VERSION: 3.13
6 Docker Build	Build the image	2026-10-07T13:49:52.1651129Z ##[endgroup]
6 Docker Build	Build the image	2026-10-07T13:49:52.6558397Z #0 building with "default" instance using docker driver
6 Docker Build	Build the image	2026-10-07T13:49:52.6559597Z 
6 Docker Build	Build the image	2026-10-07T13:49:52.6560246Z #1 [internal] load build definition from Dockerfile
6 Docker Build	Build the image	2026-10-07T13:49:52.6561549Z #1 transferring dockerfile: 299B done
6 Docker Build	Build the image	2026-10-07T13:49:52.6562616Z #1 DONE 0.0s
6 Docker Build	Build the image	2026-10-07T13:49:52.6563173Z 
6 Docker Build	Build the image	2026-10-07T13:49:52.6563999Z #2 [internal] load metadata for docker.io/library/python:3.11-slim-bullseye
6 Docker Build	Build the image	2026-10-07T13:49:52.8475731Z #2 ...
6 Docker Build	Build the image	2026-10-07T13:49:52.8476792Z 
6 Docker Build	Build the image	2026-10-07T13:49:52.8477980Z #3 [auth] library/python:pull token for registry-1.docker.io
6 Docker Build	Build the image	2026-10-07T13:49:52.8480520Z #3 DONE 0.0s
6 Docker Build	Build the image	2026-10-07T13:49:52.9983153Z 
6 Docker Build	Build the image	2026-10-07T13:49:53.3308999Z #2 [internal] load metadata for docker.io/library/python:3.11-slim-bullseye
6 Docker Build	Build the image	2026-10-07T13:49:53.3311591Z #2 DONE 0.8s
6 Docker Build	Build the image	2026-10-07T13:49:53.4454058Z 
6 Docker Build	Build the image	2026-10-07T13:49:53.4455071Z #4 [internal] load .dockerignore
6 Docker Build	Build the image	2026-10-07T13:49:53.4456375Z #4 transferring context: 2B done
6 Docker Build	Build the image	2026-10-07T13:49:53.4457589Z #4 DONE 0.0s
6 Docker Build	Build the image	2026-10-07T13:49:53.4458103Z 
6 Docker Build	Build the image	2026-10-07T13:49:53.4458559Z #5 [internal] load build context
6 Docker Build	Build the image	2026-10-07T13:49:53.4459797Z #5 transferring context: 6.73kB done
6 Docker Build	Build the image	2026-10-07T13:49:53.4461243Z #5 DONE 0.0s
6 Docker Build	Build the image	2026-10-07T13:49:53.4461826Z 
6 Docker Build	Build the image	2026-10-07T13:49:53.4463731Z #6 [1/5] FROM docker.io/library/python:3.11-slim-bullseye@sha256:9e25f400253a5fa3191813d6a67eb801ca1e6f012b3bd2588fa6920b59e3eba6
6 Docker Build	Build the image	2026-10-07T13:49:53.4468129Z #6 resolve docker.io/library/python:3.11-slim-bullseye@sha256:9e25f400253a5fa3191813d6a67eb801ca1e6f012b3bd2588fa6920b59e3eba6 done
6 Docker Build	Build the image	2026-10-07T13:49:53.4471931Z #6 sha256:a8d9715e2ef102b9c44bdf45c4d879204fe0ce8f33473ab75f7f7ddc48350243 1.75kB / 1.75kB done
6 Docker Build	Build the image	2026-10-07T13:49:53.4475107Z #6 sha256:f0bd6e4158d7982e1cd0ca88eefe3e833cd72731234d2ff2bcd55c55a85ee4a9 5.37kB / 5.37kB done
6 Docker Build	Build the image	2026-10-07T13:49:53.4478398Z #6 sha256:ccaf924377f936af2c0396fce237145b7d1ecc0b8196916667fc6d5ff4866e2d 10.49MB / 30.26MB 0.1s
6 Docker Build	Build the image	2026-10-07T13:49:53.4482005Z #6 sha256:f4e881ec6b6486dc2206564e6a9f7bc1e4cfc0f2696df5747d6811f3064ae991 0B / 1.08MB 0.1s
6 Docker Build	Build the image	2026-10-07T13:49:53.4485016Z #6 sha256:552132316e5dc45b5be0bfd5d459ef0eedcdb21f9a1a583e026bf64ce80d761c 0B / 15.41MB 0.1s
6 Docker Build	Build the image	2026-10-07T13:49:53.4487992Z #6 sha256:9e25f400253a5fa3191813d6a67eb801ca1e6f012b3bd2588fa6920b59e3eba6 5.26kB / 5.26kB done
6 Docker Build	Build the image	2026-10-07T13:49:53.6208658Z #6 sha256:ccaf924377f936af2c0396fce237145b7d1ecc0b8196916667fc6d5ff4866e2d 30.26MB / 30.26MB 0.2s done
6 Docker Build	Build the image	2026-10-07T13:49:53.6214662Z #6 sha256:f4e881ec6b6486dc2206564e6a9f7bc1e4cfc0f2696df5747d6811f3064ae991 1.08MB / 1.08MB 0.1s done
6 Docker Build	Build the image	2026-10-07T13:49:53.6219640Z #6 sha256:552132316e5dc45b5be0bfd5d459ef0eedcdb21f9a1a583e026bf64ce80d761c 11.53MB / 15.41MB 0.2s
6 Docker Build	Build the image	2026-10-07T13:49:53.6223880Z #6 extracting sha256:ccaf924377f936af2c0396fce237145b7d1ecc0b8196916667fc6d5ff4866e2d 0.1s
6 Docker Build	Build the image	2026-10-07T13:49:53.6228163Z #6 sha256:0426d084ccf560d4769a4b99dd5818a359c7dce10315ab01a0942835a59a77f7 0B / 250B 0.2s
6 Docker Build	Build the image	2026-10-07T13:49:53.7233874Z #6 sha256:552132316e5dc45b5be0bfd5d459ef0eedcdb21f9a1a583e026bf64ce80d761c 15.41MB / 15.41MB 0.2s done
6 Docker Build	Build the image	2026-10-07T13:49:53.7239160Z #6 sha256:0426d084ccf560d4769a4b99dd5818a359c7dce10315ab01a0942835a59a77f7 250B / 250B 0.2s done
6 Docker Build	Build the image	2026-10-07T13:49:54.6714504Z #6 extracting sha256:ccaf924377f936af2c0396fce237145b7d1ecc0b8196916667fc6d5ff4866e2d 1.1s done
6 Docker Build	Build the image	2026-10-07T13:49:54.6715588Z #6 extracting sha256:f4e881ec6b6486dc2206564e6a9f7bc1e4cfc0f2696df5747d6811f3064ae991 0.1s done
6 Docker Build	Build the image	2026-10-07T13:49:57.2707974Z #6 extracting sha256:552132316e5dc45b5be0bfd5d459ef0eedcdb21f9a1a583e026bf64ce80d761c
6 Docker Build	Build the image	2026-10-07T13:49:57.8238286Z #6 extracting sha256:552132316e5dc45b5be0bfd5d459ef0eedcdb21f9a1a583e026bf64ce80d761c 0.5s done
6 Docker Build	Build the image	2026-10-07T13:49:57.8240998Z #6 extracting sha256:0426d084ccf560d4769a4b99dd5818a359c7dce10315ab01a0942835a59a77f7
6 Docker Build	Build the image	2026-10-07T13:49:58.0084196Z #6 extracting sha256:0426d084ccf560d4769a4b99dd5818a359c7dce10315ab01a0942835a59a77f7 done
6 Docker Build	Build the image	2026-10-07T13:49:58.0084822Z #6 DONE 4.5s
6 Docker Build	Build the image	2026-10-07T13:49:58.0084967Z 
6 Docker Build	Build the image	2026-10-07T13:49:58.0085064Z #7 [2/5] WORKDIR /app
6 Docker Build	Build the image	2026-10-07T13:49:58.0085295Z #7 DONE 0.0s
6 Docker Build	Build the image	2026-10-07T13:49:58.0085416Z 
6 Docker Build	Build the image	2026-10-07T13:49:58.0085536Z #8 [3/5] COPY requirements.txt .
6 Docker Build	Build the image	2026-10-07T13:49:58.0085791Z #8 DONE 0.0s
6 Docker Build	Build the image	2026-10-07T13:49:59.2979423Z 
6 Docker Build	Build the image	2026-10-07T13:49:59.2980348Z #9 [4/5] RUN pip install --no-cache-dir -r requirements.txt
6 Docker Build	Build the image	2026-10-07T13:49:59.2981052Z #9 1.440 Collecting Flask==3.1.3 (from -r requirements.txt (line 1))
6 Docker Build	Build the image	2026-10-07T13:49:59.4108977Z #9 1.464   Downloading flask-3.1.3-py3-none-any.whl.metadata (3.2 kB)
6 Docker Build	Build the image	2026-10-07T13:49:59.4109761Z #9 1.492 Collecting Werkzeug==3.1.9 (from -r requirements.txt (line 2))
6 Docker Build	Build the image	2026-10-07T13:49:59.4110581Z #9 1.496   Downloading werkzeug-3.1.9-py3-none-any.whl.metadata (4.1 kB)
6 Docker Build	Build the image	2026-10-07T13:49:59.4111269Z #9 1.513 Collecting Jinja2==3.1.6 (from -r requirements.txt (line 3))
6 Docker Build	Build the image	2026-10-07T13:49:59.4111939Z #9 1.516   Downloading jinja2-3.1.6-py3-none-any.whl.metadata (2.9 kB)
6 Docker Build	Build the image	2026-10-07T13:49:59.4112593Z #9 1.553 Collecting PyYAML==6.0.3 (from -r requirements.txt (line 4))
6 Docker Build	Build the image	2026-10-07T13:49:59.5304256Z #9 1.557   Downloading pyyaml-6.0.3-cp311-cp311-manylinux2014_x86_64.manylinux_2_17_x86_64.manylinux_2_28_x86_64.whl.metadata (2.4 kB)
6 Docker Build	Build the image	2026-10-07T13:49:59.5305752Z #9 1.587 Collecting requests==2.34.2 (from -r requirements.txt (line 5))
6 Docker Build	Build the image	2026-10-07T13:49:59.5306723Z #9 1.590   Downloading requests-2.34.2-py3-none-any.whl.metadata (4.8 kB)
6 Docker Build	Build the image	2026-10-07T13:49:59.5307696Z #9 1.624 Collecting urllib3==2.8.0 (from -r requirements.txt (line 6))
6 Docker Build	Build the image	2026-10-07T13:49:59.5308646Z #9 1.627   Downloading urllib3-2.8.0-py3-none-any.whl.metadata (7.4 kB)
6 Docker Build	Build the image	2026-10-07T13:49:59.5309594Z #9 1.648 Collecting certifi==2026.7.22 (from -r requirements.txt (line 7))
6 Docker Build	Build the image	2026-10-07T13:49:59.5310932Z #9 1.652   Downloading certifi-2026.7.22-py3-none-any.whl.metadata (2.5 kB)
6 Docker Build	Build the image	2026-10-07T13:49:59.5312157Z #9 1.672 Collecting gunicorn==26.2.0 (from -r requirements.txt (line 8))
6 Docker Build	Build the image	2026-10-07T13:49:59.6528045Z #9 1.676   Downloading gunicorn-26.2.0-py3-none-any.whl.metadata (5.5 kB)
6 Docker Build	Build the image	2026-10-07T13:49:59.6529120Z #9 1.692 Collecting blinker>=1.9.0 (from Flask==3.1.3->-r requirements.txt (line 1))
6 Docker Build	Build the image	2026-10-07T13:49:59.6529758Z #9 1.695   Downloading blinker-1.9.0-py3-none-any.whl.metadata (1.6 kB)
6 Docker Build	Build the image	2026-10-07T13:49:59.6530689Z #9 1.716 Collecting click>=8.1.3 (from Flask==3.1.3->-r requirements.txt (line 1))
6 Docker Build	Build the image	2026-10-07T13:49:59.6531250Z #9 1.719   Downloading click-8.5.0-py3-none-any.whl.metadata (2.6 kB)
6 Docker Build	Build the image	2026-10-07T13:49:59.6531855Z #9 1.732 Collecting itsdangerous>=2.2.0 (from Flask==3.1.3->-r requirements.txt (line 1))
6 Docker Build	Build the image	2026-10-07T13:49:59.6532472Z #9 1.735   Downloading itsdangerous-2.2.0-py3-none-any.whl.metadata (1.9 kB)
6 Docker Build	Build the image	2026-10-07T13:49:59.6533084Z #9 1.795 Collecting markupsafe>=2.1.1 (from Flask==3.1.3->-r requirements.txt (line 1))
6 Docker Build	Build the image	2026-10-07T13:49:59.8059780Z #9 1.798   Downloading markupsafe-3.0.4-cp311-cp311-manylinux2014_x86_64.manylinux_2_17_x86_64.manylinux_2_28_x86_64.whl.metadata (2.7 kB)
6 Docker Build	Build the image	2026-10-07T13:49:59.8061091Z #9 1.948 Collecting charset_normalizer<4,>=2 (from requests==2.34.2->-r requirements.txt (line 5))
6 Docker Build	Build the image	2026-10-07T13:49:59.9070102Z #9 1.951   Downloading charset_normalizer-3.5.2-cp311-cp311-manylinux2014_x86_64.manylinux_2_17_x86_64.manylinux_2_28_x86_64.whl.metadata (46 kB)
6 Docker Build	Build the image	2026-10-07T13:49:59.9071866Z #9 1.954      ━━━━━━━━━━━━━━━━━━━━━━━━━━━━━━━━━━━━━━━ 46.4/46.4 kB 236.2 MB/s eta 0:00:00
6 Docker Build	Build the image	2026-10-07T13:49:59.9072610Z #9 1.994 Collecting idna<4,>=2.5 (from requests==2.34.2->-r requirements.txt (line 5))
6 Docker Build	Build the image	2026-10-07T13:49:59.9073613Z #9 1.997   Downloading idna-3.20-py3-none-any.whl.metadata (7.2 kB)
6 Docker Build	Build the image	2026-10-07T13:49:59.9074180Z #9 2.039 Downloading flask-3.1.3-py3-none-any.whl (103 kB)
6 Docker Build	Build the image	2026-10-07T13:49:59.9074955Z #9 2.042    ━━━━━━━━━━━━━━━━━━━━━━━━━━━━━━━━━━━━━━━━ 103.4/103.4 kB 57.5 MB/s eta 0:00:00
6 Docker Build	Build the image	2026-10-07T13:49:59.9075573Z #9 2.046 Downloading werkzeug-3.1.9-py3-none-any.whl (228 kB)
6 Docker Build	Build the image	2026-10-07T13:50:00.0401919Z #9 2.049    ━━━━━━━━━━━━━━━━━━━━━━━━━━━━━━━━━━━━━━━ 228.7/228.7 kB 144.6 MB/s eta 0:00:00
6 Docker Build	Build the image	2026-10-07T13:50:00.0402875Z #9 2.053 Downloading jinja2-3.1.6-py3-none-any.whl (134 kB)
6 Docker Build	Build the image	2026-10-07T13:50:00.0404247Z #9 2.055    ━━━━━━━━━━━━━━━━━━━━━━━━━━━━━━━━━━━━━━━ 134.9/134.9 kB 488.0 MB/s eta 0:00:00
6 Docker Build	Build the image	2026-10-07T13:50:00.0405777Z #9 2.058 Downloading pyyaml-6.0.3-cp311-cp311-manylinux2014_x86_64.manylinux_2_17_x86_64.manylinux_2_28_x86_64.whl (806 kB)
6 Docker Build	Build the image	2026-10-07T13:50:00.0407472Z #9 2.063    ━━━━━━━━━━━━━━━━━━━━━━━━━━━━━━━━━━━━━━━ 806.6/806.6 kB 260.5 MB/s eta 0:00:00
6 Docker Build	Build the image	2026-10-07T13:50:00.0408501Z #9 2.066 Downloading requests-2.34.2-py3-none-any.whl (73 kB)
6 Docker Build	Build the image	2026-10-07T13:50:00.0409689Z #9 2.067    ━━━━━━━━━━━━━━━━━━━━━━━━━━━━━━━━━━━━━━━━ 73.1/73.1 kB 453.6 MB/s eta 0:00:00
6 Docker Build	Build the image	2026-10-07T13:50:00.0410799Z #9 2.071 Downloading urllib3-2.8.0-py3-none-any.whl (135 kB)
6 Docker Build	Build the image	2026-10-07T13:50:00.0411960Z #9 2.072    ━━━━━━━━━━━━━━━━━━━━━━━━━━━━━━━━━━━━━━━ 135.7/135.7 kB 512.9 MB/s eta 0:00:00
6 Docker Build	Build the image	2026-10-07T13:50:00.0412896Z #9 2.076 Downloading certifi-2026.7.22-py3-none-any.whl (136 kB)
6 Docker Build	Build the image	2026-10-07T13:50:00.0414039Z #9 2.078    ━━━━━━━━━━━━━━━━━━━━━━━━━━━━━━━━━━━━━━━ 137.0/137.0 kB 449.1 MB/s eta 0:00:00
6 Docker Build	Build the image	2026-10-07T13:50:00.0415128Z #9 2.081 Downloading gunicorn-26.2.0-py3-none-any.whl (228 kB)
6 Docker Build	Build the image	2026-10-07T13:50:00.0416283Z #9 2.083    ━━━━━━━━━━━━━━━━━━━━━━━━━━━━━━━━━━━━━━━ 228.4/228.4 kB 489.5 MB/s eta 0:00:00
6 Docker Build	Build the image	2026-10-07T13:50:00.0417225Z #9 2.086 Downloading blinker-1.9.0-py3-none-any.whl (8.5 kB)
6 Docker Build	Build the image	2026-10-07T13:50:00.0418555Z #9 2.089 Downloading charset_normalizer-3.5.2-cp311-cp311-manylinux2014_x86_64.manylinux_2_17_x86_64.manylinux_2_28_x86_64.whl (269 kB)
6 Docker Build	Build the image	2026-10-07T13:50:00.0420555Z #9 2.092    ━━━━━━━━━━━━━━━━━━━━━━━━━━━━━━━━━━━━━━━ 270.0/270.0 kB 514.2 MB/s eta 0:00:00
6 Docker Build	Build the image	2026-10-07T13:50:00.0421829Z #9 2.095 Downloading click-8.5.0-py3-none-any.whl (125 kB)
6 Docker Build	Build the image	2026-10-07T13:50:00.0423009Z #9 2.097    ━━━━━━━━━━━━━━━━━━━━━━━━━━━━━━━━━━━━━━━ 125.3/125.3 kB 472.2 MB/s eta 0:00:00
6 Docker Build	Build the image	2026-10-07T13:50:00.0424094Z #9 2.100 Downloading idna-3.20-py3-none-any.whl (69 kB)
6 Docker Build	Build the image	2026-10-07T13:50:00.0425299Z #9 2.102    ━━━━━━━━━━━━━━━━━━━━━━━━━━━━━━━━━━━━━━━━ 69.6/69.6 kB 427.9 MB/s eta 0:00:00
6 Docker Build	Build the image	2026-10-07T13:50:00.0426526Z #9 2.105 Downloading itsdangerous-2.2.0-py3-none-any.whl (16 kB)
6 Docker Build	Build the image	2026-10-07T13:50:00.0427914Z #9 2.108 Downloading markupsafe-3.0.4-cp311-cp311-manylinux2014_x86_64.manylinux_2_17_x86_64.manylinux_2_28_x86_64.whl (22 kB)
6 Docker Build	Build the image	2026-10-07T13:50:00.0430239Z #9 2.182 Installing collected packages: urllib3, PyYAML, markupsafe, itsdangerous, idna, gunicorn, click, charset_normalizer, certifi, blinker, Werkzeug, requests, Jinja2, Flask
6 Docker Build	Build the image	2026-10-07T13:50:00.7138398Z #9 2.856 Successfully installed Flask-3.1.3 Jinja2-3.1.6 PyYAML-6.0.3 Werkzeug-3.1.9 blinker-1.9.0 certifi-2026.7.22 charset_normalizer-3.5.2 click-8.5.0 gunicorn-26.2.0 idna-3.20 itsdangerous-2.2.0 markupsafe-3.0.4 requests-2.34.2 urllib3-2.8.0
6 Docker Build	Build the image	2026-10-07T13:50:00.9202280Z #9 2.856 WARNING: Running pip as the 'root' user can result in broken permissions and conflicting behaviour with the system package manager. It is recommended to use a virtual environment instead: https://pip.pypa.io/warnings/venv
6 Docker Build	Build the image	2026-10-07T13:50:00.9204489Z #9 2.937 
6 Docker Build	Build the image	2026-10-07T13:50:00.9205034Z #9 2.937 [notice] A new release of pip is available: 24.0 -> 26.2.1
6 Docker Build	Build the image	2026-10-07T13:50:00.9205881Z #9 2.937 [notice] To update, run: pip install --upgrade pip
6 Docker Build	Build the image	2026-10-07T13:50:00.9225653Z #9 DONE 3.1s
6 Docker Build	Build the image	2026-10-07T13:50:01.0887632Z 
6 Docker Build	Build the image	2026-10-07T13:50:01.0889202Z #10 [5/5] COPY app ./app
6 Docker Build	Build the image	2026-10-07T13:50:01.0889864Z #10 DONE 0.0s
6 Docker Build	Build the image	2026-10-07T13:50:01.0890389Z 
6 Docker Build	Build the image	2026-10-07T13:50:01.0891030Z #11 exporting to image
6 Docker Build	Build the image	2026-10-07T13:50:01.0891872Z #11 exporting layers
6 Docker Build	Build the image	2026-10-07T13:50:01.3535285Z #11 exporting layers 0.4s done
6 Docker Build	Build the image	2026-10-07T13:50:01.3699192Z #11 writing image sha256:f80a175f9a7ecd70d147d8d9b52fcd392b5d188488d67b7cc51c05ac2a9815bf done
6 Docker Build	Build the image	2026-10-07T13:50:01.3700597Z #11 naming to docker.io/library/claim-check-api:1.0.4-93abcae done
6 Docker Build	Build the image	2026-10-07T13:50:01.3701613Z #11 DONE 0.4s
6 Docker Build	Build the image	2026-10-07T13:50:01.3863680Z REPOSITORY        TAG             IMAGE ID       CREATED        SIZE
6 Docker Build	Build the image	2026-10-07T13:50:01.3864511Z claim-check-api   1.0.4-93abcae   f80a175f9a7e   1 second ago   151MB
6 Docker Build	Describe the image	﻿2026-10-07T13:50:01.3920952Z ##[group]Run docker image inspect "${IMAGE_NAME}:1.0.4-93abcae" \
6 Docker Build	Describe the image	2026-10-07T13:50:01.3921461Z [36;1mdocker image inspect "${IMAGE_NAME}:1.0.4-93abcae" \[0m
6 Docker Build	Describe the image	2026-10-07T13:50:01.3921954Z [36;1m  --format 'id={{.Id}} size={{.Size}} user={{.Config.User}} entrypoint={{.Config.Cmd}}'[0m
6 Docker Build	Describe the image	2026-10-07T13:50:01.3922560Z [36;1mdocker run --rm --entrypoint sh "${IMAGE_NAME}:1.0.4-93abcae" -c 'id; cat /etc/os-release | head -2'[0m
6 Docker Build	Describe the image	2026-10-07T13:50:01.3963108Z shell: /usr/bin/bash --noprofile --norc -e -o pipefail {0}
6 Docker Build	Describe the image	2026-10-07T13:50:01.3963472Z env:
6 Docker Build	Describe the image	2026-10-07T13:50:01.3963686Z   APP_DIR: labs/17-devsecops
6 Docker Build	Describe the image	2026-10-07T13:50:01.3963952Z   IMAGE_NAME: claim-check-api
6 Docker Build	Describe the image	2026-10-07T13:50:01.3964207Z   TRIVY_VERSION: 0.75.0
6 Docker Build	Describe the image	2026-10-07T13:50:01.3964440Z   GITLEAKS_VERSION: 8.30.1
6 Docker Build	Describe the image	2026-10-07T13:50:01.3964688Z   PYTHON_VERSION: 3.13
6 Docker Build	Describe the image	2026-10-07T13:50:01.3964907Z ##[endgroup]
6 Docker Build	Describe the image	2026-10-07T13:50:01.4140196Z id=sha256:f80a175f9a7ecd70d147d8d9b52fcd392b5d188488d67b7cc51c05ac2a9815bf size=151256393 user= entrypoint=[python -m gunicorn --bind 0.0.0.0:5017 --workers 2 app.server:app]
6 Docker Build	Describe the image	2026-10-07T13:50:01.5851451Z uid=0(root) gid=0(root) groups=0(root)
6 Docker Build	Describe the image	2026-10-07T13:50:01.5859893Z PRETTY_NAME="Debian GNU/Linux 11 (bullseye)"
6 Docker Build	Describe the image	2026-10-07T13:50:01.5860988Z NAME="Debian GNU/Linux"
6 Docker Build	Export the image for the downstream jobs	﻿2026-10-07T13:50:01.6470484Z ##[group]Run docker save "${IMAGE_NAME}:1.0.4-93abcae" | gzip > image.tar.gz
6 Docker Build	Export the image for the downstream jobs	2026-10-07T13:50:01.6471007Z [36;1mdocker save "${IMAGE_NAME}:1.0.4-93abcae" | gzip > image.tar.gz[0m
6 Docker Build	Export the image for the downstream jobs	2026-10-07T13:50:01.6471378Z [36;1mls -lh image.tar.gz[0m
6 Docker Build	Export the image for the downstream jobs	2026-10-07T13:50:01.6510259Z shell: /usr/bin/bash --noprofile --norc -e -o pipefail {0}
6 Docker Build	Export the image for the downstream jobs	2026-10-07T13:50:01.6510609Z env:
6 Docker Build	Export the image for the downstream jobs	2026-10-07T13:50:01.6510820Z   APP_DIR: labs/17-devsecops
6 Docker Build	Export the image for the downstream jobs	2026-10-07T13:50:01.6511077Z   IMAGE_NAME: claim-check-api
6 Docker Build	Export the image for the downstream jobs	2026-10-07T13:50:01.6511336Z   TRIVY_VERSION: 0.75.0
6 Docker Build	Export the image for the downstream jobs	2026-10-07T13:50:01.6511567Z   GITLEAKS_VERSION: 8.30.1
6 Docker Build	Export the image for the downstream jobs	2026-10-07T13:50:01.6511801Z   PYTHON_VERSION: 3.13
6 Docker Build	Export the image for the downstream jobs	2026-10-07T13:50:01.6512017Z ##[endgroup]
6 Docker Build	Export the image for the downstream jobs	2026-10-07T13:50:08.3739912Z -rw-r--r-- 1 runner runner 53M Oct  7 13:50 image.tar.gz
6 Docker Build	Upload the image	﻿2026-10-07T13:50:08.3804131Z ##[group]Run actions/upload-artifact@v4
6 Docker Build	Upload the image	2026-10-07T13:50:08.3804442Z with:
6 Docker Build	Upload the image	2026-10-07T13:50:08.3804683Z   name: claim-check-api-image
6 Docker Build	Upload the image	2026-10-07T13:50:08.3804935Z   path: image.tar.gz
6 Docker Build	Upload the image	2026-10-07T13:50:08.3805158Z   retention-days: 3
6 Docker Build	Upload the image	2026-10-07T13:50:08.3805373Z   compression-level: 0
6 Docker Build	Upload the image	2026-10-07T13:50:08.3805598Z   if-no-files-found: warn
6 Docker Build	Upload the image	2026-10-07T13:50:08.3805826Z   overwrite: false
6 Docker Build	Upload the image	2026-10-07T13:50:08.3806054Z   include-hidden-files: false
6 Docker Build	Upload the image	2026-10-07T13:50:08.3806290Z env:
6 Docker Build	Upload the image	2026-10-07T13:50:08.3806489Z   APP_DIR: labs/17-devsecops
6 Docker Build	Upload the image	2026-10-07T13:50:08.3806737Z   IMAGE_NAME: claim-check-api
6 Docker Build	Upload the image	2026-10-07T13:50:08.3806978Z   TRIVY_VERSION: 0.75.0
6 Docker Build	Upload the image	2026-10-07T13:50:08.3807221Z   GITLEAKS_VERSION: 8.30.1
6 Docker Build	Upload the image	2026-10-07T13:50:08.3807450Z   PYTHON_VERSION: 3.13
6 Docker Build	Upload the image	2026-10-07T13:50:08.3807662Z ##[endgroup]
6 Docker Build	Upload the image	2026-10-07T13:50:08.5500799Z (node:2404) [DEP0040] DeprecationWarning: The `punycode` module is deprecated. Please use a userland alternative instead.
6 Docker Build	Upload the image	2026-10-07T13:50:08.5501689Z (Use `node --trace-deprecation ...` to show where the warning was created)
6 Docker Build	Upload the image	2026-10-07T13:50:08.5570588Z With the provided path, there will be 1 file uploaded
6 Docker Build	Upload the image	2026-10-07T13:50:08.5583780Z Artifact name is valid!
6 Docker Build	Upload the image	2026-10-07T13:50:08.5605229Z Root directory input is valid!
6 Docker Build	Upload the image	2026-10-07T13:50:09.0292994Z Beginning upload of artifact content to blob storage
6 Docker Build	Upload the image	2026-10-07T13:50:09.0964806Z (node:2404) [DEP0169] DeprecationWarning: `url.parse()` behavior is not standardized and prone to errors that have security implications. Use the WHATWG URL API instead. CVEs are not issued for `url.parse()` vulnerabilities.
6 Docker Build	Upload the image	2026-10-07T13:50:09.7897759Z Uploaded bytes 8388608
6 Docker Build	Upload the image	2026-10-07T13:50:09.8620828Z Uploaded bytes 16777216
6 Docker Build	Upload the image	2026-10-07T13:50:09.8843146Z Uploaded bytes 25165824
6 Docker Build	Upload the image	2026-10-07T13:50:09.9983465Z Uploaded bytes 33554432
6 Docker Build	Upload the image	2026-10-07T13:50:10.0320559Z Uploaded bytes 41943040
6 Docker Build	Upload the image	2026-10-07T13:50:10.1269890Z Uploaded bytes 50331648
6 Docker Build	Upload the image	2026-10-07T13:50:10.3148112Z Uploaded bytes 54980886
6 Docker Build	Upload the image	2026-10-07T13:50:10.3715648Z Finished uploading artifact content to blob storage!
6 Docker Build	Upload the image	2026-10-07T13:50:10.3717512Z SHA256 digest of uploaded artifact zip is d754522c2f58c3a0f9bf258beaec924531593f6e14dd78a073f87a2affcfda93
6 Docker Build	Upload the image	2026-10-07T13:50:10.3719222Z Finalizing artifact upload
6 Docker Build	Upload the image	2026-10-07T13:50:10.6790321Z Artifact claim-check-api-image.zip successfully finalized. Artifact ID 11486741035
6 Docker Build	Upload the image	2026-10-07T13:50:10.6791929Z Artifact claim-check-api-image has been successfully uploaded! Final size is 54980886 bytes. Artifact ID is 11486741035
6 Docker Build	Upload the image	2026-10-07T13:50:10.6798673Z Artifact download URL: https://github.com/AmanYadav7015/devops-coursework/actions/runs/37631386888/artifacts/11486741035
6 Docker Build	Complete job	﻿2026-10-07T13:50:10.6970592Z Cleaning up orphan processes
6 Docker Build	Complete job	2026-10-07T13:50:10.7248422Z ##[warning]Node.js 20 is deprecated. The following actions target Node.js 20 but are being forced to run on Node.js 24: actions/download-artifact@v4, actions/upload-artifact@v4. For more information see: https://github.blog/changelog/2025-09-19-deprecation-of-node-20-on-github-actions-runners/
7 Container Image Scan	Set up job	﻿2026-10-07T13:50:16.0206727Z Current runner version: '2.337.0'
7 Container Image Scan	Set up job	2026-10-07T13:50:16.0224664Z ##[group]Runner Image Provisioner
7 Container Image Scan	Set up job	2026-10-07T13:50:16.0225283Z Hosted Compute Agent
7 Container Image Scan	Set up job	2026-10-07T13:50:16.0225674Z Version: 20260901.588
7 Container Image Scan	Set up job	2026-10-07T13:50:16.0226129Z Commit: f88ec8081b781fac6c440065ac7ff9e710ce3d0b
7 Container Image Scan	Set up job	2026-10-07T13:50:16.0226583Z Build Date: 2026-09-01T19:56:44Z
7 Container Image Scan	Set up job	2026-10-07T13:50:16.0227305Z Worker ID: {f4e7c856-ed8a-4835-9ab8-0a4698595502}
7 Container Image Scan	Set up job	2026-10-07T13:50:16.0227765Z Azure Region: centralus
7 Container Image Scan	Set up job	2026-10-07T13:50:16.0228135Z ##[endgroup]
7 Container Image Scan	Set up job	2026-10-07T13:50:16.0229144Z ##[group]Operating System
7 Container Image Scan	Set up job	2026-10-07T13:50:16.0229533Z Ubuntu
7 Container Image Scan	Set up job	2026-10-07T13:50:16.0229962Z 24.04.5
7 Container Image Scan	Set up job	2026-10-07T13:50:16.0230301Z LTS
7 Container Image Scan	Set up job	2026-10-07T13:50:16.0230630Z ##[endgroup]
7 Container Image Scan	Set up job	2026-10-07T13:50:16.0231015Z ##[group]Runner Image
7 Container Image Scan	Set up job	2026-10-07T13:50:16.0231398Z Image: ubuntu-24.04
7 Container Image Scan	Set up job	2026-10-07T13:50:16.0231778Z Version: 20260927.320.1
7 Container Image Scan	Set up job	2026-10-07T13:50:16.0232473Z Included Software: https://github.com/actions/runner-images/blob/ubuntu24/20260927.320/images/ubuntu/Ubuntu2404-Readme.md
7 Container Image Scan	Set up job	2026-10-07T13:50:16.0233579Z Image Release: https://github.com/actions/runner-images/releases/tag/ubuntu24%2F20260927.320
7 Container Image Scan	Set up job	2026-10-07T13:50:16.0234168Z ##[endgroup]
7 Container Image Scan	Set up job	2026-10-07T13:50:16.0235019Z ##[group]GITHUB_TOKEN Permissions
7 Container Image Scan	Set up job	2026-10-07T13:50:16.0236418Z Contents: read
7 Container Image Scan	Set up job	2026-10-07T13:50:16.0236779Z Metadata: read
7 Container Image Scan	Set up job	2026-10-07T13:50:16.0237199Z SecurityEvents: write
7 Container Image Scan	Set up job	2026-10-07T13:50:16.0237609Z ##[endgroup]
7 Container Image Scan	Set up job	2026-10-07T13:50:16.0239380Z Secret source: Actions
7 Container Image Scan	Set up job	2026-10-07T13:50:16.0239953Z Cache mode: write
7 Container Image Scan	Set up job	2026-10-07T13:50:16.0240416Z Prepare workflow directory
7 Container Image Scan	Set up job	2026-10-07T13:50:16.0532229Z Prepare all required actions
7 Container Image Scan	Set up job	2026-10-07T13:50:16.0576330Z Getting action download info
7 Container Image Scan	Set up job	2026-10-07T13:50:16.3116212Z Download action repository 'actions/download-artifact@v4' (SHA:d3f86a106a0bac45b974a628896c90dbdf5c8093)
7 Container Image Scan	Set up job	2026-10-07T13:50:16.9246663Z Download action repository 'github/codeql-action@v3' (SHA:1190a975f95ce23525efb6a3fc21ea29567c1b52)
7 Container Image Scan	Set up job	2026-10-07T13:50:17.5851466Z Download action repository 'actions/upload-artifact@v4' (SHA:ea165f8d65b6e75b540449e92b4886f43607fa02)
7 Container Image Scan	Set up job	2026-10-07T13:50:17.7710436Z Complete job name: 7 Container Image Scan
7 Container Image Scan	Download the image	﻿2026-10-07T13:50:17.8180907Z ##[group]Run actions/download-artifact@v4
7 Container Image Scan	Download the image	2026-10-07T13:50:17.8181437Z with:
7 Container Image Scan	Download the image	2026-10-07T13:50:17.8181712Z   name: claim-check-api-image
7 Container Image Scan	Download the image	2026-10-07T13:50:17.8182030Z   merge-multiple: false
7 Container Image Scan	Download the image	2026-10-07T13:50:17.8182348Z   repository: AmanYadav7015/devops-coursework
7 Container Image Scan	Download the image	2026-10-07T13:50:17.8182703Z   run-id: 37631386888
7 Container Image Scan	Download the image	2026-10-07T13:50:17.8183023Z env:
7 Container Image Scan	Download the image	2026-10-07T13:50:17.8183276Z   APP_DIR: labs/17-devsecops
7 Container Image Scan	Download the image	2026-10-07T13:50:17.8183585Z   IMAGE_NAME: claim-check-api
7 Container Image Scan	Download the image	2026-10-07T13:50:17.8183887Z   TRIVY_VERSION: 0.75.0
7 Container Image Scan	Download the image	2026-10-07T13:50:17.8184173Z   GITLEAKS_VERSION: 8.30.1
7 Container Image Scan	Download the image	2026-10-07T13:50:17.8184467Z   PYTHON_VERSION: 3.13
7 Container Image Scan	Download the image	2026-10-07T13:50:17.8184753Z ##[endgroup]
7 Container Image Scan	Download the image	2026-10-07T13:50:17.9245886Z Downloading single artifact
7 Container Image Scan	Download the image	2026-10-07T13:50:17.9320356Z (node:1959) [DEP0040] DeprecationWarning: The `punycode` module is deprecated. Please use a userland alternative instead.
7 Container Image Scan	Download the image	2026-10-07T13:50:17.9321719Z (Use `node --trace-deprecation ...` to show where the warning was created)
7 Container Image Scan	Download the image	2026-10-07T13:50:18.1272882Z Preparing to download the following artifacts:
7 Container Image Scan	Download the image	2026-10-07T13:50:18.1274486Z - claim-check-api-image (ID: 11486741035, Size: 54980886, Expected Digest: sha256:d754522c2f58c3a0f9bf258beaec924531593f6e14dd78a073f87a2affcfda93)
7 Container Image Scan	Download the image	2026-10-07T13:50:18.3280467Z Redirecting to blob download url: https://productionresultssa8.blob.core.windows.net/actions-results/ccbb69d6-0562-8021-9f7f-0ee61c8c19dc/workflow-job-run-49f3fe89-322f-5560-8bf1-a925bda3ae8e/artifacts/f9c5d6b802cd6fa27eddc3f3422d02486a05079d38b14328033e3dd7d8831f07.zip
7 Container Image Scan	Download the image	2026-10-07T13:50:18.3282912Z Starting download of artifact to: /home/runner/work/devops-coursework/devops-coursework
7 Container Image Scan	Download the image	2026-10-07T13:50:18.5223008Z (node:1959) [DEP0005] DeprecationWarning: Buffer() is deprecated due to security and usability issues. Please use the Buffer.alloc(), Buffer.allocUnsafe(), or Buffer.from() methods instead.
7 Container Image Scan	Download the image	2026-10-07T13:50:20.2258566Z SHA256 digest of downloaded artifact is d754522c2f58c3a0f9bf258beaec924531593f6e14dd78a073f87a2affcfda93
7 Container Image Scan	Download the image	2026-10-07T13:50:20.2260068Z Artifact download completed successfully.
7 Container Image Scan	Download the image	2026-10-07T13:50:20.2260477Z Total of 1 artifact(s) downloaded
7 Container Image Scan	Download the image	2026-10-07T13:50:20.2262378Z Download artifact has finished successfully
7 Container Image Scan	Load the image	﻿2026-10-07T13:50:20.2477040Z ##[group]Run gunzip -c image.tar.gz | docker load
7 Container Image Scan	Load the image	2026-10-07T13:50:20.2477588Z [36;1mgunzip -c image.tar.gz | docker load[0m
7 Container Image Scan	Load the image	2026-10-07T13:50:20.2478024Z [36;1mdocker image ls "${IMAGE_NAME}"[0m
7 Container Image Scan	Load the image	2026-10-07T13:50:20.2698017Z shell: /usr/bin/bash --noprofile --norc -e -o pipefail {0}
7 Container Image Scan	Load the image	2026-10-07T13:50:20.2698451Z env:
7 Container Image Scan	Load the image	2026-10-07T13:50:20.2699161Z   APP_DIR: labs/17-devsecops
7 Container Image Scan	Load the image	2026-10-07T13:50:20.2699467Z   IMAGE_NAME: claim-check-api
7 Container Image Scan	Load the image	2026-10-07T13:50:20.2699841Z   TRIVY_VERSION: 0.75.0
7 Container Image Scan	Load the image	2026-10-07T13:50:20.2700118Z   GITLEAKS_VERSION: 8.30.1
7 Container Image Scan	Load the image	2026-10-07T13:50:20.2700449Z   PYTHON_VERSION: 3.13
7 Container Image Scan	Load the image	2026-10-07T13:50:20.2700731Z ##[endgroup]
7 Container Image Scan	Load the image	2026-10-07T13:50:29.1639212Z Loaded image: claim-check-api:1.0.4-93abcae
7 Container Image Scan	Load the image	2026-10-07T13:50:29.1956488Z REPOSITORY        TAG             IMAGE ID       CREATED          SIZE
7 Container Image Scan	Load the image	2026-10-07T13:50:29.1957675Z claim-check-api   1.0.4-93abcae   f80a175f9a7e   29 seconds ago   151MB
7 Container Image Scan	Install trivy	﻿2026-10-07T13:50:29.2004414Z ##[group]Run curl -sfL https://raw.githubusercontent.com/aquasecurity/trivy/main/contrib/install.sh \
7 Container Image Scan	Install trivy	2026-10-07T13:50:29.2004983Z [36;1mcurl -sfL https://raw.githubusercontent.com/aquasecurity/trivy/main/contrib/install.sh \[0m
7 Container Image Scan	Install trivy	2026-10-07T13:50:29.2005487Z [36;1m  | sudo sh -s -- -b /usr/local/bin "v${TRIVY_VERSION}"[0m
7 Container Image Scan	Install trivy	2026-10-07T13:50:29.2005777Z [36;1mtrivy --version[0m
7 Container Image Scan	Install trivy	2026-10-07T13:50:29.2061253Z shell: /usr/bin/bash --noprofile --norc -e -o pipefail {0}
7 Container Image Scan	Install trivy	2026-10-07T13:50:29.2061535Z env:
7 Container Image Scan	Install trivy	2026-10-07T13:50:29.2061808Z   APP_DIR: labs/17-devsecops
7 Container Image Scan	Install trivy	2026-10-07T13:50:29.2062049Z   IMAGE_NAME: claim-check-api
7 Container Image Scan	Install trivy	2026-10-07T13:50:29.2062263Z   TRIVY_VERSION: 0.75.0
7 Container Image Scan	Install trivy	2026-10-07T13:50:29.2062553Z   GITLEAKS_VERSION: 8.30.1
7 Container Image Scan	Install trivy	2026-10-07T13:50:29.2062795Z   PYTHON_VERSION: 3.13
7 Container Image Scan	Install trivy	2026-10-07T13:50:29.2063061Z ##[endgroup]
7 Container Image Scan	Install trivy	2026-10-07T13:50:29.2849902Z aquasecurity/trivy info checking GitHub for tag 'v0.75.0'
7 Container Image Scan	Install trivy	2026-10-07T13:50:29.5653829Z aquasecurity/trivy info found version: 0.75.0 for v0.75.0/Linux/64bit
7 Container Image Scan	Install trivy	2026-10-07T13:50:31.0855009Z aquasecurity/trivy info installed /usr/local/bin/trivy
7 Container Image Scan	Install trivy	2026-10-07T13:50:31.1732584Z Version: 0.75.0
7 Container Image Scan	Full vulnerability report	﻿2026-10-07T13:50:31.1790107Z ##[group]Run set -o pipefail
7 Container Image Scan	Full vulnerability report	2026-10-07T13:50:31.1790339Z [36;1mset -o pipefail[0m
7 Container Image Scan	Full vulnerability report	2026-10-07T13:50:31.1790496Z [36;1mmkdir -p reports[0m
7 Container Image Scan	Full vulnerability report	2026-10-07T13:50:31.1790672Z [36;1mtrivy image --scanners vuln --format table \[0m
7 Container Image Scan	Full vulnerability report	2026-10-07T13:50:31.1790931Z [36;1m  "${IMAGE_NAME}:1.0.4-93abcae" | tee reports/trivy-image-full.txt[0m
7 Container Image Scan	Full vulnerability report	2026-10-07T13:50:31.1845521Z shell: /usr/bin/bash --noprofile --norc -e -o pipefail {0}
7 Container Image Scan	Full vulnerability report	2026-10-07T13:50:31.1845727Z env:
7 Container Image Scan	Full vulnerability report	2026-10-07T13:50:31.1845862Z   APP_DIR: labs/17-devsecops
7 Container Image Scan	Full vulnerability report	2026-10-07T13:50:31.1846020Z   IMAGE_NAME: claim-check-api
7 Container Image Scan	Full vulnerability report	2026-10-07T13:50:31.1846169Z   TRIVY_VERSION: 0.75.0
7 Container Image Scan	Full vulnerability report	2026-10-07T13:50:31.1846349Z   GITLEAKS_VERSION: 8.30.1
7 Container Image Scan	Full vulnerability report	2026-10-07T13:50:31.1846537Z   PYTHON_VERSION: 3.13
7 Container Image Scan	Full vulnerability report	2026-10-07T13:50:31.1846756Z ##[endgroup]
7 Container Image Scan	Full vulnerability report	2026-10-07T13:50:31.2433368Z 2026-10-07T13:50:31Z	INFO	[vulndb] Need to update DB
7 Container Image Scan	Full vulnerability report	2026-10-07T13:50:31.2433912Z 2026-10-07T13:50:31Z	INFO	[vulndb] Downloading vulnerability DB...
7 Container Image Scan	Full vulnerability report	2026-10-07T13:50:31.2434743Z 2026-10-07T13:50:31Z	INFO	[vulndb] Downloading artifact...	repo="mirror.gcr.io/aquasec/trivy-db:2"
7 Container Image Scan	Full vulnerability report	2026-10-07T13:50:35.1687721Z 2.25 MiB / 119.53 MiB [->____________________________________________________________] 1.88% ? p/s ?26.18 MiB / 119.53 MiB [------------->______________________________________________] 21.90% ? p/s ?58.21 MiB / 119.53 MiB [----------------------------->______________________________] 48.69% ? p/s ?91.97 MiB / 119.53 MiB [----------------------------------->__________] 76.94% 149.72 MiB p/s ETA 0s119.53 MiB / 119.53 MiB [------------------------------------------->] 100.00% 149.72 MiB p/s ETA 0s119.53 MiB / 119.53 MiB [------------------------------------------->] 100.00% 149.72 MiB p/s ETA 0s119.53 MiB / 119.53 MiB [------------------------------------------->] 100.00% 143.02 MiB p/s ETA 0s119.53 MiB / 119.53 MiB [------------------------------------------->] 100.00% 143.02 MiB p/s ETA 0s119.53 MiB / 119.53 MiB [------------------------------------------->] 100.00% 143.02 MiB p/s ETA 0s119.53 MiB / 119.53 MiB [------------------------------------------->] 100.00% 133.80 MiB p/s ETA 0s119.53 MiB / 119.53 MiB [------------------------------------------->] 100.00% 133.80 MiB p/s ETA 0s119.53 MiB / 119.53 MiB [------------------------------------------->] 100.00% 133.80 MiB p/s ETA 0s119.53 MiB / 119.53 MiB [------------------------------------------->] 100.00% 125.17 MiB p/s ETA 0s119.53 MiB / 119.53 MiB [------------------------------------------->] 100.00% 125.17 MiB p/s ETA 0s119.53 MiB / 119.53 MiB [------------------------------------------->] 100.00% 125.17 MiB p/s ETA 0s119.53 MiB / 119.53 MiB [------------------------------------------->] 100.00% 117.09 MiB p/s ETA 0s119.53 MiB / 119.53 MiB [------------------------------------------->] 100.00% 117.09 MiB p/s ETA 0s119.53 MiB / 119.53 MiB [-----------------------------------------------] 100.00% 36.16 MiB p/s 3.5s2026-10-07T13:50:35Z	INFO	[vulndb] Artifact successfully downloaded	repo="mirror.gcr.io/aquasec/trivy-db:2"
7 Container Image Scan	Full vulnerability report	2026-10-07T13:50:35.2869992Z 2026-10-07T13:50:35Z	INFO	[vuln] Vulnerability scanning is enabled
7 Container Image Scan	Full vulnerability report	2026-10-07T13:50:43.9491049Z 2026-10-07T13:50:43Z	INFO	[python] Licenses acquired from one or more METADATA files may be subject to additional terms. Use `--debug` flag to see all affected packages.
7 Container Image Scan	Full vulnerability report	2026-10-07T13:50:43.9776553Z 2026-10-07T13:50:43Z	INFO	Detected OS	family="debian" version="11.11"
7 Container Image Scan	Full vulnerability report	2026-10-07T13:50:43.9776974Z 2026-10-07T13:50:43Z	INFO	[debian] Detecting vulnerabilities...	os_version="11" pkg_num=104
7 Container Image Scan	Full vulnerability report	2026-10-07T13:50:43.9828370Z 2026-10-07T13:50:43Z	INFO	Number of language-specific files	num=1
7 Container Image Scan	Full vulnerability report	2026-10-07T13:50:43.9828931Z 2026-10-07T13:50:43Z	INFO	[python-pkg] Detecting vulnerabilities...
7 Container Image Scan	Full vulnerability report	2026-10-07T13:50:43.9842922Z 2026-10-07T13:50:43Z	WARN	Using severities from other vendors for some vulnerabilities. Read https://trivy.dev/docs/v0.75/guide/scanner/vulnerability#severity-selection for details.
7 Container Image Scan	Full vulnerability report	2026-10-07T13:50:43.9900451Z 2026-10-07T13:50:43Z	WARN	This OS version is no longer supported by the distribution	family="debian" version="11.11"
7 Container Image Scan	Full vulnerability report	2026-10-07T13:50:43.9901653Z 2026-10-07T13:50:43Z	WARN	The vulnerability detection may be insufficient because security updates are not provided
7 Container Image Scan	Full vulnerability report	2026-10-07T13:50:44.0287281Z 2026-10-07T13:50:44Z	INFO	Table result includes only package filenames. Use '--format json' option to get the full path to the package file.
7 Container Image Scan	Full vulnerability report	2026-10-07T13:50:44.0296000Z 
7 Container Image Scan	Full vulnerability report	2026-10-07T13:50:44.0296240Z Report Summary
7 Container Image Scan	Full vulnerability report	2026-10-07T13:50:44.0296379Z 
7 Container Image Scan	Full vulnerability report	2026-10-07T13:50:44.0297030Z ┌──────────────────────────────────────────────────────────────────────────────────┬────────────┬─────────────────┐
7 Container Image Scan	Full vulnerability report	2026-10-07T13:50:44.0297716Z │                                      Target                                      │    Type    │ Vulnerabilities │
7 Container Image Scan	Full vulnerability report	2026-10-07T13:50:44.0298457Z ├──────────────────────────────────────────────────────────────────────────────────┼────────────┼─────────────────┤
7 Container Image Scan	Full vulnerability report	2026-10-07T13:50:44.0299247Z │ claim-check-api:1.0.4-93abcae (debian 11.11)                                     │   debian   │       407       │
7 Container Image Scan	Full vulnerability report	2026-10-07T13:50:44.0299957Z ├──────────────────────────────────────────────────────────────────────────────────┼────────────┼─────────────────┤
7 Container Image Scan	Full vulnerability report	2026-10-07T13:50:44.0300702Z │ usr/local/lib/python3.11/site-packages/blinker-1.9.0.dist-info/METADATA          │ python-pkg │        0        │
7 Container Image Scan	Full vulnerability report	2026-10-07T13:50:44.0301454Z ├──────────────────────────────────────────────────────────────────────────────────┼────────────┼─────────────────┤
7 Container Image Scan	Full vulnerability report	2026-10-07T13:50:44.0302146Z │ usr/local/lib/python3.11/site-packages/certifi-2026.7.22.dist-info/METADATA      │ python-pkg │        0        │
7 Container Image Scan	Full vulnerability report	2026-10-07T13:50:44.0302874Z ├──────────────────────────────────────────────────────────────────────────────────┼────────────┼─────────────────┤
7 Container Image Scan	Full vulnerability report	2026-10-07T13:50:44.0303899Z │ usr/local/lib/python3.11/site-packages/charset_normalizer-3.5.2.dist-info/METAD- │ python-pkg │        0        │
7 Container Image Scan	Full vulnerability report	2026-10-07T13:50:44.0304512Z │ ATA                                                                              │            │                 │
7 Container Image Scan	Full vulnerability report	2026-10-07T13:50:44.0305104Z ├──────────────────────────────────────────────────────────────────────────────────┼────────────┼─────────────────┤
7 Container Image Scan	Full vulnerability report	2026-10-07T13:50:44.0305816Z │ usr/local/lib/python3.11/site-packages/click-8.5.0.dist-info/METADATA            │ python-pkg │        0        │
7 Container Image Scan	Full vulnerability report	2026-10-07T13:50:44.0306596Z ├──────────────────────────────────────────────────────────────────────────────────┼────────────┼─────────────────┤
7 Container Image Scan	Full vulnerability report	2026-10-07T13:50:44.0307319Z │ usr/local/lib/python3.11/site-packages/flask-3.1.3.dist-info/METADATA            │ python-pkg │        0        │
7 Container Image Scan	Full vulnerability report	2026-10-07T13:50:44.0308093Z ├──────────────────────────────────────────────────────────────────────────────────┼────────────┼─────────────────┤
7 Container Image Scan	Full vulnerability report	2026-10-07T13:50:44.0309010Z │ usr/local/lib/python3.11/site-packages/gunicorn-26.2.0.dist-info/METADATA        │ python-pkg │        0        │
7 Container Image Scan	Full vulnerability report	2026-10-07T13:50:44.0310120Z ├──────────────────────────────────────────────────────────────────────────────────┼────────────┼─────────────────┤
7 Container Image Scan	Full vulnerability report	2026-10-07T13:50:44.0310857Z │ usr/local/lib/python3.11/site-packages/idna-3.20.dist-info/METADATA              │ python-pkg │        0        │
7 Container Image Scan	Full vulnerability report	2026-10-07T13:50:44.0311930Z ├──────────────────────────────────────────────────────────────────────────────────┼────────────┼─────────────────┤
7 Container Image Scan	Full vulnerability report	2026-10-07T13:50:44.0312667Z │ usr/local/lib/python3.11/site-packages/itsdangerous-2.2.0.dist-info/METADATA     │ python-pkg │        0        │
7 Container Image Scan	Full vulnerability report	2026-10-07T13:50:44.0313458Z ├──────────────────────────────────────────────────────────────────────────────────┼────────────┼─────────────────┤
7 Container Image Scan	Full vulnerability report	2026-10-07T13:50:44.0314188Z │ usr/local/lib/python3.11/site-packages/jinja2-3.1.6.dist-info/METADATA           │ python-pkg │        0        │
7 Container Image Scan	Full vulnerability report	2026-10-07T13:50:44.0315150Z ├──────────────────────────────────────────────────────────────────────────────────┼────────────┼─────────────────┤
7 Container Image Scan	Full vulnerability report	2026-10-07T13:50:44.0315936Z │ usr/local/lib/python3.11/site-packages/markupsafe-3.0.4.dist-info/METADATA       │ python-pkg │        0        │
7 Container Image Scan	Full vulnerability report	2026-10-07T13:50:44.0316715Z ├──────────────────────────────────────────────────────────────────────────────────┼────────────┼─────────────────┤
7 Container Image Scan	Full vulnerability report	2026-10-07T13:50:44.0317933Z │ usr/local/lib/python3.11/site-packages/pip-24.0.dist-info/METADATA               │ python-pkg │        6        │
7 Container Image Scan	Full vulnerability report	2026-10-07T13:50:44.0318833Z ├──────────────────────────────────────────────────────────────────────────────────┼────────────┼─────────────────┤
7 Container Image Scan	Full vulnerability report	2026-10-07T13:50:44.0319541Z │ usr/local/lib/python3.11/site-packages/pyyaml-6.0.3.dist-info/METADATA           │ python-pkg │        0        │
7 Container Image Scan	Full vulnerability report	2026-10-07T13:50:44.0320314Z ├──────────────────────────────────────────────────────────────────────────────────┼────────────┼─────────────────┤
7 Container Image Scan	Full vulnerability report	2026-10-07T13:50:44.0321063Z │ usr/local/lib/python3.11/site-packages/requests-2.34.2.dist-info/METADATA        │ python-pkg │        0        │
7 Container Image Scan	Full vulnerability report	2026-10-07T13:50:44.0321859Z ├──────────────────────────────────────────────────────────────────────────────────┼────────────┼─────────────────┤
7 Container Image Scan	Full vulnerability report	2026-10-07T13:50:44.0322642Z │ usr/local/lib/python3.11/site-packages/setuptools-65.5.1.dist-info/METADATA      │ python-pkg │        3        │
7 Container Image Scan	Full vulnerability report	2026-10-07T13:50:44.0323640Z ├──────────────────────────────────────────────────────────────────────────────────┼────────────┼─────────────────┤
7 Container Image Scan	Full vulnerability report	2026-10-07T13:50:44.0324353Z │ usr/local/lib/python3.11/site-packages/urllib3-2.8.0.dist-info/METADATA          │ python-pkg │        0        │
7 Container Image Scan	Full vulnerability report	2026-10-07T13:50:44.0325113Z ├──────────────────────────────────────────────────────────────────────────────────┼────────────┼─────────────────┤
7 Container Image Scan	Full vulnerability report	2026-10-07T13:50:44.0325862Z │ usr/local/lib/python3.11/site-packages/werkzeug-3.1.9.dist-info/METADATA         │ python-pkg │        0        │
7 Container Image Scan	Full vulnerability report	2026-10-07T13:50:44.0326787Z ├──────────────────────────────────────────────────────────────────────────────────┼────────────┼─────────────────┤
7 Container Image Scan	Full vulnerability report	2026-10-07T13:50:44.0327476Z │ usr/local/lib/python3.11/site-packages/wheel-0.45.1.dist-info/METADATA           │ python-pkg │        1        │
7 Container Image Scan	Full vulnerability report	2026-10-07T13:50:44.0328230Z └──────────────────────────────────────────────────────────────────────────────────┴────────────┴─────────────────┘
7 Container Image Scan	Full vulnerability report	2026-10-07T13:50:44.0328800Z Legend:
7 Container Image Scan	Full vulnerability report	2026-10-07T13:50:44.0328977Z - '-': Not scanned
7 Container Image Scan	Full vulnerability report	2026-10-07T13:50:44.0329205Z - '0': Clean (no security findings detected)
7 Container Image Scan	Full vulnerability report	2026-10-07T13:50:44.0329394Z 
7 Container Image Scan	Full vulnerability report	2026-10-07T13:50:44.0329401Z 
7 Container Image Scan	Full vulnerability report	2026-10-07T13:50:44.0329493Z For OSS Maintainers: VEX Notice
7 Container Image Scan	Full vulnerability report	2026-10-07T13:50:44.0329718Z --------------------------------
7 Container Image Scan	Full vulnerability report	2026-10-07T13:50:44.0330419Z If you're an OSS maintainer and Trivy has detected vulnerabilities in your project that you believe are not actually exploitable, consider issuing a VEX (Vulnerability Exploitability eXchange) statement.
7 Container Image Scan	Full vulnerability report	2026-10-07T13:50:44.0331538Z VEX allows you to communicate the actual status of vulnerabilities in your project, improving security transparency and reducing false positives for your users.
7 Container Image Scan	Full vulnerability report	2026-10-07T13:50:44.0332370Z Learn more and start using VEX: https://trivy.dev/docs/v0.75/guide/supply-chain/vex/repo#publishing-vex-documents
7 Container Image Scan	Full vulnerability report	2026-10-07T13:50:44.0332752Z 
7 Container Image Scan	Full vulnerability report	2026-10-07T13:50:44.0332965Z To disable this notice, set the TRIVY_DISABLE_VEX_NOTICE environment variable.
7 Container Image Scan	Full vulnerability report	2026-10-07T13:50:44.0333229Z 
7 Container Image Scan	Full vulnerability report	2026-10-07T13:50:44.0333233Z 
7 Container Image Scan	Full vulnerability report	2026-10-07T13:50:44.0333335Z claim-check-api:1.0.4-93abcae (debian 11.11)
7 Container Image Scan	Full vulnerability report	2026-10-07T13:50:44.0333581Z ============================================
7 Container Image Scan	Full vulnerability report	2026-10-07T13:50:44.0333817Z Total: 407 (UNKNOWN: 6, LOW: 143, MEDIUM: 159, HIGH: 92, CRITICAL: 7)
7 Container Image Scan	Full vulnerability report	2026-10-07T13:50:44.0333960Z 
7 Container Image Scan	Full vulnerability report	2026-10-07T13:50:44.0334377Z ┌────────────────────┬─────────────────────┬──────────┬──────────────┬──────────────────────────────┬──────────────────────────┬──────────────────────────────────────────────────────────────┐
7 Container Image Scan	Full vulnerability report	2026-10-07T13:50:44.0335015Z │      Library       │    Vulnerability    │ Severity │    Status    │      Installed Version       │      Fixed Version       │                            Title                             │
7 Container Image Scan	Full vulnerability report	2026-10-07T13:50:44.0335677Z ├────────────────────┼─────────────────────┼──────────┼──────────────┼──────────────────────────────┼──────────────────────────┼──────────────────────────────────────────────────────────────┤
7 Container Image Scan	Full vulnerability report	2026-10-07T13:50:44.0336407Z │ apt                │ CVE-2011-3374       │ LOW      │ affected     │ 2.2.4                        │                          │ It was found that apt-key in apt, all versions, do not       │
7 Container Image Scan	Full vulnerability report	2026-10-07T13:50:44.0336878Z │                    │                     │          │              │                              │                          │ correctly...                                                 │
7 Container Image Scan	Full vulnerability report	2026-10-07T13:50:44.0337328Z │                    │                     │          │              │                              │                          │ https://avd.aquasec.com/nvd/cve-2011-3374                    │
7 Container Image Scan	Full vulnerability report	2026-10-07T13:50:44.0337996Z ├────────────────────┼─────────────────────┼──────────┤              ├──────────────────────────────┼──────────────────────────┼──────────────────────────────────────────────────────────────┤
7 Container Image Scan	Full vulnerability report	2026-10-07T13:50:44.0338567Z │ bash               │ CVE-2022-3715       │ HIGH     │              │ 5.1-2+deb11u1                │                          │ bash: a heap-buffer-overflow in valid_parameter_transform    │
7 Container Image Scan	Full vulnerability report	2026-10-07T13:50:44.0339894Z │                    │                     │          │              │                              │                          │ https://avd.aquasec.com/nvd/cve-2022-3715                    │
7 Container Image Scan	Full vulnerability report	2026-10-07T13:50:44.0340752Z │                    ├─────────────────────┼──────────┤              │                              ├──────────────────────────┼──────────────────────────────────────────────────────────────┤
7 Container Image Scan	Full vulnerability report	2026-10-07T13:50:44.0341633Z │                    │ TEMP-0841856-B18BAF │ LOW      │              │                              │                          │ [Privilege escalation possible to other user than root]      │
7 Container Image Scan	Full vulnerability report	2026-10-07T13:50:44.0342470Z │                    │                     │          │              │                              │                          │ https://security-tracker.debian.org/tracker/TEMP-0841856-B1- │
7 Container Image Scan	Full vulnerability report	2026-10-07T13:50:44.0343360Z │                    │                     │          │              │                              │                          │ 8BAF                                                         │
7 Container Image Scan	Full vulnerability report	2026-10-07T13:50:44.0344286Z ├────────────────────┼─────────────────────┼──────────┤              ├──────────────────────────────┼──────────────────────────┼──────────────────────────────────────────────────────────────┤
7 Container Image Scan	Full vulnerability report	2026-10-07T13:50:44.0345217Z │ bsdutils           │ CVE-2026-53613      │ HIGH     │              │ 1:2.36.1-8+deb11u2           │                          │ util-linux: util-linux: TOCTOU in the mount program via      │
7 Container Image Scan	Full vulnerability report	2026-10-07T13:50:44.0346011Z │                    │                     │          │              │                              │                          │ ancestor directory swap on...                                │
7 Container Image Scan	Full vulnerability report	2026-10-07T13:50:44.0346715Z │                    │                     │          │              │                              │                          │ https://avd.aquasec.com/nvd/cve-2026-53613                   │
7 Container Image Scan	Full vulnerability report	2026-10-07T13:50:44.0347551Z │                    ├─────────────────────┤          │              │                              ├──────────────────────────┼──────────────────────────────────────────────────────────────┤
7 Container Image Scan	Full vulnerability report	2026-10-07T13:50:44.0348342Z │                    │ CVE-2026-76642      │          │              │                              │                          │ util-linux: util-linux: failed external mount helper still   │
7 Container Image Scan	Full vulnerability report	2026-10-07T13:50:44.0349172Z │                    │                     │          │              │                              │                          │ runs privileged X-mount post-hooks                           │
7 Container Image Scan	Full vulnerability report	2026-10-07T13:50:44.0350017Z │                    │                     │          │              │                              │                          │ https://avd.aquasec.com/nvd/cve-2026-76642                   │
7 Container Image Scan	Full vulnerability report	2026-10-07T13:50:44.0350883Z │                    ├─────────────────────┤          │              │                              ├──────────────────────────┼──────────────────────────────────────────────────────────────┤
7 Container Image Scan	Full vulnerability report	2026-10-07T13:50:44.0351727Z │                    │ CVE-2026-78408      │          │              │                              │                          │ util-linux: util-linux: nsenter --join-cgroup leaks root     │
7 Container Image Scan	Full vulnerability report	2026-10-07T13:50:44.0352489Z │                    │                     │          │              │                              │                          │ cgroup migration authority                                   │
7 Container Image Scan	Full vulnerability report	2026-10-07T13:50:44.0353249Z │                    │                     │          │              │                              │                          │ https://avd.aquasec.com/nvd/cve-2026-78408                   │
7 Container Image Scan	Full vulnerability report	2026-10-07T13:50:44.0354079Z │                    ├─────────────────────┤          │              │                              ├──────────────────────────┼──────────────────────────────────────────────────────────────┤
7 Container Image Scan	Full vulnerability report	2026-10-07T13:50:44.0355041Z │                    │ CVE-2026-78409      │          │              │                              │                          │ util-linux: util-linux: X-mount.subdir detached-tree         │
7 Container Image Scan	Full vulnerability report	2026-10-07T13:50:44.0355822Z │                    │                     │          │              │                              │                          │ resolution can escape via intermediate symlinks              │
7 Container Image Scan	Full vulnerability report	2026-10-07T13:50:44.0356560Z │                    │                     │          │              │                              │                          │ https://avd.aquasec.com/nvd/cve-2026-78409                   │
7 Container Image Scan	Full vulnerability report	2026-10-07T13:50:44.0357421Z │                    ├─────────────────────┤          │              │                              ├──────────────────────────┼──────────────────────────────────────────────────────────────┤
7 Container Image Scan	Full vulnerability report	2026-10-07T13:50:44.0358252Z │                    │ CVE-2026-78410      │          │              │                              │                          │ util-linux: util-linux: restricted bind mounts do not pin    │
7 Container Image Scan	Full vulnerability report	2026-10-07T13:50:44.0359128Z │                    │                     │          │              │                              │                          │ the source, allowing X-mount.owner/group/mode...             │
7 Container Image Scan	Full vulnerability report	2026-10-07T13:50:44.0359865Z │                    │                     │          │              │                              │                          │ https://avd.aquasec.com/nvd/cve-2026-78410                   │
7 Container Image Scan	Full vulnerability report	2026-10-07T13:50:44.0360711Z │                    ├─────────────────────┼──────────┤              │                              ├──────────────────────────┼──────────────────────────────────────────────────────────────┤
7 Container Image Scan	Full vulnerability report	2026-10-07T13:50:44.0361641Z │                    │ CVE-2026-13595      │ MEDIUM   │              │                              │                          │ util-linux: util-linux: heap use-after-free in libblkid      │
7 Container Image Scan	Full vulnerability report	2026-10-07T13:50:44.0362382Z │                    │                     │          │              │                              │                          │ nested partition probing                                     │
7 Container Image Scan	Full vulnerability report	2026-10-07T13:50:44.0362832Z │                    │                     │          │              │                              │                          │ https://avd.aquasec.com/nvd/cve-2026-13595                   │
7 Container Image Scan	Full vulnerability report	2026-10-07T13:50:44.0363346Z │                    ├─────────────────────┤          ├──────────────┤                              ├──────────────────────────┼──────────────────────────────────────────────────────────────┤
7 Container Image Scan	Full vulnerability report	2026-10-07T13:50:44.0363893Z │                    │ CVE-2026-27456      │          │ fix_deferred │                              │                          │ util-linux: TOCTOU in the mount program when setting up loop │
7 Container Image Scan	Full vulnerability report	2026-10-07T13:50:44.0364356Z │                    │                     │          │              │                              │                          │ devices                                                      │
7 Container Image Scan	Full vulnerability report	2026-10-07T13:50:44.0364895Z │                    │                     │          │              │                              │                          │ https://avd.aquasec.com/nvd/cve-2026-27456                   │
7 Container Image Scan	Full vulnerability report	2026-10-07T13:50:44.0365431Z │                    ├─────────────────────┤          ├──────────────┤                              ├──────────────────────────┼──────────────────────────────────────────────────────────────┤
7 Container Image Scan	Full vulnerability report	2026-10-07T13:50:44.0366087Z │                    │ CVE-2026-3184       │          │ will_not_fix │                              │                          │ util-linux: util-linux: Access control bypass due to         │
7 Container Image Scan	Full vulnerability report	2026-10-07T13:50:44.0366897Z │                    │                     │          │              │                              │                          │ improper hostname canonicalization                           │
7 Container Image Scan	Full vulnerability report	2026-10-07T13:50:44.0367607Z │                    │                     │          │              │                              │                          │ https://avd.aquasec.com/nvd/cve-2026-3184                    │
7 Container Image Scan	Full vulnerability report	2026-10-07T13:50:44.0368258Z │                    ├─────────────────────┤          ├──────────────┤                              ├──────────────────────────┼──────────────────────────────────────────────────────────────┤
7 Container Image Scan	Full vulnerability report	2026-10-07T13:50:44.0368933Z │                    │ CVE-2026-53615      │          │ affected     │                              │                          │ [Integer Overflow or Wraparound in                           │
7 Container Image Scan	Full vulnerability report	2026-10-07T13:50:44.0369404Z │                    │                     │          │              │                              │                          │ libblkid/src/partitions/dos.c]                               │
7 Container Image Scan	Full vulnerability report	2026-10-07T13:50:44.0369967Z │                    │                     │          │              │                              │                          │ https://avd.aquasec.com/nvd/cve-2026-53615                   │
7 Container Image Scan	Full vulnerability report	2026-10-07T13:50:44.0370500Z │                    ├─────────────────────┼──────────┤              │                              ├──────────────────────────┼──────────────────────────────────────────────────────────────┤
7 Container Image Scan	Full vulnerability report	2026-10-07T13:50:44.0371015Z │                    │ CVE-2022-0563       │ LOW      │              │                              │                          │ util-linux: partial disclosure of arbitrary files in chfn    │
7 Container Image Scan	Full vulnerability report	2026-10-07T13:50:44.0371473Z │                    │                     │          │              │                              │                          │ and chsh when compiled...                                    │
7 Container Image Scan	Full vulnerability report	2026-10-07T13:50:44.0371920Z │                    │                     │          │              │                              │                          │ https://avd.aquasec.com/nvd/cve-2022-0563                    │
7 Container Image Scan	Full vulnerability report	2026-10-07T13:50:44.0372425Z │                    ├─────────────────────┤          │              │                              ├──────────────────────────┼──────────────────────────────────────────────────────────────┤
7 Container Image Scan	Full vulnerability report	2026-10-07T13:50:44.0373020Z │                    │ CVE-2025-14104      │          │              │                              │                          │ util-linux: util-linux: Heap buffer overread in setpwnam()   │
7 Container Image Scan	Full vulnerability report	2026-10-07T13:50:44.0373486Z │                    │                     │          │              │                              │                          │ when processing 256-byte usernames                           │
7 Container Image Scan	Full vulnerability report	2026-10-07T13:50:44.0373930Z │                    │                     │          │              │                              │                          │ https://avd.aquasec.com/nvd/cve-2025-14104                   │
7 Container Image Scan	Full vulnerability report	2026-10-07T13:50:44.0374544Z ├────────────────────┼─────────────────────┼──────────┼──────────────┼──────────────────────────────┼──────────────────────────┼──────────────────────────────────────────────────────────────┤
7 Container Image Scan	Full vulnerability report	2026-10-07T13:50:44.0375211Z │ ca-certificates    │ DLA-4485-1          │ UNKNOWN  │ fixed        │ 20210119                     │ 20230311+deb12u1~deb11u1 │ ca-certificates - CA certificates update                     │
7 Container Image Scan	Full vulnerability report	2026-10-07T13:50:44.0375804Z │                    ├─────────────────────┤          │              │                              ├──────────────────────────┤                                                              │
7 Container Image Scan	Full vulnerability report	2026-10-07T13:50:44.0376285Z │                    │ DLA-4726-1          │          │              │                              │ 20250419~deb12u1~deb11u1 │                                                              │
7 Container Image Scan	Full vulnerability report	2026-10-07T13:50:44.0376890Z ├────────────────────┼─────────────────────┼──────────┼──────────────┼──────────────────────────────┼──────────────────────────┼──────────────────────────────────────────────────────────────┤
7 Container Image Scan	Full vulnerability report	2026-10-07T13:50:44.0377577Z │ coreutils          │ CVE-2016-2781       │ LOW      │ will_not_fix │ 8.32-4+b1                    │                          │ coreutils: Non-privileged session can escape to the parent   │
7 Container Image Scan	Full vulnerability report	2026-10-07T13:50:44.0378083Z │                    │                     │          │              │                              │                          │ session in chroot                                            │
7 Container Image Scan	Full vulnerability report	2026-10-07T13:50:44.0378520Z │                    │                     │          │              │                              │                          │ https://avd.aquasec.com/nvd/cve-2016-2781                    │
7 Container Image Scan	Full vulnerability report	2026-10-07T13:50:44.0379191Z │                    ├─────────────────────┤          ├──────────────┤                              ├──────────────────────────┼──────────────────────────────────────────────────────────────┤
7 Container Image Scan	Full vulnerability report	2026-10-07T13:50:44.0379729Z │                    │ CVE-2017-18018      │          │ affected     │                              │                          │ coreutils: race condition vulnerability in chown and chgrp   │
7 Container Image Scan	Full vulnerability report	2026-10-07T13:50:44.0380200Z │                    │                     │          │              │                              │                          │ https://avd.aquasec.com/nvd/cve-2017-18018                   │
7 Container Image Scan	Full vulnerability report	2026-10-07T13:50:44.0380807Z │                    ├─────────────────────┤          │              │                              ├──────────────────────────┼──────────────────────────────────────────────────────────────┤
7 Container Image Scan	Full vulnerability report	2026-10-07T13:50:44.0381303Z │                    │ CVE-2025-5278       │          │              │                              │                          │ coreutils: Heap Buffer Under-Read in GNU Coreutils sort via  │
7 Container Image Scan	Full vulnerability report	2026-10-07T13:50:44.0381757Z │                    │                     │          │              │                              │                          │ Key Specification                                            │
7 Container Image Scan	Full vulnerability report	2026-10-07T13:50:44.0382200Z │                    │                     │          │              │                              │                          │ https://avd.aquasec.com/nvd/cve-2025-5278                    │
7 Container Image Scan	Full vulnerability report	2026-10-07T13:50:44.0382702Z │                    ├─────────────────────┤          │              │                              ├──────────────────────────┼──────────────────────────────────────────────────────────────┤
7 Container Image Scan	Full vulnerability report	2026-10-07T13:50:44.0383203Z │                    │ CVE-2026-56391      │          │              │                              │                          │ coreutils: GNU coreutils uniq: Denial of Service and         │
7 Container Image Scan	Full vulnerability report	2026-10-07T13:50:44.0383667Z │                    │                     │          │              │                              │                          │ information disclosure via out-of-bounds...                  │
7 Container Image Scan	Full vulnerability report	2026-10-07T13:50:44.0384198Z │                    │                     │          │              │                              │                          │ https://avd.aquasec.com/nvd/cve-2026-56391                   │
7 Container Image Scan	Full vulnerability report	2026-10-07T13:50:44.0384702Z │                    ├─────────────────────┤          │              │                              ├──────────────────────────┼──────────────────────────────────────────────────────────────┤
7 Container Image Scan	Full vulnerability report	2026-10-07T13:50:44.0385206Z │                    │ CVE-2026-56392      │          │              │                              │                          │ coreutils: GNU coreutils unexpand: Denial of Service via     │
7 Container Image Scan	Full vulnerability report	2026-10-07T13:50:44.0385661Z │                    │                     │          │              │                              │                          │ crafted tab stop values...                                   │
7 Container Image Scan	Full vulnerability report	2026-10-07T13:50:44.0386097Z │                    │                     │          │              │                              │                          │ https://avd.aquasec.com/nvd/cve-2026-56392                   │
7 Container Image Scan	Full vulnerability report	2026-10-07T13:50:44.0386673Z ├────────────────────┼─────────────────────┤          │              ├──────────────────────────────┼──────────────────────────┼──────────────────────────────────────────────────────────────┤
7 Container Image Scan	Full vulnerability report	2026-10-07T13:50:44.0387265Z │ dash               │ CVE-2026-102473     │          │              │ 0.5.11+git20200708+dd9ef66-5 │                          │ dash: dash: Super-polynomial backtracking in pmatch when     │
7 Container Image Scan	Full vulnerability report	2026-10-07T13:50:44.0387864Z │                    │                     │          │              │                              │                          │ libc fnmatch is disabled                                     │
7 Container Image Scan	Full vulnerability report	2026-10-07T13:50:44.0388303Z │                    │                     │          │              │                              │                          │ https://avd.aquasec.com/nvd/cve-2026-102473                  │
7 Container Image Scan	Full vulnerability report	2026-10-07T13:50:44.0389011Z │                    ├─────────────────────┤          │              │                              ├──────────────────────────┼──────────────────────────────────────────────────────────────┤
7 Container Image Scan	Full vulnerability report	2026-10-07T13:50:44.0389515Z │                    │ CVE-2026-102474     │          │              │                              │                          │ dash: dash: Heap out-of-bounds write in conv_escape via      │
7 Container Image Scan	Full vulnerability report	2026-10-07T13:50:44.0389980Z │                    │                     │          │              │                              │                          │ undersized Unicode escape reservation...                     │
7 Container Image Scan	Full vulnerability report	2026-10-07T13:50:44.0390431Z │                    │                     │          │              │                              │                          │ https://avd.aquasec.com/nvd/cve-2026-102474                  │
7 Container Image Scan	Full vulnerability report	2026-10-07T13:50:44.0390999Z ├────────────────────┼─────────────────────┤          │              ├──────────────────────────────┼──────────────────────────┼──────────────────────────────────────────────────────────────┤
7 Container Image Scan	Full vulnerability report	2026-10-07T13:50:44.0391823Z │ diffutils          │ CVE-2026-53910      │          │              │ 1:3.7-5                      │                          │ diffutils: heap‑based buffer overflow due to multiple signed │
7 Container Image Scan	Full vulnerability report	2026-10-07T13:50:44.0392309Z │                    │                     │          │              │                              │                          │ integer overflows in line‑mapping...                         │
7 Container Image Scan	Full vulnerability report	2026-10-07T13:50:44.0392773Z │                    │                     │          │              │                              │                          │ https://avd.aquasec.com/nvd/cve-2026-53910                   │
7 Container Image Scan	Full vulnerability report	2026-10-07T13:50:44.0393359Z ├────────────────────┼─────────────────────┤          ├──────────────┼──────────────────────────────┼──────────────────────────┼──────────────────────────────────────────────────────────────┤
7 Container Image Scan	Full vulnerability report	2026-10-07T13:50:44.0393945Z │ dpkg               │ CVE-2025-6297       │          │ fixed        │ 1.20.13                      │ 1.20.14                  │ It was discovered that dpkg-deb does not properly sanitize   │
7 Container Image Scan	Full vulnerability report	2026-10-07T13:50:44.0394431Z │                    │                     │          │              │                              │                          │ directory p ......                                           │
7 Container Image Scan	Full vulnerability report	2026-10-07T13:50:44.0394887Z │                    │                     │          │              │                              │                          │ https://avd.aquasec.com/nvd/cve-2025-6297                    │
7 Container Image Scan	Full vulnerability report	2026-10-07T13:50:44.0395564Z ├────────────────────┼─────────────────────┤          ├──────────────┼──────────────────────────────┼──────────────────────────┼──────────────────────────────────────────────────────────────┤
7 Container Image Scan	Full vulnerability report	2026-10-07T13:50:44.0396163Z │ gcc-10-base        │ CVE-2023-4039       │          │ affected     │ 10.2.1-6                     │                          │ gcc: -fstack-protector fails to guard dynamic stack          │
7 Container Image Scan	Full vulnerability report	2026-10-07T13:50:44.0396650Z │                    │                     │          │              │                              │                          │ allocations on ARM64                                         │
7 Container Image Scan	Full vulnerability report	2026-10-07T13:50:44.0397155Z │                    │                     │          │              │                              │                          │ https://avd.aquasec.com/nvd/cve-2023-4039                    │
7 Container Image Scan	Full vulnerability report	2026-10-07T13:50:44.0397671Z ├────────────────────┤                     │          │              ├──────────────────────────────┼──────────────────────────┤                                                              │
7 Container Image Scan	Full vulnerability report	2026-10-07T13:50:44.0398163Z │ gcc-9-base         │                     │          │              │ 9.3.0-22                     │                          │                                                              │
7 Container Image Scan	Full vulnerability report	2026-10-07T13:50:44.0398573Z │                    │                     │          │              │                              │                          │                                                              │
7 Container Image Scan	Full vulnerability report	2026-10-07T13:50:44.0399260Z │                    │                     │          │              │                              │                          │                                                              │
7 Container Image Scan	Full vulnerability report	2026-10-07T13:50:44.0399829Z ├────────────────────┼─────────────────────┼──────────┼──────────────┼──────────────────────────────┼──────────────────────────┼──────────────────────────────────────────────────────────────┤
7 Container Image Scan	Full vulnerability report	2026-10-07T13:50:44.0400466Z │ gpgv               │ CVE-2025-68973      │ HIGH     │ fixed        │ 2.2.27-2+deb11u2             │ 2.2.27-2+deb11u3         │ GnuPG: GnuPG: Information disclosure and potential arbitrary │
7 Container Image Scan	Full vulnerability report	2026-10-07T13:50:44.0400985Z │                    │                     │          │              │                              │                          │ code execution via out-of-bounds write...                    │
7 Container Image Scan	Full vulnerability report	2026-10-07T13:50:44.0401433Z │                    │                     │          │              │                              │                          │ https://avd.aquasec.com/nvd/cve-2025-68973                   │
7 Container Image Scan	Full vulnerability report	2026-10-07T13:50:44.0401978Z │                    ├─────────────────────┼──────────┼──────────────┤                              ├──────────────────────────┼──────────────────────────────────────────────────────────────┤
7 Container Image Scan	Full vulnerability report	2026-10-07T13:50:44.0402523Z │                    │ CVE-2025-30258      │ MEDIUM   │ fix_deferred │                              │                          │ gnupg: verification DoS due to a malicious subkey in the     │
7 Container Image Scan	Full vulnerability report	2026-10-07T13:50:44.0403101Z │                    │                     │          │              │                              │                          │ keyring                                                      │
7 Container Image Scan	Full vulnerability report	2026-10-07T13:50:44.0403529Z │                    │                     │          │              │                              │                          │ https://avd.aquasec.com/nvd/cve-2025-30258                   │
7 Container Image Scan	Full vulnerability report	2026-10-07T13:50:44.0404125Z │                    ├─────────────────────┤          │              │                              ├──────────────────────────┼──────────────────────────────────────────────────────────────┤
7 Container Image Scan	Full vulnerability report	2026-10-07T13:50:44.0404616Z │                    │ CVE-2025-68972      │          │              │                              │                          │ gnupg: GnuPG: Signature bypass via form feed character in    │
7 Container Image Scan	Full vulnerability report	2026-10-07T13:50:44.0405078Z │                    │                     │          │              │                              │                          │ signed messages                                              │
7 Container Image Scan	Full vulnerability report	2026-10-07T13:50:44.0405509Z │                    │                     │          │              │                              │                          │ https://avd.aquasec.com/nvd/cve-2025-68972                   │
7 Container Image Scan	Full vulnerability report	2026-10-07T13:50:44.0406039Z │                    ├─────────────────────┼──────────┼──────────────┤                              ├──────────────────────────┼──────────────────────────────────────────────────────────────┤
7 Container Image Scan	Full vulnerability report	2026-10-07T13:50:44.0406580Z │                    │ CVE-2022-3219       │ LOW      │ affected     │                              │                          │ gnupg: denial of service issue (resource consumption) using  │
7 Container Image Scan	Full vulnerability report	2026-10-07T13:50:44.0407051Z │                    │                     │          │              │                              │                          │ compressed packets                                           │
7 Container Image Scan	Full vulnerability report	2026-10-07T13:50:44.0407498Z │                    │                     │          │              │                              │                          │ https://avd.aquasec.com/nvd/cve-2022-3219                    │
7 Container Image Scan	Full vulnerability report	2026-10-07T13:50:44.0407994Z │                    ├─────────────────────┤          │              │                              ├──────────────────────────┼──────────────────────────────────────────────────────────────┤
7 Container Image Scan	Full vulnerability report	2026-10-07T13:50:44.0408486Z │                    │ CVE-2026-105712     │          │              │                              │                          │ gnupg2: gnupg: Arbitrary file overwrite via symlink          │
7 Container Image Scan	Full vulnerability report	2026-10-07T13:50:44.0409090Z │                    │                     │          │              │                              │                          │ traversal in gpgtar                                          │
7 Container Image Scan	Full vulnerability report	2026-10-07T13:50:44.0409522Z │                    │                     │          │              │                              │                          │ https://avd.aquasec.com/nvd/cve-2026-105712                  │
7 Container Image Scan	Full vulnerability report	2026-10-07T13:50:44.0410248Z ├────────────────────┼─────────────────────┼──────────┼──────────────┼──────────────────────────────┼──────────────────────────┼──────────────────────────────────────────────────────────────┤
7 Container Image Scan	Full vulnerability report	2026-10-07T13:50:44.0410843Z │ gzip               │ CVE-2026-41992      │ HIGH     │ fix_deferred │ 1.10-4+deb11u1               │                          │ gzip: gzip: Information disclosure via global buffer         │
7 Container Image Scan	Full vulnerability report	2026-10-07T13:50:44.0411430Z │                    │                     │          │              │                              │                          │ overflow in LZH decompression                                │
7 Container Image Scan	Full vulnerability report	2026-10-07T13:50:44.0411874Z │                    │                     │          │              │                              │                          │ https://avd.aquasec.com/nvd/cve-2026-41992                   │
7 Container Image Scan	Full vulnerability report	2026-10-07T13:50:44.0412394Z │                    ├─────────────────────┼──────────┤              │                              ├──────────────────────────┼──────────────────────────────────────────────────────────────┤
7 Container Image Scan	Full vulnerability report	2026-10-07T13:50:44.0412905Z │                    │ CVE-2026-41991      │ MEDIUM   │              │                              │                          │ gzip: gzip: Arbitrary file overwrite via insecure temporary  │
7 Container Image Scan	Full vulnerability report	2026-10-07T13:50:44.0413368Z │                    │                     │          │              │                              │                          │ file handling in gzexe...                                    │
7 Container Image Scan	Full vulnerability report	2026-10-07T13:50:44.0413811Z │                    │                     │          │              │                              │                          │ https://avd.aquasec.com/nvd/cve-2026-41991                   │
7 Container Image Scan	Full vulnerability report	2026-10-07T13:50:44.0414378Z ├────────────────────┼─────────────────────┼──────────┤              ├──────────────────────────────┼──────────────────────────┼──────────────────────────────────────────────────────────────┤
7 Container Image Scan	Full vulnerability report	2026-10-07T13:50:44.0414953Z │ libacl1            │ CVE-2026-54369      │ HIGH     │              │ 2.2.53-10                    │                          │ acl: Symlink traversal privilege escalation via libacl       │
7 Container Image Scan	Full vulnerability report	2026-10-07T13:50:44.0415426Z │                    │                     │          │              │                              │                          │ functions                                                    │
7 Container Image Scan	Full vulnerability report	2026-10-07T13:50:44.0415853Z │                    │                     │          │              │                              │                          │ https://avd.aquasec.com/nvd/cve-2026-54369                   │
7 Container Image Scan	Full vulnerability report	2026-10-07T13:50:44.0416372Z │                    ├─────────────────────┼──────────┤              │                              ├──────────────────────────┼──────────────────────────────────────────────────────────────┤
7 Container Image Scan	Full vulnerability report	2026-10-07T13:50:44.0416942Z │                    │ CVE-2026-54370      │ MEDIUM   │              │                              │                          │ acl: TOCTOU Symlink Traversal via getfacl/setfacl            │
7 Container Image Scan	Full vulnerability report	2026-10-07T13:50:44.0417408Z │                    │                     │          │              │                              │                          │ https://avd.aquasec.com/nvd/cve-2026-54370                   │
7 Container Image Scan	Full vulnerability report	2026-10-07T13:50:44.0417982Z ├────────────────────┼─────────────────────┼──────────┼──────────────┼──────────────────────────────┼──────────────────────────┼──────────────────────────────────────────────────────────────┤
7 Container Image Scan	Full vulnerability report	2026-10-07T13:50:44.0418750Z │ libapt-pkg6.0      │ CVE-2011-3374       │ LOW      │ affected     │ 2.2.4                        │                          │ It was found that apt-key in apt, all versions, do not       │
7 Container Image Scan	Full vulnerability report	2026-10-07T13:50:44.0419454Z │                    │                     │          │              │                              │                          │ correctly...                                                 │
7 Container Image Scan	Full vulnerability report	2026-10-07T13:50:44.0419892Z │                    │                     │          │              │                              │                          │ https://avd.aquasec.com/nvd/cve-2011-3374                    │
7 Container Image Scan	Full vulnerability report	2026-10-07T13:50:44.0420471Z ├────────────────────┼─────────────────────┼──────────┼──────────────┼──────────────────────────────┼──────────────────────────┼──────────────────────────────────────────────────────────────┤
7 Container Image Scan	Full vulnerability report	2026-10-07T13:50:44.0421097Z │ libattr1           │ CVE-2026-54371      │ MEDIUM   │ fix_deferred │ 1:2.4.48-6                   │                          │ attr: attr: Symlink Traversal Privilege Escalation via       │
7 Container Image Scan	Full vulnerability report	2026-10-07T13:50:44.0421602Z │                    │                     │          │              │                              │                          │ getfattr and setfattr                                        │
7 Container Image Scan	Full vulnerability report	2026-10-07T13:50:44.0422036Z │                    │                     │          │              │                              │                          │ https://avd.aquasec.com/nvd/cve-2026-54371                   │
7 Container Image Scan	Full vulnerability report	2026-10-07T13:50:44.0422721Z ├────────────────────┼─────────────────────┼──────────┼──────────────┼──────────────────────────────┼──────────────────────────┼──────────────────────────────────────────────────────────────┤
7 Container Image Scan	Full vulnerability report	2026-10-07T13:50:44.0423326Z │ libblkid1          │ CVE-2026-53613      │ HIGH     │ affected     │ 2.36.1-8+deb11u2             │                          │ util-linux: util-linux: TOCTOU in the mount program via      │
7 Container Image Scan	Full vulnerability report	2026-10-07T13:50:44.0423832Z │                    │                     │          │              │                              │                          │ ancestor directory swap on...                                │
7 Container Image Scan	Full vulnerability report	2026-10-07T13:50:44.0424277Z │                    │                     │          │              │                              │                          │ https://avd.aquasec.com/nvd/cve-2026-53613                   │
7 Container Image Scan	Full vulnerability report	2026-10-07T13:50:44.0424783Z │                    ├─────────────────────┤          │              │                              ├──────────────────────────┼──────────────────────────────────────────────────────────────┤
7 Container Image Scan	Full vulnerability report	2026-10-07T13:50:44.0425277Z │                    │ CVE-2026-76642      │          │              │                              │                          │ util-linux: util-linux: failed external mount helper still   │
7 Container Image Scan	Full vulnerability report	2026-10-07T13:50:44.0425739Z │                    │                     │          │              │                              │                          │ runs privileged X-mount post-hooks                           │
7 Container Image Scan	Full vulnerability report	2026-10-07T13:50:44.0426267Z │                    │                     │          │              │                              │                          │ https://avd.aquasec.com/nvd/cve-2026-76642                   │
7 Container Image Scan	Full vulnerability report	2026-10-07T13:50:44.0426766Z │                    ├─────────────────────┤          │              │                              ├──────────────────────────┼──────────────────────────────────────────────────────────────┤
7 Container Image Scan	Full vulnerability report	2026-10-07T13:50:44.0427262Z │                    │ CVE-2026-78408      │          │              │                              │                          │ util-linux: util-linux: nsenter --join-cgroup leaks root     │
7 Container Image Scan	Full vulnerability report	2026-10-07T13:50:44.0427721Z │                    │                     │          │              │                              │                          │ cgroup migration authority                                   │
7 Container Image Scan	Full vulnerability report	2026-10-07T13:50:44.0428162Z │                    │                     │          │              │                              │                          │ https://avd.aquasec.com/nvd/cve-2026-78408                   │
7 Container Image Scan	Full vulnerability report	2026-10-07T13:50:44.0428827Z │                    ├─────────────────────┤          │              │                              ├──────────────────────────┼──────────────────────────────────────────────────────────────┤
7 Container Image Scan	Full vulnerability report	2026-10-07T13:50:44.0429314Z │                    │ CVE-2026-78409      │          │              │                              │                          │ util-linux: util-linux: X-mount.subdir detached-tree         │
7 Container Image Scan	Full vulnerability report	2026-10-07T13:50:44.0429875Z │                    │                     │          │              │                              │                          │ resolution can escape via intermediate symlinks              │
7 Container Image Scan	Full vulnerability report	2026-10-07T13:50:44.0430321Z │                    │                     │          │              │                              │                          │ https://avd.aquasec.com/nvd/cve-2026-78409                   │
7 Container Image Scan	Full vulnerability report	2026-10-07T13:50:44.0430827Z │                    ├─────────────────────┤          │              │                              ├──────────────────────────┼──────────────────────────────────────────────────────────────┤
7 Container Image Scan	Full vulnerability report	2026-10-07T13:50:44.0431325Z │                    │ CVE-2026-78410      │          │              │                              │                          │ util-linux: util-linux: restricted bind mounts do not pin    │
7 Container Image Scan	Full vulnerability report	2026-10-07T13:50:44.0431796Z │                    │                     │          │              │                              │                          │ the source, allowing X-mount.owner/group/mode...             │
7 Container Image Scan	Full vulnerability report	2026-10-07T13:50:44.0432234Z │                    │                     │          │              │                              │                          │ https://avd.aquasec.com/nvd/cve-2026-78410                   │
7 Container Image Scan	Full vulnerability report	2026-10-07T13:50:44.0432741Z │                    ├─────────────────────┼──────────┤              │                              ├──────────────────────────┼──────────────────────────────────────────────────────────────┤
7 Container Image Scan	Full vulnerability report	2026-10-07T13:50:44.0433330Z │                    │ CVE-2026-13595      │ MEDIUM   │              │                              │                          │ util-linux: util-linux: heap use-after-free in libblkid      │
7 Container Image Scan	Full vulnerability report	2026-10-07T13:50:44.0433800Z │                    │                     │          │              │                              │                          │ nested partition probing                                     │
7 Container Image Scan	Full vulnerability report	2026-10-07T13:50:44.0434244Z │                    │                     │          │              │                              │                          │ https://avd.aquasec.com/nvd/cve-2026-13595                   │
7 Container Image Scan	Full vulnerability report	2026-10-07T13:50:44.0434764Z │                    ├─────────────────────┤          ├──────────────┤                              ├──────────────────────────┼──────────────────────────────────────────────────────────────┤
7 Container Image Scan	Full vulnerability report	2026-10-07T13:50:44.0435271Z │                    │ CVE-2026-27456      │          │ fix_deferred │                              │                          │ util-linux: TOCTOU in the mount program when setting up loop │
7 Container Image Scan	Full vulnerability report	2026-10-07T13:50:44.0435742Z │                    │                     │          │              │                              │                          │ devices                                                      │
7 Container Image Scan	Full vulnerability report	2026-10-07T13:50:44.0436169Z │                    │                     │          │              │                              │                          │ https://avd.aquasec.com/nvd/cve-2026-27456                   │
7 Container Image Scan	Full vulnerability report	2026-10-07T13:50:44.0436743Z │                    ├─────────────────────┤          ├──────────────┤                              ├──────────────────────────┼──────────────────────────────────────────────────────────────┤
7 Container Image Scan	Full vulnerability report	2026-10-07T13:50:44.0437256Z │                    │ CVE-2026-3184       │          │ will_not_fix │                              │                          │ util-linux: util-linux: Access control bypass due to         │
7 Container Image Scan	Full vulnerability report	2026-10-07T13:50:44.0437738Z │                    │                     │          │              │                              │                          │ improper hostname canonicalization                           │
7 Container Image Scan	Full vulnerability report	2026-10-07T13:50:44.0438181Z │                    │                     │          │              │                              │                          │ https://avd.aquasec.com/nvd/cve-2026-3184                    │
7 Container Image Scan	Full vulnerability report	2026-10-07T13:50:44.0438891Z │                    ├─────────────────────┤          ├──────────────┤                              ├──────────────────────────┼──────────────────────────────────────────────────────────────┤
7 Container Image Scan	Full vulnerability report	2026-10-07T13:50:44.0439400Z │                    │ CVE-2026-53615      │          │ affected     │                              │                          │ [Integer Overflow or Wraparound in                           │
7 Container Image Scan	Full vulnerability report	2026-10-07T13:50:44.0439863Z │                    │                     │          │              │                              │                          │ libblkid/src/partitions/dos.c]                               │
7 Container Image Scan	Full vulnerability report	2026-10-07T13:50:44.0440440Z │                    │                     │          │              │                              │                          │ https://avd.aquasec.com/nvd/cve-2026-53615                   │
7 Container Image Scan	Full vulnerability report	2026-10-07T13:50:44.0440947Z │                    ├─────────────────────┼──────────┤              │                              ├──────────────────────────┼──────────────────────────────────────────────────────────────┤
7 Container Image Scan	Full vulnerability report	2026-10-07T13:50:44.0441461Z │                    │ CVE-2022-0563       │ LOW      │              │                              │                          │ util-linux: partial disclosure of arbitrary files in chfn    │
7 Container Image Scan	Full vulnerability report	2026-10-07T13:50:44.0441927Z │                    │                     │          │              │                              │                          │ and chsh when compiled...                                    │
7 Container Image Scan	Full vulnerability report	2026-10-07T13:50:44.0442364Z │                    │                     │          │              │                              │                          │ https://avd.aquasec.com/nvd/cve-2022-0563                    │
7 Container Image Scan	Full vulnerability report	2026-10-07T13:50:44.0442868Z │                    ├─────────────────────┤          │              │                              ├──────────────────────────┼──────────────────────────────────────────────────────────────┤
7 Container Image Scan	Full vulnerability report	2026-10-07T13:50:44.0443450Z │                    │ CVE-2025-14104      │          │              │                              │                          │ util-linux: util-linux: Heap buffer overread in setpwnam()   │
7 Container Image Scan	Full vulnerability report	2026-10-07T13:50:44.0443912Z │                    │                     │          │              │                              │                          │ when processing 256-byte usernames                           │
7 Container Image Scan	Full vulnerability report	2026-10-07T13:50:44.0444352Z │                    │                     │          │              │                              │                          │ https://avd.aquasec.com/nvd/cve-2025-14104                   │
7 Container Image Scan	Full vulnerability report	2026-10-07T13:50:44.0444925Z ├────────────────────┼─────────────────────┼──────────┤              ├──────────────────────────────┼──────────────────────────┼──────────────────────────────────────────────────────────────┤
7 Container Image Scan	Full vulnerability report	2026-10-07T13:50:44.0445485Z │ libbz2-1.0         │ CVE-2026-42250      │ MEDIUM   │              │ 1.0.8-4                      │                          │ bzip2: bzip2: Denial of Service in bzip2recover via a        │
7 Container Image Scan	Full vulnerability report	2026-10-07T13:50:44.0445972Z │                    │                     │          │              │                              │                          │ specially crafted file...                                    │
7 Container Image Scan	Full vulnerability report	2026-10-07T13:50:44.0446410Z │                    │                     │          │              │                              │                          │ https://avd.aquasec.com/nvd/cve-2026-42250                   │
7 Container Image Scan	Full vulnerability report	2026-10-07T13:50:44.0446974Z ├────────────────────┼─────────────────────┤          ├──────────────┼──────────────────────────────┼──────────────────────────┼──────────────────────────────────────────────────────────────┤
7 Container Image Scan	Full vulnerability report	2026-10-07T13:50:44.0447625Z │ libc-bin           │ CVE-2023-4806       │          │ will_not_fix │ 2.31-13+deb11u13             │                          │ glibc: potential use-after-free in getaddrinfo()             │
7 Container Image Scan	Full vulnerability report	2026-10-07T13:50:44.0448129Z │                    │                     │          │              │                              │                          │ https://avd.aquasec.com/nvd/cve-2023-4806                    │
7 Container Image Scan	Full vulnerability report	2026-10-07T13:50:44.0448775Z │                    ├─────────────────────┤          │              │                              ├──────────────────────────┼──────────────────────────────────────────────────────────────┤
7 Container Image Scan	Full vulnerability report	2026-10-07T13:50:44.0449287Z │                    │ CVE-2023-4813       │          │              │                              │                          │ glibc: potential use-after-free in gaih_inet()               │
7 Container Image Scan	Full vulnerability report	2026-10-07T13:50:44.0449742Z │                    │                     │          │              │                              │                          │ https://avd.aquasec.com/nvd/cve-2023-4813                    │
7 Container Image Scan	Full vulnerability report	2026-10-07T13:50:44.0450261Z │                    ├─────────────────────┤          ├──────────────┤                              ├──────────────────────────┼──────────────────────────────────────────────────────────────┤
7 Container Image Scan	Full vulnerability report	2026-10-07T13:50:44.0450878Z │                    │ CVE-2025-8058       │          │ fixed        │                              │ 2.31-13+deb11u14         │ glibc: Double free in glibc                                  │
7 Container Image Scan	Full vulnerability report	2026-10-07T13:50:44.0451355Z │                    │                     │          │              │                              │                          │ https://avd.aquasec.com/nvd/cve-2025-8058                    │
7 Container Image Scan	Full vulnerability report	2026-10-07T13:50:44.0451832Z │                    ├─────────────────────┤          │              │                              │                          ├──────────────────────────────────────────────────────────────┤
7 Container Image Scan	Full vulnerability report	2026-10-07T13:50:44.0452317Z │                    │ CVE-2026-0915       │          │              │                              │                          │ glibc: glibc: Information disclosure via zero-valued network │
7 Container Image Scan	Full vulnerability report	2026-10-07T13:50:44.0452758Z │                    │                     │          │              │                              │                          │ query                                                        │
7 Container Image Scan	Full vulnerability report	2026-10-07T13:50:44.0453190Z │                    │                     │          │              │                              │                          │ https://avd.aquasec.com/nvd/cve-2026-0915                    │
7 Container Image Scan	Full vulnerability report	2026-10-07T13:50:44.0453705Z │                    ├─────────────────────┤          ├──────────────┤                              ├──────────────────────────┼──────────────────────────────────────────────────────────────┤
7 Container Image Scan	Full vulnerability report	2026-10-07T13:50:44.0454221Z │                    │ CVE-2026-18374      │          │ affected     │                              │                          │ glibc: glibc: Heap buffer overflow via attacker-controlled   │
7 Container Image Scan	Full vulnerability report	2026-10-07T13:50:44.0454772Z │                    │                     │          │              │                              │                          │ fopen mode string                                            │
7 Container Image Scan	Full vulnerability report	2026-10-07T13:50:44.0455204Z │                    │                     │          │              │                              │                          │ https://avd.aquasec.com/nvd/cve-2026-18374                   │
7 Container Image Scan	Full vulnerability report	2026-10-07T13:50:44.0455708Z │                    ├─────────────────────┤          │              │                              ├──────────────────────────┼──────────────────────────────────────────────────────────────┤
7 Container Image Scan	Full vulnerability report	2026-10-07T13:50:44.0456200Z │                    │ CVE-2026-19499      │          │              │                              │                          │ glibc: Buffer Overflow in strfmon right-justification        │
7 Container Image Scan	Full vulnerability report	2026-10-07T13:50:44.0456660Z │                    │                     │          │              │                              │                          │ padding                                                      │
7 Container Image Scan	Full vulnerability report	2026-10-07T13:50:44.0457086Z │                    │                     │          │              │                              │                          │ https://avd.aquasec.com/nvd/cve-2026-19499                   │
7 Container Image Scan	Full vulnerability report	2026-10-07T13:50:44.0457650Z │                    ├─────────────────────┤          │              │                              ├──────────────────────────┼──────────────────────────────────────────────────────────────┤
7 Container Image Scan	Full vulnerability report	2026-10-07T13:50:44.0458136Z │                    │ CVE-2026-19542      │          │              │                              │                          │ glibc: Fix out-of-bounds array write in tdelete              │
7 Container Image Scan	Full vulnerability report	2026-10-07T13:50:44.0458592Z │                    │                     │          │              │                              │                          │ https://avd.aquasec.com/nvd/cve-2026-19542                   │
7 Container Image Scan	Full vulnerability report	2026-10-07T13:50:44.0459238Z │                    ├─────────────────────┤          ├──────────────┤                              ├──────────────────────────┼──────────────────────────────────────────────────────────────┤
7 Container Image Scan	Full vulnerability report	2026-10-07T13:50:44.0459757Z │                    │ CVE-2026-4046       │          │ fixed        │                              │ 2.31-13+deb11u14         │ glibc: glibc: Denial of Service via iconv() function with    │
7 Container Image Scan	Full vulnerability report	2026-10-07T13:50:44.0460244Z │                    │                     │          │              │                              │                          │ specific character sets...                                   │
7 Container Image Scan	Full vulnerability report	2026-10-07T13:50:44.0460679Z │                    │                     │          │              │                              │                          │ https://avd.aquasec.com/nvd/cve-2026-4046                    │
7 Container Image Scan	Full vulnerability report	2026-10-07T13:50:44.0461190Z │                    ├─────────────────────┤          ├──────────────┤                              ├──────────────────────────┼──────────────────────────────────────────────────────────────┤
7 Container Image Scan	Full vulnerability report	2026-10-07T13:50:44.0461799Z │                    │ CVE-2026-5435       │          │ fix_deferred │                              │                          │ glibc: glibc: Out-of-bounds write via TSIG record processing │
7 Container Image Scan	Full vulnerability report	2026-10-07T13:50:44.0462273Z │                    │                     │          │              │                              │                          │ https://avd.aquasec.com/nvd/cve-2026-5435                    │
7 Container Image Scan	Full vulnerability report	2026-10-07T13:50:44.0462776Z │                    ├─────────────────────┤          │              │                              ├──────────────────────────┼──────────────────────────────────────────────────────────────┤
7 Container Image Scan	Full vulnerability report	2026-10-07T13:50:44.0463260Z │                    │ CVE-2026-5450       │          │              │                              │                          │ glibc: glibc: Heap Buffer Overflow in `scanf` with `%mc`     │
7 Container Image Scan	Full vulnerability report	2026-10-07T13:50:44.0463724Z │                    │                     │          │              │                              │                          │ format specifier and...                                      │
7 Container Image Scan	Full vulnerability report	2026-10-07T13:50:44.0464159Z │                    │                     │          │              │                              │                          │ https://avd.aquasec.com/nvd/cve-2026-5450                    │
7 Container Image Scan	Full vulnerability report	2026-10-07T13:50:44.0464745Z │                    ├─────────────────────┤          │              │                              ├──────────────────────────┼──────────────────────────────────────────────────────────────┤
7 Container Image Scan	Full vulnerability report	2026-10-07T13:50:44.0465238Z │                    │ CVE-2026-5928       │          │              │                              │                          │ glibc: glibc: Information disclosure or denial of service    │
7 Container Image Scan	Full vulnerability report	2026-10-07T13:50:44.0465693Z │                    │                     │          │              │                              │                          │ via ungetwc function with...                                 │
7 Container Image Scan	Full vulnerability report	2026-10-07T13:50:44.0466196Z │                    │                     │          │              │                              │                          │ https://avd.aquasec.com/nvd/cve-2026-5928                    │
7 Container Image Scan	Full vulnerability report	2026-10-07T13:50:44.0466697Z │                    ├─────────────────────┤          │              │                              ├──────────────────────────┼──────────────────────────────────────────────────────────────┤
7 Container Image Scan	Full vulnerability report	2026-10-07T13:50:44.0467194Z │                    │ CVE-2026-6238       │          │              │                              │                          │ glibc: glibc: Application crash or uninitialized memory read │
7 Container Image Scan	Full vulnerability report	2026-10-07T13:50:44.0467649Z │                    │                     │          │              │                              │                          │ via crafted DNS response...                                  │
7 Container Image Scan	Full vulnerability report	2026-10-07T13:50:44.0468092Z │                    │                     │          │              │                              │                          │ https://avd.aquasec.com/nvd/cve-2026-6238                    │
7 Container Image Scan	Full vulnerability report	2026-10-07T13:50:44.0468736Z │                    ├─────────────────────┤          ├──────────────┤                              ├──────────────────────────┼──────────────────────────────────────────────────────────────┤
7 Container Image Scan	Full vulnerability report	2026-10-07T13:50:44.0469258Z │                    │ CVE-2026-6368       │          │ affected     │                              │                          │ glibc: glibc: Process abort due to invalid memory in wordexp │
7 Container Image Scan	Full vulnerability report	2026-10-07T13:50:44.0469730Z │                    │                     │          │              │                              │                          │ https://avd.aquasec.com/nvd/cve-2026-6368                    │
7 Container Image Scan	Full vulnerability report	2026-10-07T13:50:44.0470223Z │                    ├─────────────────────┤          │              │                              ├──────────────────────────┼──────────────────────────────────────────────────────────────┤
7 Container Image Scan	Full vulnerability report	2026-10-07T13:50:44.0470715Z │                    │ CVE-2026-6791       │          │              │                              │                          │ glibc: Glibc: Denial of Service via stack exhaustion during  │
7 Container Image Scan	Full vulnerability report	2026-10-07T13:50:44.0471163Z │                    │                     │          │              │                              │                          │ tilde expansion                                              │
7 Container Image Scan	Full vulnerability report	2026-10-07T13:50:44.0471689Z │                    │                     │          │              │                              │                          │ https://avd.aquasec.com/nvd/cve-2026-6791                    │
7 Container Image Scan	Full vulnerability report	2026-10-07T13:50:44.0472187Z │                    ├─────────────────────┤          │              │                              ├──────────────────────────┼──────────────────────────────────────────────────────────────┤
7 Container Image Scan	Full vulnerability report	2026-10-07T13:50:44.0472678Z │                    │ CVE-2026-77117      │          │              │                              │                          │ glibc: Non-progress DoS in SHIFT_JISX0213 -&gt               │
7 Container Image Scan	Full vulnerability report	2026-10-07T13:50:44.0473228Z │                    │                     │          │              │                              │                          │ https://avd.aquasec.com/nvd/cve-2026-77117                   │
7 Container Image Scan	Full vulnerability report	2026-10-07T13:50:44.0473726Z │                    ├─────────────────────┤          │              │                              ├──────────────────────────┼──────────────────────────────────────────────────────────────┤
7 Container Image Scan	Full vulnerability report	2026-10-07T13:50:44.0474233Z │                    │ CVE-2026-80489      │          │              │                              │                          │ glibc: Non-progress DoS in EUC_JISX0213 -> UCS-4 conversion  │
7 Container Image Scan	Full vulnerability report	2026-10-07T13:50:44.0474670Z │                    │                     │          │              │                              │                          │ state                                                        │
7 Container Image Scan	Full vulnerability report	2026-10-07T13:50:44.0475104Z │                    │                     │          │              │                              │                          │ https://avd.aquasec.com/nvd/cve-2026-80489                   │
7 Container Image Scan	Full vulnerability report	2026-10-07T13:50:44.0475608Z │                    ├─────────────────────┤          │              │                              ├──────────────────────────┼──────────────────────────────────────────────────────────────┤
7 Container Image Scan	Full vulnerability report	2026-10-07T13:50:44.0476104Z │                    │ CVE-2026-8674       │          │              │                              │                          │ glibc: glibc DNS stub resolver: Denial of Service via long   │
7 Container Image Scan	Full vulnerability report	2026-10-07T13:50:44.0476560Z │                    │                     │          │              │                              │                          │ search domain...                                             │
7 Container Image Scan	Full vulnerability report	2026-10-07T13:50:44.0476991Z │                    │                     │          │              │                              │                          │ https://avd.aquasec.com/nvd/cve-2026-8674                    │
7 Container Image Scan	Full vulnerability report	2026-10-07T13:50:44.0477494Z │                    ├─────────────────────┤          │              │                              ├──────────────────────────┼──────────────────────────────────────────────────────────────┤
7 Container Image Scan	Full vulnerability report	2026-10-07T13:50:44.0477976Z │                    │ CVE-2026-86805      │          │              │                              │                          │ glibc: glibc: Privilege escalation and arbitrary code        │
7 Container Image Scan	Full vulnerability report	2026-10-07T13:50:44.0478498Z │                    │                     │          │              │                              │                          │ execution via TOCTOU race condition...                       │
7 Container Image Scan	Full vulnerability report	2026-10-07T13:50:44.0479080Z │                    │                     │          │              │                              │                          │ https://avd.aquasec.com/nvd/cve-2026-86805                   │
7 Container Image Scan	Full vulnerability report	2026-10-07T13:50:44.0479576Z │                    ├─────────────────────┤          │              │                              ├──────────────────────────┼──────────────────────────────────────────────────────────────┤
7 Container Image Scan	Full vulnerability report	2026-10-07T13:50:44.0480155Z │                    │ CVE-2026-89092      │          │              │                              │                          │ glibc: nscd stack overflow leads to degraded DNS resolution  │
7 Container Image Scan	Full vulnerability report	2026-10-07T13:50:44.0480619Z │                    │                     │          │              │                              │                          │ https://avd.aquasec.com/nvd/cve-2026-89092                   │
7 Container Image Scan	Full vulnerability report	2026-10-07T13:50:44.0481122Z │                    ├─────────────────────┤          │              │                              ├──────────────────────────┼──────────────────────────────────────────────────────────────┤
7 Container Image Scan	Full vulnerability report	2026-10-07T13:50:44.0481603Z │                    │ CVE-2026-95818      │          │              │                              │                          │ glibc: glibc: Local attacker can cause denial of service and │
7 Container Image Scan	Full vulnerability report	2026-10-07T13:50:44.0482070Z │                    │                     │          │              │                              │                          │ information disclosure...                                    │
7 Container Image Scan	Full vulnerability report	2026-10-07T13:50:44.0482506Z │                    │                     │          │              │                              │                          │ https://avd.aquasec.com/nvd/cve-2026-95818                   │
7 Container Image Scan	Full vulnerability report	2026-10-07T13:50:44.0483021Z │                    ├─────────────────────┼──────────┤              │                              ├──────────────────────────┼──────────────────────────────────────────────────────────────┤
7 Container Image Scan	Full vulnerability report	2026-10-07T13:50:44.0483516Z │                    │ CVE-2010-4756       │ LOW      │              │                              │                          │ glibc: glob implementation can cause excessive CPU and       │
7 Container Image Scan	Full vulnerability report	2026-10-07T13:50:44.0483974Z │                    │                     │          │              │                              │                          │ memory consumption due to...                                 │
7 Container Image Scan	Full vulnerability report	2026-10-07T13:50:44.0484421Z │                    │                     │          │              │                              │                          │ https://avd.aquasec.com/nvd/cve-2010-4756                    │
7 Container Image Scan	Full vulnerability report	2026-10-07T13:50:44.0484919Z │                    ├─────────────────────┤          │              │                              ├──────────────────────────┼──────────────────────────────────────────────────────────────┤
7 Container Image Scan	Full vulnerability report	2026-10-07T13:50:44.0485489Z │                    │ CVE-2018-20796      │          │              │                              │                          │ glibc: uncontrolled recursion in function                    │
7 Container Image Scan	Full vulnerability report	2026-10-07T13:50:44.0485954Z │                    │                     │          │              │                              │                          │ check_dst_limits_calc_pos_1 in posix/regexec.c               │
7 Container Image Scan	Full vulnerability report	2026-10-07T13:50:44.0486399Z │                    │                     │          │              │                              │                          │ https://avd.aquasec.com/nvd/cve-2018-20796                   │
7 Container Image Scan	Full vulnerability report	2026-10-07T13:50:44.0486955Z │                    ├─────────────────────┤          │              │                              ├──────────────────────────┼──────────────────────────────────────────────────────────────┤
7 Container Image Scan	Full vulnerability report	2026-10-07T13:50:44.0487451Z │                    │ CVE-2019-1010022    │          │              │                              │                          │ glibc: stack guard protection bypass                         │
7 Container Image Scan	Full vulnerability report	2026-10-07T13:50:44.0487917Z │                    │                     │          │              │                              │                          │ https://avd.aquasec.com/nvd/cve-2019-1010022                 │
7 Container Image Scan	Full vulnerability report	2026-10-07T13:50:44.0488415Z │                    ├─────────────────────┤          │              │                              ├──────────────────────────┼──────────────────────────────────────────────────────────────┤
7 Container Image Scan	Full vulnerability report	2026-10-07T13:50:44.0489054Z │                    │ CVE-2019-1010023    │          │              │                              │                          │ glibc: running ldd on malicious ELF leads to code execution  │
7 Container Image Scan	Full vulnerability report	2026-10-07T13:50:44.0489507Z │                    │                     │          │              │                              │                          │ because of...                                                │
7 Container Image Scan	Full vulnerability report	2026-10-07T13:50:44.0489941Z │                    │                     │          │              │                              │                          │ https://avd.aquasec.com/nvd/cve-2019-1010023                 │
7 Container Image Scan	Full vulnerability report	2026-10-07T13:50:44.0490437Z │                    ├─────────────────────┤          │              │                              ├──────────────────────────┼──────────────────────────────────────────────────────────────┤
7 Container Image Scan	Full vulnerability report	2026-10-07T13:50:44.0490921Z │                    │ CVE-2019-1010024    │          │              │                              │                          │ glibc: ASLR bypass using cache of thread stack and heap      │
7 Container Image Scan	Full vulnerability report	2026-10-07T13:50:44.0491393Z │                    │                     │          │              │                              │                          │ https://avd.aquasec.com/nvd/cve-2019-1010024                 │
7 Container Image Scan	Full vulnerability report	2026-10-07T13:50:44.0491896Z │                    ├─────────────────────┤          │              │                              ├──────────────────────────┼──────────────────────────────────────────────────────────────┤
7 Container Image Scan	Full vulnerability report	2026-10-07T13:50:44.0492478Z │                    │ CVE-2019-1010025    │          │              │                              │                          │ glibc: information disclosure of heap addresses of           │
7 Container Image Scan	Full vulnerability report	2026-10-07T13:50:44.0492935Z │                    │                     │          │              │                              │                          │ pthread_created thread                                       │
7 Container Image Scan	Full vulnerability report	2026-10-07T13:50:44.0493379Z │                    │                     │          │              │                              │                          │ https://avd.aquasec.com/nvd/cve-2019-1010025                 │
7 Container Image Scan	Full vulnerability report	2026-10-07T13:50:44.0494002Z │                    ├─────────────────────┤          │              │                              ├──────────────────────────┼──────────────────────────────────────────────────────────────┤
7 Container Image Scan	Full vulnerability report	2026-10-07T13:50:44.0494493Z │                    │ CVE-2019-9192       │          │              │                              │                          │ glibc: uncontrolled recursion in function                    │
7 Container Image Scan	Full vulnerability report	2026-10-07T13:50:44.0494948Z │                    │                     │          │              │                              │                          │ check_dst_limits_calc_pos_1 in posix/regexec.c               │
7 Container Image Scan	Full vulnerability report	2026-10-07T13:50:44.0495390Z │                    │                     │          │              │                              │                          │ https://avd.aquasec.com/nvd/cve-2019-9192                    │
7 Container Image Scan	Full vulnerability report	2026-10-07T13:50:44.0495911Z │                    ├─────────────────────┤          ├──────────────┤                              ├──────────────────────────┼──────────────────────────────────────────────────────────────┤
7 Container Image Scan	Full vulnerability report	2026-10-07T13:50:44.0496437Z │                    │ CVE-2025-15281      │          │ fixed        │                              │ 2.31-13+deb11u14         │ glibc: wordexp with WRDE_REUSE and WRDE_APPEND may return    │
7 Container Image Scan	Full vulnerability report	2026-10-07T13:50:44.0496923Z │                    │                     │          │              │                              │                          │ uninitialized memory                                         │
7 Container Image Scan	Full vulnerability report	2026-10-07T13:50:44.0497362Z │                    │                     │          │              │                              │                          │ https://avd.aquasec.com/nvd/cve-2025-15281                   │
7 Container Image Scan	Full vulnerability report	2026-10-07T13:50:44.0497837Z │                    ├─────────────────────┤          │              │                              │                          ├──────────────────────────────────────────────────────────────┤
7 Container Image Scan	Full vulnerability report	2026-10-07T13:50:44.0498312Z │                    │ CVE-2026-0861       │          │              │                              │                          │ glibc: Integer overflow in memalign leads to heap corruption │
7 Container Image Scan	Full vulnerability report	2026-10-07T13:50:44.0498888Z │                    │                     │          │              │                              │                          │ https://avd.aquasec.com/nvd/cve-2026-0861                    │
7 Container Image Scan	Full vulnerability report	2026-10-07T13:50:44.0499497Z │                    ├─────────────────────┤          ├──────────────┤                              ├──────────────────────────┼──────────────────────────────────────────────────────────────┤
7 Container Image Scan	Full vulnerability report	2026-10-07T13:50:44.0500005Z │                    │ CVE-2026-97399      │          │ affected     │                              │                          │ glibc: glibc: Denial of Service via out-of-bounds read in    │
7 Container Image Scan	Full vulnerability report	2026-10-07T13:50:44.0500556Z │                    │                     │          │              │                              │                          │ strncasecmp                                                  │
7 Container Image Scan	Full vulnerability report	2026-10-07T13:50:44.0500990Z │                    │                     │          │              │                              │                          │ https://avd.aquasec.com/nvd/cve-2026-97399                   │
7 Container Image Scan	Full vulnerability report	2026-10-07T13:50:44.0501543Z ├────────────────────┼─────────────────────┼──────────┼──────────────┤                              ├──────────────────────────┼──────────────────────────────────────────────────────────────┤
7 Container Image Scan	Full vulnerability report	2026-10-07T13:50:44.0502090Z │ libc6              │ CVE-2023-4806       │ MEDIUM   │ will_not_fix │                              │                          │ glibc: potential use-after-free in getaddrinfo()             │
7 Container Image Scan	Full vulnerability report	2026-10-07T13:50:44.0502577Z │                    │                     │          │              │                              │                          │ https://avd.aquasec.com/nvd/cve-2023-4806                    │
7 Container Image Scan	Full vulnerability report	2026-10-07T13:50:44.0503079Z │                    ├─────────────────────┤          │              │                              ├──────────────────────────┼──────────────────────────────────────────────────────────────┤
7 Container Image Scan	Full vulnerability report	2026-10-07T13:50:44.0503558Z │                    │ CVE-2023-4813       │          │              │                              │                          │ glibc: potential use-after-free in gaih_inet()               │
7 Container Image Scan	Full vulnerability report	2026-10-07T13:50:44.0504026Z │                    │                     │          │              │                              │                          │ https://avd.aquasec.com/nvd/cve-2023-4813                    │
7 Container Image Scan	Full vulnerability report	2026-10-07T13:50:44.0504534Z │                    ├─────────────────────┤          ├──────────────┤                              ├──────────────────────────┼──────────────────────────────────────────────────────────────┤
7 Container Image Scan	Full vulnerability report	2026-10-07T13:50:44.0505048Z │                    │ CVE-2025-8058       │          │ fixed        │                              │ 2.31-13+deb11u14         │ glibc: Double free in glibc                                  │
7 Container Image Scan	Full vulnerability report	2026-10-07T13:50:44.0505530Z │                    │                     │          │              │                              │                          │ https://avd.aquasec.com/nvd/cve-2025-8058                    │
7 Container Image Scan	Full vulnerability report	2026-10-07T13:50:44.0505998Z │                    ├─────────────────────┤          │              │                              │                          ├──────────────────────────────────────────────────────────────┤
7 Container Image Scan	Full vulnerability report	2026-10-07T13:50:44.0506535Z │                    │ CVE-2026-0915       │          │              │                              │                          │ glibc: glibc: Information disclosure via zero-valued network │
7 Container Image Scan	Full vulnerability report	2026-10-07T13:50:44.0506975Z │                    │                     │          │              │                              │                          │ query                                                        │
7 Container Image Scan	Full vulnerability report	2026-10-07T13:50:44.0507459Z │                    │                     │          │              │                              │                          │ https://avd.aquasec.com/nvd/cve-2026-0915                    │
7 Container Image Scan	Full vulnerability report	2026-10-07T13:50:44.0507973Z │                    ├─────────────────────┤          ├──────────────┤                              ├──────────────────────────┼──────────────────────────────────────────────────────────────┤
7 Container Image Scan	Full vulnerability report	2026-10-07T13:50:44.0508489Z │                    │ CVE-2026-18374      │          │ affected     │                              │                          │ glibc: glibc: Heap buffer overflow via attacker-controlled   │
7 Container Image Scan	Full vulnerability report	2026-10-07T13:50:44.0509073Z │                    │                     │          │              │                              │                          │ fopen mode string                                            │
7 Container Image Scan	Full vulnerability report	2026-10-07T13:50:44.0509508Z │                    │                     │          │              │                              │                          │ https://avd.aquasec.com/nvd/cve-2026-18374                   │
7 Container Image Scan	Full vulnerability report	2026-10-07T13:50:44.0510009Z │                    ├─────────────────────┤          │              │                              ├──────────────────────────┼──────────────────────────────────────────────────────────────┤
7 Container Image Scan	Full vulnerability report	2026-10-07T13:50:44.0510495Z │                    │ CVE-2026-19499      │          │              │                              │                          │ glibc: Buffer Overflow in strfmon right-justification        │
7 Container Image Scan	Full vulnerability report	2026-10-07T13:50:44.0510954Z │                    │                     │          │              │                              │                          │ padding                                                      │
7 Container Image Scan	Full vulnerability report	2026-10-07T13:50:44.0511377Z │                    │                     │          │              │                              │                          │ https://avd.aquasec.com/nvd/cve-2026-19499                   │
7 Container Image Scan	Full vulnerability report	2026-10-07T13:50:44.0511873Z │                    ├─────────────────────┤          │              │                              ├──────────────────────────┼──────────────────────────────────────────────────────────────┤
7 Container Image Scan	Full vulnerability report	2026-10-07T13:50:44.0512357Z │                    │ CVE-2026-19542      │          │              │                              │                          │ glibc: Fix out-of-bounds array write in tdelete              │
7 Container Image Scan	Full vulnerability report	2026-10-07T13:50:44.0512910Z │                    │                     │          │              │                              │                          │ https://avd.aquasec.com/nvd/cve-2026-19542                   │
7 Container Image Scan	Full vulnerability report	2026-10-07T13:50:44.0513420Z │                    ├─────────────────────┤          ├──────────────┤                              ├──────────────────────────┼──────────────────────────────────────────────────────────────┤
7 Container Image Scan	Full vulnerability report	2026-10-07T13:50:44.0513936Z │                    │ CVE-2026-4046       │          │ fixed        │                              │ 2.31-13+deb11u14         │ glibc: glibc: Denial of Service via iconv() function with    │
7 Container Image Scan	Full vulnerability report	2026-10-07T13:50:44.0514575Z │                    │                     │          │              │                              │                          │ specific character sets...                                   │
7 Container Image Scan	Full vulnerability report	2026-10-07T13:50:44.0515016Z │                    │                     │          │              │                              │                          │ https://avd.aquasec.com/nvd/cve-2026-4046                    │
7 Container Image Scan	Full vulnerability report	2026-10-07T13:50:44.0515534Z │                    ├─────────────────────┤          ├──────────────┤                              ├──────────────────────────┼──────────────────────────────────────────────────────────────┤
7 Container Image Scan	Full vulnerability report	2026-10-07T13:50:44.0516046Z │                    │ CVE-2026-5435       │          │ fix_deferred │                              │                          │ glibc: glibc: Out-of-bounds write via TSIG record processing │
7 Container Image Scan	Full vulnerability report	2026-10-07T13:50:44.0516526Z │                    │                     │          │              │                              │                          │ https://avd.aquasec.com/nvd/cve-2026-5435                    │
7 Container Image Scan	Full vulnerability report	2026-10-07T13:50:44.0517029Z │                    ├─────────────────────┤          │              │                              ├──────────────────────────┼──────────────────────────────────────────────────────────────┤
7 Container Image Scan	Full vulnerability report	2026-10-07T13:50:44.0517509Z │                    │ CVE-2026-5450       │          │              │                              │                          │ glibc: glibc: Heap Buffer Overflow in `scanf` with `%mc`     │
7 Container Image Scan	Full vulnerability report	2026-10-07T13:50:44.0518048Z │                    │                     │          │              │                              │                          │ format specifier and...                                      │
7 Container Image Scan	Full vulnerability report	2026-10-07T13:50:44.0518478Z │                    │                     │          │              │                              │                          │ https://avd.aquasec.com/nvd/cve-2026-5450                    │
7 Container Image Scan	Full vulnerability report	2026-10-07T13:50:44.0519108Z │                    ├─────────────────────┤          │              │                              ├──────────────────────────┼──────────────────────────────────────────────────────────────┤
7 Container Image Scan	Full vulnerability report	2026-10-07T13:50:44.0519597Z │                    │ CVE-2026-5928       │          │              │                              │                          │ glibc: glibc: Information disclosure or denial of service    │
7 Container Image Scan	Full vulnerability report	2026-10-07T13:50:44.0520053Z │                    │                     │          │              │                              │                          │ via ungetwc function with...                                 │
7 Container Image Scan	Full vulnerability report	2026-10-07T13:50:44.0520483Z │                    │                     │          │              │                              │                          │ https://avd.aquasec.com/nvd/cve-2026-5928                    │
7 Container Image Scan	Full vulnerability report	2026-10-07T13:50:44.0520976Z │                    ├─────────────────────┤          │              │                              ├──────────────────────────┼──────────────────────────────────────────────────────────────┤
7 Container Image Scan	Full vulnerability report	2026-10-07T13:50:44.0521552Z │                    │ CVE-2026-6238       │          │              │                              │                          │ glibc: glibc: Application crash or uninitialized memory read │
7 Container Image Scan	Full vulnerability report	2026-10-07T13:50:44.0522011Z │                    │                     │          │              │                              │                          │ via crafted DNS response...                                  │
7 Container Image Scan	Full vulnerability report	2026-10-07T13:50:44.0522457Z │                    │                     │          │              │                              │                          │ https://avd.aquasec.com/nvd/cve-2026-6238                    │
7 Container Image Scan	Full vulnerability report	2026-10-07T13:50:44.0522966Z │                    ├─────────────────────┤          ├──────────────┤                              ├──────────────────────────┼──────────────────────────────────────────────────────────────┤
7 Container Image Scan	Full vulnerability report	2026-10-07T13:50:44.0523472Z │                    │ CVE-2026-6368       │          │ affected     │                              │                          │ glibc: glibc: Process abort due to invalid memory in wordexp │
7 Container Image Scan	Full vulnerability report	2026-10-07T13:50:44.0523947Z │                    │                     │          │              │                              │                          │ https://avd.aquasec.com/nvd/cve-2026-6368                    │
7 Container Image Scan	Full vulnerability report	2026-10-07T13:50:44.0524436Z │                    ├─────────────────────┤          │              │                              ├──────────────────────────┼──────────────────────────────────────────────────────────────┤
7 Container Image Scan	Full vulnerability report	2026-10-07T13:50:44.0524924Z │                    │ CVE-2026-6791       │          │              │                              │                          │ glibc: Glibc: Denial of Service via stack exhaustion during  │
7 Container Image Scan	Full vulnerability report	2026-10-07T13:50:44.0525372Z │                    │                     │          │              │                              │                          │ tilde expansion                                              │
7 Container Image Scan	Full vulnerability report	2026-10-07T13:50:44.0525810Z │                    │                     │          │              │                              │                          │ https://avd.aquasec.com/nvd/cve-2026-6791                    │
7 Container Image Scan	Full vulnerability report	2026-10-07T13:50:44.0526302Z │                    ├─────────────────────┤          │              │                              ├──────────────────────────┼──────────────────────────────────────────────────────────────┤
7 Container Image Scan	Full vulnerability report	2026-10-07T13:50:44.0526882Z │                    │ CVE-2026-77117      │          │              │                              │                          │ glibc: Non-progress DoS in SHIFT_JISX0213 -&gt               │
7 Container Image Scan	Full vulnerability report	2026-10-07T13:50:44.0527337Z │                    │                     │          │              │                              │                          │ https://avd.aquasec.com/nvd/cve-2026-77117                   │
7 Container Image Scan	Full vulnerability report	2026-10-07T13:50:44.0527837Z │                    ├─────────────────────┤          │              │                              ├──────────────────────────┼──────────────────────────────────────────────────────────────┤
7 Container Image Scan	Full vulnerability report	2026-10-07T13:50:44.0528383Z │                    │ CVE-2026-80489      │          │              │                              │                          │ glibc: Non-progress DoS in EUC_JISX0213 -> UCS-4 conversion  │
7 Container Image Scan	Full vulnerability report	2026-10-07T13:50:44.0528966Z │                    │                     │          │              │                              │                          │ state                                                        │
7 Container Image Scan	Full vulnerability report	2026-10-07T13:50:44.0529397Z │                    │                     │          │              │                              │                          │ https://avd.aquasec.com/nvd/cve-2026-80489                   │
7 Container Image Scan	Full vulnerability report	2026-10-07T13:50:44.0529889Z │                    ├─────────────────────┤          │              │                              ├──────────────────────────┼──────────────────────────────────────────────────────────────┤
7 Container Image Scan	Full vulnerability report	2026-10-07T13:50:44.0530365Z │                    │ CVE-2026-8674       │          │              │                              │                          │ glibc: glibc DNS stub resolver: Denial of Service via long   │
7 Container Image Scan	Full vulnerability report	2026-10-07T13:50:44.0530822Z │                    │                     │          │              │                              │                          │ search domain...                                             │
7 Container Image Scan	Full vulnerability report	2026-10-07T13:50:44.0531250Z │                    │                     │          │              │                              │                          │ https://avd.aquasec.com/nvd/cve-2026-8674                    │
7 Container Image Scan	Full vulnerability report	2026-10-07T13:50:44.0531836Z │                    ├─────────────────────┤          │              │                              ├──────────────────────────┼──────────────────────────────────────────────────────────────┤
7 Container Image Scan	Full vulnerability report	2026-10-07T13:50:44.0532315Z │                    │ CVE-2026-86805      │          │              │                              │                          │ glibc: glibc: Privilege escalation and arbitrary code        │
7 Container Image Scan	Full vulnerability report	2026-10-07T13:50:44.0532785Z │                    │                     │          │              │                              │                          │ execution via TOCTOU race condition...                       │
7 Container Image Scan	Full vulnerability report	2026-10-07T13:50:44.0533229Z │                    │                     │          │              │                              │                          │ https://avd.aquasec.com/nvd/cve-2026-86805                   │
7 Container Image Scan	Full vulnerability report	2026-10-07T13:50:44.0533728Z │                    ├─────────────────────┤          │              │                              ├──────────────────────────┼──────────────────────────────────────────────────────────────┤
7 Container Image Scan	Full vulnerability report	2026-10-07T13:50:44.0534204Z │                    │ CVE-2026-89092      │          │              │                              │                          │ glibc: nscd stack overflow leads to degraded DNS resolution  │
7 Container Image Scan	Full vulnerability report	2026-10-07T13:50:44.0534661Z │                    │                     │          │              │                              │                          │ https://avd.aquasec.com/nvd/cve-2026-89092                   │
7 Container Image Scan	Full vulnerability report	2026-10-07T13:50:44.0535238Z │                    ├─────────────────────┤          │              │                              ├──────────────────────────┼──────────────────────────────────────────────────────────────┤
7 Container Image Scan	Full vulnerability report	2026-10-07T13:50:44.0535720Z │                    │ CVE-2026-95818      │          │              │                              │                          │ glibc: glibc: Local attacker can cause denial of service and │
7 Container Image Scan	Full vulnerability report	2026-10-07T13:50:44.0536188Z │                    │                     │          │              │                              │                          │ information disclosure...                                    │
7 Container Image Scan	Full vulnerability report	2026-10-07T13:50:44.0536628Z │                    │                     │          │              │                              │                          │ https://avd.aquasec.com/nvd/cve-2026-95818                   │
7 Container Image Scan	Full vulnerability report	2026-10-07T13:50:44.0537131Z │                    ├─────────────────────┼──────────┤              │                              ├──────────────────────────┼──────────────────────────────────────────────────────────────┤
7 Container Image Scan	Full vulnerability report	2026-10-07T13:50:44.0537635Z │                    │ CVE-2010-4756       │ LOW      │              │                              │                          │ glibc: glob implementation can cause excessive CPU and       │
7 Container Image Scan	Full vulnerability report	2026-10-07T13:50:44.0538156Z │                    │                     │          │              │                              │                          │ memory consumption due to...                                 │
7 Container Image Scan	Full vulnerability report	2026-10-07T13:50:44.0538597Z │                    │                     │          │              │                              │                          │ https://avd.aquasec.com/nvd/cve-2010-4756                    │
7 Container Image Scan	Full vulnerability report	2026-10-07T13:50:44.0539210Z │                    ├─────────────────────┤          │              │                              ├──────────────────────────┼──────────────────────────────────────────────────────────────┤
7 Container Image Scan	Full vulnerability report	2026-10-07T13:50:44.0539696Z │                    │ CVE-2018-20796      │          │              │                              │                          │ glibc: uncontrolled recursion in function                    │
7 Container Image Scan	Full vulnerability report	2026-10-07T13:50:44.0540151Z │                    │                     │          │              │                              │                          │ check_dst_limits_calc_pos_1 in posix/regexec.c               │
7 Container Image Scan	Full vulnerability report	2026-10-07T13:50:44.0540606Z │                    │                     │          │              │                              │                          │ https://avd.aquasec.com/nvd/cve-2018-20796                   │
7 Container Image Scan	Full vulnerability report	2026-10-07T13:50:44.0541098Z │                    ├─────────────────────┤          │              │                              ├──────────────────────────┼──────────────────────────────────────────────────────────────┤
7 Container Image Scan	Full vulnerability report	2026-10-07T13:50:44.0541575Z │                    │ CVE-2019-1010022    │          │              │                              │                          │ glibc: stack guard protection bypass                         │
7 Container Image Scan	Full vulnerability report	2026-10-07T13:50:44.0542129Z │                    │                     │          │              │                              │                          │ https://avd.aquasec.com/nvd/cve-2019-1010022                 │
7 Container Image Scan	Full vulnerability report	2026-10-07T13:50:44.0542626Z │                    ├─────────────────────┤          │              │                              ├──────────────────────────┼──────────────────────────────────────────────────────────────┤
7 Container Image Scan	Full vulnerability report	2026-10-07T13:50:44.0543122Z │                    │ CVE-2019-1010023    │          │              │                              │                          │ glibc: running ldd on malicious ELF leads to code execution  │
7 Container Image Scan	Full vulnerability report	2026-10-07T13:50:44.0543573Z │                    │                     │          │              │                              │                          │ because of...                                                │
7 Container Image Scan	Full vulnerability report	2026-10-07T13:50:44.0544012Z │                    │                     │          │              │                              │                          │ https://avd.aquasec.com/nvd/cve-2019-1010023                 │
7 Container Image Scan	Full vulnerability report	2026-10-07T13:50:44.0544511Z │                    ├─────────────────────┤          │              │                              ├──────────────────────────┼──────────────────────────────────────────────────────────────┤
7 Container Image Scan	Full vulnerability report	2026-10-07T13:50:44.0545111Z │                    │ CVE-2019-1010024    │          │              │                              │                          │ glibc: ASLR bypass using cache of thread stack and heap      │
7 Container Image Scan	Full vulnerability report	2026-10-07T13:50:44.0545566Z │                    │                     │          │              │                              │                          │ https://avd.aquasec.com/nvd/cve-2019-1010024                 │
7 Container Image Scan	Full vulnerability report	2026-10-07T13:50:44.0546058Z │                    ├─────────────────────┤          │              │                              ├──────────────────────────┼──────────────────────────────────────────────────────────────┤
7 Container Image Scan	Full vulnerability report	2026-10-07T13:50:44.0546550Z │                    │ CVE-2019-1010025    │          │              │                              │                          │ glibc: information disclosure of heap addresses of           │
7 Container Image Scan	Full vulnerability report	2026-10-07T13:50:44.0547006Z │                    │                     │          │              │                              │                          │ pthread_created thread                                       │
7 Container Image Scan	Full vulnerability report	2026-10-07T13:50:44.0547452Z │                    │                     │          │              │                              │                          │ https://avd.aquasec.com/nvd/cve-2019-1010025                 │
7 Container Image Scan	Full vulnerability report	2026-10-07T13:50:44.0547944Z │                    ├─────────────────────┤          │              │                              ├──────────────────────────┼──────────────────────────────────────────────────────────────┤
7 Container Image Scan	Full vulnerability report	2026-10-07T13:50:44.0548421Z │                    │ CVE-2019-9192       │          │              │                              │                          │ glibc: uncontrolled recursion in function                    │
7 Container Image Scan	Full vulnerability report	2026-10-07T13:50:44.0567234Z │                    │                     │          │              │                              │                          │ check_dst_limits_calc_pos_1 in posix/regexec.c               │
7 Container Image Scan	Full vulnerability report	2026-10-07T13:50:44.0567721Z │                    │                     │          │              │                              │                          │ https://avd.aquasec.com/nvd/cve-2019-9192                    │
7 Container Image Scan	Full vulnerability report	2026-10-07T13:50:44.0568266Z │                    ├─────────────────────┤          ├──────────────┤                              ├──────────────────────────┼──────────────────────────────────────────────────────────────┤
7 Container Image Scan	Full vulnerability report	2026-10-07T13:50:44.0568972Z │                    │ CVE-2025-15281      │          │ fixed        │                              │ 2.31-13+deb11u14         │ glibc: wordexp with WRDE_REUSE and WRDE_APPEND may return    │
7 Container Image Scan	Full vulnerability report	2026-10-07T13:50:44.0569469Z │                    │                     │          │              │                              │                          │ uninitialized memory                                         │
7 Container Image Scan	Full vulnerability report	2026-10-07T13:50:44.0569912Z │                    │                     │          │              │                              │                          │ https://avd.aquasec.com/nvd/cve-2025-15281                   │
7 Container Image Scan	Full vulnerability report	2026-10-07T13:50:44.0570532Z │                    ├─────────────────────┤          │              │                              │                          ├──────────────────────────────────────────────────────────────┤
7 Container Image Scan	Full vulnerability report	2026-10-07T13:50:44.0571003Z │                    │ CVE-2026-0861       │          │              │                              │                          │ glibc: Integer overflow in memalign leads to heap corruption │
7 Container Image Scan	Full vulnerability report	2026-10-07T13:50:44.0571461Z │                    │                     │          │              │                              │                          │ https://avd.aquasec.com/nvd/cve-2026-0861                    │
7 Container Image Scan	Full vulnerability report	2026-10-07T13:50:44.0571984Z │                    ├─────────────────────┤          ├──────────────┤                              ├──────────────────────────┼──────────────────────────────────────────────────────────────┤
7 Container Image Scan	Full vulnerability report	2026-10-07T13:50:44.0572493Z │                    │ CVE-2026-97399      │          │ affected     │                              │                          │ glibc: glibc: Denial of Service via out-of-bounds read in    │
7 Container Image Scan	Full vulnerability report	2026-10-07T13:50:44.0572964Z │                    │                     │          │              │                              │                          │ strncasecmp                                                  │
7 Container Image Scan	Full vulnerability report	2026-10-07T13:50:44.0573395Z │                    │                     │          │              │                              │                          │ https://avd.aquasec.com/nvd/cve-2026-97399                   │
7 Container Image Scan	Full vulnerability report	2026-10-07T13:50:44.0573969Z ├────────────────────┼─────────────────────┼──────────┼──────────────┼──────────────────────────────┼──────────────────────────┼──────────────────────────────────────────────────────────────┤
7 Container Image Scan	Full vulnerability report	2026-10-07T13:50:44.0574667Z │ libdb5.3           │ CVE-2019-8457       │ CRITICAL │ will_not_fix │ 5.3.28+dfsg1-0.8             │                          │ sqlite: heap out-of-bound read in function rtreenode()       │
7 Container Image Scan	Full vulnerability report	2026-10-07T13:50:44.0575186Z │                    │                     │          │              │                              │                          │ https://avd.aquasec.com/nvd/cve-2019-8457                    │
7 Container Image Scan	Full vulnerability report	2026-10-07T13:50:44.0575755Z ├────────────────────┼─────────────────────┼──────────┼──────────────┼──────────────────────────────┼──────────────────────────┼──────────────────────────────────────────────────────────────┤
7 Container Image Scan	Full vulnerability report	2026-10-07T13:50:44.0576333Z │ libgcc-s1          │ CVE-2023-4039       │ LOW      │ affected     │ 10.2.1-6                     │                          │ gcc: -fstack-protector fails to guard dynamic stack          │
7 Container Image Scan	Full vulnerability report	2026-10-07T13:50:44.0576827Z │                    │                     │          │              │                              │                          │ allocations on ARM64                                         │
7 Container Image Scan	Full vulnerability report	2026-10-07T13:50:44.0577261Z │                    │                     │          │              │                              │                          │ https://avd.aquasec.com/nvd/cve-2023-4039                    │
7 Container Image Scan	Full vulnerability report	2026-10-07T13:50:44.0577879Z ├────────────────────┼─────────────────────┼──────────┤              ├──────────────────────────────┼──────────────────────────┼──────────────────────────────────────────────────────────────┤
7 Container Image Scan	Full vulnerability report	2026-10-07T13:50:44.0578445Z │ libgcrypt20        │ CVE-2021-33560      │ HIGH     │              │ 1.8.7-6                      │                          │ libgcrypt: mishandles ElGamal encryption because it lacks    │
7 Container Image Scan	Full vulnerability report	2026-10-07T13:50:44.0579057Z │                    │                     │          │              │                              │                          │ exponent blinding to address a...                            │
7 Container Image Scan	Full vulnerability report	2026-10-07T13:50:44.0579504Z │                    │                     │          │              │                              │                          │ https://avd.aquasec.com/nvd/cve-2021-33560                   │
7 Container Image Scan	Full vulnerability report	2026-10-07T13:50:44.0580010Z │                    ├─────────────────────┼──────────┤              │                              ├──────────────────────────┼──────────────────────────────────────────────────────────────┤
7 Container Image Scan	Full vulnerability report	2026-10-07T13:50:44.0580513Z │                    │ CVE-2018-6829       │ LOW      │              │                              │                          │ libgcrypt: ElGamal implementation doesn't have semantic      │
7 Container Image Scan	Full vulnerability report	2026-10-07T13:50:44.0580977Z │                    │                     │          │              │                              │                          │ security due to incorrectly encoded plaintexts...            │
7 Container Image Scan	Full vulnerability report	2026-10-07T13:50:44.0581434Z │                    │                     │          │              │                              │                          │ https://avd.aquasec.com/nvd/cve-2018-6829                    │
7 Container Image Scan	Full vulnerability report	2026-10-07T13:50:44.0582020Z │                    ├─────────────────────┤          │              │                              ├──────────────────────────┼──────────────────────────────────────────────────────────────┤
7 Container Image Scan	Full vulnerability report	2026-10-07T13:50:44.0582506Z │                    │ CVE-2024-2236       │          │              │                              │                          │ libgcrypt: vulnerable to Marvin Attack                       │
7 Container Image Scan	Full vulnerability report	2026-10-07T13:50:44.0582964Z │                    │                     │          │              │                              │                          │ https://avd.aquasec.com/nvd/cve-2024-2236                    │
7 Container Image Scan	Full vulnerability report	2026-10-07T13:50:44.0583529Z ├────────────────────┼─────────────────────┼──────────┼──────────────┼──────────────────────────────┼──────────────────────────┼──────────────────────────────────────────────────────────────┤
7 Container Image Scan	Full vulnerability report	2026-10-07T13:50:44.0584143Z │ libgnutls30        │ CVE-2026-33845      │ CRITICAL │ fixed        │ 3.7.1-5+deb11u7              │ 3.7.1-5+deb11u10         │ gnutls: GnuTLS: Denial of Service via DTLS zero-length       │
7 Container Image Scan	Full vulnerability report	2026-10-07T13:50:44.0584650Z │                    │                     │          │              │                              │                          │ fragment                                                     │
7 Container Image Scan	Full vulnerability report	2026-10-07T13:50:44.0585164Z │                    │                     │          │              │                              │                          │ https://avd.aquasec.com/nvd/cve-2026-33845                   │
7 Container Image Scan	Full vulnerability report	2026-10-07T13:50:44.0585632Z │                    ├─────────────────────┤          │              │                              │                          ├──────────────────────────────────────────────────────────────┤
7 Container Image Scan	Full vulnerability report	2026-10-07T13:50:44.0586108Z │                    │ CVE-2026-42010      │          │              │                              │                          │ gnutls: gnutls: Authentication Bypass via NUL Character in   │
7 Container Image Scan	Full vulnerability report	2026-10-07T13:50:44.0586563Z │                    │                     │          │              │                              │                          │ Username                                                     │
7 Container Image Scan	Full vulnerability report	2026-10-07T13:50:44.0586992Z │                    │                     │          │              │                              │                          │ https://avd.aquasec.com/nvd/cve-2026-42010                   │
7 Container Image Scan	Full vulnerability report	2026-10-07T13:50:44.0587505Z │                    ├─────────────────────┼──────────┤              │                              ├──────────────────────────┼──────────────────────────────────────────────────────────────┤
7 Container Image Scan	Full vulnerability report	2026-10-07T13:50:44.0588019Z │                    │ CVE-2025-32988      │ HIGH     │              │                              │ 3.7.1-5+deb11u8          │ gnutls: Vulnerability in GnuTLS otherName SAN export         │
7 Container Image Scan	Full vulnerability report	2026-10-07T13:50:44.0588567Z │                    │                     │          │              │                              │                          │ https://avd.aquasec.com/nvd/cve-2025-32988                   │
7 Container Image Scan	Full vulnerability report	2026-10-07T13:50:44.0589154Z │                    ├─────────────────────┤          │              │                              │                          ├──────────────────────────────────────────────────────────────┤
7 Container Image Scan	Full vulnerability report	2026-10-07T13:50:44.0589626Z │                    │ CVE-2025-32990      │          │              │                              │                          │ gnutls: Vulnerability in GnuTLS certtool template parsing    │
7 Container Image Scan	Full vulnerability report	2026-10-07T13:50:44.0590082Z │                    │                     │          │              │                              │                          │ https://avd.aquasec.com/nvd/cve-2025-32990                   │
7 Container Image Scan	Full vulnerability report	2026-10-07T13:50:44.0590575Z │                    ├─────────────────────┤          │              │                              ├──────────────────────────┼──────────────────────────────────────────────────────────────┤
7 Container Image Scan	Full vulnerability report	2026-10-07T13:50:44.0591085Z │                    │ CVE-2026-33846      │          │              │                              │ 3.7.1-5+deb11u10         │ gnutls: GnuTLS: Denial of Service via heap buffer overflow   │
7 Container Image Scan	Full vulnerability report	2026-10-07T13:50:44.0591551Z │                    │                     │          │              │                              │                          │ in DTLS handshake...                                         │
7 Container Image Scan	Full vulnerability report	2026-10-07T13:50:44.0592074Z │                    │                     │          │              │                              │                          │ https://avd.aquasec.com/nvd/cve-2026-33846                   │
7 Container Image Scan	Full vulnerability report	2026-10-07T13:50:44.0592544Z │                    ├─────────────────────┤          │              │                              │                          ├──────────────────────────────────────────────────────────────┤
7 Container Image Scan	Full vulnerability report	2026-10-07T13:50:44.0593012Z │                    │ CVE-2026-3833       │          │              │                              │                          │ gnutls: GnuTLS: Policy bypass due to case-sensitive          │
7 Container Image Scan	Full vulnerability report	2026-10-07T13:50:44.0593477Z │                    │                     │          │              │                              │                          │ nameConstraints comparison                                   │
7 Container Image Scan	Full vulnerability report	2026-10-07T13:50:44.0593915Z │                    │                     │          │              │                              │                          │ https://avd.aquasec.com/nvd/cve-2026-3833                    │
7 Container Image Scan	Full vulnerability report	2026-10-07T13:50:44.0594394Z │                    ├─────────────────────┤          │              │                              │                          ├──────────────────────────────────────────────────────────────┤
7 Container Image Scan	Full vulnerability report	2026-10-07T13:50:44.0594856Z │                    │ CVE-2026-42009      │          │              │                              │                          │ gnutls: gnutls: Denial of Service via DTLS packet reordering │
7 Container Image Scan	Full vulnerability report	2026-10-07T13:50:44.0595394Z │                    │                     │          │              │                              │                          │ vulnerability                                                │
7 Container Image Scan	Full vulnerability report	2026-10-07T13:50:44.0595828Z │                    │                     │          │              │                              │                          │ https://avd.aquasec.com/nvd/cve-2026-42009                   │
7 Container Image Scan	Full vulnerability report	2026-10-07T13:50:44.0596338Z │                    ├─────────────────────┼──────────┤              │                              ├──────────────────────────┼──────────────────────────────────────────────────────────────┤
7 Container Image Scan	Full vulnerability report	2026-10-07T13:50:44.0596856Z │                    │ CVE-2025-14831      │ MEDIUM   │              │                              │ 3.7.1-5+deb11u9          │ gnutls: GnuTLS: Denial of Service via excessive resource     │
7 Container Image Scan	Full vulnerability report	2026-10-07T13:50:44.0597432Z │                    │                     │          │              │                              │                          │ consumption during certificate verification...               │
7 Container Image Scan	Full vulnerability report	2026-10-07T13:50:44.0597886Z │                    │                     │          │              │                              │                          │ https://avd.aquasec.com/nvd/cve-2025-14831                   │
7 Container Image Scan	Full vulnerability report	2026-10-07T13:50:44.0598381Z │                    ├─────────────────────┤          │              │                              ├──────────────────────────┼──────────────────────────────────────────────────────────────┤
7 Container Image Scan	Full vulnerability report	2026-10-07T13:50:44.0599056Z │                    │ CVE-2025-6395       │          │              │                              │ 3.7.1-5+deb11u8          │ gnutls: NULL pointer dereference in                          │
7 Container Image Scan	Full vulnerability report	2026-10-07T13:50:44.0599518Z │                    │                     │          │              │                              │                          │ _gnutls_figure_common_ciphersuite()                          │
7 Container Image Scan	Full vulnerability report	2026-10-07T13:50:44.0599956Z │                    │                     │          │              │                              │                          │ https://avd.aquasec.com/nvd/cve-2025-6395                    │
7 Container Image Scan	Full vulnerability report	2026-10-07T13:50:44.0600455Z │                    ├─────────────────────┤          │              │                              ├──────────────────────────┼──────────────────────────────────────────────────────────────┤
7 Container Image Scan	Full vulnerability report	2026-10-07T13:50:44.0600964Z │                    │ CVE-2026-42011      │          │              │                              │ 3.7.1-5+deb11u10         │ gnutls: gnutls: Security bypass due to incorrect name        │
7 Container Image Scan	Full vulnerability report	2026-10-07T13:50:44.0601432Z │                    │                     │          │              │                              │                          │ constraint handling                                          │
7 Container Image Scan	Full vulnerability report	2026-10-07T13:50:44.0601862Z │                    │                     │          │              │                              │                          │ https://avd.aquasec.com/nvd/cve-2026-42011                   │
7 Container Image Scan	Full vulnerability report	2026-10-07T13:50:44.0602422Z │                    ├─────────────────────┤          │              │                              │                          ├──────────────────────────────────────────────────────────────┤
7 Container Image Scan	Full vulnerability report	2026-10-07T13:50:44.0602889Z │                    │ CVE-2026-42012      │          │              │                              │                          │ gnutls: gnutls: Certificate validation bypass due to         │
7 Container Image Scan	Full vulnerability report	2026-10-07T13:50:44.0603348Z │                    │                     │          │              │                              │                          │ improper handling of URI and...                              │
7 Container Image Scan	Full vulnerability report	2026-10-07T13:50:44.0603782Z │                    │                     │          │              │                              │                          │ https://avd.aquasec.com/nvd/cve-2026-42012                   │
7 Container Image Scan	Full vulnerability report	2026-10-07T13:50:44.0604249Z │                    ├─────────────────────┤          │              │                              │                          ├──────────────────────────────────────────────────────────────┤
7 Container Image Scan	Full vulnerability report	2026-10-07T13:50:44.0604722Z │                    │ CVE-2026-42013      │          │              │                              │                          │ gnutls: gnutls: Certificate validation bypass due to         │
7 Container Image Scan	Full vulnerability report	2026-10-07T13:50:44.0605178Z │                    │                     │          │              │                              │                          │ oversized Subject Alternative Name                           │
7 Container Image Scan	Full vulnerability report	2026-10-07T13:50:44.0605706Z │                    │                     │          │              │                              │                          │ https://avd.aquasec.com/nvd/cve-2026-42013                   │
7 Container Image Scan	Full vulnerability report	2026-10-07T13:50:44.0606176Z │                    ├─────────────────────┤          │              │                              │                          ├──────────────────────────────────────────────────────────────┤
7 Container Image Scan	Full vulnerability report	2026-10-07T13:50:44.0606640Z │                    │ CVE-2026-42014      │          │              │                              │                          │ gnutls: gnutls: Use-after-free in                            │
7 Container Image Scan	Full vulnerability report	2026-10-07T13:50:44.0607104Z │                    │                     │          │              │                              │                          │ gnutls_pkcs11_token_set_pin                                  │
7 Container Image Scan	Full vulnerability report	2026-10-07T13:50:44.0607549Z │                    │                     │          │              │                              │                          │ https://avd.aquasec.com/nvd/cve-2026-42014                   │
7 Container Image Scan	Full vulnerability report	2026-10-07T13:50:44.0608115Z │                    ├─────────────────────┤          │              │                              │                          ├──────────────────────────────────────────────────────────────┤
7 Container Image Scan	Full vulnerability report	2026-10-07T13:50:44.0608585Z │                    │ CVE-2026-42015      │          │              │                              │                          │ gnutls: gnutls: Memory corruption due to off-by-one error in │
7 Container Image Scan	Full vulnerability report	2026-10-07T13:50:44.0609250Z │                    │                     │          │              │                              │                          │ PKCS#12 bag handling...                                      │
7 Container Image Scan	Full vulnerability report	2026-10-07T13:50:44.0609687Z │                    │                     │          │              │                              │                          │ https://avd.aquasec.com/nvd/cve-2026-42015                   │
7 Container Image Scan	Full vulnerability report	2026-10-07T13:50:44.0610169Z │                    ├─────────────────────┤          │              │                              │                          ├──────────────────────────────────────────────────────────────┤
7 Container Image Scan	Full vulnerability report	2026-10-07T13:50:44.0610635Z │                    │ CVE-2026-5260       │          │              │                              │                          │ gnutls: gnutls: Information disclosure via heap overread in  │
7 Container Image Scan	Full vulnerability report	2026-10-07T13:50:44.0611083Z │                    │                     │          │              │                              │                          │ RSA key exchange                                             │
7 Container Image Scan	Full vulnerability report	2026-10-07T13:50:44.0611520Z │                    │                     │          │              │                              │                          │ https://avd.aquasec.com/nvd/cve-2026-5260                    │
7 Container Image Scan	Full vulnerability report	2026-10-07T13:50:44.0612041Z │                    ├─────────────────────┼──────────┼──────────────┤                              ├──────────────────────────┼──────────────────────────────────────────────────────────────┤
7 Container Image Scan	Full vulnerability report	2026-10-07T13:50:44.0612651Z │                    │ CVE-2011-3389       │ LOW      │ affected     │                              │                          │ HTTPS: block-wise chosen-plaintext attack against SSL/TLS    │
7 Container Image Scan	Full vulnerability report	2026-10-07T13:50:44.0613106Z │                    │                     │          │              │                              │                          │ (BEAST)                                                      │
7 Container Image Scan	Full vulnerability report	2026-10-07T13:50:44.0613538Z │                    │                     │          │              │                              │                          │ https://avd.aquasec.com/nvd/cve-2011-3389                    │
7 Container Image Scan	Full vulnerability report	2026-10-07T13:50:44.0614049Z │                    ├─────────────────────┤          ├──────────────┤                              ├──────────────────────────┼──────────────────────────────────────────────────────────────┤
7 Container Image Scan	Full vulnerability report	2026-10-07T13:50:44.0614577Z │                    │ CVE-2025-9820       │          │ fixed        │                              │ 3.7.1-5+deb11u9          │ gnutls: Stack-based Buffer Overflow in                       │
7 Container Image Scan	Full vulnerability report	2026-10-07T13:50:44.0615068Z │                    │                     │          │              │                              │                          │ gnutls_pkcs11_token_init() Function                          │
7 Container Image Scan	Full vulnerability report	2026-10-07T13:50:44.0615507Z │                    │                     │          │              │                              │                          │ https://avd.aquasec.com/nvd/cve-2025-9820                    │
7 Container Image Scan	Full vulnerability report	2026-10-07T13:50:44.0616178Z ├────────────────────┼─────────────────────┼──────────┤              ├──────────────────────────────┼──────────────────────────┼──────────────────────────────────────────────────────────────┤
7 Container Image Scan	Full vulnerability report	2026-10-07T13:50:44.0616782Z │ libgssapi-krb5-2   │ CVE-2026-40355      │ HIGH     │              │ 1.18.3-6+deb11u7             │ 1.18.3-6+deb11u8         │ krb5: MIT Kerberos 5: Denial of Service via NULL pointer     │
7 Container Image Scan	Full vulnerability report	2026-10-07T13:50:44.0617302Z │                    │                     │          │              │                              │                          │ dereference in...                                            │
7 Container Image Scan	Full vulnerability report	2026-10-07T13:50:44.0617738Z │                    │                     │          │              │                              │                          │ https://avd.aquasec.com/nvd/cve-2026-40355                   │
7 Container Image Scan	Full vulnerability report	2026-10-07T13:50:44.0618207Z │                    ├─────────────────────┤          │              │                              │                          ├──────────────────────────────────────────────────────────────┤
7 Container Image Scan	Full vulnerability report	2026-10-07T13:50:44.0618807Z │                    │ CVE-2026-40356      │          │              │                              │                          │ krb5: MIT Kerberos 5 (krb5): Denial of Service via integer   │
7 Container Image Scan	Full vulnerability report	2026-10-07T13:50:44.0619255Z │                    │                     │          │              │                              │                          │ underflow and...                                             │
7 Container Image Scan	Full vulnerability report	2026-10-07T13:50:44.0619780Z │                    │                     │          │              │                              │                          │ https://avd.aquasec.com/nvd/cve-2026-40356                   │
7 Container Image Scan	Full vulnerability report	2026-10-07T13:50:44.0620293Z │                    ├─────────────────────┼──────────┼──────────────┤                              ├──────────────────────────┼──────────────────────────────────────────────────────────────┤
7 Container Image Scan	Full vulnerability report	2026-10-07T13:50:44.0620827Z │                    │ CVE-2018-5709       │ LOW      │ affected     │                              │                          │ krb5: integer overflow in dbentry->n_key_data in             │
7 Container Image Scan	Full vulnerability report	2026-10-07T13:50:44.0621298Z │                    │                     │          │              │                              │                          │ kadmin/dbutil/dump.c                                         │
7 Container Image Scan	Full vulnerability report	2026-10-07T13:50:44.0621740Z │                    │                     │          │              │                              │                          │ https://avd.aquasec.com/nvd/cve-2018-5709                    │
7 Container Image Scan	Full vulnerability report	2026-10-07T13:50:44.0622234Z │                    ├─────────────────────┤          │              │                              ├──────────────────────────┼──────────────────────────────────────────────────────────────┤
7 Container Image Scan	Full vulnerability report	2026-10-07T13:50:44.0622717Z │                    │ CVE-2024-26458      │          │              │                              │                          │ krb5: Memory leak at /krb5/src/lib/rpc/pmap_rmt.c            │
7 Container Image Scan	Full vulnerability report	2026-10-07T13:50:44.0623264Z │                    │                     │          │              │                              │                          │ https://avd.aquasec.com/nvd/cve-2024-26458                   │
7 Container Image Scan	Full vulnerability report	2026-10-07T13:50:44.0623757Z │                    ├─────────────────────┤          │              │                              ├──────────────────────────┼──────────────────────────────────────────────────────────────┤
7 Container Image Scan	Full vulnerability report	2026-10-07T13:50:44.0624252Z │                    │ CVE-2024-26461      │          │              │                              │                          │ krb5: Memory leak at /krb5/src/lib/gssapi/krb5/k5sealv3.c    │
7 Container Image Scan	Full vulnerability report	2026-10-07T13:50:44.0624712Z │                    │                     │          │              │                              │                          │ https://avd.aquasec.com/nvd/cve-2024-26461                   │
7 Container Image Scan	Full vulnerability report	2026-10-07T13:50:44.0625203Z │                    ├─────────────────────┤          │              │                              ├──────────────────────────┼──────────────────────────────────────────────────────────────┤
7 Container Image Scan	Full vulnerability report	2026-10-07T13:50:44.0625700Z │                    │ CVE-2026-11850      │          │              │                              │                          │ krb5: krb5: integer underflow in berval2tl_data() leads to   │
7 Container Image Scan	Full vulnerability report	2026-10-07T13:50:44.0626221Z │                    │                     │          │              │                              │                          │ heap out-of-bounds read                                      │
7 Container Image Scan	Full vulnerability report	2026-10-07T13:50:44.0626667Z │                    │                     │          │              │                              │                          │ https://avd.aquasec.com/nvd/cve-2026-11850                   │
7 Container Image Scan	Full vulnerability report	2026-10-07T13:50:44.0627210Z ├────────────────────┼─────────────────────┼──────────┼──────────────┤                              ├──────────────────────────┼──────────────────────────────────────────────────────────────┤
7 Container Image Scan	Full vulnerability report	2026-10-07T13:50:44.0627794Z │ libk5crypto3       │ CVE-2026-40355      │ HIGH     │ fixed        │                              │ 1.18.3-6+deb11u8         │ krb5: MIT Kerberos 5: Denial of Service via NULL pointer     │
7 Container Image Scan	Full vulnerability report	2026-10-07T13:50:44.0628290Z │                    │                     │          │              │                              │                          │ dereference in...                                            │
7 Container Image Scan	Full vulnerability report	2026-10-07T13:50:44.0628857Z │                    │                     │          │              │                              │                          │ https://avd.aquasec.com/nvd/cve-2026-40355                   │
7 Container Image Scan	Full vulnerability report	2026-10-07T13:50:44.0629330Z │                    ├─────────────────────┤          │              │                              │                          ├──────────────────────────────────────────────────────────────┤
7 Container Image Scan	Full vulnerability report	2026-10-07T13:50:44.0629797Z │                    │ CVE-2026-40356      │          │              │                              │                          │ krb5: MIT Kerberos 5 (krb5): Denial of Service via integer   │
7 Container Image Scan	Full vulnerability report	2026-10-07T13:50:44.0630341Z │                    │                     │          │              │                              │                          │ underflow and...                                             │
7 Container Image Scan	Full vulnerability report	2026-10-07T13:50:44.0630772Z │                    │                     │          │              │                              │                          │ https://avd.aquasec.com/nvd/cve-2026-40356                   │
7 Container Image Scan	Full vulnerability report	2026-10-07T13:50:44.0631297Z │                    ├─────────────────────┼──────────┼──────────────┤                              ├──────────────────────────┼──────────────────────────────────────────────────────────────┤
7 Container Image Scan	Full vulnerability report	2026-10-07T13:50:44.0631814Z │                    │ CVE-2018-5709       │ LOW      │ affected     │                              │                          │ krb5: integer overflow in dbentry->n_key_data in             │
7 Container Image Scan	Full vulnerability report	2026-10-07T13:50:44.0632293Z │                    │                     │          │              │                              │                          │ kadmin/dbutil/dump.c                                         │
7 Container Image Scan	Full vulnerability report	2026-10-07T13:50:44.0632727Z │                    │                     │          │              │                              │                          │ https://avd.aquasec.com/nvd/cve-2018-5709                    │
7 Container Image Scan	Full vulnerability report	2026-10-07T13:50:44.0633310Z │                    ├─────────────────────┤          │              │                              ├──────────────────────────┼──────────────────────────────────────────────────────────────┤
7 Container Image Scan	Full vulnerability report	2026-10-07T13:50:44.0633792Z │                    │ CVE-2024-26458      │          │              │                              │                          │ krb5: Memory leak at /krb5/src/lib/rpc/pmap_rmt.c            │
7 Container Image Scan	Full vulnerability report	2026-10-07T13:50:44.0634249Z │                    │                     │          │              │                              │                          │ https://avd.aquasec.com/nvd/cve-2024-26458                   │
7 Container Image Scan	Full vulnerability report	2026-10-07T13:50:44.0634752Z │                    ├─────────────────────┤          │              │                              ├──────────────────────────┼──────────────────────────────────────────────────────────────┤
7 Container Image Scan	Full vulnerability report	2026-10-07T13:50:44.0635233Z │                    │ CVE-2024-26461      │          │              │                              │                          │ krb5: Memory leak at /krb5/src/lib/gssapi/krb5/k5sealv3.c    │
7 Container Image Scan	Full vulnerability report	2026-10-07T13:50:44.0635699Z │                    │                     │          │              │                              │                          │ https://avd.aquasec.com/nvd/cve-2024-26461                   │
7 Container Image Scan	Full vulnerability report	2026-10-07T13:50:44.0636196Z │                    ├─────────────────────┤          │              │                              ├──────────────────────────┼──────────────────────────────────────────────────────────────┤
7 Container Image Scan	Full vulnerability report	2026-10-07T13:50:44.0636679Z │                    │ CVE-2026-11850      │          │              │                              │                          │ krb5: krb5: integer underflow in berval2tl_data() leads to   │
7 Container Image Scan	Full vulnerability report	2026-10-07T13:50:44.0637199Z │                    │                     │          │              │                              │                          │ heap out-of-bounds read                                      │
7 Container Image Scan	Full vulnerability report	2026-10-07T13:50:44.0637640Z │                    │                     │          │              │                              │                          │ https://avd.aquasec.com/nvd/cve-2026-11850                   │
7 Container Image Scan	Full vulnerability report	2026-10-07T13:50:44.0638189Z ├────────────────────┼─────────────────────┼──────────┼──────────────┤                              ├──────────────────────────┼──────────────────────────────────────────────────────────────┤
7 Container Image Scan	Full vulnerability report	2026-10-07T13:50:44.0638934Z │ libkrb5-3          │ CVE-2026-40355      │ HIGH     │ fixed        │                              │ 1.18.3-6+deb11u8         │ krb5: MIT Kerberos 5: Denial of Service via NULL pointer     │
7 Container Image Scan	Full vulnerability report	2026-10-07T13:50:44.0639439Z │                    │                     │          │              │                              │                          │ dereference in...                                            │
7 Container Image Scan	Full vulnerability report	2026-10-07T13:50:44.0639875Z │                    │                     │          │              │                              │                          │ https://avd.aquasec.com/nvd/cve-2026-40355                   │
7 Container Image Scan	Full vulnerability report	2026-10-07T13:50:44.0640446Z │                    ├─────────────────────┤          │              │                              │                          ├──────────────────────────────────────────────────────────────┤
7 Container Image Scan	Full vulnerability report	2026-10-07T13:50:44.0640918Z │                    │ CVE-2026-40356      │          │              │                              │                          │ krb5: MIT Kerberos 5 (krb5): Denial of Service via integer   │
7 Container Image Scan	Full vulnerability report	2026-10-07T13:50:44.0641368Z │                    │                     │          │              │                              │                          │ underflow and...                                             │
7 Container Image Scan	Full vulnerability report	2026-10-07T13:50:44.0641813Z │                    │                     │          │              │                              │                          │ https://avd.aquasec.com/nvd/cve-2026-40356                   │
7 Container Image Scan	Full vulnerability report	2026-10-07T13:50:44.0642336Z │                    ├─────────────────────┼──────────┼──────────────┤                              ├──────────────────────────┼──────────────────────────────────────────────────────────────┤
7 Container Image Scan	Full vulnerability report	2026-10-07T13:50:44.0642859Z │                    │ CVE-2018-5709       │ LOW      │ affected     │                              │                          │ krb5: integer overflow in dbentry->n_key_data in             │
7 Container Image Scan	Full vulnerability report	2026-10-07T13:50:44.0643328Z │                    │                     │          │              │                              │                          │ kadmin/dbutil/dump.c                                         │
7 Container Image Scan	Full vulnerability report	2026-10-07T13:50:44.0643767Z │                    │                     │          │              │                              │                          │ https://avd.aquasec.com/nvd/cve-2018-5709                    │
7 Container Image Scan	Full vulnerability report	2026-10-07T13:50:44.0644353Z │                    ├─────────────────────┤          │              │                              ├──────────────────────────┼──────────────────────────────────────────────────────────────┤
7 Container Image Scan	Full vulnerability report	2026-10-07T13:50:44.0644848Z │                    │ CVE-2024-26458      │          │              │                              │                          │ krb5: Memory leak at /krb5/src/lib/rpc/pmap_rmt.c            │
7 Container Image Scan	Full vulnerability report	2026-10-07T13:50:44.0645306Z │                    │                     │          │              │                              │                          │ https://avd.aquasec.com/nvd/cve-2024-26458                   │
7 Container Image Scan	Full vulnerability report	2026-10-07T13:50:44.0645802Z │                    ├─────────────────────┤          │              │                              ├──────────────────────────┼──────────────────────────────────────────────────────────────┤
7 Container Image Scan	Full vulnerability report	2026-10-07T13:50:44.0646295Z │                    │ CVE-2024-26461      │          │              │                              │                          │ krb5: Memory leak at /krb5/src/lib/gssapi/krb5/k5sealv3.c    │
7 Container Image Scan	Full vulnerability report	2026-10-07T13:50:44.0646753Z │                    │                     │          │              │                              │                          │ https://avd.aquasec.com/nvd/cve-2024-26461                   │
7 Container Image Scan	Full vulnerability report	2026-10-07T13:50:44.0647316Z │                    ├─────────────────────┤          │              │                              ├──────────────────────────┼──────────────────────────────────────────────────────────────┤
7 Container Image Scan	Full vulnerability report	2026-10-07T13:50:44.0647802Z │                    │ CVE-2026-11850      │          │              │                              │                          │ krb5: krb5: integer underflow in berval2tl_data() leads to   │
7 Container Image Scan	Full vulnerability report	2026-10-07T13:50:44.0648254Z │                    │                     │          │              │                              │                          │ heap out-of-bounds read                                      │
7 Container Image Scan	Full vulnerability report	2026-10-07T13:50:44.0648803Z │                    │                     │          │              │                              │                          │ https://avd.aquasec.com/nvd/cve-2026-11850                   │
7 Container Image Scan	Full vulnerability report	2026-10-07T13:50:44.0649350Z ├────────────────────┼─────────────────────┼──────────┼──────────────┤                              ├──────────────────────────┼──────────────────────────────────────────────────────────────┤
7 Container Image Scan	Full vulnerability report	2026-10-07T13:50:44.0649937Z │ libkrb5support0    │ CVE-2026-40355      │ HIGH     │ fixed        │                              │ 1.18.3-6+deb11u8         │ krb5: MIT Kerberos 5: Denial of Service via NULL pointer     │
7 Container Image Scan	Full vulnerability report	2026-10-07T13:50:44.0650446Z │                    │                     │          │              │                              │                          │ dereference in...                                            │
7 Container Image Scan	Full vulnerability report	2026-10-07T13:50:44.0650885Z │                    │                     │          │              │                              │                          │ https://avd.aquasec.com/nvd/cve-2026-40355                   │
7 Container Image Scan	Full vulnerability report	2026-10-07T13:50:44.0651453Z │                    ├─────────────────────┤          │              │                              │                          ├──────────────────────────────────────────────────────────────┤
7 Container Image Scan	Full vulnerability report	2026-10-07T13:50:44.0651927Z │                    │ CVE-2026-40356      │          │              │                              │                          │ krb5: MIT Kerberos 5 (krb5): Denial of Service via integer   │
7 Container Image Scan	Full vulnerability report	2026-10-07T13:50:44.0652375Z │                    │                     │          │              │                              │                          │ underflow and...                                             │
7 Container Image Scan	Full vulnerability report	2026-10-07T13:50:44.0652804Z │                    │                     │          │              │                              │                          │ https://avd.aquasec.com/nvd/cve-2026-40356                   │
7 Container Image Scan	Full vulnerability report	2026-10-07T13:50:44.0653335Z │                    ├─────────────────────┼──────────┼──────────────┤                              ├──────────────────────────┼──────────────────────────────────────────────────────────────┤
7 Container Image Scan	Full vulnerability report	2026-10-07T13:50:44.0653855Z │                    │ CVE-2018-5709       │ LOW      │ affected     │                              │                          │ krb5: integer overflow in dbentry->n_key_data in             │
7 Container Image Scan	Full vulnerability report	2026-10-07T13:50:44.0654413Z │                    │                     │          │              │                              │                          │ kadmin/dbutil/dump.c                                         │
7 Container Image Scan	Full vulnerability report	2026-10-07T13:50:44.0654850Z │                    │                     │          │              │                              │                          │ https://avd.aquasec.com/nvd/cve-2018-5709                    │
7 Container Image Scan	Full vulnerability report	2026-10-07T13:50:44.0655345Z │                    ├─────────────────────┤          │              │                              ├──────────────────────────┼──────────────────────────────────────────────────────────────┤
7 Container Image Scan	Full vulnerability report	2026-10-07T13:50:44.0655837Z │                    │ CVE-2024-26458      │          │              │                              │                          │ krb5: Memory leak at /krb5/src/lib/rpc/pmap_rmt.c            │
7 Container Image Scan	Full vulnerability report	2026-10-07T13:50:44.0656295Z │                    │                     │          │              │                              │                          │ https://avd.aquasec.com/nvd/cve-2024-26458                   │
7 Container Image Scan	Full vulnerability report	2026-10-07T13:50:44.0656802Z │                    ├─────────────────────┤          │              │                              ├──────────────────────────┼──────────────────────────────────────────────────────────────┤
7 Container Image Scan	Full vulnerability report	2026-10-07T13:50:44.0657284Z │                    │ CVE-2024-26461      │          │              │                              │                          │ krb5: Memory leak at /krb5/src/lib/gssapi/krb5/k5sealv3.c    │
7 Container Image Scan	Full vulnerability report	2026-10-07T13:50:44.0657816Z │                    │                     │          │              │                              │                          │ https://avd.aquasec.com/nvd/cve-2024-26461                   │
7 Container Image Scan	Full vulnerability report	2026-10-07T13:50:44.0658316Z │                    ├─────────────────────┤          │              │                              ├──────────────────────────┼──────────────────────────────────────────────────────────────┤
7 Container Image Scan	Full vulnerability report	2026-10-07T13:50:44.0658880Z │                    │ CVE-2026-11850      │          │              │                              │                          │ krb5: krb5: integer underflow in berval2tl_data() leads to   │
7 Container Image Scan	Full vulnerability report	2026-10-07T13:50:44.0659333Z │                    │                     │          │              │                              │                          │ heap out-of-bounds read                                      │
7 Container Image Scan	Full vulnerability report	2026-10-07T13:50:44.0659769Z │                    │                     │          │              │                              │                          │ https://avd.aquasec.com/nvd/cve-2026-11850                   │
7 Container Image Scan	Full vulnerability report	2026-10-07T13:50:44.0660345Z ├────────────────────┼─────────────────────┼──────────┼──────────────┼──────────────────────────────┼──────────────────────────┼──────────────────────────────────────────────────────────────┤
7 Container Image Scan	Full vulnerability report	2026-10-07T13:50:44.0660951Z │ liblzma5           │ CVE-2026-34743      │ MEDIUM   │ fixed        │ 5.2.5-2.1~deb11u1            │ 5.2.5-2.1~deb11u2        │ xz: XZ Utils: Denial of Service via buffer overflow in index │
7 Container Image Scan	Full vulnerability report	2026-10-07T13:50:44.0661548Z │                    │                     │          │              │                              │                          │ decoding...                                                  │
7 Container Image Scan	Full vulnerability report	2026-10-07T13:50:44.0661981Z │                    │                     │          │              │                              │                          │ https://avd.aquasec.com/nvd/cve-2026-34743                   │
7 Container Image Scan	Full vulnerability report	2026-10-07T13:50:44.0662506Z │                    ├─────────────────────┼──────────┼──────────────┤                              ├──────────────────────────┼──────────────────────────────────────────────────────────────┤
7 Container Image Scan	Full vulnerability report	2026-10-07T13:50:44.0663144Z │                    │ TEMP-1147318-639065 │ UNKNOWN  │ affected     │                              │                          │ [GHSA-5qpq-xqfv-j9pg: Invalid write if a decoder is          │
7 Container Image Scan	Full vulnerability report	2026-10-07T13:50:44.0663640Z │                    │                     │          │              │                              │                          │ reinitialized after allocation failure]                      │
7 Container Image Scan	Full vulnerability report	2026-10-07T13:50:44.0664107Z │                    │                     │          │              │                              │                          │ https://security-tracker.debian.org/tracker/TEMP-1147318-63- │
7 Container Image Scan	Full vulnerability report	2026-10-07T13:50:44.0664542Z │                    │                     │          │              │                              │                          │ 9065                                                         │
7 Container Image Scan	Full vulnerability report	2026-10-07T13:50:44.0665094Z ├────────────────────┼─────────────────────┼──────────┤              ├──────────────────────────────┼──────────────────────────┼──────────────────────────────────────────────────────────────┤
7 Container Image Scan	Full vulnerability report	2026-10-07T13:50:44.0665669Z │ libmount1          │ CVE-2026-53613      │ HIGH     │              │ 2.36.1-8+deb11u2             │                          │ util-linux: util-linux: TOCTOU in the mount program via      │
7 Container Image Scan	Full vulnerability report	2026-10-07T13:50:44.0666176Z │                    │                     │          │              │                              │                          │ ancestor directory swap on...                                │
7 Container Image Scan	Full vulnerability report	2026-10-07T13:50:44.0666623Z │                    │                     │          │              │                              │                          │ https://avd.aquasec.com/nvd/cve-2026-53613                   │
7 Container Image Scan	Full vulnerability report	2026-10-07T13:50:44.0667117Z │                    ├─────────────────────┤          │              │                              ├──────────────────────────┼──────────────────────────────────────────────────────────────┤
7 Container Image Scan	Full vulnerability report	2026-10-07T13:50:44.0667613Z │                    │ CVE-2026-76642      │          │              │                              │                          │ util-linux: util-linux: failed external mount helper still   │
7 Container Image Scan	Full vulnerability report	2026-10-07T13:50:44.0668080Z │                    │                     │          │              │                              │                          │ runs privileged X-mount post-hooks                           │
7 Container Image Scan	Full vulnerability report	2026-10-07T13:50:44.0668691Z │                    │                     │          │              │                              │                          │ https://avd.aquasec.com/nvd/cve-2026-76642                   │
7 Container Image Scan	Full vulnerability report	2026-10-07T13:50:44.0669188Z │                    ├─────────────────────┤          │              │                              ├──────────────────────────┼──────────────────────────────────────────────────────────────┤
7 Container Image Scan	Full vulnerability report	2026-10-07T13:50:44.0669680Z │                    │ CVE-2026-78408      │          │              │                              │                          │ util-linux: util-linux: nsenter --join-cgroup leaks root     │
7 Container Image Scan	Full vulnerability report	2026-10-07T13:50:44.0670235Z │                    │                     │          │              │                              │                          │ cgroup migration authority                                   │
7 Container Image Scan	Full vulnerability report	2026-10-07T13:50:44.0670681Z │                    │                     │          │              │                              │                          │ https://avd.aquasec.com/nvd/cve-2026-78408                   │
7 Container Image Scan	Full vulnerability report	2026-10-07T13:50:44.0671175Z │                    ├─────────────────────┤          │              │                              ├──────────────────────────┼──────────────────────────────────────────────────────────────┤
7 Container Image Scan	Full vulnerability report	2026-10-07T13:50:44.0671660Z │                    │ CVE-2026-78409      │          │              │                              │                          │ util-linux: util-linux: X-mount.subdir detached-tree         │
7 Container Image Scan	Full vulnerability report	2026-10-07T13:50:44.0672134Z │                    │                     │          │              │                              │                          │ resolution can escape via intermediate symlinks              │
7 Container Image Scan	Full vulnerability report	2026-10-07T13:50:44.0672582Z │                    │                     │          │              │                              │                          │ https://avd.aquasec.com/nvd/cve-2026-78409                   │
7 Container Image Scan	Full vulnerability report	2026-10-07T13:50:44.0673083Z │                    ├─────────────────────┤          │              │                              ├──────────────────────────┼──────────────────────────────────────────────────────────────┤
7 Container Image Scan	Full vulnerability report	2026-10-07T13:50:44.0673567Z │                    │ CVE-2026-78410      │          │              │                              │                          │ util-linux: util-linux: restricted bind mounts do not pin    │
7 Container Image Scan	Full vulnerability report	2026-10-07T13:50:44.0674031Z │                    │                     │          │              │                              │                          │ the source, allowing X-mount.owner/group/mode...             │
7 Container Image Scan	Full vulnerability report	2026-10-07T13:50:44.0674480Z │                    │                     │          │              │                              │                          │ https://avd.aquasec.com/nvd/cve-2026-78410                   │
7 Container Image Scan	Full vulnerability report	2026-10-07T13:50:44.0674996Z │                    ├─────────────────────┼──────────┤              │                              ├──────────────────────────┼──────────────────────────────────────────────────────────────┤
7 Container Image Scan	Full vulnerability report	2026-10-07T13:50:44.0675589Z │                    │ CVE-2026-13595      │ MEDIUM   │              │                              │                          │ util-linux: util-linux: heap use-after-free in libblkid      │
7 Container Image Scan	Full vulnerability report	2026-10-07T13:50:44.0676060Z │                    │                     │          │              │                              │                          │ nested partition probing                                     │
7 Container Image Scan	Full vulnerability report	2026-10-07T13:50:44.0676503Z │                    │                     │          │              │                              │                          │ https://avd.aquasec.com/nvd/cve-2026-13595                   │
7 Container Image Scan	Full vulnerability report	2026-10-07T13:50:44.0677081Z │                    ├─────────────────────┤          ├──────────────┤                              ├──────────────────────────┼──────────────────────────────────────────────────────────────┤
7 Container Image Scan	Full vulnerability report	2026-10-07T13:50:44.0677609Z │                    │ CVE-2026-27456      │          │ fix_deferred │                              │                          │ util-linux: TOCTOU in the mount program when setting up loop │
7 Container Image Scan	Full vulnerability report	2026-10-07T13:50:44.0678078Z │                    │                     │          │              │                              │                          │ devices                                                      │
7 Container Image Scan	Full vulnerability report	2026-10-07T13:50:44.0678507Z │                    │                     │          │              │                              │                          │ https://avd.aquasec.com/nvd/cve-2026-27456                   │
7 Container Image Scan	Full vulnerability report	2026-10-07T13:50:44.0679097Z │                    ├─────────────────────┤          ├──────────────┤                              ├──────────────────────────┼──────────────────────────────────────────────────────────────┤
7 Container Image Scan	Full vulnerability report	2026-10-07T13:50:44.0679612Z │                    │ CVE-2026-3184       │          │ will_not_fix │                              │                          │ util-linux: util-linux: Access control bypass due to         │
7 Container Image Scan	Full vulnerability report	2026-10-07T13:50:44.0680096Z │                    │                     │          │              │                              │                          │ improper hostname canonicalization                           │
7 Container Image Scan	Full vulnerability report	2026-10-07T13:50:44.0680538Z │                    │                     │          │              │                              │                          │ https://avd.aquasec.com/nvd/cve-2026-3184                    │
7 Container Image Scan	Full vulnerability report	2026-10-07T13:50:44.0681048Z │                    ├─────────────────────┤          ├──────────────┤                              ├──────────────────────────┼──────────────────────────────────────────────────────────────┤
7 Container Image Scan	Full vulnerability report	2026-10-07T13:50:44.0681562Z │                    │ CVE-2026-53615      │          │ affected     │                              │                          │ [Integer Overflow or Wraparound in                           │
7 Container Image Scan	Full vulnerability report	2026-10-07T13:50:44.0682025Z │                    │                     │          │              │                              │                          │ libblkid/src/partitions/dos.c]                               │
7 Container Image Scan	Full vulnerability report	2026-10-07T13:50:44.0682561Z │                    │                     │          │              │                              │                          │ https://avd.aquasec.com/nvd/cve-2026-53615                   │
7 Container Image Scan	Full vulnerability report	2026-10-07T13:50:44.0683066Z │                    ├─────────────────────┼──────────┤              │                              ├──────────────────────────┼──────────────────────────────────────────────────────────────┤
7 Container Image Scan	Full vulnerability report	2026-10-07T13:50:44.0683658Z │                    │ CVE-2022-0563       │ LOW      │              │                              │                          │ util-linux: partial disclosure of arbitrary files in chfn    │
7 Container Image Scan	Full vulnerability report	2026-10-07T13:50:44.0684123Z │                    │                     │          │              │                              │                          │ and chsh when compiled...                                    │
7 Container Image Scan	Full vulnerability report	2026-10-07T13:50:44.0684572Z │                    │                     │          │              │                              │                          │ https://avd.aquasec.com/nvd/cve-2022-0563                    │
7 Container Image Scan	Full vulnerability report	2026-10-07T13:50:44.0685071Z │                    ├─────────────────────┤          │              │                              ├──────────────────────────┼──────────────────────────────────────────────────────────────┤
7 Container Image Scan	Full vulnerability report	2026-10-07T13:50:44.0685564Z │                    │ CVE-2025-14104      │          │              │                              │                          │ util-linux: util-linux: Heap buffer overread in setpwnam()   │
7 Container Image Scan	Full vulnerability report	2026-10-07T13:50:44.0686037Z │                    │                     │          │              │                              │                          │ when processing 256-byte usernames                           │
7 Container Image Scan	Full vulnerability report	2026-10-07T13:50:44.0686483Z │                    │                     │          │              │                              │                          │ https://avd.aquasec.com/nvd/cve-2025-14104                   │
7 Container Image Scan	Full vulnerability report	2026-10-07T13:50:44.0687063Z ├────────────────────┼─────────────────────┼──────────┼──────────────┼──────────────────────────────┼──────────────────────────┼──────────────────────────────────────────────────────────────┤
7 Container Image Scan	Full vulnerability report	2026-10-07T13:50:44.0687678Z │ libncursesw6       │ CVE-2025-69720      │ HIGH     │ fix_deferred │ 6.2+20201114-2+deb11u2       │                          │ ncurses: ncurses: Buffer overflow vulnerability may lead to  │
7 Container Image Scan	Full vulnerability report	2026-10-07T13:50:44.0688204Z │                    │                     │          │              │                              │                          │ arbitrary code execution.                                    │
7 Container Image Scan	Full vulnerability report	2026-10-07T13:50:44.0688733Z │                    │                     │          │              │                              │                          │ https://avd.aquasec.com/nvd/cve-2025-69720                   │
7 Container Image Scan	Full vulnerability report	2026-10-07T13:50:44.0689252Z │                    ├─────────────────────┼──────────┼──────────────┤                              ├──────────────────────────┼──────────────────────────────────────────────────────────────┤
7 Container Image Scan	Full vulnerability report	2026-10-07T13:50:44.0689880Z │                    │ CVE-2023-50495      │ MEDIUM   │ affected     │                              │                          │ ncurses: segmentation fault via _nc_wrap_entry()             │
7 Container Image Scan	Full vulnerability report	2026-10-07T13:50:44.0690362Z │                    │                     │          │              │                              │                          │ https://avd.aquasec.com/nvd/cve-2023-50495                   │
7 Container Image Scan	Full vulnerability report	2026-10-07T13:50:44.0690976Z │                    ├─────────────────────┼──────────┼──────────────┤                              ├──────────────────────────┼──────────────────────────────────────────────────────────────┤
7 Container Image Scan	Full vulnerability report	2026-10-07T13:50:44.0691500Z │                    │ CVE-2025-6141       │ LOW      │ fix_deferred │                              │                          │ gnu-ncurses: ncurses Stack Buffer Overflow                   │
7 Container Image Scan	Full vulnerability report	2026-10-07T13:50:44.0691989Z │                    │                     │          │              │                              │                          │ https://avd.aquasec.com/nvd/cve-2025-6141                    │
7 Container Image Scan	Full vulnerability report	2026-10-07T13:50:44.0692550Z ├────────────────────┼─────────────────────┼──────────┤              ├──────────────────────────────┼──────────────────────────┼──────────────────────────────────────────────────────────────┤
7 Container Image Scan	Full vulnerability report	2026-10-07T13:50:44.0693128Z │ libp11-kit0        │ CVE-2026-13757      │ MEDIUM   │              │ 0.23.22-1                    │                          │ p11-kit: Stack exhaustion via unbounded recursion in RPC     │
7 Container Image Scan	Full vulnerability report	2026-10-07T13:50:44.0693627Z │                    │                     │          │              │                              │                          │ attribute parsing                                            │
7 Container Image Scan	Full vulnerability report	2026-10-07T13:50:44.0694060Z │                    │                     │          │              │                              │                          │ https://avd.aquasec.com/nvd/cve-2026-13757                   │
7 Container Image Scan	Full vulnerability report	2026-10-07T13:50:44.0694643Z │                    ├─────────────────────┤          ├──────────────┤                              ├──────────────────────────┼──────────────────────────────────────────────────────────────┤
7 Container Image Scan	Full vulnerability report	2026-10-07T13:50:44.0695157Z │                    │ CVE-2026-18938      │          │ affected     │                              │                          │ p11-kit: Integer overflow in RPC attribute-array length      │
7 Container Image Scan	Full vulnerability report	2026-10-07T13:50:44.0695635Z │                    │                     │          │              │                              │                          │ calculation can under-allocate nested attribute...           │
7 Container Image Scan	Full vulnerability report	2026-10-07T13:50:44.0696091Z │                    │                     │          │              │                              │                          │ https://avd.aquasec.com/nvd/cve-2026-18938                   │
7 Container Image Scan	Full vulnerability report	2026-10-07T13:50:44.0696673Z ├────────────────────┼─────────────────────┼──────────┼──────────────┼──────────────────────────────┼──────────────────────────┼──────────────────────────────────────────────────────────────┤
7 Container Image Scan	Full vulnerability report	2026-10-07T13:50:44.0697292Z │ libpam-modules     │ CVE-2025-6020       │ HIGH     │ fixed        │ 1.4.0-9+deb11u1              │ 1.4.0-9+deb11u2          │ linux-pam: Linux-pam directory Traversal                     │
7 Container Image Scan	Full vulnerability report	2026-10-07T13:50:44.0697817Z │                    │                     │          │              │                              │                          │ https://avd.aquasec.com/nvd/cve-2025-6020                    │
7 Container Image Scan	Full vulnerability report	2026-10-07T13:50:44.0698406Z │                    ├─────────────────────┼──────────┼──────────────┤                              ├──────────────────────────┼──────────────────────────────────────────────────────────────┤
7 Container Image Scan	Full vulnerability report	2026-10-07T13:50:44.0699005Z │                    │ CVE-2024-10041      │ MEDIUM   │ will_not_fix │                              │                          │ pam: libpam: Libpam vulnerable to read hashed password       │
7 Container Image Scan	Full vulnerability report	2026-10-07T13:50:44.0699501Z │                    │                     │          │              │                              │                          │ https://avd.aquasec.com/nvd/cve-2024-10041                   │
7 Container Image Scan	Full vulnerability report	2026-10-07T13:50:44.0700013Z │                    ├─────────────────────┤          ├──────────────┤                              ├──────────────────────────┼──────────────────────────────────────────────────────────────┤
7 Container Image Scan	Full vulnerability report	2026-10-07T13:50:44.0700542Z │                    │ CVE-2024-22365      │          │ fixed        │                              │ 1.4.0-9+deb11u2          │ pam: allowing unprivileged user to block another user        │
7 Container Image Scan	Full vulnerability report	2026-10-07T13:50:44.0701024Z │                    │                     │          │              │                              │                          │ namespace                                                    │
7 Container Image Scan	Full vulnerability report	2026-10-07T13:50:44.0701454Z │                    │                     │          │              │                              │                          │ https://avd.aquasec.com/nvd/cve-2024-22365                   │
7 Container Image Scan	Full vulnerability report	2026-10-07T13:50:44.0702062Z │                    ├─────────────────────┤          ├──────────────┤                              ├──────────────────────────┼──────────────────────────────────────────────────────────────┤
7 Container Image Scan	Full vulnerability report	2026-10-07T13:50:44.0702576Z │                    │ CVE-2026-54411      │          │ fix_deferred │                              │                          │ linux-pam: Plaintext password recovery via timing            │
7 Container Image Scan	Full vulnerability report	2026-10-07T13:50:44.0703050Z │                    │                     │          │              │                              │                          │ discrepancy in pam_userdb module                             │
7 Container Image Scan	Full vulnerability report	2026-10-07T13:50:44.0703502Z │                    │                     │          │              │                              │                          │ https://avd.aquasec.com/nvd/cve-2026-54411                   │
7 Container Image Scan	Full vulnerability report	2026-10-07T13:50:44.0704056Z ├────────────────────┼─────────────────────┼──────────┼──────────────┤                              ├──────────────────────────┼──────────────────────────────────────────────────────────────┤
7 Container Image Scan	Full vulnerability report	2026-10-07T13:50:44.0704631Z │ libpam-modules-bin │ CVE-2025-6020       │ HIGH     │ fixed        │                              │ 1.4.0-9+deb11u2          │ linux-pam: Linux-pam directory Traversal                     │
7 Container Image Scan	Full vulnerability report	2026-10-07T13:50:44.0705152Z │                    │                     │          │              │                              │                          │ https://avd.aquasec.com/nvd/cve-2025-6020                    │
7 Container Image Scan	Full vulnerability report	2026-10-07T13:50:44.0705766Z │                    ├─────────────────────┼──────────┼──────────────┤                              ├──────────────────────────┼──────────────────────────────────────────────────────────────┤
7 Container Image Scan	Full vulnerability report	2026-10-07T13:50:44.0706291Z │                    │ CVE-2024-10041      │ MEDIUM   │ will_not_fix │                              │                          │ pam: libpam: Libpam vulnerable to read hashed password       │
7 Container Image Scan	Full vulnerability report	2026-10-07T13:50:44.0706788Z │                    │                     │          │              │                              │                          │ https://avd.aquasec.com/nvd/cve-2024-10041                   │
7 Container Image Scan	Full vulnerability report	2026-10-07T13:50:44.0707302Z │                    ├─────────────────────┤          ├──────────────┤                              ├──────────────────────────┼──────────────────────────────────────────────────────────────┤
7 Container Image Scan	Full vulnerability report	2026-10-07T13:50:44.0707827Z │                    │ CVE-2024-22365      │          │ fixed        │                              │ 1.4.0-9+deb11u2          │ pam: allowing unprivileged user to block another user        │
7 Container Image Scan	Full vulnerability report	2026-10-07T13:50:44.0708306Z │                    │                     │          │              │                              │                          │ namespace                                                    │
7 Container Image Scan	Full vulnerability report	2026-10-07T13:50:44.0708955Z │                    │                     │          │              │                              │                          │ https://avd.aquasec.com/nvd/cve-2024-22365                   │
7 Container Image Scan	Full vulnerability report	2026-10-07T13:50:44.0709760Z │                    ├─────────────────────┤          ├──────────────┤                              ├──────────────────────────┼──────────────────────────────────────────────────────────────┤
7 Container Image Scan	Full vulnerability report	2026-10-07T13:50:44.0710277Z │                    │ CVE-2026-54411      │          │ fix_deferred │                              │                          │ linux-pam: Plaintext password recovery via timing            │
7 Container Image Scan	Full vulnerability report	2026-10-07T13:50:44.0710763Z │                    │                     │          │              │                              │                          │ discrepancy in pam_userdb module                             │
7 Container Image Scan	Full vulnerability report	2026-10-07T13:50:44.0711208Z │                    │                     │          │              │                              │                          │ https://avd.aquasec.com/nvd/cve-2026-54411                   │
7 Container Image Scan	Full vulnerability report	2026-10-07T13:50:44.0711757Z ├────────────────────┼─────────────────────┼──────────┼──────────────┤                              ├──────────────────────────┼──────────────────────────────────────────────────────────────┤
7 Container Image Scan	Full vulnerability report	2026-10-07T13:50:44.0712342Z │ libpam-runtime     │ CVE-2025-6020       │ HIGH     │ fixed        │                              │ 1.4.0-9+deb11u2          │ linux-pam: Linux-pam directory Traversal                     │
7 Container Image Scan	Full vulnerability report	2026-10-07T13:50:44.0712852Z │                    │                     │          │              │                              │                          │ https://avd.aquasec.com/nvd/cve-2025-6020                    │
7 Container Image Scan	Full vulnerability report	2026-10-07T13:50:44.0713471Z │                    ├─────────────────────┼──────────┼──────────────┤                              ├──────────────────────────┼──────────────────────────────────────────────────────────────┤
7 Container Image Scan	Full vulnerability report	2026-10-07T13:50:44.0713996Z │                    │ CVE-2024-10041      │ MEDIUM   │ will_not_fix │                              │                          │ pam: libpam: Libpam vulnerable to read hashed password       │
7 Container Image Scan	Full vulnerability report	2026-10-07T13:50:44.0714490Z │                    │                     │          │              │                              │                          │ https://avd.aquasec.com/nvd/cve-2024-10041                   │
7 Container Image Scan	Full vulnerability report	2026-10-07T13:50:44.0714998Z │                    ├─────────────────────┤          ├──────────────┤                              ├──────────────────────────┼──────────────────────────────────────────────────────────────┤
7 Container Image Scan	Full vulnerability report	2026-10-07T13:50:44.0715514Z │                    │ CVE-2024-22365      │          │ fixed        │                              │ 1.4.0-9+deb11u2          │ pam: allowing unprivileged user to block another user        │
7 Container Image Scan	Full vulnerability report	2026-10-07T13:50:44.0715996Z │                    │                     │          │              │                              │                          │ namespace                                                    │
7 Container Image Scan	Full vulnerability report	2026-10-07T13:50:44.0716497Z │                    │                     │          │              │                              │                          │ https://avd.aquasec.com/nvd/cve-2024-22365                   │
7 Container Image Scan	Full vulnerability report	2026-10-07T13:50:44.0717012Z │                    ├─────────────────────┤          ├──────────────┤                              ├──────────────────────────┼──────────────────────────────────────────────────────────────┤
7 Container Image Scan	Full vulnerability report	2026-10-07T13:50:44.0717528Z │                    │ CVE-2026-54411      │          │ fix_deferred │                              │                          │ linux-pam: Plaintext password recovery via timing            │
7 Container Image Scan	Full vulnerability report	2026-10-07T13:50:44.0718086Z │                    │                     │          │              │                              │                          │ discrepancy in pam_userdb module                             │
7 Container Image Scan	Full vulnerability report	2026-10-07T13:50:44.0718531Z │                    │                     │          │              │                              │                          │ https://avd.aquasec.com/nvd/cve-2026-54411                   │
7 Container Image Scan	Full vulnerability report	2026-10-07T13:50:44.0719154Z ├────────────────────┼─────────────────────┼──────────┼──────────────┤                              ├──────────────────────────┼──────────────────────────────────────────────────────────────┤
7 Container Image Scan	Full vulnerability report	2026-10-07T13:50:44.0719706Z │ libpam0g           │ CVE-2025-6020       │ HIGH     │ fixed        │                              │ 1.4.0-9+deb11u2          │ linux-pam: Linux-pam directory Traversal                     │
7 Container Image Scan	Full vulnerability report	2026-10-07T13:50:44.0720206Z │                    │                     │          │              │                              │                          │ https://avd.aquasec.com/nvd/cve-2025-6020                    │
7 Container Image Scan	Full vulnerability report	2026-10-07T13:50:44.0720734Z │                    ├─────────────────────┼──────────┼──────────────┤                              ├──────────────────────────┼──────────────────────────────────────────────────────────────┤
7 Container Image Scan	Full vulnerability report	2026-10-07T13:50:44.0721258Z │                    │ CVE-2024-10041      │ MEDIUM   │ will_not_fix │                              │                          │ pam: libpam: Libpam vulnerable to read hashed password       │
7 Container Image Scan	Full vulnerability report	2026-10-07T13:50:44.0721758Z │                    │                     │          │              │                              │                          │ https://avd.aquasec.com/nvd/cve-2024-10041                   │
7 Container Image Scan	Full vulnerability report	2026-10-07T13:50:44.0722267Z │                    ├─────────────────────┤          ├──────────────┤                              ├──────────────────────────┼──────────────────────────────────────────────────────────────┤
7 Container Image Scan	Full vulnerability report	2026-10-07T13:50:44.0722786Z │                    │ CVE-2024-22365      │          │ fixed        │                              │ 1.4.0-9+deb11u2          │ pam: allowing unprivileged user to block another user        │
7 Container Image Scan	Full vulnerability report	2026-10-07T13:50:44.0723266Z │                    │                     │          │              │                              │                          │ namespace                                                    │
7 Container Image Scan	Full vulnerability report	2026-10-07T13:50:44.0723826Z │                    │                     │          │              │                              │                          │ https://avd.aquasec.com/nvd/cve-2024-22365                   │
7 Container Image Scan	Full vulnerability report	2026-10-07T13:50:44.0724341Z │                    ├─────────────────────┤          ├──────────────┤                              ├──────────────────────────┼──────────────────────────────────────────────────────────────┤
7 Container Image Scan	Full vulnerability report	2026-10-07T13:50:44.0724859Z │                    │ CVE-2026-54411      │          │ fix_deferred │                              │                          │ linux-pam: Plaintext password recovery via timing            │
7 Container Image Scan	Full vulnerability report	2026-10-07T13:50:44.0725425Z │                    │                     │          │              │                              │                          │ discrepancy in pam_userdb module                             │
7 Container Image Scan	Full vulnerability report	2026-10-07T13:50:44.0725867Z │                    │                     │          │              │                              │                          │ https://avd.aquasec.com/nvd/cve-2026-54411                   │
7 Container Image Scan	Full vulnerability report	2026-10-07T13:50:44.0726451Z ├────────────────────┼─────────────────────┼──────────┼──────────────┼──────────────────────────────┼──────────────────────────┼──────────────────────────────────────────────────────────────┤
7 Container Image Scan	Full vulnerability report	2026-10-07T13:50:44.0727051Z │ libpcre2-8-0       │ CVE-2026-103111     │ HIGH     │ affected     │ 10.36-2+deb11u1              │                          │ pcre2: pcre2: Out-of-bounds write via crafted regular        │
7 Container Image Scan	Full vulnerability report	2026-10-07T13:50:44.0727550Z │                    │                     │          │              │                              │                          │ expression                                                   │
7 Container Image Scan	Full vulnerability report	2026-10-07T13:50:44.0727995Z │                    │                     │          │              │                              │                          │ https://avd.aquasec.com/nvd/cve-2026-103111                  │
7 Container Image Scan	Full vulnerability report	2026-10-07T13:50:44.0728493Z │                    ├─────────────────────┤          │              │                              ├──────────────────────────┼──────────────────────────────────────────────────────────────┤
7 Container Image Scan	Full vulnerability report	2026-10-07T13:50:44.0729057Z │                    │ CVE-2026-86145      │          │              │                              │                          │ pcre2: PCRE2: Out-of-bounds write allows arbitrary code      │
7 Container Image Scan	Full vulnerability report	2026-10-07T13:50:44.0729520Z │                    │                     │          │              │                              │                          │ execution via crafted regular expressions...                 │
7 Container Image Scan	Full vulnerability report	2026-10-07T13:50:44.0729971Z │                    │                     │          │              │                              │                          │ https://avd.aquasec.com/nvd/cve-2026-86145                   │
7 Container Image Scan	Full vulnerability report	2026-10-07T13:50:44.0730466Z │                    ├─────────────────────┤          │              │                              ├──────────────────────────┼──────────────────────────────────────────────────────────────┤
7 Container Image Scan	Full vulnerability report	2026-10-07T13:50:44.0731048Z │                    │ CVE-2026-89157      │          │              │                              │                          │ pcre2: PCRE2: Out-of-bounds write via large pattern input    │
7 Container Image Scan	Full vulnerability report	2026-10-07T13:50:44.0731512Z │                    │                     │          │              │                              │                          │ https://avd.aquasec.com/nvd/cve-2026-89157                   │
7 Container Image Scan	Full vulnerability report	2026-10-07T13:50:44.0732009Z │                    ├─────────────────────┤          │              │                              ├──────────────────────────┼──────────────────────────────────────────────────────────────┤
7 Container Image Scan	Full vulnerability report	2026-10-07T13:50:44.0732580Z │                    │ CVE-2026-89161      │          │              │                              │                          │ pcre2: PCRE2: Memory corruption vulnerability in             │
7 Container Image Scan	Full vulnerability report	2026-10-07T13:50:44.0733031Z │                    │                     │          │              │                              │                          │ pcre2_jit_match                                              │
7 Container Image Scan	Full vulnerability report	2026-10-07T13:50:44.0733474Z │                    │                     │          │              │                              │                          │ https://avd.aquasec.com/nvd/cve-2026-89161                   │
7 Container Image Scan	Full vulnerability report	2026-10-07T13:50:44.0733981Z │                    ├─────────────────────┼──────────┤              │                              ├──────────────────────────┼──────────────────────────────────────────────────────────────┤
7 Container Image Scan	Full vulnerability report	2026-10-07T13:50:44.0734481Z │                    │ CVE-2026-89156      │ MEDIUM   │              │                              │                          │ PCRE2: PCRE2: Out-of-bounds read via invalid UTF data during │
7 Container Image Scan	Full vulnerability report	2026-10-07T13:50:44.0734957Z │                    │                     │          │              │                              │                          │ JIT fallback                                                 │
7 Container Image Scan	Full vulnerability report	2026-10-07T13:50:44.0735386Z │                    │                     │          │              │                              │                          │ https://avd.aquasec.com/nvd/cve-2026-89156                   │
7 Container Image Scan	Full vulnerability report	2026-10-07T13:50:44.0735951Z │                    ├─────────────────────┤          │              │                              ├──────────────────────────┼──────────────────────────────────────────────────────────────┤
7 Container Image Scan	Full vulnerability report	2026-10-07T13:50:44.0736449Z │                    │ CVE-2026-89158      │          │              │                              │                          │ PCRE2: PCRE2: Out-of-bounds write via integer overflow on    │
7 Container Image Scan	Full vulnerability report	2026-10-07T13:50:44.0736913Z │                    │                     │          │              │                              │                          │ 32-bit platforms                                             │
7 Container Image Scan	Full vulnerability report	2026-10-07T13:50:44.0737347Z │                    │                     │          │              │                              │                          │ https://avd.aquasec.com/nvd/cve-2026-89158                   │
7 Container Image Scan	Full vulnerability report	2026-10-07T13:50:44.0737853Z │                    ├─────────────────────┤          │              │                              ├──────────────────────────┼──────────────────────────────────────────────────────────────┤
7 Container Image Scan	Full vulnerability report	2026-10-07T13:50:44.0738341Z │                    │ CVE-2026-89160      │          │              │                              │                          │ pcre2: PCRE2: Denial of Service via out-of-bounds read       │
7 Container Image Scan	Full vulnerability report	2026-10-07T13:50:44.0738867Z │                    │                     │          │              │                              │                          │ during invalid UTF matching...                               │
7 Container Image Scan	Full vulnerability report	2026-10-07T13:50:44.0739399Z │                    │                     │          │              │                              │                          │ https://avd.aquasec.com/nvd/cve-2026-89160                   │
7 Container Image Scan	Full vulnerability report	2026-10-07T13:50:44.0739907Z │                    ├─────────────────────┼──────────┤              │                              ├──────────────────────────┼──────────────────────────────────────────────────────────────┤
7 Container Image Scan	Full vulnerability report	2026-10-07T13:50:44.0740420Z │                    │ CVE-2022-41409      │ LOW      │              │                              │                          │ pcre2: negative repeat value in a pcre2test subject line     │
7 Container Image Scan	Full vulnerability report	2026-10-07T13:50:44.0740883Z │                    │                     │          │              │                              │                          │ leads to inifinite...                                        │
7 Container Image Scan	Full vulnerability report	2026-10-07T13:50:44.0741323Z │                    │                     │          │              │                              │                          │ https://avd.aquasec.com/nvd/cve-2022-41409                   │
7 Container Image Scan	Full vulnerability report	2026-10-07T13:50:44.0741833Z │                    ├─────────────────────┤          │              │                              ├──────────────────────────┼──────────────────────────────────────────────────────────────┤
7 Container Image Scan	Full vulnerability report	2026-10-07T13:50:44.0742406Z │                    │ CVE-2026-89162      │          │              │                              │                          │ pcre2: PCRE2: Information disclosure via                     │
7 Container Image Scan	Full vulnerability report	2026-10-07T13:50:44.0742864Z │                    │                     │          │              │                              │                          │ pcre2_serialize_encode                                       │
7 Container Image Scan	Full vulnerability report	2026-10-07T13:50:44.0743307Z │                    │                     │          │              │                              │                          │ https://avd.aquasec.com/nvd/cve-2026-89162                   │
7 Container Image Scan	Full vulnerability report	2026-10-07T13:50:44.0743861Z ├────────────────────┼─────────────────────┤          │              ├──────────────────────────────┼──────────────────────────┼──────────────────────────────────────────────────────────────┤
7 Container Image Scan	Full vulnerability report	2026-10-07T13:50:44.0744406Z │ libpcre3           │ CVE-2017-11164      │          │              │ 2:8.39-13                    │                          │ pcre: OP_KETRMAX feature in the match function in            │
7 Container Image Scan	Full vulnerability report	2026-10-07T13:50:44.0744884Z │                    │                     │          │              │                              │                          │ pcre_exec.c                                                  │
7 Container Image Scan	Full vulnerability report	2026-10-07T13:50:44.0745319Z │                    │                     │          │              │                              │                          │ https://avd.aquasec.com/nvd/cve-2017-11164                   │
7 Container Image Scan	Full vulnerability report	2026-10-07T13:50:44.0745814Z │                    ├─────────────────────┤          │              │                              ├──────────────────────────┼──────────────────────────────────────────────────────────────┤
7 Container Image Scan	Full vulnerability report	2026-10-07T13:50:44.0746452Z │                    │ CVE-2017-16231      │          │              │                              │                          │ pcre: self-recursive call in match() in pcre_exec.c leads to │
7 Container Image Scan	Full vulnerability report	2026-10-07T13:50:44.0746909Z │                    │                     │          │              │                              │                          │ denial of service...                                         │
7 Container Image Scan	Full vulnerability report	2026-10-07T13:50:44.0747355Z │                    │                     │          │              │                              │                          │ https://avd.aquasec.com/nvd/cve-2017-16231                   │
7 Container Image Scan	Full vulnerability report	2026-10-07T13:50:44.0747854Z │                    ├─────────────────────┤          │              │                              ├──────────────────────────┼──────────────────────────────────────────────────────────────┤
7 Container Image Scan	Full vulnerability report	2026-10-07T13:50:44.0748345Z │                    │ CVE-2017-7245       │          │              │                              │                          │ pcre: stack-based buffer overflow write in                   │
7 Container Image Scan	Full vulnerability report	2026-10-07T13:50:44.0748881Z │                    │                     │          │              │                              │                          │ pcre32_copy_substring                                        │
7 Container Image Scan	Full vulnerability report	2026-10-07T13:50:44.0749421Z │                    │                     │          │              │                              │                          │ https://avd.aquasec.com/nvd/cve-2017-7245                    │
7 Container Image Scan	Full vulnerability report	2026-10-07T13:50:44.0749915Z │                    ├─────────────────────┤          │              │                              ├──────────────────────────┼──────────────────────────────────────────────────────────────┤
7 Container Image Scan	Full vulnerability report	2026-10-07T13:50:44.0750400Z │                    │ CVE-2017-7246       │          │              │                              │                          │ pcre: stack-based buffer overflow write in                   │
7 Container Image Scan	Full vulnerability report	2026-10-07T13:50:44.0750867Z │                    │                     │          │              │                              │                          │ pcre32_copy_substring                                        │
7 Container Image Scan	Full vulnerability report	2026-10-07T13:50:44.0751303Z │                    │                     │          │              │                              │                          │ https://avd.aquasec.com/nvd/cve-2017-7246                    │
7 Container Image Scan	Full vulnerability report	2026-10-07T13:50:44.0751808Z │                    ├─────────────────────┤          │              │                              ├──────────────────────────┼──────────────────────────────────────────────────────────────┤
7 Container Image Scan	Full vulnerability report	2026-10-07T13:50:44.0752297Z │                    │ CVE-2019-20838      │          │              │                              │                          │ pcre: Buffer over-read in JIT when UTF is disabled and \X    │
7 Container Image Scan	Full vulnerability report	2026-10-07T13:50:44.0752742Z │                    │                     │          │              │                              │                          │ or...                                                        │
7 Container Image Scan	Full vulnerability report	2026-10-07T13:50:44.0753257Z │                    │                     │          │              │                              │                          │ https://avd.aquasec.com/nvd/cve-2019-20838                   │
7 Container Image Scan	Full vulnerability report	2026-10-07T13:50:44.0753814Z ├────────────────────┼─────────────────────┼──────────┤              ├──────────────────────────────┼──────────────────────────┼──────────────────────────────────────────────────────────────┤
7 Container Image Scan	Full vulnerability report	2026-10-07T13:50:44.0754402Z │ libsmartcols1      │ CVE-2026-53613      │ HIGH     │              │ 2.36.1-8+deb11u2             │                          │ util-linux: util-linux: TOCTOU in the mount program via      │
7 Container Image Scan	Full vulnerability report	2026-10-07T13:50:44.0754904Z │                    │                     │          │              │                              │                          │ ancestor directory swap on...                                │
7 Container Image Scan	Full vulnerability report	2026-10-07T13:50:44.0755354Z │                    │                     │          │              │                              │                          │ https://avd.aquasec.com/nvd/cve-2026-53613                   │
7 Container Image Scan	Full vulnerability report	2026-10-07T13:50:44.0755850Z │                    ├─────────────────────┤          │              │                              ├──────────────────────────┼──────────────────────────────────────────────────────────────┤
7 Container Image Scan	Full vulnerability report	2026-10-07T13:50:44.0756411Z │                    │ CVE-2026-76642      │          │              │                              │                          │ util-linux: util-linux: failed external mount helper still   │
7 Container Image Scan	Full vulnerability report	2026-10-07T13:50:44.0756874Z │                    │                     │          │              │                              │                          │ runs privileged X-mount post-hooks                           │
7 Container Image Scan	Full vulnerability report	2026-10-07T13:50:44.0757322Z │                    │                     │          │              │                              │                          │ https://avd.aquasec.com/nvd/cve-2026-76642                   │
7 Container Image Scan	Full vulnerability report	2026-10-07T13:50:44.0757831Z │                    ├─────────────────────┤          │              │                              ├──────────────────────────┼──────────────────────────────────────────────────────────────┤
7 Container Image Scan	Full vulnerability report	2026-10-07T13:50:44.0758317Z │                    │ CVE-2026-78408      │          │              │                              │                          │ util-linux: util-linux: nsenter --join-cgroup leaks root     │
7 Container Image Scan	Full vulnerability report	2026-10-07T13:50:44.0758858Z │                    │                     │          │              │                              │                          │ cgroup migration authority                                   │
7 Container Image Scan	Full vulnerability report	2026-10-07T13:50:44.0759302Z │                    │                     │          │              │                              │                          │ https://avd.aquasec.com/nvd/cve-2026-78408                   │
7 Container Image Scan	Full vulnerability report	2026-10-07T13:50:44.0759797Z │                    ├─────────────────────┤          │              │                              ├──────────────────────────┼──────────────────────────────────────────────────────────────┤
7 Container Image Scan	Full vulnerability report	2026-10-07T13:50:44.0760381Z │                    │ CVE-2026-78409      │          │              │                              │                          │ util-linux: util-linux: X-mount.subdir detached-tree         │
7 Container Image Scan	Full vulnerability report	2026-10-07T13:50:44.0760853Z │                    │                     │          │              │                              │                          │ resolution can escape via intermediate symlinks              │
7 Container Image Scan	Full vulnerability report	2026-10-07T13:50:44.0761305Z │                    │                     │          │              │                              │                          │ https://avd.aquasec.com/nvd/cve-2026-78409                   │
7 Container Image Scan	Full vulnerability report	2026-10-07T13:50:44.0761803Z │                    ├─────────────────────┤          │              │                              ├──────────────────────────┼──────────────────────────────────────────────────────────────┤
7 Container Image Scan	Full vulnerability report	2026-10-07T13:50:44.0762295Z │                    │ CVE-2026-78410      │          │              │                              │                          │ util-linux: util-linux: restricted bind mounts do not pin    │
7 Container Image Scan	Full vulnerability report	2026-10-07T13:50:44.0762757Z │                    │                     │          │              │                              │                          │ the source, allowing X-mount.owner/group/mode...             │
7 Container Image Scan	Full vulnerability report	2026-10-07T13:50:44.0763291Z │                    │                     │          │              │                              │                          │ https://avd.aquasec.com/nvd/cve-2026-78410                   │
7 Container Image Scan	Full vulnerability report	2026-10-07T13:50:44.0763796Z │                    ├─────────────────────┼──────────┤              │                              ├──────────────────────────┼──────────────────────────────────────────────────────────────┤
7 Container Image Scan	Full vulnerability report	2026-10-07T13:50:44.0764299Z │                    │ CVE-2026-13595      │ MEDIUM   │              │                              │                          │ util-linux: util-linux: heap use-after-free in libblkid      │
7 Container Image Scan	Full vulnerability report	2026-10-07T13:50:44.0764781Z │                    │                     │          │              │                              │                          │ nested partition probing                                     │
7 Container Image Scan	Full vulnerability report	2026-10-07T13:50:44.0765220Z │                    │                     │          │              │                              │                          │ https://avd.aquasec.com/nvd/cve-2026-13595                   │
7 Container Image Scan	Full vulnerability report	2026-10-07T13:50:44.0765745Z │                    ├─────────────────────┤          ├──────────────┤                              ├──────────────────────────┼──────────────────────────────────────────────────────────────┤
7 Container Image Scan	Full vulnerability report	2026-10-07T13:50:44.0766261Z │                    │ CVE-2026-27456      │          │ fix_deferred │                              │                          │ util-linux: TOCTOU in the mount program when setting up loop │
7 Container Image Scan	Full vulnerability report	2026-10-07T13:50:44.0766723Z │                    │                     │          │              │                              │                          │ devices                                                      │
7 Container Image Scan	Full vulnerability report	2026-10-07T13:50:44.0767225Z │                    │                     │          │              │                              │                          │ https://avd.aquasec.com/nvd/cve-2026-27456                   │
7 Container Image Scan	Full vulnerability report	2026-10-07T13:50:44.0767747Z │                    ├─────────────────────┤          ├──────────────┤                              ├──────────────────────────┼──────────────────────────────────────────────────────────────┤
7 Container Image Scan	Full vulnerability report	2026-10-07T13:50:44.0768263Z │                    │ CVE-2026-3184       │          │ will_not_fix │                              │                          │ util-linux: util-linux: Access control bypass due to         │
7 Container Image Scan	Full vulnerability report	2026-10-07T13:50:44.0768811Z │                    │                     │          │              │                              │                          │ improper hostname canonicalization                           │
7 Container Image Scan	Full vulnerability report	2026-10-07T13:50:44.0769267Z │                    │                     │          │              │                              │                          │ https://avd.aquasec.com/nvd/cve-2026-3184                    │
7 Container Image Scan	Full vulnerability report	2026-10-07T13:50:44.0769780Z │                    ├─────────────────────┤          ├──────────────┤                              ├──────────────────────────┼──────────────────────────────────────────────────────────────┤
7 Container Image Scan	Full vulnerability report	2026-10-07T13:50:44.0770375Z │                    │ CVE-2026-53615      │          │ affected     │                              │                          │ [Integer Overflow or Wraparound in                           │
7 Container Image Scan	Full vulnerability report	2026-10-07T13:50:44.0770850Z │                    │                     │          │              │                              │                          │ libblkid/src/partitions/dos.c]                               │
7 Container Image Scan	Full vulnerability report	2026-10-07T13:50:44.0771296Z │                    │                     │          │              │                              │                          │ https://avd.aquasec.com/nvd/cve-2026-53615                   │
7 Container Image Scan	Full vulnerability report	2026-10-07T13:50:44.0771816Z │                    ├─────────────────────┼──────────┤              │                              ├──────────────────────────┼──────────────────────────────────────────────────────────────┤
7 Container Image Scan	Full vulnerability report	2026-10-07T13:50:44.0772318Z │                    │ CVE-2022-0563       │ LOW      │              │                              │                          │ util-linux: partial disclosure of arbitrary files in chfn    │
7 Container Image Scan	Full vulnerability report	2026-10-07T13:50:44.0772794Z │                    │                     │          │              │                              │                          │ and chsh when compiled...                                    │
7 Container Image Scan	Full vulnerability report	2026-10-07T13:50:44.0773236Z │                    │                     │          │              │                              │                          │ https://avd.aquasec.com/nvd/cve-2022-0563                    │
7 Container Image Scan	Full vulnerability report	2026-10-07T13:50:44.0773732Z │                    ├─────────────────────┤          │              │                              ├──────────────────────────┼──────────────────────────────────────────────────────────────┤
7 Container Image Scan	Full vulnerability report	2026-10-07T13:50:44.0774409Z │                    │ CVE-2025-14104      │          │              │                              │                          │ util-linux: util-linux: Heap buffer overread in setpwnam()   │
7 Container Image Scan	Full vulnerability report	2026-10-07T13:50:44.0774885Z │                    │                     │          │              │                              │                          │ when processing 256-byte usernames                           │
7 Container Image Scan	Full vulnerability report	2026-10-07T13:50:44.0775329Z │                    │                     │          │              │                              │                          │ https://avd.aquasec.com/nvd/cve-2025-14104                   │
7 Container Image Scan	Full vulnerability report	2026-10-07T13:50:44.0775900Z ├────────────────────┼─────────────────────┼──────────┼──────────────┼──────────────────────────────┼──────────────────────────┼──────────────────────────────────────────────────────────────┤
7 Container Image Scan	Full vulnerability report	2026-10-07T13:50:44.0776515Z │ libsqlite3-0       │ CVE-2025-6965       │ HIGH     │ fix_deferred │ 3.34.1-3+deb11u1             │                          │ sqlite: Integer Truncation in SQLite                         │
7 Container Image Scan	Full vulnerability report	2026-10-07T13:50:44.0777033Z │                    │                     │          │              │                              │                          │ https://avd.aquasec.com/nvd/cve-2025-6965                    │
7 Container Image Scan	Full vulnerability report	2026-10-07T13:50:44.0777596Z │                    ├─────────────────────┤          │              │                              ├──────────────────────────┼──────────────────────────────────────────────────────────────┤
7 Container Image Scan	Full vulnerability report	2026-10-07T13:50:44.0778090Z │                    │ CVE-2026-11822      │          │              │                              │                          │ sqlite: SQLite: Arbitrary code execution via crafted FTS5    │
7 Container Image Scan	Full vulnerability report	2026-10-07T13:50:44.0778551Z │                    │                     │          │              │                              │                          │ full-text search data                                        │
7 Container Image Scan	Full vulnerability report	2026-10-07T13:50:44.0779069Z │                    │                     │          │              │                              │                          │ https://avd.aquasec.com/nvd/cve-2026-11822                   │
7 Container Image Scan	Full vulnerability report	2026-10-07T13:50:44.0779567Z │                    ├─────────────────────┤          │              │                              ├──────────────────────────┼──────────────────────────────────────────────────────────────┤
7 Container Image Scan	Full vulnerability report	2026-10-07T13:50:44.0780058Z │                    │ CVE-2026-11824      │          │              │                              │                          │ sqlite: SQLite: Arbitrary code execution and crash via       │
7 Container Image Scan	Full vulnerability report	2026-10-07T13:50:44.0780518Z │                    │                     │          │              │                              │                          │ heap-based buffer overflow in...                             │
7 Container Image Scan	Full vulnerability report	2026-10-07T13:50:44.0781058Z │                    │                     │          │              │                              │                          │ https://avd.aquasec.com/nvd/cve-2026-11824                   │
7 Container Image Scan	Full vulnerability report	2026-10-07T13:50:44.0781569Z │                    ├─────────────────────┼──────────┤              │                              ├──────────────────────────┼──────────────────────────────────────────────────────────────┤
7 Container Image Scan	Full vulnerability report	2026-10-07T13:50:44.0782086Z │                    │ CVE-2026-50812      │ MEDIUM   │              │                              │                          │ sqlite: SQLite: Denial of Service via malformed changeset in │
7 Container Image Scan	Full vulnerability report	2026-10-07T13:50:44.0782552Z │                    │                     │          │              │                              │                          │ Session Extension                                            │
7 Container Image Scan	Full vulnerability report	2026-10-07T13:50:44.0782990Z │                    │                     │          │              │                              │                          │ https://avd.aquasec.com/nvd/cve-2026-50812                   │
7 Container Image Scan	Full vulnerability report	2026-10-07T13:50:44.0783495Z │                    ├─────────────────────┤          │              │                              ├──────────────────────────┼──────────────────────────────────────────────────────────────┤
7 Container Image Scan	Full vulnerability report	2026-10-07T13:50:44.0783981Z │                    │ CVE-2026-50813      │          │              │                              │                          │ sqlite: SQLite: Information disclosure via Session Extension │
7 Container Image Scan	Full vulnerability report	2026-10-07T13:50:44.0784541Z │                    │                     │          │              │                              │                          │ changeset merge path                                         │
7 Container Image Scan	Full vulnerability report	2026-10-07T13:50:44.0784984Z │                    │                     │          │              │                              │                          │ https://avd.aquasec.com/nvd/cve-2026-50813                   │
7 Container Image Scan	Full vulnerability report	2026-10-07T13:50:44.0785510Z │                    ├─────────────────────┼──────────┼──────────────┤                              ├──────────────────────────┼──────────────────────────────────────────────────────────────┤
7 Container Image Scan	Full vulnerability report	2026-10-07T13:50:44.0786039Z │                    │ CVE-2021-45346      │ LOW      │ affected     │                              │                          │ sqlite: crafted SQL query allows a malicious user to obtain  │
7 Container Image Scan	Full vulnerability report	2026-10-07T13:50:44.0786533Z │                    │                     │          │              │                              │                          │ sensitive information...                                     │
7 Container Image Scan	Full vulnerability report	2026-10-07T13:50:44.0786979Z │                    │                     │          │              │                              │                          │ https://avd.aquasec.com/nvd/cve-2021-45346                   │
7 Container Image Scan	Full vulnerability report	2026-10-07T13:50:44.0787483Z │                    ├─────────────────────┤          │              │                              ├──────────────────────────┼──────────────────────────────────────────────────────────────┤
7 Container Image Scan	Full vulnerability report	2026-10-07T13:50:44.0788043Z │                    │ CVE-2022-35737      │          │              │                              │                          │ sqlite: an array-bounds overflow if billions of bytes are    │
7 Container Image Scan	Full vulnerability report	2026-10-07T13:50:44.0788493Z │                    │                     │          │              │                              │                          │ used in a...                                                 │
7 Container Image Scan	Full vulnerability report	2026-10-07T13:50:44.0788998Z │                    │                     │          │              │                              │                          │ https://avd.aquasec.com/nvd/cve-2022-35737                   │
7 Container Image Scan	Full vulnerability report	2026-10-07T13:50:44.0789497Z │                    ├─────────────────────┤          │              │                              ├──────────────────────────┼──────────────────────────────────────────────────────────────┤
7 Container Image Scan	Full vulnerability report	2026-10-07T13:50:44.0789979Z │                    │ CVE-2025-29088      │          │              │                              │                          │ sqlite: Denial of Service in SQLite                          │
7 Container Image Scan	Full vulnerability report	2026-10-07T13:50:44.0790448Z │                    │                     │          │              │                              │                          │ https://avd.aquasec.com/nvd/cve-2025-29088                   │
7 Container Image Scan	Full vulnerability report	2026-10-07T13:50:44.0790950Z │                    ├─────────────────────┤          │              │                              ├──────────────────────────┼──────────────────────────────────────────────────────────────┤
7 Container Image Scan	Full vulnerability report	2026-10-07T13:50:44.0791532Z │                    │ CVE-2025-70873      │          │              │                              │                          │ sqlite: SQLite: Information Disclosure via Crafted ZIP File  │
7 Container Image Scan	Full vulnerability report	2026-10-07T13:50:44.0791999Z │                    │                     │          │              │                              │                          │ https://avd.aquasec.com/nvd/cve-2025-70873                   │
7 Container Image Scan	Full vulnerability report	2026-10-07T13:50:44.0792578Z ├────────────────────┼─────────────────────┼──────────┼──────────────┼──────────────────────────────┼──────────────────────────┼──────────────────────────────────────────────────────────────┤
7 Container Image Scan	Full vulnerability report	2026-10-07T13:50:44.0793199Z │ libssl1.1          │ CVE-2025-69421      │ HIGH     │ fixed        │ 1.1.1w-0+deb11u3             │ 1.1.1w-0+deb11u5         │ openssl: OpenSSL: Denial of Service via malformed PKCS#12    │
7 Container Image Scan	Full vulnerability report	2026-10-07T13:50:44.0793726Z │                    │                     │          │              │                              │                          │ file processing                                              │
7 Container Image Scan	Full vulnerability report	2026-10-07T13:50:44.0794165Z │                    │                     │          │              │                              │                          │ https://avd.aquasec.com/nvd/cve-2025-69421                   │
7 Container Image Scan	Full vulnerability report	2026-10-07T13:50:44.0794664Z │                    ├─────────────────────┤          │              │                              ├──────────────────────────┼──────────────────────────────────────────────────────────────┤
7 Container Image Scan	Full vulnerability report	2026-10-07T13:50:44.0795269Z │                    │ CVE-2026-28387      │          │              │                              │ 1.1.1w-0+deb11u7         │ openssl: OpenSSL: Arbitrary code execution due to            │
7 Container Image Scan	Full vulnerability report	2026-10-07T13:50:44.0795755Z │                    │                     │          │              │                              │                          │ use-after-free in DANE TLSA authentication...                │
7 Container Image Scan	Full vulnerability report	2026-10-07T13:50:44.0796217Z │                    │                     │          │              │                              │                          │ https://avd.aquasec.com/nvd/cve-2026-28387                   │
7 Container Image Scan	Full vulnerability report	2026-10-07T13:50:44.0796701Z │                    ├─────────────────────┤          │              │                              │                          ├──────────────────────────────────────────────────────────────┤
7 Container Image Scan	Full vulnerability report	2026-10-07T13:50:44.0797178Z │                    │ CVE-2026-28388      │          │              │                              │                          │ openssl: OpenSSL: Denial of Service due to NULL pointer      │
7 Container Image Scan	Full vulnerability report	2026-10-07T13:50:44.0797649Z │                    │                     │          │              │                              │                          │ dereference in delta...                                      │
7 Container Image Scan	Full vulnerability report	2026-10-07T13:50:44.0798094Z │                    │                     │          │              │                              │                          │ https://avd.aquasec.com/nvd/cve-2026-28388                   │
7 Container Image Scan	Full vulnerability report	2026-10-07T13:50:44.0798706Z │                    ├─────────────────────┤          │              │                              │                          ├──────────────────────────────────────────────────────────────┤
7 Container Image Scan	Full vulnerability report	2026-10-07T13:50:44.0799180Z │                    │ CVE-2026-28389      │          │              │                              │                          │ openssl: OpenSSL: Denial of Service vulnerability in CMS     │
7 Container Image Scan	Full vulnerability report	2026-10-07T13:50:44.0799646Z │                    │                     │          │              │                              │                          │ processing                                                   │
7 Container Image Scan	Full vulnerability report	2026-10-07T13:50:44.0800090Z │                    │                     │          │              │                              │                          │ https://avd.aquasec.com/nvd/cve-2026-28389                   │
7 Container Image Scan	Full vulnerability report	2026-10-07T13:50:44.0800576Z │                    ├─────────────────────┤          │              │                              │                          ├──────────────────────────────────────────────────────────────┤
7 Container Image Scan	Full vulnerability report	2026-10-07T13:50:44.0801052Z │                    │ CVE-2026-28390      │          │              │                              │                          │ openssl: OpenSSL: Denial of Service due to NULL pointer      │
7 Container Image Scan	Full vulnerability report	2026-10-07T13:50:44.0801509Z │                    │                     │          │              │                              │                          │ dereference in CMS...                                        │
7 Container Image Scan	Full vulnerability report	2026-10-07T13:50:44.0802043Z │                    │                     │          │              │                              │                          │ https://avd.aquasec.com/nvd/cve-2026-28390                   │
7 Container Image Scan	Full vulnerability report	2026-10-07T13:50:44.0802542Z │                    ├─────────────────────┤          │              │                              ├──────────────────────────┼──────────────────────────────────────────────────────────────┤
7 Container Image Scan	Full vulnerability report	2026-10-07T13:50:44.0803060Z │                    │ CVE-2026-45447      │          │              │                              │ 1.1.1w-0+deb11u8         │ openssl: Heap Use-After-Free in OpenSSL PKCS7_verify()       │
7 Container Image Scan	Full vulnerability report	2026-10-07T13:50:44.0803544Z │                    │                     │          │              │                              │                          │ https://avd.aquasec.com/nvd/cve-2026-45447                   │
7 Container Image Scan	Full vulnerability report	2026-10-07T13:50:44.0804057Z │                    ├─────────────────────┤          ├──────────────┤                              ├──────────────────────────┼──────────────────────────────────────────────────────────────┤
7 Container Image Scan	Full vulnerability report	2026-10-07T13:50:44.0804572Z │                    │ CVE-2026-75804      │          │ affected     │                              │                          │ openssl: OpenSSL: Denial of Service via unenforced QUIC      │
7 Container Image Scan	Full vulnerability report	2026-10-07T13:50:44.0805045Z │                    │                     │          │              │                              │                          │ connection flow control                                      │
7 Container Image Scan	Full vulnerability report	2026-10-07T13:50:44.0805578Z │                    │                     │          │              │                              │                          │ https://avd.aquasec.com/nvd/cve-2026-75804                   │
7 Container Image Scan	Full vulnerability report	2026-10-07T13:50:44.0806075Z │                    ├─────────────────────┤          │              │                              ├──────────────────────────┼──────────────────────────────────────────────────────────────┤
7 Container Image Scan	Full vulnerability report	2026-10-07T13:50:44.0806579Z │                    │ CVE-2026-84782      │          │              │                              │                          │ openssl: compat-openssl: openssl: Information disclosure via │
7 Container Image Scan	Full vulnerability report	2026-10-07T13:50:44.0807051Z │                    │                     │          │              │                              │                          │ DTLS handshake retransmission                                │
7 Container Image Scan	Full vulnerability report	2026-10-07T13:50:44.0807506Z │                    │                     │          │              │                              │                          │ https://avd.aquasec.com/nvd/cve-2026-84782                   │
7 Container Image Scan	Full vulnerability report	2026-10-07T13:50:44.0808034Z │                    ├─────────────────────┼──────────┼──────────────┤                              ├──────────────────────────┼──────────────────────────────────────────────────────────────┤
7 Container Image Scan	Full vulnerability report	2026-10-07T13:50:44.0808578Z │                    │ CVE-2025-69419      │ MEDIUM   │ fixed        │                              │ 1.1.1w-0+deb11u5         │ openssl: OpenSSL: Arbitrary code execution due to            │
7 Container Image Scan	Full vulnerability report	2026-10-07T13:50:44.0809232Z │                    │                     │          │              │                              │                          │ out-of-bounds write in PKCS#12 processing...                 │
7 Container Image Scan	Full vulnerability report	2026-10-07T13:50:44.0809689Z │                    │                     │          │              │                              │                          │ https://avd.aquasec.com/nvd/cve-2025-69419                   │
7 Container Image Scan	Full vulnerability report	2026-10-07T13:50:44.0810196Z │                    ├─────────────────────┤          │              │                              ├──────────────────────────┼──────────────────────────────────────────────────────────────┤
7 Container Image Scan	Full vulnerability report	2026-10-07T13:50:44.0810704Z │                    │ CVE-2025-9230       │          │              │                              │ 1.1.1w-0+deb11u4         │ openssl: Out-of-bounds read & write in RFC 3211 KEK Unwrap   │
7 Container Image Scan	Full vulnerability report	2026-10-07T13:50:44.0811191Z │                    │                     │          │              │                              │                          │ https://avd.aquasec.com/nvd/cve-2025-9230                    │
7 Container Image Scan	Full vulnerability report	2026-10-07T13:50:44.0811731Z │                    ├─────────────────────┤          ├──────────────┤                              ├──────────────────────────┼──────────────────────────────────────────────────────────────┤
7 Container Image Scan	Full vulnerability report	2026-10-07T13:50:44.0812338Z │                    │ CVE-2026-42772      │          │ affected     │                              │                          │ openssl: openssl: Denial of Service via inefficient QUIC     │
7 Container Image Scan	Full vulnerability report	2026-10-07T13:50:44.0812814Z │                    │                     │          │              │                              │                          │ stream reassembly                                            │
7 Container Image Scan	Full vulnerability report	2026-10-07T13:50:44.0813256Z │                    │                     │          │              │                              │                          │ https://avd.aquasec.com/nvd/cve-2026-42772                   │
7 Container Image Scan	Full vulnerability report	2026-10-07T13:50:44.0813767Z │                    ├─────────────────────┤          │              │                              ├──────────────────────────┼──────────────────────────────────────────────────────────────┤
7 Container Image Scan	Full vulnerability report	2026-10-07T13:50:44.0814259Z │                    │ CVE-2026-54872      │          │              │                              │                          │ openssl: OpenSSL: Private key recovery via timing            │
7 Container Image Scan	Full vulnerability report	2026-10-07T13:50:44.0814736Z │                    │                     │          │              │                              │                          │ side-channel in generic elliptic curve...                    │
7 Container Image Scan	Full vulnerability report	2026-10-07T13:50:44.0815195Z │                    │                     │          │              │                              │                          │ https://avd.aquasec.com/nvd/cve-2026-54872                   │
7 Container Image Scan	Full vulnerability report	2026-10-07T13:50:44.0815696Z │                    ├─────────────────────┤          │              │                              ├──────────────────────────┼──────────────────────────────────────────────────────────────┤
7 Container Image Scan	Full vulnerability report	2026-10-07T13:50:44.0816263Z │                    │ CVE-2026-54873      │          │              │                              │                          │ openssl: openssl: Denial of Service via excessive QUIC       │
7 Container Image Scan	Full vulnerability report	2026-10-07T13:50:44.0816732Z │                    │                     │          │              │                              │                          │ packet buffer retention                                      │
7 Container Image Scan	Full vulnerability report	2026-10-07T13:50:44.0817184Z │                    │                     │          │              │                              │                          │ https://avd.aquasec.com/nvd/cve-2026-54873                   │
7 Container Image Scan	Full vulnerability report	2026-10-07T13:50:44.0817687Z │                    ├─────────────────────┤          │              │                              ├──────────────────────────┼──────────────────────────────────────────────────────────────┤
7 Container Image Scan	Full vulnerability report	2026-10-07T13:50:44.0818179Z │                    │ CVE-2026-54875      │          │              │                              │                          │ openssl: openssl: information disclosure via                 │
7 Container Image Scan	Full vulnerability report	2026-10-07T13:50:44.0818732Z │                    │                     │          │              │                              │                          │ non-constant-time SM2 scalar multiplication on ARM64 and...  │
7 Container Image Scan	Full vulnerability report	2026-10-07T13:50:44.0819275Z │                    │                     │          │              │                              │                          │ https://avd.aquasec.com/nvd/cve-2026-54875                   │
7 Container Image Scan	Full vulnerability report	2026-10-07T13:50:44.0819776Z │                    ├─────────────────────┤          │              │                              ├──────────────────────────┼──────────────────────────────────────────────────────────────┤
7 Container Image Scan	Full vulnerability report	2026-10-07T13:50:44.0820271Z │                    │ CVE-2026-63072      │          │              │                              │                          │ openssl: heap buffer overflow in CMS key unwrapping          │
7 Container Image Scan	Full vulnerability report	2026-10-07T13:50:44.0820742Z │                    │                     │          │              │                              │                          │ https://avd.aquasec.com/nvd/cve-2026-63072                   │
7 Container Image Scan	Full vulnerability report	2026-10-07T13:50:44.0821244Z │                    ├─────────────────────┤          │              │                              ├──────────────────────────┼──────────────────────────────────────────────────────────────┤
7 Container Image Scan	Full vulnerability report	2026-10-07T13:50:44.0821744Z │                    │ CVE-2026-63076      │          │              │                              │                          │ openssl: invalid pointer dereference in CMP server via       │
7 Container Image Scan	Full vulnerability report	2026-10-07T13:50:44.0822212Z │                    │                     │          │              │                              │                          │ crafted protectionAlg                                        │
7 Container Image Scan	Full vulnerability report	2026-10-07T13:50:44.0822655Z │                    │                     │          │              │                              │                          │ https://avd.aquasec.com/nvd/cve-2026-63076                   │
7 Container Image Scan	Full vulnerability report	2026-10-07T13:50:44.0823241Z │                    ├─────────────────────┤          │              │                              ├──────────────────────────┼──────────────────────────────────────────────────────────────┤
7 Container Image Scan	Full vulnerability report	2026-10-07T13:50:44.0823731Z │                    │ CVE-2026-72897      │          │              │                              │                          │ openssl: openssl: Denial of Service via out-of-bounds write  │
7 Container Image Scan	Full vulnerability report	2026-10-07T13:50:44.0824203Z │                    │                     │          │              │                              │                          │ during TLS context switch...                                 │
7 Container Image Scan	Full vulnerability report	2026-10-07T13:50:44.0824648Z │                    │                     │          │              │                              │                          │ https://avd.aquasec.com/nvd/cve-2026-72897                   │
7 Container Image Scan	Full vulnerability report	2026-10-07T13:50:44.0825156Z │                    ├─────────────────────┤          │              │                              ├──────────────────────────┼──────────────────────────────────────────────────────────────┤
7 Container Image Scan	Full vulnerability report	2026-10-07T13:50:44.0825647Z │                    │ CVE-2026-75805      │          │              │                              │                          │ openssl: openssl: Denial of Service via crafted CMP          │
7 Container Image Scan	Full vulnerability report	2026-10-07T13:50:44.0826177Z │                    │                     │          │              │                              │                          │ certificate revocation response                              │
7 Container Image Scan	Full vulnerability report	2026-10-07T13:50:44.0826627Z │                    │                     │          │              │                              │                          │ https://avd.aquasec.com/nvd/cve-2026-75805                   │
7 Container Image Scan	Full vulnerability report	2026-10-07T13:50:44.0827128Z │                    ├─────────────────────┤          │              │                              ├──────────────────────────┼──────────────────────────────────────────────────────────────┤
7 Container Image Scan	Full vulnerability report	2026-10-07T13:50:44.0827621Z │                    │ CVE-2026-75806      │          │              │                              │                          │ openssl: OpenSSL: Denial of Service via undersized DTLS      │
7 Container Image Scan	Full vulnerability report	2026-10-07T13:50:44.0828069Z │                    │                     │          │              │                              │                          │ record                                                       │
7 Container Image Scan	Full vulnerability report	2026-10-07T13:50:44.0828504Z │                    │                     │          │              │                              │                          │ https://avd.aquasec.com/nvd/cve-2026-75806                   │
7 Container Image Scan	Full vulnerability report	2026-10-07T13:50:44.0829066Z │                    ├─────────────────────┤          │              │                              ├──────────────────────────┼──────────────────────────────────────────────────────────────┤
7 Container Image Scan	Full vulnerability report	2026-10-07T13:50:44.0829555Z │                    │ CVE-2026-77696      │          │              │                              │                          │ openssl: OpenSSL: Private key recovery via SM2 timing        │
7 Container Image Scan	Full vulnerability report	2026-10-07T13:50:44.0830140Z │                    │                     │          │              │                              │                          │ side-channel                                                 │
7 Container Image Scan	Full vulnerability report	2026-10-07T13:50:44.0830582Z │                    │                     │          │              │                              │                          │ https://avd.aquasec.com/nvd/cve-2026-77696                   │
7 Container Image Scan	Full vulnerability report	2026-10-07T13:50:44.0831095Z │                    ├─────────────────────┤          │              │                              ├──────────────────────────┼──────────────────────────────────────────────────────────────┤
7 Container Image Scan	Full vulnerability report	2026-10-07T13:50:44.0831588Z │                    │ CVE-2026-84784      │          │              │                              │                          │ openssl: OpenSSL: Denial of Service via unbounded QUIC       │
7 Container Image Scan	Full vulnerability report	2026-10-07T13:50:44.0832060Z │                    │                     │          │              │                              │                          │ connection identifier backlog                                │
7 Container Image Scan	Full vulnerability report	2026-10-07T13:50:44.0832513Z │                    │                     │          │              │                              │                          │ https://avd.aquasec.com/nvd/cve-2026-84784                   │
7 Container Image Scan	Full vulnerability report	2026-10-07T13:50:44.0833113Z │                    ├─────────────────────┼──────────┤              │                              ├──────────────────────────┼──────────────────────────────────────────────────────────────┤
7 Container Image Scan	Full vulnerability report	2026-10-07T13:50:44.0833622Z │                    │ CVE-2025-27587      │ LOW      │              │                              │                          │ OpenSSL 3.0.0 through 3.3.2 on the PowerPC architecture is   │
7 Container Image Scan	Full vulnerability report	2026-10-07T13:50:44.0834088Z │                    │                     │          │              │                              │                          │ vulnerable ......                                            │
7 Container Image Scan	Full vulnerability report	2026-10-07T13:50:44.0834535Z │                    │                     │          │              │                              │                          │ https://avd.aquasec.com/nvd/cve-2025-27587                   │
7 Container Image Scan	Full vulnerability report	2026-10-07T13:50:44.0835054Z │                    ├─────────────────────┤          ├──────────────┤                              ├──────────────────────────┼──────────────────────────────────────────────────────────────┤
7 Container Image Scan	Full vulnerability report	2026-10-07T13:50:44.0835590Z │                    │ CVE-2025-68160      │          │ fixed        │                              │ 1.1.1w-0+deb11u5         │ openssl: OpenSSL: Denial of Service due to out-of-bounds     │
7 Container Image Scan	Full vulnerability report	2026-10-07T13:50:44.0836070Z │                    │                     │          │              │                              │                          │ write in BIO filter...                                       │
7 Container Image Scan	Full vulnerability report	2026-10-07T13:50:44.0836514Z │                    │                     │          │              │                              │                          │ https://avd.aquasec.com/nvd/cve-2025-68160                   │
7 Container Image Scan	Full vulnerability report	2026-10-07T13:50:44.0837057Z │                    ├─────────────────────┤          │              │                              │                          ├──────────────────────────────────────────────────────────────┤
7 Container Image Scan	Full vulnerability report	2026-10-07T13:50:44.0837541Z │                    │ CVE-2025-69418      │          │              │                              │                          │ openssl: OpenSSL: Information disclosure and data tampering  │
7 Container Image Scan	Full vulnerability report	2026-10-07T13:50:44.0838017Z │                    │                     │          │              │                              │                          │ via specific low-level OCB encryption/decryption...          │
7 Container Image Scan	Full vulnerability report	2026-10-07T13:50:44.0838469Z │                    │                     │          │              │                              │                          │ https://avd.aquasec.com/nvd/cve-2025-69418                   │
7 Container Image Scan	Full vulnerability report	2026-10-07T13:50:44.0839021Z │                    ├─────────────────────┤          │              │                              │                          ├──────────────────────────────────────────────────────────────┤
7 Container Image Scan	Full vulnerability report	2026-10-07T13:50:44.0839494Z │                    │ CVE-2025-69420      │          │              │                              │                          │ openssl: OpenSSL: Denial of Service via malformed TimeStamp  │
7 Container Image Scan	Full vulnerability report	2026-10-07T13:50:44.0840067Z │                    │                     │          │              │                              │                          │ Response                                                     │
7 Container Image Scan	Full vulnerability report	2026-10-07T13:50:44.0840502Z │                    │                     │          │              │                              │                          │ https://avd.aquasec.com/nvd/cve-2025-69420                   │
7 Container Image Scan	Full vulnerability report	2026-10-07T13:50:44.0840979Z │                    ├─────────────────────┤          │              │                              │                          ├──────────────────────────────────────────────────────────────┤
7 Container Image Scan	Full vulnerability report	2026-10-07T13:50:44.0841461Z │                    │ CVE-2026-22795      │          │              │                              │                          │ openssl: OpenSSL: Denial of Service due to type confusion in │
7 Container Image Scan	Full vulnerability report	2026-10-07T13:50:44.0841912Z │                    │                     │          │              │                              │                          │ PKCS#12 file...                                              │
7 Container Image Scan	Full vulnerability report	2026-10-07T13:50:44.0842355Z │                    │                     │          │              │                              │                          │ https://avd.aquasec.com/nvd/cve-2026-22795                   │
7 Container Image Scan	Full vulnerability report	2026-10-07T13:50:44.0842831Z │                    ├─────────────────────┤          │              │                              │                          ├──────────────────────────────────────────────────────────────┤
7 Container Image Scan	Full vulnerability report	2026-10-07T13:50:44.0843304Z │                    │ CVE-2026-22796      │          │              │                              │                          │ openssl: OpenSSL: Denial of Service via type confusion in    │
7 Container Image Scan	Full vulnerability report	2026-10-07T13:50:44.0843864Z │                    │                     │          │              │                              │                          │ PKCS#7 signature verification...                             │
7 Container Image Scan	Full vulnerability report	2026-10-07T13:50:44.0844322Z │                    │                     │          │              │                              │                          │ https://avd.aquasec.com/nvd/cve-2026-22796                   │
7 Container Image Scan	Full vulnerability report	2026-10-07T13:50:44.0844824Z │                    ├─────────────────────┤          │              │                              ├──────────────────────────┼──────────────────────────────────────────────────────────────┤
7 Container Image Scan	Full vulnerability report	2026-10-07T13:50:44.0845332Z │                    │ CVE-2026-34180      │          │              │                              │ 1.1.1w-0+deb11u8         │ openssl: OpenSSL: Heap buffer over-read in ASN.1 decoding    │
7 Container Image Scan	Full vulnerability report	2026-10-07T13:50:44.0845812Z │                    │                     │          │              │                              │                          │ can lead to denial...                                        │
7 Container Image Scan	Full vulnerability report	2026-10-07T13:50:44.0846256Z │                    │                     │          │              │                              │                          │ https://avd.aquasec.com/nvd/cve-2026-34180                   │
7 Container Image Scan	Full vulnerability report	2026-10-07T13:50:44.0846837Z │                    ├─────────────────────┤          ├──────────────┤                              ├──────────────────────────┼──────────────────────────────────────────────────────────────┤
7 Container Image Scan	Full vulnerability report	2026-10-07T13:50:44.0847347Z │                    │ CVE-2026-35189      │          │ affected     │                              │                          │ openssl: openssl: Denial of Service via excessive memory     │
7 Container Image Scan	Full vulnerability report	2026-10-07T13:50:44.0847820Z │                    │                     │          │              │                              │                          │ allocation in CRL distribution...                            │
7 Container Image Scan	Full vulnerability report	2026-10-07T13:50:44.0848273Z │                    │                     │          │              │                              │                          │ https://avd.aquasec.com/nvd/cve-2026-35189                   │
7 Container Image Scan	Full vulnerability report	2026-10-07T13:50:44.0848841Z │                    ├─────────────────────┤          │              │                              ├──────────────────────────┼──────────────────────────────────────────────────────────────┤
7 Container Image Scan	Full vulnerability report	2026-10-07T13:50:44.0849339Z │                    │ CVE-2026-35191      │          │              │                              │                          │ openssl: openssl: Traffic amplification Denial of Service    │
7 Container Image Scan	Full vulnerability report	2026-10-07T13:50:44.0849800Z │                    │                     │          │              │                              │                          │ via QUIC packet over-accounting                              │
7 Container Image Scan	Full vulnerability report	2026-10-07T13:50:44.0850337Z │                    │                     │          │              │                              │                          │ https://avd.aquasec.com/nvd/cve-2026-35191                   │
7 Container Image Scan	Full vulnerability report	2026-10-07T13:50:44.0850855Z │                    ├─────────────────────┤          ├──────────────┤                              ├──────────────────────────┼──────────────────────────────────────────────────────────────┤
7 Container Image Scan	Full vulnerability report	2026-10-07T13:50:44.0851396Z │                    │ CVE-2026-42766      │          │ fixed        │                              │ 1.1.1w-0+deb11u8         │ openssl: Possible NULL Dereference in Password-Based CMS     │
7 Container Image Scan	Full vulnerability report	2026-10-07T13:50:44.0851875Z │                    │                     │          │              │                              │                          │ Decryption                                                   │
7 Container Image Scan	Full vulnerability report	2026-10-07T13:50:44.0852313Z │                    │                     │          │              │                              │                          │ https://avd.aquasec.com/nvd/cve-2026-42766                   │
7 Container Image Scan	Full vulnerability report	2026-10-07T13:50:44.0852836Z │                    ├─────────────────────┤          ├──────────────┤                              ├──────────────────────────┼──────────────────────────────────────────────────────────────┤
7 Container Image Scan	Full vulnerability report	2026-10-07T13:50:44.0853348Z │                    │ CVE-2026-54874      │          │ affected     │                              │                          │ openssl: excessive memory use buffering DTLS records for a   │
7 Container Image Scan	Full vulnerability report	2026-10-07T13:50:44.0853909Z │                    │                     │          │              │                              │                          │ future epoch                                                 │
7 Container Image Scan	Full vulnerability report	2026-10-07T13:50:44.0854347Z │                    │                     │          │              │                              │                          │ https://avd.aquasec.com/nvd/cve-2026-54874                   │
7 Container Image Scan	Full vulnerability report	2026-10-07T13:50:44.0854852Z │                    ├─────────────────────┤          │              │                              ├──────────────────────────┼──────────────────────────────────────────────────────────────┤
7 Container Image Scan	Full vulnerability report	2026-10-07T13:50:44.0855349Z │                    │ CVE-2026-63074      │          │              │                              │                          │ openssl: CMP indefinite cache growth of ExtraCerts           │
7 Container Image Scan	Full vulnerability report	2026-10-07T13:50:44.0855595Z │                    │                     │          │              │                              │                          │ https://avd.aquasec.com/nvd/cve-2026-63074                   │
7 Container Image Scan	Full vulnerability report	2026-10-07T13:50:44.0855897Z │                    ├─────────────────────┤          ├──────────────┤                              ├──────────────────────────┼──────────────────────────────────────────────────────────────┤
7 Container Image Scan	Full vulnerability report	2026-10-07T13:50:44.0856180Z │                    │ CVE-2026-7383       │          │ fixed        │                              │ 1.1.1w-0+deb11u8         │ openssl: OpenSSL: Heap buffer overflow due to signed integer │
7 Container Image Scan	Full vulnerability report	2026-10-07T13:50:44.0856488Z │                    │                     │          │              │                              │                          │ overflow in Unicode...                                       │
7 Container Image Scan	Full vulnerability report	2026-10-07T13:50:44.0856723Z │                    │                     │          │              │                              │                          │ https://avd.aquasec.com/nvd/cve-2026-7383                    │
7 Container Image Scan	Full vulnerability report	2026-10-07T13:50:44.0857038Z │                    ├─────────────────────┤          ├──────────────┤                              ├──────────────────────────┼──────────────────────────────────────────────────────────────┤
7 Container Image Scan	Full vulnerability report	2026-10-07T13:50:44.0857377Z │                    │ CVE-2026-75803      │          │ affected     │                              │                          │ openssl: openssl: AEAD forgeries possible with empty         │
7 Container Image Scan	Full vulnerability report	2026-10-07T13:50:44.0857662Z │                    │                     │          │              │                              │                          │ ciphertext in EVP_Cipher()                                   │
7 Container Image Scan	Full vulnerability report	2026-10-07T13:50:44.0857933Z │                    │                     │          │              │                              │                          │ https://avd.aquasec.com/nvd/cve-2026-75803                   │
7 Container Image Scan	Full vulnerability report	2026-10-07T13:50:44.0858290Z │                    ├─────────────────────┤          ├──────────────┤                              ├──────────────────────────┼──────────────────────────────────────────────────────────────┤
7 Container Image Scan	Full vulnerability report	2026-10-07T13:50:44.0858799Z │                    │ CVE-2026-9076       │          │ fixed        │                              │ 1.1.1w-0+deb11u8         │ openssl: OpenSSL: Denial of Service due to heap              │
7 Container Image Scan	Full vulnerability report	2026-10-07T13:50:44.0859217Z │                    │                     │          │              │                              │                          │ out-of-bounds read in CMS...                                 │
7 Container Image Scan	Full vulnerability report	2026-10-07T13:50:44.0859517Z │                    │                     │          │              │                              │                          │ https://avd.aquasec.com/nvd/cve-2026-9076                    │
7 Container Image Scan	Full vulnerability report	2026-10-07T13:50:44.0859899Z ├────────────────────┼─────────────────────┤          ├──────────────┼──────────────────────────────┼──────────────────────────┼──────────────────────────────────────────────────────────────┤
7 Container Image Scan	Full vulnerability report	2026-10-07T13:50:44.0860267Z │ libstdc++6         │ CVE-2023-4039       │          │ affected     │ 10.2.1-6                     │                          │ gcc: -fstack-protector fails to guard dynamic stack          │
7 Container Image Scan	Full vulnerability report	2026-10-07T13:50:44.0860551Z │                    │                     │          │              │                              │                          │ allocations on ARM64                                         │
7 Container Image Scan	Full vulnerability report	2026-10-07T13:50:44.0860861Z │                    │                     │          │              │                              │                          │ https://avd.aquasec.com/nvd/cve-2023-4039                    │
7 Container Image Scan	Full vulnerability report	2026-10-07T13:50:44.0861374Z ├────────────────────┼─────────────────────┼──────────┤              ├──────────────────────────────┼──────────────────────────┼──────────────────────────────────────────────────────────────┤
7 Container Image Scan	Full vulnerability report	2026-10-07T13:50:44.0861762Z │ libsystemd0        │ CVE-2026-16742      │ HIGH     │              │ 247.3-7+deb11u6              │                          │ systemd: systemd-homed: Local privilege escalation via       │
7 Container Image Scan	Full vulnerability report	2026-10-07T13:50:44.0862058Z │                    │                     │          │              │                              │                          │ missing home-record signature verification                   │
7 Container Image Scan	Full vulnerability report	2026-10-07T13:50:44.0862308Z │                    │                     │          │              │                              │                          │ https://avd.aquasec.com/nvd/cve-2026-16742                   │
7 Container Image Scan	Full vulnerability report	2026-10-07T13:50:44.0862721Z │                    ├─────────────────────┼──────────┼──────────────┤                              ├──────────────────────────┼──────────────────────────────────────────────────────────────┤
7 Container Image Scan	Full vulnerability report	2026-10-07T13:50:44.0863074Z │                    │ CVE-2025-4598       │ MEDIUM   │ fixed        │                              │ 247.3-7+deb11u7          │ systemd-coredump: race condition that allows a local         │
7 Container Image Scan	Full vulnerability report	2026-10-07T13:50:44.0863508Z │                    │                     │          │              │                              │                          │ attacker to crash a SUID...                                  │
7 Container Image Scan	Full vulnerability report	2026-10-07T13:50:44.0863894Z │                    │                     │          │              │                              │                          │ https://avd.aquasec.com/nvd/cve-2025-4598                    │
7 Container Image Scan	Full vulnerability report	2026-10-07T13:50:44.0864279Z │                    ├─────────────────────┤          ├──────────────┤                              ├──────────────────────────┼──────────────────────────────────────────────────────────────┤
7 Container Image Scan	Full vulnerability report	2026-10-07T13:50:44.0864653Z │                    │ CVE-2026-15059      │          │ affected     │                              │                          │ systemd: systemd-oomd: Unprivileged users can terminate      │
7 Container Image Scan	Full vulnerability report	2026-10-07T13:50:44.0864913Z │                    │                     │          │              │                              │                          │ arbitrary processes via IPC API                              │
7 Container Image Scan	Full vulnerability report	2026-10-07T13:50:44.0865221Z │                    │                     │          │              │                              │                          │ https://avd.aquasec.com/nvd/cve-2026-15059                   │
7 Container Image Scan	Full vulnerability report	2026-10-07T13:50:44.0865562Z │                    ├─────────────────────┤          ├──────────────┤                              ├──────────────────────────┼──────────────────────────────────────────────────────────────┤
7 Container Image Scan	Full vulnerability report	2026-10-07T13:50:44.0865948Z │                    │ CVE-2026-29111      │          │ fixed        │                              │ 247.3-7+deb11u8          │ systemd: systemd: Arbitrary code execution or Denial of      │
7 Container Image Scan	Full vulnerability report	2026-10-07T13:50:44.0866278Z │                    │                     │          │              │                              │                          │ Service via spurious IPC...                                  │
7 Container Image Scan	Full vulnerability report	2026-10-07T13:50:44.0866574Z │                    │                     │          │              │                              │                          │ https://avd.aquasec.com/nvd/cve-2026-29111                   │
7 Container Image Scan	Full vulnerability report	2026-10-07T13:50:44.0866903Z │                    ├─────────────────────┤          │              │                              │                          ├──────────────────────────────────────────────────────────────┤
7 Container Image Scan	Full vulnerability report	2026-10-07T13:50:44.0867186Z │                    │ CVE-2026-40225      │          │              │                              │                          │ systemd: udev in systemd: Privilege escalation via malicious │
7 Container Image Scan	Full vulnerability report	2026-10-07T13:50:44.0867557Z │                    │                     │          │              │                              │                          │ hardware devices and unsanitized...                          │
7 Container Image Scan	Full vulnerability report	2026-10-07T13:50:44.0867861Z │                    │                     │          │              │                              │                          │ https://avd.aquasec.com/nvd/cve-2026-40225                   │
7 Container Image Scan	Full vulnerability report	2026-10-07T13:50:44.0868151Z │                    ├─────────────────────┤          │              │                              │                          ├──────────────────────────────────────────────────────────────┤
7 Container Image Scan	Full vulnerability report	2026-10-07T13:50:44.0868522Z │                    │ CVE-2026-40226      │          │              │                              │                          │ systemd: systemd nspawn: Escape-to-host action via crafted   │
7 Container Image Scan	Full vulnerability report	2026-10-07T13:50:44.0868931Z │                    │                     │          │              │                              │                          │ config file                                                  │
7 Container Image Scan	Full vulnerability report	2026-10-07T13:50:44.0869242Z │                    │                     │          │              │                              │                          │ https://avd.aquasec.com/nvd/cve-2026-40226                   │
7 Container Image Scan	Full vulnerability report	2026-10-07T13:50:44.0869536Z │                    ├─────────────────────┤          │              │                              │                          ├──────────────────────────────────────────────────────────────┤
7 Container Image Scan	Full vulnerability report	2026-10-07T13:50:44.0869855Z │                    │ CVE-2026-4105       │          │              │                              │                          │ systemd: systemd: Privilege escalation via improper access   │
7 Container Image Scan	Full vulnerability report	2026-10-07T13:50:44.0870139Z │                    │                     │          │              │                              │                          │ control in RegisterMachine D-Bus method...                   │
7 Container Image Scan	Full vulnerability report	2026-10-07T13:50:44.0870511Z │                    │                     │          │              │                              │                          │ https://avd.aquasec.com/nvd/cve-2026-4105                    │
7 Container Image Scan	Full vulnerability report	2026-10-07T13:50:44.0870944Z │                    ├─────────────────────┼──────────┼──────────────┤                              ├──────────────────────────┼──────────────────────────────────────────────────────────────┤
7 Container Image Scan	Full vulnerability report	2026-10-07T13:50:44.0871274Z │                    │ CVE-2013-4392       │ LOW      │ affected     │                              │                          │ systemd: TOCTOU race condition when updating file            │
7 Container Image Scan	Full vulnerability report	2026-10-07T13:50:44.0871581Z │                    │                     │          │              │                              │                          │ permissions and SELinux security contexts...                 │
7 Container Image Scan	Full vulnerability report	2026-10-07T13:50:44.0871837Z │                    │                     │          │              │                              │                          │ https://avd.aquasec.com/nvd/cve-2013-4392                    │
7 Container Image Scan	Full vulnerability report	2026-10-07T13:50:44.0872221Z │                    ├─────────────────────┤          │              │                              ├──────────────────────────┼──────────────────────────────────────────────────────────────┤
7 Container Image Scan	Full vulnerability report	2026-10-07T13:50:44.0872538Z │                    │ CVE-2020-13529      │          │              │                              │                          │ systemd: DHCP FORCERENEW authentication not implemented can  │
7 Container Image Scan	Full vulnerability report	2026-10-07T13:50:44.0872953Z │                    │                     │          │              │                              │                          │ cause a system running the...                                │
7 Container Image Scan	Full vulnerability report	2026-10-07T13:50:44.0873224Z │                    │                     │          │              │                              │                          │ https://avd.aquasec.com/nvd/cve-2020-13529                   │
7 Container Image Scan	Full vulnerability report	2026-10-07T13:50:44.0873588Z │                    ├─────────────────────┤          │              │                              ├──────────────────────────┼──────────────────────────────────────────────────────────────┤
7 Container Image Scan	Full vulnerability report	2026-10-07T13:50:44.0873918Z │                    │ CVE-2023-31437      │          │              │                              │                          │ An issue was discovered in systemd 253. An attacker can      │
7 Container Image Scan	Full vulnerability report	2026-10-07T13:50:44.0874175Z │                    │                     │          │              │                              │                          │ modify a...                                                  │
7 Container Image Scan	Full vulnerability report	2026-10-07T13:50:44.0874480Z │                    │                     │          │              │                              │                          │ https://avd.aquasec.com/nvd/cve-2023-31437                   │
7 Container Image Scan	Full vulnerability report	2026-10-07T13:50:44.0874810Z │                    ├─────────────────────┤          │              │                              ├──────────────────────────┼──────────────────────────────────────────────────────────────┤
7 Container Image Scan	Full vulnerability report	2026-10-07T13:50:44.0875169Z │                    │ CVE-2023-31438      │          │              │                              │                          │ An issue was discovered in systemd 253. An attacker can      │
7 Container Image Scan	Full vulnerability report	2026-10-07T13:50:44.0875482Z │                    │                     │          │              │                              │                          │ truncate a...                                                │
7 Container Image Scan	Full vulnerability report	2026-10-07T13:50:44.0875808Z │                    │                     │          │              │                              │                          │ https://avd.aquasec.com/nvd/cve-2023-31438                   │
7 Container Image Scan	Full vulnerability report	2026-10-07T13:50:44.0876157Z │                    ├─────────────────────┤          │              │                              ├──────────────────────────┼──────────────────────────────────────────────────────────────┤
7 Container Image Scan	Full vulnerability report	2026-10-07T13:50:44.0876435Z │                    │ CVE-2023-31439      │          │              │                              │                          │ An issue was discovered in systemd 253. An attacker can      │
7 Container Image Scan	Full vulnerability report	2026-10-07T13:50:44.0876763Z │                    │                     │          │              │                              │                          │ modify the...                                                │
7 Container Image Scan	Full vulnerability report	2026-10-07T13:50:44.0877065Z │                    │                     │          │              │                              │                          │ https://avd.aquasec.com/nvd/cve-2023-31439                   │
7 Container Image Scan	Full vulnerability report	2026-10-07T13:50:44.0877487Z │                    ├─────────────────────┤          ├──────────────┤                              ├──────────────────────────┼──────────────────────────────────────────────────────────────┤
7 Container Image Scan	Full vulnerability report	2026-10-07T13:50:44.0877796Z │                    │ CVE-2026-40228      │          │ fix_deferred │                              │                          │ systemd: systemd-journald: Unintended output to user         │
7 Container Image Scan	Full vulnerability report	2026-10-07T13:50:44.0878115Z │                    │                     │          │              │                              │                          │ terminals via logger command                                 │
7 Container Image Scan	Full vulnerability report	2026-10-07T13:50:44.0878452Z │                    │                     │          │              │                              │                          │ https://avd.aquasec.com/nvd/cve-2026-40228                   │
7 Container Image Scan	Full vulnerability report	2026-10-07T13:50:44.0878892Z ├────────────────────┼─────────────────────┤          │              ├──────────────────────────────┼──────────────────────────┼──────────────────────────────────────────────────────────────┤
7 Container Image Scan	Full vulnerability report	2026-10-07T13:50:44.0879254Z │ libtasn1-6         │ CVE-2025-13151      │          │              │ 4.16.0-2+deb11u2             │                          │ libtasn1: libtasn1: Denial of Service via stack-based buffer │
7 Container Image Scan	Full vulnerability report	2026-10-07T13:50:44.0879536Z │                    │                     │          │              │                              │                          │ overflow in asn1_expend_octet_string                         │
7 Container Image Scan	Full vulnerability report	2026-10-07T13:50:44.0879858Z │                    │                     │          │              │                              │                          │ https://avd.aquasec.com/nvd/cve-2025-13151                   │
7 Container Image Scan	Full vulnerability report	2026-10-07T13:50:44.0924174Z ├────────────────────┼─────────────────────┼──────────┤              ├──────────────────────────────┼──────────────────────────┼──────────────────────────────────────────────────────────────┤
7 Container Image Scan	Full vulnerability report	2026-10-07T13:50:44.0924651Z │ libtinfo6          │ CVE-2025-69720      │ HIGH     │              │ 6.2+20201114-2+deb11u2       │                          │ ncurses: ncurses: Buffer overflow vulnerability may lead to  │
7 Container Image Scan	Full vulnerability report	2026-10-07T13:50:44.0924915Z │                    │                     │          │              │                              │                          │ arbitrary code execution.                                    │
7 Container Image Scan	Full vulnerability report	2026-10-07T13:50:44.0925163Z │                    │                     │          │              │                              │                          │ https://avd.aquasec.com/nvd/cve-2025-69720                   │
7 Container Image Scan	Full vulnerability report	2026-10-07T13:50:44.0925495Z │                    ├─────────────────────┼──────────┼──────────────┤                              ├──────────────────────────┼──────────────────────────────────────────────────────────────┤
7 Container Image Scan	Full vulnerability report	2026-10-07T13:50:44.0925779Z │                    │ CVE-2023-50495      │ MEDIUM   │ affected     │                              │                          │ ncurses: segmentation fault via _nc_wrap_entry()             │
7 Container Image Scan	Full vulnerability report	2026-10-07T13:50:44.0926184Z │                    │                     │          │              │                              │                          │ https://avd.aquasec.com/nvd/cve-2023-50495                   │
7 Container Image Scan	Full vulnerability report	2026-10-07T13:50:44.0926498Z │                    ├─────────────────────┼──────────┼──────────────┤                              ├──────────────────────────┼──────────────────────────────────────────────────────────────┤
7 Container Image Scan	Full vulnerability report	2026-10-07T13:50:44.0926776Z │                    │ CVE-2025-6141       │ LOW      │ fix_deferred │                              │                          │ gnu-ncurses: ncurses Stack Buffer Overflow                   │
7 Container Image Scan	Full vulnerability report	2026-10-07T13:50:44.0927025Z │                    │                     │          │              │                              │                          │ https://avd.aquasec.com/nvd/cve-2025-6141                    │
7 Container Image Scan	Full vulnerability report	2026-10-07T13:50:44.0927386Z ├────────────────────┼─────────────────────┼──────────┼──────────────┼──────────────────────────────┼──────────────────────────┼──────────────────────────────────────────────────────────────┤
7 Container Image Scan	Full vulnerability report	2026-10-07T13:50:44.0927708Z │ libudev1           │ CVE-2026-16742      │ HIGH     │ affected     │ 247.3-7+deb11u6              │                          │ systemd: systemd-homed: Local privilege escalation via       │
7 Container Image Scan	Full vulnerability report	2026-10-07T13:50:44.0927941Z │                    │                     │          │              │                              │                          │ missing home-record signature verification                   │
7 Container Image Scan	Full vulnerability report	2026-10-07T13:50:44.0928178Z │                    │                     │          │              │                              │                          │ https://avd.aquasec.com/nvd/cve-2026-16742                   │
7 Container Image Scan	Full vulnerability report	2026-10-07T13:50:44.0928593Z │                    ├─────────────────────┼──────────┼──────────────┤                              ├──────────────────────────┼──────────────────────────────────────────────────────────────┤
7 Container Image Scan	Full vulnerability report	2026-10-07T13:50:44.0928982Z │                    │ CVE-2025-4598       │ MEDIUM   │ fixed        │                              │ 247.3-7+deb11u7          │ systemd-coredump: race condition that allows a local         │
7 Container Image Scan	Full vulnerability report	2026-10-07T13:50:44.0929223Z │                    │                     │          │              │                              │                          │ attacker to crash a SUID...                                  │
7 Container Image Scan	Full vulnerability report	2026-10-07T13:50:44.0929456Z │                    │                     │          │              │                              │                          │ https://avd.aquasec.com/nvd/cve-2025-4598                    │
7 Container Image Scan	Full vulnerability report	2026-10-07T13:50:44.0929764Z │                    ├─────────────────────┤          ├──────────────┤                              ├──────────────────────────┼──────────────────────────────────────────────────────────────┤
7 Container Image Scan	Full vulnerability report	2026-10-07T13:50:44.0930033Z │                    │ CVE-2026-15059      │          │ affected     │                              │                          │ systemd: systemd-oomd: Unprivileged users can terminate      │
7 Container Image Scan	Full vulnerability report	2026-10-07T13:50:44.0930375Z │                    │                     │          │              │                              │                          │ arbitrary processes via IPC API                              │
7 Container Image Scan	Full vulnerability report	2026-10-07T13:50:44.0930610Z │                    │                     │          │              │                              │                          │ https://avd.aquasec.com/nvd/cve-2026-15059                   │
7 Container Image Scan	Full vulnerability report	2026-10-07T13:50:44.0930911Z │                    ├─────────────────────┤          ├──────────────┤                              ├──────────────────────────┼──────────────────────────────────────────────────────────────┤
7 Container Image Scan	Full vulnerability report	2026-10-07T13:50:44.0931296Z │                    │ CVE-2026-29111      │          │ fixed        │                              │ 247.3-7+deb11u8          │ systemd: systemd: Arbitrary code execution or Denial of      │
7 Container Image Scan	Full vulnerability report	2026-10-07T13:50:44.0931526Z │                    │                     │          │              │                              │                          │ Service via spurious IPC...                                  │
7 Container Image Scan	Full vulnerability report	2026-10-07T13:50:44.0931767Z │                    │                     │          │              │                              │                          │ https://avd.aquasec.com/nvd/cve-2026-29111                   │
7 Container Image Scan	Full vulnerability report	2026-10-07T13:50:44.0932031Z │                    ├─────────────────────┤          │              │                              │                          ├──────────────────────────────────────────────────────────────┤
7 Container Image Scan	Full vulnerability report	2026-10-07T13:50:44.0932291Z │                    │ CVE-2026-40225      │          │              │                              │                          │ systemd: udev in systemd: Privilege escalation via malicious │
7 Container Image Scan	Full vulnerability report	2026-10-07T13:50:44.0932534Z │                    │                     │          │              │                              │                          │ hardware devices and unsanitized...                          │
7 Container Image Scan	Full vulnerability report	2026-10-07T13:50:44.0932774Z │                    │                     │          │              │                              │                          │ https://avd.aquasec.com/nvd/cve-2026-40225                   │
7 Container Image Scan	Full vulnerability report	2026-10-07T13:50:44.0933037Z │                    ├─────────────────────┤          │              │                              │                          ├──────────────────────────────────────────────────────────────┤
7 Container Image Scan	Full vulnerability report	2026-10-07T13:50:44.0933293Z │                    │ CVE-2026-40226      │          │              │                              │                          │ systemd: systemd nspawn: Escape-to-host action via crafted   │
7 Container Image Scan	Full vulnerability report	2026-10-07T13:50:44.0933520Z │                    │                     │          │              │                              │                          │ config file                                                  │
7 Container Image Scan	Full vulnerability report	2026-10-07T13:50:44.0933754Z │                    │                     │          │              │                              │                          │ https://avd.aquasec.com/nvd/cve-2026-40226                   │
7 Container Image Scan	Full vulnerability report	2026-10-07T13:50:44.0934095Z │                    ├─────────────────────┤          │              │                              │                          ├──────────────────────────────────────────────────────────────┤
7 Container Image Scan	Full vulnerability report	2026-10-07T13:50:44.0934353Z │                    │ CVE-2026-4105       │          │              │                              │                          │ systemd: systemd: Privilege escalation via improper access   │
7 Container Image Scan	Full vulnerability report	2026-10-07T13:50:44.0934584Z │                    │                     │          │              │                              │                          │ control in RegisterMachine D-Bus method...                   │
7 Container Image Scan	Full vulnerability report	2026-10-07T13:50:44.0934894Z │                    │                     │          │              │                              │                          │ https://avd.aquasec.com/nvd/cve-2026-4105                    │
7 Container Image Scan	Full vulnerability report	2026-10-07T13:50:44.0935205Z │                    ├─────────────────────┼──────────┼──────────────┤                              ├──────────────────────────┼──────────────────────────────────────────────────────────────┤
7 Container Image Scan	Full vulnerability report	2026-10-07T13:50:44.0935480Z │                    │ CVE-2013-4392       │ LOW      │ affected     │                              │                          │ systemd: TOCTOU race condition when updating file            │
7 Container Image Scan	Full vulnerability report	2026-10-07T13:50:44.0935716Z │                    │                     │          │              │                              │                          │ permissions and SELinux security contexts...                 │
7 Container Image Scan	Full vulnerability report	2026-10-07T13:50:44.0935955Z │                    │                     │          │              │                              │                          │ https://avd.aquasec.com/nvd/cve-2013-4392                    │
7 Container Image Scan	Full vulnerability report	2026-10-07T13:50:44.0936250Z │                    ├─────────────────────┤          │              │                              ├──────────────────────────┼──────────────────────────────────────────────────────────────┤
7 Container Image Scan	Full vulnerability report	2026-10-07T13:50:44.0936519Z │                    │ CVE-2020-13529      │          │              │                              │                          │ systemd: DHCP FORCERENEW authentication not implemented can  │
7 Container Image Scan	Full vulnerability report	2026-10-07T13:50:44.0936747Z │                    │                     │          │              │                              │                          │ cause a system running the...                                │
7 Container Image Scan	Full vulnerability report	2026-10-07T13:50:44.0936980Z │                    │                     │          │              │                              │                          │ https://avd.aquasec.com/nvd/cve-2020-13529                   │
7 Container Image Scan	Full vulnerability report	2026-10-07T13:50:44.0937279Z │                    ├─────────────────────┤          │              │                              ├──────────────────────────┼──────────────────────────────────────────────────────────────┤
7 Container Image Scan	Full vulnerability report	2026-10-07T13:50:44.0937534Z │                    │ CVE-2023-31437      │          │              │                              │                          │ An issue was discovered in systemd 253. An attacker can      │
7 Container Image Scan	Full vulnerability report	2026-10-07T13:50:44.0937831Z │                    │                     │          │              │                              │                          │ modify a...                                                  │
7 Container Image Scan	Full vulnerability report	2026-10-07T13:50:44.0938064Z │                    │                     │          │              │                              │                          │ https://avd.aquasec.com/nvd/cve-2023-31437                   │
7 Container Image Scan	Full vulnerability report	2026-10-07T13:50:44.0938351Z │                    ├─────────────────────┤          │              │                              ├──────────────────────────┼──────────────────────────────────────────────────────────────┤
7 Container Image Scan	Full vulnerability report	2026-10-07T13:50:44.0938609Z │                    │ CVE-2023-31438      │          │              │                              │                          │ An issue was discovered in systemd 253. An attacker can      │
7 Container Image Scan	Full vulnerability report	2026-10-07T13:50:44.0938900Z │                    │                     │          │              │                              │                          │ truncate a...                                                │
7 Container Image Scan	Full vulnerability report	2026-10-07T13:50:44.0939137Z │                    │                     │          │              │                              │                          │ https://avd.aquasec.com/nvd/cve-2023-31438                   │
7 Container Image Scan	Full vulnerability report	2026-10-07T13:50:44.0939421Z │                    ├─────────────────────┤          │              │                              ├──────────────────────────┼──────────────────────────────────────────────────────────────┤
7 Container Image Scan	Full vulnerability report	2026-10-07T13:50:44.0939810Z │                    │ CVE-2023-31439      │          │              │                              │                          │ An issue was discovered in systemd 253. An attacker can      │
7 Container Image Scan	Full vulnerability report	2026-10-07T13:50:44.0940030Z │                    │                     │          │              │                              │                          │ modify the...                                                │
7 Container Image Scan	Full vulnerability report	2026-10-07T13:50:44.0940269Z │                    │                     │          │              │                              │                          │ https://avd.aquasec.com/nvd/cve-2023-31439                   │
7 Container Image Scan	Full vulnerability report	2026-10-07T13:50:44.0940570Z │                    ├─────────────────────┤          ├──────────────┤                              ├──────────────────────────┼──────────────────────────────────────────────────────────────┤
7 Container Image Scan	Full vulnerability report	2026-10-07T13:50:44.0940841Z │                    │ CVE-2026-40228      │          │ fix_deferred │                              │                          │ systemd: systemd-journald: Unintended output to user         │
7 Container Image Scan	Full vulnerability report	2026-10-07T13:50:44.0941078Z │                    │                     │          │              │                              │                          │ terminals via logger command                                 │
7 Container Image Scan	Full vulnerability report	2026-10-07T13:50:44.0941311Z │                    │                     │          │              │                              │                          │ https://avd.aquasec.com/nvd/cve-2026-40228                   │
7 Container Image Scan	Full vulnerability report	2026-10-07T13:50:44.0941926Z ├────────────────────┼─────────────────────┼──────────┼──────────────┼──────────────────────────────┼──────────────────────────┼──────────────────────────────────────────────────────────────┤
7 Container Image Scan	Full vulnerability report	2026-10-07T13:50:44.0942234Z │ libuuid1           │ CVE-2026-53613      │ HIGH     │ affected     │ 2.36.1-8+deb11u2             │                          │ util-linux: util-linux: TOCTOU in the mount program via      │
7 Container Image Scan	Full vulnerability report	2026-10-07T13:50:44.0942467Z │                    │                     │          │              │                              │                          │ ancestor directory swap on...                                │
7 Container Image Scan	Full vulnerability report	2026-10-07T13:50:44.0942781Z │                    │                     │          │              │                              │                          │ https://avd.aquasec.com/nvd/cve-2026-53613                   │
7 Container Image Scan	Full vulnerability report	2026-10-07T13:50:44.0943071Z │                    ├─────────────────────┤          │              │                              ├──────────────────────────┼──────────────────────────────────────────────────────────────┤
7 Container Image Scan	Full vulnerability report	2026-10-07T13:50:44.0943333Z │                    │ CVE-2026-76642      │          │              │                              │                          │ util-linux: util-linux: failed external mount helper still   │
7 Container Image Scan	Full vulnerability report	2026-10-07T13:50:44.0943567Z │                    │                     │          │              │                              │                          │ runs privileged X-mount post-hooks                           │
7 Container Image Scan	Full vulnerability report	2026-10-07T13:50:44.0943808Z │                    │                     │          │              │                              │                          │ https://avd.aquasec.com/nvd/cve-2026-76642                   │
7 Container Image Scan	Full vulnerability report	2026-10-07T13:50:44.0944092Z │                    ├─────────────────────┤          │              │                              ├──────────────────────────┼──────────────────────────────────────────────────────────────┤
7 Container Image Scan	Full vulnerability report	2026-10-07T13:50:44.0944362Z │                    │ CVE-2026-78408      │          │              │                              │                          │ util-linux: util-linux: nsenter --join-cgroup leaks root     │
7 Container Image Scan	Full vulnerability report	2026-10-07T13:50:44.0944596Z │                    │                     │          │              │                              │                          │ cgroup migration authority                                   │
7 Container Image Scan	Full vulnerability report	2026-10-07T13:50:44.0944830Z │                    │                     │          │              │                              │                          │ https://avd.aquasec.com/nvd/cve-2026-78408                   │
7 Container Image Scan	Full vulnerability report	2026-10-07T13:50:44.0945124Z │                    ├─────────────────────┤          │              │                              ├──────────────────────────┼──────────────────────────────────────────────────────────────┤
7 Container Image Scan	Full vulnerability report	2026-10-07T13:50:44.0945379Z │                    │ CVE-2026-78409      │          │              │                              │                          │ util-linux: util-linux: X-mount.subdir detached-tree         │
7 Container Image Scan	Full vulnerability report	2026-10-07T13:50:44.0945694Z │                    │                     │          │              │                              │                          │ resolution can escape via intermediate symlinks              │
7 Container Image Scan	Full vulnerability report	2026-10-07T13:50:44.0945929Z │                    │                     │          │              │                              │                          │ https://avd.aquasec.com/nvd/cve-2026-78409                   │
7 Container Image Scan	Full vulnerability report	2026-10-07T13:50:44.0946216Z │                    ├─────────────────────┤          │              │                              ├──────────────────────────┼──────────────────────────────────────────────────────────────┤
7 Container Image Scan	Full vulnerability report	2026-10-07T13:50:44.0946547Z │                    │ CVE-2026-78410      │          │              │                              │                          │ util-linux: util-linux: restricted bind mounts do not pin    │
7 Container Image Scan	Full vulnerability report	2026-10-07T13:50:44.0946790Z │                    │                     │          │              │                              │                          │ the source, allowing X-mount.owner/group/mode...             │
7 Container Image Scan	Full vulnerability report	2026-10-07T13:50:44.0947027Z │                    │                     │          │              │                              │                          │ https://avd.aquasec.com/nvd/cve-2026-78410                   │
7 Container Image Scan	Full vulnerability report	2026-10-07T13:50:44.0947324Z │                    ├─────────────────────┼──────────┤              │                              ├──────────────────────────┼──────────────────────────────────────────────────────────────┤
7 Container Image Scan	Full vulnerability report	2026-10-07T13:50:44.0947601Z │                    │ CVE-2026-13595      │ MEDIUM   │              │                              │                          │ util-linux: util-linux: heap use-after-free in libblkid      │
7 Container Image Scan	Full vulnerability report	2026-10-07T13:50:44.0947832Z │                    │                     │          │              │                              │                          │ nested partition probing                                     │
7 Container Image Scan	Full vulnerability report	2026-10-07T13:50:44.0948076Z │                    │                     │          │              │                              │                          │ https://avd.aquasec.com/nvd/cve-2026-13595                   │
7 Container Image Scan	Full vulnerability report	2026-10-07T13:50:44.0948377Z │                    ├─────────────────────┤          ├──────────────┤                              ├──────────────────────────┼──────────────────────────────────────────────────────────────┤
7 Container Image Scan	Full vulnerability report	2026-10-07T13:50:44.0948756Z │                    │ CVE-2026-27456      │          │ fix_deferred │                              │                          │ util-linux: TOCTOU in the mount program when setting up loop │
7 Container Image Scan	Full vulnerability report	2026-10-07T13:50:44.0948998Z │                    │                     │          │              │                              │                          │ devices                                                      │
7 Container Image Scan	Full vulnerability report	2026-10-07T13:50:44.0949234Z │                    │                     │          │              │                              │                          │ https://avd.aquasec.com/nvd/cve-2026-27456                   │
7 Container Image Scan	Full vulnerability report	2026-10-07T13:50:44.0949649Z │                    ├─────────────────────┤          ├──────────────┤                              ├──────────────────────────┼──────────────────────────────────────────────────────────────┤
7 Container Image Scan	Full vulnerability report	2026-10-07T13:50:44.0949926Z │                    │ CVE-2026-3184       │          │ will_not_fix │                              │                          │ util-linux: util-linux: Access control bypass due to         │
7 Container Image Scan	Full vulnerability report	2026-10-07T13:50:44.0950264Z │                    │                     │          │              │                              │                          │ improper hostname canonicalization                           │
7 Container Image Scan	Full vulnerability report	2026-10-07T13:50:44.0950516Z │                    │                     │          │              │                              │                          │ https://avd.aquasec.com/nvd/cve-2026-3184                    │
7 Container Image Scan	Full vulnerability report	2026-10-07T13:50:44.0950828Z │                    ├─────────────────────┤          ├──────────────┤                              ├──────────────────────────┼──────────────────────────────────────────────────────────────┤
7 Container Image Scan	Full vulnerability report	2026-10-07T13:50:44.0951093Z │                    │ CVE-2026-53615      │          │ affected     │                              │                          │ [Integer Overflow or Wraparound in                           │
7 Container Image Scan	Full vulnerability report	2026-10-07T13:50:44.0951326Z │                    │                     │          │              │                              │                          │ libblkid/src/partitions/dos.c]                               │
7 Container Image Scan	Full vulnerability report	2026-10-07T13:50:44.0951566Z │                    │                     │          │              │                              │                          │ https://avd.aquasec.com/nvd/cve-2026-53615                   │
7 Container Image Scan	Full vulnerability report	2026-10-07T13:50:44.0951863Z │                    ├─────────────────────┼──────────┤              │                              ├──────────────────────────┼──────────────────────────────────────────────────────────────┤
7 Container Image Scan	Full vulnerability report	2026-10-07T13:50:44.0952135Z │                    │ CVE-2022-0563       │ LOW      │              │                              │                          │ util-linux: partial disclosure of arbitrary files in chfn    │
7 Container Image Scan	Full vulnerability report	2026-10-07T13:50:44.0952364Z │                    │                     │          │              │                              │                          │ and chsh when compiled...                                    │
7 Container Image Scan	Full vulnerability report	2026-10-07T13:50:44.0952598Z │                    │                     │          │              │                              │                          │ https://avd.aquasec.com/nvd/cve-2022-0563                    │
7 Container Image Scan	Full vulnerability report	2026-10-07T13:50:44.0952895Z │                    ├─────────────────────┤          │              │                              ├──────────────────────────┼──────────────────────────────────────────────────────────────┤
7 Container Image Scan	Full vulnerability report	2026-10-07T13:50:44.0953151Z │                    │ CVE-2025-14104      │          │              │                              │                          │ util-linux: util-linux: Heap buffer overread in setpwnam()   │
7 Container Image Scan	Full vulnerability report	2026-10-07T13:50:44.0953464Z │                    │                     │          │              │                              │                          │ when processing 256-byte usernames                           │
7 Container Image Scan	Full vulnerability report	2026-10-07T13:50:44.0953702Z │                    │                     │          │              │                              │                          │ https://avd.aquasec.com/nvd/cve-2025-14104                   │
7 Container Image Scan	Full vulnerability report	2026-10-07T13:50:44.0954121Z ├────────────────────┼─────────────────────┼──────────┤              ├──────────────────────────────┼──────────────────────────┼──────────────────────────────────────────────────────────────┤
7 Container Image Scan	Full vulnerability report	2026-10-07T13:50:44.0954409Z │ libzstd1           │ CVE-2022-4899       │ HIGH     │              │ 1.4.8+dfsg-2.1               │                          │ zstd: mysql: buffer overrun in util.c                        │
7 Container Image Scan	Full vulnerability report	2026-10-07T13:50:44.0954653Z │                    │                     │          │              │                              │                          │ https://avd.aquasec.com/nvd/cve-2022-4899                    │
7 Container Image Scan	Full vulnerability report	2026-10-07T13:50:44.0954998Z ├────────────────────┼─────────────────────┼──────────┤              ├──────────────────────────────┼──────────────────────────┼──────────────────────────────────────────────────────────────┤
7 Container Image Scan	Full vulnerability report	2026-10-07T13:50:44.0955294Z │ login              │ CVE-2007-5686       │ LOW      │              │ 1:4.8.1-1+deb11u1            │                          │ initscripts in rPath Linux 1 sets insecure permissions for   │
7 Container Image Scan	Full vulnerability report	2026-10-07T13:50:44.0955525Z │                    │                     │          │              │                              │                          │ the /var/lo ......                                           │
7 Container Image Scan	Full vulnerability report	2026-10-07T13:50:44.0955762Z │                    │                     │          │              │                              │                          │ https://avd.aquasec.com/nvd/cve-2007-5686                    │
7 Container Image Scan	Full vulnerability report	2026-10-07T13:50:44.0956058Z │                    ├─────────────────────┤          │              │                              ├──────────────────────────┼──────────────────────────────────────────────────────────────┤
7 Container Image Scan	Full vulnerability report	2026-10-07T13:50:44.0956320Z │                    │ CVE-2013-4235       │          │              │                              │                          │ shadow-utils: TOCTOU race conditions by copying and removing │
7 Container Image Scan	Full vulnerability report	2026-10-07T13:50:44.0956543Z │                    │                     │          │              │                              │                          │ directory trees                                              │
7 Container Image Scan	Full vulnerability report	2026-10-07T13:50:44.0956788Z │                    │                     │          │              │                              │                          │ https://avd.aquasec.com/nvd/cve-2013-4235                    │
7 Container Image Scan	Full vulnerability report	2026-10-07T13:50:44.0957163Z │                    ├─────────────────────┤          ├──────────────┤                              ├──────────────────────────┼──────────────────────────────────────────────────────────────┤
7 Container Image Scan	Full vulnerability report	2026-10-07T13:50:44.0957438Z │                    │ CVE-2024-56433      │          │ fix_deferred │                              │                          │ shadow-utils: Default subordinate ID configuration in        │
7 Container Image Scan	Full vulnerability report	2026-10-07T13:50:44.0957670Z │                    │                     │          │              │                              │                          │ /etc/login.defs could lead to compromise                     │
7 Container Image Scan	Full vulnerability report	2026-10-07T13:50:44.0957983Z │                    │                     │          │              │                              │                          │ https://avd.aquasec.com/nvd/cve-2024-56433                   │
7 Container Image Scan	Full vulnerability report	2026-10-07T13:50:44.0958283Z │                    ├─────────────────────┤          ├──────────────┤                              ├──────────────────────────┼──────────────────────────────────────────────────────────────┤
7 Container Image Scan	Full vulnerability report	2026-10-07T13:50:44.0958566Z │                    │ TEMP-0628843-DBAD28 │          │ affected     │                              │                          │ [more related to CVE-2005-4890]                              │
7 Container Image Scan	Full vulnerability report	2026-10-07T13:50:44.0958930Z │                    │                     │          │              │                              │                          │ https://security-tracker.debian.org/tracker/TEMP-0628843-DB- │
7 Container Image Scan	Full vulnerability report	2026-10-07T13:50:44.0959147Z │                    │                     │          │              │                              │                          │ AD28                                                         │
7 Container Image Scan	Full vulnerability report	2026-10-07T13:50:44.0959500Z ├────────────────────┼─────────────────────┼──────────┤              ├──────────────────────────────┼──────────────────────────┼──────────────────────────────────────────────────────────────┤
7 Container Image Scan	Full vulnerability report	2026-10-07T13:50:44.0959793Z │ mount              │ CVE-2026-53613      │ HIGH     │              │ 2.36.1-8+deb11u2             │                          │ util-linux: util-linux: TOCTOU in the mount program via      │
7 Container Image Scan	Full vulnerability report	2026-10-07T13:50:44.0960131Z │                    │                     │          │              │                              │                          │ ancestor directory swap on...                                │
7 Container Image Scan	Full vulnerability report	2026-10-07T13:50:44.0960366Z │                    │                     │          │              │                              │                          │ https://avd.aquasec.com/nvd/cve-2026-53613                   │
7 Container Image Scan	Full vulnerability report	2026-10-07T13:50:44.0960654Z │                    ├─────────────────────┤          │              │                              ├──────────────────────────┼──────────────────────────────────────────────────────────────┤
7 Container Image Scan	Full vulnerability report	2026-10-07T13:50:44.0960922Z │                    │ CVE-2026-76642      │          │              │                              │                          │ util-linux: util-linux: failed external mount helper still   │
7 Container Image Scan	Full vulnerability report	2026-10-07T13:50:44.0961164Z │                    │                     │          │              │                              │                          │ runs privileged X-mount post-hooks                           │
7 Container Image Scan	Full vulnerability report	2026-10-07T13:50:44.0961396Z │                    │                     │          │              │                              │                          │ https://avd.aquasec.com/nvd/cve-2026-76642                   │
7 Container Image Scan	Full vulnerability report	2026-10-07T13:50:44.0961685Z │                    ├─────────────────────┤          │              │                              ├──────────────────────────┼──────────────────────────────────────────────────────────────┤
7 Container Image Scan	Full vulnerability report	2026-10-07T13:50:44.0962039Z │                    │ CVE-2026-78408      │          │              │                              │                          │ util-linux: util-linux: nsenter --join-cgroup leaks root     │
7 Container Image Scan	Full vulnerability report	2026-10-07T13:50:44.0962269Z │                    │                     │          │              │                              │                          │ cgroup migration authority                                   │
7 Container Image Scan	Full vulnerability report	2026-10-07T13:50:44.0962515Z │                    │                     │          │              │                              │                          │ https://avd.aquasec.com/nvd/cve-2026-78408                   │
7 Container Image Scan	Full vulnerability report	2026-10-07T13:50:44.0962803Z │                    ├─────────────────────┤          │              │                              ├──────────────────────────┼──────────────────────────────────────────────────────────────┤
7 Container Image Scan	Full vulnerability report	2026-10-07T13:50:44.0963060Z │                    │ CVE-2026-78409      │          │              │                              │                          │ util-linux: util-linux: X-mount.subdir detached-tree         │
7 Container Image Scan	Full vulnerability report	2026-10-07T13:50:44.0963306Z │                    │                     │          │              │                              │                          │ resolution can escape via intermediate symlinks              │
7 Container Image Scan	Full vulnerability report	2026-10-07T13:50:44.0963542Z │                    │                     │          │              │                              │                          │ https://avd.aquasec.com/nvd/cve-2026-78409                   │
7 Container Image Scan	Full vulnerability report	2026-10-07T13:50:44.0963836Z │                    ├─────────────────────┤          │              │                              ├──────────────────────────┼──────────────────────────────────────────────────────────────┤
7 Container Image Scan	Full vulnerability report	2026-10-07T13:50:44.0964089Z │                    │ CVE-2026-78410      │          │              │                              │                          │ util-linux: util-linux: restricted bind mounts do not pin    │
7 Container Image Scan	Full vulnerability report	2026-10-07T13:50:44.0964333Z │                    │                     │          │              │                              │                          │ the source, allowing X-mount.owner/group/mode...             │
7 Container Image Scan	Full vulnerability report	2026-10-07T13:50:44.0964566Z │                    │                     │          │              │                              │                          │ https://avd.aquasec.com/nvd/cve-2026-78410                   │
7 Container Image Scan	Full vulnerability report	2026-10-07T13:50:44.0964931Z │                    ├─────────────────────┼──────────┤              │                              ├──────────────────────────┼──────────────────────────────────────────────────────────────┤
7 Container Image Scan	Full vulnerability report	2026-10-07T13:50:44.0965196Z │                    │ CVE-2026-13595      │ MEDIUM   │              │                              │                          │ util-linux: util-linux: heap use-after-free in libblkid      │
7 Container Image Scan	Full vulnerability report	2026-10-07T13:50:44.0965427Z │                    │                     │          │              │                              │                          │ nested partition probing                                     │
7 Container Image Scan	Full vulnerability report	2026-10-07T13:50:44.0965735Z │                    │                     │          │              │                              │                          │ https://avd.aquasec.com/nvd/cve-2026-13595                   │
7 Container Image Scan	Full vulnerability report	2026-10-07T13:50:44.0966037Z │                    ├─────────────────────┤          ├──────────────┤                              ├──────────────────────────┼──────────────────────────────────────────────────────────────┤
7 Container Image Scan	Full vulnerability report	2026-10-07T13:50:44.0966318Z │                    │ CVE-2026-27456      │          │ fix_deferred │                              │                          │ util-linux: TOCTOU in the mount program when setting up loop │
7 Container Image Scan	Full vulnerability report	2026-10-07T13:50:44.0966534Z │                    │                     │          │              │                              │                          │ devices                                                      │
7 Container Image Scan	Full vulnerability report	2026-10-07T13:50:44.0966764Z │                    │                     │          │              │                              │                          │ https://avd.aquasec.com/nvd/cve-2026-27456                   │
7 Container Image Scan	Full vulnerability report	2026-10-07T13:50:44.0967074Z │                    ├─────────────────────┤          ├──────────────┤                              ├──────────────────────────┼──────────────────────────────────────────────────────────────┤
7 Container Image Scan	Full vulnerability report	2026-10-07T13:50:44.0967340Z │                    │ CVE-2026-3184       │          │ will_not_fix │                              │                          │ util-linux: util-linux: Access control bypass due to         │
7 Container Image Scan	Full vulnerability report	2026-10-07T13:50:44.0967653Z │                    │                     │          │              │                              │                          │ improper hostname canonicalization                           │
7 Container Image Scan	Full vulnerability report	2026-10-07T13:50:44.0967888Z │                    │                     │          │              │                              │                          │ https://avd.aquasec.com/nvd/cve-2026-3184                    │
7 Container Image Scan	Full vulnerability report	2026-10-07T13:50:44.0968202Z │                    ├─────────────────────┤          ├──────────────┤                              ├──────────────────────────┼──────────────────────────────────────────────────────────────┤
7 Container Image Scan	Full vulnerability report	2026-10-07T13:50:44.0968468Z │                    │ CVE-2026-53615      │          │ affected     │                              │                          │ [Integer Overflow or Wraparound in                           │
7 Container Image Scan	Full vulnerability report	2026-10-07T13:50:44.0968802Z │                    │                     │          │              │                              │                          │ libblkid/src/partitions/dos.c]                               │
7 Container Image Scan	Full vulnerability report	2026-10-07T13:50:44.0969041Z │                    │                     │          │              │                              │                          │ https://avd.aquasec.com/nvd/cve-2026-53615                   │
7 Container Image Scan	Full vulnerability report	2026-10-07T13:50:44.0969338Z │                    ├─────────────────────┼──────────┤              │                              ├──────────────────────────┼──────────────────────────────────────────────────────────────┤
7 Container Image Scan	Full vulnerability report	2026-10-07T13:50:44.0969736Z │                    │ CVE-2022-0563       │ LOW      │              │                              │                          │ util-linux: partial disclosure of arbitrary files in chfn    │
7 Container Image Scan	Full vulnerability report	2026-10-07T13:50:44.0969965Z │                    │                     │          │              │                              │                          │ and chsh when compiled...                                    │
7 Container Image Scan	Full vulnerability report	2026-10-07T13:50:44.0970208Z │                    │                     │          │              │                              │                          │ https://avd.aquasec.com/nvd/cve-2022-0563                    │
7 Container Image Scan	Full vulnerability report	2026-10-07T13:50:44.0970495Z │                    ├─────────────────────┤          │              │                              ├──────────────────────────┼──────────────────────────────────────────────────────────────┤
7 Container Image Scan	Full vulnerability report	2026-10-07T13:50:44.0970747Z │                    │ CVE-2025-14104      │          │              │                              │                          │ util-linux: util-linux: Heap buffer overread in setpwnam()   │
7 Container Image Scan	Full vulnerability report	2026-10-07T13:50:44.0970991Z │                    │                     │          │              │                              │                          │ when processing 256-byte usernames                           │
7 Container Image Scan	Full vulnerability report	2026-10-07T13:50:44.0971234Z │                    │                     │          │              │                              │                          │ https://avd.aquasec.com/nvd/cve-2025-14104                   │
7 Container Image Scan	Full vulnerability report	2026-10-07T13:50:44.0971591Z ├────────────────────┼─────────────────────┼──────────┼──────────────┼──────────────────────────────┼──────────────────────────┼──────────────────────────────────────────────────────────────┤
7 Container Image Scan	Full vulnerability report	2026-10-07T13:50:44.0971917Z │ ncurses-base       │ CVE-2025-69720      │ HIGH     │ fix_deferred │ 6.2+20201114-2+deb11u2       │                          │ ncurses: ncurses: Buffer overflow vulnerability may lead to  │
7 Container Image Scan	Full vulnerability report	2026-10-07T13:50:44.0972156Z │                    │                     │          │              │                              │                          │ arbitrary code execution.                                    │
7 Container Image Scan	Full vulnerability report	2026-10-07T13:50:44.0972389Z │                    │                     │          │              │                              │                          │ https://avd.aquasec.com/nvd/cve-2025-69720                   │
7 Container Image Scan	Full vulnerability report	2026-10-07T13:50:44.0972794Z │                    ├─────────────────────┼──────────┼──────────────┤                              ├──────────────────────────┼──────────────────────────────────────────────────────────────┤
7 Container Image Scan	Full vulnerability report	2026-10-07T13:50:44.0973071Z │                    │ CVE-2023-50495      │ MEDIUM   │ affected     │                              │                          │ ncurses: segmentation fault via _nc_wrap_entry()             │
7 Container Image Scan	Full vulnerability report	2026-10-07T13:50:44.0973304Z │                    │                     │          │              │                              │                          │ https://avd.aquasec.com/nvd/cve-2023-50495                   │
7 Container Image Scan	Full vulnerability report	2026-10-07T13:50:44.0973688Z │                    ├─────────────────────┼──────────┼──────────────┤                              ├──────────────────────────┼──────────────────────────────────────────────────────────────┤
7 Container Image Scan	Full vulnerability report	2026-10-07T13:50:44.0973963Z │                    │ CVE-2025-6141       │ LOW      │ fix_deferred │                              │                          │ gnu-ncurses: ncurses Stack Buffer Overflow                   │
7 Container Image Scan	Full vulnerability report	2026-10-07T13:50:44.0974208Z │                    │                     │          │              │                              │                          │ https://avd.aquasec.com/nvd/cve-2025-6141                    │
7 Container Image Scan	Full vulnerability report	2026-10-07T13:50:44.0974524Z ├────────────────────┼─────────────────────┼──────────┤              │                              ├──────────────────────────┼──────────────────────────────────────────────────────────────┤
7 Container Image Scan	Full vulnerability report	2026-10-07T13:50:44.0974800Z │ ncurses-bin        │ CVE-2025-69720      │ HIGH     │              │                              │                          │ ncurses: ncurses: Buffer overflow vulnerability may lead to  │
7 Container Image Scan	Full vulnerability report	2026-10-07T13:50:44.0975038Z │                    │                     │          │              │                              │                          │ arbitrary code execution.                                    │
7 Container Image Scan	Full vulnerability report	2026-10-07T13:50:44.0975347Z │                    │                     │          │              │                              │                          │ https://avd.aquasec.com/nvd/cve-2025-69720                   │
7 Container Image Scan	Full vulnerability report	2026-10-07T13:50:44.0975656Z │                    ├─────────────────────┼──────────┼──────────────┤                              ├──────────────────────────┼──────────────────────────────────────────────────────────────┤
7 Container Image Scan	Full vulnerability report	2026-10-07T13:50:44.0975936Z │                    │ CVE-2023-50495      │ MEDIUM   │ affected     │                              │                          │ ncurses: segmentation fault via _nc_wrap_entry()             │
7 Container Image Scan	Full vulnerability report	2026-10-07T13:50:44.0976180Z │                    │                     │          │              │                              │                          │ https://avd.aquasec.com/nvd/cve-2023-50495                   │
7 Container Image Scan	Full vulnerability report	2026-10-07T13:50:44.0976492Z │                    ├─────────────────────┼──────────┼──────────────┤                              ├──────────────────────────┼──────────────────────────────────────────────────────────────┤
7 Container Image Scan	Full vulnerability report	2026-10-07T13:50:44.0976772Z │                    │ CVE-2025-6141       │ LOW      │ fix_deferred │                              │                          │ gnu-ncurses: ncurses Stack Buffer Overflow                   │
7 Container Image Scan	Full vulnerability report	2026-10-07T13:50:44.0977007Z │                    │                     │          │              │                              │                          │ https://avd.aquasec.com/nvd/cve-2025-6141                    │
7 Container Image Scan	Full vulnerability report	2026-10-07T13:50:44.0977369Z ├────────────────────┼─────────────────────┼──────────┼──────────────┼──────────────────────────────┼──────────────────────────┼──────────────────────────────────────────────────────────────┤
7 Container Image Scan	Full vulnerability report	2026-10-07T13:50:44.0977758Z │ openssl            │ CVE-2025-69421      │ HIGH     │ fixed        │ 1.1.1w-0+deb11u3             │ 1.1.1w-0+deb11u5         │ openssl: OpenSSL: Denial of Service via malformed PKCS#12    │
7 Container Image Scan	Full vulnerability report	2026-10-07T13:50:44.0977984Z │                    │                     │          │              │                              │                          │ file processing                                              │
7 Container Image Scan	Full vulnerability report	2026-10-07T13:50:44.0978228Z │                    │                     │          │              │                              │                          │ https://avd.aquasec.com/nvd/cve-2025-69421                   │
7 Container Image Scan	Full vulnerability report	2026-10-07T13:50:44.0978512Z │                    ├─────────────────────┤          │              │                              ├──────────────────────────┼──────────────────────────────────────────────────────────────┤
7 Container Image Scan	Full vulnerability report	2026-10-07T13:50:44.0978867Z │                    │ CVE-2026-28387      │          │              │                              │ 1.1.1w-0+deb11u7         │ openssl: OpenSSL: Arbitrary code execution due to            │
7 Container Image Scan	Full vulnerability report	2026-10-07T13:50:44.0979104Z │                    │                     │          │              │                              │                          │ use-after-free in DANE TLSA authentication...                │
7 Container Image Scan	Full vulnerability report	2026-10-07T13:50:44.0979430Z │                    │                     │          │              │                              │                          │ https://avd.aquasec.com/nvd/cve-2026-28387                   │
7 Container Image Scan	Full vulnerability report	2026-10-07T13:50:44.0979691Z │                    ├─────────────────────┤          │              │                              │                          ├──────────────────────────────────────────────────────────────┤
7 Container Image Scan	Full vulnerability report	2026-10-07T13:50:44.0979949Z │                    │ CVE-2026-28388      │          │              │                              │                          │ openssl: OpenSSL: Denial of Service due to NULL pointer      │
7 Container Image Scan	Full vulnerability report	2026-10-07T13:50:44.0980188Z │                    │                     │          │              │                              │                          │ dereference in delta...                                      │
7 Container Image Scan	Full vulnerability report	2026-10-07T13:50:44.0980423Z │                    │                     │          │              │                              │                          │ https://avd.aquasec.com/nvd/cve-2026-28388                   │
7 Container Image Scan	Full vulnerability report	2026-10-07T13:50:44.0980695Z │                    ├─────────────────────┤          │              │                              │                          ├──────────────────────────────────────────────────────────────┤
7 Container Image Scan	Full vulnerability report	2026-10-07T13:50:44.0980951Z │                    │ CVE-2026-28389      │          │              │                              │                          │ openssl: OpenSSL: Denial of Service vulnerability in CMS     │
7 Container Image Scan	Full vulnerability report	2026-10-07T13:50:44.0981174Z │                    │                     │          │              │                              │                          │ processing                                                   │
7 Container Image Scan	Full vulnerability report	2026-10-07T13:50:44.0981499Z │                    │                     │          │              │                              │                          │ https://avd.aquasec.com/nvd/cve-2026-28389                   │
7 Container Image Scan	Full vulnerability report	2026-10-07T13:50:44.0981763Z │                    ├─────────────────────┤          │              │                              │                          ├──────────────────────────────────────────────────────────────┤
7 Container Image Scan	Full vulnerability report	2026-10-07T13:50:44.0982028Z │                    │ CVE-2026-28390      │          │              │                              │                          │ openssl: OpenSSL: Denial of Service due to NULL pointer      │
7 Container Image Scan	Full vulnerability report	2026-10-07T13:50:44.0982253Z │                    │                     │          │              │                              │                          │ dereference in CMS...                                        │
7 Container Image Scan	Full vulnerability report	2026-10-07T13:50:44.0982496Z │                    │                     │          │              │                              │                          │ https://avd.aquasec.com/nvd/cve-2026-28390                   │
7 Container Image Scan	Full vulnerability report	2026-10-07T13:50:44.0982783Z │                    ├─────────────────────┤          │              │                              ├──────────────────────────┼──────────────────────────────────────────────────────────────┤
7 Container Image Scan	Full vulnerability report	2026-10-07T13:50:44.0983126Z │                    │ CVE-2026-45447      │          │              │                              │ 1.1.1w-0+deb11u8         │ openssl: Heap Use-After-Free in OpenSSL PKCS7_verify()       │
7 Container Image Scan	Full vulnerability report	2026-10-07T13:50:44.0983359Z │                    │                     │          │              │                              │                          │ https://avd.aquasec.com/nvd/cve-2026-45447                   │
7 Container Image Scan	Full vulnerability report	2026-10-07T13:50:44.0983660Z │                    ├─────────────────────┤          ├──────────────┤                              ├──────────────────────────┼──────────────────────────────────────────────────────────────┤
7 Container Image Scan	Full vulnerability report	2026-10-07T13:50:44.0983934Z │                    │ CVE-2026-75804      │          │ affected     │                              │                          │ openssl: OpenSSL: Denial of Service via unenforced QUIC      │
7 Container Image Scan	Full vulnerability report	2026-10-07T13:50:44.0984161Z │                    │                     │          │              │                              │                          │ connection flow control                                      │
7 Container Image Scan	Full vulnerability report	2026-10-07T13:50:44.0984404Z │                    │                     │          │              │                              │                          │ https://avd.aquasec.com/nvd/cve-2026-75804                   │
7 Container Image Scan	Full vulnerability report	2026-10-07T13:50:44.0984688Z │                    ├─────────────────────┤          │              │                              ├──────────────────────────┼──────────────────────────────────────────────────────────────┤
7 Container Image Scan	Full vulnerability report	2026-10-07T13:50:44.0984942Z │                    │ CVE-2026-84782      │          │              │                              │                          │ openssl: compat-openssl: openssl: Information disclosure via │
7 Container Image Scan	Full vulnerability report	2026-10-07T13:50:44.0985251Z │                    │                     │          │              │                              │                          │ DTLS handshake retransmission                                │
7 Container Image Scan	Full vulnerability report	2026-10-07T13:50:44.0985497Z │                    │                     │          │              │                              │                          │ https://avd.aquasec.com/nvd/cve-2026-84782                   │
7 Container Image Scan	Full vulnerability report	2026-10-07T13:50:44.0985805Z │                    ├─────────────────────┼──────────┼──────────────┤                              ├──────────────────────────┼──────────────────────────────────────────────────────────────┤
7 Container Image Scan	Full vulnerability report	2026-10-07T13:50:44.0986097Z │                    │ CVE-2025-69419      │ MEDIUM   │ fixed        │                              │ 1.1.1w-0+deb11u5         │ openssl: OpenSSL: Arbitrary code execution due to            │
7 Container Image Scan	Full vulnerability report	2026-10-07T13:50:44.0986345Z │                    │                     │          │              │                              │                          │ out-of-bounds write in PKCS#12 processing...                 │
7 Container Image Scan	Full vulnerability report	2026-10-07T13:50:44.0986583Z │                    │                     │          │              │                              │                          │ https://avd.aquasec.com/nvd/cve-2025-69419                   │
7 Container Image Scan	Full vulnerability report	2026-10-07T13:50:44.0986939Z │                    ├─────────────────────┤          │              │                              ├──────────────────────────┼──────────────────────────────────────────────────────────────┤
7 Container Image Scan	Full vulnerability report	2026-10-07T13:50:44.0987215Z │                    │ CVE-2025-9230       │          │              │                              │ 1.1.1w-0+deb11u4         │ openssl: Out-of-bounds read & write in RFC 3211 KEK Unwrap   │
7 Container Image Scan	Full vulnerability report	2026-10-07T13:50:44.0987451Z │                    │                     │          │              │                              │                          │ https://avd.aquasec.com/nvd/cve-2025-9230                    │
7 Container Image Scan	Full vulnerability report	2026-10-07T13:50:44.0987761Z │                    ├─────────────────────┤          ├──────────────┤                              ├──────────────────────────┼──────────────────────────────────────────────────────────────┤
7 Container Image Scan	Full vulnerability report	2026-10-07T13:50:44.0988027Z │                    │ CVE-2026-42772      │          │ affected     │                              │                          │ openssl: openssl: Denial of Service via inefficient QUIC     │
7 Container Image Scan	Full vulnerability report	2026-10-07T13:50:44.0988267Z │                    │                     │          │              │                              │                          │ stream reassembly                                            │
7 Container Image Scan	Full vulnerability report	2026-10-07T13:50:44.0988501Z │                    │                     │          │              │                              │                          │ https://avd.aquasec.com/nvd/cve-2026-42772                   │
7 Container Image Scan	Full vulnerability report	2026-10-07T13:50:44.0988960Z │                    ├─────────────────────┤          │              │                              ├──────────────────────────┼──────────────────────────────────────────────────────────────┤
7 Container Image Scan	Full vulnerability report	2026-10-07T13:50:44.0989215Z │                    │ CVE-2026-54872      │          │              │                              │                          │ openssl: OpenSSL: Private key recovery via timing            │
7 Container Image Scan	Full vulnerability report	2026-10-07T13:50:44.0989461Z │                    │                     │          │              │                              │                          │ side-channel in generic elliptic curve...                    │
7 Container Image Scan	Full vulnerability report	2026-10-07T13:50:44.0989697Z │                    │                     │          │              │                              │                          │ https://avd.aquasec.com/nvd/cve-2026-54872                   │
7 Container Image Scan	Full vulnerability report	2026-10-07T13:50:44.0989981Z │                    ├─────────────────────┤          │              │                              ├──────────────────────────┼──────────────────────────────────────────────────────────────┤
7 Container Image Scan	Full vulnerability report	2026-10-07T13:50:44.0990244Z │                    │ CVE-2026-54873      │          │              │                              │                          │ openssl: openssl: Denial of Service via excessive QUIC       │
7 Container Image Scan	Full vulnerability report	2026-10-07T13:50:44.0990474Z │                    │                     │          │              │                              │                          │ packet buffer retention                                      │
7 Container Image Scan	Full vulnerability report	2026-10-07T13:50:44.0990807Z │                    │                     │          │              │                              │                          │ https://avd.aquasec.com/nvd/cve-2026-54873                   │
7 Container Image Scan	Full vulnerability report	2026-10-07T13:50:44.0991092Z │                    ├─────────────────────┤          │              │                              ├──────────────────────────┼──────────────────────────────────────────────────────────────┤
7 Container Image Scan	Full vulnerability report	2026-10-07T13:50:44.0991347Z │                    │ CVE-2026-54875      │          │              │                              │                          │ openssl: openssl: information disclosure via                 │
7 Container Image Scan	Full vulnerability report	2026-10-07T13:50:44.0991599Z │                    │                     │          │              │                              │                          │ non-constant-time SM2 scalar multiplication on ARM64 and...  │
7 Container Image Scan	Full vulnerability report	2026-10-07T13:50:44.0991832Z │                    │                     │          │              │                              │                          │ https://avd.aquasec.com/nvd/cve-2026-54875                   │
7 Container Image Scan	Full vulnerability report	2026-10-07T13:50:44.0992126Z │                    ├─────────────────────┤          │              │                              ├──────────────────────────┼──────────────────────────────────────────────────────────────┤
7 Container Image Scan	Full vulnerability report	2026-10-07T13:50:44.0992381Z │                    │ CVE-2026-63072      │          │              │                              │                          │ openssl: heap buffer overflow in CMS key unwrapping          │
7 Container Image Scan	Full vulnerability report	2026-10-07T13:50:44.0992705Z │                    │                     │          │              │                              │                          │ https://avd.aquasec.com/nvd/cve-2026-63072                   │
7 Container Image Scan	Full vulnerability report	2026-10-07T13:50:44.0992991Z │                    ├─────────────────────┤          │              │                              ├──────────────────────────┼──────────────────────────────────────────────────────────────┤
7 Container Image Scan	Full vulnerability report	2026-10-07T13:50:44.0993257Z │                    │ CVE-2026-63076      │          │              │                              │                          │ openssl: invalid pointer dereference in CMP server via       │
7 Container Image Scan	Full vulnerability report	2026-10-07T13:50:44.0993486Z │                    │                     │          │              │                              │                          │ crafted protectionAlg                                        │
7 Container Image Scan	Full vulnerability report	2026-10-07T13:50:44.0993720Z │                    │                     │          │              │                              │                          │ https://avd.aquasec.com/nvd/cve-2026-63076                   │
7 Container Image Scan	Full vulnerability report	2026-10-07T13:50:44.0994014Z │                    ├─────────────────────┤          │              │                              ├──────────────────────────┼──────────────────────────────────────────────────────────────┤
7 Container Image Scan	Full vulnerability report	2026-10-07T13:50:44.0994269Z │                    │ CVE-2026-72897      │          │              │                              │                          │ openssl: openssl: Denial of Service via out-of-bounds write  │
7 Container Image Scan	Full vulnerability report	2026-10-07T13:50:44.0994572Z │                    │                     │          │              │                              │                          │ during TLS context switch...                                 │
7 Container Image Scan	Full vulnerability report	2026-10-07T13:50:44.0994807Z │                    │                     │          │              │                              │                          │ https://avd.aquasec.com/nvd/cve-2026-72897                   │
7 Container Image Scan	Full vulnerability report	2026-10-07T13:50:44.0995092Z │                    ├─────────────────────┤          │              │                              ├──────────────────────────┼──────────────────────────────────────────────────────────────┤
7 Container Image Scan	Full vulnerability report	2026-10-07T13:50:44.0995351Z │                    │ CVE-2026-75805      │          │              │                              │                          │ openssl: openssl: Denial of Service via crafted CMP          │
7 Container Image Scan	Full vulnerability report	2026-10-07T13:50:44.0995592Z │                    │                     │          │              │                              │                          │ certificate revocation response                              │
7 Container Image Scan	Full vulnerability report	2026-10-07T13:50:44.0995828Z │                    │                     │          │              │                              │                          │ https://avd.aquasec.com/nvd/cve-2026-75805                   │
7 Container Image Scan	Full vulnerability report	2026-10-07T13:50:44.0996113Z │                    ├─────────────────────┤          │              │                              ├──────────────────────────┼──────────────────────────────────────────────────────────────┤
7 Container Image Scan	Full vulnerability report	2026-10-07T13:50:44.0996432Z │                    │ CVE-2026-75806      │          │              │                              │                          │ openssl: OpenSSL: Denial of Service via undersized DTLS      │
7 Container Image Scan	Full vulnerability report	2026-10-07T13:50:44.0996650Z │                    │                     │          │              │                              │                          │ record                                                       │
7 Container Image Scan	Full vulnerability report	2026-10-07T13:50:44.0996892Z │                    │                     │          │              │                              │                          │ https://avd.aquasec.com/nvd/cve-2026-75806                   │
7 Container Image Scan	Full vulnerability report	2026-10-07T13:50:44.0997177Z │                    ├─────────────────────┤          │              │                              ├──────────────────────────┼──────────────────────────────────────────────────────────────┤
7 Container Image Scan	Full vulnerability report	2026-10-07T13:50:44.0997434Z │                    │ CVE-2026-77696      │          │              │                              │                          │ openssl: OpenSSL: Private key recovery via SM2 timing        │
7 Container Image Scan	Full vulnerability report	2026-10-07T13:50:44.0997668Z │                    │                     │          │              │                              │                          │ side-channel                                                 │
7 Container Image Scan	Full vulnerability report	2026-10-07T13:50:44.0997901Z │                    │                     │          │              │                              │                          │ https://avd.aquasec.com/nvd/cve-2026-77696                   │
7 Container Image Scan	Full vulnerability report	2026-10-07T13:50:44.0998284Z │                    ├─────────────────────┤          │              │                              ├──────────────────────────┼──────────────────────────────────────────────────────────────┤
7 Container Image Scan	Full vulnerability report	2026-10-07T13:50:44.0998539Z │                    │ CVE-2026-84784      │          │              │                              │                          │ openssl: OpenSSL: Denial of Service via unbounded QUIC       │
7 Container Image Scan	Full vulnerability report	2026-10-07T13:50:44.0998840Z │                    │                     │          │              │                              │                          │ connection identifier backlog                                │
7 Container Image Scan	Full vulnerability report	2026-10-07T13:50:44.0999077Z │                    │                     │          │              │                              │                          │ https://avd.aquasec.com/nvd/cve-2026-84784                   │
7 Container Image Scan	Full vulnerability report	2026-10-07T13:50:44.0999378Z │                    ├─────────────────────┼──────────┤              │                              ├──────────────────────────┼──────────────────────────────────────────────────────────────┤
7 Container Image Scan	Full vulnerability report	2026-10-07T13:50:44.0999637Z │                    │ CVE-2025-27587      │ LOW      │              │                              │                          │ OpenSSL 3.0.0 through 3.3.2 on the PowerPC architecture is   │
7 Container Image Scan	Full vulnerability report	2026-10-07T13:50:44.0999856Z │                    │                     │          │              │                              │                          │ vulnerable ......                                            │
7 Container Image Scan	Full vulnerability report	2026-10-07T13:50:44.1000181Z │                    │                     │          │              │                              │                          │ https://avd.aquasec.com/nvd/cve-2025-27587                   │
7 Container Image Scan	Full vulnerability report	2026-10-07T13:50:44.1000482Z │                    ├─────────────────────┤          ├──────────────┤                              ├──────────────────────────┼──────────────────────────────────────────────────────────────┤
7 Container Image Scan	Full vulnerability report	2026-10-07T13:50:44.1000776Z │                    │ CVE-2025-68160      │          │ fixed        │                              │ 1.1.1w-0+deb11u5         │ openssl: OpenSSL: Denial of Service due to out-of-bounds     │
7 Container Image Scan	Full vulnerability report	2026-10-07T13:50:44.1001001Z │                    │                     │          │              │                              │                          │ write in BIO filter...                                       │
7 Container Image Scan	Full vulnerability report	2026-10-07T13:50:44.1001238Z │                    │                     │          │              │                              │                          │ https://avd.aquasec.com/nvd/cve-2025-68160                   │
7 Container Image Scan	Full vulnerability report	2026-10-07T13:50:44.1001511Z │                    ├─────────────────────┤          │              │                              │                          ├──────────────────────────────────────────────────────────────┤
7 Container Image Scan	Full vulnerability report	2026-10-07T13:50:44.1001765Z │                    │ CVE-2025-69418      │          │              │                              │                          │ openssl: OpenSSL: Information disclosure and data tampering  │
7 Container Image Scan	Full vulnerability report	2026-10-07T13:50:44.1002091Z │                    │                     │          │              │                              │                          │ via specific low-level OCB encryption/decryption...          │
7 Container Image Scan	Full vulnerability report	2026-10-07T13:50:44.1002327Z │                    │                     │          │              │                              │                          │ https://avd.aquasec.com/nvd/cve-2025-69418                   │
7 Container Image Scan	Full vulnerability report	2026-10-07T13:50:44.1002597Z │                    ├─────────────────────┤          │              │                              │                          ├──────────────────────────────────────────────────────────────┤
7 Container Image Scan	Full vulnerability report	2026-10-07T13:50:44.1002849Z │                    │ CVE-2025-69420      │          │              │                              │                          │ openssl: OpenSSL: Denial of Service via malformed TimeStamp  │
7 Container Image Scan	Full vulnerability report	2026-10-07T13:50:44.1003078Z │                    │                     │          │              │                              │                          │ Response                                                     │
7 Container Image Scan	Full vulnerability report	2026-10-07T13:50:44.1003312Z │                    │                     │          │              │                              │                          │ https://avd.aquasec.com/nvd/cve-2025-69420                   │
7 Container Image Scan	Full vulnerability report	2026-10-07T13:50:44.1003572Z │                    ├─────────────────────┤          │              │                              │                          ├──────────────────────────────────────────────────────────────┤
7 Container Image Scan	Full vulnerability report	2026-10-07T13:50:44.1003897Z │                    │ CVE-2026-22795      │          │              │                              │                          │ openssl: OpenSSL: Denial of Service due to type confusion in │
7 Container Image Scan	Full vulnerability report	2026-10-07T13:50:44.1004116Z │                    │                     │          │              │                              │                          │ PKCS#12 file...                                              │
7 Container Image Scan	Full vulnerability report	2026-10-07T13:50:44.1004351Z │                    │                     │          │              │                              │                          │ https://avd.aquasec.com/nvd/cve-2026-22795                   │
7 Container Image Scan	Full vulnerability report	2026-10-07T13:50:44.1004614Z │                    ├─────────────────────┤          │              │                              │                          ├──────────────────────────────────────────────────────────────┤
7 Container Image Scan	Full vulnerability report	2026-10-07T13:50:44.1004865Z │                    │ CVE-2026-22796      │          │              │                              │                          │ openssl: OpenSSL: Denial of Service via type confusion in    │
7 Container Image Scan	Full vulnerability report	2026-10-07T13:50:44.1005103Z │                    │                     │          │              │                              │                          │ PKCS#7 signature verification...                             │
7 Container Image Scan	Full vulnerability report	2026-10-07T13:50:44.1005335Z │                    │                     │          │              │                              │                          │ https://avd.aquasec.com/nvd/cve-2026-22796                   │
7 Container Image Scan	Full vulnerability report	2026-10-07T13:50:44.1005690Z │                    ├─────────────────────┤          │              │                              ├──────────────────────────┼──────────────────────────────────────────────────────────────┤
7 Container Image Scan	Full vulnerability report	2026-10-07T13:50:44.1005964Z │                    │ CVE-2026-34180      │          │              │                              │ 1.1.1w-0+deb11u8         │ openssl: OpenSSL: Heap buffer over-read in ASN.1 decoding    │
7 Container Image Scan	Full vulnerability report	2026-10-07T13:50:44.1006192Z │                    │                     │          │              │                              │                          │ can lead to denial...                                        │
7 Container Image Scan	Full vulnerability report	2026-10-07T13:50:44.1006432Z │                    │                     │          │              │                              │                          │ https://avd.aquasec.com/nvd/cve-2026-34180                   │
7 Container Image Scan	Full vulnerability report	2026-10-07T13:50:44.1006742Z │                    ├─────────────────────┤          ├──────────────┤                              ├──────────────────────────┼──────────────────────────────────────────────────────────────┤
7 Container Image Scan	Full vulnerability report	2026-10-07T13:50:44.1007005Z │                    │ CVE-2026-35189      │          │ affected     │                              │                          │ openssl: openssl: Denial of Service via excessive memory     │
7 Container Image Scan	Full vulnerability report	2026-10-07T13:50:44.1007234Z │                    │                     │          │              │                              │                          │ allocation in CRL distribution...                            │
7 Container Image Scan	Full vulnerability report	2026-10-07T13:50:44.1007544Z │                    │                     │          │              │                              │                          │ https://avd.aquasec.com/nvd/cve-2026-35189                   │
7 Container Image Scan	Full vulnerability report	2026-10-07T13:50:44.1007830Z │                    ├─────────────────────┤          │              │                              ├──────────────────────────┼──────────────────────────────────────────────────────────────┤
7 Container Image Scan	Full vulnerability report	2026-10-07T13:50:44.1008090Z │                    │ CVE-2026-35191      │          │              │                              │                          │ openssl: openssl: Traffic amplification Denial of Service    │
7 Container Image Scan	Full vulnerability report	2026-10-07T13:50:44.1008320Z │                    │                     │          │              │                              │                          │ via QUIC packet over-accounting                              │
7 Container Image Scan	Full vulnerability report	2026-10-07T13:50:44.1008553Z │                    │                     │          │              │                              │                          │ https://avd.aquasec.com/nvd/cve-2026-35191                   │
7 Container Image Scan	Full vulnerability report	2026-10-07T13:50:44.1008949Z │                    ├─────────────────────┤          ├──────────────┤                              ├──────────────────────────┼──────────────────────────────────────────────────────────────┤
7 Container Image Scan	Full vulnerability report	2026-10-07T13:50:44.1009335Z │                    │ CVE-2026-42766      │          │ fixed        │                              │ 1.1.1w-0+deb11u8         │ openssl: Possible NULL Dereference in Password-Based CMS     │
7 Container Image Scan	Full vulnerability report	2026-10-07T13:50:44.1009558Z │                    │                     │          │              │                              │                          │ Decryption                                                   │
7 Container Image Scan	Full vulnerability report	2026-10-07T13:50:44.1009792Z │                    │                     │          │              │                              │                          │ https://avd.aquasec.com/nvd/cve-2026-42766                   │
7 Container Image Scan	Full vulnerability report	2026-10-07T13:50:44.1010098Z │                    ├─────────────────────┤          ├──────────────┤                              ├──────────────────────────┼──────────────────────────────────────────────────────────────┤
7 Container Image Scan	Full vulnerability report	2026-10-07T13:50:44.1010367Z │                    │ CVE-2026-54874      │          │ affected     │                              │                          │ openssl: excessive memory use buffering DTLS records for a   │
7 Container Image Scan	Full vulnerability report	2026-10-07T13:50:44.1010597Z │                    │                     │          │              │                              │                          │ future epoch                                                 │
7 Container Image Scan	Full vulnerability report	2026-10-07T13:50:44.1010834Z │                    │                     │          │              │                              │                          │ https://avd.aquasec.com/nvd/cve-2026-54874                   │
7 Container Image Scan	Full vulnerability report	2026-10-07T13:50:44.1011142Z │                    ├─────────────────────┤          │              │                              ├──────────────────────────┼──────────────────────────────────────────────────────────────┤
7 Container Image Scan	Full vulnerability report	2026-10-07T13:50:44.1011489Z │                    │ CVE-2026-63074      │          │              │                              │                          │ openssl: CMP indefinite cache growth of ExtraCerts           │
7 Container Image Scan	Full vulnerability report	2026-10-07T13:50:44.1011725Z │                    │                     │          │              │                              │                          │ https://avd.aquasec.com/nvd/cve-2026-63074                   │
7 Container Image Scan	Full vulnerability report	2026-10-07T13:50:44.1012034Z │                    ├─────────────────────┤          ├──────────────┤                              ├──────────────────────────┼──────────────────────────────────────────────────────────────┤
7 Container Image Scan	Full vulnerability report	2026-10-07T13:50:44.1012315Z │                    │ CVE-2026-7383       │          │ fixed        │                              │ 1.1.1w-0+deb11u8         │ openssl: OpenSSL: Heap buffer overflow due to signed integer │
7 Container Image Scan	Full vulnerability report	2026-10-07T13:50:44.1012543Z │                    │                     │          │              │                              │                          │ overflow in Unicode...                                       │
7 Container Image Scan	Full vulnerability report	2026-10-07T13:50:44.1012791Z │                    │                     │          │              │                              │                          │ https://avd.aquasec.com/nvd/cve-2026-7383                    │
7 Container Image Scan	Full vulnerability report	2026-10-07T13:50:44.1013157Z │                    ├─────────────────────┤          ├──────────────┤                              ├──────────────────────────┼──────────────────────────────────────────────────────────────┤
7 Container Image Scan	Full vulnerability report	2026-10-07T13:50:44.1013426Z │                    │ CVE-2026-75803      │          │ affected     │                              │                          │ openssl: openssl: AEAD forgeries possible with empty         │
7 Container Image Scan	Full vulnerability report	2026-10-07T13:50:44.1013657Z │                    │                     │          │              │                              │                          │ ciphertext in EVP_Cipher()                                   │
7 Container Image Scan	Full vulnerability report	2026-10-07T13:50:44.1013898Z │                    │                     │          │              │                              │                          │ https://avd.aquasec.com/nvd/cve-2026-75803                   │
7 Container Image Scan	Full vulnerability report	2026-10-07T13:50:44.1014200Z │                    ├─────────────────────┤          ├──────────────┤                              ├──────────────────────────┼──────────────────────────────────────────────────────────────┤
7 Container Image Scan	Full vulnerability report	2026-10-07T13:50:44.1014488Z │                    │ CVE-2026-9076       │          │ fixed        │                              │ 1.1.1w-0+deb11u8         │ openssl: OpenSSL: Denial of Service due to heap              │
7 Container Image Scan	Full vulnerability report	2026-10-07T13:50:44.1014717Z │                    │                     │          │              │                              │                          │ out-of-bounds read in CMS...                                 │
7 Container Image Scan	Full vulnerability report	2026-10-07T13:50:44.1014951Z │                    │                     │          │              │                              │                          │ https://avd.aquasec.com/nvd/cve-2026-9076                    │
7 Container Image Scan	Full vulnerability report	2026-10-07T13:50:44.1015372Z ├────────────────────┼─────────────────────┤          ├──────────────┼──────────────────────────────┼──────────────────────────┼──────────────────────────────────────────────────────────────┤
7 Container Image Scan	Full vulnerability report	2026-10-07T13:50:44.1015672Z │ passwd             │ CVE-2007-5686       │          │ affected     │ 1:4.8.1-1+deb11u1            │                          │ initscripts in rPath Linux 1 sets insecure permissions for   │
7 Container Image Scan	Full vulnerability report	2026-10-07T13:50:44.1015901Z │                    │                     │          │              │                              │                          │ the /var/lo ......                                           │
7 Container Image Scan	Full vulnerability report	2026-10-07T13:50:44.1016136Z │                    │                     │          │              │                              │                          │ https://avd.aquasec.com/nvd/cve-2007-5686                    │
7 Container Image Scan	Full vulnerability report	2026-10-07T13:50:44.1016432Z │                    ├─────────────────────┤          │              │                              ├──────────────────────────┼──────────────────────────────────────────────────────────────┤
7 Container Image Scan	Full vulnerability report	2026-10-07T13:50:44.1016689Z │                    │ CVE-2013-4235       │          │              │                              │                          │ shadow-utils: TOCTOU race conditions by copying and removing │
7 Container Image Scan	Full vulnerability report	2026-10-07T13:50:44.1016987Z │                    │                     │          │              │                              │                          │ directory trees                                              │
7 Container Image Scan	Full vulnerability report	2026-10-07T13:50:44.1017221Z │                    │                     │          │              │                              │                          │ https://avd.aquasec.com/nvd/cve-2013-4235                    │
7 Container Image Scan	Full vulnerability report	2026-10-07T13:50:44.1017522Z │                    ├─────────────────────┤          ├──────────────┤                              ├──────────────────────────┼──────────────────────────────────────────────────────────────┤
7 Container Image Scan	Full vulnerability report	2026-10-07T13:50:44.1017803Z │                    │ CVE-2024-56433      │          │ fix_deferred │                              │                          │ shadow-utils: Default subordinate ID configuration in        │
7 Container Image Scan	Full vulnerability report	2026-10-07T13:50:44.1018035Z │                    │                     │          │              │                              │                          │ /etc/login.defs could lead to compromise                     │
7 Container Image Scan	Full vulnerability report	2026-10-07T13:50:44.1018277Z │                    │                     │          │              │                              │                          │ https://avd.aquasec.com/nvd/cve-2024-56433                   │
7 Container Image Scan	Full vulnerability report	2026-10-07T13:50:44.1018576Z │                    ├─────────────────────┤          ├──────────────┤                              ├──────────────────────────┼──────────────────────────────────────────────────────────────┤
7 Container Image Scan	Full vulnerability report	2026-10-07T13:50:44.1018916Z │                    │ TEMP-0628843-DBAD28 │          │ affected     │                              │                          │ [more related to CVE-2005-4890]                              │
7 Container Image Scan	Full vulnerability report	2026-10-07T13:50:44.1019260Z │                    │                     │          │              │                              │                          │ https://security-tracker.debian.org/tracker/TEMP-0628843-DB- │
7 Container Image Scan	Full vulnerability report	2026-10-07T13:50:44.1019472Z │                    │                     │          │              │                              │                          │ AD28                                                         │
7 Container Image Scan	Full vulnerability report	2026-10-07T13:50:44.1019828Z ├────────────────────┼─────────────────────┼──────────┤              ├──────────────────────────────┼──────────────────────────┼──────────────────────────────────────────────────────────────┤
7 Container Image Scan	Full vulnerability report	2026-10-07T13:50:44.1020134Z │ perl-base          │ CVE-2026-13221      │ CRITICAL │              │ 5.32.1-4+deb11u4             │                          │ perl: Perl: Incorrect regular expression processing via      │
7 Container Image Scan	Full vulnerability report	2026-10-07T13:50:44.1020373Z │                    │                     │          │              │                              │                          │ large regular expressions                                    │
7 Container Image Scan	Full vulnerability report	2026-10-07T13:50:44.1020604Z │                    │                     │          │              │                              │                          │ https://avd.aquasec.com/nvd/cve-2026-13221                   │
7 Container Image Scan	Full vulnerability report	2026-10-07T13:50:44.1020984Z │                    ├─────────────────────┤          │              │                              ├──────────────────────────┼──────────────────────────────────────────────────────────────┤
7 Container Image Scan	Full vulnerability report	2026-10-07T13:50:44.1021247Z │                    │ CVE-2026-42496      │          │              │                              │                          │ perl-archive-tar: perl-archive-tar: Path traversal via       │
7 Container Image Scan	Full vulnerability report	2026-10-07T13:50:44.1021479Z │                    │                     │          │              │                              │                          │ crafted symlinks allows arbitrary file access                │
7 Container Image Scan	Full vulnerability report	2026-10-07T13:50:44.1021720Z │                    │                     │          │              │                              │                          │ https://avd.aquasec.com/nvd/cve-2026-42496                   │
7 Container Image Scan	Full vulnerability report	2026-10-07T13:50:44.1022019Z │                    ├─────────────────────┤          ├──────────────┤                              ├──────────────────────────┼──────────────────────────────────────────────────────────────┤
7 Container Image Scan	Full vulnerability report	2026-10-07T13:50:44.1022298Z │                    │ CVE-2026-8376       │          │ fix_deferred │                              │                          │ perl: Perl: Heap buffer overflow when compiling regular      │
7 Container Image Scan	Full vulnerability report	2026-10-07T13:50:44.1022528Z │                    │                     │          │              │                              │                          │ expressions on 32-bit builds...                              │
7 Container Image Scan	Full vulnerability report	2026-10-07T13:50:44.1022765Z │                    │                     │          │              │                              │                          │ https://avd.aquasec.com/nvd/cve-2026-8376                    │
7 Container Image Scan	Full vulnerability report	2026-10-07T13:50:44.1023144Z │                    ├─────────────────────┼──────────┼──────────────┤                              ├──────────────────────────┼──────────────────────────────────────────────────────────────┤
7 Container Image Scan	Full vulnerability report	2026-10-07T13:50:44.1023432Z │                    │ CVE-2026-42497      │ HIGH     │ affected     │                              │                          │ perl-Archive-Tar: perl-Archive-Tar: Arbitrary file           │
7 Container Image Scan	Full vulnerability report	2026-10-07T13:50:44.1023670Z │                    │                     │          │              │                              │                          │ modification via crafted hardlinks during archive extraction │
7 Container Image Scan	Full vulnerability report	2026-10-07T13:50:44.1023905Z │                    │                     │          │              │                              │                          │ https://avd.aquasec.com/nvd/cve-2026-42497                   │
7 Container Image Scan	Full vulnerability report	2026-10-07T13:50:44.1024199Z │                    ├─────────────────────┤          │              │                              ├──────────────────────────┼──────────────────────────────────────────────────────────────┤
7 Container Image Scan	Full vulnerability report	2026-10-07T13:50:44.1024479Z │                    │ CVE-2026-48962      │          │              │                              │                          │ perl-IO-Compress: perl-IO-Compress: Arbitrary code execution │
7 Container Image Scan	Full vulnerability report	2026-10-07T13:50:44.1024784Z │                    │                     │          │              │                              │                          │ via attacker-controlled output glob                          │
7 Container Image Scan	Full vulnerability report	2026-10-07T13:50:44.1025018Z │                    │                     │          │              │                              │                          │ https://avd.aquasec.com/nvd/cve-2026-48962                   │
7 Container Image Scan	Full vulnerability report	2026-10-07T13:50:44.1025302Z │                    ├─────────────────────┤          │              │                              ├──────────────────────────┼──────────────────────────────────────────────────────────────┤
7 Container Image Scan	Full vulnerability report	2026-10-07T13:50:44.1025569Z │                    │ CVE-2026-57432      │          │              │                              │                          │ perl: Perl: Information disclosure via integer overflow in   │
7 Container Image Scan	Full vulnerability report	2026-10-07T13:50:44.1025802Z │                    │                     │          │              │                              │                          │ pack/unpack operations                                       │
7 Container Image Scan	Full vulnerability report	2026-10-07T13:50:44.1026042Z │                    │                     │          │              │                              │                          │ https://avd.aquasec.com/nvd/cve-2026-57432                   │
7 Container Image Scan	Full vulnerability report	2026-10-07T13:50:44.1026330Z │                    ├─────────────────────┤          │              │                              ├──────────────────────────┼──────────────────────────────────────────────────────────────┤
7 Container Image Scan	Full vulnerability report	2026-10-07T13:50:44.1026660Z │                    │ CVE-2026-57433      │          │              │                              │                          │ Storable: Storable: Denial of Service via signed integer     │
7 Container Image Scan	Full vulnerability report	2026-10-07T13:50:44.1026894Z │                    │                     │          │              │                              │                          │ overflow in deserialization                                  │
7 Container Image Scan	Full vulnerability report	2026-10-07T13:50:44.1027135Z │                    │                     │          │              │                              │                          │ https://avd.aquasec.com/nvd/cve-2026-57433                   │
7 Container Image Scan	Full vulnerability report	2026-10-07T13:50:44.1027422Z │                    ├─────────────────────┤          │              │                              ├──────────────────────────┼──────────────────────────────────────────────────────────────┤
7 Container Image Scan	Full vulnerability report	2026-10-07T13:50:44.1027681Z │                    │ CVE-2026-9538       │          │              │                              │                          │ perl-Archive-Tar: perl-Archive-Tar: Denial of Service via    │
7 Container Image Scan	Full vulnerability report	2026-10-07T13:50:44.1027919Z │                    │                     │          │              │                              │                          │ crafted tar header with large entry...                       │
7 Container Image Scan	Full vulnerability report	2026-10-07T13:50:44.1028156Z │                    │                     │          │              │                              │                          │ https://avd.aquasec.com/nvd/cve-2026-9538                    │
7 Container Image Scan	Full vulnerability report	2026-10-07T13:50:44.1028555Z │                    ├─────────────────────┼──────────┤              │                              ├──────────────────────────┼──────────────────────────────────────────────────────────────┤
7 Container Image Scan	Full vulnerability report	2026-10-07T13:50:44.1029114Z │                    │ CVE-2025-15649      │ MEDIUM   │              │                              │                          │ perl-IO-Compress: perl-IO-Compress: Denial of Service via    │
7 Container Image Scan	Full vulnerability report	2026-10-07T13:50:44.1029353Z │                    │                     │          │              │                              │                          │ malformed DOS date in zip header...                          │
7 Container Image Scan	Full vulnerability report	2026-10-07T13:50:44.1029596Z │                    │                     │          │              │                              │                          │ https://avd.aquasec.com/nvd/cve-2025-15649                   │
7 Container Image Scan	Full vulnerability report	2026-10-07T13:50:44.1029895Z │                    ├─────────────────────┤          ├──────────────┤                              ├──────────────────────────┼──────────────────────────────────────────────────────────────┤
7 Container Image Scan	Full vulnerability report	2026-10-07T13:50:44.1030179Z │                    │ CVE-2025-40909      │          │ fixed        │                              │ 5.32.1-4+deb11u5         │ perl: Perl threads have a working directory race condition   │
7 Container Image Scan	Full vulnerability report	2026-10-07T13:50:44.1030403Z │                    │                     │          │              │                              │                          │ where file operations...                                     │
7 Container Image Scan	Full vulnerability report	2026-10-07T13:50:44.1030731Z │                    │                     │          │              │                              │                          │ https://avd.aquasec.com/nvd/cve-2025-40909                   │
7 Container Image Scan	Full vulnerability report	2026-10-07T13:50:44.1031032Z │                    ├─────────────────────┤          ├──────────────┤                              ├──────────────────────────┼──────────────────────────────────────────────────────────────┤
7 Container Image Scan	Full vulnerability report	2026-10-07T13:50:44.1031308Z │                    │ CVE-2026-12087      │          │ affected     │                              │                          │ perl-Socket: perl-Socket: Information Disclosure due to      │
7 Container Image Scan	Full vulnerability report	2026-10-07T13:50:44.1031532Z │                    │                     │          │              │                              │                          │ Out-of-Bounds Read                                           │
7 Container Image Scan	Full vulnerability report	2026-10-07T13:50:44.1031761Z │                    │                     │          │              │                              │                          │ https://avd.aquasec.com/nvd/cve-2026-12087                   │
7 Container Image Scan	Full vulnerability report	2026-10-07T13:50:44.1032052Z │                    ├─────────────────────┤          │              │                              ├──────────────────────────┼──────────────────────────────────────────────────────────────┤
7 Container Image Scan	Full vulnerability report	2026-10-07T13:50:44.1032301Z │                    │ CVE-2026-15534      │          │              │                              │                          │ perl: Perl: Arbitrary code execution via out-of-bounds       │
7 Container Image Scan	Full vulnerability report	2026-10-07T13:50:44.1032637Z │                    │                     │          │              │                              │                          │ memory access in regular expression...                       │
7 Container Image Scan	Full vulnerability report	2026-10-07T13:50:44.1032869Z │                    │                     │          │              │                              │                          │ https://avd.aquasec.com/nvd/cve-2026-15534                   │
7 Container Image Scan	Full vulnerability report	2026-10-07T13:50:44.1033154Z │                    ├─────────────────────┤          │              │                              ├──────────────────────────┼──────────────────────────────────────────────────────────────┤
7 Container Image Scan	Full vulnerability report	2026-10-07T13:50:44.1033414Z │                    │ CVE-2026-19487      │          │              │                              │                          │ perl: Perl: Incorrect regular expression matching can lead   │
7 Container Image Scan	Full vulnerability report	2026-10-07T13:50:44.1033647Z │                    │                     │          │              │                              │                          │ to wrong access or...                                        │
7 Container Image Scan	Full vulnerability report	2026-10-07T13:50:44.1033878Z │                    │                     │          │              │                              │                          │ https://avd.aquasec.com/nvd/cve-2026-19487                   │
7 Container Image Scan	Full vulnerability report	2026-10-07T13:50:44.1034164Z │                    ├─────────────────────┤          │              │                              ├──────────────────────────┼──────────────────────────────────────────────────────────────┤
7 Container Image Scan	Full vulnerability report	2026-10-07T13:50:44.1034499Z │                    │ CVE-2026-48959      │          │              │                              │                          │ perl-IO-Compress: perl-IO-Compress: CPU exhaustion via       │
7 Container Image Scan	Full vulnerability report	2026-10-07T13:50:44.1034726Z │                    │                     │          │              │                              │                          │ per-byte read loop in fastForward                            │
7 Container Image Scan	Full vulnerability report	2026-10-07T13:50:44.1034966Z │                    │                     │          │              │                              │                          │ https://avd.aquasec.com/nvd/cve-2026-48959                   │
7 Container Image Scan	Full vulnerability report	2026-10-07T13:50:44.1035251Z │                    ├─────────────────────┤          │              │                              ├──────────────────────────┼──────────────────────────────────────────────────────────────┤
7 Container Image Scan	Full vulnerability report	2026-10-07T13:50:44.1039220Z │                    │ CVE-2026-48961      │          │              │                              │                          │ perl-IO-Compress: IO::Compress: Denial of Service in         │
7 Container Image Scan	Full vulnerability report	2026-10-07T13:50:44.1039496Z │                    │                     │          │              │                              │                          │ zipdetails CLI tool via malformed Info-ZIP...                │
7 Container Image Scan	Full vulnerability report	2026-10-07T13:50:44.1039736Z │                    │                     │          │              │                              │                          │ https://avd.aquasec.com/nvd/cve-2026-48961                   │
7 Container Image Scan	Full vulnerability report	2026-10-07T13:50:44.1040164Z │                    ├─────────────────────┤          │              │                              ├──────────────────────────┼──────────────────────────────────────────────────────────────┤
7 Container Image Scan	Full vulnerability report	2026-10-07T13:50:44.1040495Z │                    │ CVE-2026-7010       │          │              │                              │                          │ HTTP::Tiny versions before 0.093 for Perl do not validate    │
7 Container Image Scan	Full vulnerability report	2026-10-07T13:50:44.1040713Z │                    │                     │          │              │                              │                          │ CRLF in HTTP...                                              │
7 Container Image Scan	Full vulnerability report	2026-10-07T13:50:44.1040954Z │                    │                     │          │              │                              │                          │ https://avd.aquasec.com/nvd/cve-2026-7010                    │
7 Container Image Scan	Full vulnerability report	2026-10-07T13:50:44.1041246Z │                    ├─────────────────────┤          │              │                              ├──────────────────────────┼──────────────────────────────────────────────────────────────┤
7 Container Image Scan	Full vulnerability report	2026-10-07T13:50:44.1041527Z │                    │ CVE-2026-7017       │          │              │                              │                          │ HTTP::Tiny versions before 0.095 for Perl forward credential │
7 Container Image Scan	Full vulnerability report	2026-10-07T13:50:44.1041744Z │                    │                     │          │              │                              │                          │ headers t ...                                                │
7 Container Image Scan	Full vulnerability report	2026-10-07T13:50:44.1042084Z │                    │                     │          │              │                              │                          │ https://avd.aquasec.com/nvd/cve-2026-7017                    │
7 Container Image Scan	Full vulnerability report	2026-10-07T13:50:44.1042376Z │                    ├─────────────────────┼──────────┤              │                              ├──────────────────────────┼──────────────────────────────────────────────────────────────┤
7 Container Image Scan	Full vulnerability report	2026-10-07T13:50:44.1042680Z │                    │ CVE-2011-4116       │ LOW      │              │                              │                          │ perl: File:: Temp insecure temporary file handling           │
7 Container Image Scan	Full vulnerability report	2026-10-07T13:50:44.1042915Z │                    │                     │          │              │                              │                          │ https://avd.aquasec.com/nvd/cve-2011-4116                    │
7 Container Image Scan	Full vulnerability report	2026-10-07T13:50:44.1043197Z │                    ├─────────────────────┤          │              │                              ├──────────────────────────┼──────────────────────────────────────────────────────────────┤
7 Container Image Scan	Full vulnerability report	2026-10-07T13:50:44.1043462Z │                    │ CVE-2023-31486      │          │              │                              │                          │ http-tiny: perl: insecure TLS cert default                   │
7 Container Image Scan	Full vulnerability report	2026-10-07T13:50:44.1043696Z │                    │                     │          │              │                              │                          │ https://avd.aquasec.com/nvd/cve-2023-31486                   │
7 Container Image Scan	Full vulnerability report	2026-10-07T13:50:44.1044065Z │                    ├─────────────────────┼──────────┤              │                              ├──────────────────────────┼──────────────────────────────────────────────────────────────┤
7 Container Image Scan	Full vulnerability report	2026-10-07T13:50:44.1044363Z │                    │ CVE-2026-82560      │ UNKNOWN  │              │                              │                          │ Pod::Text versions before 6.1.1 for Perl allow CPU and       │
7 Container Image Scan	Full vulnerability report	2026-10-07T13:50:44.1044597Z │                    │                     │          │              │                              │                          │ memory exhausti ......                                       │
7 Container Image Scan	Full vulnerability report	2026-10-07T13:50:44.1044828Z │                    │                     │          │              │                              │                          │ https://avd.aquasec.com/nvd/cve-2026-82560                   │
7 Container Image Scan	Full vulnerability report	2026-10-07T13:50:44.1045188Z ├────────────────────┼─────────────────────┼──────────┼──────────────┼──────────────────────────────┼──────────────────────────┼──────────────────────────────────────────────────────────────┤
7 Container Image Scan	Full vulnerability report	2026-10-07T13:50:44.1045473Z │ sed                │ CVE-2026-5958       │ MEDIUM   │ fix_deferred │ 4.7-1                        │                          │ sed: GNU sed TOCTOU race condition                           │
7 Container Image Scan	Full vulnerability report	2026-10-07T13:50:44.1045707Z │                    │                     │          │              │                              │                          │ https://avd.aquasec.com/nvd/cve-2026-5958                    │
7 Container Image Scan	Full vulnerability report	2026-10-07T13:50:44.1046134Z ├────────────────────┼─────────────────────┼──────────┼──────────────┼──────────────────────────────┼──────────────────────────┼──────────────────────────────────────────────────────────────┤
7 Container Image Scan	Full vulnerability report	2026-10-07T13:50:44.1046459Z │ sysvinit-utils     │ TEMP-0517018-A83CE6 │ LOW      │ affected     │ 2.96-7+deb11u1               │                          │ [sysvinit: no-root option in expert installer exposes        │
7 Container Image Scan	Full vulnerability report	2026-10-07T13:50:44.1046708Z │                    │                     │          │              │                              │                          │ locally exploitable security flaw]                           │
7 Container Image Scan	Full vulnerability report	2026-10-07T13:50:44.1046958Z │                    │                     │          │              │                              │                          │ https://security-tracker.debian.org/tracker/TEMP-0517018-A8- │
7 Container Image Scan	Full vulnerability report	2026-10-07T13:50:44.1047169Z │                    │                     │          │              │                              │                          │ 3CE6                                                         │
7 Container Image Scan	Full vulnerability report	2026-10-07T13:50:44.1047520Z ├────────────────────┼─────────────────────┼──────────┤              ├──────────────────────────────┼──────────────────────────┼──────────────────────────────────────────────────────────────┤
7 Container Image Scan	Full vulnerability report	2026-10-07T13:50:44.1047813Z │ tar                │ CVE-2026-18477      │ MEDIUM   │              │ 1.34+dfsg-1+deb11u1          │                          │ tar: tar: TOCTOU in incremental dumpdir 'X' rename handling  │
7 Container Image Scan	Full vulnerability report	2026-10-07T13:50:44.1048112Z │                    │                     │          │              │                              │                          │ allows restore path...                                       │
7 Container Image Scan	Full vulnerability report	2026-10-07T13:50:44.1048343Z │                    │                     │          │              │                              │                          │ https://avd.aquasec.com/nvd/cve-2026-18477                   │
7 Container Image Scan	Full vulnerability report	2026-10-07T13:50:44.1048816Z │                    ├─────────────────────┤          │              │                              ├──────────────────────────┼──────────────────────────────────────────────────────────────┤
7 Container Image Scan	Full vulnerability report	2026-10-07T13:50:44.1049074Z │                    │ CVE-2026-18508      │          │              │                              │                          │ tar: tar: --one-top-level hardlink targets not confined to   │
7 Container Image Scan	Full vulnerability report	2026-10-07T13:50:44.1049315Z │                    │                     │          │              │                              │                          │ top-level directory enabling arbitrary...                    │
7 Container Image Scan	Full vulnerability report	2026-10-07T13:50:44.1049549Z │                    │                     │          │              │                              │                          │ https://avd.aquasec.com/nvd/cve-2026-18508                   │
7 Container Image Scan	Full vulnerability report	2026-10-07T13:50:44.1049850Z │                    ├─────────────────────┤          ├──────────────┤                              ├──────────────────────────┼──────────────────────────────────────────────────────────────┤
7 Container Image Scan	Full vulnerability report	2026-10-07T13:50:44.1050127Z │                    │ CVE-2026-5704       │          │ fix_deferred │                              │                          │ tar: tar: Hidden file injection via crafted archives         │
7 Container Image Scan	Full vulnerability report	2026-10-07T13:50:44.1050361Z │                    │                     │          │              │                              │                          │ https://avd.aquasec.com/nvd/cve-2026-5704                    │
7 Container Image Scan	Full vulnerability report	2026-10-07T13:50:44.1050678Z │                    ├─────────────────────┼──────────┼──────────────┤                              ├──────────────────────────┼──────────────────────────────────────────────────────────────┤
7 Container Image Scan	Full vulnerability report	2026-10-07T13:50:44.1050948Z │                    │ CVE-2005-2541       │ LOW      │ affected     │                              │                          │ tar: does not properly warn the user when extracting setuid  │
7 Container Image Scan	Full vulnerability report	2026-10-07T13:50:44.1051166Z │                    │                     │          │              │                              │                          │ or setgid...                                                 │
7 Container Image Scan	Full vulnerability report	2026-10-07T13:50:44.1051416Z │                    │                     │          │              │                              │                          │ https://avd.aquasec.com/nvd/cve-2005-2541                    │
7 Container Image Scan	Full vulnerability report	2026-10-07T13:50:44.1051804Z │                    ├─────────────────────┤          │              │                              ├──────────────────────────┼──────────────────────────────────────────────────────────────┤
7 Container Image Scan	Full vulnerability report	2026-10-07T13:50:44.1052064Z │                    │ TEMP-0290435-0B57B5 │          │              │                              │                          │ [tar's rmt command may have undesired side effects]          │
7 Container Image Scan	Full vulnerability report	2026-10-07T13:50:44.1052314Z │                    │                     │          │              │                              │                          │ https://security-tracker.debian.org/tracker/TEMP-0290435-0B- │
7 Container Image Scan	Full vulnerability report	2026-10-07T13:50:44.1052628Z │                    │                     │          │              │                              │                          │ 57B5                                                         │
7 Container Image Scan	Full vulnerability report	2026-10-07T13:50:44.1052983Z ├────────────────────┼─────────────────────┼──────────┼──────────────┼──────────────────────────────┼──────────────────────────┼──────────────────────────────────────────────────────────────┤
7 Container Image Scan	Full vulnerability report	2026-10-07T13:50:44.1053307Z │ tzdata             │ DLA-4403-1          │ UNKNOWN  │ fixed        │ 2025b-0+deb11u1              │ 2025b-0+deb11u2          │ tzdata - new timezone database                               │
7 Container Image Scan	Full vulnerability report	2026-10-07T13:50:44.1053564Z │                    ├─────────────────────┤          │              │                              ├──────────────────────────┤                                                              │
7 Container Image Scan	Full vulnerability report	2026-10-07T13:50:44.1053807Z │                    │ DLA-4569-1          │          │              │                              │ 2026b-0+deb11u1          │                                                              │
7 Container Image Scan	Full vulnerability report	2026-10-07T13:50:44.1054172Z ├────────────────────┼─────────────────────┼──────────┼──────────────┼──────────────────────────────┼──────────────────────────┼──────────────────────────────────────────────────────────────┤
7 Container Image Scan	Full vulnerability report	2026-10-07T13:50:44.1054481Z │ util-linux         │ CVE-2026-53613      │ HIGH     │ affected     │ 2.36.1-8+deb11u2             │                          │ util-linux: util-linux: TOCTOU in the mount program via      │
7 Container Image Scan	Full vulnerability report	2026-10-07T13:50:44.1054788Z │                    │                     │          │              │                              │                          │ ancestor directory swap on...                                │
7 Container Image Scan	Full vulnerability report	2026-10-07T13:50:44.1055024Z │                    │                     │          │              │                              │                          │ https://avd.aquasec.com/nvd/cve-2026-53613                   │
7 Container Image Scan	Full vulnerability report	2026-10-07T13:50:44.1055307Z │                    ├─────────────────────┤          │              │                              ├──────────────────────────┼──────────────────────────────────────────────────────────────┤
7 Container Image Scan	Full vulnerability report	2026-10-07T13:50:44.1055574Z │                    │ CVE-2026-76642      │          │              │                              │                          │ util-linux: util-linux: failed external mount helper still   │
7 Container Image Scan	Full vulnerability report	2026-10-07T13:50:44.1055814Z │                    │                     │          │              │                              │                          │ runs privileged X-mount post-hooks                           │
7 Container Image Scan	Full vulnerability report	2026-10-07T13:50:44.1056046Z │                    │                     │          │              │                              │                          │ https://avd.aquasec.com/nvd/cve-2026-76642                   │
7 Container Image Scan	Full vulnerability report	2026-10-07T13:50:44.1056331Z │                    ├─────────────────────┤          │              │                              ├──────────────────────────┼──────────────────────────────────────────────────────────────┤
7 Container Image Scan	Full vulnerability report	2026-10-07T13:50:44.1056656Z │                    │ CVE-2026-78408      │          │              │                              │                          │ util-linux: util-linux: nsenter --join-cgroup leaks root     │
7 Container Image Scan	Full vulnerability report	2026-10-07T13:50:44.1056883Z │                    │                     │          │              │                              │                          │ cgroup migration authority                                   │
7 Container Image Scan	Full vulnerability report	2026-10-07T13:50:44.1057124Z │                    │                     │          │              │                              │                          │ https://avd.aquasec.com/nvd/cve-2026-78408                   │
7 Container Image Scan	Full vulnerability report	2026-10-07T13:50:44.1057410Z │                    ├─────────────────────┤          │              │                              ├──────────────────────────┼──────────────────────────────────────────────────────────────┤
7 Container Image Scan	Full vulnerability report	2026-10-07T13:50:44.1057665Z │                    │ CVE-2026-78409      │          │              │                              │                          │ util-linux: util-linux: X-mount.subdir detached-tree         │
7 Container Image Scan	Full vulnerability report	2026-10-07T13:50:44.1057905Z │                    │                     │          │              │                              │                          │ resolution can escape via intermediate symlinks              │
7 Container Image Scan	Full vulnerability report	2026-10-07T13:50:44.1058138Z │                    │                     │          │              │                              │                          │ https://avd.aquasec.com/nvd/cve-2026-78409                   │
7 Container Image Scan	Full vulnerability report	2026-10-07T13:50:44.1058491Z │                    ├─────────────────────┤          │              │                              ├──────────────────────────┼──────────────────────────────────────────────────────────────┤
7 Container Image Scan	Full vulnerability report	2026-10-07T13:50:44.1058819Z │                    │ CVE-2026-78410      │          │              │                              │                          │ util-linux: util-linux: restricted bind mounts do not pin    │
7 Container Image Scan	Full vulnerability report	2026-10-07T13:50:44.1059058Z │                    │                     │          │              │                              │                          │ the source, allowing X-mount.owner/group/mode...             │
7 Container Image Scan	Full vulnerability report	2026-10-07T13:50:44.1059288Z │                    │                     │          │              │                              │                          │ https://avd.aquasec.com/nvd/cve-2026-78410                   │
7 Container Image Scan	Full vulnerability report	2026-10-07T13:50:44.1059593Z │                    ├─────────────────────┼──────────┤              │                              ├──────────────────────────┼──────────────────────────────────────────────────────────────┤
7 Container Image Scan	Full vulnerability report	2026-10-07T13:50:44.1059853Z │                    │ CVE-2026-13595      │ MEDIUM   │              │                              │                          │ util-linux: util-linux: heap use-after-free in libblkid      │
7 Container Image Scan	Full vulnerability report	2026-10-07T13:50:44.1060081Z │                    │                     │          │              │                              │                          │ nested partition probing                                     │
7 Container Image Scan	Full vulnerability report	2026-10-07T13:50:44.1060451Z │                    │                     │          │              │                              │                          │ https://avd.aquasec.com/nvd/cve-2026-13595                   │
7 Container Image Scan	Full vulnerability report	2026-10-07T13:50:44.1060749Z │                    ├─────────────────────┤          ├──────────────┤                              ├──────────────────────────┼──────────────────────────────────────────────────────────────┤
7 Container Image Scan	Full vulnerability report	2026-10-07T13:50:44.1061032Z │                    │ CVE-2026-27456      │          │ fix_deferred │                              │                          │ util-linux: TOCTOU in the mount program when setting up loop │
7 Container Image Scan	Full vulnerability report	2026-10-07T13:50:44.1061250Z │                    │                     │          │              │                              │                          │ devices                                                      │
7 Container Image Scan	Full vulnerability report	2026-10-07T13:50:44.1061487Z │                    │                     │          │              │                              │                          │ https://avd.aquasec.com/nvd/cve-2026-27456                   │
7 Container Image Scan	Full vulnerability report	2026-10-07T13:50:44.1061794Z │                    ├─────────────────────┤          ├──────────────┤                              ├──────────────────────────┼──────────────────────────────────────────────────────────────┤
7 Container Image Scan	Full vulnerability report	2026-10-07T13:50:44.1062066Z │                    │ CVE-2026-3184       │          │ will_not_fix │                              │                          │ util-linux: util-linux: Access control bypass due to         │
7 Container Image Scan	Full vulnerability report	2026-10-07T13:50:44.1062406Z │                    │                     │          │              │                              │                          │ improper hostname canonicalization                           │
7 Container Image Scan	Full vulnerability report	2026-10-07T13:50:44.1062638Z │                    │                     │          │              │                              │                          │ https://avd.aquasec.com/nvd/cve-2026-3184                    │
7 Container Image Scan	Full vulnerability report	2026-10-07T13:50:44.1062946Z │                    ├─────────────────────┤          ├──────────────┤                              ├──────────────────────────┼──────────────────────────────────────────────────────────────┤
7 Container Image Scan	Full vulnerability report	2026-10-07T13:50:44.1063208Z │                    │ CVE-2026-53615      │          │ affected     │                              │                          │ [Integer Overflow or Wraparound in                           │
7 Container Image Scan	Full vulnerability report	2026-10-07T13:50:44.1063447Z │                    │                     │          │              │                              │                          │ libblkid/src/partitions/dos.c]                               │
7 Container Image Scan	Full vulnerability report	2026-10-07T13:50:44.1063682Z │                    │                     │          │              │                              │                          │ https://avd.aquasec.com/nvd/cve-2026-53615                   │
7 Container Image Scan	Full vulnerability report	2026-10-07T13:50:44.1063980Z │                    ├─────────────────────┼──────────┤              │                              ├──────────────────────────┼──────────────────────────────────────────────────────────────┤
7 Container Image Scan	Full vulnerability report	2026-10-07T13:50:44.1064310Z │                    │ CVE-2022-0563       │ LOW      │              │                              │                          │ util-linux: partial disclosure of arbitrary files in chfn    │
7 Container Image Scan	Full vulnerability report	2026-10-07T13:50:44.1064536Z │                    │                     │          │              │                              │                          │ and chsh when compiled...                                    │
7 Container Image Scan	Full vulnerability report	2026-10-07T13:50:44.1064781Z │                    │                     │          │              │                              │                          │ https://avd.aquasec.com/nvd/cve-2022-0563                    │
7 Container Image Scan	Full vulnerability report	2026-10-07T13:50:44.1065069Z │                    ├─────────────────────┤          │              │                              ├──────────────────────────┼──────────────────────────────────────────────────────────────┤
7 Container Image Scan	Full vulnerability report	2026-10-07T13:50:44.1065323Z │                    │ CVE-2025-14104      │          │              │                              │                          │ util-linux: util-linux: Heap buffer overread in setpwnam()   │
7 Container Image Scan	Full vulnerability report	2026-10-07T13:50:44.1065568Z │                    │                     │          │              │                              │                          │ when processing 256-byte usernames                           │
7 Container Image Scan	Full vulnerability report	2026-10-07T13:50:44.1065871Z │                    │                     │          │              │                              │                          │ https://avd.aquasec.com/nvd/cve-2025-14104                   │
7 Container Image Scan	Full vulnerability report	2026-10-07T13:50:44.1066229Z ├────────────────────┼─────────────────────┼──────────┼──────────────┼──────────────────────────────┼──────────────────────────┼──────────────────────────────────────────────────────────────┤
7 Container Image Scan	Full vulnerability report	2026-10-07T13:50:44.1066549Z │ zlib1g             │ CVE-2023-45853      │ CRITICAL │ will_not_fix │ 1:1.2.11.dfsg-2+deb11u2      │                          │ zlib: integer overflow and resultant heap-based buffer       │
7 Container Image Scan	Full vulnerability report	2026-10-07T13:50:44.1066797Z │                    │                     │          │              │                              │                          │ overflow in zipOpenNewFileInZip4_6                           │
7 Container Image Scan	Full vulnerability report	2026-10-07T13:50:44.1067030Z │                    │                     │          │              │                              │                          │ https://avd.aquasec.com/nvd/cve-2023-45853                   │
7 Container Image Scan	Full vulnerability report	2026-10-07T13:50:44.1067348Z │                    ├─────────────────────┼──────────┼──────────────┤                              ├──────────────────────────┼──────────────────────────────────────────────────────────────┤
7 Container Image Scan	Full vulnerability report	2026-10-07T13:50:44.1067627Z │                    │ CVE-2026-27171      │ MEDIUM   │ fix_deferred │                              │                          │ zlib: zlib: Denial of Service via infinite loop in CRC32     │
7 Container Image Scan	Full vulnerability report	2026-10-07T13:50:44.1067854Z │                    │                     │          │              │                              │                          │ combine functions...                                         │
7 Container Image Scan	Full vulnerability report	2026-10-07T13:50:44.1068160Z │                    │                     │          │              │                              │                          │ https://avd.aquasec.com/nvd/cve-2026-27171                   │
7 Container Image Scan	Full vulnerability report	2026-10-07T13:50:44.1068460Z │                    ├─────────────────────┤          ├──────────────┤                              ├──────────────────────────┼──────────────────────────────────────────────────────────────┤
7 Container Image Scan	Full vulnerability report	2026-10-07T13:50:44.1068853Z │                    │ CVE-2026-85091      │          │ affected     │                              │                          │ zlib versions 1.3.1.2 through 1.3.2 contain a heap buffer    │
7 Container Image Scan	Full vulnerability report	2026-10-07T13:50:44.1069080Z │                    │                     │          │              │                              │                          │ overflow vul ......                                          │
7 Container Image Scan	Full vulnerability report	2026-10-07T13:50:44.1069320Z │                    │                     │          │              │                              │                          │ https://avd.aquasec.com/nvd/cve-2026-85091                   │
7 Container Image Scan	Full vulnerability report	2026-10-07T13:50:44.1069677Z └────────────────────┴─────────────────────┴──────────┴──────────────┴──────────────────────────────┴──────────────────────────┴──────────────────────────────────────────────────────────────┘
7 Container Image Scan	Full vulnerability report	2026-10-07T13:50:44.1069775Z 
7 Container Image Scan	Full vulnerability report	2026-10-07T13:50:44.1069838Z Python (python-pkg)
7 Container Image Scan	Full vulnerability report	2026-10-07T13:50:44.1069887Z ===================
7 Container Image Scan	Full vulnerability report	2026-10-07T13:50:44.1069986Z Total: 10 (UNKNOWN: 0, LOW: 1, MEDIUM: 6, HIGH: 3, CRITICAL: 0)
7 Container Image Scan	Full vulnerability report	2026-10-07T13:50:44.1069992Z 
7 Container Image Scan	Full vulnerability report	2026-10-07T13:50:44.1070303Z ┌───────────────────────┬────────────────┬──────────┬────────┬───────────────────┬───────────────┬──────────────────────────────────────────────────────────────┐
7 Container Image Scan	Full vulnerability report	2026-10-07T13:50:44.1070584Z │        Library        │ Vulnerability  │ Severity │ Status │ Installed Version │ Fixed Version │                            Title                             │
7 Container Image Scan	Full vulnerability report	2026-10-07T13:50:44.1070902Z ├───────────────────────┼────────────────┼──────────┼────────┼───────────────────┼───────────────┼──────────────────────────────────────────────────────────────┤
7 Container Image Scan	Full vulnerability report	2026-10-07T13:50:44.1071175Z │ pip (METADATA)        │ CVE-2025-8869  │ MEDIUM   │ fixed  │ 24.0              │ 25.3          │ pip: pip missing checks on symbolic link extraction          │
7 Container Image Scan	Full vulnerability report	2026-10-07T13:50:44.1071400Z │                       │                │          │        │                   │               │ https://avd.aquasec.com/nvd/cve-2025-8869                    │
7 Container Image Scan	Full vulnerability report	2026-10-07T13:50:44.1071645Z │                       ├────────────────┤          │        │                   ├───────────────┼──────────────────────────────────────────────────────────────┤
7 Container Image Scan	Full vulnerability report	2026-10-07T13:50:44.1071883Z │                       │ CVE-2026-13346 │          │        │                   │ 26.2.0        │ pip: pip: Arbitrary file installation via malicious package  │
7 Container Image Scan	Full vulnerability report	2026-10-07T13:50:44.1072074Z │                       │                │          │        │                   │               │ indexes                                                      │
7 Container Image Scan	Full vulnerability report	2026-10-07T13:50:44.1072377Z │                       │                │          │        │                   │               │ https://avd.aquasec.com/nvd/cve-2026-13346                   │
7 Container Image Scan	Full vulnerability report	2026-10-07T13:50:44.1072622Z │                       ├────────────────┤          │        │                   ├───────────────┼──────────────────────────────────────────────────────────────┤
7 Container Image Scan	Full vulnerability report	2026-10-07T13:50:44.1072862Z │                       │ CVE-2026-3219  │          │        │                   │ 26.1          │ pip: pip: Incorrect file installation due to improper        │
7 Container Image Scan	Full vulnerability report	2026-10-07T13:50:44.1073060Z │                       │                │          │        │                   │               │ archive handling                                             │
7 Container Image Scan	Full vulnerability report	2026-10-07T13:50:44.1073268Z │                       │                │          │        │                   │               │ https://avd.aquasec.com/nvd/cve-2026-3219                    │
7 Container Image Scan	Full vulnerability report	2026-10-07T13:50:44.1073507Z │                       ├────────────────┤          │        │                   │               ├──────────────────────────────────────────────────────────────┤
7 Container Image Scan	Full vulnerability report	2026-10-07T13:50:44.1073729Z │                       │ CVE-2026-6357  │          │        │                   │               │ pip: pip: Arbitrary code execution or information disclosure │
7 Container Image Scan	Full vulnerability report	2026-10-07T13:50:44.1073999Z │                       │                │          │        │                   │               │ via malicious wheel package...                               │
7 Container Image Scan	Full vulnerability report	2026-10-07T13:50:44.1074208Z │                       │                │          │        │                   │               │ https://avd.aquasec.com/nvd/cve-2026-6357                    │
7 Container Image Scan	Full vulnerability report	2026-10-07T13:50:44.1074452Z │                       ├────────────────┤          │        │                   ├───────────────┼──────────────────────────────────────────────────────────────┤
7 Container Image Scan	Full vulnerability report	2026-10-07T13:50:44.1074753Z │                       │ CVE-2026-8643  │          │        │                   │ 26.1.2        │ python-pip: Path traversal via malicious entry point name in │
7 Container Image Scan	Full vulnerability report	2026-10-07T13:50:44.1074960Z │                       │                │          │        │                   │               │ pip wheel installation...                                    │
7 Container Image Scan	Full vulnerability report	2026-10-07T13:50:44.1075179Z │                       │                │          │        │                   │               │ https://avd.aquasec.com/nvd/cve-2026-8643                    │
7 Container Image Scan	Full vulnerability report	2026-10-07T13:50:44.1075438Z │                       ├────────────────┼──────────┤        │                   ├───────────────┼──────────────────────────────────────────────────────────────┤
7 Container Image Scan	Full vulnerability report	2026-10-07T13:50:44.1075675Z │                       │ CVE-2026-1703  │ LOW      │        │                   │ 26.0          │ pip: pip: Information disclosure via path traversal when     │
7 Container Image Scan	Full vulnerability report	2026-10-07T13:50:44.1075881Z │                       │                │          │        │                   │               │ installing crafted wheel archives...                         │
7 Container Image Scan	Full vulnerability report	2026-10-07T13:50:44.1076096Z │                       │                │          │        │                   │               │ https://avd.aquasec.com/nvd/cve-2026-1703                    │
7 Container Image Scan	Full vulnerability report	2026-10-07T13:50:44.1076392Z ├───────────────────────┼────────────────┼──────────┤        ├───────────────────┼───────────────┼──────────────────────────────────────────────────────────────┤
7 Container Image Scan	Full vulnerability report	2026-10-07T13:50:44.1076678Z │ setuptools (METADATA) │ CVE-2024-6345  │ HIGH     │        │ 65.5.1            │ 70.0.0        │ pypa/setuptools: Remote code execution via download          │
7 Container Image Scan	Full vulnerability report	2026-10-07T13:50:44.1076884Z │                       │                │          │        │                   │               │ functions in the package_index module in...                  │
7 Container Image Scan	Full vulnerability report	2026-10-07T13:50:44.1077088Z │                       │                │          │        │                   │               │ https://avd.aquasec.com/nvd/cve-2024-6345                    │
7 Container Image Scan	Full vulnerability report	2026-10-07T13:50:44.1077342Z │                       ├────────────────┤          │        │                   ├───────────────┼──────────────────────────────────────────────────────────────┤
7 Container Image Scan	Full vulnerability report	2026-10-07T13:50:44.1077580Z │                       │ CVE-2025-47273 │          │        │                   │ 78.1.1        │ setuptools: Path Traversal Vulnerability in setuptools       │
7 Container Image Scan	Full vulnerability report	2026-10-07T13:50:44.1077847Z │                       │                │          │        │                   │               │ PackageIndex                                                 │
7 Container Image Scan	Full vulnerability report	2026-10-07T13:50:44.1078055Z │                       │                │          │        │                   │               │ https://avd.aquasec.com/nvd/cve-2025-47273                   │
7 Container Image Scan	Full vulnerability report	2026-10-07T13:50:44.1078311Z │                       ├────────────────┼──────────┤        │                   ├───────────────┼──────────────────────────────────────────────────────────────┤
7 Container Image Scan	Full vulnerability report	2026-10-07T13:50:44.1078699Z │                       │ CVE-2026-59890 │ MEDIUM   │        │                   │ 83.0.0        │ setuptools: setuptools: MANIFEST.in exclusion bypass in      │
7 Container Image Scan	Full vulnerability report	2026-10-07T13:50:44.1078905Z │                       │                │          │        │                   │               │ sdist via Unicode normalization collision (NFC/NFD)...       │
7 Container Image Scan	Full vulnerability report	2026-10-07T13:50:44.1079111Z │                       │                │          │        │                   │               │ https://avd.aquasec.com/nvd/cve-2026-59890                   │
7 Container Image Scan	Full vulnerability report	2026-10-07T13:50:44.1079414Z ├───────────────────────┼────────────────┼──────────┤        ├───────────────────┼───────────────┼──────────────────────────────────────────────────────────────┤
7 Container Image Scan	Full vulnerability report	2026-10-07T13:50:44.1079679Z │ wheel (METADATA)      │ CVE-2026-24049 │ HIGH     │        │ 0.45.1            │ 0.46.2        │ wheel: wheel: Privilege Escalation or Arbitrary Code         │
7 Container Image Scan	Full vulnerability report	2026-10-07T13:50:44.1079882Z │                       │                │          │        │                   │               │ Execution via malicious wheel file...                        │
7 Container Image Scan	Full vulnerability report	2026-10-07T13:50:44.1080098Z │                       │                │          │        │                   │               │ https://avd.aquasec.com/nvd/cve-2026-24049                   │
7 Container Image Scan	Full vulnerability report	2026-10-07T13:50:44.1080395Z └───────────────────────┴────────────────┴──────────┴────────┴───────────────────┴───────────────┴──────────────────────────────────────────────────────────────┘
7 Container Image Scan	Machine readable report and severity counts	﻿2026-10-07T13:50:44.1106683Z ##[group]Run trivy image --scanners vuln --format json \
7 Container Image Scan	Machine readable report and severity counts	2026-10-07T13:50:44.1106819Z [36;1mtrivy image --scanners vuln --format json \[0m
7 Container Image Scan	Machine readable report and severity counts	2026-10-07T13:50:44.1106884Z [36;1m  -o reports/trivy-image.json \[0m
7 Container Image Scan	Machine readable report and severity counts	2026-10-07T13:50:44.1106942Z [36;1m  "${IMAGE_NAME}:1.0.4-93abcae"[0m
7 Container Image Scan	Machine readable report and severity counts	2026-10-07T13:50:44.1106996Z [36;1mpython3 - <<'PY'[0m
7 Container Image Scan	Machine readable report and severity counts	2026-10-07T13:50:44.1107053Z [36;1mimport collections, json[0m
7 Container Image Scan	Machine readable report and severity counts	2026-10-07T13:50:44.1107149Z [36;1mreport = json.load(open("reports/trivy-image.json"))[0m
7 Container Image Scan	Machine readable report and severity counts	2026-10-07T13:50:44.1107229Z [36;1mtotal = collections.Counter()[0m
7 Container Image Scan	Machine readable report and severity counts	2026-10-07T13:50:44.1107291Z [36;1mfixable = collections.Counter()[0m
7 Container Image Scan	Machine readable report and severity counts	2026-10-07T13:50:44.1107364Z [36;1mfor result in report.get("Results") or []:[0m
7 Container Image Scan	Machine readable report and severity counts	2026-10-07T13:50:44.1107451Z [36;1m    for vuln in result.get("Vulnerabilities") or []:[0m
7 Container Image Scan	Machine readable report and severity counts	2026-10-07T13:50:44.1107512Z [36;1m        total[vuln["Severity"]] += 1[0m
7 Container Image Scan	Machine readable report and severity counts	2026-10-07T13:50:44.1107574Z [36;1m        if vuln.get("FixedVersion"):[0m
7 Container Image Scan	Machine readable report and severity counts	2026-10-07T13:50:44.1107640Z [36;1m            fixable[vuln["Severity"]] += 1[0m
7 Container Image Scan	Machine readable report and severity counts	2026-10-07T13:50:44.1107758Z [36;1morder = ["CRITICAL", "HIGH", "MEDIUM", "LOW", "UNKNOWN"][0m
7 Container Image Scan	Machine readable report and severity counts	2026-10-07T13:50:44.1107820Z [36;1mprint("severity   all   fixable")[0m
7 Container Image Scan	Machine readable report and severity counts	2026-10-07T13:50:44.1107878Z [36;1mfor level in order:[0m
7 Container Image Scan	Machine readable report and severity counts	2026-10-07T13:50:44.1107978Z [36;1m    print("%-10s %4d %8d" % (level, total[level], fixable[level]))[0m
7 Container Image Scan	Machine readable report and severity counts	2026-10-07T13:50:44.1108096Z [36;1mprint("%-10s %4d %8d" % ("TOTAL", sum(total.values()), sum(fixable.values())))[0m
7 Container Image Scan	Machine readable report and severity counts	2026-10-07T13:50:44.1108146Z [36;1mPY[0m
7 Container Image Scan	Machine readable report and severity counts	2026-10-07T13:50:44.1160268Z shell: /usr/bin/bash --noprofile --norc -e -o pipefail {0}
7 Container Image Scan	Machine readable report and severity counts	2026-10-07T13:50:44.1160322Z env:
7 Container Image Scan	Machine readable report and severity counts	2026-10-07T13:50:44.1160388Z   APP_DIR: labs/17-devsecops
7 Container Image Scan	Machine readable report and severity counts	2026-10-07T13:50:44.1160445Z   IMAGE_NAME: claim-check-api
7 Container Image Scan	Machine readable report and severity counts	2026-10-07T13:50:44.1160495Z   TRIVY_VERSION: 0.75.0
7 Container Image Scan	Machine readable report and severity counts	2026-10-07T13:50:44.1160547Z   GITLEAKS_VERSION: 8.30.1
7 Container Image Scan	Machine readable report and severity counts	2026-10-07T13:50:44.1160598Z   PYTHON_VERSION: 3.13
7 Container Image Scan	Machine readable report and severity counts	2026-10-07T13:50:44.1160650Z ##[endgroup]
7 Container Image Scan	Machine readable report and severity counts	2026-10-07T13:50:44.1760837Z 2026-10-07T13:50:44Z	INFO	[vuln] Vulnerability scanning is enabled
7 Container Image Scan	Machine readable report and severity counts	2026-10-07T13:50:44.1835069Z 2026-10-07T13:50:44Z	INFO	Detected OS	family="debian" version="11.11"
7 Container Image Scan	Machine readable report and severity counts	2026-10-07T13:50:44.1835418Z 2026-10-07T13:50:44Z	INFO	[debian] Detecting vulnerabilities...	os_version="11" pkg_num=104
7 Container Image Scan	Machine readable report and severity counts	2026-10-07T13:50:44.1908009Z 2026-10-07T13:50:44Z	INFO	Number of language-specific files	num=1
7 Container Image Scan	Machine readable report and severity counts	2026-10-07T13:50:44.1908233Z 2026-10-07T13:50:44Z	INFO	[python-pkg] Detecting vulnerabilities...
7 Container Image Scan	Machine readable report and severity counts	2026-10-07T13:50:44.1928397Z 2026-10-07T13:50:44Z	WARN	Using severities from other vendors for some vulnerabilities. Read https://trivy.dev/docs/v0.75/guide/scanner/vulnerability#severity-selection for details.
7 Container Image Scan	Machine readable report and severity counts	2026-10-07T13:50:44.1971606Z 2026-10-07T13:50:44Z	WARN	This OS version is no longer supported by the distribution	family="debian" version="11.11"
7 Container Image Scan	Machine readable report and severity counts	2026-10-07T13:50:44.1971929Z 2026-10-07T13:50:44Z	WARN	The vulnerability detection may be insufficient because security updates are not provided
7 Container Image Scan	Machine readable report and severity counts	2026-10-07T13:50:44.2309549Z severity   all   fixable
7 Container Image Scan	Machine readable report and severity counts	2026-10-07T13:50:44.2309742Z CRITICAL      7        2
7 Container Image Scan	Machine readable report and severity counts	2026-10-07T13:50:44.2309848Z HIGH         95       33
7 Container Image Scan	Machine readable report and severity counts	2026-10-07T13:50:44.2309908Z MEDIUM      165       40
7 Container Image Scan	Machine readable report and severity counts	2026-10-07T13:50:44.2309959Z LOW         144       25
7 Container Image Scan	Machine readable report and severity counts	2026-10-07T13:50:44.2310007Z UNKNOWN       6        4
7 Container Image Scan	Machine readable report and severity counts	2026-10-07T13:50:44.2310059Z TOTAL       417      104
7 Container Image Scan	Build a SARIF report	﻿2026-10-07T13:50:44.2377463Z ##[group]Run trivy image --scanners vuln --format sarif \
7 Container Image Scan	Build a SARIF report	2026-10-07T13:50:44.2377602Z [36;1mtrivy image --scanners vuln --format sarif \[0m
7 Container Image Scan	Build a SARIF report	2026-10-07T13:50:44.2377682Z [36;1m  -o reports/trivy-image.sarif \[0m
7 Container Image Scan	Build a SARIF report	2026-10-07T13:50:44.2377742Z [36;1m  "${IMAGE_NAME}:1.0.4-93abcae"[0m
7 Container Image Scan	Build a SARIF report	2026-10-07T13:50:44.2377805Z [36;1mls -l reports/trivy-image.sarif[0m
7 Container Image Scan	Build a SARIF report	2026-10-07T13:50:44.2429130Z shell: /usr/bin/bash --noprofile --norc -e -o pipefail {0}
7 Container Image Scan	Build a SARIF report	2026-10-07T13:50:44.2429190Z env:
7 Container Image Scan	Build a SARIF report	2026-10-07T13:50:44.2429258Z   APP_DIR: labs/17-devsecops
7 Container Image Scan	Build a SARIF report	2026-10-07T13:50:44.2429322Z   IMAGE_NAME: claim-check-api
7 Container Image Scan	Build a SARIF report	2026-10-07T13:50:44.2429375Z   TRIVY_VERSION: 0.75.0
7 Container Image Scan	Build a SARIF report	2026-10-07T13:50:44.2429430Z   GITLEAKS_VERSION: 8.30.1
7 Container Image Scan	Build a SARIF report	2026-10-07T13:50:44.2429484Z   PYTHON_VERSION: 3.13
7 Container Image Scan	Build a SARIF report	2026-10-07T13:50:44.2429535Z ##[endgroup]
7 Container Image Scan	Build a SARIF report	2026-10-07T13:50:44.3012408Z 2026-10-07T13:50:44Z	INFO	[vuln] Vulnerability scanning is enabled
7 Container Image Scan	Build a SARIF report	2026-10-07T13:50:44.3137378Z 2026-10-07T13:50:44Z	INFO	Detected OS	family="debian" version="11.11"
7 Container Image Scan	Build a SARIF report	2026-10-07T13:50:44.3138148Z 2026-10-07T13:50:44Z	INFO	[debian] Detecting vulnerabilities...	os_version="11" pkg_num=104
7 Container Image Scan	Build a SARIF report	2026-10-07T13:50:44.3190285Z 2026-10-07T13:50:44Z	INFO	Number of language-specific files	num=1
7 Container Image Scan	Build a SARIF report	2026-10-07T13:50:44.3190802Z 2026-10-07T13:50:44Z	INFO	[python-pkg] Detecting vulnerabilities...
7 Container Image Scan	Build a SARIF report	2026-10-07T13:50:44.3210138Z 2026-10-07T13:50:44Z	WARN	Using severities from other vendors for some vulnerabilities. Read https://trivy.dev/docs/v0.75/guide/scanner/vulnerability#severity-selection for details.
7 Container Image Scan	Build a SARIF report	2026-10-07T13:50:44.3268730Z 2026-10-07T13:50:44Z	WARN	This OS version is no longer supported by the distribution	family="debian" version="11.11"
7 Container Image Scan	Build a SARIF report	2026-10-07T13:50:44.3269523Z 2026-10-07T13:50:44Z	WARN	The vulnerability detection may be insufficient because security updates are not provided
7 Container Image Scan	Build a SARIF report	2026-10-07T13:50:44.3374229Z -rw-r--r-- 1 runner runner 1070496 Oct  7 13:50 reports/trivy-image.sarif
7 Container Image Scan	Publish the findings to the repository security tab	﻿2026-10-07T13:50:44.3439623Z ##[group]Run github/codeql-action/upload-sarif@v3
7 Container Image Scan	Publish the findings to the repository security tab	2026-10-07T13:50:44.3439836Z with:
7 Container Image Scan	Publish the findings to the repository security tab	2026-10-07T13:50:44.3439969Z   sarif_file: reports/trivy-image.sarif
7 Container Image Scan	Publish the findings to the repository security tab	2026-10-07T13:50:44.3440140Z   category: session17-image-scan
7 Container Image Scan	Publish the findings to the repository security tab	2026-10-07T13:50:44.3440344Z   checkout_path: /home/runner/work/devops-coursework/devops-coursework
7 Container Image Scan	Publish the findings to the repository security tab	2026-10-07T13:50:44.3442105Z   token: ***
7 Container Image Scan	Publish the findings to the repository security tab	2026-10-07T13:50:44.3442225Z   matrix: null
7 Container Image Scan	Publish the findings to the repository security tab	2026-10-07T13:50:44.3442351Z   wait-for-processing: true
7 Container Image Scan	Publish the findings to the repository security tab	2026-10-07T13:50:44.3442493Z env:
7 Container Image Scan	Publish the findings to the repository security tab	2026-10-07T13:50:44.3442613Z   APP_DIR: labs/17-devsecops
7 Container Image Scan	Publish the findings to the repository security tab	2026-10-07T13:50:44.3442761Z   IMAGE_NAME: claim-check-api
7 Container Image Scan	Publish the findings to the repository security tab	2026-10-07T13:50:44.3442904Z   TRIVY_VERSION: 0.75.0
7 Container Image Scan	Publish the findings to the repository security tab	2026-10-07T13:50:44.3443034Z   GITLEAKS_VERSION: 8.30.1
7 Container Image Scan	Publish the findings to the repository security tab	2026-10-07T13:50:44.3443164Z   PYTHON_VERSION: 3.13
7 Container Image Scan	Publish the findings to the repository security tab	2026-10-07T13:50:44.3443294Z ##[endgroup]
7 Container Image Scan	Publish the findings to the repository security tab	2026-10-07T13:50:44.4951284Z Job run UUID is 45615d5f-5613-4e69-bf94-65eb62c6ddfd.
7 Container Image Scan	Publish the findings to the repository security tab	2026-10-07T13:50:44.4988475Z ##[warning]CodeQL Action v3 will be deprecated in December 2026. Please update all occurrences of the CodeQL Action in your workflow files to v4. For more information, see https://github.blog/changelog/2025-10-28-upcoming-deprecation-of-codeql-action-v3/
7 Container Image Scan	Publish the findings to the repository security tab	2026-10-07T13:50:45.5749616Z Post-processing sarif files: ["reports/trivy-image.sarif"]
7 Container Image Scan	Publish the findings to the repository security tab	2026-10-07T13:50:45.5788773Z Validating reports/trivy-image.sarif
7 Container Image Scan	Publish the findings to the repository security tab	2026-10-07T13:50:45.7124487Z Adding fingerprints to SARIF file. See https://docs.github.com/en/code-security/reference/code-scanning/sarif-support-for-code-scanning#data-for-preventing-duplicated-alerts for more information.
7 Container Image Scan	Publish the findings to the repository security tab	2026-10-07T13:50:45.7172804Z ##[group]Uploading code scanning results
7 Container Image Scan	Publish the findings to the repository security tab	2026-10-07T13:50:45.7456566Z git call failed. Continuing with commit SHA from user input or environment. Error: The checkout path provided to the action does not appear to be a git repository.
7 Container Image Scan	Publish the findings to the repository security tab	2026-10-07T13:50:45.7471052Z Uploading results
7 Container Image Scan	Publish the findings to the repository security tab	2026-10-07T13:50:46.3092393Z Successfully uploaded results
7 Container Image Scan	Publish the findings to the repository security tab	2026-10-07T13:50:46.3092933Z ##[endgroup]
7 Container Image Scan	Publish the findings to the repository security tab	2026-10-07T13:50:46.3096411Z ##[group]Waiting for processing to finish
7 Container Image Scan	Publish the findings to the repository security tab	2026-10-07T13:50:51.5732218Z Analysis upload status is complete.
7 Container Image Scan	Publish the findings to the repository security tab	2026-10-07T13:50:51.5732918Z ##[endgroup]
7 Container Image Scan	Upload the image scan report	﻿2026-10-07T13:50:52.1272035Z ##[group]Run actions/upload-artifact@v4
7 Container Image Scan	Upload the image scan report	2026-10-07T13:50:52.1272228Z with:
7 Container Image Scan	Upload the image scan report	2026-10-07T13:50:52.1272357Z   name: image-scan-report
7 Container Image Scan	Upload the image scan report	2026-10-07T13:50:52.1272515Z   path: reports
7 Container Image Scan	Upload the image scan report	2026-10-07T13:50:52.1272638Z   retention-days: 7
7 Container Image Scan	Upload the image scan report	2026-10-07T13:50:52.1272772Z   if-no-files-found: warn
7 Container Image Scan	Upload the image scan report	2026-10-07T13:50:52.1272915Z   compression-level: 6
7 Container Image Scan	Upload the image scan report	2026-10-07T13:50:52.1273046Z   overwrite: false
7 Container Image Scan	Upload the image scan report	2026-10-07T13:50:52.1273181Z   include-hidden-files: false
7 Container Image Scan	Upload the image scan report	2026-10-07T13:50:52.1273326Z env:
7 Container Image Scan	Upload the image scan report	2026-10-07T13:50:52.1273446Z   APP_DIR: labs/17-devsecops
7 Container Image Scan	Upload the image scan report	2026-10-07T13:50:52.1273596Z   IMAGE_NAME: claim-check-api
7 Container Image Scan	Upload the image scan report	2026-10-07T13:50:52.1273744Z   TRIVY_VERSION: 0.75.0
7 Container Image Scan	Upload the image scan report	2026-10-07T13:50:52.1273881Z   GITLEAKS_VERSION: 8.30.1
7 Container Image Scan	Upload the image scan report	2026-10-07T13:50:52.1274019Z   PYTHON_VERSION: 3.13
7 Container Image Scan	Upload the image scan report	2026-10-07T13:50:52.1274202Z   CODEQL_ACTION_JOB_RUN_UUID: 45615d5f-5613-4e69-bf94-65eb62c6ddfd
7 Container Image Scan	Upload the image scan report	2026-10-07T13:50:52.1274422Z   CODEQL_ACTION_FEATURE_MULTI_LANGUAGE: false
7 Container Image Scan	Upload the image scan report	2026-10-07T13:50:52.1274601Z   CODEQL_ACTION_FEATURE_SANDWICH: false
7 Container Image Scan	Upload the image scan report	2026-10-07T13:50:52.1274771Z   CODEQL_ACTION_FEATURE_SARIF_COMBINE: true
7 Container Image Scan	Upload the image scan report	2026-10-07T13:50:52.1274968Z   CODEQL_ACTION_FEATURE_WILL_UPLOAD: true
7 Container Image Scan	Upload the image scan report	2026-10-07T13:50:52.1275135Z   CODEQL_ACTION_VERSION: 3.38.2
7 Container Image Scan	Upload the image scan report	2026-10-07T13:50:52.1275300Z   CODEQL_ACTION_DID_LOG_VERSION_DEPRECATION: true
7 Container Image Scan	Upload the image scan report	2026-10-07T13:50:52.1275555Z   CODEQL_ACTION_ANALYSIS_KEY: .github/workflows/session17-devsecops.yml:image-scan
7 Container Image Scan	Upload the image scan report	2026-10-07T13:50:52.1275816Z   CODEQL_WORKFLOW_STARTED_AT: 2026-10-07T13:50:44.494Z
7 Container Image Scan	Upload the image scan report	2026-10-07T13:50:52.1276097Z   CODEQL_UPLOAD_SARIF_SESSION17_IMAGE_SCAN__TRIVY: CODEQL_UPLOAD_SARIF_SESSION17_IMAGE_SCAN__TRIVY
7 Container Image Scan	Upload the image scan report	2026-10-07T13:50:52.1276359Z ##[endgroup]
7 Container Image Scan	Upload the image scan report	2026-10-07T13:50:52.2343113Z (node:2132) [DEP0040] DeprecationWarning: The `punycode` module is deprecated. Please use a userland alternative instead.
7 Container Image Scan	Upload the image scan report	2026-10-07T13:50:52.2343592Z (Use `node --trace-deprecation ...` to show where the warning was created)
7 Container Image Scan	Upload the image scan report	2026-10-07T13:50:52.2381697Z With the provided path, there will be 3 files uploaded
7 Container Image Scan	Upload the image scan report	2026-10-07T13:50:52.2385521Z Artifact name is valid!
7 Container Image Scan	Upload the image scan report	2026-10-07T13:50:52.2385944Z Root directory input is valid!
7 Container Image Scan	Upload the image scan report	2026-10-07T13:50:52.5014776Z Beginning upload of artifact content to blob storage
7 Container Image Scan	Upload the image scan report	2026-10-07T13:50:52.5441062Z (node:2132) [DEP0169] DeprecationWarning: `url.parse()` behavior is not standardized and prone to errors that have security implications. Use the WHATWG URL API instead. CVEs are not issued for `url.parse()` vulnerabilities.
7 Container Image Scan	Upload the image scan report	2026-10-07T13:50:52.7813985Z Uploaded bytes 367123
7 Container Image Scan	Upload the image scan report	2026-10-07T13:50:52.8183794Z Finished uploading artifact content to blob storage!
7 Container Image Scan	Upload the image scan report	2026-10-07T13:50:52.8184379Z SHA256 digest of uploaded artifact zip is 9110ea95f826e546c69e1bba5ee39215f59c62066aa6da8992da1f7205eeb6f8
7 Container Image Scan	Upload the image scan report	2026-10-07T13:50:52.8185897Z Finalizing artifact upload
7 Container Image Scan	Upload the image scan report	2026-10-07T13:50:53.0813265Z Artifact image-scan-report.zip successfully finalized. Artifact ID 11486393338
7 Container Image Scan	Upload the image scan report	2026-10-07T13:50:53.0813980Z Artifact image-scan-report has been successfully uploaded! Final size is 367123 bytes. Artifact ID is 11486393338
7 Container Image Scan	Upload the image scan report	2026-10-07T13:50:53.0819400Z Artifact download URL: https://github.com/AmanYadav7015/devops-coursework/actions/runs/37631386888/artifacts/11486393338
7 Container Image Scan	Post Publish the findings to the repository security tab	﻿2026-10-07T13:50:53.0962981Z Post job cleanup.
7 Container Image Scan	Post Publish the findings to the repository security tab	2026-10-07T13:50:53.2478139Z ##[group]Uploading combined SARIF debug artifact
7 Container Image Scan	Post Publish the findings to the repository security tab	2026-10-07T13:50:53.2478883Z ##[endgroup]
7 Container Image Scan	Complete job	﻿2026-10-07T13:50:53.2619924Z Cleaning up orphan processes
7 Container Image Scan	Complete job	2026-10-07T13:50:53.2866802Z ##[warning]Node.js 20 is deprecated. The following actions target Node.js 20 but are being forced to run on Node.js 24: actions/download-artifact@v4, actions/upload-artifact@v4, github/codeql-action/upload-sarif@v3. For more information see: https://github.blog/changelog/2025-09-19-deprecation-of-node-20-on-github-actions-runners/
8 Security Gate	Set up job	﻿2026-10-07T13:50:59.3043446Z Current runner version: '2.337.0'
8 Security Gate	Set up job	2026-10-07T13:50:59.3066503Z ##[group]Runner Image Provisioner
8 Security Gate	Set up job	2026-10-07T13:50:59.3067267Z Hosted Compute Agent
8 Security Gate	Set up job	2026-10-07T13:50:59.3067765Z Version: 20261002.596
8 Security Gate	Set up job	2026-10-07T13:50:59.3068317Z Commit: c3d12f3313a95f25162a1503be624f3b0617f8c0
8 Security Gate	Set up job	2026-10-07T13:50:59.3068950Z Build Date: 2026-10-02T22:28:27Z
8 Security Gate	Set up job	2026-10-07T13:50:59.3069498Z Worker ID: {6c086d37-086d-40be-a8fe-8e57ecd68338}
8 Security Gate	Set up job	2026-10-07T13:50:59.3070055Z Region: westus3
8 Security Gate	Set up job	2026-10-07T13:50:59.3070562Z Cloud: Azure
8 Security Gate	Set up job	2026-10-07T13:50:59.3071024Z ##[endgroup]
8 Security Gate	Set up job	2026-10-07T13:50:59.3072437Z ##[group]Operating System
8 Security Gate	Set up job	2026-10-07T13:50:59.3073014Z Ubuntu
8 Security Gate	Set up job	2026-10-07T13:50:59.3073432Z 24.04.5
8 Security Gate	Set up job	2026-10-07T13:50:59.3073926Z LTS
8 Security Gate	Set up job	2026-10-07T13:50:59.3074397Z ##[endgroup]
8 Security Gate	Set up job	2026-10-07T13:50:59.3074883Z ##[group]Runner Image
8 Security Gate	Set up job	2026-10-07T13:50:59.3075389Z Image: ubuntu-24.04
8 Security Gate	Set up job	2026-10-07T13:50:59.3076013Z Version: 20261004.327.1
8 Security Gate	Set up job	2026-10-07T13:50:59.3077217Z Included Software: https://github.com/actions/runner-images/blob/ubuntu24/20261004.327/images/ubuntu/Ubuntu2404-Readme.md
8 Security Gate	Set up job	2026-10-07T13:50:59.3078746Z Image Release: https://github.com/actions/runner-images/releases/tag/ubuntu24%2F20261004.327
8 Security Gate	Set up job	2026-10-07T13:50:59.3079526Z ##[endgroup]
8 Security Gate	Set up job	2026-10-07T13:50:59.3080451Z ##[group]GITHUB_TOKEN Permissions
8 Security Gate	Set up job	2026-10-07T13:50:59.3082184Z Contents: read
8 Security Gate	Set up job	2026-10-07T13:50:59.3082691Z Metadata: read
8 Security Gate	Set up job	2026-10-07T13:50:59.3083250Z ##[endgroup]
8 Security Gate	Set up job	2026-10-07T13:50:59.3084890Z Secret source: Actions
8 Security Gate	Set up job	2026-10-07T13:50:59.3085914Z Cache mode: write
8 Security Gate	Set up job	2026-10-07T13:50:59.3086541Z Prepare workflow directory
8 Security Gate	Set up job	2026-10-07T13:50:59.4560607Z Prepare all required actions
8 Security Gate	Set up job	2026-10-07T13:50:59.4612065Z Getting action download info
8 Security Gate	Set up job	2026-10-07T13:50:59.7902083Z Download action repository 'actions/download-artifact@v4' (SHA:d3f86a106a0bac45b974a628896c90dbdf5c8093)
8 Security Gate	Set up job	2026-10-07T13:51:01.4263460Z Complete job name: 8 Security Gate
8 Security Gate	Download the image	﻿2026-10-07T13:51:01.5395186Z ##[group]Run actions/download-artifact@v4
8 Security Gate	Download the image	2026-10-07T13:51:01.5395912Z with:
8 Security Gate	Download the image	2026-10-07T13:51:01.5396144Z   name: claim-check-api-image
8 Security Gate	Download the image	2026-10-07T13:51:01.5396437Z   merge-multiple: false
8 Security Gate	Download the image	2026-10-07T13:51:01.5396699Z   repository: AmanYadav7015/devops-coursework
8 Security Gate	Download the image	2026-10-07T13:51:01.5396986Z   run-id: 37631386888
8 Security Gate	Download the image	2026-10-07T13:51:01.5397408Z env:
8 Security Gate	Download the image	2026-10-07T13:51:01.5397624Z   APP_DIR: labs/17-devsecops
8 Security Gate	Download the image	2026-10-07T13:51:01.5397879Z   IMAGE_NAME: claim-check-api
8 Security Gate	Download the image	2026-10-07T13:51:01.5398135Z   TRIVY_VERSION: 0.75.0
8 Security Gate	Download the image	2026-10-07T13:51:01.5398376Z   GITLEAKS_VERSION: 8.30.1
8 Security Gate	Download the image	2026-10-07T13:51:01.5398615Z   PYTHON_VERSION: 3.13
8 Security Gate	Download the image	2026-10-07T13:51:01.5398838Z ##[endgroup]
8 Security Gate	Download the image	2026-10-07T13:51:01.6629550Z Downloading single artifact
8 Security Gate	Download the image	2026-10-07T13:51:01.6716893Z (node:1957) [DEP0040] DeprecationWarning: The `punycode` module is deprecated. Please use a userland alternative instead.
8 Security Gate	Download the image	2026-10-07T13:51:01.6717668Z (Use `node --trace-deprecation ...` to show where the warning was created)
8 Security Gate	Download the image	2026-10-07T13:51:01.9161679Z Preparing to download the following artifacts:
8 Security Gate	Download the image	2026-10-07T13:51:01.9162866Z - claim-check-api-image (ID: 11486741035, Size: 54980886, Expected Digest: sha256:d754522c2f58c3a0f9bf258beaec924531593f6e14dd78a073f87a2affcfda93)
8 Security Gate	Download the image	2026-10-07T13:51:02.2462580Z Redirecting to blob download url: https://productionresultssa8.blob.core.windows.net/actions-results/ccbb69d6-0562-8021-9f7f-0ee61c8c19dc/workflow-job-run-49f3fe89-322f-5560-8bf1-a925bda3ae8e/artifacts/f9c5d6b802cd6fa27eddc3f3422d02486a05079d38b14328033e3dd7d8831f07.zip
8 Security Gate	Download the image	2026-10-07T13:51:02.2463737Z Starting download of artifact to: /home/runner/work/devops-coursework/devops-coursework
8 Security Gate	Download the image	2026-10-07T13:51:02.4901693Z (node:1957) [DEP0005] DeprecationWarning: Buffer() is deprecated due to security and usability issues. Please use the Buffer.alloc(), Buffer.allocUnsafe(), or Buffer.from() methods instead.
8 Security Gate	Download the image	2026-10-07T13:51:04.9021196Z SHA256 digest of downloaded artifact is d754522c2f58c3a0f9bf258beaec924531593f6e14dd78a073f87a2affcfda93
8 Security Gate	Download the image	2026-10-07T13:51:04.9022579Z Artifact download completed successfully.
8 Security Gate	Download the image	2026-10-07T13:51:04.9023279Z Total of 1 artifact(s) downloaded
8 Security Gate	Download the image	2026-10-07T13:51:04.9025287Z Download artifact has finished successfully
8 Security Gate	Load the image	﻿2026-10-07T13:51:04.9226354Z ##[group]Run gunzip -c image.tar.gz | docker load
8 Security Gate	Load the image	2026-10-07T13:51:04.9226748Z [36;1mgunzip -c image.tar.gz | docker load[0m
8 Security Gate	Load the image	2026-10-07T13:51:04.9437219Z shell: /usr/bin/bash --noprofile --norc -e -o pipefail {0}
8 Security Gate	Load the image	2026-10-07T13:51:04.9437580Z env:
8 Security Gate	Load the image	2026-10-07T13:51:04.9437773Z   APP_DIR: labs/17-devsecops
8 Security Gate	Load the image	2026-10-07T13:51:04.9437993Z   IMAGE_NAME: claim-check-api
8 Security Gate	Load the image	2026-10-07T13:51:04.9438201Z   TRIVY_VERSION: 0.75.0
8 Security Gate	Load the image	2026-10-07T13:51:04.9438388Z   GITLEAKS_VERSION: 8.30.1
8 Security Gate	Load the image	2026-10-07T13:51:04.9438589Z   PYTHON_VERSION: 3.13
8 Security Gate	Load the image	2026-10-07T13:51:04.9438772Z ##[endgroup]
8 Security Gate	Load the image	2026-10-07T13:51:14.3662018Z Loaded image: claim-check-api:1.0.4-93abcae
8 Security Gate	Install trivy	﻿2026-10-07T13:51:14.3896689Z ##[group]Run curl -sfL https://raw.githubusercontent.com/aquasecurity/trivy/main/contrib/install.sh \
8 Security Gate	Install trivy	2026-10-07T13:51:14.3897350Z [36;1mcurl -sfL https://raw.githubusercontent.com/aquasecurity/trivy/main/contrib/install.sh \[0m
8 Security Gate	Install trivy	2026-10-07T13:51:14.3897812Z [36;1m  | sudo sh -s -- -b /usr/local/bin "v${TRIVY_VERSION}"[0m
8 Security Gate	Install trivy	2026-10-07T13:51:14.3953078Z shell: /usr/bin/bash --noprofile --norc -e -o pipefail {0}
8 Security Gate	Install trivy	2026-10-07T13:51:14.3953377Z env:
8 Security Gate	Install trivy	2026-10-07T13:51:14.3953554Z   APP_DIR: labs/17-devsecops
8 Security Gate	Install trivy	2026-10-07T13:51:14.3953789Z   IMAGE_NAME: claim-check-api
8 Security Gate	Install trivy	2026-10-07T13:51:14.3954013Z   TRIVY_VERSION: 0.75.0
8 Security Gate	Install trivy	2026-10-07T13:51:14.3954210Z   GITLEAKS_VERSION: 8.30.1
8 Security Gate	Install trivy	2026-10-07T13:51:14.3954404Z   PYTHON_VERSION: 3.13
8 Security Gate	Install trivy	2026-10-07T13:51:14.3954587Z ##[endgroup]
8 Security Gate	Install trivy	2026-10-07T13:51:14.4522361Z aquasecurity/trivy info checking GitHub for tag 'v0.75.0'
8 Security Gate	Install trivy	2026-10-07T13:51:14.6215519Z aquasecurity/trivy info found version: 0.75.0 for v0.75.0/Linux/64bit
8 Security Gate	Install trivy	2026-10-07T13:51:16.3199550Z aquasecurity/trivy info installed /usr/local/bin/trivy
8 Security Gate	Enforce the image policy	﻿2026-10-07T13:51:16.3594280Z ##[group]Run echo "policy: block on ${GATE_SEVERITY} findings that have a fix available"
8 Security Gate	Enforce the image policy	2026-10-07T13:51:16.3594974Z [36;1mecho "policy: block on ${GATE_SEVERITY} findings that have a fix available"[0m
8 Security Gate	Enforce the image policy	2026-10-07T13:51:16.3595440Z [36;1mtrivy image \[0m
8 Security Gate	Enforce the image policy	2026-10-07T13:51:16.3595847Z [36;1m  --scanners vuln \[0m
8 Security Gate	Enforce the image policy	2026-10-07T13:51:16.3596162Z [36;1m  --severity "${GATE_SEVERITY}" \[0m
8 Security Gate	Enforce the image policy	2026-10-07T13:51:16.3596407Z [36;1m  --ignore-unfixed \[0m
8 Security Gate	Enforce the image policy	2026-10-07T13:51:16.3596619Z [36;1m  --exit-code 1 \[0m
8 Security Gate	Enforce the image policy	2026-10-07T13:51:16.3596831Z [36;1m  "${IMAGE_NAME}:1.0.4-93abcae"[0m
8 Security Gate	Enforce the image policy	2026-10-07T13:51:16.3597095Z [36;1mecho "gate passed, the image may be published"[0m
8 Security Gate	Enforce the image policy	2026-10-07T13:51:16.3652721Z shell: /usr/bin/bash --noprofile --norc -e -o pipefail {0}
8 Security Gate	Enforce the image policy	2026-10-07T13:51:16.3653033Z env:
8 Security Gate	Enforce the image policy	2026-10-07T13:51:16.3653220Z   APP_DIR: labs/17-devsecops
8 Security Gate	Enforce the image policy	2026-10-07T13:51:16.3653442Z   IMAGE_NAME: claim-check-api
8 Security Gate	Enforce the image policy	2026-10-07T13:51:16.3653646Z   TRIVY_VERSION: 0.75.0
8 Security Gate	Enforce the image policy	2026-10-07T13:51:16.3653853Z   GITLEAKS_VERSION: 8.30.1
8 Security Gate	Enforce the image policy	2026-10-07T13:51:16.3654129Z   PYTHON_VERSION: 3.13
8 Security Gate	Enforce the image policy	2026-10-07T13:51:16.3654323Z   GATE_SEVERITY: HIGH,CRITICAL
8 Security Gate	Enforce the image policy	2026-10-07T13:51:16.3654525Z ##[endgroup]
8 Security Gate	Enforce the image policy	2026-10-07T13:51:16.3722996Z policy: block on HIGH,CRITICAL findings that have a fix available
8 Security Gate	Enforce the image policy	2026-10-07T13:51:16.4357145Z 2026-10-07T13:51:16Z	INFO	[vulndb] Need to update DB
8 Security Gate	Enforce the image policy	2026-10-07T13:51:16.4357654Z 2026-10-07T13:51:16Z	INFO	[vulndb] Downloading vulnerability DB...
8 Security Gate	Enforce the image policy	2026-10-07T13:51:16.4358096Z 2026-10-07T13:51:16Z	INFO	[vulndb] Downloading artifact...	repo="mirror.gcr.io/aquasec/trivy-db:2"
8 Security Gate	Enforce the image policy	2026-10-07T13:51:21.2102656Z 22.57 MiB / 119.53 MiB [----------->________________________________________________] 18.89% ? p/s ?72.30 MiB / 119.53 MiB [------------------------------------>_______________________] 60.48% ? p/s ?119.53 MiB / 119.53 MiB [--------------------------------------------------------->] 100.00% ? p/s ?119.53 MiB / 119.53 MiB [------------------------------------------->] 100.00% 161.41 MiB p/s ETA 0s119.53 MiB / 119.53 MiB [------------------------------------------->] 100.00% 161.41 MiB p/s ETA 0s119.53 MiB / 119.53 MiB [------------------------------------------->] 100.00% 161.41 MiB p/s ETA 0s119.53 MiB / 119.53 MiB [------------------------------------------->] 100.00% 151.00 MiB p/s ETA 0s119.53 MiB / 119.53 MiB [------------------------------------------->] 100.00% 151.00 MiB p/s ETA 0s119.53 MiB / 119.53 MiB [------------------------------------------->] 100.00% 151.00 MiB p/s ETA 0s119.53 MiB / 119.53 MiB [------------------------------------------->] 100.00% 141.25 MiB p/s ETA 0s119.53 MiB / 119.53 MiB [------------------------------------------->] 100.00% 141.25 MiB p/s ETA 0s119.53 MiB / 119.53 MiB [------------------------------------------->] 100.00% 141.25 MiB p/s ETA 0s119.53 MiB / 119.53 MiB [------------------------------------------->] 100.00% 132.14 MiB p/s ETA 0s119.53 MiB / 119.53 MiB [------------------------------------------->] 100.00% 132.14 MiB p/s ETA 0s119.53 MiB / 119.53 MiB [------------------------------------------->] 100.00% 132.14 MiB p/s ETA 0s119.53 MiB / 119.53 MiB [-----------------------------------------------] 100.00% 40.25 MiB p/s 3.2s2026-10-07T13:51:21Z	INFO	[vulndb] Artifact successfully downloaded	repo="mirror.gcr.io/aquasec/trivy-db:2"
8 Security Gate	Enforce the image policy	2026-10-07T13:51:21.2142227Z 2026-10-07T13:51:21Z	INFO	[vuln] Vulnerability scanning is enabled
8 Security Gate	Enforce the image policy	2026-10-07T13:51:29.7767397Z 2026-10-07T13:51:29Z	INFO	[python] Licenses acquired from one or more METADATA files may be subject to additional terms. Use `--debug` flag to see all affected packages.
8 Security Gate	Enforce the image policy	2026-10-07T13:51:29.8373752Z 2026-10-07T13:51:29Z	INFO	Detected OS	family="debian" version="11.11"
8 Security Gate	Enforce the image policy	2026-10-07T13:51:29.8374717Z 2026-10-07T13:51:29Z	INFO	[debian] Detecting vulnerabilities...	os_version="11" pkg_num=104
8 Security Gate	Enforce the image policy	2026-10-07T13:51:29.8461459Z 2026-10-07T13:51:29Z	INFO	Number of language-specific files	num=1
8 Security Gate	Enforce the image policy	2026-10-07T13:51:29.8462080Z 2026-10-07T13:51:29Z	INFO	[python-pkg] Detecting vulnerabilities...
8 Security Gate	Enforce the image policy	2026-10-07T13:51:29.8477403Z 2026-10-07T13:51:29Z	WARN	Using severities from other vendors for some vulnerabilities. Read https://trivy.dev/docs/v0.75/guide/scanner/vulnerability#severity-selection for details.
8 Security Gate	Enforce the image policy	2026-10-07T13:51:29.8545942Z 2026-10-07T13:51:29Z	WARN	This OS version is no longer supported by the distribution	family="debian" version="11.11"
8 Security Gate	Enforce the image policy	2026-10-07T13:51:29.8546591Z 2026-10-07T13:51:29Z	WARN	The vulnerability detection may be insufficient because security updates are not provided
8 Security Gate	Enforce the image policy	2026-10-07T13:51:29.8726840Z 2026-10-07T13:51:29Z	INFO	Table result includes only package filenames. Use '--format json' option to get the full path to the package file.
8 Security Gate	Enforce the image policy	2026-10-07T13:51:29.8729328Z 
8 Security Gate	Enforce the image policy	2026-10-07T13:51:29.8729591Z Report Summary
8 Security Gate	Enforce the image policy	2026-10-07T13:51:29.8729755Z 
8 Security Gate	Enforce the image policy	2026-10-07T13:51:29.8810219Z ┌──────────────────────────────────────────────────────────────────────────────────┬────────────┬─────────────────┐
8 Security Gate	Enforce the image policy	2026-10-07T13:51:29.8810874Z │                                      Target                                      │    Type    │ Vulnerabilities │
8 Security Gate	Enforce the image policy	2026-10-07T13:51:29.8811406Z ├──────────────────────────────────────────────────────────────────────────────────┼────────────┼─────────────────┤
8 Security Gate	Enforce the image policy	2026-10-07T13:51:29.8812002Z │ claim-check-api:1.0.4-93abcae (debian 11.11)                                     │   debian   │       32        │
8 Security Gate	Enforce the image policy	2026-10-07T13:51:29.8812594Z ├──────────────────────────────────────────────────────────────────────────────────┼────────────┼─────────────────┤
8 Security Gate	Enforce the image policy	2026-10-07T13:51:29.8813187Z │ usr/local/lib/python3.11/site-packages/blinker-1.9.0.dist-info/METADATA          │ python-pkg │        0        │
8 Security Gate	Enforce the image policy	2026-10-07T13:51:29.8813835Z ├──────────────────────────────────────────────────────────────────────────────────┼────────────┼─────────────────┤
8 Security Gate	Enforce the image policy	2026-10-07T13:51:29.8814411Z │ usr/local/lib/python3.11/site-packages/certifi-2026.7.22.dist-info/METADATA      │ python-pkg │        0        │
8 Security Gate	Enforce the image policy	2026-10-07T13:51:29.8815012Z ├──────────────────────────────────────────────────────────────────────────────────┼────────────┼─────────────────┤
8 Security Gate	Enforce the image policy	2026-10-07T13:51:29.8815735Z │ usr/local/lib/python3.11/site-packages/charset_normalizer-3.5.2.dist-info/METAD- │ python-pkg │        0        │
8 Security Gate	Enforce the image policy	2026-10-07T13:51:29.8816316Z │ ATA                                                                              │            │                 │
8 Security Gate	Enforce the image policy	2026-10-07T13:51:29.8817057Z ├──────────────────────────────────────────────────────────────────────────────────┼────────────┼─────────────────┤
8 Security Gate	Enforce the image policy	2026-10-07T13:51:29.8817641Z │ usr/local/lib/python3.11/site-packages/click-8.5.0.dist-info/METADATA            │ python-pkg │        0        │
8 Security Gate	Enforce the image policy	2026-10-07T13:51:29.8818289Z ├──────────────────────────────────────────────────────────────────────────────────┼────────────┼─────────────────┤
8 Security Gate	Enforce the image policy	2026-10-07T13:51:29.8818892Z │ usr/local/lib/python3.11/site-packages/flask-3.1.3.dist-info/METADATA            │ python-pkg │        0        │
8 Security Gate	Enforce the image policy	2026-10-07T13:51:29.8819527Z ├──────────────────────────────────────────────────────────────────────────────────┼────────────┼─────────────────┤
8 Security Gate	Enforce the image policy	2026-10-07T13:51:29.8820134Z │ usr/local/lib/python3.11/site-packages/gunicorn-26.2.0.dist-info/METADATA        │ python-pkg │        0        │
8 Security Gate	Enforce the image policy	2026-10-07T13:51:29.8820910Z ├──────────────────────────────────────────────────────────────────────────────────┼────────────┼─────────────────┤
8 Security Gate	Enforce the image policy	2026-10-07T13:51:29.8821522Z │ usr/local/lib/python3.11/site-packages/idna-3.20.dist-info/METADATA              │ python-pkg │        0        │
8 Security Gate	Enforce the image policy	2026-10-07T13:51:29.8822170Z ├──────────────────────────────────────────────────────────────────────────────────┼────────────┼─────────────────┤
8 Security Gate	Enforce the image policy	2026-10-07T13:51:29.8822792Z │ usr/local/lib/python3.11/site-packages/itsdangerous-2.2.0.dist-info/METADATA     │ python-pkg │        0        │
8 Security Gate	Enforce the image policy	2026-10-07T13:51:29.8823452Z ├──────────────────────────────────────────────────────────────────────────────────┼────────────┼─────────────────┤
8 Security Gate	Enforce the image policy	2026-10-07T13:51:29.8824071Z │ usr/local/lib/python3.11/site-packages/jinja2-3.1.6.dist-info/METADATA           │ python-pkg │        0        │
8 Security Gate	Enforce the image policy	2026-10-07T13:51:29.8824711Z ├──────────────────────────────────────────────────────────────────────────────────┼────────────┼─────────────────┤
8 Security Gate	Enforce the image policy	2026-10-07T13:51:29.8825329Z │ usr/local/lib/python3.11/site-packages/markupsafe-3.0.4.dist-info/METADATA       │ python-pkg │        0        │
8 Security Gate	Enforce the image policy	2026-10-07T13:51:29.8826250Z ├──────────────────────────────────────────────────────────────────────────────────┼────────────┼─────────────────┤
8 Security Gate	Enforce the image policy	2026-10-07T13:51:29.8826959Z │ usr/local/lib/python3.11/site-packages/pip-24.0.dist-info/METADATA               │ python-pkg │        0        │
8 Security Gate	Enforce the image policy	2026-10-07T13:51:29.8827586Z ├──────────────────────────────────────────────────────────────────────────────────┼────────────┼─────────────────┤
8 Security Gate	Enforce the image policy	2026-10-07T13:51:29.8828169Z │ usr/local/lib/python3.11/site-packages/pyyaml-6.0.3.dist-info/METADATA           │ python-pkg │        0        │
8 Security Gate	Enforce the image policy	2026-10-07T13:51:29.8828801Z ├──────────────────────────────────────────────────────────────────────────────────┼────────────┼─────────────────┤
8 Security Gate	Enforce the image policy	2026-10-07T13:51:29.8829442Z │ usr/local/lib/python3.11/site-packages/requests-2.34.2.dist-info/METADATA        │ python-pkg │        0        │
8 Security Gate	Enforce the image policy	2026-10-07T13:51:29.8830182Z ├──────────────────────────────────────────────────────────────────────────────────┼────────────┼─────────────────┤
8 Security Gate	Enforce the image policy	2026-10-07T13:51:29.8830769Z │ usr/local/lib/python3.11/site-packages/setuptools-65.5.1.dist-info/METADATA      │ python-pkg │        2        │
8 Security Gate	Enforce the image policy	2026-10-07T13:51:29.8831431Z ├──────────────────────────────────────────────────────────────────────────────────┼────────────┼─────────────────┤
8 Security Gate	Enforce the image policy	2026-10-07T13:51:29.8832014Z │ usr/local/lib/python3.11/site-packages/urllib3-2.8.0.dist-info/METADATA          │ python-pkg │        0        │
8 Security Gate	Enforce the image policy	2026-10-07T13:51:29.8832634Z ├──────────────────────────────────────────────────────────────────────────────────┼────────────┼─────────────────┤
8 Security Gate	Enforce the image policy	2026-10-07T13:51:29.8833218Z │ usr/local/lib/python3.11/site-packages/werkzeug-3.1.9.dist-info/METADATA         │ python-pkg │        0        │
8 Security Gate	Enforce the image policy	2026-10-07T13:51:29.8833837Z ├──────────────────────────────────────────────────────────────────────────────────┼────────────┼─────────────────┤
8 Security Gate	Enforce the image policy	2026-10-07T13:51:29.8834436Z │ usr/local/lib/python3.11/site-packages/wheel-0.45.1.dist-info/METADATA           │ python-pkg │        1        │
8 Security Gate	Enforce the image policy	2026-10-07T13:51:29.8835048Z └──────────────────────────────────────────────────────────────────────────────────┴────────────┴─────────────────┘
8 Security Gate	Enforce the image policy	2026-10-07T13:51:29.8835495Z Legend:
8 Security Gate	Enforce the image policy	2026-10-07T13:51:29.8835803Z - '-': Not scanned
8 Security Gate	Enforce the image policy	2026-10-07T13:51:29.8836075Z - '0': Clean (no security findings detected)
8 Security Gate	Enforce the image policy	2026-10-07T13:51:29.8836242Z 
8 Security Gate	Enforce the image policy	2026-10-07T13:51:29.8836247Z 
8 Security Gate	Enforce the image policy	2026-10-07T13:51:29.8836330Z For OSS Maintainers: VEX Notice
8 Security Gate	Enforce the image policy	2026-10-07T13:51:29.8836555Z --------------------------------
8 Security Gate	Enforce the image policy	2026-10-07T13:51:29.8837165Z If you're an OSS maintainer and Trivy has detected vulnerabilities in your project that you believe are not actually exploitable, consider issuing a VEX (Vulnerability Exploitability eXchange) statement.
8 Security Gate	Enforce the image policy	2026-10-07T13:51:29.8838078Z VEX allows you to communicate the actual status of vulnerabilities in your project, improving security transparency and reducing false positives for your users.
8 Security Gate	Enforce the image policy	2026-10-07T13:51:29.8838814Z Learn more and start using VEX: https://trivy.dev/docs/v0.75/guide/supply-chain/vex/repo#publishing-vex-documents
8 Security Gate	Enforce the image policy	2026-10-07T13:51:29.8839152Z 
8 Security Gate	Enforce the image policy	2026-10-07T13:51:29.8839329Z To disable this notice, set the TRIVY_DISABLE_VEX_NOTICE environment variable.
8 Security Gate	Enforce the image policy	2026-10-07T13:51:29.8839566Z 
8 Security Gate	Enforce the image policy	2026-10-07T13:51:29.8839570Z 
8 Security Gate	Enforce the image policy	2026-10-07T13:51:29.8839666Z claim-check-api:1.0.4-93abcae (debian 11.11)
8 Security Gate	Enforce the image policy	2026-10-07T13:51:29.8839899Z ============================================
8 Security Gate	Enforce the image policy	2026-10-07T13:51:29.8840114Z Total: 32 (HIGH: 30, CRITICAL: 2)
8 Security Gate	Enforce the image policy	2026-10-07T13:51:29.8840245Z 
8 Security Gate	Enforce the image policy	2026-10-07T13:51:29.8840702Z ┌────────────────────┬────────────────┬──────────┬────────┬───────────────────┬──────────────────┬──────────────────────────────────────────────────────────────┐
8 Security Gate	Enforce the image policy	2026-10-07T13:51:29.8841484Z │      Library       │ Vulnerability  │ Severity │ Status │ Installed Version │  Fixed Version   │                            Title                             │
8 Security Gate	Enforce the image policy	2026-10-07T13:51:29.8842462Z ├────────────────────┼────────────────┼──────────┼────────┼───────────────────┼──────────────────┼──────────────────────────────────────────────────────────────┤
8 Security Gate	Enforce the image policy	2026-10-07T13:51:29.8843249Z │ gpgv               │ CVE-2025-68973 │ HIGH     │ fixed  │ 2.2.27-2+deb11u2  │ 2.2.27-2+deb11u3 │ GnuPG: GnuPG: Information disclosure and potential arbitrary │
8 Security Gate	Enforce the image policy	2026-10-07T13:51:29.8843949Z │                    │                │          │        │                   │                  │ code execution via out-of-bounds write...                    │
8 Security Gate	Enforce the image policy	2026-10-07T13:51:29.8844564Z │                    │                │          │        │                   │                  │ https://avd.aquasec.com/nvd/cve-2025-68973                   │
8 Security Gate	Enforce the image policy	2026-10-07T13:51:29.8845302Z ├────────────────────┼────────────────┼──────────┤        ├───────────────────┼──────────────────┼──────────────────────────────────────────────────────────────┤
8 Security Gate	Enforce the image policy	2026-10-07T13:51:29.8846286Z │ libgnutls30        │ CVE-2026-33845 │ CRITICAL │        │ 3.7.1-5+deb11u7   │ 3.7.1-5+deb11u10 │ gnutls: GnuTLS: Denial of Service via DTLS zero-length       │
8 Security Gate	Enforce the image policy	2026-10-07T13:51:29.8846983Z │                    │                │          │        │                   │                  │ fragment                                                     │
8 Security Gate	Enforce the image policy	2026-10-07T13:51:29.8847679Z │                    │                │          │        │                   │                  │ https://avd.aquasec.com/nvd/cve-2026-33845                   │
8 Security Gate	Enforce the image policy	2026-10-07T13:51:29.8848295Z │                    ├────────────────┤          │        │                   │                  ├──────────────────────────────────────────────────────────────┤
8 Security Gate	Enforce the image policy	2026-10-07T13:51:29.8848920Z │                    │ CVE-2026-42010 │          │        │                   │                  │ gnutls: gnutls: Authentication Bypass via NUL Character in   │
8 Security Gate	Enforce the image policy	2026-10-07T13:51:29.8849504Z │                    │                │          │        │                   │                  │ Username                                                     │
8 Security Gate	Enforce the image policy	2026-10-07T13:51:29.8850077Z │                    │                │          │        │                   │                  │ https://avd.aquasec.com/nvd/cve-2026-42010                   │
8 Security Gate	Enforce the image policy	2026-10-07T13:51:29.8850758Z │                    ├────────────────┼──────────┤        │                   ├──────────────────┼──────────────────────────────────────────────────────────────┤
8 Security Gate	Enforce the image policy	2026-10-07T13:51:29.8851429Z │                    │ CVE-2025-32988 │ HIGH     │        │                   │ 3.7.1-5+deb11u8  │ gnutls: Vulnerability in GnuTLS otherName SAN export         │
8 Security Gate	Enforce the image policy	2026-10-07T13:51:29.8852063Z │                    │                │          │        │                   │                  │ https://avd.aquasec.com/nvd/cve-2025-32988                   │
8 Security Gate	Enforce the image policy	2026-10-07T13:51:29.8852682Z │                    ├────────────────┤          │        │                   │                  ├──────────────────────────────────────────────────────────────┤
8 Security Gate	Enforce the image policy	2026-10-07T13:51:29.8853415Z │                    │ CVE-2025-32990 │          │        │                   │                  │ gnutls: Vulnerability in GnuTLS certtool template parsing    │
8 Security Gate	Enforce the image policy	2026-10-07T13:51:29.8854020Z │                    │                │          │        │                   │                  │ https://avd.aquasec.com/nvd/cve-2025-32990                   │
8 Security Gate	Enforce the image policy	2026-10-07T13:51:29.8854674Z │                    ├────────────────┤          │        │                   ├──────────────────┼──────────────────────────────────────────────────────────────┤
8 Security Gate	Enforce the image policy	2026-10-07T13:51:29.8855325Z │                    │ CVE-2026-33846 │          │        │                   │ 3.7.1-5+deb11u10 │ gnutls: GnuTLS: Denial of Service via heap buffer overflow   │
8 Security Gate	Enforce the image policy	2026-10-07T13:51:29.8856182Z │                    │                │          │        │                   │                  │ in DTLS handshake...                                         │
8 Security Gate	Enforce the image policy	2026-10-07T13:51:29.8857032Z │                    │                │          │        │                   │                  │ https://avd.aquasec.com/nvd/cve-2026-33846                   │
8 Security Gate	Enforce the image policy	2026-10-07T13:51:29.8857674Z │                    ├────────────────┤          │        │                   │                  ├──────────────────────────────────────────────────────────────┤
8 Security Gate	Enforce the image policy	2026-10-07T13:51:29.8858430Z │                    │ CVE-2026-3833  │          │        │                   │                  │ gnutls: GnuTLS: Policy bypass due to case-sensitive          │
8 Security Gate	Enforce the image policy	2026-10-07T13:51:29.8859057Z │                    │                │          │        │                   │                  │ nameConstraints comparison                                   │
8 Security Gate	Enforce the image policy	2026-10-07T13:51:29.8859639Z │                    │                │          │        │                   │                  │ https://avd.aquasec.com/nvd/cve-2026-3833                    │
8 Security Gate	Enforce the image policy	2026-10-07T13:51:29.8860279Z │                    ├────────────────┤          │        │                   │                  ├──────────────────────────────────────────────────────────────┤
8 Security Gate	Enforce the image policy	2026-10-07T13:51:29.8860916Z │                    │ CVE-2026-42009 │          │        │                   │                  │ gnutls: gnutls: Denial of Service via DTLS packet reordering │
8 Security Gate	Enforce the image policy	2026-10-07T13:51:29.8861523Z │                    │                │          │        │                   │                  │ vulnerability                                                │
8 Security Gate	Enforce the image policy	2026-10-07T13:51:29.8862088Z │                    │                │          │        │                   │                  │ https://avd.aquasec.com/nvd/cve-2026-42009                   │
8 Security Gate	Enforce the image policy	2026-10-07T13:51:29.8862776Z ├────────────────────┼────────────────┤          │        ├───────────────────┼──────────────────┼──────────────────────────────────────────────────────────────┤
8 Security Gate	Enforce the image policy	2026-10-07T13:51:29.8863522Z │ libgssapi-krb5-2   │ CVE-2026-40355 │          │        │ 1.18.3-6+deb11u7  │ 1.18.3-6+deb11u8 │ krb5: MIT Kerberos 5: Denial of Service via NULL pointer     │
8 Security Gate	Enforce the image policy	2026-10-07T13:51:29.8864300Z │                    │                │          │        │                   │                  │ dereference in...                                            │
8 Security Gate	Enforce the image policy	2026-10-07T13:51:29.8922812Z │                    │                │          │        │                   │                  │ https://avd.aquasec.com/nvd/cve-2026-40355                   │
8 Security Gate	Enforce the image policy	2026-10-07T13:51:29.8923569Z │                    ├────────────────┤          │        │                   │                  ├──────────────────────────────────────────────────────────────┤
8 Security Gate	Enforce the image policy	2026-10-07T13:51:29.8924316Z │                    │ CVE-2026-40356 │          │        │                   │                  │ krb5: MIT Kerberos 5 (krb5): Denial of Service via integer   │
8 Security Gate	Enforce the image policy	2026-10-07T13:51:29.8924927Z │                    │                │          │        │                   │                  │ underflow and...                                             │
8 Security Gate	Enforce the image policy	2026-10-07T13:51:29.8925509Z │                    │                │          │        │                   │                  │ https://avd.aquasec.com/nvd/cve-2026-40356                   │
8 Security Gate	Enforce the image policy	2026-10-07T13:51:29.8926299Z ├────────────────────┼────────────────┤          │        │                   │                  ├──────────────────────────────────────────────────────────────┤
8 Security Gate	Enforce the image policy	2026-10-07T13:51:29.8927253Z │ libk5crypto3       │ CVE-2026-40355 │          │        │                   │                  │ krb5: MIT Kerberos 5: Denial of Service via NULL pointer     │
8 Security Gate	Enforce the image policy	2026-10-07T13:51:29.8927892Z │                    │                │          │        │                   │                  │ dereference in...                                            │
8 Security Gate	Enforce the image policy	2026-10-07T13:51:29.8928480Z │                    │                │          │        │                   │                  │ https://avd.aquasec.com/nvd/cve-2026-40355                   │
8 Security Gate	Enforce the image policy	2026-10-07T13:51:29.8929100Z │                    ├────────────────┤          │        │                   │                  ├──────────────────────────────────────────────────────────────┤
8 Security Gate	Enforce the image policy	2026-10-07T13:51:29.8929734Z │                    │ CVE-2026-40356 │          │        │                   │                  │ krb5: MIT Kerberos 5 (krb5): Denial of Service via integer   │
8 Security Gate	Enforce the image policy	2026-10-07T13:51:29.8930355Z │                    │                │          │        │                   │                  │ underflow and...                                             │
8 Security Gate	Enforce the image policy	2026-10-07T13:51:29.8930923Z │                    │                │          │        │                   │                  │ https://avd.aquasec.com/nvd/cve-2026-40356                   │
8 Security Gate	Enforce the image policy	2026-10-07T13:51:29.8931550Z ├────────────────────┼────────────────┤          │        │                   │                  ├──────────────────────────────────────────────────────────────┤
8 Security Gate	Enforce the image policy	2026-10-07T13:51:29.8932212Z │ libkrb5-3          │ CVE-2026-40355 │          │        │                   │                  │ krb5: MIT Kerberos 5: Denial of Service via NULL pointer     │
8 Security Gate	Enforce the image policy	2026-10-07T13:51:29.8932982Z │                    │                │          │        │                   │                  │ dereference in...                                            │
8 Security Gate	Enforce the image policy	2026-10-07T13:51:29.8933555Z │                    │                │          │        │                   │                  │ https://avd.aquasec.com/nvd/cve-2026-40355                   │
8 Security Gate	Enforce the image policy	2026-10-07T13:51:29.8934181Z │                    ├────────────────┤          │        │                   │                  ├──────────────────────────────────────────────────────────────┤
8 Security Gate	Enforce the image policy	2026-10-07T13:51:29.8934793Z │                    │ CVE-2026-40356 │          │        │                   │                  │ krb5: MIT Kerberos 5 (krb5): Denial of Service via integer   │
8 Security Gate	Enforce the image policy	2026-10-07T13:51:29.8935371Z │                    │                │          │        │                   │                  │ underflow and...                                             │
8 Security Gate	Enforce the image policy	2026-10-07T13:51:29.8936169Z │                    │                │          │        │                   │                  │ https://avd.aquasec.com/nvd/cve-2026-40356                   │
8 Security Gate	Enforce the image policy	2026-10-07T13:51:29.8936839Z ├────────────────────┼────────────────┤          │        │                   │                  ├──────────────────────────────────────────────────────────────┤
8 Security Gate	Enforce the image policy	2026-10-07T13:51:29.8937681Z │ libkrb5support0    │ CVE-2026-40355 │          │        │                   │                  │ krb5: MIT Kerberos 5: Denial of Service via NULL pointer     │
8 Security Gate	Enforce the image policy	2026-10-07T13:51:29.8938312Z │                    │                │          │        │                   │                  │ dereference in...                                            │
8 Security Gate	Enforce the image policy	2026-10-07T13:51:29.8938882Z │                    │                │          │        │                   │                  │ https://avd.aquasec.com/nvd/cve-2026-40355                   │
8 Security Gate	Enforce the image policy	2026-10-07T13:51:29.8939502Z │                    ├────────────────┤          │        │                   │                  ├──────────────────────────────────────────────────────────────┤
8 Security Gate	Enforce the image policy	2026-10-07T13:51:29.8940143Z │                    │ CVE-2026-40356 │          │        │                   │                  │ krb5: MIT Kerberos 5 (krb5): Denial of Service via integer   │
8 Security Gate	Enforce the image policy	2026-10-07T13:51:29.8940748Z │                    │                │          │        │                   │                  │ underflow and...                                             │
8 Security Gate	Enforce the image policy	2026-10-07T13:51:29.8941314Z │                    │                │          │        │                   │                  │ https://avd.aquasec.com/nvd/cve-2026-40356                   │
8 Security Gate	Enforce the image policy	2026-10-07T13:51:29.8942021Z ├────────────────────┼────────────────┤          │        ├───────────────────┼──────────────────┼──────────────────────────────────────────────────────────────┤
8 Security Gate	Enforce the image policy	2026-10-07T13:51:29.8942783Z │ libpam-modules     │ CVE-2025-6020  │          │        │ 1.4.0-9+deb11u1   │ 1.4.0-9+deb11u2  │ linux-pam: Linux-pam directory Traversal                     │
8 Security Gate	Enforce the image policy	2026-10-07T13:51:29.8943449Z │                    │                │          │        │                   │                  │ https://avd.aquasec.com/nvd/cve-2025-6020                    │
8 Security Gate	Enforce the image policy	2026-10-07T13:51:29.8944148Z ├────────────────────┤                │          │        │                   │                  │                                                              │
8 Security Gate	Enforce the image policy	2026-10-07T13:51:29.8944737Z │ libpam-modules-bin │                │          │        │                   │                  │                                                              │
8 Security Gate	Enforce the image policy	2026-10-07T13:51:29.8945280Z │                    │                │          │        │                   │                  │                                                              │
8 Security Gate	Enforce the image policy	2026-10-07T13:51:29.8945915Z ├────────────────────┤                │          │        │                   │                  │                                                              │
8 Security Gate	Enforce the image policy	2026-10-07T13:51:29.8946490Z │ libpam-runtime     │                │          │        │                   │                  │                                                              │
8 Security Gate	Enforce the image policy	2026-10-07T13:51:29.8947031Z │                    │                │          │        │                   │                  │                                                              │
8 Security Gate	Enforce the image policy	2026-10-07T13:51:29.8947708Z ├────────────────────┤                │          │        │                   │                  │                                                              │
8 Security Gate	Enforce the image policy	2026-10-07T13:51:29.8948268Z │ libpam0g           │                │          │        │                   │                  │                                                              │
8 Security Gate	Enforce the image policy	2026-10-07T13:51:29.8948791Z │                    │                │          │        │                   │                  │                                                              │
8 Security Gate	Enforce the image policy	2026-10-07T13:51:29.8949466Z ├────────────────────┼────────────────┤          │        ├───────────────────┼──────────────────┼──────────────────────────────────────────────────────────────┤
8 Security Gate	Enforce the image policy	2026-10-07T13:51:29.8950250Z │ libssl1.1          │ CVE-2025-69421 │          │        │ 1.1.1w-0+deb11u3  │ 1.1.1w-0+deb11u5 │ openssl: OpenSSL: Denial of Service via malformed PKCS#12    │
8 Security Gate	Enforce the image policy	2026-10-07T13:51:29.8950903Z │                    │                │          │        │                   │                  │ file processing                                              │
8 Security Gate	Enforce the image policy	2026-10-07T13:51:29.8951491Z │                    │                │          │        │                   │                  │ https://avd.aquasec.com/nvd/cve-2025-69421                   │
8 Security Gate	Enforce the image policy	2026-10-07T13:51:29.8952136Z │                    ├────────────────┤          │        │                   ├──────────────────┼──────────────────────────────────────────────────────────────┤
8 Security Gate	Enforce the image policy	2026-10-07T13:51:29.8952795Z │                    │ CVE-2026-28387 │          │        │                   │ 1.1.1w-0+deb11u7 │ openssl: OpenSSL: Arbitrary code execution due to            │
8 Security Gate	Enforce the image policy	2026-10-07T13:51:29.8953433Z │                    │                │          │        │                   │                  │ use-after-free in DANE TLSA authentication...                │
8 Security Gate	Enforce the image policy	2026-10-07T13:51:29.8954137Z │                    │                │          │        │                   │                  │ https://avd.aquasec.com/nvd/cve-2026-28387                   │
8 Security Gate	Enforce the image policy	2026-10-07T13:51:29.8954784Z │                    ├────────────────┤          │        │                   │                  ├──────────────────────────────────────────────────────────────┤
8 Security Gate	Enforce the image policy	2026-10-07T13:51:29.8955416Z │                    │ CVE-2026-28388 │          │        │                   │                  │ openssl: OpenSSL: Denial of Service due to NULL pointer      │
8 Security Gate	Enforce the image policy	2026-10-07T13:51:29.8956203Z │                    │                │          │        │                   │                  │ dereference in delta...                                      │
8 Security Gate	Enforce the image policy	2026-10-07T13:51:29.8956774Z │                    │                │          │        │                   │                  │ https://avd.aquasec.com/nvd/cve-2026-28388                   │
8 Security Gate	Enforce the image policy	2026-10-07T13:51:29.8957405Z │                    ├────────────────┤          │        │                   │                  ├──────────────────────────────────────────────────────────────┤
8 Security Gate	Enforce the image policy	2026-10-07T13:51:29.8958153Z │                    │ CVE-2026-28389 │          │        │                   │                  │ openssl: OpenSSL: Denial of Service vulnerability in CMS     │
8 Security Gate	Enforce the image policy	2026-10-07T13:51:29.8958746Z │                    │                │          │        │                   │                  │ processing                                                   │
8 Security Gate	Enforce the image policy	2026-10-07T13:51:29.8959310Z │                    │                │          │        │                   │                  │ https://avd.aquasec.com/nvd/cve-2026-28389                   │
8 Security Gate	Enforce the image policy	2026-10-07T13:51:29.8959955Z │                    ├────────────────┤          │        │                   │                  ├──────────────────────────────────────────────────────────────┤
8 Security Gate	Enforce the image policy	2026-10-07T13:51:29.8960581Z │                    │ CVE-2026-28390 │          │        │                   │                  │ openssl: OpenSSL: Denial of Service due to NULL pointer      │
8 Security Gate	Enforce the image policy	2026-10-07T13:51:29.8961179Z │                    │                │          │        │                   │                  │ dereference in CMS...                                        │
8 Security Gate	Enforce the image policy	2026-10-07T13:51:29.8961766Z │                    │                │          │        │                   │                  │ https://avd.aquasec.com/nvd/cve-2026-28390                   │
8 Security Gate	Enforce the image policy	2026-10-07T13:51:29.8962393Z │                    ├────────────────┤          │        │                   ├──────────────────┼──────────────────────────────────────────────────────────────┤
8 Security Gate	Enforce the image policy	2026-10-07T13:51:29.8963051Z │                    │ CVE-2026-45447 │          │        │                   │ 1.1.1w-0+deb11u8 │ openssl: Heap Use-After-Free in OpenSSL PKCS7_verify()       │
8 Security Gate	Enforce the image policy	2026-10-07T13:51:29.8963680Z │                    │                │          │        │                   │                  │ https://avd.aquasec.com/nvd/cve-2026-45447                   │
8 Security Gate	Enforce the image policy	2026-10-07T13:51:29.8964462Z ├────────────────────┼────────────────┤          │        │                   ├──────────────────┼──────────────────────────────────────────────────────────────┤
8 Security Gate	Enforce the image policy	2026-10-07T13:51:29.8965177Z │ openssl            │ CVE-2025-69421 │          │        │                   │ 1.1.1w-0+deb11u5 │ openssl: OpenSSL: Denial of Service via malformed PKCS#12    │
8 Security Gate	Enforce the image policy	2026-10-07T13:51:29.8965897Z │                    │                │          │        │                   │                  │ file processing                                              │
8 Security Gate	Enforce the image policy	2026-10-07T13:51:29.8966473Z │                    │                │          │        │                   │                  │ https://avd.aquasec.com/nvd/cve-2025-69421                   │
8 Security Gate	Enforce the image policy	2026-10-07T13:51:29.8967137Z │                    ├────────────────┤          │        │                   ├──────────────────┼──────────────────────────────────────────────────────────────┤
8 Security Gate	Enforce the image policy	2026-10-07T13:51:29.8967855Z │                    │ CVE-2026-28387 │          │        │                   │ 1.1.1w-0+deb11u7 │ openssl: OpenSSL: Arbitrary code execution due to            │
8 Security Gate	Enforce the image policy	2026-10-07T13:51:29.8968621Z │                    │                │          │        │                   │                  │ use-after-free in DANE TLSA authentication...                │
8 Security Gate	Enforce the image policy	2026-10-07T13:51:29.8969226Z │                    │                │          │        │                   │                  │ https://avd.aquasec.com/nvd/cve-2026-28387                   │
8 Security Gate	Enforce the image policy	2026-10-07T13:51:29.8969855Z │                    ├────────────────┤          │        │                   │                  ├──────────────────────────────────────────────────────────────┤
8 Security Gate	Enforce the image policy	2026-10-07T13:51:29.8970472Z │                    │ CVE-2026-28388 │          │        │                   │                  │ openssl: OpenSSL: Denial of Service due to NULL pointer      │
8 Security Gate	Enforce the image policy	2026-10-07T13:51:29.8971084Z │                    │                │          │        │                   │                  │ dereference in delta...                                      │
8 Security Gate	Enforce the image policy	2026-10-07T13:51:29.8971666Z │                    │                │          │        │                   │                  │ https://avd.aquasec.com/nvd/cve-2026-28388                   │
8 Security Gate	Enforce the image policy	2026-10-07T13:51:29.8972297Z │                    ├────────────────┤          │        │                   │                  ├──────────────────────────────────────────────────────────────┤
8 Security Gate	Enforce the image policy	2026-10-07T13:51:29.8972922Z │                    │ CVE-2026-28389 │          │        │                   │                  │ openssl: OpenSSL: Denial of Service vulnerability in CMS     │
8 Security Gate	Enforce the image policy	2026-10-07T13:51:29.8973519Z │                    │                │          │        │                   │                  │ processing                                                   │
8 Security Gate	Enforce the image policy	2026-10-07T13:51:29.8974080Z │                    │                │          │        │                   │                  │ https://avd.aquasec.com/nvd/cve-2026-28389                   │
8 Security Gate	Enforce the image policy	2026-10-07T13:51:29.8974811Z │                    ├────────────────┤          │        │                   │                  ├──────────────────────────────────────────────────────────────┤
8 Security Gate	Enforce the image policy	2026-10-07T13:51:29.8975459Z │                    │ CVE-2026-28390 │          │        │                   │                  │ openssl: OpenSSL: Denial of Service due to NULL pointer      │
8 Security Gate	Enforce the image policy	2026-10-07T13:51:29.8976247Z │                    │                │          │        │                   │                  │ dereference in CMS...                                        │
8 Security Gate	Enforce the image policy	2026-10-07T13:51:29.8976823Z │                    │                │          │        │                   │                  │ https://avd.aquasec.com/nvd/cve-2026-28390                   │
8 Security Gate	Enforce the image policy	2026-10-07T13:51:29.8977474Z │                    ├────────────────┤          │        │                   ├──────────────────┼──────────────────────────────────────────────────────────────┤
8 Security Gate	Enforce the image policy	2026-10-07T13:51:29.8978156Z │                    │ CVE-2026-45447 │          │        │                   │ 1.1.1w-0+deb11u8 │ openssl: Heap Use-After-Free in OpenSSL PKCS7_verify()       │
8 Security Gate	Enforce the image policy	2026-10-07T13:51:29.8978913Z │                    │                │          │        │                   │                  │ https://avd.aquasec.com/nvd/cve-2026-45447                   │
8 Security Gate	Enforce the image policy	2026-10-07T13:51:29.8979654Z └────────────────────┴────────────────┴──────────┴────────┴───────────────────┴──────────────────┴──────────────────────────────────────────────────────────────┘
8 Security Gate	Enforce the image policy	2026-10-07T13:51:29.8980032Z 
8 Security Gate	Enforce the image policy	2026-10-07T13:51:29.8980128Z Python (python-pkg)
8 Security Gate	Enforce the image policy	2026-10-07T13:51:29.8980309Z ===================
8 Security Gate	Enforce the image policy	2026-10-07T13:51:29.8980489Z Total: 3 (HIGH: 3, CRITICAL: 0)
8 Security Gate	Enforce the image policy	2026-10-07T13:51:29.8980625Z 
8 Security Gate	Enforce the image policy	2026-10-07T13:51:29.8981071Z ┌───────────────────────┬────────────────┬──────────┬────────┬───────────────────┬───────────────┬────────────────────────────────────────────────────────┐
8 Security Gate	Enforce the image policy	2026-10-07T13:51:29.8981858Z │        Library        │ Vulnerability  │ Severity │ Status │ Installed Version │ Fixed Version │                         Title                          │
8 Security Gate	Enforce the image policy	2026-10-07T13:51:29.8982679Z ├───────────────────────┼────────────────┼──────────┼────────┼───────────────────┼───────────────┼────────────────────────────────────────────────────────┤
8 Security Gate	Enforce the image policy	2026-10-07T13:51:29.8983461Z │ setuptools (METADATA) │ CVE-2024-6345  │ HIGH     │ fixed  │ 65.5.1            │ 70.0.0        │ pypa/setuptools: Remote code execution via download    │
8 Security Gate	Enforce the image policy	2026-10-07T13:51:29.8984113Z │                       │                │          │        │                   │               │ functions in the package_index module in...            │
8 Security Gate	Enforce the image policy	2026-10-07T13:51:29.8984675Z │                       │                │          │        │                   │               │ https://avd.aquasec.com/nvd/cve-2024-6345              │
8 Security Gate	Enforce the image policy	2026-10-07T13:51:29.8985295Z │                       ├────────────────┤          │        │                   ├───────────────┼────────────────────────────────────────────────────────┤
8 Security Gate	Enforce the image policy	2026-10-07T13:51:29.8986130Z │                       │ CVE-2025-47273 │          │        │                   │ 78.1.1        │ setuptools: Path Traversal Vulnerability in setuptools │
8 Security Gate	Enforce the image policy	2026-10-07T13:51:29.8986722Z │                       │                │          │        │                   │               │ PackageIndex                                           │
8 Security Gate	Enforce the image policy	2026-10-07T13:51:29.8987272Z │                       │                │          │        │                   │               │ https://avd.aquasec.com/nvd/cve-2025-47273             │
8 Security Gate	Enforce the image policy	2026-10-07T13:51:29.8987937Z ├───────────────────────┼────────────────┤          │        ├───────────────────┼───────────────┼────────────────────────────────────────────────────────┤
8 Security Gate	Enforce the image policy	2026-10-07T13:51:29.8988675Z │ wheel (METADATA)      │ CVE-2026-24049 │          │        │ 0.45.1            │ 0.46.2        │ wheel: wheel: Privilege Escalation or Arbitrary Code   │
8 Security Gate	Enforce the image policy	2026-10-07T13:51:29.8989575Z │                       │                │          │        │                   │               │ Execution via malicious wheel file...                  │
8 Security Gate	Enforce the image policy	2026-10-07T13:51:29.8990138Z │                       │                │          │        │                   │               │ https://avd.aquasec.com/nvd/cve-2026-24049             │
8 Security Gate	Enforce the image policy	2026-10-07T13:51:29.8990970Z └───────────────────────┴────────────────┴──────────┴────────┴───────────────────┴───────────────┴────────────────────────────────────────────────────────┘
8 Security Gate	Enforce the image policy	2026-10-07T13:51:29.8998828Z ##[error]Process completed with exit code 1.
8 Security Gate	Complete job	﻿2026-10-07T13:51:29.9073656Z Cleaning up orphan processes
8 Security Gate	Complete job	2026-10-07T13:51:29.9357713Z ##[warning]Node.js 20 is deprecated. The following actions target Node.js 20 but are being forced to run on Node.js 24: actions/download-artifact@v4. For more information see: https://github.blog/changelog/2025-09-19-deprecation-of-node-20-on-github-actions-runners/
Pipeline summary	Set up job	﻿2026-10-07T13:51:35.9294974Z Current runner version: '2.337.0'
Pipeline summary	Set up job	2026-10-07T13:51:35.9321845Z ##[group]Runner Image Provisioner
Pipeline summary	Set up job	2026-10-07T13:51:35.9322770Z Hosted Compute Agent
Pipeline summary	Set up job	2026-10-07T13:51:35.9323623Z Version: 20261002.596
Pipeline summary	Set up job	2026-10-07T13:51:35.9324277Z Commit: c3d12f3313a95f25162a1503be624f3b0617f8c0
Pipeline summary	Set up job	2026-10-07T13:51:35.9325006Z Build Date: 2026-10-02T22:28:27Z
Pipeline summary	Set up job	2026-10-07T13:51:35.9325789Z Worker ID: {d707d981-366e-44be-9ff6-775f56b7af91}
Pipeline summary	Set up job	2026-10-07T13:51:35.9326520Z Region: westcentralus
Pipeline summary	Set up job	2026-10-07T13:51:35.9327178Z Cloud: Azure
Pipeline summary	Set up job	2026-10-07T13:51:35.9327757Z ##[endgroup]
Pipeline summary	Set up job	2026-10-07T13:51:35.9329199Z ##[group]Operating System
Pipeline summary	Set up job	2026-10-07T13:51:35.9330117Z Ubuntu
Pipeline summary	Set up job	2026-10-07T13:51:35.9330678Z 24.04.5
Pipeline summary	Set up job	2026-10-07T13:51:35.9331345Z LTS
Pipeline summary	Set up job	2026-10-07T13:51:35.9331912Z ##[endgroup]
Pipeline summary	Set up job	2026-10-07T13:51:35.9332499Z ##[group]Runner Image
Pipeline summary	Set up job	2026-10-07T13:51:35.9333181Z Image: ubuntu-24.04
Pipeline summary	Set up job	2026-10-07T13:51:35.9333775Z Version: 20261004.327.1
Pipeline summary	Set up job	2026-10-07T13:51:35.9335332Z Included Software: https://github.com/actions/runner-images/blob/ubuntu24/20261004.327/images/ubuntu/Ubuntu2404-Readme.md
Pipeline summary	Set up job	2026-10-07T13:51:35.9337139Z Image Release: https://github.com/actions/runner-images/releases/tag/ubuntu24%2F20261004.327
Pipeline summary	Set up job	2026-10-07T13:51:35.9338226Z ##[endgroup]
Pipeline summary	Set up job	2026-10-07T13:51:35.9339482Z ##[group]GITHUB_TOKEN Permissions
Pipeline summary	Set up job	2026-10-07T13:51:35.9341894Z Contents: read
Pipeline summary	Set up job	2026-10-07T13:51:35.9342527Z Metadata: read
Pipeline summary	Set up job	2026-10-07T13:51:35.9343169Z ##[endgroup]
Pipeline summary	Set up job	2026-10-07T13:51:35.9345305Z Secret source: Actions
Pipeline summary	Set up job	2026-10-07T13:51:35.9346412Z Cache mode: write
Pipeline summary	Set up job	2026-10-07T13:51:35.9347355Z Prepare workflow directory
Pipeline summary	Set up job	2026-10-07T13:51:35.9805951Z Prepare all required actions
Pipeline summary	Set up job	2026-10-07T13:51:35.9872665Z Complete job name: Pipeline summary
Pipeline summary	Print every stage result	﻿2026-10-07T13:51:36.0679083Z ##[group]Run printf '%-26s %s\n' "1 build"               "success"
Pipeline summary	Print every stage result	2026-10-07T13:51:36.0680665Z [36;1mprintf '%-26s %s\n' "1 build"               "success"[0m
Pipeline summary	Print every stage result	2026-10-07T13:51:36.0681722Z [36;1mprintf '%-26s %s\n' "2 test"                "success"[0m
Pipeline summary	Print every stage result	2026-10-07T13:51:36.0682778Z [36;1mprintf '%-26s %s\n' "3 sast"                "success"[0m
Pipeline summary	Print every stage result	2026-10-07T13:51:36.0683667Z [36;1mprintf '%-26s %s\n' "3b codeql"             "success"[0m
Pipeline summary	Print every stage result	2026-10-07T13:51:36.0684622Z [36;1mprintf '%-26s %s\n' "4 sca"                 "success"[0m
Pipeline summary	Print every stage result	2026-10-07T13:51:36.0685583Z [36;1mprintf '%-26s %s\n' "5 secret-scan"         "success"[0m
Pipeline summary	Print every stage result	2026-10-07T13:51:36.0686522Z [36;1mprintf '%-26s %s\n' "6 docker-build"        "success"[0m
Pipeline summary	Print every stage result	2026-10-07T13:51:36.0687391Z [36;1mprintf '%-26s %s\n' "7 image-scan"          "success"[0m
Pipeline summary	Print every stage result	2026-10-07T13:51:36.0688292Z [36;1mprintf '%-26s %s\n' "8 security-gate"       "failure"[0m
Pipeline summary	Print every stage result	2026-10-07T13:51:36.0689189Z [36;1mprintf '%-26s %s\n' "9 push-image"          "skipped"[0m
Pipeline summary	Print every stage result	2026-10-07T13:51:36.0690493Z [36;1mprintf '%-26s %s\n' "10 deploy"             "skipped"[0m
Pipeline summary	Print every stage result	2026-10-07T13:51:36.1604073Z shell: /usr/bin/bash --noprofile --norc -e -o pipefail {0}
Pipeline summary	Print every stage result	2026-10-07T13:51:36.1605471Z env:
Pipeline summary	Print every stage result	2026-10-07T13:51:36.1606066Z   APP_DIR: labs/17-devsecops
Pipeline summary	Print every stage result	2026-10-07T13:51:36.1606793Z   IMAGE_NAME: claim-check-api
Pipeline summary	Print every stage result	2026-10-07T13:51:36.1607491Z   TRIVY_VERSION: 0.75.0
Pipeline summary	Print every stage result	2026-10-07T13:51:36.1608125Z   GITLEAKS_VERSION: 8.30.1
Pipeline summary	Print every stage result	2026-10-07T13:51:36.1608833Z   PYTHON_VERSION: 3.13
Pipeline summary	Print every stage result	2026-10-07T13:51:36.1609424Z ##[endgroup]
Pipeline summary	Print every stage result	2026-10-07T13:51:36.1835988Z 1 build                    success
Pipeline summary	Print every stage result	2026-10-07T13:51:36.1836882Z 2 test                     success
Pipeline summary	Print every stage result	2026-10-07T13:51:36.1837637Z 3 sast                     success
Pipeline summary	Print every stage result	2026-10-07T13:51:36.1838329Z 3b codeql                  success
Pipeline summary	Print every stage result	2026-10-07T13:51:36.1838982Z 4 sca                      success
Pipeline summary	Print every stage result	2026-10-07T13:51:36.1840036Z 5 secret-scan              success
Pipeline summary	Print every stage result	2026-10-07T13:51:36.1840744Z 6 docker-build             success
Pipeline summary	Print every stage result	2026-10-07T13:51:36.1841438Z 7 image-scan               success
Pipeline summary	Print every stage result	2026-10-07T13:51:36.1842154Z 8 security-gate            failure
Pipeline summary	Print every stage result	2026-10-07T13:51:36.1842849Z 9 push-image               skipped
Pipeline summary	Print every stage result	2026-10-07T13:51:36.1843546Z 10 deploy                  skipped
Pipeline summary	Fail the pipeline when any stage failed	﻿2026-10-07T13:51:36.2084142Z ##[group]Run echo "::error::at least one stage did not pass, nothing was promoted"
Pipeline summary	Fail the pipeline when any stage failed	2026-10-07T13:51:36.2085378Z [36;1mecho "::error::at least one stage did not pass, nothing was promoted"[0m
Pipeline summary	Fail the pipeline when any stage failed	2026-10-07T13:51:36.2086132Z [36;1mexit 1[0m
Pipeline summary	Fail the pipeline when any stage failed	2026-10-07T13:51:36.2156197Z shell: /usr/bin/bash --noprofile --norc -e -o pipefail {0}
Pipeline summary	Fail the pipeline when any stage failed	2026-10-07T13:51:36.2156882Z env:
Pipeline summary	Fail the pipeline when any stage failed	2026-10-07T13:51:36.2157325Z   APP_DIR: labs/17-devsecops
Pipeline summary	Fail the pipeline when any stage failed	2026-10-07T13:51:36.2157857Z   IMAGE_NAME: claim-check-api
Pipeline summary	Fail the pipeline when any stage failed	2026-10-07T13:51:36.2158372Z   TRIVY_VERSION: 0.75.0
Pipeline summary	Fail the pipeline when any stage failed	2026-10-07T13:51:36.2158854Z   GITLEAKS_VERSION: 8.30.1
Pipeline summary	Fail the pipeline when any stage failed	2026-10-07T13:51:36.2159342Z   PYTHON_VERSION: 3.13
Pipeline summary	Fail the pipeline when any stage failed	2026-10-07T13:51:36.2160091Z ##[endgroup]
Pipeline summary	Fail the pipeline when any stage failed	2026-10-07T13:51:36.2282081Z ##[error]at least one stage did not pass, nothing was promoted
Pipeline summary	Fail the pipeline when any stage failed	2026-10-07T13:51:36.2290711Z ##[error]Process completed with exit code 1.
Pipeline summary	Complete job	﻿2026-10-07T13:51:36.2401511Z Cleaning up orphan processes
