1 Build	Set up job	﻿2026-10-07T14:03:24.8543602Z Current runner version: '2.337.0'
1 Build	Set up job	2026-10-07T14:03:24.8572968Z ##[group]Runner Image Provisioner
1 Build	Set up job	2026-10-07T14:03:24.8574040Z Hosted Compute Agent
1 Build	Set up job	2026-10-07T14:03:24.8574792Z Version: 20260901.588
1 Build	Set up job	2026-10-07T14:03:24.8575596Z Commit: f88ec8081b781fac6c440065ac7ff9e710ce3d0b
1 Build	Set up job	2026-10-07T14:03:24.8576494Z Build Date: 2026-09-01T19:56:44Z
1 Build	Set up job	2026-10-07T14:03:24.8577365Z Worker ID: {d0466bcd-a066-4bf5-8044-3c3b4da334bd}
1 Build	Set up job	2026-10-07T14:03:24.8578326Z Azure Region: eastus
1 Build	Set up job	2026-10-07T14:03:24.8579003Z ##[endgroup]
1 Build	Set up job	2026-10-07T14:03:24.8581006Z ##[group]Operating System
1 Build	Set up job	2026-10-07T14:03:24.8581994Z Ubuntu
1 Build	Set up job	2026-10-07T14:03:24.8582670Z 24.04.5
1 Build	Set up job	2026-10-07T14:03:24.8583393Z LTS
1 Build	Set up job	2026-10-07T14:03:24.8583990Z ##[endgroup]
1 Build	Set up job	2026-10-07T14:03:24.8584758Z ##[group]Runner Image
1 Build	Set up job	2026-10-07T14:03:24.8585556Z Image: ubuntu-24.04
1 Build	Set up job	2026-10-07T14:03:24.8586228Z Version: 20260927.320.1
1 Build	Set up job	2026-10-07T14:03:24.8587637Z Included Software: https://github.com/actions/runner-images/blob/ubuntu24/20260927.320/images/ubuntu/Ubuntu2404-Readme.md
1 Build	Set up job	2026-10-07T14:03:24.8589835Z Image Release: https://github.com/actions/runner-images/releases/tag/ubuntu24%2F20260927.320
1 Build	Set up job	2026-10-07T14:03:24.8591043Z ##[endgroup]
1 Build	Set up job	2026-10-07T14:03:24.8592629Z ##[group]GITHUB_TOKEN Permissions
1 Build	Set up job	2026-10-07T14:03:24.8594875Z Contents: read
1 Build	Set up job	2026-10-07T14:03:24.8595635Z Metadata: read
1 Build	Set up job	2026-10-07T14:03:24.8596315Z ##[endgroup]
1 Build	Set up job	2026-10-07T14:03:24.8598674Z Secret source: Actions
1 Build	Set up job	2026-10-07T14:03:24.8599909Z Cache mode: write
1 Build	Set up job	2026-10-07T14:03:24.8600943Z Prepare workflow directory
1 Build	Set up job	2026-10-07T14:03:24.9166274Z Prepare all required actions
1 Build	Set up job	2026-10-07T14:03:24.9204129Z Getting action download info
1 Build	Set up job	2026-10-07T14:03:25.1184318Z Download action repository 'actions/checkout@v4' (SHA:11d5960a326750d5838078e36cf38b85af677262)
1 Build	Set up job	2026-10-07T14:03:25.4467267Z Download action repository 'actions/setup-python@v5' (SHA:a26af69be951a213d495a4c3e4e4022e16d87065)
1 Build	Set up job	2026-10-07T14:03:25.5460110Z Download action repository 'actions/upload-artifact@v4' (SHA:ea165f8d65b6e75b540449e92b4886f43607fa02)
1 Build	Set up job	2026-10-07T14:03:25.8033228Z Complete job name: 1 Build
1 Build	Checkout code	﻿2026-10-07T14:03:25.8634439Z ##[group]Run actions/checkout@v4
1 Build	Checkout code	2026-10-07T14:03:25.8635107Z with:
1 Build	Checkout code	2026-10-07T14:03:25.8635491Z   repository: AmanYadav7015/devops-coursework
1 Build	Checkout code	2026-10-07T14:03:25.8638661Z   token: ***
1 Build	Checkout code	2026-10-07T14:03:25.8639006Z   ssh-strict: true
1 Build	Checkout code	2026-10-07T14:03:25.8639359Z   ssh-user: git
1 Build	Checkout code	2026-10-07T14:03:25.8639705Z   persist-credentials: true
1 Build	Checkout code	2026-10-07T14:03:25.8640083Z   clean: true
1 Build	Checkout code	2026-10-07T14:03:25.8640429Z   sparse-checkout-cone-mode: true
1 Build	Checkout code	2026-10-07T14:03:25.8640831Z   fetch-depth: 1
1 Build	Checkout code	2026-10-07T14:03:25.8641362Z   fetch-tags: false
1 Build	Checkout code	2026-10-07T14:03:25.8641718Z   show-progress: true
1 Build	Checkout code	2026-10-07T14:03:25.8642065Z   lfs: false
1 Build	Checkout code	2026-10-07T14:03:25.8642384Z   submodules: false
1 Build	Checkout code	2026-10-07T14:03:25.8642728Z   set-safe-directory: true
1 Build	Checkout code	2026-10-07T14:03:25.8643117Z   allow-unsafe-pr-checkout: false
1 Build	Checkout code	2026-10-07T14:03:25.8643678Z env:
1 Build	Checkout code	2026-10-07T14:03:25.8644006Z   APP_DIR: labs/17-devsecops
1 Build	Checkout code	2026-10-07T14:03:25.8644394Z   IMAGE_NAME: claim-check-api
1 Build	Checkout code	2026-10-07T14:03:25.8644800Z   TRIVY_VERSION: 0.75.0
1 Build	Checkout code	2026-10-07T14:03:25.8645194Z   GITLEAKS_VERSION: 8.30.1
1 Build	Checkout code	2026-10-07T14:03:25.8645566Z   PYTHON_VERSION: 3.13
1 Build	Checkout code	2026-10-07T14:03:25.8645917Z ##[endgroup]
1 Build	Checkout code	2026-10-07T14:03:25.9463643Z Syncing repository: AmanYadav7015/devops-coursework
1 Build	Checkout code	2026-10-07T14:03:25.9465956Z ##[group]Getting Git version info
1 Build	Checkout code	2026-10-07T14:03:25.9466971Z Working directory is '/home/runner/work/devops-coursework/devops-coursework'
1 Build	Checkout code	2026-10-07T14:03:25.9468480Z [command]/usr/bin/git version
1 Build	Checkout code	2026-10-07T14:03:25.9546009Z git version 2.55.0
1 Build	Checkout code	2026-10-07T14:03:25.9600976Z ##[endgroup]
1 Build	Checkout code	2026-10-07T14:03:25.9608064Z Temporarily overriding HOME='/home/runner/work/_temp/49a3806c-382a-4043-a7fe-f6e65483d582' before making global git config changes
1 Build	Checkout code	2026-10-07T14:03:25.9609765Z Adding repository directory to the temporary git global config as a safe directory
1 Build	Checkout code	2026-10-07T14:03:25.9619740Z [command]/usr/bin/git config --global --add safe.directory /home/runner/work/devops-coursework/devops-coursework
1 Build	Checkout code	2026-10-07T14:03:25.9658260Z Deleting the contents of '/home/runner/work/devops-coursework/devops-coursework'
1 Build	Checkout code	2026-10-07T14:03:25.9661535Z ##[group]Initializing the repository
1 Build	Checkout code	2026-10-07T14:03:25.9665323Z [command]/usr/bin/git init /home/runner/work/devops-coursework/devops-coursework
1 Build	Checkout code	2026-10-07T14:03:25.9734192Z hint: Using 'master' as the name for the initial branch. This default branch name
1 Build	Checkout code	2026-10-07T14:03:25.9735111Z hint: will change to "main" in Git 3.0. To configure the initial branch name
1 Build	Checkout code	2026-10-07T14:03:25.9735874Z hint: to use in all of your new repositories, which will suppress this warning,
1 Build	Checkout code	2026-10-07T14:03:25.9736466Z hint: call:
1 Build	Checkout code	2026-10-07T14:03:25.9736798Z hint:
1 Build	Checkout code	2026-10-07T14:03:25.9737214Z hint: 	git config --global init.defaultBranch <name>
1 Build	Checkout code	2026-10-07T14:03:25.9737713Z hint:
1 Build	Checkout code	2026-10-07T14:03:25.9738184Z hint: Names commonly chosen instead of 'master' are 'main', 'trunk' and
1 Build	Checkout code	2026-10-07T14:03:25.9738901Z hint: 'development'. The just-created branch can be renamed via this command:
1 Build	Checkout code	2026-10-07T14:03:25.9739508Z hint:
1 Build	Checkout code	2026-10-07T14:03:25.9740063Z hint: 	git branch -m <name>
1 Build	Checkout code	2026-10-07T14:03:25.9740660Z hint:
1 Build	Checkout code	2026-10-07T14:03:25.9741165Z hint: Disable this message with "git config set advice.defaultBranchName false"
1 Build	Checkout code	2026-10-07T14:03:25.9746124Z Initialized empty Git repository in /home/runner/work/devops-coursework/devops-coursework/.git/
1 Build	Checkout code	2026-10-07T14:03:25.9753988Z [command]/usr/bin/git remote add origin https://github.com/AmanYadav7015/devops-coursework
1 Build	Checkout code	2026-10-07T14:03:25.9794554Z ##[endgroup]
1 Build	Checkout code	2026-10-07T14:03:25.9795518Z ##[group]Disabling automatic garbage collection
1 Build	Checkout code	2026-10-07T14:03:25.9798094Z [command]/usr/bin/git config --local gc.auto 0
1 Build	Checkout code	2026-10-07T14:03:25.9827172Z ##[endgroup]
1 Build	Checkout code	2026-10-07T14:03:25.9832998Z ##[group]Setting up auth
1 Build	Checkout code	2026-10-07T14:03:25.9833926Z [command]/usr/bin/git config --local --name-only --get-regexp core\.sshCommand
1 Build	Checkout code	2026-10-07T14:03:25.9861030Z [command]/usr/bin/git submodule foreach --recursive sh -c "git config --local --name-only --get-regexp 'core\.sshCommand' && git config --local --unset-all 'core.sshCommand' || :"
1 Build	Checkout code	2026-10-07T14:03:26.0141984Z [command]/usr/bin/git config --local --name-only --get-regexp http\.https\:\/\/github\.com\/\.extraheader
1 Build	Checkout code	2026-10-07T14:03:26.0172860Z [command]/usr/bin/git submodule foreach --recursive sh -c "git config --local --name-only --get-regexp 'http\.https\:\/\/github\.com\/\.extraheader' && git config --local --unset-all 'http.https://github.com/.extraheader' || :"
1 Build	Checkout code	2026-10-07T14:03:26.0361824Z [command]/usr/bin/git config --local --name-only --get-regexp ^includeIf\.gitdir:
1 Build	Checkout code	2026-10-07T14:03:26.0392913Z [command]/usr/bin/git submodule foreach --recursive git config --local --show-origin --name-only --get-regexp remote.origin.url
1 Build	Checkout code	2026-10-07T14:03:26.0578917Z [command]/usr/bin/git config --local http.https://github.com/.extraheader AUTHORIZATION: basic ***
1 Build	Checkout code	2026-10-07T14:03:26.0614194Z ##[endgroup]
1 Build	Checkout code	2026-10-07T14:03:26.0614950Z ##[group]Fetching the repository
1 Build	Checkout code	2026-10-07T14:03:26.0622047Z [command]/usr/bin/git -c protocol.version=2 fetch --no-tags --prune --no-recurse-submodules --depth=1 origin +1ecb2ab13722444f111c4b843510a96c4e63250a:refs/remotes/origin/session-17-devsecops-ci
1 Build	Checkout code	2026-10-07T14:03:26.6483274Z From https://github.com/AmanYadav7015/devops-coursework
1 Build	Checkout code	2026-10-07T14:03:26.6484701Z  * [new ref]         1ecb2ab13722444f111c4b843510a96c4e63250a -> origin/session-17-devsecops-ci
1 Build	Checkout code	2026-10-07T14:03:26.6487088Z ##[endgroup]
1 Build	Checkout code	2026-10-07T14:03:26.6487821Z ##[group]Determining the checkout info
1 Build	Checkout code	2026-10-07T14:03:26.6488919Z ##[endgroup]
1 Build	Checkout code	2026-10-07T14:03:26.6493397Z [command]/usr/bin/git sparse-checkout disable
1 Build	Checkout code	2026-10-07T14:03:26.6560634Z [command]/usr/bin/git config --local --unset-all extensions.worktreeConfig
1 Build	Checkout code	2026-10-07T14:03:26.6600803Z ##[group]Checking out the ref
1 Build	Checkout code	2026-10-07T14:03:26.6605173Z [command]/usr/bin/git checkout --progress --force -B session-17-devsecops-ci refs/remotes/origin/session-17-devsecops-ci
1 Build	Checkout code	2026-10-07T14:03:26.7620902Z Switched to a new branch 'session-17-devsecops-ci'
1 Build	Checkout code	2026-10-07T14:03:26.7623328Z branch 'session-17-devsecops-ci' set up to track 'origin/session-17-devsecops-ci'.
1 Build	Checkout code	2026-10-07T14:03:26.7632142Z ##[endgroup]
1 Build	Checkout code	2026-10-07T14:03:26.7671963Z [command]/usr/bin/git log -1 --format=%H
1 Build	Checkout code	2026-10-07T14:03:26.7694978Z 1ecb2ab13722444f111c4b843510a96c4e63250a
1 Build	Setup Python	﻿2026-10-07T14:03:26.7986037Z ##[group]Run actions/setup-python@v5
1 Build	Setup Python	2026-10-07T14:03:26.7987028Z with:
1 Build	Setup Python	2026-10-07T14:03:26.7987769Z   python-version: 3.13
1 Build	Setup Python	2026-10-07T14:03:26.7988599Z   check-latest: false
1 Build	Setup Python	2026-10-07T14:03:26.7995483Z   token: ***
1 Build	Setup Python	2026-10-07T14:03:26.7996275Z   update-environment: true
1 Build	Setup Python	2026-10-07T14:03:26.7997153Z   allow-prereleases: false
1 Build	Setup Python	2026-10-07T14:03:26.7998010Z   freethreaded: false
1 Build	Setup Python	2026-10-07T14:03:26.7998787Z env:
1 Build	Setup Python	2026-10-07T14:03:26.7999508Z   APP_DIR: labs/17-devsecops
1 Build	Setup Python	2026-10-07T14:03:26.8000372Z   IMAGE_NAME: claim-check-api
1 Build	Setup Python	2026-10-07T14:03:26.8001291Z   TRIVY_VERSION: 0.75.0
1 Build	Setup Python	2026-10-07T14:03:26.8002066Z   GITLEAKS_VERSION: 8.30.1
1 Build	Setup Python	2026-10-07T14:03:26.8002865Z   PYTHON_VERSION: 3.13
1 Build	Setup Python	2026-10-07T14:03:26.8003617Z ##[endgroup]
1 Build	Setup Python	2026-10-07T14:03:26.9150452Z ##[group]Installed versions
1 Build	Setup Python	2026-10-07T14:03:26.9231144Z (node:2080) [DEP0040] DeprecationWarning: The `punycode` module is deprecated. Please use a userland alternative instead.
1 Build	Setup Python	2026-10-07T14:03:26.9233328Z (Use `node --trace-deprecation ...` to show where the warning was created)
1 Build	Setup Python	2026-10-07T14:03:26.9235068Z Successfully set up CPython (3.13.15)
1 Build	Setup Python	2026-10-07T14:03:26.9237001Z ##[endgroup]
1 Build	Resolve the version and the registry reference	﻿2026-10-07T14:03:26.9431820Z ##[group]Run APP_VERSION="1.0.${GITHUB_RUN_NUMBER}+${GITHUB_SHA::7}"
1 Build	Resolve the version and the registry reference	2026-10-07T14:03:26.9433845Z [36;1mAPP_VERSION="1.0.${GITHUB_RUN_NUMBER}+${GITHUB_SHA::7}"[0m
1 Build	Resolve the version and the registry reference	2026-10-07T14:03:26.9435686Z [36;1mIMAGE_TAG="1.0.${GITHUB_RUN_NUMBER}-${GITHUB_SHA::7}"[0m
1 Build	Resolve the version and the registry reference	2026-10-07T14:03:26.9437399Z [36;1mOWNER_REPO=$(echo "${GITHUB_REPOSITORY}" | tr '[:upper:]' '[:lower:]')[0m
1 Build	Resolve the version and the registry reference	2026-10-07T14:03:26.9438748Z [36;1mIMAGE_REPO="ghcr.io/${OWNER_REPO}/${IMAGE_NAME}"[0m
1 Build	Resolve the version and the registry reference	2026-10-07T14:03:26.9441455Z [36;1mecho "app_version=${APP_VERSION}" >> "$GITHUB_OUTPUT"[0m
1 Build	Resolve the version and the registry reference	2026-10-07T14:03:26.9443781Z [36;1mecho "image_tag=${IMAGE_TAG}" >> "$GITHUB_OUTPUT"[0m
1 Build	Resolve the version and the registry reference	2026-10-07T14:03:26.9445415Z [36;1mecho "image_repo=${IMAGE_REPO}" >> "$GITHUB_OUTPUT"[0m
1 Build	Resolve the version and the registry reference	2026-10-07T14:03:26.9447087Z [36;1mecho "application version : ${APP_VERSION}"[0m
1 Build	Resolve the version and the registry reference	2026-10-07T14:03:26.9448248Z [36;1mecho "image tag           : ${IMAGE_TAG}"[0m
1 Build	Resolve the version and the registry reference	2026-10-07T14:03:26.9449418Z [36;1mecho "registry reference  : ${IMAGE_REPO}:${IMAGE_TAG}"[0m
1 Build	Resolve the version and the registry reference	2026-10-07T14:03:26.9676871Z shell: /usr/bin/bash --noprofile --norc -e -o pipefail {0}
1 Build	Resolve the version and the registry reference	2026-10-07T14:03:26.9678020Z env:
1 Build	Resolve the version and the registry reference	2026-10-07T14:03:26.9678741Z   APP_DIR: labs/17-devsecops
1 Build	Resolve the version and the registry reference	2026-10-07T14:03:26.9679580Z   IMAGE_NAME: claim-check-api
1 Build	Resolve the version and the registry reference	2026-10-07T14:03:26.9680402Z   TRIVY_VERSION: 0.75.0
1 Build	Resolve the version and the registry reference	2026-10-07T14:03:26.9681178Z   GITLEAKS_VERSION: 8.30.1
1 Build	Resolve the version and the registry reference	2026-10-07T14:03:26.9682113Z   PYTHON_VERSION: 3.13
1 Build	Resolve the version and the registry reference	2026-10-07T14:03:26.9683029Z   pythonLocation: /opt/hostedtoolcache/Python/3.13.15/x64
1 Build	Resolve the version and the registry reference	2026-10-07T14:03:26.9684302Z   PKG_CONFIG_PATH: /opt/hostedtoolcache/Python/3.13.15/x64/lib/pkgconfig
1 Build	Resolve the version and the registry reference	2026-10-07T14:03:26.9685577Z   Python_ROOT_DIR: /opt/hostedtoolcache/Python/3.13.15/x64
1 Build	Resolve the version and the registry reference	2026-10-07T14:03:26.9686768Z   Python2_ROOT_DIR: /opt/hostedtoolcache/Python/3.13.15/x64
1 Build	Resolve the version and the registry reference	2026-10-07T14:03:26.9687932Z   Python3_ROOT_DIR: /opt/hostedtoolcache/Python/3.13.15/x64
1 Build	Resolve the version and the registry reference	2026-10-07T14:03:26.9689121Z   LD_LIBRARY_PATH: /opt/hostedtoolcache/Python/3.13.15/x64/lib
1 Build	Resolve the version and the registry reference	2026-10-07T14:03:26.9690164Z ##[endgroup]
1 Build	Resolve the version and the registry reference	2026-10-07T14:03:26.9817756Z application version : 1.0.7+1ecb2ab
1 Build	Resolve the version and the registry reference	2026-10-07T14:03:26.9819284Z image tag           : 1.0.7-1ecb2ab
1 Build	Resolve the version and the registry reference	2026-10-07T14:03:26.9820956Z registry reference  : ghcr.io/amanyadav7015/devops-coursework/claim-check-api:1.0.7-1ecb2ab
1 Build	Install runtime dependencies	﻿2026-10-07T14:03:26.9894275Z ##[group]Run python -m pip install --upgrade pip
1 Build	Install runtime dependencies	2026-10-07T14:03:26.9895367Z [36;1mpython -m pip install --upgrade pip[0m
1 Build	Install runtime dependencies	2026-10-07T14:03:26.9896354Z [36;1mpip install -r requirements.txt[0m
1 Build	Install runtime dependencies	2026-10-07T14:03:26.9897247Z [36;1mpip list[0m
1 Build	Install runtime dependencies	2026-10-07T14:03:26.9949843Z shell: /usr/bin/bash --noprofile --norc -e -o pipefail {0}
1 Build	Install runtime dependencies	2026-10-07T14:03:26.9950854Z env:
1 Build	Install runtime dependencies	2026-10-07T14:03:26.9951773Z   APP_DIR: labs/17-devsecops
1 Build	Install runtime dependencies	2026-10-07T14:03:26.9952599Z   IMAGE_NAME: claim-check-api
1 Build	Install runtime dependencies	2026-10-07T14:03:26.9953402Z   TRIVY_VERSION: 0.75.0
1 Build	Install runtime dependencies	2026-10-07T14:03:26.9954157Z   GITLEAKS_VERSION: 8.30.1
1 Build	Install runtime dependencies	2026-10-07T14:03:26.9954940Z   PYTHON_VERSION: 3.13
1 Build	Install runtime dependencies	2026-10-07T14:03:26.9955836Z   pythonLocation: /opt/hostedtoolcache/Python/3.13.15/x64
1 Build	Install runtime dependencies	2026-10-07T14:03:26.9957073Z   PKG_CONFIG_PATH: /opt/hostedtoolcache/Python/3.13.15/x64/lib/pkgconfig
1 Build	Install runtime dependencies	2026-10-07T14:03:26.9958310Z   Python_ROOT_DIR: /opt/hostedtoolcache/Python/3.13.15/x64
1 Build	Install runtime dependencies	2026-10-07T14:03:26.9959539Z   Python2_ROOT_DIR: /opt/hostedtoolcache/Python/3.13.15/x64
1 Build	Install runtime dependencies	2026-10-07T14:03:26.9960725Z   Python3_ROOT_DIR: /opt/hostedtoolcache/Python/3.13.15/x64
1 Build	Install runtime dependencies	2026-10-07T14:03:26.9961979Z   LD_LIBRARY_PATH: /opt/hostedtoolcache/Python/3.13.15/x64/lib
1 Build	Install runtime dependencies	2026-10-07T14:03:26.9962975Z ##[endgroup]
1 Build	Install runtime dependencies	2026-10-07T14:03:27.5717130Z Requirement already satisfied: pip in /opt/hostedtoolcache/Python/3.13.15/x64/lib/python3.13/site-packages (26.2.1)
1 Build	Install runtime dependencies	2026-10-07T14:03:28.0530802Z Collecting Flask==3.1.3 (from -r requirements.txt (line 1))
1 Build	Install runtime dependencies	2026-10-07T14:03:28.0954767Z   Downloading flask-3.1.3-py3-none-any.whl.metadata (3.2 kB)
1 Build	Install runtime dependencies	2026-10-07T14:03:28.1216073Z Collecting Werkzeug==3.1.9 (from -r requirements.txt (line 2))
1 Build	Install runtime dependencies	2026-10-07T14:03:28.1255996Z   Downloading werkzeug-3.1.9-py3-none-any.whl.metadata (4.1 kB)
1 Build	Install runtime dependencies	2026-10-07T14:03:28.1402519Z Collecting Jinja2==3.1.6 (from -r requirements.txt (line 3))
1 Build	Install runtime dependencies	2026-10-07T14:03:28.1445974Z   Downloading jinja2-3.1.6-py3-none-any.whl.metadata (2.9 kB)
1 Build	Install runtime dependencies	2026-10-07T14:03:28.1786624Z Collecting PyYAML==6.0.3 (from -r requirements.txt (line 4))
1 Build	Install runtime dependencies	2026-10-07T14:03:28.1821452Z   Downloading pyyaml-6.0.3-cp313-cp313-manylinux2014_x86_64.manylinux_2_17_x86_64.manylinux_2_28_x86_64.whl.metadata (2.4 kB)
1 Build	Install runtime dependencies	2026-10-07T14:03:28.1974946Z Collecting requests==2.34.2 (from -r requirements.txt (line 5))
1 Build	Install runtime dependencies	2026-10-07T14:03:28.2007629Z   Downloading requests-2.34.2-py3-none-any.whl.metadata (4.8 kB)
1 Build	Install runtime dependencies	2026-10-07T14:03:28.3726649Z Collecting urllib3==2.8.0 (from -r requirements.txt (line 6))
1 Build	Install runtime dependencies	2026-10-07T14:03:28.3761592Z   Downloading urllib3-2.8.0-py3-none-any.whl.metadata (7.4 kB)
1 Build	Install runtime dependencies	2026-10-07T14:03:28.3897033Z Collecting certifi==2026.7.22 (from -r requirements.txt (line 7))
1 Build	Install runtime dependencies	2026-10-07T14:03:28.3930468Z   Downloading certifi-2026.7.22-py3-none-any.whl.metadata (2.5 kB)
1 Build	Install runtime dependencies	2026-10-07T14:03:28.4051036Z Collecting gunicorn==26.2.0 (from -r requirements.txt (line 8))
1 Build	Install runtime dependencies	2026-10-07T14:03:28.4083232Z   Downloading gunicorn-26.2.0-py3-none-any.whl.metadata (5.5 kB)
1 Build	Install runtime dependencies	2026-10-07T14:03:28.4205929Z Collecting blinker>=1.9.0 (from Flask==3.1.3->-r requirements.txt (line 1))
1 Build	Install runtime dependencies	2026-10-07T14:03:28.4237577Z   Downloading blinker-1.9.0-py3-none-any.whl.metadata (1.6 kB)
1 Build	Install runtime dependencies	2026-10-07T14:03:28.4463356Z Collecting click>=8.1.3 (from Flask==3.1.3->-r requirements.txt (line 1))
1 Build	Install runtime dependencies	2026-10-07T14:03:28.4494438Z   Downloading click-8.5.0-py3-none-any.whl.metadata (2.6 kB)
1 Build	Install runtime dependencies	2026-10-07T14:03:28.4587893Z Collecting itsdangerous>=2.2.0 (from Flask==3.1.3->-r requirements.txt (line 1))
1 Build	Install runtime dependencies	2026-10-07T14:03:28.4619167Z   Downloading itsdangerous-2.2.0-py3-none-any.whl.metadata (1.9 kB)
1 Build	Install runtime dependencies	2026-10-07T14:03:28.5008709Z Collecting markupsafe>=2.1.1 (from Flask==3.1.3->-r requirements.txt (line 1))
1 Build	Install runtime dependencies	2026-10-07T14:03:28.5062177Z   Downloading markupsafe-3.0.4-cp313-cp313-manylinux2014_x86_64.manylinux_2_17_x86_64.manylinux_2_28_x86_64.whl.metadata (2.7 kB)
1 Build	Install runtime dependencies	2026-10-07T14:03:28.5936374Z Collecting charset_normalizer<4,>=2 (from requests==2.34.2->-r requirements.txt (line 5))
1 Build	Install runtime dependencies	2026-10-07T14:03:28.5973064Z   Downloading charset_normalizer-3.5.2-cp313-cp313-manylinux2014_x86_64.manylinux_2_17_x86_64.manylinux_2_28_x86_64.whl.metadata (46 kB)
1 Build	Install runtime dependencies	2026-10-07T14:03:28.6137239Z Collecting idna<4,>=2.5 (from requests==2.34.2->-r requirements.txt (line 5))
1 Build	Install runtime dependencies	2026-10-07T14:03:28.6175935Z   Downloading idna-3.20-py3-none-any.whl.metadata (7.2 kB)
1 Build	Install runtime dependencies	2026-10-07T14:03:28.6281006Z Downloading flask-3.1.3-py3-none-any.whl (103 kB)
1 Build	Install runtime dependencies	2026-10-07T14:03:28.6348642Z Downloading werkzeug-3.1.9-py3-none-any.whl (228 kB)
1 Build	Install runtime dependencies	2026-10-07T14:03:28.6434890Z Downloading jinja2-3.1.6-py3-none-any.whl (134 kB)
1 Build	Install runtime dependencies	2026-10-07T14:03:28.6487158Z Downloading pyyaml-6.0.3-cp313-cp313-manylinux2014_x86_64.manylinux_2_17_x86_64.manylinux_2_28_x86_64.whl (801 kB)
1 Build	Install runtime dependencies	2026-10-07T14:03:28.6594846Z    ━━━━━━━━━━━━━━━━━━━━━━━━━━━━━━━━━━━━━━━━ 801.6/801.6 kB 73.0 MB/s  0:00:00
1 Build	Install runtime dependencies	2026-10-07T14:03:28.6822830Z Downloading requests-2.34.2-py3-none-any.whl (73 kB)
1 Build	Install runtime dependencies	2026-10-07T14:03:28.6955070Z Downloading urllib3-2.8.0-py3-none-any.whl (135 kB)
1 Build	Install runtime dependencies	2026-10-07T14:03:28.7007844Z Downloading certifi-2026.7.22-py3-none-any.whl (136 kB)
1 Build	Install runtime dependencies	2026-10-07T14:03:28.7068325Z Downloading gunicorn-26.2.0-py3-none-any.whl (228 kB)
1 Build	Install runtime dependencies	2026-10-07T14:03:28.7128492Z Downloading charset_normalizer-3.5.2-cp313-cp313-manylinux2014_x86_64.manylinux_2_17_x86_64.manylinux_2_28_x86_64.whl (254 kB)
1 Build	Install runtime dependencies	2026-10-07T14:03:28.7197174Z Downloading idna-3.20-py3-none-any.whl (69 kB)
1 Build	Install runtime dependencies	2026-10-07T14:03:28.7246409Z Downloading blinker-1.9.0-py3-none-any.whl (8.5 kB)
1 Build	Install runtime dependencies	2026-10-07T14:03:28.7311428Z Downloading click-8.5.0-py3-none-any.whl (125 kB)
1 Build	Install runtime dependencies	2026-10-07T14:03:28.7370647Z Downloading itsdangerous-2.2.0-py3-none-any.whl (16 kB)
1 Build	Install runtime dependencies	2026-10-07T14:03:28.7422155Z Downloading markupsafe-3.0.4-cp313-cp313-manylinux2014_x86_64.manylinux_2_17_x86_64.manylinux_2_28_x86_64.whl (23 kB)
1 Build	Install runtime dependencies	2026-10-07T14:03:28.8936922Z Installing collected packages: urllib3, PyYAML, markupsafe, itsdangerous, idna, gunicorn, click, charset_normalizer, certifi, blinker, Werkzeug, requests, Jinja2, Flask
1 Build	Install runtime dependencies	2026-10-07T14:03:29.7288655Z 
1 Build	Install runtime dependencies	2026-10-07T14:03:29.7305304Z Successfully installed Flask-3.1.3 Jinja2-3.1.6 PyYAML-6.0.3 Werkzeug-3.1.9 blinker-1.9.0 certifi-2026.7.22 charset_normalizer-3.5.2 click-8.5.0 gunicorn-26.2.0 idna-3.20 itsdangerous-2.2.0 markupsafe-3.0.4 requests-2.34.2 urllib3-2.8.0
1 Build	Install runtime dependencies	2026-10-07T14:03:29.9167668Z Package            Version
1 Build	Install runtime dependencies	2026-10-07T14:03:29.9168392Z ------------------ ---------
1 Build	Install runtime dependencies	2026-10-07T14:03:29.9169174Z blinker            1.9.0
1 Build	Install runtime dependencies	2026-10-07T14:03:29.9170366Z certifi            2026.7.22
1 Build	Install runtime dependencies	2026-10-07T14:03:29.9181894Z charset-normalizer 3.5.2
1 Build	Install runtime dependencies	2026-10-07T14:03:29.9191849Z click              8.5.0
1 Build	Install runtime dependencies	2026-10-07T14:03:29.9192201Z Flask              3.1.3
1 Build	Install runtime dependencies	2026-10-07T14:03:29.9192409Z gunicorn           26.2.0
1 Build	Install runtime dependencies	2026-10-07T14:03:29.9192603Z idna               3.20
1 Build	Install runtime dependencies	2026-10-07T14:03:29.9192785Z itsdangerous       2.2.0
1 Build	Install runtime dependencies	2026-10-07T14:03:29.9192984Z Jinja2             3.1.6
1 Build	Install runtime dependencies	2026-10-07T14:03:29.9193154Z MarkupSafe         3.0.4
1 Build	Install runtime dependencies	2026-10-07T14:03:29.9193340Z pip                26.2.1
1 Build	Install runtime dependencies	2026-10-07T14:03:29.9193523Z PyYAML             6.0.3
1 Build	Install runtime dependencies	2026-10-07T14:03:29.9193697Z requests           2.34.2
1 Build	Install runtime dependencies	2026-10-07T14:03:29.9193882Z urllib3            2.8.0
1 Build	Install runtime dependencies	2026-10-07T14:03:29.9194063Z Werkzeug           3.1.9
1 Build	Byte-compile the application	﻿2026-10-07T14:03:29.9400190Z ##[group]Run python -m compileall -q app
1 Build	Byte-compile the application	2026-10-07T14:03:29.9400506Z [36;1mpython -m compileall -q app[0m
1 Build	Byte-compile the application	2026-10-07T14:03:29.9401005Z [36;1mpython -c "from app.server import app; print('routes:'); [print(' ', r.rule, sorted(r.methods - {'HEAD', 'OPTIONS'})) for r in app.url_map.iter_rules()]"[0m
1 Build	Byte-compile the application	2026-10-07T14:03:29.9458991Z shell: /usr/bin/bash --noprofile --norc -e -o pipefail {0}
1 Build	Byte-compile the application	2026-10-07T14:03:29.9459281Z env:
1 Build	Byte-compile the application	2026-10-07T14:03:29.9459456Z   APP_DIR: labs/17-devsecops
1 Build	Byte-compile the application	2026-10-07T14:03:29.9459663Z   IMAGE_NAME: claim-check-api
1 Build	Byte-compile the application	2026-10-07T14:03:29.9459863Z   TRIVY_VERSION: 0.75.0
1 Build	Byte-compile the application	2026-10-07T14:03:29.9460055Z   GITLEAKS_VERSION: 8.30.1
1 Build	Byte-compile the application	2026-10-07T14:03:29.9460251Z   PYTHON_VERSION: 3.13
1 Build	Byte-compile the application	2026-10-07T14:03:29.9460486Z   pythonLocation: /opt/hostedtoolcache/Python/3.13.15/x64
1 Build	Byte-compile the application	2026-10-07T14:03:29.9460827Z   PKG_CONFIG_PATH: /opt/hostedtoolcache/Python/3.13.15/x64/lib/pkgconfig
1 Build	Byte-compile the application	2026-10-07T14:03:29.9461159Z   Python_ROOT_DIR: /opt/hostedtoolcache/Python/3.13.15/x64
1 Build	Byte-compile the application	2026-10-07T14:03:29.9461603Z   Python2_ROOT_DIR: /opt/hostedtoolcache/Python/3.13.15/x64
1 Build	Byte-compile the application	2026-10-07T14:03:29.9461939Z   Python3_ROOT_DIR: /opt/hostedtoolcache/Python/3.13.15/x64
1 Build	Byte-compile the application	2026-10-07T14:03:29.9462234Z   LD_LIBRARY_PATH: /opt/hostedtoolcache/Python/3.13.15/x64/lib
1 Build	Byte-compile the application	2026-10-07T14:03:29.9462486Z ##[endgroup]
1 Build	Byte-compile the application	2026-10-07T14:03:30.4427203Z routes:
1 Build	Byte-compile the application	2026-10-07T14:03:30.4427555Z   /static/<path:filename> ['GET']
1 Build	Byte-compile the application	2026-10-07T14:03:30.4428151Z   /health ['GET']
1 Build	Byte-compile the application	2026-10-07T14:03:30.4428375Z   /version ['GET']
1 Build	Byte-compile the application	2026-10-07T14:03:30.4428612Z   /claims/validate ['POST']
1 Build	Byte-compile the application	2026-10-07T14:03:30.4428874Z   /claims/price ['POST']
1 Build	Byte-compile the application	2026-10-07T14:03:30.4429119Z   /claims/batch ['POST']
1 Build	Byte-compile the application	2026-10-07T14:03:30.4429371Z   /policy/apply ['POST']
1 Build	Byte-compile the application	2026-10-07T14:03:30.4429626Z   /fx ['GET']
1 Build	Assemble the deployable package	﻿2026-10-07T14:03:30.4738398Z ##[group]Run rm -rf dist
1 Build	Assemble the deployable package	2026-10-07T14:03:30.4738655Z [36;1mrm -rf dist[0m
1 Build	Assemble the deployable package	2026-10-07T14:03:30.4738838Z [36;1mmkdir -p dist[0m
1 Build	Assemble the deployable package	2026-10-07T14:03:30.4739031Z [36;1mcp -R app dist/app[0m
1 Build	Assemble the deployable package	2026-10-07T14:03:30.4739300Z [36;1mcp Dockerfile .dockerignore requirements.txt dist/[0m
1 Build	Assemble the deployable package	2026-10-07T14:03:30.4739669Z [36;1mfind dist -name '__pycache__' -type d -prune -exec rm -rf {} +[0m
1 Build	Assemble the deployable package	2026-10-07T14:03:30.4739986Z [36;1mcat > dist/build-info.txt <<INFO[0m
1 Build	Assemble the deployable package	2026-10-07T14:03:30.4740224Z [36;1mservice=claim-check-api[0m
1 Build	Assemble the deployable package	2026-10-07T14:03:30.4740438Z [36;1mversion=1.0.7+1ecb2ab[0m
1 Build	Assemble the deployable package	2026-10-07T14:03:30.4740639Z [36;1mimage_tag=1.0.7-1ecb2ab[0m
1 Build	Assemble the deployable package	2026-10-07T14:03:30.4740852Z [36;1mcommit=${GITHUB_SHA}[0m
1 Build	Assemble the deployable package	2026-10-07T14:03:30.4741069Z [36;1mbuilt_at=$(date -u +%Y-%m-%dT%H:%M:%SZ)[0m
1 Build	Assemble the deployable package	2026-10-07T14:03:30.4741528Z [36;1mbuilder=github-actions-${GITHUB_RUN_ID}[0m
1 Build	Assemble the deployable package	2026-10-07T14:03:30.4741756Z [36;1mINFO[0m
1 Build	Assemble the deployable package	2026-10-07T14:03:30.4741928Z [36;1mcat dist/build-info.txt[0m
1 Build	Assemble the deployable package	2026-10-07T14:03:30.4742131Z [36;1mfind dist -type f | sort[0m
1 Build	Assemble the deployable package	2026-10-07T14:03:30.4798851Z shell: /usr/bin/bash --noprofile --norc -e -o pipefail {0}
1 Build	Assemble the deployable package	2026-10-07T14:03:30.4799129Z env:
1 Build	Assemble the deployable package	2026-10-07T14:03:30.4799306Z   APP_DIR: labs/17-devsecops
1 Build	Assemble the deployable package	2026-10-07T14:03:30.4799543Z   IMAGE_NAME: claim-check-api
1 Build	Assemble the deployable package	2026-10-07T14:03:30.4799739Z   TRIVY_VERSION: 0.75.0
1 Build	Assemble the deployable package	2026-10-07T14:03:30.4799919Z   GITLEAKS_VERSION: 8.30.1
1 Build	Assemble the deployable package	2026-10-07T14:03:30.4800103Z   PYTHON_VERSION: 3.13
1 Build	Assemble the deployable package	2026-10-07T14:03:30.4800337Z   pythonLocation: /opt/hostedtoolcache/Python/3.13.15/x64
1 Build	Assemble the deployable package	2026-10-07T14:03:30.4800675Z   PKG_CONFIG_PATH: /opt/hostedtoolcache/Python/3.13.15/x64/lib/pkgconfig
1 Build	Assemble the deployable package	2026-10-07T14:03:30.4801000Z   Python_ROOT_DIR: /opt/hostedtoolcache/Python/3.13.15/x64
1 Build	Assemble the deployable package	2026-10-07T14:03:30.4801427Z   Python2_ROOT_DIR: /opt/hostedtoolcache/Python/3.13.15/x64
1 Build	Assemble the deployable package	2026-10-07T14:03:30.4801732Z   Python3_ROOT_DIR: /opt/hostedtoolcache/Python/3.13.15/x64
1 Build	Assemble the deployable package	2026-10-07T14:03:30.4802037Z   LD_LIBRARY_PATH: /opt/hostedtoolcache/Python/3.13.15/x64/lib
1 Build	Assemble the deployable package	2026-10-07T14:03:30.4802295Z ##[endgroup]
1 Build	Assemble the deployable package	2026-10-07T14:03:30.4966554Z service=claim-check-api
1 Build	Assemble the deployable package	2026-10-07T14:03:30.4966895Z version=1.0.7+1ecb2ab
1 Build	Assemble the deployable package	2026-10-07T14:03:30.4967164Z image_tag=1.0.7-1ecb2ab
1 Build	Assemble the deployable package	2026-10-07T14:03:30.4967404Z commit=1ecb2ab13722444f111c4b843510a96c4e63250a
1 Build	Assemble the deployable package	2026-10-07T14:03:30.4967664Z built_at=2026-10-07T14:03:30Z
1 Build	Assemble the deployable package	2026-10-07T14:03:30.4967916Z builder=github-actions-37633505564
1 Build	Assemble the deployable package	2026-10-07T14:03:30.4981866Z dist/.dockerignore
1 Build	Assemble the deployable package	2026-10-07T14:03:30.4982105Z dist/Dockerfile
1 Build	Assemble the deployable package	2026-10-07T14:03:30.4982297Z dist/app/__init__.py
1 Build	Assemble the deployable package	2026-10-07T14:03:30.4982495Z dist/app/claims.py
1 Build	Assemble the deployable package	2026-10-07T14:03:30.4982666Z dist/app/server.py
1 Build	Assemble the deployable package	2026-10-07T14:03:30.4982840Z dist/build-info.txt
1 Build	Assemble the deployable package	2026-10-07T14:03:30.4983014Z dist/requirements.txt
1 Build	Upload the deployable package	﻿2026-10-07T14:03:30.5042528Z ##[group]Run actions/upload-artifact@v4
1 Build	Upload the deployable package	2026-10-07T14:03:30.5042771Z with:
1 Build	Upload the deployable package	2026-10-07T14:03:30.5042948Z   name: claim-check-api-package
1 Build	Upload the deployable package	2026-10-07T14:03:30.5043159Z   path: labs/17-devsecops/dist
1 Build	Upload the deployable package	2026-10-07T14:03:30.5043361Z   retention-days: 7
1 Build	Upload the deployable package	2026-10-07T14:03:30.5043537Z   if-no-files-found: warn
1 Build	Upload the deployable package	2026-10-07T14:03:30.5043734Z   compression-level: 6
1 Build	Upload the deployable package	2026-10-07T14:03:30.5043918Z   overwrite: false
1 Build	Upload the deployable package	2026-10-07T14:03:30.5044094Z   include-hidden-files: false
1 Build	Upload the deployable package	2026-10-07T14:03:30.5044293Z env:
1 Build	Upload the deployable package	2026-10-07T14:03:30.5044456Z   APP_DIR: labs/17-devsecops
1 Build	Upload the deployable package	2026-10-07T14:03:30.5044658Z   IMAGE_NAME: claim-check-api
1 Build	Upload the deployable package	2026-10-07T14:03:30.5044852Z   TRIVY_VERSION: 0.75.0
1 Build	Upload the deployable package	2026-10-07T14:03:30.5045056Z   GITLEAKS_VERSION: 8.30.1
1 Build	Upload the deployable package	2026-10-07T14:03:30.5045290Z   PYTHON_VERSION: 3.13
1 Build	Upload the deployable package	2026-10-07T14:03:30.5045519Z   pythonLocation: /opt/hostedtoolcache/Python/3.13.15/x64
1 Build	Upload the deployable package	2026-10-07T14:03:30.5045863Z   PKG_CONFIG_PATH: /opt/hostedtoolcache/Python/3.13.15/x64/lib/pkgconfig
1 Build	Upload the deployable package	2026-10-07T14:03:30.5046334Z   Python_ROOT_DIR: /opt/hostedtoolcache/Python/3.13.15/x64
1 Build	Upload the deployable package	2026-10-07T14:03:30.5046661Z   Python2_ROOT_DIR: /opt/hostedtoolcache/Python/3.13.15/x64
1 Build	Upload the deployable package	2026-10-07T14:03:30.5046951Z   Python3_ROOT_DIR: /opt/hostedtoolcache/Python/3.13.15/x64
1 Build	Upload the deployable package	2026-10-07T14:03:30.5047281Z   LD_LIBRARY_PATH: /opt/hostedtoolcache/Python/3.13.15/x64/lib
1 Build	Upload the deployable package	2026-10-07T14:03:30.5047534Z ##[endgroup]
1 Build	Upload the deployable package	2026-10-07T14:03:30.6349530Z (node:2159) [DEP0040] DeprecationWarning: The `punycode` module is deprecated. Please use a userland alternative instead.
1 Build	Upload the deployable package	2026-10-07T14:03:30.6350476Z (Use `node --trace-deprecation ...` to show where the warning was created)
1 Build	Upload the deployable package	2026-10-07T14:03:30.6395983Z With the provided path, there will be 6 files uploaded
1 Build	Upload the deployable package	2026-10-07T14:03:30.6400422Z Artifact name is valid!
1 Build	Upload the deployable package	2026-10-07T14:03:30.6401152Z Root directory input is valid!
1 Build	Upload the deployable package	2026-10-07T14:03:30.8544310Z Beginning upload of artifact content to blob storage
1 Build	Upload the deployable package	2026-10-07T14:03:30.8788981Z (node:2159) [DEP0169] DeprecationWarning: `url.parse()` behavior is not standardized and prone to errors that have security implications. Use the WHATWG URL API instead. CVEs are not issued for `url.parse()` vulnerabilities.
1 Build	Upload the deployable package	2026-10-07T14:03:30.9048397Z Uploaded bytes 3846
1 Build	Upload the deployable package	2026-10-07T14:03:30.9189804Z Finished uploading artifact content to blob storage!
1 Build	Upload the deployable package	2026-10-07T14:03:30.9190541Z SHA256 digest of uploaded artifact zip is bdea94a4fe2f3406a52bdc906c73403b299a1eadf32d9e4b55c3b38be29df7cb
1 Build	Upload the deployable package	2026-10-07T14:03:30.9192109Z Finalizing artifact upload
1 Build	Upload the deployable package	2026-10-07T14:03:31.1265317Z Artifact claim-check-api-package.zip successfully finalized. Artifact ID 11486603574
1 Build	Upload the deployable package	2026-10-07T14:03:31.1266265Z Artifact claim-check-api-package has been successfully uploaded! Final size is 3846 bytes. Artifact ID is 11486603574
1 Build	Upload the deployable package	2026-10-07T14:03:31.1271401Z Artifact download URL: https://github.com/AmanYadav7015/devops-coursework/actions/runs/37633505564/artifacts/11486603574
1 Build	Post Setup Python	﻿2026-10-07T14:03:31.1411555Z Post job cleanup.
1 Build	Post Setup Python	2026-10-07T14:03:31.2357999Z (node:2171) [DEP0040] DeprecationWarning: The `punycode` module is deprecated. Please use a userland alternative instead.
1 Build	Post Setup Python	2026-10-07T14:03:31.2358674Z (Use `node --trace-deprecation ...` to show where the warning was created)
1 Build	Post Checkout code	﻿2026-10-07T14:03:31.2518225Z Post job cleanup.
1 Build	Post Checkout code	2026-10-07T14:03:31.3206699Z [command]/usr/bin/git version
1 Build	Post Checkout code	2026-10-07T14:03:31.3241668Z git version 2.55.0
1 Build	Post Checkout code	2026-10-07T14:03:31.3268520Z Temporarily overriding HOME='/home/runner/work/_temp/5ab0f3ad-cca5-4100-ad0f-bb6ef925dbb8' before making global git config changes
1 Build	Post Checkout code	2026-10-07T14:03:31.3269516Z Adding repository directory to the temporary git global config as a safe directory
1 Build	Post Checkout code	2026-10-07T14:03:31.3272583Z [command]/usr/bin/git config --global --add safe.directory /home/runner/work/devops-coursework/devops-coursework
1 Build	Post Checkout code	2026-10-07T14:03:31.3304935Z [command]/usr/bin/git config --local --name-only --get-regexp core\.sshCommand
1 Build	Post Checkout code	2026-10-07T14:03:31.3334243Z [command]/usr/bin/git submodule foreach --recursive sh -c "git config --local --name-only --get-regexp 'core\.sshCommand' && git config --local --unset-all 'core.sshCommand' || :"
1 Build	Post Checkout code	2026-10-07T14:03:31.3551152Z [command]/usr/bin/git config --local --name-only --get-regexp http\.https\:\/\/github\.com\/\.extraheader
1 Build	Post Checkout code	2026-10-07T14:03:31.3575861Z http.https://github.com/.extraheader
1 Build	Post Checkout code	2026-10-07T14:03:31.3590220Z [command]/usr/bin/git config --local --unset-all http.https://github.com/.extraheader
1 Build	Post Checkout code	2026-10-07T14:03:31.3619864Z [command]/usr/bin/git submodule foreach --recursive sh -c "git config --local --name-only --get-regexp 'http\.https\:\/\/github\.com\/\.extraheader' && git config --local --unset-all 'http.https://github.com/.extraheader' || :"
1 Build	Post Checkout code	2026-10-07T14:03:31.3873477Z [command]/usr/bin/git config --local --name-only --get-regexp ^includeIf\.gitdir:
1 Build	Post Checkout code	2026-10-07T14:03:31.3913063Z [command]/usr/bin/git submodule foreach --recursive git config --local --show-origin --name-only --get-regexp remote.origin.url
1 Build	Complete job	﻿2026-10-07T14:03:31.4296565Z Evaluate and set job outputs
1 Build	Complete job	2026-10-07T14:03:31.4301831Z Set output 'app-version'
1 Build	Complete job	2026-10-07T14:03:31.4303144Z Set output 'image-tag'
1 Build	Complete job	2026-10-07T14:03:31.4303931Z Set output 'image-repo'
1 Build	Complete job	2026-10-07T14:03:31.4304459Z Cleaning up orphan processes
1 Build	Complete job	2026-10-07T14:03:31.4541138Z ##[warning]Node.js 20 is deprecated. The following actions target Node.js 20 but are being forced to run on Node.js 24: actions/checkout@v4, actions/setup-python@v5, actions/upload-artifact@v4. For more information see: https://github.blog/changelog/2025-09-19-deprecation-of-node-20-on-github-actions-runners/
2 Unit Test	Set up job	﻿2026-10-07T14:03:38.6414873Z Current runner version: '2.337.0'
2 Unit Test	Set up job	2026-10-07T14:03:38.6437556Z ##[group]Runner Image Provisioner
2 Unit Test	Set up job	2026-10-07T14:03:38.6438302Z Hosted Compute Agent
2 Unit Test	Set up job	2026-10-07T14:03:38.6438885Z Version: 20260901.588
2 Unit Test	Set up job	2026-10-07T14:03:38.6439416Z Commit: f88ec8081b781fac6c440065ac7ff9e710ce3d0b
2 Unit Test	Set up job	2026-10-07T14:03:38.6440035Z Build Date: 2026-09-01T19:56:44Z
2 Unit Test	Set up job	2026-10-07T14:03:38.6440644Z Worker ID: {0dfe6e87-49dc-4330-bcc8-e1a5f7f8e71f}
2 Unit Test	Set up job	2026-10-07T14:03:38.6441239Z Azure Region: westus
2 Unit Test	Set up job	2026-10-07T14:03:38.6441808Z ##[endgroup]
2 Unit Test	Set up job	2026-10-07T14:03:38.6443190Z ##[group]Operating System
2 Unit Test	Set up job	2026-10-07T14:03:38.6443780Z Ubuntu
2 Unit Test	Set up job	2026-10-07T14:03:38.6444276Z 24.04.5
2 Unit Test	Set up job	2026-10-07T14:03:38.6444721Z LTS
2 Unit Test	Set up job	2026-10-07T14:03:38.6445203Z ##[endgroup]
2 Unit Test	Set up job	2026-10-07T14:03:38.6445670Z ##[group]Runner Image
2 Unit Test	Set up job	2026-10-07T14:03:38.6446446Z Image: ubuntu-24.04
2 Unit Test	Set up job	2026-10-07T14:03:38.6447013Z Version: 20260927.320.1
2 Unit Test	Set up job	2026-10-07T14:03:38.6447892Z Included Software: https://github.com/actions/runner-images/blob/ubuntu24/20260927.320/images/ubuntu/Ubuntu2404-Readme.md
2 Unit Test	Set up job	2026-10-07T14:03:38.6449441Z Image Release: https://github.com/actions/runner-images/releases/tag/ubuntu24%2F20260927.320
2 Unit Test	Set up job	2026-10-07T14:03:38.6450213Z ##[endgroup]
2 Unit Test	Set up job	2026-10-07T14:03:38.6451226Z ##[group]GITHUB_TOKEN Permissions
2 Unit Test	Set up job	2026-10-07T14:03:38.6453150Z Contents: read
2 Unit Test	Set up job	2026-10-07T14:03:38.6453793Z Metadata: read
2 Unit Test	Set up job	2026-10-07T14:03:38.6454263Z ##[endgroup]
2 Unit Test	Set up job	2026-10-07T14:03:38.6456095Z Secret source: Actions
2 Unit Test	Set up job	2026-10-07T14:03:38.6456872Z Cache mode: write
2 Unit Test	Set up job	2026-10-07T14:03:38.6457473Z Prepare workflow directory
2 Unit Test	Set up job	2026-10-07T14:03:38.6789380Z Prepare all required actions
2 Unit Test	Set up job	2026-10-07T14:03:38.6828337Z Getting action download info
2 Unit Test	Set up job	2026-10-07T14:03:39.0487316Z Download action repository 'actions/checkout@v4' (SHA:11d5960a326750d5838078e36cf38b85af677262)
2 Unit Test	Set up job	2026-10-07T14:03:39.2032852Z Download action repository 'actions/setup-python@v5' (SHA:a26af69be951a213d495a4c3e4e4022e16d87065)
2 Unit Test	Set up job	2026-10-07T14:03:39.3422530Z Download action repository 'actions/upload-artifact@v4' (SHA:ea165f8d65b6e75b540449e92b4886f43607fa02)
2 Unit Test	Set up job	2026-10-07T14:03:39.5923221Z Complete job name: 2 Unit Test
2 Unit Test	Checkout code	﻿2026-10-07T14:03:39.6542984Z ##[group]Run actions/checkout@v4
2 Unit Test	Checkout code	2026-10-07T14:03:39.6543825Z with:
2 Unit Test	Checkout code	2026-10-07T14:03:39.6544237Z   repository: AmanYadav7015/devops-coursework
2 Unit Test	Checkout code	2026-10-07T14:03:39.6547458Z   token: ***
2 Unit Test	Checkout code	2026-10-07T14:03:39.6547820Z   ssh-strict: true
2 Unit Test	Checkout code	2026-10-07T14:03:39.6548181Z   ssh-user: git
2 Unit Test	Checkout code	2026-10-07T14:03:39.6548544Z   persist-credentials: true
2 Unit Test	Checkout code	2026-10-07T14:03:39.6548946Z   clean: true
2 Unit Test	Checkout code	2026-10-07T14:03:39.6549319Z   sparse-checkout-cone-mode: true
2 Unit Test	Checkout code	2026-10-07T14:03:39.6549746Z   fetch-depth: 1
2 Unit Test	Checkout code	2026-10-07T14:03:39.6550098Z   fetch-tags: false
2 Unit Test	Checkout code	2026-10-07T14:03:39.6550462Z   show-progress: true
2 Unit Test	Checkout code	2026-10-07T14:03:39.6550832Z   lfs: false
2 Unit Test	Checkout code	2026-10-07T14:03:39.6551175Z   submodules: false
2 Unit Test	Checkout code	2026-10-07T14:03:39.6551543Z   set-safe-directory: true
2 Unit Test	Checkout code	2026-10-07T14:03:39.6551949Z   allow-unsafe-pr-checkout: false
2 Unit Test	Checkout code	2026-10-07T14:03:39.6552568Z env:
2 Unit Test	Checkout code	2026-10-07T14:03:39.6553028Z   APP_DIR: labs/17-devsecops
2 Unit Test	Checkout code	2026-10-07T14:03:39.6553453Z   IMAGE_NAME: claim-check-api
2 Unit Test	Checkout code	2026-10-07T14:03:39.6553883Z   TRIVY_VERSION: 0.75.0
2 Unit Test	Checkout code	2026-10-07T14:03:39.6554306Z   GITLEAKS_VERSION: 8.30.1
2 Unit Test	Checkout code	2026-10-07T14:03:39.6554696Z   PYTHON_VERSION: 3.13
2 Unit Test	Checkout code	2026-10-07T14:03:39.6555061Z ##[endgroup]
2 Unit Test	Checkout code	2026-10-07T14:03:39.7426711Z Syncing repository: AmanYadav7015/devops-coursework
2 Unit Test	Checkout code	2026-10-07T14:03:39.7428967Z ##[group]Getting Git version info
2 Unit Test	Checkout code	2026-10-07T14:03:39.7429960Z Working directory is '/home/runner/work/devops-coursework/devops-coursework'
2 Unit Test	Checkout code	2026-10-07T14:03:39.7431389Z [command]/usr/bin/git version
2 Unit Test	Checkout code	2026-10-07T14:03:39.8210377Z git version 2.55.0
2 Unit Test	Checkout code	2026-10-07T14:03:39.8227850Z ##[endgroup]
2 Unit Test	Checkout code	2026-10-07T14:03:39.8240519Z Temporarily overriding HOME='/home/runner/work/_temp/d1b40f95-901d-4fbc-9bb7-506c3c807919' before making global git config changes
2 Unit Test	Checkout code	2026-10-07T14:03:39.8241720Z Adding repository directory to the temporary git global config as a safe directory
2 Unit Test	Checkout code	2026-10-07T14:03:39.8246308Z [command]/usr/bin/git config --global --add safe.directory /home/runner/work/devops-coursework/devops-coursework
2 Unit Test	Checkout code	2026-10-07T14:03:39.8291564Z Deleting the contents of '/home/runner/work/devops-coursework/devops-coursework'
2 Unit Test	Checkout code	2026-10-07T14:03:39.8295137Z ##[group]Initializing the repository
2 Unit Test	Checkout code	2026-10-07T14:03:39.8298334Z [command]/usr/bin/git init /home/runner/work/devops-coursework/devops-coursework
2 Unit Test	Checkout code	2026-10-07T14:03:39.8379671Z hint: Using 'master' as the name for the initial branch. This default branch name
2 Unit Test	Checkout code	2026-10-07T14:03:39.8380986Z hint: will change to "main" in Git 3.0. To configure the initial branch name
2 Unit Test	Checkout code	2026-10-07T14:03:39.8382178Z hint: to use in all of your new repositories, which will suppress this warning,
2 Unit Test	Checkout code	2026-10-07T14:03:39.8383288Z hint: call:
2 Unit Test	Checkout code	2026-10-07T14:03:39.8383662Z hint:
2 Unit Test	Checkout code	2026-10-07T14:03:39.8384096Z hint: 	git config --global init.defaultBranch <name>
2 Unit Test	Checkout code	2026-10-07T14:03:39.8384609Z hint:
2 Unit Test	Checkout code	2026-10-07T14:03:39.8385175Z hint: Names commonly chosen instead of 'master' are 'main', 'trunk' and
2 Unit Test	Checkout code	2026-10-07T14:03:39.8386349Z hint: 'development'. The just-created branch can be renamed via this command:
2 Unit Test	Checkout code	2026-10-07T14:03:39.8386981Z hint:
2 Unit Test	Checkout code	2026-10-07T14:03:39.8387337Z hint: 	git branch -m <name>
2 Unit Test	Checkout code	2026-10-07T14:03:39.8387735Z hint:
2 Unit Test	Checkout code	2026-10-07T14:03:39.8388244Z hint: Disable this message with "git config set advice.defaultBranchName false"
2 Unit Test	Checkout code	2026-10-07T14:03:39.8389156Z Initialized empty Git repository in /home/runner/work/devops-coursework/devops-coursework/.git/
2 Unit Test	Checkout code	2026-10-07T14:03:39.8391122Z [command]/usr/bin/git remote add origin https://github.com/AmanYadav7015/devops-coursework
2 Unit Test	Checkout code	2026-10-07T14:03:39.9364160Z ##[endgroup]
2 Unit Test	Checkout code	2026-10-07T14:03:39.9364906Z ##[group]Disabling automatic garbage collection
2 Unit Test	Checkout code	2026-10-07T14:03:39.9368009Z [command]/usr/bin/git config --local gc.auto 0
2 Unit Test	Checkout code	2026-10-07T14:03:39.9400199Z ##[endgroup]
2 Unit Test	Checkout code	2026-10-07T14:03:39.9401123Z ##[group]Setting up auth
2 Unit Test	Checkout code	2026-10-07T14:03:39.9405879Z [command]/usr/bin/git config --local --name-only --get-regexp core\.sshCommand
2 Unit Test	Checkout code	2026-10-07T14:03:39.9434813Z [command]/usr/bin/git submodule foreach --recursive sh -c "git config --local --name-only --get-regexp 'core\.sshCommand' && git config --local --unset-all 'core.sshCommand' || :"
2 Unit Test	Checkout code	2026-10-07T14:03:39.9737767Z [command]/usr/bin/git config --local --name-only --get-regexp http\.https\:\/\/github\.com\/\.extraheader
2 Unit Test	Checkout code	2026-10-07T14:03:39.9769264Z [command]/usr/bin/git submodule foreach --recursive sh -c "git config --local --name-only --get-regexp 'http\.https\:\/\/github\.com\/\.extraheader' && git config --local --unset-all 'http.https://github.com/.extraheader' || :"
2 Unit Test	Checkout code	2026-10-07T14:03:39.9960153Z [command]/usr/bin/git config --local --name-only --get-regexp ^includeIf\.gitdir:
2 Unit Test	Checkout code	2026-10-07T14:03:39.9992212Z [command]/usr/bin/git submodule foreach --recursive git config --local --show-origin --name-only --get-regexp remote.origin.url
2 Unit Test	Checkout code	2026-10-07T14:03:40.0183414Z [command]/usr/bin/git config --local http.https://github.com/.extraheader AUTHORIZATION: basic ***
2 Unit Test	Checkout code	2026-10-07T14:03:40.0218438Z ##[endgroup]
2 Unit Test	Checkout code	2026-10-07T14:03:40.0219353Z ##[group]Fetching the repository
2 Unit Test	Checkout code	2026-10-07T14:03:40.0226165Z [command]/usr/bin/git -c protocol.version=2 fetch --no-tags --prune --no-recurse-submodules --depth=1 origin +1ecb2ab13722444f111c4b843510a96c4e63250a:refs/remotes/origin/session-17-devsecops-ci
2 Unit Test	Checkout code	2026-10-07T14:03:41.4486679Z From https://github.com/AmanYadav7015/devops-coursework
2 Unit Test	Checkout code	2026-10-07T14:03:41.4487830Z  * [new ref]         1ecb2ab13722444f111c4b843510a96c4e63250a -> origin/session-17-devsecops-ci
2 Unit Test	Checkout code	2026-10-07T14:03:41.4491208Z ##[endgroup]
2 Unit Test	Checkout code	2026-10-07T14:03:41.4494624Z ##[group]Determining the checkout info
2 Unit Test	Checkout code	2026-10-07T14:03:41.4495389Z ##[endgroup]
2 Unit Test	Checkout code	2026-10-07T14:03:41.4500239Z [command]/usr/bin/git sparse-checkout disable
2 Unit Test	Checkout code	2026-10-07T14:03:41.4547283Z [command]/usr/bin/git config --local --unset-all extensions.worktreeConfig
2 Unit Test	Checkout code	2026-10-07T14:03:41.4576492Z ##[group]Checking out the ref
2 Unit Test	Checkout code	2026-10-07T14:03:41.4580729Z [command]/usr/bin/git checkout --progress --force -B session-17-devsecops-ci refs/remotes/origin/session-17-devsecops-ci
2 Unit Test	Checkout code	2026-10-07T14:03:41.5608085Z Switched to a new branch 'session-17-devsecops-ci'
2 Unit Test	Checkout code	2026-10-07T14:03:41.5610048Z branch 'session-17-devsecops-ci' set up to track 'origin/session-17-devsecops-ci'.
2 Unit Test	Checkout code	2026-10-07T14:03:41.5619239Z ##[endgroup]
2 Unit Test	Checkout code	2026-10-07T14:03:41.5660071Z [command]/usr/bin/git log -1 --format=%H
2 Unit Test	Checkout code	2026-10-07T14:03:41.5683477Z 1ecb2ab13722444f111c4b843510a96c4e63250a
2 Unit Test	Setup Python	﻿2026-10-07T14:03:41.5912237Z ##[group]Run actions/setup-python@v5
2 Unit Test	Setup Python	2026-10-07T14:03:41.5912614Z with:
2 Unit Test	Setup Python	2026-10-07T14:03:41.5912980Z   python-version: 3.13
2 Unit Test	Setup Python	2026-10-07T14:03:41.5913231Z   check-latest: false
2 Unit Test	Setup Python	2026-10-07T14:03:41.5915531Z   token: ***
2 Unit Test	Setup Python	2026-10-07T14:03:41.5915788Z   update-environment: true
2 Unit Test	Setup Python	2026-10-07T14:03:41.5916064Z   allow-prereleases: false
2 Unit Test	Setup Python	2026-10-07T14:03:41.5916333Z   freethreaded: false
2 Unit Test	Setup Python	2026-10-07T14:03:41.5916572Z env:
2 Unit Test	Setup Python	2026-10-07T14:03:41.5916801Z   APP_DIR: labs/17-devsecops
2 Unit Test	Setup Python	2026-10-07T14:03:41.5917076Z   IMAGE_NAME: claim-check-api
2 Unit Test	Setup Python	2026-10-07T14:03:41.5917359Z   TRIVY_VERSION: 0.75.0
2 Unit Test	Setup Python	2026-10-07T14:03:41.5917611Z   GITLEAKS_VERSION: 8.30.1
2 Unit Test	Setup Python	2026-10-07T14:03:41.5917867Z   PYTHON_VERSION: 3.13
2 Unit Test	Setup Python	2026-10-07T14:03:41.5918107Z ##[endgroup]
2 Unit Test	Setup Python	2026-10-07T14:03:41.7067887Z ##[group]Installed versions
2 Unit Test	Setup Python	2026-10-07T14:03:41.8917123Z (node:2088) [DEP0040] DeprecationWarning: The `punycode` module is deprecated. Please use a userland alternative instead.
2 Unit Test	Setup Python	2026-10-07T14:03:41.8919045Z (Use `node --trace-deprecation ...` to show where the warning was created)
2 Unit Test	Setup Python	2026-10-07T14:03:41.8919807Z Successfully set up CPython (3.13.15)
2 Unit Test	Setup Python	2026-10-07T14:03:41.8920561Z ##[endgroup]
2 Unit Test	Install test dependencies	﻿2026-10-07T14:03:41.9124320Z ##[group]Run python -m pip install --upgrade pip
2 Unit Test	Install test dependencies	2026-10-07T14:03:41.9125085Z [36;1mpython -m pip install --upgrade pip[0m
2 Unit Test	Install test dependencies	2026-10-07T14:03:41.9125596Z [36;1mpip install -r requirements-dev.txt[0m
2 Unit Test	Install test dependencies	2026-10-07T14:03:42.1665028Z shell: /usr/bin/bash --noprofile --norc -e -o pipefail {0}
2 Unit Test	Install test dependencies	2026-10-07T14:03:42.1665475Z env:
2 Unit Test	Install test dependencies	2026-10-07T14:03:42.1665713Z   APP_DIR: labs/17-devsecops
2 Unit Test	Install test dependencies	2026-10-07T14:03:42.1665963Z   IMAGE_NAME: claim-check-api
2 Unit Test	Install test dependencies	2026-10-07T14:03:42.1666196Z   TRIVY_VERSION: 0.75.0
2 Unit Test	Install test dependencies	2026-10-07T14:03:42.1666413Z   GITLEAKS_VERSION: 8.30.1
2 Unit Test	Install test dependencies	2026-10-07T14:03:42.1666635Z   PYTHON_VERSION: 3.13
2 Unit Test	Install test dependencies	2026-10-07T14:03:42.1666926Z   pythonLocation: /opt/hostedtoolcache/Python/3.13.15/x64
2 Unit Test	Install test dependencies	2026-10-07T14:03:42.1667323Z   PKG_CONFIG_PATH: /opt/hostedtoolcache/Python/3.13.15/x64/lib/pkgconfig
2 Unit Test	Install test dependencies	2026-10-07T14:03:42.1667698Z   Python_ROOT_DIR: /opt/hostedtoolcache/Python/3.13.15/x64
2 Unit Test	Install test dependencies	2026-10-07T14:03:42.1668038Z   Python2_ROOT_DIR: /opt/hostedtoolcache/Python/3.13.15/x64
2 Unit Test	Install test dependencies	2026-10-07T14:03:42.1668384Z   Python3_ROOT_DIR: /opt/hostedtoolcache/Python/3.13.15/x64
2 Unit Test	Install test dependencies	2026-10-07T14:03:42.1668782Z   LD_LIBRARY_PATH: /opt/hostedtoolcache/Python/3.13.15/x64/lib
2 Unit Test	Install test dependencies	2026-10-07T14:03:42.1669092Z ##[endgroup]
2 Unit Test	Install test dependencies	2026-10-07T14:03:44.9466738Z Requirement already satisfied: pip in /opt/hostedtoolcache/Python/3.13.15/x64/lib/python3.13/site-packages (26.2.1)
2 Unit Test	Install test dependencies	2026-10-07T14:03:45.7216192Z Collecting Flask==3.1.3 (from -r /home/runner/work/devops-coursework/devops-coursework/labs/17-devsecops/requirements.txt (line 1))
2 Unit Test	Install test dependencies	2026-10-07T14:03:45.7652854Z   Downloading flask-3.1.3-py3-none-any.whl.metadata (3.2 kB)
2 Unit Test	Install test dependencies	2026-10-07T14:03:45.8377020Z Collecting Werkzeug==3.1.9 (from -r /home/runner/work/devops-coursework/devops-coursework/labs/17-devsecops/requirements.txt (line 2))
2 Unit Test	Install test dependencies	2026-10-07T14:03:45.8411208Z   Downloading werkzeug-3.1.9-py3-none-any.whl.metadata (4.1 kB)
2 Unit Test	Install test dependencies	2026-10-07T14:03:45.8599446Z Collecting Jinja2==3.1.6 (from -r /home/runner/work/devops-coursework/devops-coursework/labs/17-devsecops/requirements.txt (line 3))
2 Unit Test	Install test dependencies	2026-10-07T14:03:45.8629304Z   Downloading jinja2-3.1.6-py3-none-any.whl.metadata (2.9 kB)
2 Unit Test	Install test dependencies	2026-10-07T14:03:45.8893781Z Collecting PyYAML==6.0.3 (from -r /home/runner/work/devops-coursework/devops-coursework/labs/17-devsecops/requirements.txt (line 4))
2 Unit Test	Install test dependencies	2026-10-07T14:03:45.8922148Z   Downloading pyyaml-6.0.3-cp313-cp313-manylinux2014_x86_64.manylinux_2_17_x86_64.manylinux_2_28_x86_64.whl.metadata (2.4 kB)
2 Unit Test	Install test dependencies	2026-10-07T14:03:45.9454979Z Collecting requests==2.34.2 (from -r /home/runner/work/devops-coursework/devops-coursework/labs/17-devsecops/requirements.txt (line 5))
2 Unit Test	Install test dependencies	2026-10-07T14:03:45.9482420Z   Downloading requests-2.34.2-py3-none-any.whl.metadata (4.8 kB)
2 Unit Test	Install test dependencies	2026-10-07T14:03:45.9677262Z Collecting urllib3==2.8.0 (from -r /home/runner/work/devops-coursework/devops-coursework/labs/17-devsecops/requirements.txt (line 6))
2 Unit Test	Install test dependencies	2026-10-07T14:03:45.9706424Z   Downloading urllib3-2.8.0-py3-none-any.whl.metadata (7.4 kB)
2 Unit Test	Install test dependencies	2026-10-07T14:03:46.0050253Z Collecting certifi==2026.7.22 (from -r /home/runner/work/devops-coursework/devops-coursework/labs/17-devsecops/requirements.txt (line 7))
2 Unit Test	Install test dependencies	2026-10-07T14:03:46.0079758Z   Downloading certifi-2026.7.22-py3-none-any.whl.metadata (2.5 kB)
2 Unit Test	Install test dependencies	2026-10-07T14:03:46.0193356Z Collecting gunicorn==26.2.0 (from -r /home/runner/work/devops-coursework/devops-coursework/labs/17-devsecops/requirements.txt (line 8))
2 Unit Test	Install test dependencies	2026-10-07T14:03:46.0221183Z   Downloading gunicorn-26.2.0-py3-none-any.whl.metadata (5.5 kB)
2 Unit Test	Install test dependencies	2026-10-07T14:03:46.0422130Z Collecting pytest==9.1.1 (from -r requirements-dev.txt (line 2))
2 Unit Test	Install test dependencies	2026-10-07T14:03:46.0450645Z   Downloading pytest-9.1.1-py3-none-any.whl.metadata (7.6 kB)
2 Unit Test	Install test dependencies	2026-10-07T14:03:46.0571366Z Collecting pytest-cov==7.1.0 (from -r requirements-dev.txt (line 3))
2 Unit Test	Install test dependencies	2026-10-07T14:03:46.0601266Z   Downloading pytest_cov-7.1.0-py3-none-any.whl.metadata (32 kB)
2 Unit Test	Install test dependencies	2026-10-07T14:03:46.0758768Z Collecting flake8==7.4.1 (from -r requirements-dev.txt (line 4))
2 Unit Test	Install test dependencies	2026-10-07T14:03:46.0787861Z   Downloading flake8-7.4.1-py2.py3-none-any.whl.metadata (3.8 kB)
2 Unit Test	Install test dependencies	2026-10-07T14:03:46.0892066Z Collecting bandit==1.9.4 (from -r requirements-dev.txt (line 5))
2 Unit Test	Install test dependencies	2026-10-07T14:03:46.0919831Z   Downloading bandit-1.9.4-py3-none-any.whl.metadata (7.1 kB)
2 Unit Test	Install test dependencies	2026-10-07T14:03:46.1040208Z Collecting pip-audit==2.10.1 (from -r requirements-dev.txt (line 6))
2 Unit Test	Install test dependencies	2026-10-07T14:03:46.1069183Z   Downloading pip_audit-2.10.1-py3-none-any.whl.metadata (28 kB)
2 Unit Test	Install test dependencies	2026-10-07T14:03:46.1171802Z Collecting blinker>=1.9.0 (from Flask==3.1.3->-r /home/runner/work/devops-coursework/devops-coursework/labs/17-devsecops/requirements.txt (line 1))
2 Unit Test	Install test dependencies	2026-10-07T14:03:46.1200937Z   Downloading blinker-1.9.0-py3-none-any.whl.metadata (1.6 kB)
2 Unit Test	Install test dependencies	2026-10-07T14:03:46.2706742Z Collecting click>=8.1.3 (from Flask==3.1.3->-r /home/runner/work/devops-coursework/devops-coursework/labs/17-devsecops/requirements.txt (line 1))
2 Unit Test	Install test dependencies	2026-10-07T14:03:46.2736040Z   Downloading click-8.5.0-py3-none-any.whl.metadata (2.6 kB)
2 Unit Test	Install test dependencies	2026-10-07T14:03:46.2841027Z Collecting itsdangerous>=2.2.0 (from Flask==3.1.3->-r /home/runner/work/devops-coursework/devops-coursework/labs/17-devsecops/requirements.txt (line 1))
2 Unit Test	Install test dependencies	2026-10-07T14:03:46.2872292Z   Downloading itsdangerous-2.2.0-py3-none-any.whl.metadata (1.9 kB)
2 Unit Test	Install test dependencies	2026-10-07T14:03:46.3264599Z Collecting markupsafe>=2.1.1 (from Flask==3.1.3->-r /home/runner/work/devops-coursework/devops-coursework/labs/17-devsecops/requirements.txt (line 1))
2 Unit Test	Install test dependencies	2026-10-07T14:03:46.3298568Z   Downloading markupsafe-3.0.4-cp313-cp313-manylinux2014_x86_64.manylinux_2_17_x86_64.manylinux_2_28_x86_64.whl.metadata (2.7 kB)
2 Unit Test	Install test dependencies	2026-10-07T14:03:46.4183468Z Collecting charset_normalizer<4,>=2 (from requests==2.34.2->-r /home/runner/work/devops-coursework/devops-coursework/labs/17-devsecops/requirements.txt (line 5))
2 Unit Test	Install test dependencies	2026-10-07T14:03:46.4216812Z   Downloading charset_normalizer-3.5.2-cp313-cp313-manylinux2014_x86_64.manylinux_2_17_x86_64.manylinux_2_28_x86_64.whl.metadata (46 kB)
2 Unit Test	Install test dependencies	2026-10-07T14:03:46.4345286Z Collecting idna<4,>=2.5 (from requests==2.34.2->-r /home/runner/work/devops-coursework/devops-coursework/labs/17-devsecops/requirements.txt (line 5))
2 Unit Test	Install test dependencies	2026-10-07T14:03:46.4377833Z   Downloading idna-3.20-py3-none-any.whl.metadata (7.2 kB)
2 Unit Test	Install test dependencies	2026-10-07T14:03:46.4485506Z Collecting iniconfig>=1.0.1 (from pytest==9.1.1->-r requirements-dev.txt (line 2))
2 Unit Test	Install test dependencies	2026-10-07T14:03:46.4511732Z   Downloading iniconfig-2.3.1-py3-none-any.whl.metadata (2.8 kB)
2 Unit Test	Install test dependencies	2026-10-07T14:03:46.4618354Z Collecting packaging>=22 (from pytest==9.1.1->-r requirements-dev.txt (line 2))
2 Unit Test	Install test dependencies	2026-10-07T14:03:46.4645827Z   Downloading packaging-26.3-py3-none-any.whl.metadata (3.5 kB)
2 Unit Test	Install test dependencies	2026-10-07T14:03:46.4747562Z Collecting pluggy<2,>=1.5 (from pytest==9.1.1->-r requirements-dev.txt (line 2))
2 Unit Test	Install test dependencies	2026-10-07T14:03:46.4777400Z   Downloading pluggy-1.6.0-py3-none-any.whl.metadata (4.8 kB)
2 Unit Test	Install test dependencies	2026-10-07T14:03:46.4914758Z Collecting pygments>=2.7.2 (from pytest==9.1.1->-r requirements-dev.txt (line 2))
2 Unit Test	Install test dependencies	2026-10-07T14:03:46.4943743Z   Downloading pygments-2.21.0-py3-none-any.whl.metadata (2.5 kB)
2 Unit Test	Install test dependencies	2026-10-07T14:03:46.7801191Z Collecting coverage>=7.10.6 (from coverage[toml]>=7.10.6->pytest-cov==7.1.0->-r requirements-dev.txt (line 3))
2 Unit Test	Install test dependencies	2026-10-07T14:03:46.7832337Z   Downloading coverage-7.16.2-cp313-cp313-manylinux1_x86_64.manylinux_2_28_x86_64.manylinux_2_5_x86_64.whl.metadata (8.2 kB)
2 Unit Test	Install test dependencies	2026-10-07T14:03:46.7934992Z Collecting mccabe<0.8.0,>=0.7.0 (from flake8==7.4.1->-r requirements-dev.txt (line 4))
2 Unit Test	Install test dependencies	2026-10-07T14:03:46.7966330Z   Downloading mccabe-0.7.0-py2.py3-none-any.whl.metadata (5.0 kB)
2 Unit Test	Install test dependencies	2026-10-07T14:03:46.8057776Z Collecting pycodestyle<2.16.0,>=2.15.0 (from flake8==7.4.1->-r requirements-dev.txt (line 4))
2 Unit Test	Install test dependencies	2026-10-07T14:03:46.8086644Z   Downloading pycodestyle-2.15.0-py2.py3-none-any.whl.metadata (4.5 kB)
2 Unit Test	Install test dependencies	2026-10-07T14:03:46.8186223Z Collecting pyflakes<4.1.0,>=4.0.0 (from flake8==7.4.1->-r requirements-dev.txt (line 4))
2 Unit Test	Install test dependencies	2026-10-07T14:03:46.8214570Z   Downloading pyflakes-4.0.2-py2.py3-none-any.whl.metadata (3.7 kB)
2 Unit Test	Install test dependencies	2026-10-07T14:03:46.8517946Z Collecting stevedore>=1.20.0 (from bandit==1.9.4->-r requirements-dev.txt (line 5))
2 Unit Test	Install test dependencies	2026-10-07T14:03:46.8546525Z   Downloading stevedore-5.9.1-py3-none-any.whl.metadata (2.3 kB)
2 Unit Test	Install test dependencies	2026-10-07T14:03:46.8791444Z Collecting rich (from bandit==1.9.4->-r requirements-dev.txt (line 5))
2 Unit Test	Install test dependencies	2026-10-07T14:03:46.8820297Z   Downloading rich-15.0.0-py3-none-any.whl.metadata (18 kB)
2 Unit Test	Install test dependencies	2026-10-07T14:03:46.8947596Z Collecting CacheControl>=0.13.0 (from CacheControl[filecache]>=0.13.0->pip-audit==2.10.1->-r requirements-dev.txt (line 6))
2 Unit Test	Install test dependencies	2026-10-07T14:03:46.8975275Z   Downloading cachecontrol-0.14.4-py3-none-any.whl.metadata (3.1 kB)
2 Unit Test	Install test dependencies	2026-10-07T14:03:46.9169404Z Collecting cyclonedx-python-lib<12,>=5 (from pip-audit==2.10.1->-r requirements-dev.txt (line 6))
2 Unit Test	Install test dependencies	2026-10-07T14:03:46.9197175Z   Downloading cyclonedx_python_lib-11.12.0-py3-none-any.whl.metadata (6.9 kB)
2 Unit Test	Install test dependencies	2026-10-07T14:03:46.9304178Z Collecting pip-api>=0.0.28 (from pip-audit==2.10.1->-r requirements-dev.txt (line 6))
2 Unit Test	Install test dependencies	2026-10-07T14:03:46.9332575Z   Downloading pip_api-0.0.35-py3-none-any.whl.metadata (17 kB)
2 Unit Test	Install test dependencies	2026-10-07T14:03:46.9426953Z Collecting pip-requirements-parser>=32.0.0 (from pip-audit==2.10.1->-r requirements-dev.txt (line 6))
2 Unit Test	Install test dependencies	2026-10-07T14:03:46.9453997Z   Downloading pip_requirements_parser-32.0.1-py3-none-any.whl.metadata (9.3 kB)
2 Unit Test	Install test dependencies	2026-10-07T14:03:46.9689527Z Collecting tomli>=2.2.1 (from pip-audit==2.10.1->-r requirements-dev.txt (line 6))
2 Unit Test	Install test dependencies	2026-10-07T14:03:46.9718534Z   Downloading tomli-2.5.0-cp313-cp313-manylinux2014_x86_64.manylinux_2_17_x86_64.manylinux_2_28_x86_64.whl.metadata (10 kB)
2 Unit Test	Install test dependencies	2026-10-07T14:03:47.0001014Z Collecting tomli-w>=1.2.0 (from pip-audit==2.10.1->-r requirements-dev.txt (line 6))
2 Unit Test	Install test dependencies	2026-10-07T14:03:47.0035479Z   Downloading tomli_w-1.2.0-py3-none-any.whl.metadata (5.7 kB)
2 Unit Test	Install test dependencies	2026-10-07T14:03:47.0427275Z Collecting platformdirs>=4.2.0 (from pip-audit==2.10.1->-r requirements-dev.txt (line 6))
2 Unit Test	Install test dependencies	2026-10-07T14:03:47.0459806Z   Downloading platformdirs-4.12.3-py3-none-any.whl.metadata (5.5 kB)
2 Unit Test	Install test dependencies	2026-10-07T14:03:47.0575729Z Collecting license-expression<31,>=30 (from cyclonedx-python-lib<12,>=5->pip-audit==2.10.1->-r requirements-dev.txt (line 6))
2 Unit Test	Install test dependencies	2026-10-07T14:03:47.0606829Z   Downloading license_expression-30.4.4-py3-none-any.whl.metadata (11 kB)
2 Unit Test	Install test dependencies	2026-10-07T14:03:47.1027536Z Collecting packageurl-python<2,>=0.11 (from cyclonedx-python-lib<12,>=5->pip-audit==2.10.1->-r requirements-dev.txt (line 6))
2 Unit Test	Install test dependencies	2026-10-07T14:03:47.1061410Z   Downloading packageurl_python-0.17.6-py3-none-any.whl.metadata (5.1 kB)
2 Unit Test	Install test dependencies	2026-10-07T14:03:47.3529701Z Collecting py-serializable<3.0.0,>=2.1.0 (from cyclonedx-python-lib<12,>=5->pip-audit==2.10.1->-r requirements-dev.txt (line 6))
2 Unit Test	Install test dependencies	2026-10-07T14:03:47.3563404Z   Downloading py_serializable-2.1.0-py3-none-any.whl.metadata (4.3 kB)
2 Unit Test	Install test dependencies	2026-10-07T14:03:47.3660880Z Collecting sortedcontainers<3.0.0,>=2.4.0 (from cyclonedx-python-lib<12,>=5->pip-audit==2.10.1->-r requirements-dev.txt (line 6))
2 Unit Test	Install test dependencies	2026-10-07T14:03:47.3689007Z   Downloading sortedcontainers-2.4.0-py2.py3-none-any.whl.metadata (10 kB)
2 Unit Test	Install test dependencies	2026-10-07T14:03:47.5799539Z Collecting boolean.py>=4.0 (from license-expression<31,>=30->cyclonedx-python-lib<12,>=5->pip-audit==2.10.1->-r requirements-dev.txt (line 6))
2 Unit Test	Install test dependencies	2026-10-07T14:03:47.5827302Z   Downloading boolean_py-5.0-py3-none-any.whl.metadata (2.3 kB)
2 Unit Test	Install test dependencies	2026-10-07T14:03:47.5927013Z Collecting defusedxml<0.8.0,>=0.7.1 (from py-serializable<3.0.0,>=2.1.0->cyclonedx-python-lib<12,>=5->pip-audit==2.10.1->-r requirements-dev.txt (line 6))
2 Unit Test	Install test dependencies	2026-10-07T14:03:47.5957352Z   Downloading defusedxml-0.7.1-py2.py3-none-any.whl.metadata (32 kB)
2 Unit Test	Install test dependencies	2026-10-07T14:03:47.6579916Z Collecting msgpack<2.0.0,>=0.5.2 (from CacheControl>=0.13.0->CacheControl[filecache]>=0.13.0->pip-audit==2.10.1->-r requirements-dev.txt (line 6))
2 Unit Test	Install test dependencies	2026-10-07T14:03:47.6612117Z   Downloading msgpack-1.2.3-cp313-cp313-manylinux2014_x86_64.manylinux_2_17_x86_64.manylinux_2_28_x86_64.whl.metadata (8.3 kB)
2 Unit Test	Install test dependencies	2026-10-07T14:03:47.7452992Z Collecting filelock>=3.8.0 (from CacheControl[filecache]>=0.13.0->pip-audit==2.10.1->-r requirements-dev.txt (line 6))
2 Unit Test	Install test dependencies	2026-10-07T14:03:47.7484905Z   Downloading filelock-4.0.12-py3-none-any.whl.metadata (2.0 kB)
2 Unit Test	Install test dependencies	2026-10-07T14:03:47.8573465Z Requirement already satisfied: pip in /opt/hostedtoolcache/Python/3.13.15/x64/lib/python3.13/site-packages (from pip-api>=0.0.28->pip-audit==2.10.1->-r requirements-dev.txt (line 6)) (26.2.1)
2 Unit Test	Install test dependencies	2026-10-07T14:03:47.8720630Z Collecting pyparsing (from pip-requirements-parser>=32.0.0->pip-audit==2.10.1->-r requirements-dev.txt (line 6))
2 Unit Test	Install test dependencies	2026-10-07T14:03:47.8751068Z   Downloading pyparsing-3.3.3-py3-none-any.whl.metadata (5.9 kB)
2 Unit Test	Install test dependencies	2026-10-07T14:03:47.8859216Z Collecting markdown-it-py>=2.2.0 (from rich->bandit==1.9.4->-r requirements-dev.txt (line 5))
2 Unit Test	Install test dependencies	2026-10-07T14:03:47.8885888Z   Downloading markdown_it_py-4.2.0-py3-none-any.whl.metadata (7.4 kB)
2 Unit Test	Install test dependencies	2026-10-07T14:03:47.8991343Z Collecting mdurl~=0.1 (from markdown-it-py>=2.2.0->rich->bandit==1.9.4->-r requirements-dev.txt (line 5))
2 Unit Test	Install test dependencies	2026-10-07T14:03:47.9021135Z   Downloading mdurl-0.1.2-py3-none-any.whl.metadata (1.6 kB)
2 Unit Test	Install test dependencies	2026-10-07T14:03:47.9104247Z Downloading flask-3.1.3-py3-none-any.whl (103 kB)
2 Unit Test	Install test dependencies	2026-10-07T14:03:47.9164297Z Downloading werkzeug-3.1.9-py3-none-any.whl (228 kB)
2 Unit Test	Install test dependencies	2026-10-07T14:03:47.9228759Z Downloading jinja2-3.1.6-py3-none-any.whl (134 kB)
2 Unit Test	Install test dependencies	2026-10-07T14:03:47.9287619Z Downloading pyyaml-6.0.3-cp313-cp313-manylinux2014_x86_64.manylinux_2_17_x86_64.manylinux_2_28_x86_64.whl (801 kB)
2 Unit Test	Install test dependencies	2026-10-07T14:03:47.9394597Z    ━━━━━━━━━━━━━━━━━━━━━━━━━━━━━━━━━━━━━━━━ 801.6/801.6 kB 73.1 MB/s  0:00:00
2 Unit Test	Install test dependencies	2026-10-07T14:03:47.9426138Z Downloading requests-2.34.2-py3-none-any.whl (73 kB)
2 Unit Test	Install test dependencies	2026-10-07T14:03:47.9469950Z Downloading urllib3-2.8.0-py3-none-any.whl (135 kB)
2 Unit Test	Install test dependencies	2026-10-07T14:03:47.9520662Z Downloading certifi-2026.7.22-py3-none-any.whl (136 kB)
2 Unit Test	Install test dependencies	2026-10-07T14:03:47.9573809Z Downloading gunicorn-26.2.0-py3-none-any.whl (228 kB)
2 Unit Test	Install test dependencies	2026-10-07T14:03:47.9635321Z Downloading pytest-9.1.1-py3-none-any.whl (386 kB)
2 Unit Test	Install test dependencies	2026-10-07T14:03:47.9699138Z Downloading pytest_cov-7.1.0-py3-none-any.whl (22 kB)
2 Unit Test	Install test dependencies	2026-10-07T14:03:47.9747463Z Downloading flake8-7.4.1-py2.py3-none-any.whl (57 kB)
2 Unit Test	Install test dependencies	2026-10-07T14:03:47.9790150Z Downloading bandit-1.9.4-py3-none-any.whl (134 kB)
2 Unit Test	Install test dependencies	2026-10-07T14:03:47.9854186Z Downloading pip_audit-2.10.1-py3-none-any.whl (62 kB)
2 Unit Test	Install test dependencies	2026-10-07T14:03:47.9898303Z Downloading charset_normalizer-3.5.2-cp313-cp313-manylinux2014_x86_64.manylinux_2_17_x86_64.manylinux_2_28_x86_64.whl (254 kB)
2 Unit Test	Install test dependencies	2026-10-07T14:03:47.9951477Z Downloading cyclonedx_python_lib-11.12.0-py3-none-any.whl (529 kB)
2 Unit Test	Install test dependencies	2026-10-07T14:03:48.0013209Z    ━━━━━━━━━━━━━━━━━━━━━━━━━━━━━━━━━━━━━━━━ 529.5/529.5 kB 62.7 MB/s  0:00:00
2 Unit Test	Install test dependencies	2026-10-07T14:03:48.0049429Z Downloading idna-3.20-py3-none-any.whl (69 kB)
2 Unit Test	Install test dependencies	2026-10-07T14:03:48.0091297Z Downloading license_expression-30.4.4-py3-none-any.whl (120 kB)
2 Unit Test	Install test dependencies	2026-10-07T14:03:48.0139702Z Downloading mccabe-0.7.0-py2.py3-none-any.whl (7.3 kB)
2 Unit Test	Install test dependencies	2026-10-07T14:03:48.0180237Z Downloading packageurl_python-0.17.6-py3-none-any.whl (36 kB)
2 Unit Test	Install test dependencies	2026-10-07T14:03:48.0225765Z Downloading pluggy-1.6.0-py3-none-any.whl (20 kB)
2 Unit Test	Install test dependencies	2026-10-07T14:03:48.0268092Z Downloading py_serializable-2.1.0-py3-none-any.whl (23 kB)
2 Unit Test	Install test dependencies	2026-10-07T14:03:48.0312896Z Downloading defusedxml-0.7.1-py2.py3-none-any.whl (25 kB)
2 Unit Test	Install test dependencies	2026-10-07T14:03:48.0376983Z Downloading pycodestyle-2.15.0-py2.py3-none-any.whl (31 kB)
2 Unit Test	Install test dependencies	2026-10-07T14:03:48.0419866Z Downloading pyflakes-4.0.2-py2.py3-none-any.whl (66 kB)
2 Unit Test	Install test dependencies	2026-10-07T14:03:48.0464457Z Downloading sortedcontainers-2.4.0-py2.py3-none-any.whl (29 kB)
2 Unit Test	Install test dependencies	2026-10-07T14:03:48.0513364Z Downloading blinker-1.9.0-py3-none-any.whl (8.5 kB)
2 Unit Test	Install test dependencies	2026-10-07T14:03:48.0559468Z Downloading boolean_py-5.0-py3-none-any.whl (26 kB)
2 Unit Test	Install test dependencies	2026-10-07T14:03:48.0603431Z Downloading cachecontrol-0.14.4-py3-none-any.whl (22 kB)
2 Unit Test	Install test dependencies	2026-10-07T14:03:48.0647440Z Downloading msgpack-1.2.3-cp313-cp313-manylinux2014_x86_64.manylinux_2_17_x86_64.manylinux_2_28_x86_64.whl (466 kB)
2 Unit Test	Install test dependencies	2026-10-07T14:03:48.0721895Z Downloading click-8.5.0-py3-none-any.whl (125 kB)
2 Unit Test	Install test dependencies	2026-10-07T14:03:48.0773620Z Downloading coverage-7.16.2-cp313-cp313-manylinux1_x86_64.manylinux_2_28_x86_64.manylinux_2_5_x86_64.whl (257 kB)
2 Unit Test	Install test dependencies	2026-10-07T14:03:48.0833522Z Downloading filelock-4.0.12-py3-none-any.whl (111 kB)
2 Unit Test	Install test dependencies	2026-10-07T14:03:48.0879706Z Downloading iniconfig-2.3.1-py3-none-any.whl (7.6 kB)
2 Unit Test	Install test dependencies	2026-10-07T14:03:48.0926761Z Downloading itsdangerous-2.2.0-py3-none-any.whl (16 kB)
2 Unit Test	Install test dependencies	2026-10-07T14:03:48.0974924Z Downloading markupsafe-3.0.4-cp313-cp313-manylinux2014_x86_64.manylinux_2_17_x86_64.manylinux_2_28_x86_64.whl (23 kB)
2 Unit Test	Install test dependencies	2026-10-07T14:03:48.1015652Z Downloading packaging-26.3-py3-none-any.whl (129 kB)
2 Unit Test	Install test dependencies	2026-10-07T14:03:48.1120923Z Downloading pip_api-0.0.35-py3-none-any.whl (123 kB)
2 Unit Test	Install test dependencies	2026-10-07T14:03:48.1167767Z Downloading pip_requirements_parser-32.0.1-py3-none-any.whl (35 kB)
2 Unit Test	Install test dependencies	2026-10-07T14:03:48.1208504Z Downloading platformdirs-4.12.3-py3-none-any.whl (32 kB)
2 Unit Test	Install test dependencies	2026-10-07T14:03:48.1250669Z Downloading pygments-2.21.0-py3-none-any.whl (1.3 MB)
2 Unit Test	Install test dependencies	2026-10-07T14:03:48.1361929Z    ━━━━━━━━━━━━━━━━━━━━━━━━━━━━━━━━━━━━━━━━ 1.3/1.3 MB 105.7 MB/s  0:00:00
2 Unit Test	Install test dependencies	2026-10-07T14:03:48.1398465Z Downloading rich-15.0.0-py3-none-any.whl (310 kB)
2 Unit Test	Install test dependencies	2026-10-07T14:03:48.1473845Z Downloading markdown_it_py-4.2.0-py3-none-any.whl (91 kB)
2 Unit Test	Install test dependencies	2026-10-07T14:03:48.1537108Z Downloading mdurl-0.1.2-py3-none-any.whl (10.0 kB)
2 Unit Test	Install test dependencies	2026-10-07T14:03:48.1581991Z Downloading stevedore-5.9.1-py3-none-any.whl (54 kB)
2 Unit Test	Install test dependencies	2026-10-07T14:03:48.1630013Z Downloading tomli-2.5.0-cp313-cp313-manylinux2014_x86_64.manylinux_2_17_x86_64.manylinux_2_28_x86_64.whl (283 kB)
2 Unit Test	Install test dependencies	2026-10-07T14:03:48.1697059Z Downloading tomli_w-1.2.0-py3-none-any.whl (6.7 kB)
2 Unit Test	Install test dependencies	2026-10-07T14:03:48.1739718Z Downloading pyparsing-3.3.3-py3-none-any.whl (126 kB)
2 Unit Test	Install test dependencies	2026-10-07T14:03:48.3234171Z Installing collected packages: sortedcontainers, boolean.py, urllib3, tomli-w, tomli, stevedore, PyYAML, pyparsing, pygments, pyflakes, pycodestyle, pluggy, platformdirs, pip-api, packaging, packageurl-python, msgpack, mdurl, mccabe, markupsafe, license-expression, itsdangerous, iniconfig, idna, gunicorn, filelock, defusedxml, coverage, click, charset_normalizer, certifi, blinker, Werkzeug, requests, pytest, py-serializable, pip-requirements-parser, markdown-it-py, Jinja2, flake8, rich, pytest-cov, Flask, cyclonedx-python-lib, CacheControl, bandit, pip-audit
2 Unit Test	Install test dependencies	2026-10-07T14:03:54.2507999Z 
2 Unit Test	Install test dependencies	2026-10-07T14:03:54.2544857Z Successfully installed CacheControl-0.14.4 Flask-3.1.3 Jinja2-3.1.6 PyYAML-6.0.3 Werkzeug-3.1.9 bandit-1.9.4 blinker-1.9.0 boolean.py-5.0 certifi-2026.7.22 charset_normalizer-3.5.2 click-8.5.0 coverage-7.16.2 cyclonedx-python-lib-11.12.0 defusedxml-0.7.1 filelock-4.0.12 flake8-7.4.1 gunicorn-26.2.0 idna-3.20 iniconfig-2.3.1 itsdangerous-2.2.0 license-expression-30.4.4 markdown-it-py-4.2.0 markupsafe-3.0.4 mccabe-0.7.0 mdurl-0.1.2 msgpack-1.2.3 packageurl-python-0.17.6 packaging-26.3 pip-api-0.0.35 pip-audit-2.10.1 pip-requirements-parser-32.0.1 platformdirs-4.12.3 pluggy-1.6.0 py-serializable-2.1.0 pycodestyle-2.15.0 pyflakes-4.0.2 pygments-2.21.0 pyparsing-3.3.3 pytest-9.1.1 pytest-cov-7.1.0 requests-2.34.2 rich-15.0.0 sortedcontainers-2.4.0 stevedore-5.9.1 tomli-2.5.0 tomli-w-1.2.0 urllib3-2.8.0
2 Unit Test	Lint	﻿2026-10-07T14:03:54.3596754Z ##[group]Run flake8 app tests
2 Unit Test	Lint	2026-10-07T14:03:54.3597023Z [36;1mflake8 app tests[0m
2 Unit Test	Lint	2026-10-07T14:03:54.3658402Z shell: /usr/bin/bash --noprofile --norc -e -o pipefail {0}
2 Unit Test	Lint	2026-10-07T14:03:54.3658700Z env:
2 Unit Test	Lint	2026-10-07T14:03:54.3658879Z   APP_DIR: labs/17-devsecops
2 Unit Test	Lint	2026-10-07T14:03:54.3659093Z   IMAGE_NAME: claim-check-api
2 Unit Test	Lint	2026-10-07T14:03:54.3659293Z   TRIVY_VERSION: 0.75.0
2 Unit Test	Lint	2026-10-07T14:03:54.3659475Z   GITLEAKS_VERSION: 8.30.1
2 Unit Test	Lint	2026-10-07T14:03:54.3659663Z   PYTHON_VERSION: 3.13
2 Unit Test	Lint	2026-10-07T14:03:54.3659910Z   pythonLocation: /opt/hostedtoolcache/Python/3.13.15/x64
2 Unit Test	Lint	2026-10-07T14:03:54.3660259Z   PKG_CONFIG_PATH: /opt/hostedtoolcache/Python/3.13.15/x64/lib/pkgconfig
2 Unit Test	Lint	2026-10-07T14:03:54.3660609Z   Python_ROOT_DIR: /opt/hostedtoolcache/Python/3.13.15/x64
2 Unit Test	Lint	2026-10-07T14:03:54.3660941Z   Python2_ROOT_DIR: /opt/hostedtoolcache/Python/3.13.15/x64
2 Unit Test	Lint	2026-10-07T14:03:54.3661265Z   Python3_ROOT_DIR: /opt/hostedtoolcache/Python/3.13.15/x64
2 Unit Test	Lint	2026-10-07T14:03:54.3661589Z   LD_LIBRARY_PATH: /opt/hostedtoolcache/Python/3.13.15/x64/lib
2 Unit Test	Lint	2026-10-07T14:03:54.3661896Z ##[endgroup]
2 Unit Test	Run the unit test suite	﻿2026-10-07T14:03:55.9541539Z ##[group]Run mkdir -p reports
2 Unit Test	Run the unit test suite	2026-10-07T14:03:55.9541822Z [36;1mmkdir -p reports[0m
2 Unit Test	Run the unit test suite	2026-10-07T14:03:55.9542180Z [36;1mpytest --cov=app --cov-report=term-missing --cov-report=xml:reports/coverage.xml \[0m
2 Unit Test	Run the unit test suite	2026-10-07T14:03:55.9542568Z [36;1m       --junitxml=reports/junit.xml[0m
2 Unit Test	Run the unit test suite	2026-10-07T14:03:55.9598478Z shell: /usr/bin/bash --noprofile --norc -e -o pipefail {0}
2 Unit Test	Run the unit test suite	2026-10-07T14:03:55.9598762Z env:
2 Unit Test	Run the unit test suite	2026-10-07T14:03:55.9598935Z   APP_DIR: labs/17-devsecops
2 Unit Test	Run the unit test suite	2026-10-07T14:03:55.9599163Z   IMAGE_NAME: claim-check-api
2 Unit Test	Run the unit test suite	2026-10-07T14:03:55.9599374Z   TRIVY_VERSION: 0.75.0
2 Unit Test	Run the unit test suite	2026-10-07T14:03:55.9599560Z   GITLEAKS_VERSION: 8.30.1
2 Unit Test	Run the unit test suite	2026-10-07T14:03:55.9599747Z   PYTHON_VERSION: 3.13
2 Unit Test	Run the unit test suite	2026-10-07T14:03:55.9600011Z   pythonLocation: /opt/hostedtoolcache/Python/3.13.15/x64
2 Unit Test	Run the unit test suite	2026-10-07T14:03:55.9600349Z   PKG_CONFIG_PATH: /opt/hostedtoolcache/Python/3.13.15/x64/lib/pkgconfig
2 Unit Test	Run the unit test suite	2026-10-07T14:03:55.9600692Z   Python_ROOT_DIR: /opt/hostedtoolcache/Python/3.13.15/x64
2 Unit Test	Run the unit test suite	2026-10-07T14:03:55.9601015Z   Python2_ROOT_DIR: /opt/hostedtoolcache/Python/3.13.15/x64
2 Unit Test	Run the unit test suite	2026-10-07T14:03:55.9601361Z   Python3_ROOT_DIR: /opt/hostedtoolcache/Python/3.13.15/x64
2 Unit Test	Run the unit test suite	2026-10-07T14:03:55.9601662Z   LD_LIBRARY_PATH: /opt/hostedtoolcache/Python/3.13.15/x64/lib
2 Unit Test	Run the unit test suite	2026-10-07T14:03:55.9601918Z ##[endgroup]
2 Unit Test	Run the unit test suite	2026-10-07T14:03:57.4168255Z ============================= test session starts ==============================
2 Unit Test	Run the unit test suite	2026-10-07T14:03:57.4169125Z platform linux -- Python 3.13.15, pytest-9.1.1, pluggy-1.6.0 -- /opt/hostedtoolcache/Python/3.13.15/x64/bin/python
2 Unit Test	Run the unit test suite	2026-10-07T14:03:57.4169772Z cachedir: .pytest_cache
2 Unit Test	Run the unit test suite	2026-10-07T14:03:57.4170249Z rootdir: /home/runner/work/devops-coursework/devops-coursework/labs/17-devsecops
2 Unit Test	Run the unit test suite	2026-10-07T14:03:57.4170786Z configfile: setup.cfg
2 Unit Test	Run the unit test suite	2026-10-07T14:03:57.4171070Z testpaths: tests
2 Unit Test	Run the unit test suite	2026-10-07T14:03:57.4171375Z plugins: platformdirs-4.12.3, cov-7.1.0
2 Unit Test	Run the unit test suite	2026-10-07T14:03:58.1112290Z collecting ... collected 26 items
2 Unit Test	Run the unit test suite	2026-10-07T14:03:58.1112846Z 
2 Unit Test	Run the unit test suite	2026-10-07T14:03:58.1218510Z tests/test_claims.py::test_validate_claim_accepts_a_normal_claim PASSED  [  3%]
2 Unit Test	Run the unit test suite	2026-10-07T14:03:58.1235968Z tests/test_claims.py::test_validate_claim_rejects_bad_input[claim0] PASSED [  7%]
2 Unit Test	Run the unit test suite	2026-10-07T14:03:58.1248184Z tests/test_claims.py::test_validate_claim_rejects_bad_input[claim1] PASSED [ 11%]
2 Unit Test	Run the unit test suite	2026-10-07T14:03:58.1259030Z tests/test_claims.py::test_validate_claim_rejects_bad_input[claim2] PASSED [ 15%]
2 Unit Test	Run the unit test suite	2026-10-07T14:03:58.1269955Z tests/test_claims.py::test_validate_claim_rejects_bad_input[claim3] PASSED [ 19%]
2 Unit Test	Run the unit test suite	2026-10-07T14:03:58.1280646Z tests/test_claims.py::test_validate_claim_rejects_bad_input[claim4] PASSED [ 23%]
2 Unit Test	Run the unit test suite	2026-10-07T14:03:58.1291336Z tests/test_claims.py::test_validate_claim_rejects_bad_input[claim5] PASSED [ 26%]
2 Unit Test	Run the unit test suite	2026-10-07T14:03:58.1300720Z tests/test_claims.py::test_validate_claim_rejects_a_non_object PASSED    [ 30%]
2 Unit Test	Run the unit test suite	2026-10-07T14:03:58.1310499Z tests/test_claims.py::test_price_claim_applies_the_category_rate PASSED  [ 34%]
2 Unit Test	Run the unit test suite	2026-10-07T14:03:58.1319930Z tests/test_claims.py::test_price_claim_caps_the_category PASSED          [ 38%]
2 Unit Test	Run the unit test suite	2026-10-07T14:03:58.1329337Z tests/test_claims.py::test_price_claim_halves_a_claim_without_receipts PASSED [ 42%]
2 Unit Test	Run the unit test suite	2026-10-07T14:03:58.1338745Z tests/test_claims.py::test_price_claim_flags_large_reimbursements_for_approval PASSED [ 46%]
2 Unit Test	Run the unit test suite	2026-10-07T14:03:58.1348939Z tests/test_claims.py::test_fingerprint_is_stable_and_salted PASSED       [ 50%]
2 Unit Test	Run the unit test suite	2026-10-07T14:03:58.1364583Z tests/test_claims.py::test_issue_reference_is_unique_and_prefixed PASSED [ 53%]
2 Unit Test	Run the unit test suite	2026-10-07T14:03:58.1374666Z tests/test_claims.py::test_summarise_adds_up_a_batch PASSED              [ 57%]
2 Unit Test	Run the unit test suite	2026-10-07T14:03:58.1385531Z tests/test_claims.py::test_summarise_rejects_an_empty_batch PASSED       [ 61%]
2 Unit Test	Run the unit test suite	2026-10-07T14:03:58.1449822Z tests/test_server.py::test_health_endpoint PASSED                        [ 65%]
2 Unit Test	Run the unit test suite	2026-10-07T14:03:58.1469980Z tests/test_server.py::test_version_endpoint_reports_build_metadata PASSED [ 69%]
2 Unit Test	Run the unit test suite	2026-10-07T14:03:58.1491230Z tests/test_server.py::test_validate_endpoint_accepts_a_claim PASSED      [ 73%]
2 Unit Test	Run the unit test suite	2026-10-07T14:03:58.1509657Z tests/test_server.py::test_validate_endpoint_rejects_a_bad_claim PASSED  [ 76%]
2 Unit Test	Run the unit test suite	2026-10-07T14:03:58.1527585Z tests/test_server.py::test_price_endpoint_prices_a_claim PASSED          [ 80%]
2 Unit Test	Run the unit test suite	2026-10-07T14:03:58.1545005Z tests/test_server.py::test_batch_endpoint_summarises PASSED              [ 84%]
2 Unit Test	Run the unit test suite	2026-10-07T14:03:58.1561353Z tests/test_server.py::test_batch_endpoint_rejects_an_empty_body PASSED   [ 88%]
2 Unit Test	Run the unit test suite	2026-10-07T14:03:58.1586772Z tests/test_server.py::test_policy_endpoint_parses_yaml PASSED            [ 92%]
2 Unit Test	Run the unit test suite	2026-10-07T14:03:58.1607134Z tests/test_server.py::test_policy_endpoint_rejects_broken_yaml PASSED    [ 96%]
2 Unit Test	Run the unit test suite	2026-10-07T14:03:58.2215467Z tests/test_server.py::test_fx_endpoint_reports_no_upstream PASSED        [100%]
2 Unit Test	Run the unit test suite	2026-10-07T14:03:58.2215919Z 
2 Unit Test	Run the unit test suite	2026-10-07T14:03:58.2216337Z - generated xml file: /home/runner/work/devops-coursework/devops-coursework/labs/17-devsecops/reports/junit.xml -
2 Unit Test	Run the unit test suite	2026-10-07T14:03:58.2217245Z ================================ tests coverage ================================
2 Unit Test	Run the unit test suite	2026-10-07T14:03:58.2217791Z _______________ coverage: platform linux, python 3.13.15-final-0 _______________
2 Unit Test	Run the unit test suite	2026-10-07T14:03:58.2218128Z 
2 Unit Test	Run the unit test suite	2026-10-07T14:03:58.2218272Z Name              Stmts   Miss  Cover   Missing
2 Unit Test	Run the unit test suite	2026-10-07T14:03:58.2218630Z -----------------------------------------------
2 Unit Test	Run the unit test suite	2026-10-07T14:03:58.2218962Z app/__init__.py       1      0   100%
2 Unit Test	Run the unit test suite	2026-10-07T14:03:58.2219256Z app/claims.py        59      0   100%
2 Unit Test	Run the unit test suite	2026-10-07T14:03:58.2219636Z app/server.py        64     10    84%   66-67, 89, 97-102, 106
2 Unit Test	Run the unit test suite	2026-10-07T14:03:58.2220045Z -----------------------------------------------
2 Unit Test	Run the unit test suite	2026-10-07T14:03:58.2220378Z TOTAL               124     10    92%
2 Unit Test	Run the unit test suite	2026-10-07T14:03:58.2220703Z Coverage XML written to file reports/coverage.xml
2 Unit Test	Run the unit test suite	2026-10-07T14:03:58.2221145Z ============================== 26 passed in 0.80s ==============================
2 Unit Test	Upload the test report	﻿2026-10-07T14:03:58.2997543Z ##[group]Run actions/upload-artifact@v4
2 Unit Test	Upload the test report	2026-10-07T14:03:58.2997797Z with:
2 Unit Test	Upload the test report	2026-10-07T14:03:58.2997970Z   name: unit-test-report
2 Unit Test	Upload the test report	2026-10-07T14:03:58.2998171Z   path: labs/17-devsecops/reports
2 Unit Test	Upload the test report	2026-10-07T14:03:58.2998370Z   retention-days: 7
2 Unit Test	Upload the test report	2026-10-07T14:03:58.2998544Z   if-no-files-found: warn
2 Unit Test	Upload the test report	2026-10-07T14:03:58.2998731Z   compression-level: 6
2 Unit Test	Upload the test report	2026-10-07T14:03:58.2998909Z   overwrite: false
2 Unit Test	Upload the test report	2026-10-07T14:03:58.2999084Z   include-hidden-files: false
2 Unit Test	Upload the test report	2026-10-07T14:03:58.2999274Z env:
2 Unit Test	Upload the test report	2026-10-07T14:03:58.2999432Z   APP_DIR: labs/17-devsecops
2 Unit Test	Upload the test report	2026-10-07T14:03:58.2999624Z   IMAGE_NAME: claim-check-api
2 Unit Test	Upload the test report	2026-10-07T14:03:58.2999813Z   TRIVY_VERSION: 0.75.0
2 Unit Test	Upload the test report	2026-10-07T14:03:58.2999999Z   GITLEAKS_VERSION: 8.30.1
2 Unit Test	Upload the test report	2026-10-07T14:03:58.3000185Z   PYTHON_VERSION: 3.13
2 Unit Test	Upload the test report	2026-10-07T14:03:58.3000409Z   pythonLocation: /opt/hostedtoolcache/Python/3.13.15/x64
2 Unit Test	Upload the test report	2026-10-07T14:03:58.3000755Z   PKG_CONFIG_PATH: /opt/hostedtoolcache/Python/3.13.15/x64/lib/pkgconfig
2 Unit Test	Upload the test report	2026-10-07T14:03:58.3001086Z   Python_ROOT_DIR: /opt/hostedtoolcache/Python/3.13.15/x64
2 Unit Test	Upload the test report	2026-10-07T14:03:58.3001623Z   Python2_ROOT_DIR: /opt/hostedtoolcache/Python/3.13.15/x64
2 Unit Test	Upload the test report	2026-10-07T14:03:58.3001925Z   Python3_ROOT_DIR: /opt/hostedtoolcache/Python/3.13.15/x64
2 Unit Test	Upload the test report	2026-10-07T14:03:58.3002218Z   LD_LIBRARY_PATH: /opt/hostedtoolcache/Python/3.13.15/x64/lib
2 Unit Test	Upload the test report	2026-10-07T14:03:58.3002467Z ##[endgroup]
2 Unit Test	Upload the test report	2026-10-07T14:03:58.4380164Z (node:2166) [DEP0040] DeprecationWarning: The `punycode` module is deprecated. Please use a userland alternative instead.
2 Unit Test	Upload the test report	2026-10-07T14:03:58.4380914Z (Use `node --trace-deprecation ...` to show where the warning was created)
2 Unit Test	Upload the test report	2026-10-07T14:03:58.4432392Z With the provided path, there will be 2 files uploaded
2 Unit Test	Upload the test report	2026-10-07T14:03:58.4439306Z Artifact name is valid!
2 Unit Test	Upload the test report	2026-10-07T14:03:58.4439744Z Root directory input is valid!
2 Unit Test	Upload the test report	2026-10-07T14:03:58.8193292Z Beginning upload of artifact content to blob storage
2 Unit Test	Upload the test report	2026-10-07T14:03:58.8351395Z (node:2166) [DEP0169] DeprecationWarning: `url.parse()` behavior is not standardized and prone to errors that have security implications. Use the WHATWG URL API instead. CVEs are not issued for `url.parse()` vulnerabilities.
2 Unit Test	Upload the test report	2026-10-07T14:03:59.1104109Z Uploaded bytes 1548
2 Unit Test	Upload the test report	2026-10-07T14:03:59.1875996Z Finished uploading artifact content to blob storage!
2 Unit Test	Upload the test report	2026-10-07T14:03:59.1876887Z SHA256 digest of uploaded artifact zip is 34a18b26173749a9d67eaf058f958b304e2b6a32016c48b9dd224e939635da9a
2 Unit Test	Upload the test report	2026-10-07T14:03:59.1877641Z Finalizing artifact upload
2 Unit Test	Upload the test report	2026-10-07T14:03:59.4783060Z Artifact unit-test-report.zip successfully finalized. Artifact ID 11487208129
2 Unit Test	Upload the test report	2026-10-07T14:03:59.4784008Z Artifact unit-test-report has been successfully uploaded! Final size is 1548 bytes. Artifact ID is 11487208129
2 Unit Test	Upload the test report	2026-10-07T14:03:59.4789985Z Artifact download URL: https://github.com/AmanYadav7015/devops-coursework/actions/runs/37633505564/artifacts/11487208129
2 Unit Test	Post Setup Python	﻿2026-10-07T14:03:59.4950580Z Post job cleanup.
2 Unit Test	Post Setup Python	2026-10-07T14:03:59.5960266Z (node:2178) [DEP0040] DeprecationWarning: The `punycode` module is deprecated. Please use a userland alternative instead.
2 Unit Test	Post Setup Python	2026-10-07T14:03:59.5961253Z (Use `node --trace-deprecation ...` to show where the warning was created)
2 Unit Test	Post Checkout code	﻿2026-10-07T14:03:59.6109193Z Post job cleanup.
2 Unit Test	Post Checkout code	2026-10-07T14:03:59.6840119Z [command]/usr/bin/git version
2 Unit Test	Post Checkout code	2026-10-07T14:03:59.6880345Z git version 2.55.0
2 Unit Test	Post Checkout code	2026-10-07T14:03:59.6914460Z Temporarily overriding HOME='/home/runner/work/_temp/0df139fe-f277-4feb-8076-3218be125ab5' before making global git config changes
2 Unit Test	Post Checkout code	2026-10-07T14:03:59.6915487Z Adding repository directory to the temporary git global config as a safe directory
2 Unit Test	Post Checkout code	2026-10-07T14:03:59.6920118Z [command]/usr/bin/git config --global --add safe.directory /home/runner/work/devops-coursework/devops-coursework
2 Unit Test	Post Checkout code	2026-10-07T14:03:59.6966268Z [command]/usr/bin/git config --local --name-only --get-regexp core\.sshCommand
2 Unit Test	Post Checkout code	2026-10-07T14:03:59.7011162Z [command]/usr/bin/git submodule foreach --recursive sh -c "git config --local --name-only --get-regexp 'core\.sshCommand' && git config --local --unset-all 'core.sshCommand' || :"
2 Unit Test	Post Checkout code	2026-10-07T14:03:59.7315073Z [command]/usr/bin/git config --local --name-only --get-regexp http\.https\:\/\/github\.com\/\.extraheader
2 Unit Test	Post Checkout code	2026-10-07T14:03:59.7335624Z http.https://github.com/.extraheader
2 Unit Test	Post Checkout code	2026-10-07T14:03:59.7349299Z [command]/usr/bin/git config --local --unset-all http.https://github.com/.extraheader
2 Unit Test	Post Checkout code	2026-10-07T14:03:59.7394121Z [command]/usr/bin/git submodule foreach --recursive sh -c "git config --local --name-only --get-regexp 'http\.https\:\/\/github\.com\/\.extraheader' && git config --local --unset-all 'http.https://github.com/.extraheader' || :"
2 Unit Test	Post Checkout code	2026-10-07T14:03:59.7624952Z [command]/usr/bin/git config --local --name-only --get-regexp ^includeIf\.gitdir:
2 Unit Test	Post Checkout code	2026-10-07T14:03:59.7660965Z [command]/usr/bin/git submodule foreach --recursive git config --local --show-origin --name-only --get-regexp remote.origin.url
2 Unit Test	Complete job	﻿2026-10-07T14:03:59.8037960Z Cleaning up orphan processes
2 Unit Test	Complete job	2026-10-07T14:03:59.8301423Z ##[warning]Node.js 20 is deprecated. The following actions target Node.js 20 but are being forced to run on Node.js 24: actions/checkout@v4, actions/setup-python@v5, actions/upload-artifact@v4. For more information see: https://github.blog/changelog/2025-09-19-deprecation-of-node-20-on-github-actions-runners/
3b SAST (CodeQL)	Set up job	﻿2026-10-07T14:04:06.4521322Z Current runner version: '2.337.0'
3b SAST (CodeQL)	Set up job	2026-10-07T14:04:06.4548335Z ##[group]Runner Image Provisioner
3b SAST (CodeQL)	Set up job	2026-10-07T14:04:06.4549352Z Hosted Compute Agent
3b SAST (CodeQL)	Set up job	2026-10-07T14:04:06.4549977Z Version: 20261002.596
3b SAST (CodeQL)	Set up job	2026-10-07T14:04:06.4550615Z Commit: c3d12f3313a95f25162a1503be624f3b0617f8c0
3b SAST (CodeQL)	Set up job	2026-10-07T14:04:06.4551442Z Build Date: 2026-10-02T22:28:27Z
3b SAST (CodeQL)	Set up job	2026-10-07T14:04:06.4552286Z Worker ID: {9aae9e05-ec6b-4295-a8d0-3e60b3598c46}
3b SAST (CodeQL)	Set up job	2026-10-07T14:04:06.4553397Z Region: eastus2
3b SAST (CodeQL)	Set up job	2026-10-07T14:04:06.4554619Z Cloud: Azure
3b SAST (CodeQL)	Set up job	2026-10-07T14:04:06.4555475Z ##[endgroup]
3b SAST (CodeQL)	Set up job	2026-10-07T14:04:06.4557747Z ##[group]Operating System
3b SAST (CodeQL)	Set up job	2026-10-07T14:04:06.4558591Z Ubuntu
3b SAST (CodeQL)	Set up job	2026-10-07T14:04:06.4559173Z 24.04.5
3b SAST (CodeQL)	Set up job	2026-10-07T14:04:06.4559785Z LTS
3b SAST (CodeQL)	Set up job	2026-10-07T14:04:06.4560309Z ##[endgroup]
3b SAST (CodeQL)	Set up job	2026-10-07T14:04:06.4560927Z ##[group]Runner Image
3b SAST (CodeQL)	Set up job	2026-10-07T14:04:06.4561552Z Image: ubuntu-24.04
3b SAST (CodeQL)	Set up job	2026-10-07T14:04:06.4562116Z Version: 20261004.327.1
3b SAST (CodeQL)	Set up job	2026-10-07T14:04:06.4563246Z Included Software: https://github.com/actions/runner-images/blob/ubuntu24/20261004.327/images/ubuntu/Ubuntu2404-Readme.md
3b SAST (CodeQL)	Set up job	2026-10-07T14:04:06.4565550Z Image Release: https://github.com/actions/runner-images/releases/tag/ubuntu24%2F20261004.327
3b SAST (CodeQL)	Set up job	2026-10-07T14:04:06.4566553Z ##[endgroup]
3b SAST (CodeQL)	Set up job	2026-10-07T14:04:06.4568241Z ##[group]GITHUB_TOKEN Permissions
3b SAST (CodeQL)	Set up job	2026-10-07T14:04:06.4570610Z Contents: read
3b SAST (CodeQL)	Set up job	2026-10-07T14:04:06.4571268Z Metadata: read
3b SAST (CodeQL)	Set up job	2026-10-07T14:04:06.4571946Z SecurityEvents: write
3b SAST (CodeQL)	Set up job	2026-10-07T14:04:06.4572553Z ##[endgroup]
3b SAST (CodeQL)	Set up job	2026-10-07T14:04:06.4575472Z Secret source: Actions
3b SAST (CodeQL)	Set up job	2026-10-07T14:04:06.4576437Z Cache mode: write
3b SAST (CodeQL)	Set up job	2026-10-07T14:04:06.4577374Z Prepare workflow directory
3b SAST (CodeQL)	Set up job	2026-10-07T14:04:06.5030660Z Prepare all required actions
3b SAST (CodeQL)	Set up job	2026-10-07T14:04:06.5082672Z Getting action download info
3b SAST (CodeQL)	Set up job	2026-10-07T14:04:06.7964566Z Download action repository 'actions/checkout@v4' (SHA:11d5960a326750d5838078e36cf38b85af677262)
3b SAST (CodeQL)	Set up job	2026-10-07T14:04:06.8822213Z Download action repository 'github/codeql-action@v3' (SHA:1190a975f95ce23525efb6a3fc21ea29567c1b52)
3b SAST (CodeQL)	Set up job	2026-10-07T14:04:07.2824216Z Complete job name: 3b SAST (CodeQL)
3b SAST (CodeQL)	Checkout code	﻿2026-10-07T14:04:07.3585368Z ##[group]Run actions/checkout@v4
3b SAST (CodeQL)	Checkout code	2026-10-07T14:04:07.3586273Z with:
3b SAST (CodeQL)	Checkout code	2026-10-07T14:04:07.3586767Z   repository: AmanYadav7015/devops-coursework
3b SAST (CodeQL)	Checkout code	2026-10-07T14:04:07.3590817Z   token: ***
3b SAST (CodeQL)	Checkout code	2026-10-07T14:04:07.3591251Z   ssh-strict: true
3b SAST (CodeQL)	Checkout code	2026-10-07T14:04:07.3591688Z   ssh-user: git
3b SAST (CodeQL)	Checkout code	2026-10-07T14:04:07.3592129Z   persist-credentials: true
3b SAST (CodeQL)	Checkout code	2026-10-07T14:04:07.3592618Z   clean: true
3b SAST (CodeQL)	Checkout code	2026-10-07T14:04:07.3593068Z   sparse-checkout-cone-mode: true
3b SAST (CodeQL)	Checkout code	2026-10-07T14:04:07.3593585Z   fetch-depth: 1
3b SAST (CodeQL)	Checkout code	2026-10-07T14:04:07.3594207Z   fetch-tags: false
3b SAST (CodeQL)	Checkout code	2026-10-07T14:04:07.3594664Z   show-progress: true
3b SAST (CodeQL)	Checkout code	2026-10-07T14:04:07.3595111Z   lfs: false
3b SAST (CodeQL)	Checkout code	2026-10-07T14:04:07.3595526Z   submodules: false
3b SAST (CodeQL)	Checkout code	2026-10-07T14:04:07.3595979Z   set-safe-directory: true
3b SAST (CodeQL)	Checkout code	2026-10-07T14:04:07.3596486Z   allow-unsafe-pr-checkout: false
3b SAST (CodeQL)	Checkout code	2026-10-07T14:04:07.3597228Z env:
3b SAST (CodeQL)	Checkout code	2026-10-07T14:04:07.3597654Z   APP_DIR: labs/17-devsecops
3b SAST (CodeQL)	Checkout code	2026-10-07T14:04:07.3598160Z   IMAGE_NAME: claim-check-api
3b SAST (CodeQL)	Checkout code	2026-10-07T14:04:07.3598664Z   TRIVY_VERSION: 0.75.0
3b SAST (CodeQL)	Checkout code	2026-10-07T14:04:07.3599194Z   GITLEAKS_VERSION: 8.30.1
3b SAST (CodeQL)	Checkout code	2026-10-07T14:04:07.3599671Z   PYTHON_VERSION: 3.13
3b SAST (CodeQL)	Checkout code	2026-10-07T14:04:07.3600125Z ##[endgroup]
3b SAST (CodeQL)	Checkout code	2026-10-07T14:04:07.4735496Z Syncing repository: AmanYadav7015/devops-coursework
3b SAST (CodeQL)	Checkout code	2026-10-07T14:04:07.4738785Z ##[group]Getting Git version info
3b SAST (CodeQL)	Checkout code	2026-10-07T14:04:07.4740276Z Working directory is '/home/runner/work/devops-coursework/devops-coursework'
3b SAST (CodeQL)	Checkout code	2026-10-07T14:04:07.4742304Z [command]/usr/bin/git version
3b SAST (CodeQL)	Checkout code	2026-10-07T14:04:07.4852778Z git version 2.55.0
3b SAST (CodeQL)	Checkout code	2026-10-07T14:04:07.4889012Z ##[endgroup]
3b SAST (CodeQL)	Checkout code	2026-10-07T14:04:07.4908226Z Temporarily overriding HOME='/home/runner/work/_temp/d440b706-463e-47a7-996a-2560fffe0127' before making global git config changes
3b SAST (CodeQL)	Checkout code	2026-10-07T14:04:07.4911031Z Adding repository directory to the temporary git global config as a safe directory
3b SAST (CodeQL)	Checkout code	2026-10-07T14:04:07.4918205Z [command]/usr/bin/git config --global --add safe.directory /home/runner/work/devops-coursework/devops-coursework
3b SAST (CodeQL)	Checkout code	2026-10-07T14:04:07.4988293Z Deleting the contents of '/home/runner/work/devops-coursework/devops-coursework'
3b SAST (CodeQL)	Checkout code	2026-10-07T14:04:07.4994689Z ##[group]Initializing the repository
3b SAST (CodeQL)	Checkout code	2026-10-07T14:04:07.5000471Z [command]/usr/bin/git init /home/runner/work/devops-coursework/devops-coursework
3b SAST (CodeQL)	Checkout code	2026-10-07T14:04:07.5127948Z hint: Using 'master' as the name for the initial branch. This default branch name
3b SAST (CodeQL)	Checkout code	2026-10-07T14:04:07.5146180Z hint: will change to "main" in Git 3.0. To configure the initial branch name
3b SAST (CodeQL)	Checkout code	2026-10-07T14:04:07.5152712Z hint: to use in all of your new repositories, which will suppress this warning,
3b SAST (CodeQL)	Checkout code	2026-10-07T14:04:07.5173349Z hint: call:
3b SAST (CodeQL)	Checkout code	2026-10-07T14:04:07.5174558Z hint:
3b SAST (CodeQL)	Checkout code	2026-10-07T14:04:07.5175307Z hint: 	git config --global init.defaultBranch <name>
3b SAST (CodeQL)	Checkout code	2026-10-07T14:04:07.5176591Z hint:
3b SAST (CodeQL)	Checkout code	2026-10-07T14:04:07.5177628Z hint: Names commonly chosen instead of 'master' are 'main', 'trunk' and
3b SAST (CodeQL)	Checkout code	2026-10-07T14:04:07.5178741Z hint: 'development'. The just-created branch can be renamed via this command:
3b SAST (CodeQL)	Checkout code	2026-10-07T14:04:07.5179738Z hint:
3b SAST (CodeQL)	Checkout code	2026-10-07T14:04:07.5180593Z hint: 	git branch -m <name>
3b SAST (CodeQL)	Checkout code	2026-10-07T14:04:07.5181276Z hint:
3b SAST (CodeQL)	Checkout code	2026-10-07T14:04:07.5182056Z hint: Disable this message with "git config set advice.defaultBranchName false"
3b SAST (CodeQL)	Checkout code	2026-10-07T14:04:07.5184991Z Initialized empty Git repository in /home/runner/work/devops-coursework/devops-coursework/.git/
3b SAST (CodeQL)	Checkout code	2026-10-07T14:04:07.5188331Z [command]/usr/bin/git remote add origin https://github.com/AmanYadav7015/devops-coursework
3b SAST (CodeQL)	Checkout code	2026-10-07T14:04:07.5207568Z ##[endgroup]
3b SAST (CodeQL)	Checkout code	2026-10-07T14:04:07.5209092Z ##[group]Disabling automatic garbage collection
3b SAST (CodeQL)	Checkout code	2026-10-07T14:04:07.5213709Z [command]/usr/bin/git config --local gc.auto 0
3b SAST (CodeQL)	Checkout code	2026-10-07T14:04:07.5256373Z ##[endgroup]
3b SAST (CodeQL)	Checkout code	2026-10-07T14:04:07.5260423Z ##[group]Setting up auth
3b SAST (CodeQL)	Checkout code	2026-10-07T14:04:07.5274582Z [command]/usr/bin/git config --local --name-only --get-regexp core\.sshCommand
3b SAST (CodeQL)	Checkout code	2026-10-07T14:04:07.5310439Z [command]/usr/bin/git submodule foreach --recursive sh -c "git config --local --name-only --get-regexp 'core\.sshCommand' && git config --local --unset-all 'core.sshCommand' || :"
3b SAST (CodeQL)	Checkout code	2026-10-07T14:04:07.5716744Z [command]/usr/bin/git config --local --name-only --get-regexp http\.https\:\/\/github\.com\/\.extraheader
3b SAST (CodeQL)	Checkout code	2026-10-07T14:04:07.5757846Z [command]/usr/bin/git submodule foreach --recursive sh -c "git config --local --name-only --get-regexp 'http\.https\:\/\/github\.com\/\.extraheader' && git config --local --unset-all 'http.https://github.com/.extraheader' || :"
3b SAST (CodeQL)	Checkout code	2026-10-07T14:04:07.6048030Z [command]/usr/bin/git config --local --name-only --get-regexp ^includeIf\.gitdir:
3b SAST (CodeQL)	Checkout code	2026-10-07T14:04:07.6085742Z [command]/usr/bin/git submodule foreach --recursive git config --local --show-origin --name-only --get-regexp remote.origin.url
3b SAST (CodeQL)	Checkout code	2026-10-07T14:04:07.6317252Z [command]/usr/bin/git config --local http.https://github.com/.extraheader AUTHORIZATION: basic ***
3b SAST (CodeQL)	Checkout code	2026-10-07T14:04:07.6359105Z ##[endgroup]
3b SAST (CodeQL)	Checkout code	2026-10-07T14:04:07.6360517Z ##[group]Fetching the repository
3b SAST (CodeQL)	Checkout code	2026-10-07T14:04:07.6369461Z [command]/usr/bin/git -c protocol.version=2 fetch --no-tags --prune --no-recurse-submodules --depth=1 origin +1ecb2ab13722444f111c4b843510a96c4e63250a:refs/remotes/origin/session-17-devsecops-ci
3b SAST (CodeQL)	Checkout code	2026-10-07T14:04:08.1878714Z From https://github.com/AmanYadav7015/devops-coursework
3b SAST (CodeQL)	Checkout code	2026-10-07T14:04:08.1898626Z  * [new ref]         1ecb2ab13722444f111c4b843510a96c4e63250a -> origin/session-17-devsecops-ci
3b SAST (CodeQL)	Checkout code	2026-10-07T14:04:08.1901801Z ##[endgroup]
3b SAST (CodeQL)	Checkout code	2026-10-07T14:04:08.1902977Z ##[group]Determining the checkout info
3b SAST (CodeQL)	Checkout code	2026-10-07T14:04:08.1904481Z ##[endgroup]
3b SAST (CodeQL)	Checkout code	2026-10-07T14:04:08.1905272Z [command]/usr/bin/git sparse-checkout disable
3b SAST (CodeQL)	Checkout code	2026-10-07T14:04:08.1958006Z [command]/usr/bin/git config --local --unset-all extensions.worktreeConfig
3b SAST (CodeQL)	Checkout code	2026-10-07T14:04:08.1991946Z ##[group]Checking out the ref
3b SAST (CodeQL)	Checkout code	2026-10-07T14:04:08.1998552Z [command]/usr/bin/git checkout --progress --force -B session-17-devsecops-ci refs/remotes/origin/session-17-devsecops-ci
3b SAST (CodeQL)	Checkout code	2026-10-07T14:04:08.3206624Z Switched to a new branch 'session-17-devsecops-ci'
3b SAST (CodeQL)	Checkout code	2026-10-07T14:04:08.3209789Z branch 'session-17-devsecops-ci' set up to track 'origin/session-17-devsecops-ci'.
3b SAST (CodeQL)	Checkout code	2026-10-07T14:04:08.3221594Z ##[endgroup]
3b SAST (CodeQL)	Checkout code	2026-10-07T14:04:08.3269008Z [command]/usr/bin/git log -1 --format=%H
3b SAST (CodeQL)	Checkout code	2026-10-07T14:04:08.3298738Z 1ecb2ab13722444f111c4b843510a96c4e63250a
3b SAST (CodeQL)	Initialize CodeQL	﻿2026-10-07T14:04:08.3841779Z ##[group]Run github/codeql-action/init@v3
3b SAST (CodeQL)	Initialize CodeQL	2026-10-07T14:04:08.3843173Z with:
3b SAST (CodeQL)	Initialize CodeQL	2026-10-07T14:04:08.3844446Z   languages: python
3b SAST (CodeQL)	Initialize CodeQL	2026-10-07T14:04:08.3845597Z   config: paths:
3b SAST (CodeQL)	Initialize CodeQL	  - labs/17-devsecops/app
3b SAST (CodeQL)	Initialize CodeQL	
3b SAST (CodeQL)	Initialize CodeQL	2026-10-07T14:04:08.3846933Z   analysis-kinds: code-scanning
3b SAST (CodeQL)	Initialize CodeQL	2026-10-07T14:04:08.3857986Z   token: ***
3b SAST (CodeQL)	Initialize CodeQL	2026-10-07T14:04:08.3858948Z   matrix: null
3b SAST (CodeQL)	Initialize CodeQL	2026-10-07T14:04:08.3859861Z   debug: false
3b SAST (CodeQL)	Initialize CodeQL	2026-10-07T14:04:08.3860813Z   check-run-id: 112833918650
3b SAST (CodeQL)	Initialize CodeQL	2026-10-07T14:04:08.3861926Z   job-status: success
3b SAST (CodeQL)	Initialize CodeQL	2026-10-07T14:04:08.3862902Z env:
3b SAST (CodeQL)	Initialize CodeQL	2026-10-07T14:04:08.3863795Z   APP_DIR: labs/17-devsecops
3b SAST (CodeQL)	Initialize CodeQL	2026-10-07T14:04:08.3865054Z   IMAGE_NAME: claim-check-api
3b SAST (CodeQL)	Initialize CodeQL	2026-10-07T14:04:08.3866188Z   TRIVY_VERSION: 0.75.0
3b SAST (CodeQL)	Initialize CodeQL	2026-10-07T14:04:08.3867238Z   GITLEAKS_VERSION: 8.30.1
3b SAST (CodeQL)	Initialize CodeQL	2026-10-07T14:04:08.3868344Z   PYTHON_VERSION: 3.13
3b SAST (CodeQL)	Initialize CodeQL	2026-10-07T14:04:08.3869407Z ##[endgroup]
3b SAST (CodeQL)	Initialize CodeQL	2026-10-07T14:04:08.6448261Z Job run UUID is be2100a1-70cd-471f-bf15-c8b95a89c47c.
3b SAST (CodeQL)	Initialize CodeQL	2026-10-07T14:04:08.6540985Z ##[warning]CodeQL Action v3 will be deprecated in December 2026. Please update all occurrences of the CodeQL Action in your workflow files to v4. For more information, see https://github.blog/changelog/2025-10-28-upcoming-deprecation-of-codeql-action-v3/
3b SAST (CodeQL)	Initialize CodeQL	2026-10-07T14:04:10.1889139Z ##[group]Setup CodeQL tools
3b SAST (CodeQL)	Initialize CodeQL	2026-10-07T14:04:10.1960075Z [command]/usr/bin/tar --version
3b SAST (CodeQL)	Initialize CodeQL	2026-10-07T14:04:10.2005795Z tar (GNU tar) 1.35
3b SAST (CodeQL)	Initialize CodeQL	2026-10-07T14:04:10.2006584Z Copyright (C) 2023 Free Software Foundation, Inc.
3b SAST (CodeQL)	Initialize CodeQL	2026-10-07T14:04:10.2007621Z License GPLv3+: GNU GPL version 3 or later <https://gnu.org/licenses/gpl.html>.
3b SAST (CodeQL)	Initialize CodeQL	2026-10-07T14:04:10.2008708Z This is free software: you are free to change and redistribute it.
3b SAST (CodeQL)	Initialize CodeQL	2026-10-07T14:04:10.2009937Z There is NO WARRANTY, to the extent permitted by law.
3b SAST (CodeQL)	Initialize CodeQL	2026-10-07T14:04:10.2010466Z 
3b SAST (CodeQL)	Initialize CodeQL	2026-10-07T14:04:10.2010736Z Written by John Gilmore and Jay Fenlason.
3b SAST (CodeQL)	Initialize CodeQL	2026-10-07T14:04:10.2018896Z Found gnu tar version 1.35.
3b SAST (CodeQL)	Initialize CodeQL	2026-10-07T14:04:10.2201958Z Found CodeQL tools version 2.27.1 in the toolcache.
3b SAST (CodeQL)	Initialize CodeQL	2026-10-07T14:04:10.2203003Z Using CodeQL CLI version 2.27.1 from toolcache at /opt/hostedtoolcache/CodeQL/2.27.1/x64
3b SAST (CodeQL)	Initialize CodeQL	2026-10-07T14:04:13.0770405Z {
3b SAST (CodeQL)	Initialize CodeQL	2026-10-07T14:04:13.0770972Z   "productName": "CodeQL",
3b SAST (CodeQL)	Initialize CodeQL	2026-10-07T14:04:13.0771491Z   "vendor": "GitHub",
3b SAST (CodeQL)	Initialize CodeQL	2026-10-07T14:04:13.0771954Z   "version": "2.27.1",
3b SAST (CodeQL)	Initialize CodeQL	2026-10-07T14:04:13.0772404Z   "sha": "938af3639d0709b587251e45d9f8d2bdc3505696",
3b SAST (CodeQL)	Initialize CodeQL	2026-10-07T14:04:13.0772904Z   "branches": [
3b SAST (CodeQL)	Initialize CodeQL	2026-10-07T14:04:13.0773327Z     "codeql-cli-2.27.1"
3b SAST (CodeQL)	Initialize CodeQL	2026-10-07T14:04:13.0773727Z   ],
3b SAST (CodeQL)	Initialize CodeQL	2026-10-07T14:04:13.0774415Z   "copyright": "Copyright (C) 2019-2026 GitHub, Inc.",
3b SAST (CodeQL)	Initialize CodeQL	2026-10-07T14:04:13.0775143Z   "unpackedLocation": "/opt/hostedtoolcache/CodeQL/2.27.1/x64/codeql",
3b SAST (CodeQL)	Initialize CodeQL	2026-10-07T14:04:13.0775945Z   "configFileLocation": "/home/runner/.config/codeql/config",
3b SAST (CodeQL)	Initialize CodeQL	2026-10-07T14:04:13.0776520Z   "configFileFound": false,
3b SAST (CodeQL)	Initialize CodeQL	2026-10-07T14:04:13.0776847Z   "overlayVersion": 4,
3b SAST (CodeQL)	Initialize CodeQL	2026-10-07T14:04:13.0777081Z   "features": {
3b SAST (CodeQL)	Initialize CodeQL	2026-10-07T14:04:13.0777329Z     "analysisSummaryV2Default": true,
3b SAST (CodeQL)	Initialize CodeQL	2026-10-07T14:04:13.0777648Z     "buildModeOption": true,
3b SAST (CodeQL)	Initialize CodeQL	2026-10-07T14:04:13.0777966Z     "bundleSupportsIncludeDiagnostics": true,
3b SAST (CodeQL)	Initialize CodeQL	2026-10-07T14:04:13.0778341Z     "bundleSupportsIncludeLogs": true,
3b SAST (CodeQL)	Initialize CodeQL	2026-10-07T14:04:13.0778668Z     "bundleSupportsOverlay": true,
3b SAST (CodeQL)	Initialize CodeQL	2026-10-07T14:04:13.0779069Z     "databaseInterpretResultsSupportsSarifRunProperty": true,
3b SAST (CodeQL)	Initialize CodeQL	2026-10-07T14:04:13.0779458Z     "featuresInVersionResult": true,
3b SAST (CodeQL)	Initialize CodeQL	2026-10-07T14:04:13.0779786Z     "indirectTracingSupportsStaticBinaries": false,
3b SAST (CodeQL)	Initialize CodeQL	2026-10-07T14:04:13.0780167Z     "informsAboutUnsupportedPathFilters": true,
3b SAST (CodeQL)	Initialize CodeQL	2026-10-07T14:04:13.0780729Z     "supportsPython312": true,
3b SAST (CodeQL)	Initialize CodeQL	2026-10-07T14:04:13.0781037Z     "mrvaPackCreate": true,
3b SAST (CodeQL)	Initialize CodeQL	2026-10-07T14:04:13.0781325Z     "threatModelOption": true,
3b SAST (CodeQL)	Initialize CodeQL	2026-10-07T14:04:13.0781660Z     "traceCommandUseBuildMode": true,
3b SAST (CodeQL)	Initialize CodeQL	2026-10-07T14:04:13.0781994Z     "v2ramSizing": true,
3b SAST (CodeQL)	Initialize CodeQL	2026-10-07T14:04:13.0782633Z     "mrvaPackCreateMultipleQueries": true,
3b SAST (CodeQL)	Initialize CodeQL	2026-10-07T14:04:13.0782954Z     "setsCodeqlRunnerEnvVar": true,
3b SAST (CodeQL)	Initialize CodeQL	2026-10-07T14:04:13.0783325Z     "sarifMergeRunsFromEqualCategory": true,
3b SAST (CodeQL)	Initialize CodeQL	2026-10-07T14:04:13.0784255Z     "forceOverwrite": true,
3b SAST (CodeQL)	Initialize CodeQL	2026-10-07T14:04:13.0784846Z     "generateSummarySymbolMap": true,
3b SAST (CodeQL)	Initialize CodeQL	2026-10-07T14:04:13.0785392Z     "pythonDefaultIsToNotExtractStdlib": true,
3b SAST (CodeQL)	Initialize CodeQL	2026-10-07T14:04:13.0785933Z     "queryServerRunQueries": true,
3b SAST (CodeQL)	Initialize CodeQL	2026-10-07T14:04:13.0786299Z     "queryServerTrimCacheWithMode": true,
3b SAST (CodeQL)	Initialize CodeQL	2026-10-07T14:04:13.0786695Z     "builtinExtractorsSpecifyDefaultQueries": true,
3b SAST (CodeQL)	Initialize CodeQL	2026-10-07T14:04:13.0787302Z     "bqrsDiffResultSets": true,
3b SAST (CodeQL)	Initialize CodeQL	2026-10-07T14:04:13.0787805Z     "bundleSupportsIncludeOption": true,
3b SAST (CodeQL)	Initialize CodeQL	2026-10-07T14:04:13.0788169Z     "suppressesMissingFileBaselineWarning": true
3b SAST (CodeQL)	Initialize CodeQL	2026-10-07T14:04:13.0788468Z   }
3b SAST (CodeQL)	Initialize CodeQL	2026-10-07T14:04:13.0788646Z }
3b SAST (CodeQL)	Initialize CodeQL	2026-10-07T14:04:13.0789238Z ##[endgroup]
3b SAST (CodeQL)	Initialize CodeQL	2026-10-07T14:04:13.0789618Z ##[group]Validating workflow
3b SAST (CodeQL)	Initialize CodeQL	2026-10-07T14:04:13.4725978Z Detected no issues with the code scanning workflow.
3b SAST (CodeQL)	Initialize CodeQL	2026-10-07T14:04:13.4726698Z ##[endgroup]
3b SAST (CodeQL)	Initialize CodeQL	2026-10-07T14:04:13.4730898Z ##[group]Load language configuration
3b SAST (CodeQL)	Initialize CodeQL	2026-10-07T14:04:13.4746722Z [command]/opt/hostedtoolcache/CodeQL/2.27.1/x64/codeql/codeql resolve languages --format=betterjson --extractor-options-verbosity=4 --extractor-include-aliases --filter-to-languages-with-queries
3b SAST (CodeQL)	Initialize CodeQL	2026-10-07T14:04:15.0125084Z {
3b SAST (CodeQL)	Initialize CodeQL	2026-10-07T14:04:15.0126178Z   "aliases" : {
3b SAST (CodeQL)	Initialize CodeQL	2026-10-07T14:04:15.0154878Z     "c" : "cpp",
3b SAST (CodeQL)	Initialize CodeQL	2026-10-07T14:04:15.0168021Z     "c++" : "cpp",
3b SAST (CodeQL)	Initialize CodeQL	2026-10-07T14:04:15.0168431Z     "c-c++" : "cpp",
3b SAST (CodeQL)	Initialize CodeQL	2026-10-07T14:04:15.0168814Z     "c-cpp" : "cpp",
3b SAST (CodeQL)	Initialize CodeQL	2026-10-07T14:04:15.0169242Z     "c#" : "csharp",
3b SAST (CodeQL)	Initialize CodeQL	2026-10-07T14:04:15.0169628Z     "java-kotlin" : "java",
3b SAST (CodeQL)	Initialize CodeQL	2026-10-07T14:04:15.0170054Z     "kotlin" : "java",
3b SAST (CodeQL)	Initialize CodeQL	2026-10-07T14:04:15.0170476Z     "javascript-typescript" : "javascript",
3b SAST (CodeQL)	Initialize CodeQL	2026-10-07T14:04:15.0171022Z     "typescript" : "javascript"
3b SAST (CodeQL)	Initialize CodeQL	2026-10-07T14:04:15.0171443Z   },
3b SAST (CodeQL)	Initialize CodeQL	2026-10-07T14:04:15.0171849Z   "extractors" : {
3b SAST (CodeQL)	Initialize CodeQL	2026-10-07T14:04:15.0172198Z     "rust" : [
3b SAST (CodeQL)	Initialize CodeQL	2026-10-07T14:04:15.0172524Z       {
3b SAST (CodeQL)	Initialize CodeQL	2026-10-07T14:04:15.0173057Z         "extractor_root" : "/opt/hostedtoolcache/CodeQL/2.27.1/x64/codeql/rust",
3b SAST (CodeQL)	Initialize CodeQL	2026-10-07T14:04:15.0173791Z         "extractor_options" : {
3b SAST (CodeQL)	Initialize CodeQL	2026-10-07T14:04:15.0174487Z           "trap" : {
3b SAST (CodeQL)	Initialize CodeQL	2026-10-07T14:04:15.0174918Z             "title" : "Options pertaining to TRAP.",
3b SAST (CodeQL)	Initialize CodeQL	2026-10-07T14:04:15.0175512Z             "description" : "Options pertaining to TRAP.",
3b SAST (CodeQL)	Initialize CodeQL	2026-10-07T14:04:15.0176045Z             "type" : "object",
3b SAST (CodeQL)	Initialize CodeQL	2026-10-07T14:04:15.0176488Z             "properties" : {
3b SAST (CodeQL)	Initialize CodeQL	2026-10-07T14:04:15.0176925Z               "compression" : {
3b SAST (CodeQL)	Initialize CodeQL	2026-10-07T14:04:15.0177598Z                 "title" : "Controls compression for the TRAP files written by the extractor.",
3b SAST (CodeQL)	Initialize CodeQL	2026-10-07T14:04:15.0179592Z                 "description" : "This option is only intended for use in debugging the extractor. Accepted values are 'gzip' (to write gzip-compressed TRAP) 'zstd' (the default, to write Zstandard-compressed TRAP) and 'none' (to write uncompressed TRAP).\n",
3b SAST (CodeQL)	Initialize CodeQL	2026-10-07T14:04:15.0181430Z                 "type" : "string",
3b SAST (CodeQL)	Initialize CodeQL	2026-10-07T14:04:15.0181923Z                 "pattern" : "^(none|gzip|zstd)$"
3b SAST (CodeQL)	Initialize CodeQL	2026-10-07T14:04:15.0182452Z               }
3b SAST (CodeQL)	Initialize CodeQL	2026-10-07T14:04:15.0182761Z             }
3b SAST (CodeQL)	Initialize CodeQL	2026-10-07T14:04:15.0183092Z           },
3b SAST (CodeQL)	Initialize CodeQL	2026-10-07T14:04:15.0183453Z           "cargo_target_dir" : {
3b SAST (CodeQL)	Initialize CodeQL	2026-10-07T14:04:15.0184330Z             "title" : "Directory to use for cargo output files.",
3b SAST (CodeQL)	Initialize CodeQL	2026-10-07T14:04:15.0187236Z             "description" : "This value is an optional path to use as `CARGO_TARGET_DIR` for the internal cargo commands the extractor uses. Pointing it to a persistent directory may reduce execution time of consecutive extractor runs. By default, a new scratch directory is used for each extraction, while qltests use the test's `target` directory so artifacts can be reused across runs.\n",
3b SAST (CodeQL)	Initialize CodeQL	2026-10-07T14:04:15.0189792Z             "type" : "string"
3b SAST (CodeQL)	Initialize CodeQL	2026-10-07T14:04:15.0190200Z           },
3b SAST (CodeQL)	Initialize CodeQL	2026-10-07T14:04:15.0190948Z           "cargo_target" : {
3b SAST (CodeQL)	Initialize CodeQL	2026-10-07T14:04:15.0191387Z             "title" : "Target architecture",
3b SAST (CodeQL)	Initialize CodeQL	2026-10-07T14:04:15.0192481Z             "description" : "Target architecture to use for analysis, analogous to `cargo --target`. By default the host architecture is used.\n",
3b SAST (CodeQL)	Initialize CodeQL	2026-10-07T14:04:15.0193803Z             "type" : "string"
3b SAST (CodeQL)	Initialize CodeQL	2026-10-07T14:04:15.0194485Z           },
3b SAST (CodeQL)	Initialize CodeQL	2026-10-07T14:04:15.0194843Z           "cargo_features" : {
3b SAST (CodeQL)	Initialize CodeQL	2026-10-07T14:04:15.0195305Z             "title" : "Cargo features to turn on",
3b SAST (CodeQL)	Initialize CodeQL	2026-10-07T14:04:15.0197267Z             "description" : "Comma-separated list of features to turn on. By default all features are enabled. If any features are specified, then only those features are enabled. The `default` feature must be explicitly specified if only default features are desired. Can be repeated.\n",
3b SAST (CodeQL)	Initialize CodeQL	2026-10-07T14:04:15.0199208Z             "type" : "array"
3b SAST (CodeQL)	Initialize CodeQL	2026-10-07T14:04:15.0199609Z           },
3b SAST (CodeQL)	Initialize CodeQL	2026-10-07T14:04:15.0199970Z           "cargo_cfg_overrides" : {
3b SAST (CodeQL)	Initialize CodeQL	2026-10-07T14:04:15.0200461Z             "title" : "Cargo cfg overrides",
3b SAST (CodeQL)	Initialize CodeQL	2026-10-07T14:04:15.0201490Z             "description" : "Comma-separated list of cfg settings to enable, or disable if prefixed with `-`. Can be repeated.\n",
3b SAST (CodeQL)	Initialize CodeQL	2026-10-07T14:04:15.0202465Z             "type" : "array"
3b SAST (CodeQL)	Initialize CodeQL	2026-10-07T14:04:15.0202862Z           },
3b SAST (CodeQL)	Initialize CodeQL	2026-10-07T14:04:15.0203194Z           "logging" : {
3b SAST (CodeQL)	Initialize CodeQL	2026-10-07T14:04:15.0203645Z             "title" : "Options pertaining to logging.",
3b SAST (CodeQL)	Initialize CodeQL	2026-10-07T14:04:15.0205377Z             "description" : "Options pertaining to logging.",
3b SAST (CodeQL)	Initialize CodeQL	2026-10-07T14:04:15.0206180Z             "type" : "object",
3b SAST (CodeQL)	Initialize CodeQL	2026-10-07T14:04:15.0206634Z             "properties" : {
3b SAST (CodeQL)	Initialize CodeQL	2026-10-07T14:04:15.0207070Z               "verbosity" : {
3b SAST (CodeQL)	Initialize CodeQL	2026-10-07T14:04:15.0208313Z                 "title" : "Extractor logging verbosity level.",
3b SAST (CodeQL)	Initialize CodeQL	2026-10-07T14:04:15.0210212Z                 "description" : "Controls the level of verbosity of the extractor. The supported levels are (in order of increasing verbosity):\n  - off\n  - errors\n  - warnings\n  - info or progress\n  - debug or progress+\n  - trace or progress++\n  - progress+++\n",
3b SAST (CodeQL)	Initialize CodeQL	2026-10-07T14:04:15.0212039Z                 "type" : "string",
3b SAST (CodeQL)	Initialize CodeQL	2026-10-07T14:04:15.0212947Z                 "pattern" : "^(off|errors|warnings|(info|progress)|(debug|progress\\+)|(trace|progress\\+\\+)|progress\\+\\+\\+)$"
3b SAST (CodeQL)	Initialize CodeQL	2026-10-07T14:04:15.0214148Z               },
3b SAST (CodeQL)	Initialize CodeQL	2026-10-07T14:04:15.0214522Z               "flamegraph" : {
3b SAST (CodeQL)	Initialize CodeQL	2026-10-07T14:04:15.0215105Z                 "title" : "[Experimental] File path for write flame graph log",
3b SAST (CodeQL)	Initialize CodeQL	2026-10-07T14:04:15.0216810Z                 "description" : "Collect flame graph data using the `tracing-flame` crate. To render a flame graph or chart, run the `inferno-flamegraph` command. See also: https://crates.io/crates/tracing-flame\n",
3b SAST (CodeQL)	Initialize CodeQL	2026-10-07T14:04:15.0218391Z                 "type" : "string"
3b SAST (CodeQL)	Initialize CodeQL	2026-10-07T14:04:15.0218831Z               }
3b SAST (CodeQL)	Initialize CodeQL	2026-10-07T14:04:15.0219239Z             }
3b SAST (CodeQL)	Initialize CodeQL	2026-10-07T14:04:15.0219569Z           },
3b SAST (CodeQL)	Initialize CodeQL	2026-10-07T14:04:15.0219942Z           "extract_dependencies_as_source" : {
3b SAST (CodeQL)	Initialize CodeQL	2026-10-07T14:04:15.0220570Z             "title" : "Extract dependencies as source code",
3b SAST (CodeQL)	Initialize CodeQL	2026-10-07T14:04:15.0221552Z             "description" : "Extract the full source code of dependencies instead of only extracting signatures.\n",
3b SAST (CodeQL)	Initialize CodeQL	2026-10-07T14:04:15.0222407Z             "type" : "string",
3b SAST (CodeQL)	Initialize CodeQL	2026-10-07T14:04:15.0222786Z             "pattern" : "^(false|true)$"
3b SAST (CodeQL)	Initialize CodeQL	2026-10-07T14:04:15.0223179Z           }
3b SAST (CodeQL)	Initialize CodeQL	2026-10-07T14:04:15.0223450Z         }
3b SAST (CodeQL)	Initialize CodeQL	2026-10-07T14:04:15.0223716Z       }
3b SAST (CodeQL)	Initialize CodeQL	2026-10-07T14:04:15.0224225Z     ],
3b SAST (CodeQL)	Initialize CodeQL	2026-10-07T14:04:15.0224532Z     "csharp" : [
3b SAST (CodeQL)	Initialize CodeQL	2026-10-07T14:04:15.0224883Z       {
3b SAST (CodeQL)	Initialize CodeQL	2026-10-07T14:04:15.0225372Z         "extractor_root" : "/opt/hostedtoolcache/CodeQL/2.27.1/x64/codeql/csharp",
3b SAST (CodeQL)	Initialize CodeQL	2026-10-07T14:04:15.0226024Z         "extractor_options" : {
3b SAST (CodeQL)	Initialize CodeQL	2026-10-07T14:04:15.0226412Z           "trap" : {
3b SAST (CodeQL)	Initialize CodeQL	2026-10-07T14:04:15.0226802Z             "title" : "Options pertaining to TRAP.",
3b SAST (CodeQL)	Initialize CodeQL	2026-10-07T14:04:15.0227353Z             "description" : "Options pertaining to TRAP.",
3b SAST (CodeQL)	Initialize CodeQL	2026-10-07T14:04:15.0228090Z             "type" : "object",
3b SAST (CodeQL)	Initialize CodeQL	2026-10-07T14:04:15.0228502Z             "properties" : {
3b SAST (CodeQL)	Initialize CodeQL	2026-10-07T14:04:15.0228888Z               "compression" : {
3b SAST (CodeQL)	Initialize CodeQL	2026-10-07T14:04:15.0229532Z                 "title" : "Controls compression for the TRAP files written by the extractor.",
3b SAST (CodeQL)	Initialize CodeQL	2026-10-07T14:04:15.0231282Z                 "description" : "This option is only intended for use in debugging the extractor. Accepted values are 'brotli' (the default, to write brotli-compressed TRAP), 'gzip', and 'none' (to write uncompressed TRAP).\n",
3b SAST (CodeQL)	Initialize CodeQL	2026-10-07T14:04:15.0232711Z                 "type" : "string",
3b SAST (CodeQL)	Initialize CodeQL	2026-10-07T14:04:15.0233147Z                 "pattern" : "^(none|gzip|brotli)$"
3b SAST (CodeQL)	Initialize CodeQL	2026-10-07T14:04:15.0233602Z               }
3b SAST (CodeQL)	Initialize CodeQL	2026-10-07T14:04:15.0234107Z             }
3b SAST (CodeQL)	Initialize CodeQL	2026-10-07T14:04:15.0234425Z           },
3b SAST (CodeQL)	Initialize CodeQL	2026-10-07T14:04:15.0234743Z           "buildless" : {
3b SAST (CodeQL)	Initialize CodeQL	2026-10-07T14:04:15.0235335Z             "title" : "DEPRECATED - Whether to use buildless (standalone) extraction.",
3b SAST (CodeQL)	Initialize CodeQL	2026-10-07T14:04:15.0238652Z             "description" : "DEPRECATED: Use `--build-mode none` instead.\nA value indicating, which type of extraction the autobuilder should perform. If 'true', then the standalone extractor will be used, otherwise tracing extraction will be performed. The default is 'false'. Note that buildless extraction will generally yield less accurate analysis results, and should only be used in cases where it is not possible to build the code (for example if it uses inaccessible dependencies).\n",
3b SAST (CodeQL)	Initialize CodeQL	2026-10-07T14:04:15.0241793Z             "type" : "string",
3b SAST (CodeQL)	Initialize CodeQL	2026-10-07T14:04:15.0242217Z             "pattern" : "^(false|true)$"
3b SAST (CodeQL)	Initialize CodeQL	2026-10-07T14:04:15.0242655Z           },
3b SAST (CodeQL)	Initialize CodeQL	2026-10-07T14:04:15.0242972Z           "logging" : {
3b SAST (CodeQL)	Initialize CodeQL	2026-10-07T14:04:15.0243396Z             "title" : "Options pertaining to logging.",
3b SAST (CodeQL)	Initialize CodeQL	2026-10-07T14:04:15.0244171Z             "description" : "Options pertaining to logging.",
3b SAST (CodeQL)	Initialize CodeQL	2026-10-07T14:04:15.0244738Z             "type" : "object",
3b SAST (CodeQL)	Initialize CodeQL	2026-10-07T14:04:15.0245172Z             "properties" : {
3b SAST (CodeQL)	Initialize CodeQL	2026-10-07T14:04:15.0245616Z               "verbosity" : {
3b SAST (CodeQL)	Initialize CodeQL	2026-10-07T14:04:15.0246097Z                 "title" : "Extractor logging verbosity level.",
3b SAST (CodeQL)	Initialize CodeQL	2026-10-07T14:04:15.0247901Z                 "description" : "Controls the level of verbosity of the extractor. The supported levels are (in order of increasing verbosity):\n  - off\n  - errors\n  - warnings\n  - info or progress\n  - debug or progress+\n  - trace or progress++\n  - progress+++\n",
3b SAST (CodeQL)	Initialize CodeQL	2026-10-07T14:04:15.0249699Z                 "type" : "string",
3b SAST (CodeQL)	Initialize CodeQL	2026-10-07T14:04:15.0250548Z                 "pattern" : "^(off|errors|warnings|(info|progress)|(debug|progress\\+)|(trace|progress\\+\\+)|progress\\+\\+\\+)$"
3b SAST (CodeQL)	Initialize CodeQL	2026-10-07T14:04:15.0251457Z               }
3b SAST (CodeQL)	Initialize CodeQL	2026-10-07T14:04:15.0251791Z             }
3b SAST (CodeQL)	Initialize CodeQL	2026-10-07T14:04:15.0252119Z           },
3b SAST (CodeQL)	Initialize CodeQL	2026-10-07T14:04:15.0252450Z           "binlog" : {
3b SAST (CodeQL)	Initialize CodeQL	2026-10-07T14:04:15.0252848Z             "title" : "Binlog",
3b SAST (CodeQL)	Initialize CodeQL	2026-10-07T14:04:15.0254380Z             "description" : "[EXPERIMENTAL] The value is a path to the MsBuild binary log file that should be extracted. This option only works when `--build-mode none` is also specified.\n",
3b SAST (CodeQL)	Initialize CodeQL	2026-10-07T14:04:15.0255790Z             "type" : "array"
3b SAST (CodeQL)	Initialize CodeQL	2026-10-07T14:04:15.0256195Z           },
3b SAST (CodeQL)	Initialize CodeQL	2026-10-07T14:04:15.0256574Z           "buildless_dependency_dir" : {
3b SAST (CodeQL)	Initialize CodeQL	2026-10-07T14:04:15.0257344Z             "title" : "The path where buildless (standalone) extraction should keep dependencies.",
3b SAST (CodeQL)	Initialize CodeQL	2026-10-07T14:04:15.0258555Z             "description" : "If set, the buildless (standalone) extractor will store dependencies in this directory.\n",
3b SAST (CodeQL)	Initialize CodeQL	2026-10-07T14:04:15.0259504Z             "type" : "string"
3b SAST (CodeQL)	Initialize CodeQL	2026-10-07T14:04:15.0259907Z           }
3b SAST (CodeQL)	Initialize CodeQL	2026-10-07T14:04:15.0260217Z         }
3b SAST (CodeQL)	Initialize CodeQL	2026-10-07T14:04:15.0260516Z       }
3b SAST (CodeQL)	Initialize CodeQL	2026-10-07T14:04:15.0260809Z     ],
3b SAST (CodeQL)	Initialize CodeQL	2026-10-07T14:04:15.0261113Z     "python" : [
3b SAST (CodeQL)	Initialize CodeQL	2026-10-07T14:04:15.0261456Z       {
3b SAST (CodeQL)	Initialize CodeQL	2026-10-07T14:04:15.0261998Z         "extractor_root" : "/opt/hostedtoolcache/CodeQL/2.27.1/x64/codeql/python",
3b SAST (CodeQL)	Initialize CodeQL	2026-10-07T14:04:15.0262699Z         "extractor_options" : {
3b SAST (CodeQL)	Initialize CodeQL	2026-10-07T14:04:15.0263376Z           "logging" : {
3b SAST (CodeQL)	Initialize CodeQL	2026-10-07T14:04:15.0263820Z             "title" : "Options pertaining to logging.",
3b SAST (CodeQL)	Initialize CodeQL	2026-10-07T14:04:15.0264976Z             "description" : "Options pertaining to logging.",
3b SAST (CodeQL)	Initialize CodeQL	2026-10-07T14:04:15.0265746Z             "type" : "object",
3b SAST (CodeQL)	Initialize CodeQL	2026-10-07T14:04:15.0266172Z             "properties" : {
3b SAST (CodeQL)	Initialize CodeQL	2026-10-07T14:04:15.0266629Z               "verbosity" : {
3b SAST (CodeQL)	Initialize CodeQL	2026-10-07T14:04:15.0267161Z                 "title" : "Python extractor logging verbosity level.",
3b SAST (CodeQL)	Initialize CodeQL	2026-10-07T14:04:15.0269148Z                 "description" : "Controls the level of verbosity of the CodeQL Python extractor.\nThe supported levels are (in order of increasing verbosity):\n\n  - off\n  - errors\n  - warnings\n  - info or progress\n  - debug or progress+\n  - trace or progress++\n  - progress+++\n",
3b SAST (CodeQL)	Initialize CodeQL	2026-10-07T14:04:15.0271054Z                 "type" : "string",
3b SAST (CodeQL)	Initialize CodeQL	2026-10-07T14:04:15.0271966Z                 "pattern" : "^(off|errors|warnings|(info|progress)|(debug|progress\\+)|(trace|progress\\+\\+)|progress\\+\\+\\+)$"
3b SAST (CodeQL)	Initialize CodeQL	2026-10-07T14:04:15.0272918Z               }
3b SAST (CodeQL)	Initialize CodeQL	2026-10-07T14:04:15.0273264Z             }
3b SAST (CodeQL)	Initialize CodeQL	2026-10-07T14:04:15.0273596Z           },
3b SAST (CodeQL)	Initialize CodeQL	2026-10-07T14:04:15.0274227Z           "python_executable_name" : {
3b SAST (CodeQL)	Initialize CodeQL	2026-10-07T14:04:15.0274959Z             "title" : "Controls the name of the Python executable used by the Python extractor.",
3b SAST (CodeQL)	Initialize CodeQL	2026-10-07T14:04:15.0277609Z             "description" : "The Python extractor uses platform-dependent heuristics to determine the name of the Python executable to use. Specifying a value for this option overrides the name of the Python executable used by the extractor. Accepted values are py, python and python3. Use this setting with caution, the Python extractor requires Python 3 to run.\n",
3b SAST (CodeQL)	Initialize CodeQL	2026-10-07T14:04:15.0279991Z             "type" : "string",
3b SAST (CodeQL)	Initialize CodeQL	2026-10-07T14:04:15.0280441Z             "pattern" : "^(py|python|python3)$"
3b SAST (CodeQL)	Initialize CodeQL	2026-10-07T14:04:15.0280898Z           }
3b SAST (CodeQL)	Initialize CodeQL	2026-10-07T14:04:15.0281194Z         }
3b SAST (CodeQL)	Initialize CodeQL	2026-10-07T14:04:15.0281491Z       }
3b SAST (CodeQL)	Initialize CodeQL	2026-10-07T14:04:15.0281785Z     ],
3b SAST (CodeQL)	Initialize CodeQL	2026-10-07T14:04:15.0282083Z     "cpp" : [
3b SAST (CodeQL)	Initialize CodeQL	2026-10-07T14:04:15.0282391Z       {
3b SAST (CodeQL)	Initialize CodeQL	2026-10-07T14:04:15.0282878Z         "extractor_root" : "/opt/hostedtoolcache/CodeQL/2.27.1/x64/codeql/cpp",
3b SAST (CodeQL)	Initialize CodeQL	2026-10-07T14:04:15.0283538Z         "extractor_options" : {
3b SAST (CodeQL)	Initialize CodeQL	2026-10-07T14:04:15.0284116Z           "trap" : {
3b SAST (CodeQL)	Initialize CodeQL	2026-10-07T14:04:15.0284491Z             "title" : "TRAP options",
3b SAST (CodeQL)	Initialize CodeQL	2026-10-07T14:04:15.0285121Z             "description" : "Options about how the extractor handles TRAP files",
3b SAST (CodeQL)	Initialize CodeQL	2026-10-07T14:04:15.0285779Z             "type" : "object",
3b SAST (CodeQL)	Initialize CodeQL	2026-10-07T14:04:15.0286179Z             "visibility" : 3,
3b SAST (CodeQL)	Initialize CodeQL	2026-10-07T14:04:15.0286564Z             "properties" : {
3b SAST (CodeQL)	Initialize CodeQL	2026-10-07T14:04:15.0286922Z               "cache" : {
3b SAST (CodeQL)	Initialize CodeQL	2026-10-07T14:04:15.0287319Z                 "title" : "TRAP cache options",
3b SAST (CodeQL)	Initialize CodeQL	2026-10-07T14:04:15.0288011Z                 "description" : "Options about how the extractor handles its TRAP cache",
3b SAST (CodeQL)	Initialize CodeQL	2026-10-07T14:04:15.0288706Z                 "type" : "object",
3b SAST (CodeQL)	Initialize CodeQL	2026-10-07T14:04:15.0289139Z                 "properties" : {
3b SAST (CodeQL)	Initialize CodeQL	2026-10-07T14:04:15.0289542Z                   "dir" : {
3b SAST (CodeQL)	Initialize CodeQL	2026-10-07T14:04:15.0289974Z                     "title" : "TRAP cache directory",
3b SAST (CodeQL)	Initialize CodeQL	2026-10-07T14:04:15.0290596Z                     "description" : "The directory of the TRAP cache to use",
3b SAST (CodeQL)	Initialize CodeQL	2026-10-07T14:04:15.0291203Z                     "type" : "string"
3b SAST (CodeQL)	Initialize CodeQL	2026-10-07T14:04:15.0291617Z                   },
3b SAST (CodeQL)	Initialize CodeQL	2026-10-07T14:04:15.0291962Z                   "bound" : {
3b SAST (CodeQL)	Initialize CodeQL	2026-10-07T14:04:15.0292381Z                     "title" : "TRAP cache bound",
3b SAST (CodeQL)	Initialize CodeQL	2026-10-07T14:04:15.0293045Z                     "description" : "A soft limit (in MB) on the size of the TRAP cache",
3b SAST (CodeQL)	Initialize CodeQL	2026-10-07T14:04:15.0293713Z                     "type" : "string",
3b SAST (CodeQL)	Initialize CodeQL	2026-10-07T14:04:15.0294331Z                     "pattern" : "[0-9]+"
3b SAST (CodeQL)	Initialize CodeQL	2026-10-07T14:04:15.0294757Z                   },
3b SAST (CodeQL)	Initialize CodeQL	2026-10-07T14:04:15.0295104Z                   "write" : {
3b SAST (CodeQL)	Initialize CodeQL	2026-10-07T14:04:15.0295536Z                     "title" : "TRAP cache writeable",
3b SAST (CodeQL)	Initialize CodeQL	2026-10-07T14:04:15.0296249Z                     "description" : "Whether to write to the TRAP cache as well as reading it",
3b SAST (CodeQL)	Initialize CodeQL	2026-10-07T14:04:15.0297228Z                     "type" : "string",
3b SAST (CodeQL)	Initialize CodeQL	2026-10-07T14:04:15.0297708Z                     "pattern" : "(true|TRUE|false|FALSE)"
3b SAST (CodeQL)	Initialize CodeQL	2026-10-07T14:04:15.0298334Z                   }
3b SAST (CodeQL)	Initialize CodeQL	2026-10-07T14:04:15.0298662Z                 }
3b SAST (CodeQL)	Initialize CodeQL	2026-10-07T14:04:15.0298978Z               }
3b SAST (CodeQL)	Initialize CodeQL	2026-10-07T14:04:15.0299295Z             }
3b SAST (CodeQL)	Initialize CodeQL	2026-10-07T14:04:15.0299604Z           },
3b SAST (CodeQL)	Initialize CodeQL	2026-10-07T14:04:15.0299936Z           "scale_timeouts" : {
3b SAST (CodeQL)	Initialize CodeQL	2026-10-07T14:04:15.0300495Z             "title" : "Value to scale compiler introspection timeouts with",
3b SAST (CodeQL)	Initialize CodeQL	2026-10-07T14:04:15.0303112Z             "description" : "The extractor attempts to determine what compiler the source code being extracted is compiled with. To this end the extractor makes additional calls to the compiler, some of which are expected to return within a certain fixed time (either 10s or 15s). On some systems that are under high load this time might be too short, and can be scaled up using this option.\n",
3b SAST (CodeQL)	Initialize CodeQL	2026-10-07T14:04:15.0305743Z             "type" : "string",
3b SAST (CodeQL)	Initialize CodeQL	2026-10-07T14:04:15.0306143Z             "pattern" : "[0-9]+"
3b SAST (CodeQL)	Initialize CodeQL	2026-10-07T14:04:15.0306553Z           },
3b SAST (CodeQL)	Initialize CodeQL	2026-10-07T14:04:15.0306889Z           "log_verbosity" : {
3b SAST (CodeQL)	Initialize CodeQL	2026-10-07T14:04:15.0307349Z             "title" : "Verbosity of the extractor logging",
3b SAST (CodeQL)	Initialize CodeQL	2026-10-07T14:04:15.0308436Z             "description" : "Set the verbosity of the extractor logging to 'quiet' (0), 'normal' (1), 'chatty' (2), or 'noisy' (3). The default is 'normal'.\n",
3b SAST (CodeQL)	Initialize CodeQL	2026-10-07T14:04:15.0309471Z             "type" : "string",
3b SAST (CodeQL)	Initialize CodeQL	2026-10-07T14:04:15.0309873Z             "pattern" : "[0-3]"
3b SAST (CodeQL)	Initialize CodeQL	2026-10-07T14:04:15.0310254Z           },
3b SAST (CodeQL)	Initialize CodeQL	2026-10-07T14:04:15.0310589Z           "frontend_options" : {
3b SAST (CodeQL)	Initialize CodeQL	2026-10-07T14:04:15.0311068Z             "title" : "C/C++ extractor frontend options",
3b SAST (CodeQL)	Initialize CodeQL	2026-10-07T14:04:15.0311949Z             "description" : "Set additional options that should be passed to the C/C++ extractor frontend.\n",
3b SAST (CodeQL)	Initialize CodeQL	2026-10-07T14:04:15.0312818Z             "type" : "array",
3b SAST (CodeQL)	Initialize CodeQL	2026-10-07T14:04:15.0313252Z             "visibility" : 3
3b SAST (CodeQL)	Initialize CodeQL	2026-10-07T14:04:15.0313640Z           }
3b SAST (CodeQL)	Initialize CodeQL	2026-10-07T14:04:15.0314176Z         }
3b SAST (CodeQL)	Initialize CodeQL	2026-10-07T14:04:15.0314478Z       }
3b SAST (CodeQL)	Initialize CodeQL	2026-10-07T14:04:15.0314773Z     ],
3b SAST (CodeQL)	Initialize CodeQL	2026-10-07T14:04:15.0315070Z     "java" : [
3b SAST (CodeQL)	Initialize CodeQL	2026-10-07T14:04:15.0315403Z       {
3b SAST (CodeQL)	Initialize CodeQL	2026-10-07T14:04:15.0315909Z         "extractor_root" : "/opt/hostedtoolcache/CodeQL/2.27.1/x64/codeql/java",
3b SAST (CodeQL)	Initialize CodeQL	2026-10-07T14:04:15.0316581Z         "extractor_options" : {
3b SAST (CodeQL)	Initialize CodeQL	2026-10-07T14:04:15.0317049Z           "exclude" : {
3b SAST (CodeQL)	Initialize CodeQL	2026-10-07T14:04:15.0317494Z             "title" : "A glob excluding files from analysis.",
3b SAST (CodeQL)	Initialize CodeQL	2026-10-07T14:04:15.0318828Z             "description" : "A glob indicating what files to exclude from the analysis. This accepts glob patterns that are supported by Java's 'getPathMatcher' implementation.\n",
3b SAST (CodeQL)	Initialize CodeQL	2026-10-07T14:04:15.0320098Z             "type" : "string"
3b SAST (CodeQL)	Initialize CodeQL	2026-10-07T14:04:15.0320460Z           },
3b SAST (CodeQL)	Initialize CodeQL	2026-10-07T14:04:15.0320775Z           "add_prefer_source" : {
3b SAST (CodeQL)	Initialize CodeQL	2026-10-07T14:04:15.0321337Z             "title" : "Whether to always prefer source files over class files.",
3b SAST (CodeQL)	Initialize CodeQL	2026-10-07T14:04:15.0323358Z             "description" : "A value indicating whether source files should be preferred over class files. If set to 'true', the extraction adds '-Xprefer:source' to the javac command line. If set to 'false', the extraction uses the default javac behavior ('-Xprefer:newer'). The default is 'true'.\n",
3b SAST (CodeQL)	Initialize CodeQL	2026-10-07T14:04:15.0324936Z             "type" : "string",
3b SAST (CodeQL)	Initialize CodeQL	2026-10-07T14:04:15.0325194Z             "pattern" : "^(false|true)$"
3b SAST (CodeQL)	Initialize CodeQL	2026-10-07T14:04:15.0325447Z           },
3b SAST (CodeQL)	Initialize CodeQL	2026-10-07T14:04:15.0325639Z           "buildless" : {
3b SAST (CodeQL)	Initialize CodeQL	2026-10-07T14:04:15.0326236Z             "title" : "Whether to use buildless (standalone) extraction (experimental).",
3b SAST (CodeQL)	Initialize CodeQL	2026-10-07T14:04:15.0328373Z             "description" : "A value indicating, which type of extraction the autobuilder should perform. If 'true', then the standalone extractor will be used, otherwise tracing extraction will be performed. The default is 'false'. Note that buildless extraction will generally yield less accurate analysis results, and should only be used in cases where it is not possible to build the code (for example if it uses inaccessible dependencies).\n",
3b SAST (CodeQL)	Initialize CodeQL	2026-10-07T14:04:15.0331065Z             "type" : "string",
3b SAST (CodeQL)	Initialize CodeQL	2026-10-07T14:04:15.0331502Z             "pattern" : "^(false|true)$"
3b SAST (CodeQL)	Initialize CodeQL	2026-10-07T14:04:15.0331950Z           },
3b SAST (CodeQL)	Initialize CodeQL	2026-10-07T14:04:15.0332296Z           "buildless_dependency_dir" : {
3b SAST (CodeQL)	Initialize CodeQL	2026-10-07T14:04:15.0333136Z             "title" : "The path where buildless (standalone) extraction should keep dependencies.",
3b SAST (CodeQL)	Initialize CodeQL	2026-10-07T14:04:15.0334554Z             "description" : "If set, the buildless (standalone) extractor will store dependencies in this directory.\n",
3b SAST (CodeQL)	Initialize CodeQL	2026-10-07T14:04:15.0335418Z             "type" : "string"
3b SAST (CodeQL)	Initialize CodeQL	2026-10-07T14:04:15.0335795Z           },
3b SAST (CodeQL)	Initialize CodeQL	2026-10-07T14:04:15.0336142Z           "minimize_dependency_jars" : {
3b SAST (CodeQL)	Initialize CodeQL	2026-10-07T14:04:15.0336897Z             "title" : "Whether to rewrite and minimize downloaded JAR dependencies (experimental).",
3b SAST (CodeQL)	Initialize CodeQL	2026-10-07T14:04:15.0338457Z             "description" : "If 'true', JAR dependencies downloaded during extraction will be rewritten to remove unneeded data, such as method bodies. The default is 'false'.\n",
3b SAST (CodeQL)	Initialize CodeQL	2026-10-07T14:04:15.0339699Z             "type" : "string",
3b SAST (CodeQL)	Initialize CodeQL	2026-10-07T14:04:15.0340138Z             "pattern" : "^(false|true)$"
3b SAST (CodeQL)	Initialize CodeQL	2026-10-07T14:04:15.0340581Z           }
3b SAST (CodeQL)	Initialize CodeQL	2026-10-07T14:04:15.0340885Z         }
3b SAST (CodeQL)	Initialize CodeQL	2026-10-07T14:04:15.0341281Z       }
3b SAST (CodeQL)	Initialize CodeQL	2026-10-07T14:04:15.0341483Z     ],
3b SAST (CodeQL)	Initialize CodeQL	2026-10-07T14:04:15.0341660Z     "go" : [
3b SAST (CodeQL)	Initialize CodeQL	2026-10-07T14:04:15.0341838Z       {
3b SAST (CodeQL)	Initialize CodeQL	2026-10-07T14:04:15.0342132Z         "extractor_root" : "/opt/hostedtoolcache/CodeQL/2.27.1/x64/codeql/go",
3b SAST (CodeQL)	Initialize CodeQL	2026-10-07T14:04:15.0342507Z         "extractor_options" : {
3b SAST (CodeQL)	Initialize CodeQL	2026-10-07T14:04:15.0342768Z           "extract_tests" : {
3b SAST (CodeQL)	Initialize CodeQL	2026-10-07T14:04:15.0343357Z             "title" : "Whether to include Go test files in the CodeQL database.",
3b SAST (CodeQL)	Initialize CodeQL	2026-10-07T14:04:15.0344619Z             "description" : "A value indicating whether Go test files should be included in the CodeQL database. The default is 'false'.\n",
3b SAST (CodeQL)	Initialize CodeQL	2026-10-07T14:04:15.0345579Z             "type" : "string",
3b SAST (CodeQL)	Initialize CodeQL	2026-10-07T14:04:15.0345997Z             "pattern" : "^(false|true)$"
3b SAST (CodeQL)	Initialize CodeQL	2026-10-07T14:04:15.0346473Z           },
3b SAST (CodeQL)	Initialize CodeQL	2026-10-07T14:04:15.0346836Z           "extract_vendor_dirs" : {
3b SAST (CodeQL)	Initialize CodeQL	2026-10-07T14:04:15.0347505Z             "title" : "Whether to include Go vendor directories in the CodeQL database.",
3b SAST (CodeQL)	Initialize CodeQL	2026-10-07T14:04:15.0348750Z             "description" : "A value indicating whether Go vendor directories should be included in the CodeQL database. The default is 'false'.\n",
3b SAST (CodeQL)	Initialize CodeQL	2026-10-07T14:04:15.0349749Z             "type" : "string",
3b SAST (CodeQL)	Initialize CodeQL	2026-10-07T14:04:15.0350175Z             "pattern" : "^(false|true)$"
3b SAST (CodeQL)	Initialize CodeQL	2026-10-07T14:04:15.0350611Z           }
3b SAST (CodeQL)	Initialize CodeQL	2026-10-07T14:04:15.0350922Z         }
3b SAST (CodeQL)	Initialize CodeQL	2026-10-07T14:04:15.0351207Z       }
3b SAST (CodeQL)	Initialize CodeQL	2026-10-07T14:04:15.0351485Z     ],
3b SAST (CodeQL)	Initialize CodeQL	2026-10-07T14:04:15.0351795Z     "actions" : [
3b SAST (CodeQL)	Initialize CodeQL	2026-10-07T14:04:15.0352138Z       {
3b SAST (CodeQL)	Initialize CodeQL	2026-10-07T14:04:15.0352655Z         "extractor_root" : "/opt/hostedtoolcache/CodeQL/2.27.1/x64/codeql/actions",
3b SAST (CodeQL)	Initialize CodeQL	2026-10-07T14:04:15.0353313Z         "extractor_options" : {
3b SAST (CodeQL)	Initialize CodeQL	2026-10-07T14:04:15.0353683Z           "trap" : {
3b SAST (CodeQL)	Initialize CodeQL	2026-10-07T14:04:15.0354353Z             "title" : "TRAP options",
3b SAST (CodeQL)	Initialize CodeQL	2026-10-07T14:04:15.0355000Z             "description" : "Options about how the extractor handles TRAP files",
3b SAST (CodeQL)	Initialize CodeQL	2026-10-07T14:04:15.0355666Z             "type" : "object",
3b SAST (CodeQL)	Initialize CodeQL	2026-10-07T14:04:15.0356091Z             "visibility" : 3,
3b SAST (CodeQL)	Initialize CodeQL	2026-10-07T14:04:15.0356516Z             "properties" : {
3b SAST (CodeQL)	Initialize CodeQL	2026-10-07T14:04:15.0356920Z               "cache" : {
3b SAST (CodeQL)	Initialize CodeQL	2026-10-07T14:04:15.0357313Z                 "title" : "TRAP cache options",
3b SAST (CodeQL)	Initialize CodeQL	2026-10-07T14:04:15.0358039Z                 "description" : "Options about how the extractor handles its TRAP cache",
3b SAST (CodeQL)	Initialize CodeQL	2026-10-07T14:04:15.0358754Z                 "type" : "object",
3b SAST (CodeQL)	Initialize CodeQL	2026-10-07T14:04:15.0359204Z                 "properties" : {
3b SAST (CodeQL)	Initialize CodeQL	2026-10-07T14:04:15.0359655Z                   "dir" : {
3b SAST (CodeQL)	Initialize CodeQL	2026-10-07T14:04:15.0360125Z                     "title" : "TRAP cache directory",
3b SAST (CodeQL)	Initialize CodeQL	2026-10-07T14:04:15.0361083Z                     "description" : "The directory of the TRAP cache to use",
3b SAST (CodeQL)	Initialize CodeQL	2026-10-07T14:04:15.0361695Z                     "type" : "string"
3b SAST (CodeQL)	Initialize CodeQL	2026-10-07T14:04:15.0362342Z                   },
3b SAST (CodeQL)	Initialize CodeQL	2026-10-07T14:04:15.0362726Z                   "bound" : {
3b SAST (CodeQL)	Initialize CodeQL	2026-10-07T14:04:15.0363168Z                     "title" : "TRAP cache bound",
3b SAST (CodeQL)	Initialize CodeQL	2026-10-07T14:04:15.0363821Z                     "description" : "A soft limit (in MB) on the size of the TRAP cache",
3b SAST (CodeQL)	Initialize CodeQL	2026-10-07T14:04:15.0364745Z                     "type" : "string",
3b SAST (CodeQL)	Initialize CodeQL	2026-10-07T14:04:15.0365218Z                     "pattern" : "[0-9]+"
3b SAST (CodeQL)	Initialize CodeQL	2026-10-07T14:04:15.0365652Z                   },
3b SAST (CodeQL)	Initialize CodeQL	2026-10-07T14:04:15.0366031Z                   "write" : {
3b SAST (CodeQL)	Initialize CodeQL	2026-10-07T14:04:15.0366544Z                     "title" : "TRAP cache writeable",
3b SAST (CodeQL)	Initialize CodeQL	2026-10-07T14:04:15.0367306Z                     "description" : "Whether to write to the TRAP cache as well as reading it",
3b SAST (CodeQL)	Initialize CodeQL	2026-10-07T14:04:15.0368128Z                     "type" : "string",
3b SAST (CodeQL)	Initialize CodeQL	2026-10-07T14:04:15.0368692Z                     "pattern" : "(true|TRUE|false|FALSE)"
3b SAST (CodeQL)	Initialize CodeQL	2026-10-07T14:04:15.0369234Z                   }
3b SAST (CodeQL)	Initialize CodeQL	2026-10-07T14:04:15.0369654Z                 }
3b SAST (CodeQL)	Initialize CodeQL	2026-10-07T14:04:15.0370015Z               }
3b SAST (CodeQL)	Initialize CodeQL	2026-10-07T14:04:15.0370407Z             }
3b SAST (CodeQL)	Initialize CodeQL	2026-10-07T14:04:15.0370754Z           }
3b SAST (CodeQL)	Initialize CodeQL	2026-10-07T14:04:15.0371087Z         }
3b SAST (CodeQL)	Initialize CodeQL	2026-10-07T14:04:15.0371409Z       }
3b SAST (CodeQL)	Initialize CodeQL	2026-10-07T14:04:15.0371736Z     ],
3b SAST (CodeQL)	Initialize CodeQL	2026-10-07T14:04:15.0372082Z     "javascript" : [
3b SAST (CodeQL)	Initialize CodeQL	2026-10-07T14:04:15.0372460Z       {
3b SAST (CodeQL)	Initialize CodeQL	2026-10-07T14:04:15.0373058Z         "extractor_root" : "/opt/hostedtoolcache/CodeQL/2.27.1/x64/codeql/javascript",
3b SAST (CodeQL)	Initialize CodeQL	2026-10-07T14:04:15.0373873Z         "extractor_options" : {
3b SAST (CodeQL)	Initialize CodeQL	2026-10-07T14:04:15.0374556Z           "trap" : {
3b SAST (CodeQL)	Initialize CodeQL	2026-10-07T14:04:15.0374958Z             "title" : "TRAP options",
3b SAST (CodeQL)	Initialize CodeQL	2026-10-07T14:04:15.0375645Z             "description" : "Options about how the extractor handles TRAP files",
3b SAST (CodeQL)	Initialize CodeQL	2026-10-07T14:04:15.0376368Z             "type" : "object",
3b SAST (CodeQL)	Initialize CodeQL	2026-10-07T14:04:15.0376829Z             "visibility" : 3,
3b SAST (CodeQL)	Initialize CodeQL	2026-10-07T14:04:15.0377290Z             "properties" : {
3b SAST (CodeQL)	Initialize CodeQL	2026-10-07T14:04:15.0377726Z               "cache" : {
3b SAST (CodeQL)	Initialize CodeQL	2026-10-07T14:04:15.0378160Z                 "title" : "TRAP cache options",
3b SAST (CodeQL)	Initialize CodeQL	2026-10-07T14:04:15.0378934Z                 "description" : "Options about how the extractor handles its TRAP cache",
3b SAST (CodeQL)	Initialize CodeQL	2026-10-07T14:04:15.0379647Z                 "type" : "object",
3b SAST (CodeQL)	Initialize CodeQL	2026-10-07T14:04:15.0380080Z                 "properties" : {
3b SAST (CodeQL)	Initialize CodeQL	2026-10-07T14:04:15.0380493Z                   "dir" : {
3b SAST (CodeQL)	Initialize CodeQL	2026-10-07T14:04:15.0380927Z                     "title" : "TRAP cache directory",
3b SAST (CodeQL)	Initialize CodeQL	2026-10-07T14:04:15.0381557Z                     "description" : "The directory of the TRAP cache to use",
3b SAST (CodeQL)	Initialize CodeQL	2026-10-07T14:04:15.0382165Z                     "type" : "string"
3b SAST (CodeQL)	Initialize CodeQL	2026-10-07T14:04:15.0382579Z                   },
3b SAST (CodeQL)	Initialize CodeQL	2026-10-07T14:04:15.0382926Z                   "bound" : {
3b SAST (CodeQL)	Initialize CodeQL	2026-10-07T14:04:15.0383351Z                     "title" : "TRAP cache bound",
3b SAST (CodeQL)	Initialize CodeQL	2026-10-07T14:04:15.0384325Z                     "description" : "A soft limit (in MB) on the size of the TRAP cache",
3b SAST (CodeQL)	Initialize CodeQL	2026-10-07T14:04:15.0385033Z                     "type" : "string",
3b SAST (CodeQL)	Initialize CodeQL	2026-10-07T14:04:15.0385487Z                     "pattern" : "[0-9]+"
3b SAST (CodeQL)	Initialize CodeQL	2026-10-07T14:04:15.0385938Z                   },
3b SAST (CodeQL)	Initialize CodeQL	2026-10-07T14:04:15.0386305Z                   "write" : {
3b SAST (CodeQL)	Initialize CodeQL	2026-10-07T14:04:15.0386742Z                     "title" : "TRAP cache writeable",
3b SAST (CodeQL)	Initialize CodeQL	2026-10-07T14:04:15.0387452Z                     "description" : "Whether to write to the TRAP cache as well as reading it",
3b SAST (CodeQL)	Initialize CodeQL	2026-10-07T14:04:15.0388123Z                     "type" : "string",
3b SAST (CodeQL)	Initialize CodeQL	2026-10-07T14:04:15.0388602Z                     "pattern" : "(true|TRUE|false|FALSE)"
3b SAST (CodeQL)	Initialize CodeQL	2026-10-07T14:04:15.0389070Z                   }
3b SAST (CodeQL)	Initialize CodeQL	2026-10-07T14:04:15.0389392Z                 }
3b SAST (CodeQL)	Initialize CodeQL	2026-10-07T14:04:15.0389707Z               }
3b SAST (CodeQL)	Initialize CodeQL	2026-10-07T14:04:15.0390015Z             }
3b SAST (CodeQL)	Initialize CodeQL	2026-10-07T14:04:15.0390320Z           },
3b SAST (CodeQL)	Initialize CodeQL	2026-10-07T14:04:15.0390641Z           "skip_types" : {
3b SAST (CodeQL)	Initialize CodeQL	2026-10-07T14:04:15.0391096Z             "title" : "Skip type extraction for TypeScript",
3b SAST (CodeQL)	Initialize CodeQL	2026-10-07T14:04:15.0392073Z             "description" : "Whether to skip the extraction of types in a TypeScript application",
3b SAST (CodeQL)	Initialize CodeQL	2026-10-07T14:04:15.0392808Z             "type" : "string",
3b SAST (CodeQL)	Initialize CodeQL	2026-10-07T14:04:15.0393366Z             "pattern" : "^(false|true)$"
3b SAST (CodeQL)	Initialize CodeQL	2026-10-07T14:04:15.0394088Z           }
3b SAST (CodeQL)	Initialize CodeQL	2026-10-07T14:04:15.0394520Z         }
3b SAST (CodeQL)	Initialize CodeQL	2026-10-07T14:04:15.0394824Z       }
3b SAST (CodeQL)	Initialize CodeQL	2026-10-07T14:04:15.0395004Z     ],
3b SAST (CodeQL)	Initialize CodeQL	2026-10-07T14:04:15.0395180Z     "ruby" : [
3b SAST (CodeQL)	Initialize CodeQL	2026-10-07T14:04:15.0395370Z       {
3b SAST (CodeQL)	Initialize CodeQL	2026-10-07T14:04:15.0395659Z         "extractor_root" : "/opt/hostedtoolcache/CodeQL/2.27.1/x64/codeql/ruby",
3b SAST (CodeQL)	Initialize CodeQL	2026-10-07T14:04:15.0396048Z         "extractor_options" : {
3b SAST (CodeQL)	Initialize CodeQL	2026-10-07T14:04:15.0396288Z           "trap" : {
3b SAST (CodeQL)	Initialize CodeQL	2026-10-07T14:04:15.0396525Z             "title" : "Options pertaining to TRAP.",
3b SAST (CodeQL)	Initialize CodeQL	2026-10-07T14:04:15.0396858Z             "description" : "Options pertaining to TRAP.",
3b SAST (CodeQL)	Initialize CodeQL	2026-10-07T14:04:15.0397160Z             "type" : "object",
3b SAST (CodeQL)	Initialize CodeQL	2026-10-07T14:04:15.0397392Z             "properties" : {
3b SAST (CodeQL)	Initialize CodeQL	2026-10-07T14:04:15.0397631Z               "compression" : {
3b SAST (CodeQL)	Initialize CodeQL	2026-10-07T14:04:15.0398004Z                 "title" : "Controls compression for the TRAP files written by the extractor.",
3b SAST (CodeQL)	Initialize CodeQL	2026-10-07T14:04:15.0399102Z                 "description" : "This option is only intended for use in debugging the extractor. Accepted values are 'gzip' (the default, to write gzip-compressed TRAP) 'zstd' (to write Zstandard-compressed TRAP) and 'none' (to write uncompressed TRAP).\n",
3b SAST (CodeQL)	Initialize CodeQL	2026-10-07T14:04:15.0400064Z                 "type" : "string",
3b SAST (CodeQL)	Initialize CodeQL	2026-10-07T14:04:15.0400331Z                 "pattern" : "^(none|gzip|zstd)$"
3b SAST (CodeQL)	Initialize CodeQL	2026-10-07T14:04:15.0400600Z               }
3b SAST (CodeQL)	Initialize CodeQL	2026-10-07T14:04:15.0400788Z             }
3b SAST (CodeQL)	Initialize CodeQL	2026-10-07T14:04:15.0400970Z           }
3b SAST (CodeQL)	Initialize CodeQL	2026-10-07T14:04:15.0401145Z         }
3b SAST (CodeQL)	Initialize CodeQL	2026-10-07T14:04:15.0401319Z       }
3b SAST (CodeQL)	Initialize CodeQL	2026-10-07T14:04:15.0401488Z     ],
3b SAST (CodeQL)	Initialize CodeQL	2026-10-07T14:04:15.0401801Z     "swift" : [
3b SAST (CodeQL)	Initialize CodeQL	2026-10-07T14:04:15.0402128Z       {
3b SAST (CodeQL)	Initialize CodeQL	2026-10-07T14:04:15.0402633Z         "extractor_root" : "/opt/hostedtoolcache/CodeQL/2.27.1/x64/codeql/swift"
3b SAST (CodeQL)	Initialize CodeQL	2026-10-07T14:04:15.0403304Z       }
3b SAST (CodeQL)	Initialize CodeQL	2026-10-07T14:04:15.0403615Z     ]
3b SAST (CodeQL)	Initialize CodeQL	2026-10-07T14:04:15.0404147Z   }
3b SAST (CodeQL)	Initialize CodeQL	2026-10-07T14:04:15.0404466Z }
3b SAST (CodeQL)	Initialize CodeQL	2026-10-07T14:04:15.0405005Z Languages from configuration: python
3b SAST (CodeQL)	Initialize CodeQL	2026-10-07T14:04:15.0416214Z Using Git version 2.55.0
3b SAST (CodeQL)	Initialize CodeQL	2026-10-07T14:04:15.1273640Z Using overlay database mode: none without caching.
3b SAST (CodeQL)	Initialize CodeQL	2026-10-07T14:04:15.1280074Z Not performing diff-informed analysis because we are not analyzing a pull request.
3b SAST (CodeQL)	Initialize CodeQL	2026-10-07T14:04:15.1284561Z [command]/opt/hostedtoolcache/CodeQL/2.27.1/x64/codeql/codeql resolve languages --format=betterjson --extractor-options-verbosity=4 --extractor-include-aliases
3b SAST (CodeQL)	Initialize CodeQL	2026-10-07T14:04:16.1048409Z {
3b SAST (CodeQL)	Initialize CodeQL	2026-10-07T14:04:16.1051900Z   "aliases" : {
3b SAST (CodeQL)	Initialize CodeQL	2026-10-07T14:04:16.1052881Z     "c" : "cpp",
3b SAST (CodeQL)	Initialize CodeQL	2026-10-07T14:04:16.1056308Z     "c++" : "cpp",
3b SAST (CodeQL)	Initialize CodeQL	2026-10-07T14:04:16.1056997Z     "c-c++" : "cpp",
3b SAST (CodeQL)	Initialize CodeQL	2026-10-07T14:04:16.1057700Z     "c-cpp" : "cpp",
3b SAST (CodeQL)	Initialize CodeQL	2026-10-07T14:04:16.1058371Z     "c#" : "csharp",
3b SAST (CodeQL)	Initialize CodeQL	2026-10-07T14:04:16.1087582Z     "java-kotlin" : "java",
3b SAST (CodeQL)	Initialize CodeQL	2026-10-07T14:04:16.1088002Z     "kotlin" : "java",
3b SAST (CodeQL)	Initialize CodeQL	2026-10-07T14:04:16.1088290Z     "javascript-typescript" : "javascript",
3b SAST (CodeQL)	Initialize CodeQL	2026-10-07T14:04:16.1088614Z     "typescript" : "javascript"
3b SAST (CodeQL)	Initialize CodeQL	2026-10-07T14:04:16.1088869Z   },
3b SAST (CodeQL)	Initialize CodeQL	2026-10-07T14:04:16.1089064Z   "extractors" : {
3b SAST (CodeQL)	Initialize CodeQL	2026-10-07T14:04:16.1089276Z     "javascript" : [
3b SAST (CodeQL)	Initialize CodeQL	2026-10-07T14:04:16.1089482Z       {
3b SAST (CodeQL)	Initialize CodeQL	2026-10-07T14:04:16.1089831Z         "extractor_root" : "/opt/hostedtoolcache/CodeQL/2.27.1/x64/codeql/javascript",
3b SAST (CodeQL)	Initialize CodeQL	2026-10-07T14:04:16.1090249Z         "extractor_options" : {
3b SAST (CodeQL)	Initialize CodeQL	2026-10-07T14:04:16.1090486Z           "trap" : {
3b SAST (CodeQL)	Initialize CodeQL	2026-10-07T14:04:16.1090702Z             "title" : "TRAP options",
3b SAST (CodeQL)	Initialize CodeQL	2026-10-07T14:04:16.1091075Z             "description" : "Options about how the extractor handles TRAP files",
3b SAST (CodeQL)	Initialize CodeQL	2026-10-07T14:04:16.1091449Z             "type" : "object",
3b SAST (CodeQL)	Initialize CodeQL	2026-10-07T14:04:16.1091688Z             "visibility" : 3,
3b SAST (CodeQL)	Initialize CodeQL	2026-10-07T14:04:16.1091930Z             "properties" : {
3b SAST (CodeQL)	Initialize CodeQL	2026-10-07T14:04:16.1092157Z               "cache" : {
3b SAST (CodeQL)	Initialize CodeQL	2026-10-07T14:04:16.1092404Z                 "title" : "TRAP cache options",
3b SAST (CodeQL)	Initialize CodeQL	2026-10-07T14:04:16.1093117Z                 "description" : "Options about how the extractor handles its TRAP cache",
3b SAST (CodeQL)	Initialize CodeQL	2026-10-07T14:04:16.1093513Z                 "type" : "object",
3b SAST (CodeQL)	Initialize CodeQL	2026-10-07T14:04:16.1093884Z                 "properties" : {
3b SAST (CodeQL)	Initialize CodeQL	2026-10-07T14:04:16.1094392Z                   "dir" : {
3b SAST (CodeQL)	Initialize CodeQL	2026-10-07T14:04:16.1094642Z                     "title" : "TRAP cache directory",
3b SAST (CodeQL)	Initialize CodeQL	2026-10-07T14:04:16.1095002Z                     "description" : "The directory of the TRAP cache to use",
3b SAST (CodeQL)	Initialize CodeQL	2026-10-07T14:04:16.1095352Z                     "type" : "string"
3b SAST (CodeQL)	Initialize CodeQL	2026-10-07T14:04:16.1095599Z                   },
3b SAST (CodeQL)	Initialize CodeQL	2026-10-07T14:04:16.1095806Z                   "bound" : {
3b SAST (CodeQL)	Initialize CodeQL	2026-10-07T14:04:16.1096048Z                     "title" : "TRAP cache bound",
3b SAST (CodeQL)	Initialize CodeQL	2026-10-07T14:04:16.1096434Z                     "description" : "A soft limit (in MB) on the size of the TRAP cache",
3b SAST (CodeQL)	Initialize CodeQL	2026-10-07T14:04:16.1096817Z                     "type" : "string",
3b SAST (CodeQL)	Initialize CodeQL	2026-10-07T14:04:16.1097077Z                     "pattern" : "[0-9]+"
3b SAST (CodeQL)	Initialize CodeQL	2026-10-07T14:04:16.1097553Z                   },
3b SAST (CodeQL)	Initialize CodeQL	2026-10-07T14:04:16.1097936Z                   "write" : {
3b SAST (CodeQL)	Initialize CodeQL	2026-10-07T14:04:16.1098412Z                     "title" : "TRAP cache writeable",
3b SAST (CodeQL)	Initialize CodeQL	2026-10-07T14:04:16.1099196Z                     "description" : "Whether to write to the TRAP cache as well as reading it",
3b SAST (CodeQL)	Initialize CodeQL	2026-10-07T14:04:16.1099985Z                     "type" : "string",
3b SAST (CodeQL)	Initialize CodeQL	2026-10-07T14:04:16.1100509Z                     "pattern" : "(true|TRUE|false|FALSE)"
3b SAST (CodeQL)	Initialize CodeQL	2026-10-07T14:04:16.1101054Z                   }
3b SAST (CodeQL)	Initialize CodeQL	2026-10-07T14:04:16.1101268Z                 }
3b SAST (CodeQL)	Initialize CodeQL	2026-10-07T14:04:16.1101460Z               }
3b SAST (CodeQL)	Initialize CodeQL	2026-10-07T14:04:16.1101643Z             }
3b SAST (CodeQL)	Initialize CodeQL	2026-10-07T14:04:16.1101824Z           },
3b SAST (CodeQL)	Initialize CodeQL	2026-10-07T14:04:16.1102024Z           "skip_types" : {
3b SAST (CodeQL)	Initialize CodeQL	2026-10-07T14:04:16.1102312Z             "title" : "Skip type extraction for TypeScript",
3b SAST (CodeQL)	Initialize CodeQL	2026-10-07T14:04:16.1103238Z             "description" : "Whether to skip the extraction of types in a TypeScript application",
3b SAST (CodeQL)	Initialize CodeQL	2026-10-07T14:04:16.1104356Z             "type" : "string",
3b SAST (CodeQL)	Initialize CodeQL	2026-10-07T14:04:16.1104885Z             "pattern" : "^(false|true)$"
3b SAST (CodeQL)	Initialize CodeQL	2026-10-07T14:04:16.1105341Z           }
3b SAST (CodeQL)	Initialize CodeQL	2026-10-07T14:04:16.1105653Z         }
3b SAST (CodeQL)	Initialize CodeQL	2026-10-07T14:04:16.1105954Z       }
3b SAST (CodeQL)	Initialize CodeQL	2026-10-07T14:04:16.1106259Z     ],
3b SAST (CodeQL)	Initialize CodeQL	2026-10-07T14:04:16.1106558Z     "go" : [
3b SAST (CodeQL)	Initialize CodeQL	2026-10-07T14:04:16.1106868Z       {
3b SAST (CodeQL)	Initialize CodeQL	2026-10-07T14:04:16.1107358Z         "extractor_root" : "/opt/hostedtoolcache/CodeQL/2.27.1/x64/codeql/go",
3b SAST (CodeQL)	Initialize CodeQL	2026-10-07T14:04:16.1108015Z         "extractor_options" : {
3b SAST (CodeQL)	Initialize CodeQL	2026-10-07T14:04:16.1108439Z           "extract_tests" : {
3b SAST (CodeQL)	Initialize CodeQL	2026-10-07T14:04:16.1109030Z             "title" : "Whether to include Go test files in the CodeQL database.",
3b SAST (CodeQL)	Initialize CodeQL	2026-10-07T14:04:16.1109810Z             "description" : "A value indicating whether Go test files should be included in the CodeQL database. The default is 'false'.\n",
3b SAST (CodeQL)	Initialize CodeQL	2026-10-07T14:04:16.1110380Z             "type" : "string",
3b SAST (CodeQL)	Initialize CodeQL	2026-10-07T14:04:16.1110631Z             "pattern" : "^(false|true)$"
3b SAST (CodeQL)	Initialize CodeQL	2026-10-07T14:04:16.1110878Z           },
3b SAST (CodeQL)	Initialize CodeQL	2026-10-07T14:04:16.1111079Z           "extract_vendor_dirs" : {
3b SAST (CodeQL)	Initialize CodeQL	2026-10-07T14:04:16.1111446Z             "title" : "Whether to include Go vendor directories in the CodeQL database.",
3b SAST (CodeQL)	Initialize CodeQL	2026-10-07T14:04:16.1112169Z             "description" : "A value indicating whether Go vendor directories should be included in the CodeQL database. The default is 'false'.\n",
3b SAST (CodeQL)	Initialize CodeQL	2026-10-07T14:04:16.1112767Z             "type" : "string",
3b SAST (CodeQL)	Initialize CodeQL	2026-10-07T14:04:16.1113010Z             "pattern" : "^(false|true)$"
3b SAST (CodeQL)	Initialize CodeQL	2026-10-07T14:04:16.1113258Z           }
3b SAST (CodeQL)	Initialize CodeQL	2026-10-07T14:04:16.1113437Z         }
3b SAST (CodeQL)	Initialize CodeQL	2026-10-07T14:04:16.1113610Z       }
3b SAST (CodeQL)	Initialize CodeQL	2026-10-07T14:04:16.1113783Z     ],
3b SAST (CodeQL)	Initialize CodeQL	2026-10-07T14:04:16.1114214Z     "html" : [
3b SAST (CodeQL)	Initialize CodeQL	2026-10-07T14:04:16.1114408Z       {
3b SAST (CodeQL)	Initialize CodeQL	2026-10-07T14:04:16.1114696Z         "extractor_root" : "/opt/hostedtoolcache/CodeQL/2.27.1/x64/codeql/html"
3b SAST (CodeQL)	Initialize CodeQL	2026-10-07T14:04:16.1115052Z       }
3b SAST (CodeQL)	Initialize CodeQL	2026-10-07T14:04:16.1115222Z     ],
3b SAST (CodeQL)	Initialize CodeQL	2026-10-07T14:04:16.1115402Z     "csharp" : [
3b SAST (CodeQL)	Initialize CodeQL	2026-10-07T14:04:16.1115591Z       {
3b SAST (CodeQL)	Initialize CodeQL	2026-10-07T14:04:16.1115884Z         "extractor_root" : "/opt/hostedtoolcache/CodeQL/2.27.1/x64/codeql/csharp",
3b SAST (CodeQL)	Initialize CodeQL	2026-10-07T14:04:16.1116467Z         "extractor_options" : {
3b SAST (CodeQL)	Initialize CodeQL	2026-10-07T14:04:16.1116708Z           "trap" : {
3b SAST (CodeQL)	Initialize CodeQL	2026-10-07T14:04:16.1116947Z             "title" : "Options pertaining to TRAP.",
3b SAST (CodeQL)	Initialize CodeQL	2026-10-07T14:04:16.1117379Z             "description" : "Options pertaining to TRAP.",
3b SAST (CodeQL)	Initialize CodeQL	2026-10-07T14:04:16.1117794Z             "type" : "object",
3b SAST (CodeQL)	Initialize CodeQL	2026-10-07T14:04:16.1118188Z             "properties" : {
3b SAST (CodeQL)	Initialize CodeQL	2026-10-07T14:04:16.1118588Z               "compression" : {
3b SAST (CodeQL)	Initialize CodeQL	2026-10-07T14:04:16.1119178Z                 "title" : "Controls compression for the TRAP files written by the extractor.",
3b SAST (CodeQL)	Initialize CodeQL	2026-10-07T14:04:16.1120184Z                 "description" : "This option is only intended for use in debugging the extractor. Accepted values are 'brotli' (the default, to write brotli-compressed TRAP), 'gzip', and 'none' (to write uncompressed TRAP).\n",
3b SAST (CodeQL)	Initialize CodeQL	2026-10-07T14:04:16.1121054Z                 "type" : "string",
3b SAST (CodeQL)	Initialize CodeQL	2026-10-07T14:04:16.1121321Z                 "pattern" : "^(none|gzip|brotli)$"
3b SAST (CodeQL)	Initialize CodeQL	2026-10-07T14:04:16.1121600Z               }
3b SAST (CodeQL)	Initialize CodeQL	2026-10-07T14:04:16.1121783Z             }
3b SAST (CodeQL)	Initialize CodeQL	2026-10-07T14:04:16.1121962Z           },
3b SAST (CodeQL)	Initialize CodeQL	2026-10-07T14:04:16.1122150Z           "buildless" : {
3b SAST (CodeQL)	Initialize CodeQL	2026-10-07T14:04:16.1122500Z             "title" : "DEPRECATED - Whether to use buildless (standalone) extraction.",
3b SAST (CodeQL)	Initialize CodeQL	2026-10-07T14:04:16.1124804Z             "description" : "DEPRECATED: Use `--build-mode none` instead.\nA value indicating, which type of extraction the autobuilder should perform. If 'true', then the standalone extractor will be used, otherwise tracing extraction will be performed. The default is 'false'. Note that buildless extraction will generally yield less accurate analysis results, and should only be used in cases where it is not possible to build the code (for example if it uses inaccessible dependencies).\n",
3b SAST (CodeQL)	Initialize CodeQL	2026-10-07T14:04:16.1127179Z             "type" : "string",
3b SAST (CodeQL)	Initialize CodeQL	2026-10-07T14:04:16.1128003Z             "pattern" : "^(false|true)$"
3b SAST (CodeQL)	Initialize CodeQL	2026-10-07T14:04:16.1128440Z           },
3b SAST (CodeQL)	Initialize CodeQL	2026-10-07T14:04:16.1128739Z           "logging" : {
3b SAST (CodeQL)	Initialize CodeQL	2026-10-07T14:04:16.1129130Z             "title" : "Options pertaining to logging.",
3b SAST (CodeQL)	Initialize CodeQL	2026-10-07T14:04:16.1129835Z             "description" : "Options pertaining to logging.",
3b SAST (CodeQL)	Initialize CodeQL	2026-10-07T14:04:16.1130350Z             "type" : "object",
3b SAST (CodeQL)	Initialize CodeQL	2026-10-07T14:04:16.1130736Z             "properties" : {
3b SAST (CodeQL)	Initialize CodeQL	2026-10-07T14:04:16.1131107Z               "verbosity" : {
3b SAST (CodeQL)	Initialize CodeQL	2026-10-07T14:04:16.1131555Z                 "title" : "Extractor logging verbosity level.",
3b SAST (CodeQL)	Initialize CodeQL	2026-10-07T14:04:16.1133231Z                 "description" : "Controls the level of verbosity of the extractor. The supported levels are (in order of increasing verbosity):\n  - off\n  - errors\n  - warnings\n  - info or progress\n  - debug or progress+\n  - trace or progress++\n  - progress+++\n",
3b SAST (CodeQL)	Initialize CodeQL	2026-10-07T14:04:16.1135068Z                 "type" : "string",
3b SAST (CodeQL)	Initialize CodeQL	2026-10-07T14:04:16.1135881Z                 "pattern" : "^(off|errors|warnings|(info|progress)|(debug|progress\\+)|(trace|progress\\+\\+)|progress\\+\\+\\+)$"
3b SAST (CodeQL)	Initialize CodeQL	2026-10-07T14:04:16.1136721Z               }
3b SAST (CodeQL)	Initialize CodeQL	2026-10-07T14:04:16.1137025Z             }
3b SAST (CodeQL)	Initialize CodeQL	2026-10-07T14:04:16.1137319Z           },
3b SAST (CodeQL)	Initialize CodeQL	2026-10-07T14:04:16.1137622Z           "binlog" : {
3b SAST (CodeQL)	Initialize CodeQL	2026-10-07T14:04:16.1137984Z             "title" : "Binlog",
3b SAST (CodeQL)	Initialize CodeQL	2026-10-07T14:04:16.1139182Z             "description" : "[EXPERIMENTAL] The value is a path to the MsBuild binary log file that should be extracted. This option only works when `--build-mode none` is also specified.\n",
3b SAST (CodeQL)	Initialize CodeQL	2026-10-07T14:04:16.1140451Z             "type" : "array"
3b SAST (CodeQL)	Initialize CodeQL	2026-10-07T14:04:16.1140829Z           },
3b SAST (CodeQL)	Initialize CodeQL	2026-10-07T14:04:16.1141171Z           "buildless_dependency_dir" : {
3b SAST (CodeQL)	Initialize CodeQL	2026-10-07T14:04:16.1141921Z             "title" : "The path where buildless (standalone) extraction should keep dependencies.",
3b SAST (CodeQL)	Initialize CodeQL	2026-10-07T14:04:16.1143097Z             "description" : "If set, the buildless (standalone) extractor will store dependencies in this directory.\n",
3b SAST (CodeQL)	Initialize CodeQL	2026-10-07T14:04:16.1144150Z             "type" : "string"
3b SAST (CodeQL)	Initialize CodeQL	2026-10-07T14:04:16.1144517Z           }
3b SAST (CodeQL)	Initialize CodeQL	2026-10-07T14:04:16.1145020Z         }
3b SAST (CodeQL)	Initialize CodeQL	2026-10-07T14:04:16.1145309Z       }
3b SAST (CodeQL)	Initialize CodeQL	2026-10-07T14:04:16.1145593Z     ],
3b SAST (CodeQL)	Initialize CodeQL	2026-10-07T14:04:16.1145881Z     "csv" : [
3b SAST (CodeQL)	Initialize CodeQL	2026-10-07T14:04:16.1146223Z       {
3b SAST (CodeQL)	Initialize CodeQL	2026-10-07T14:04:16.1146724Z         "extractor_root" : "/opt/hostedtoolcache/CodeQL/2.27.1/x64/codeql/csv"
3b SAST (CodeQL)	Initialize CodeQL	2026-10-07T14:04:16.1147479Z       }
3b SAST (CodeQL)	Initialize CodeQL	2026-10-07T14:04:16.1147777Z     ],
3b SAST (CodeQL)	Initialize CodeQL	2026-10-07T14:04:16.1148080Z     "actions" : [
3b SAST (CodeQL)	Initialize CodeQL	2026-10-07T14:04:16.1148414Z       {
3b SAST (CodeQL)	Initialize CodeQL	2026-10-07T14:04:16.1148931Z         "extractor_root" : "/opt/hostedtoolcache/CodeQL/2.27.1/x64/codeql/actions",
3b SAST (CodeQL)	Initialize CodeQL	2026-10-07T14:04:16.1149609Z         "extractor_options" : {
3b SAST (CodeQL)	Initialize CodeQL	2026-10-07T14:04:16.1150013Z           "trap" : {
3b SAST (CodeQL)	Initialize CodeQL	2026-10-07T14:04:16.1150385Z             "title" : "TRAP options",
3b SAST (CodeQL)	Initialize CodeQL	2026-10-07T14:04:16.1151019Z             "description" : "Options about how the extractor handles TRAP files",
3b SAST (CodeQL)	Initialize CodeQL	2026-10-07T14:04:16.1151663Z             "type" : "object",
3b SAST (CodeQL)	Initialize CodeQL	2026-10-07T14:04:16.1152071Z             "visibility" : 3,
3b SAST (CodeQL)	Initialize CodeQL	2026-10-07T14:04:16.1152478Z             "properties" : {
3b SAST (CodeQL)	Initialize CodeQL	2026-10-07T14:04:16.1152880Z               "cache" : {
3b SAST (CodeQL)	Initialize CodeQL	2026-10-07T14:04:16.1153289Z                 "title" : "TRAP cache options",
3b SAST (CodeQL)	Initialize CodeQL	2026-10-07T14:04:16.1154205Z                 "description" : "Options about how the extractor handles its TRAP cache",
3b SAST (CodeQL)	Initialize CodeQL	2026-10-07T14:04:16.1154919Z                 "type" : "object",
3b SAST (CodeQL)	Initialize CodeQL	2026-10-07T14:04:16.1155352Z                 "properties" : {
3b SAST (CodeQL)	Initialize CodeQL	2026-10-07T14:04:16.1155761Z                   "dir" : {
3b SAST (CodeQL)	Initialize CodeQL	2026-10-07T14:04:16.1156187Z                     "title" : "TRAP cache directory",
3b SAST (CodeQL)	Initialize CodeQL	2026-10-07T14:04:16.1156815Z                     "description" : "The directory of the TRAP cache to use",
3b SAST (CodeQL)	Initialize CodeQL	2026-10-07T14:04:16.1157428Z                     "type" : "string"
3b SAST (CodeQL)	Initialize CodeQL	2026-10-07T14:04:16.1157847Z                   },
3b SAST (CodeQL)	Initialize CodeQL	2026-10-07T14:04:16.1158201Z                   "bound" : {
3b SAST (CodeQL)	Initialize CodeQL	2026-10-07T14:04:16.1158623Z                     "title" : "TRAP cache bound",
3b SAST (CodeQL)	Initialize CodeQL	2026-10-07T14:04:16.1159297Z                     "description" : "A soft limit (in MB) on the size of the TRAP cache",
3b SAST (CodeQL)	Initialize CodeQL	2026-10-07T14:04:16.1159975Z                     "type" : "string",
3b SAST (CodeQL)	Initialize CodeQL	2026-10-07T14:04:16.1160423Z                     "pattern" : "[0-9]+"
3b SAST (CodeQL)	Initialize CodeQL	2026-10-07T14:04:16.1160864Z                   },
3b SAST (CodeQL)	Initialize CodeQL	2026-10-07T14:04:16.1161211Z                   "write" : {
3b SAST (CodeQL)	Initialize CodeQL	2026-10-07T14:04:16.1161654Z                     "title" : "TRAP cache writeable",
3b SAST (CodeQL)	Initialize CodeQL	2026-10-07T14:04:16.1162349Z                     "description" : "Whether to write to the TRAP cache as well as reading it",
3b SAST (CodeQL)	Initialize CodeQL	2026-10-07T14:04:16.1163062Z                     "type" : "string",
3b SAST (CodeQL)	Initialize CodeQL	2026-10-07T14:04:16.1163549Z                     "pattern" : "(true|TRUE|false|FALSE)"
3b SAST (CodeQL)	Initialize CodeQL	2026-10-07T14:04:16.1164200Z                   }
3b SAST (CodeQL)	Initialize CodeQL	2026-10-07T14:04:16.1164534Z                 }
3b SAST (CodeQL)	Initialize CodeQL	2026-10-07T14:04:16.1164886Z               }
3b SAST (CodeQL)	Initialize CodeQL	2026-10-07T14:04:16.1165200Z             }
3b SAST (CodeQL)	Initialize CodeQL	2026-10-07T14:04:16.1165512Z           }
3b SAST (CodeQL)	Initialize CodeQL	2026-10-07T14:04:16.1165812Z         }
3b SAST (CodeQL)	Initialize CodeQL	2026-10-07T14:04:16.1166109Z       }
3b SAST (CodeQL)	Initialize CodeQL	2026-10-07T14:04:16.1166409Z     ],
3b SAST (CodeQL)	Initialize CodeQL	2026-10-07T14:04:16.1166706Z     "ruby" : [
3b SAST (CodeQL)	Initialize CodeQL	2026-10-07T14:04:16.1167019Z       {
3b SAST (CodeQL)	Initialize CodeQL	2026-10-07T14:04:16.1167529Z         "extractor_root" : "/opt/hostedtoolcache/CodeQL/2.27.1/x64/codeql/ruby",
3b SAST (CodeQL)	Initialize CodeQL	2026-10-07T14:04:16.1168197Z         "extractor_options" : {
3b SAST (CodeQL)	Initialize CodeQL	2026-10-07T14:04:16.1168607Z           "trap" : {
3b SAST (CodeQL)	Initialize CodeQL	2026-10-07T14:04:16.1169021Z             "title" : "Options pertaining to TRAP.",
3b SAST (CodeQL)	Initialize CodeQL	2026-10-07T14:04:16.1169601Z             "description" : "Options pertaining to TRAP.",
3b SAST (CodeQL)	Initialize CodeQL	2026-10-07T14:04:16.1170159Z             "type" : "object",
3b SAST (CodeQL)	Initialize CodeQL	2026-10-07T14:04:16.1170570Z             "properties" : {
3b SAST (CodeQL)	Initialize CodeQL	2026-10-07T14:04:16.1170974Z               "compression" : {
3b SAST (CodeQL)	Initialize CodeQL	2026-10-07T14:04:16.1171642Z                 "title" : "Controls compression for the TRAP files written by the extractor.",
3b SAST (CodeQL)	Initialize CodeQL	2026-10-07T14:04:16.1173610Z                 "description" : "This option is only intended for use in debugging the extractor. Accepted values are 'gzip' (the default, to write gzip-compressed TRAP) 'zstd' (to write Zstandard-compressed TRAP) and 'none' (to write uncompressed TRAP).\n",
3b SAST (CodeQL)	Initialize CodeQL	2026-10-07T14:04:16.1175478Z                 "type" : "string",
3b SAST (CodeQL)	Initialize CodeQL	2026-10-07T14:04:16.1176132Z                 "pattern" : "^(none|gzip|zstd)$"
3b SAST (CodeQL)	Initialize CodeQL	2026-10-07T14:04:16.1176598Z               }
3b SAST (CodeQL)	Initialize CodeQL	2026-10-07T14:04:16.1176919Z             }
3b SAST (CodeQL)	Initialize CodeQL	2026-10-07T14:04:16.1177229Z           }
3b SAST (CodeQL)	Initialize CodeQL	2026-10-07T14:04:16.1177677Z         }
3b SAST (CodeQL)	Initialize CodeQL	2026-10-07T14:04:16.1177969Z       }
3b SAST (CodeQL)	Initialize CodeQL	2026-10-07T14:04:16.1178273Z     ],
3b SAST (CodeQL)	Initialize CodeQL	2026-10-07T14:04:16.1178573Z     "yaml" : [
3b SAST (CodeQL)	Initialize CodeQL	2026-10-07T14:04:16.1178890Z       {
3b SAST (CodeQL)	Initialize CodeQL	2026-10-07T14:04:16.1179380Z         "extractor_root" : "/opt/hostedtoolcache/CodeQL/2.27.1/x64/codeql/yaml"
3b SAST (CodeQL)	Initialize CodeQL	2026-10-07T14:04:16.1180006Z       }
3b SAST (CodeQL)	Initialize CodeQL	2026-10-07T14:04:16.1180293Z     ],
3b SAST (CodeQL)	Initialize CodeQL	2026-10-07T14:04:16.1180589Z     "xml" : [
3b SAST (CodeQL)	Initialize CodeQL	2026-10-07T14:04:16.1180897Z       {
3b SAST (CodeQL)	Initialize CodeQL	2026-10-07T14:04:16.1181450Z         "extractor_root" : "/opt/hostedtoolcache/CodeQL/2.27.1/x64/codeql/xml"
3b SAST (CodeQL)	Initialize CodeQL	2026-10-07T14:04:16.1182070Z       }
3b SAST (CodeQL)	Initialize CodeQL	2026-10-07T14:04:16.1182355Z     ],
3b SAST (CodeQL)	Initialize CodeQL	2026-10-07T14:04:16.1182646Z     "python" : [
3b SAST (CodeQL)	Initialize CodeQL	2026-10-07T14:04:16.1182981Z       {
3b SAST (CodeQL)	Initialize CodeQL	2026-10-07T14:04:16.1183478Z         "extractor_root" : "/opt/hostedtoolcache/CodeQL/2.27.1/x64/codeql/python",
3b SAST (CodeQL)	Initialize CodeQL	2026-10-07T14:04:16.1184317Z         "extractor_options" : {
3b SAST (CodeQL)	Initialize CodeQL	2026-10-07T14:04:16.1184720Z           "logging" : {
3b SAST (CodeQL)	Initialize CodeQL	2026-10-07T14:04:16.1185145Z             "title" : "Options pertaining to logging.",
3b SAST (CodeQL)	Initialize CodeQL	2026-10-07T14:04:16.1185747Z             "description" : "Options pertaining to logging.",
3b SAST (CodeQL)	Initialize CodeQL	2026-10-07T14:04:16.1186288Z             "type" : "object",
3b SAST (CodeQL)	Initialize CodeQL	2026-10-07T14:04:16.1186682Z             "properties" : {
3b SAST (CodeQL)	Initialize CodeQL	2026-10-07T14:04:16.1187075Z               "verbosity" : {
3b SAST (CodeQL)	Initialize CodeQL	2026-10-07T14:04:16.1187582Z                 "title" : "Python extractor logging verbosity level.",
3b SAST (CodeQL)	Initialize CodeQL	2026-10-07T14:04:16.1189574Z                 "description" : "Controls the level of verbosity of the CodeQL Python extractor.\nThe supported levels are (in order of increasing verbosity):\n\n  - off\n  - errors\n  - warnings\n  - info or progress\n  - debug or progress+\n  - trace or progress++\n  - progress+++\n",
3b SAST (CodeQL)	Initialize CodeQL	2026-10-07T14:04:16.1191418Z                 "type" : "string",
3b SAST (CodeQL)	Initialize CodeQL	2026-10-07T14:04:16.1192288Z                 "pattern" : "^(off|errors|warnings|(info|progress)|(debug|progress\\+)|(trace|progress\\+\\+)|progress\\+\\+\\+)$"
3b SAST (CodeQL)	Initialize CodeQL	2026-10-07T14:04:16.1193210Z               }
3b SAST (CodeQL)	Initialize CodeQL	2026-10-07T14:04:16.1193543Z             }
3b SAST (CodeQL)	Initialize CodeQL	2026-10-07T14:04:16.1194027Z           },
3b SAST (CodeQL)	Initialize CodeQL	2026-10-07T14:04:16.1194381Z           "python_executable_name" : {
3b SAST (CodeQL)	Initialize CodeQL	2026-10-07T14:04:16.1195099Z             "title" : "Controls the name of the Python executable used by the Python extractor.",
3b SAST (CodeQL)	Initialize CodeQL	2026-10-07T14:04:16.1197731Z             "description" : "The Python extractor uses platform-dependent heuristics to determine the name of the Python executable to use. Specifying a value for this option overrides the name of the Python executable used by the extractor. Accepted values are py, python and python3. Use this setting with caution, the Python extractor requires Python 3 to run.\n",
3b SAST (CodeQL)	Initialize CodeQL	2026-10-07T14:04:16.1200021Z             "type" : "string",
3b SAST (CodeQL)	Initialize CodeQL	2026-10-07T14:04:16.1200455Z             "pattern" : "^(py|python|python3)$"
3b SAST (CodeQL)	Initialize CodeQL	2026-10-07T14:04:16.1200741Z           }
3b SAST (CodeQL)	Initialize CodeQL	2026-10-07T14:04:16.1200926Z         }
3b SAST (CodeQL)	Initialize CodeQL	2026-10-07T14:04:16.1201107Z       }
3b SAST (CodeQL)	Initialize CodeQL	2026-10-07T14:04:16.1201280Z     ],
3b SAST (CodeQL)	Initialize CodeQL	2026-10-07T14:04:16.1201456Z     "cpp" : [
3b SAST (CodeQL)	Initialize CodeQL	2026-10-07T14:04:16.1201639Z       {
3b SAST (CodeQL)	Initialize CodeQL	2026-10-07T14:04:16.1201944Z         "extractor_root" : "/opt/hostedtoolcache/CodeQL/2.27.1/x64/codeql/cpp",
3b SAST (CodeQL)	Initialize CodeQL	2026-10-07T14:04:16.1202635Z         "extractor_options" : {
3b SAST (CodeQL)	Initialize CodeQL	2026-10-07T14:04:16.1202967Z           "trap" : {
3b SAST (CodeQL)	Initialize CodeQL	2026-10-07T14:04:16.1203324Z             "title" : "TRAP options",
3b SAST (CodeQL)	Initialize CodeQL	2026-10-07T14:04:16.1203822Z             "description" : "Options about how the extractor handles TRAP files",
3b SAST (CodeQL)	Initialize CodeQL	2026-10-07T14:04:16.1204490Z             "type" : "object",
3b SAST (CodeQL)	Initialize CodeQL	2026-10-07T14:04:16.1204730Z             "visibility" : 3,
3b SAST (CodeQL)	Initialize CodeQL	2026-10-07T14:04:16.1204961Z             "properties" : {
3b SAST (CodeQL)	Initialize CodeQL	2026-10-07T14:04:16.1205190Z               "cache" : {
3b SAST (CodeQL)	Initialize CodeQL	2026-10-07T14:04:16.1205433Z                 "title" : "TRAP cache options",
3b SAST (CodeQL)	Initialize CodeQL	2026-10-07T14:04:16.1205844Z                 "description" : "Options about how the extractor handles its TRAP cache",
3b SAST (CodeQL)	Initialize CodeQL	2026-10-07T14:04:16.1206412Z                 "type" : "object",
3b SAST (CodeQL)	Initialize CodeQL	2026-10-07T14:04:16.1206665Z                 "properties" : {
3b SAST (CodeQL)	Initialize CodeQL	2026-10-07T14:04:16.1206902Z                   "dir" : {
3b SAST (CodeQL)	Initialize CodeQL	2026-10-07T14:04:16.1207152Z                     "title" : "TRAP cache directory",
3b SAST (CodeQL)	Initialize CodeQL	2026-10-07T14:04:16.1207625Z                     "description" : "The directory of the TRAP cache to use",
3b SAST (CodeQL)	Initialize CodeQL	2026-10-07T14:04:16.1207974Z                     "type" : "string"
3b SAST (CodeQL)	Initialize CodeQL	2026-10-07T14:04:16.1208217Z                   },
3b SAST (CodeQL)	Initialize CodeQL	2026-10-07T14:04:16.1208424Z                   "bound" : {
3b SAST (CodeQL)	Initialize CodeQL	2026-10-07T14:04:16.1208669Z                     "title" : "TRAP cache bound",
3b SAST (CodeQL)	Initialize CodeQL	2026-10-07T14:04:16.1209060Z                     "description" : "A soft limit (in MB) on the size of the TRAP cache",
3b SAST (CodeQL)	Initialize CodeQL	2026-10-07T14:04:16.1209438Z                     "type" : "string",
3b SAST (CodeQL)	Initialize CodeQL	2026-10-07T14:04:16.1209693Z                     "pattern" : "[0-9]+"
3b SAST (CodeQL)	Initialize CodeQL	2026-10-07T14:04:16.1209953Z                   },
3b SAST (CodeQL)	Initialize CodeQL	2026-10-07T14:04:16.1210203Z                   "write" : {
3b SAST (CodeQL)	Initialize CodeQL	2026-10-07T14:04:16.1210454Z                     "title" : "TRAP cache writeable",
3b SAST (CodeQL)	Initialize CodeQL	2026-10-07T14:04:16.1210871Z                     "description" : "Whether to write to the TRAP cache as well as reading it",
3b SAST (CodeQL)	Initialize CodeQL	2026-10-07T14:04:16.1211282Z                     "type" : "string",
3b SAST (CodeQL)	Initialize CodeQL	2026-10-07T14:04:16.1211562Z                     "pattern" : "(true|TRUE|false|FALSE)"
3b SAST (CodeQL)	Initialize CodeQL	2026-10-07T14:04:16.1211843Z                   }
3b SAST (CodeQL)	Initialize CodeQL	2026-10-07T14:04:16.1212038Z                 }
3b SAST (CodeQL)	Initialize CodeQL	2026-10-07T14:04:16.1212224Z               }
3b SAST (CodeQL)	Initialize CodeQL	2026-10-07T14:04:16.1212408Z             }
3b SAST (CodeQL)	Initialize CodeQL	2026-10-07T14:04:16.1212589Z           },
3b SAST (CodeQL)	Initialize CodeQL	2026-10-07T14:04:16.1212784Z           "scale_timeouts" : {
3b SAST (CodeQL)	Initialize CodeQL	2026-10-07T14:04:16.1213107Z             "title" : "Value to scale compiler introspection timeouts with",
3b SAST (CodeQL)	Initialize CodeQL	2026-10-07T14:04:16.1215019Z             "description" : "The extractor attempts to determine what compiler the source code being extracted is compiled with. To this end the extractor makes additional calls to the compiler, some of which are expected to return within a certain fixed time (either 10s or 15s). On some systems that are under high load this time might be too short, and can be scaled up using this option.\n",
3b SAST (CodeQL)	Initialize CodeQL	2026-10-07T14:04:16.1216567Z             "type" : "string",
3b SAST (CodeQL)	Initialize CodeQL	2026-10-07T14:04:16.1216936Z             "pattern" : "[0-9]+"
3b SAST (CodeQL)	Initialize CodeQL	2026-10-07T14:04:16.1217290Z           },
3b SAST (CodeQL)	Initialize CodeQL	2026-10-07T14:04:16.1217605Z           "log_verbosity" : {
3b SAST (CodeQL)	Initialize CodeQL	2026-10-07T14:04:16.1218053Z             "title" : "Verbosity of the extractor logging",
3b SAST (CodeQL)	Initialize CodeQL	2026-10-07T14:04:16.1219202Z             "description" : "Set the verbosity of the extractor logging to 'quiet' (0), 'normal' (1), 'chatty' (2), or 'noisy' (3). The default is 'normal'.\n",
3b SAST (CodeQL)	Initialize CodeQL	2026-10-07T14:04:16.1220318Z             "type" : "string",
3b SAST (CodeQL)	Initialize CodeQL	2026-10-07T14:04:16.1220701Z             "pattern" : "[0-3]"
3b SAST (CodeQL)	Initialize CodeQL	2026-10-07T14:04:16.1221084Z           },
3b SAST (CodeQL)	Initialize CodeQL	2026-10-07T14:04:16.1221490Z           "frontend_options" : {
3b SAST (CodeQL)	Initialize CodeQL	2026-10-07T14:04:16.1222022Z             "title" : "C/C++ extractor frontend options",
3b SAST (CodeQL)	Initialize CodeQL	2026-10-07T14:04:16.1222987Z             "description" : "Set additional options that should be passed to the C/C++ extractor frontend.\n",
3b SAST (CodeQL)	Initialize CodeQL	2026-10-07T14:04:16.1223834Z             "type" : "array",
3b SAST (CodeQL)	Initialize CodeQL	2026-10-07T14:04:16.1224470Z             "visibility" : 3
3b SAST (CodeQL)	Initialize CodeQL	2026-10-07T14:04:16.1224848Z           }
3b SAST (CodeQL)	Initialize CodeQL	2026-10-07T14:04:16.1225124Z         }
3b SAST (CodeQL)	Initialize CodeQL	2026-10-07T14:04:16.1225414Z       }
3b SAST (CodeQL)	Initialize CodeQL	2026-10-07T14:04:16.1225680Z     ],
3b SAST (CodeQL)	Initialize CodeQL	2026-10-07T14:04:16.1225979Z     "properties" : [
3b SAST (CodeQL)	Initialize CodeQL	2026-10-07T14:04:16.1226360Z       {
3b SAST (CodeQL)	Initialize CodeQL	2026-10-07T14:04:16.1226899Z         "extractor_root" : "/opt/hostedtoolcache/CodeQL/2.27.1/x64/codeql/properties"
3b SAST (CodeQL)	Initialize CodeQL	2026-10-07T14:04:16.1227595Z       }
3b SAST (CodeQL)	Initialize CodeQL	2026-10-07T14:04:16.1227895Z     ],
3b SAST (CodeQL)	Initialize CodeQL	2026-10-07T14:04:16.1228182Z     "rust" : [
3b SAST (CodeQL)	Initialize CodeQL	2026-10-07T14:04:16.1228510Z       {
3b SAST (CodeQL)	Initialize CodeQL	2026-10-07T14:04:16.1228994Z         "extractor_root" : "/opt/hostedtoolcache/CodeQL/2.27.1/x64/codeql/rust",
3b SAST (CodeQL)	Initialize CodeQL	2026-10-07T14:04:16.1229685Z         "extractor_options" : {
3b SAST (CodeQL)	Initialize CodeQL	2026-10-07T14:04:16.1230104Z           "trap" : {
3b SAST (CodeQL)	Initialize CodeQL	2026-10-07T14:04:16.1230519Z             "title" : "Options pertaining to TRAP.",
3b SAST (CodeQL)	Initialize CodeQL	2026-10-07T14:04:16.1231123Z             "description" : "Options pertaining to TRAP.",
3b SAST (CodeQL)	Initialize CodeQL	2026-10-07T14:04:16.1231964Z             "type" : "object",
3b SAST (CodeQL)	Initialize CodeQL	2026-10-07T14:04:16.1232445Z             "properties" : {
3b SAST (CodeQL)	Initialize CodeQL	2026-10-07T14:04:16.1232893Z               "compression" : {
3b SAST (CodeQL)	Initialize CodeQL	2026-10-07T14:04:16.1233813Z                 "title" : "Controls compression for the TRAP files written by the extractor.",
3b SAST (CodeQL)	Initialize CodeQL	2026-10-07T14:04:16.1236075Z                 "description" : "This option is only intended for use in debugging the extractor. Accepted values are 'gzip' (to write gzip-compressed TRAP) 'zstd' (the default, to write Zstandard-compressed TRAP) and 'none' (to write uncompressed TRAP).\n",
3b SAST (CodeQL)	Initialize CodeQL	2026-10-07T14:04:16.1237800Z                 "type" : "string",
3b SAST (CodeQL)	Initialize CodeQL	2026-10-07T14:04:16.1238257Z                 "pattern" : "^(none|gzip|zstd)$"
3b SAST (CodeQL)	Initialize CodeQL	2026-10-07T14:04:16.1238726Z               }
3b SAST (CodeQL)	Initialize CodeQL	2026-10-07T14:04:16.1239038Z             }
3b SAST (CodeQL)	Initialize CodeQL	2026-10-07T14:04:16.1239341Z           },
3b SAST (CodeQL)	Initialize CodeQL	2026-10-07T14:04:16.1239666Z           "cargo_target_dir" : {
3b SAST (CodeQL)	Initialize CodeQL	2026-10-07T14:04:16.1240181Z             "title" : "Directory to use for cargo output files.",
3b SAST (CodeQL)	Initialize CodeQL	2026-10-07T14:04:16.1242912Z             "description" : "This value is an optional path to use as `CARGO_TARGET_DIR` for the internal cargo commands the extractor uses. Pointing it to a persistent directory may reduce execution time of consecutive extractor runs. By default, a new scratch directory is used for each extraction, while qltests use the test's `target` directory so artifacts can be reused across runs.\n",
3b SAST (CodeQL)	Initialize CodeQL	2026-10-07T14:04:16.1245822Z             "type" : "string"
3b SAST (CodeQL)	Initialize CodeQL	2026-10-07T14:04:16.1246294Z           },
3b SAST (CodeQL)	Initialize CodeQL	2026-10-07T14:04:16.1246687Z           "cargo_target" : {
3b SAST (CodeQL)	Initialize CodeQL	2026-10-07T14:04:16.1247107Z             "title" : "Target architecture",
3b SAST (CodeQL)	Initialize CodeQL	2026-10-07T14:04:16.1248277Z             "description" : "Target architecture to use for analysis, analogous to `cargo --target`. By default the host architecture is used.\n",
3b SAST (CodeQL)	Initialize CodeQL	2026-10-07T14:04:16.1249409Z             "type" : "string"
3b SAST (CodeQL)	Initialize CodeQL	2026-10-07T14:04:16.1249870Z           },
3b SAST (CodeQL)	Initialize CodeQL	2026-10-07T14:04:16.1250213Z           "cargo_features" : {
3b SAST (CodeQL)	Initialize CodeQL	2026-10-07T14:04:16.1250670Z             "title" : "Cargo features to turn on",
3b SAST (CodeQL)	Initialize CodeQL	2026-10-07T14:04:16.1252710Z             "description" : "Comma-separated list of features to turn on. By default all features are enabled. If any features are specified, then only those features are enabled. The `default` feature must be explicitly specified if only default features are desired. Can be repeated.\n",
3b SAST (CodeQL)	Initialize CodeQL	2026-10-07T14:04:16.1254956Z             "type" : "array"
3b SAST (CodeQL)	Initialize CodeQL	2026-10-07T14:04:16.1255373Z           },
3b SAST (CodeQL)	Initialize CodeQL	2026-10-07T14:04:16.1255753Z           "cargo_cfg_overrides" : {
3b SAST (CodeQL)	Initialize CodeQL	2026-10-07T14:04:16.1256239Z             "title" : "Cargo cfg overrides",
3b SAST (CodeQL)	Initialize CodeQL	2026-10-07T14:04:16.1257313Z             "description" : "Comma-separated list of cfg settings to enable, or disable if prefixed with `-`. Can be repeated.\n",
3b SAST (CodeQL)	Initialize CodeQL	2026-10-07T14:04:16.1258309Z             "type" : "array"
3b SAST (CodeQL)	Initialize CodeQL	2026-10-07T14:04:16.1258689Z           },
3b SAST (CodeQL)	Initialize CodeQL	2026-10-07T14:04:16.1259024Z           "logging" : {
3b SAST (CodeQL)	Initialize CodeQL	2026-10-07T14:04:16.1259489Z             "title" : "Options pertaining to logging.",
3b SAST (CodeQL)	Initialize CodeQL	2026-10-07T14:04:16.1260182Z             "description" : "Options pertaining to logging.",
3b SAST (CodeQL)	Initialize CodeQL	2026-10-07T14:04:16.1260770Z             "type" : "object",
3b SAST (CodeQL)	Initialize CodeQL	2026-10-07T14:04:16.1261208Z             "properties" : {
3b SAST (CodeQL)	Initialize CodeQL	2026-10-07T14:04:16.1261642Z               "verbosity" : {
3b SAST (CodeQL)	Initialize CodeQL	2026-10-07T14:04:16.1262168Z                 "title" : "Extractor logging verbosity level.",
3b SAST (CodeQL)	Initialize CodeQL	2026-10-07T14:04:16.1264265Z                 "description" : "Controls the level of verbosity of the extractor. The supported levels are (in order of increasing verbosity):\n  - off\n  - errors\n  - warnings\n  - info or progress\n  - debug or progress+\n  - trace or progress++\n  - progress+++\n",
3b SAST (CodeQL)	Initialize CodeQL	2026-10-07T14:04:16.1266186Z                 "type" : "string",
3b SAST (CodeQL)	Initialize CodeQL	2026-10-07T14:04:16.1267152Z                 "pattern" : "^(off|errors|warnings|(info|progress)|(debug|progress\\+)|(trace|progress\\+\\+)|progress\\+\\+\\+)$"
3b SAST (CodeQL)	Initialize CodeQL	2026-10-07T14:04:16.1268151Z               },
3b SAST (CodeQL)	Initialize CodeQL	2026-10-07T14:04:16.1268540Z               "flamegraph" : {
3b SAST (CodeQL)	Initialize CodeQL	2026-10-07T14:04:16.1269188Z                 "title" : "[Experimental] File path for write flame graph log",
3b SAST (CodeQL)	Initialize CodeQL	2026-10-07T14:04:16.1271405Z                 "description" : "Collect flame graph data using the `tracing-flame` crate. To render a flame graph or chart, run the `inferno-flamegraph` command. See also: https://crates.io/crates/tracing-flame\n",
3b SAST (CodeQL)	Initialize CodeQL	2026-10-07T14:04:16.1273195Z                 "type" : "string"
3b SAST (CodeQL)	Initialize CodeQL	2026-10-07T14:04:16.1273599Z               }
3b SAST (CodeQL)	Initialize CodeQL	2026-10-07T14:04:16.1274138Z             }
3b SAST (CodeQL)	Initialize CodeQL	2026-10-07T14:04:16.1274432Z           },
3b SAST (CodeQL)	Initialize CodeQL	2026-10-07T14:04:16.1274790Z           "extract_dependencies_as_source" : {
3b SAST (CodeQL)	Initialize CodeQL	2026-10-07T14:04:16.1275346Z             "title" : "Extract dependencies as source code",
3b SAST (CodeQL)	Initialize CodeQL	2026-10-07T14:04:16.1276253Z             "description" : "Extract the full source code of dependencies instead of only extracting signatures.\n",
3b SAST (CodeQL)	Initialize CodeQL	2026-10-07T14:04:16.1277095Z             "type" : "string",
3b SAST (CodeQL)	Initialize CodeQL	2026-10-07T14:04:16.1277502Z             "pattern" : "^(false|true)$"
3b SAST (CodeQL)	Initialize CodeQL	2026-10-07T14:04:16.1277939Z           }
3b SAST (CodeQL)	Initialize CodeQL	2026-10-07T14:04:16.1278235Z         }
3b SAST (CodeQL)	Initialize CodeQL	2026-10-07T14:04:16.1278509Z       }
3b SAST (CodeQL)	Initialize CodeQL	2026-10-07T14:04:16.1278797Z     ],
3b SAST (CodeQL)	Initialize CodeQL	2026-10-07T14:04:16.1279097Z     "swift" : [
3b SAST (CodeQL)	Initialize CodeQL	2026-10-07T14:04:16.1279415Z       {
3b SAST (CodeQL)	Initialize CodeQL	2026-10-07T14:04:16.1279901Z         "extractor_root" : "/opt/hostedtoolcache/CodeQL/2.27.1/x64/codeql/swift"
3b SAST (CodeQL)	Initialize CodeQL	2026-10-07T14:04:16.1280795Z       }
3b SAST (CodeQL)	Initialize CodeQL	2026-10-07T14:04:16.1281157Z     ],
3b SAST (CodeQL)	Initialize CodeQL	2026-10-07T14:04:16.1281351Z     "java" : [
3b SAST (CodeQL)	Initialize CodeQL	2026-10-07T14:04:16.1281543Z       {
3b SAST (CodeQL)	Initialize CodeQL	2026-10-07T14:04:16.1281878Z         "extractor_root" : "/opt/hostedtoolcache/CodeQL/2.27.1/x64/codeql/java",
3b SAST (CodeQL)	Initialize CodeQL	2026-10-07T14:04:16.1282281Z         "extractor_options" : {
3b SAST (CodeQL)	Initialize CodeQL	2026-10-07T14:04:16.1282533Z           "exclude" : {
3b SAST (CodeQL)	Initialize CodeQL	2026-10-07T14:04:16.1282805Z             "title" : "A glob excluding files from analysis.",
3b SAST (CodeQL)	Initialize CodeQL	2026-10-07T14:04:16.1283568Z             "description" : "A glob indicating what files to exclude from the analysis. This accepts glob patterns that are supported by Java's 'getPathMatcher' implementation.\n",
3b SAST (CodeQL)	Initialize CodeQL	2026-10-07T14:04:16.1284595Z             "type" : "string"
3b SAST (CodeQL)	Initialize CodeQL	2026-10-07T14:04:16.1284832Z           },
3b SAST (CodeQL)	Initialize CodeQL	2026-10-07T14:04:16.1285032Z           "add_prefer_source" : {
3b SAST (CodeQL)	Initialize CodeQL	2026-10-07T14:04:16.1285378Z             "title" : "Whether to always prefer source files over class files.",
3b SAST (CodeQL)	Initialize CodeQL	2026-10-07T14:04:16.1286561Z             "description" : "A value indicating whether source files should be preferred over class files. If set to 'true', the extraction adds '-Xprefer:source' to the javac command line. If set to 'false', the extraction uses the default javac behavior ('-Xprefer:newer'). The default is 'true'.\n",
3b SAST (CodeQL)	Initialize CodeQL	2026-10-07T14:04:16.1287650Z             "type" : "string",
3b SAST (CodeQL)	Initialize CodeQL	2026-10-07T14:04:16.1287895Z             "pattern" : "^(false|true)$"
3b SAST (CodeQL)	Initialize CodeQL	2026-10-07T14:04:16.1288153Z           },
3b SAST (CodeQL)	Initialize CodeQL	2026-10-07T14:04:16.1288399Z           "buildless" : {
3b SAST (CodeQL)	Initialize CodeQL	2026-10-07T14:04:16.1288999Z             "title" : "Whether to use buildless (standalone) extraction (experimental).",
3b SAST (CodeQL)	Initialize CodeQL	2026-10-07T14:04:16.1291881Z             "description" : "A value indicating, which type of extraction the autobuilder should perform. If 'true', then the standalone extractor will be used, otherwise tracing extraction will be performed. The default is 'false'. Note that buildless extraction will generally yield less accurate analysis results, and should only be used in cases where it is not possible to build the code (for example if it uses inaccessible dependencies).\n",
3b SAST (CodeQL)	Initialize CodeQL	2026-10-07T14:04:16.1293509Z             "type" : "string",
3b SAST (CodeQL)	Initialize CodeQL	2026-10-07T14:04:16.1293762Z             "pattern" : "^(false|true)$"
3b SAST (CodeQL)	Initialize CodeQL	2026-10-07T14:04:16.1294350Z           },
3b SAST (CodeQL)	Initialize CodeQL	2026-10-07T14:04:16.1294608Z           "buildless_dependency_dir" : {
3b SAST (CodeQL)	Initialize CodeQL	2026-10-07T14:04:16.1295040Z             "title" : "The path where buildless (standalone) extraction should keep dependencies.",
3b SAST (CodeQL)	Initialize CodeQL	2026-10-07T14:04:16.1295735Z             "description" : "If set, the buildless (standalone) extractor will store dependencies in this directory.\n",
3b SAST (CodeQL)	Initialize CodeQL	2026-10-07T14:04:16.1296241Z             "type" : "string"
3b SAST (CodeQL)	Initialize CodeQL	2026-10-07T14:04:16.1296466Z           },
3b SAST (CodeQL)	Initialize CodeQL	2026-10-07T14:04:16.1296675Z           "minimize_dependency_jars" : {
3b SAST (CodeQL)	Initialize CodeQL	2026-10-07T14:04:16.1297320Z             "title" : "Whether to rewrite and minimize downloaded JAR dependencies (experimental).",
3b SAST (CodeQL)	Initialize CodeQL	2026-10-07T14:04:16.1298178Z             "description" : "If 'true', JAR dependencies downloaded during extraction will be rewritten to remove unneeded data, such as method bodies. The default is 'false'.\n",
3b SAST (CodeQL)	Initialize CodeQL	2026-10-07T14:04:16.1298970Z             "type" : "string",
3b SAST (CodeQL)	Initialize CodeQL	2026-10-07T14:04:16.1299213Z             "pattern" : "^(false|true)$"
3b SAST (CodeQL)	Initialize CodeQL	2026-10-07T14:04:16.1299459Z           }
3b SAST (CodeQL)	Initialize CodeQL	2026-10-07T14:04:16.1299633Z         }
3b SAST (CodeQL)	Initialize CodeQL	2026-10-07T14:04:16.1299808Z       }
3b SAST (CodeQL)	Initialize CodeQL	2026-10-07T14:04:16.1299979Z     ]
3b SAST (CodeQL)	Initialize CodeQL	2026-10-07T14:04:16.1300148Z   }
3b SAST (CodeQL)	Initialize CodeQL	2026-10-07T14:04:16.1300318Z }
3b SAST (CodeQL)	Initialize CodeQL	2026-10-07T14:04:16.1300606Z python does not support TRAP caching (missing option group)
3b SAST (CodeQL)	Initialize CodeQL	2026-10-07T14:04:16.1300961Z Found 0 languages that support TRAP caching
3b SAST (CodeQL)	Initialize CodeQL	2026-10-07T14:04:16.1301538Z ##[endgroup]
3b SAST (CodeQL)	Initialize CodeQL	2026-10-07T14:04:16.1302342Z While resolving threads, found a cgroup CPUs file with 4 CPUs in /sys/fs/cgroup/cpuset.cpus.effective.
3b SAST (CodeQL)	Initialize CodeQL	2026-10-07T14:04:17.0995826Z Writing augmented user configuration file to /home/runner/work/_temp/user-config.yaml
3b SAST (CodeQL)	Initialize CodeQL	2026-10-07T14:04:17.0997222Z ##[group]Augmented user configuration file contents
3b SAST (CodeQL)	Initialize CodeQL	2026-10-07T14:04:17.1017477Z paths:
3b SAST (CodeQL)	Initialize CodeQL	2026-10-07T14:04:17.1017922Z   - labs/17-devsecops/app
3b SAST (CodeQL)	Initialize CodeQL	2026-10-07T14:04:17.1018227Z 
3b SAST (CodeQL)	Initialize CodeQL	2026-10-07T14:04:17.1018742Z ##[endgroup]
3b SAST (CodeQL)	Initialize CodeQL	2026-10-07T14:04:17.1026052Z [command]/opt/hostedtoolcache/CodeQL/2.27.1/x64/codeql/codeql database init --force-overwrite --db-cluster /home/runner/work/_temp/codeql_databases --source-root=/home/runner/work/devops-coursework/devops-coursework --calculate-language-specific-baseline --sublanguage-file-coverage --extractor-include-aliases --language=python --codescanning-config=/home/runner/work/_temp/user-config.yaml
3b SAST (CodeQL)	Initialize CodeQL	2026-10-07T14:04:19.4737155Z Package install location: /home/runner/.codeql/packages
3b SAST (CodeQL)	Initialize CodeQL	2026-10-07T14:04:19.4742858Z Nothing downloaded.
3b SAST (CodeQL)	Initialize CodeQL	2026-10-07T14:04:21.4580132Z Calculating baseline information in /home/runner/work/devops-coursework/devops-coursework
3b SAST (CodeQL)	Initialize CodeQL	2026-10-07T14:04:22.3378621Z Calculated baseline information for languages: python (876ms).
3b SAST (CodeQL)	Initialize CodeQL	2026-10-07T14:04:22.7459941Z Resolving extractor python.
3b SAST (CodeQL)	Initialize CodeQL	2026-10-07T14:04:22.7496785Z Successfully loaded extractor Python (python) from /opt/hostedtoolcache/CodeQL/2.27.1/x64/codeql/python.
3b SAST (CodeQL)	Initialize CodeQL	2026-10-07T14:04:22.7975738Z Created skeleton CodeQL database at /home/runner/work/_temp/codeql_databases/python. This in-progress database is ready to be populated by an extractor.
3b SAST (CodeQL)	Analyze code	﻿2026-10-07T14:04:24.1329019Z ##[group]Run github/codeql-action/analyze@v3
3b SAST (CodeQL)	Analyze code	2026-10-07T14:04:24.1329344Z with:
3b SAST (CodeQL)	Analyze code	2026-10-07T14:04:24.1329555Z   category: session17-devsecops
3b SAST (CodeQL)	Analyze code	2026-10-07T14:04:24.1329810Z   output: ../results
3b SAST (CodeQL)	Analyze code	2026-10-07T14:04:24.1330021Z   upload: always
3b SAST (CodeQL)	Analyze code	2026-10-07T14:04:24.1330233Z   skip-queries: false
3b SAST (CodeQL)	Analyze code	2026-10-07T14:04:24.1330555Z   checkout_path: /home/runner/work/devops-coursework/devops-coursework
3b SAST (CodeQL)	Analyze code	2026-10-07T14:04:24.1330940Z   upload-database: true
3b SAST (CodeQL)	Analyze code	2026-10-07T14:04:24.1331179Z   wait-for-processing: true
3b SAST (CodeQL)	Analyze code	2026-10-07T14:04:24.1333746Z   token: ***
3b SAST (CodeQL)	Analyze code	2026-10-07T14:04:24.1334261Z   matrix: null
3b SAST (CodeQL)	Analyze code	2026-10-07T14:04:24.1334481Z   expect-error: false
3b SAST (CodeQL)	Analyze code	2026-10-07T14:04:24.1334707Z env:
3b SAST (CodeQL)	Analyze code	2026-10-07T14:04:24.1334901Z   APP_DIR: labs/17-devsecops
3b SAST (CodeQL)	Analyze code	2026-10-07T14:04:24.1335161Z   IMAGE_NAME: claim-check-api
3b SAST (CodeQL)	Analyze code	2026-10-07T14:04:24.1335402Z   TRIVY_VERSION: 0.75.0
3b SAST (CodeQL)	Analyze code	2026-10-07T14:04:24.1335625Z   GITLEAKS_VERSION: 8.30.1
3b SAST (CodeQL)	Analyze code	2026-10-07T14:04:24.1335853Z   PYTHON_VERSION: 3.13
3b SAST (CodeQL)	Analyze code	2026-10-07T14:04:24.1336153Z   CODEQL_ACTION_JOB_RUN_UUID: be2100a1-70cd-471f-bf15-c8b95a89c47c
3b SAST (CodeQL)	Analyze code	2026-10-07T14:04:24.1336574Z   CODEQL_ACTION_FEATURE_MULTI_LANGUAGE: false
3b SAST (CodeQL)	Analyze code	2026-10-07T14:04:24.1336872Z   CODEQL_ACTION_FEATURE_SANDWICH: false
3b SAST (CodeQL)	Analyze code	2026-10-07T14:04:24.1337159Z   CODEQL_ACTION_FEATURE_SARIF_COMBINE: true
3b SAST (CodeQL)	Analyze code	2026-10-07T14:04:24.1337451Z   CODEQL_ACTION_FEATURE_WILL_UPLOAD: true
3b SAST (CodeQL)	Analyze code	2026-10-07T14:04:24.1337729Z   CODEQL_ACTION_VERSION: 3.38.2
3b SAST (CodeQL)	Analyze code	2026-10-07T14:04:24.1338004Z   CODEQL_ACTION_DID_LOG_VERSION_DEPRECATION: true
3b SAST (CodeQL)	Analyze code	2026-10-07T14:04:24.1338313Z   CODEQL_ACTION_INIT_HAS_RUN: true
3b SAST (CodeQL)	Analyze code	2026-10-07T14:04:24.1338862Z   CODEQL_ACTION_ANALYSIS_KEY: .github/workflows/session17-devsecops.yml:codeql
3b SAST (CodeQL)	Analyze code	2026-10-07T14:04:24.1339309Z   CODEQL_WORKFLOW_STARTED_AT: 2026-10-07T14:04:08.643Z
3b SAST (CodeQL)	Analyze code	2026-10-07T14:04:24.1339619Z   CODEQL_ACTION_HAS_SET_UP_CODEQL: true
3b SAST (CodeQL)	Analyze code	2026-10-07T14:04:24.1339877Z   CODEQL_RAM: 14575
3b SAST (CodeQL)	Analyze code	2026-10-07T14:04:24.1340080Z   CODEQL_THREADS: 4
3b SAST (CodeQL)	Analyze code	2026-10-07T14:04:24.1340281Z ##[endgroup]
3b SAST (CodeQL)	Analyze code	2026-10-07T14:04:24.3860748Z Existing job run UUID is be2100a1-70cd-471f-bf15-c8b95a89c47c.
3b SAST (CodeQL)	Analyze code	2026-10-07T14:04:24.8804512Z While resolving threads, found a cgroup CPUs file with 4 CPUs in /sys/fs/cgroup/cpuset.cpus.effective.
3b SAST (CodeQL)	Analyze code	2026-10-07T14:04:24.8839884Z ##[group]Generating diff range extension pack
3b SAST (CodeQL)	Analyze code	2026-10-07T14:04:24.8842021Z No precomputed diff ranges found; skipping diff-informed analysis stage.
3b SAST (CodeQL)	Analyze code	2026-10-07T14:04:24.8842990Z ##[endgroup]
3b SAST (CodeQL)	Analyze code	2026-10-07T14:04:25.8772776Z ##[group]Extracting python
3b SAST (CodeQL)	Analyze code	2026-10-07T14:04:25.8776833Z [command]/opt/hostedtoolcache/CodeQL/2.27.1/x64/codeql/codeql database trace-command --index-traceless-dbs /home/runner/work/_temp/codeql_databases/python
3b SAST (CodeQL)	Analyze code	2026-10-07T14:04:26.7409936Z Running command in /home/runner/work/devops-coursework/devops-coursework: [/opt/hostedtoolcache/CodeQL/2.27.1/x64/codeql/python/tools/autobuild.sh]
3b SAST (CodeQL)	Analyze code	2026-10-07T14:04:26.8638160Z [2026-10-07 14:04:26] [build-stderr] /bin/sh: 1: python2: not found
3b SAST (CodeQL)	Analyze code	2026-10-07T14:04:26.8936515Z [2026-10-07 14:04:26] [build-stdout] No directories containing root identifiers were found. Returning working directory as root.
3b SAST (CodeQL)	Analyze code	2026-10-07T14:04:26.8941301Z [2026-10-07 14:04:26] [build-stdout] Will try to guess Python version, as it was not specified in `lgtm.yml`
3b SAST (CodeQL)	Analyze code	2026-10-07T14:04:26.8942101Z [2026-10-07 14:04:26] [build-stdout] Trying to guess Python version based on Trove classifiers in setup.py
3b SAST (CodeQL)	Analyze code	2026-10-07T14:04:26.8942912Z [2026-10-07 14:04:26] [build-stdout] Did not find setup.py (expected it to be at /home/runner/work/devops-coursework/devops-coursework/setup.py)
3b SAST (CodeQL)	Analyze code	2026-10-07T14:04:26.8943663Z [2026-10-07 14:04:26] [build-stdout] Trying to guess Python version based on travis file
3b SAST (CodeQL)	Analyze code	2026-10-07T14:04:26.8945028Z [2026-10-07 14:04:26] [build-stdout] Did not find any travis files (expected them at either ['/home/runner/work/devops-coursework/devops-coursework/.travis.yml', '/home/runner/work/devops-coursework/devops-coursework/travis.yml'])
3b SAST (CodeQL)	Analyze code	2026-10-07T14:04:26.8946110Z [2026-10-07 14:04:26] [build-stdout] Trying to guess Python version based on installed versions
3b SAST (CodeQL)	Analyze code	2026-10-07T14:04:26.8946737Z [2026-10-07 14:04:26] [build-stdout] Wanted to run Python 2, but it is not available. Using Python 3 instead
3b SAST (CodeQL)	Analyze code	2026-10-07T14:04:26.8947754Z [2026-10-07 14:04:26] [build-stdout] This script is running Python 3, but Python 2 is also available (as 'python3')
3b SAST (CodeQL)	Analyze code	2026-10-07T14:04:26.8948406Z [2026-10-07 14:04:26] [build-stdout] Could not guess Python version, will use default: Python 3
3b SAST (CodeQL)	Analyze code	2026-10-07T14:04:26.8949670Z [2026-10-07 14:04:26] [build-stdout] Calling python3 -S /opt/hostedtoolcache/CodeQL/2.27.1/x64/codeql/python/tools/python_tracer.py --verbosity 3 -z all -c /home/runner/work/_temp/codeql_databases/python/working/trap_cache -R labs/17-devsecops/app --filter include:labs/17-devsecops/app
3b SAST (CodeQL)	Analyze code	2026-10-07T14:04:27.3239104Z [2026-10-07 14:04:27] [build-stdout] INFO: The Python extractor has recently stopped extracting the standard library by default. If you encounter problems, please let us know by submitting an issue to https://github.com/github/codeql. It is possible to re-enable extraction of the standard library by setting the environment variable CODEQL_EXTRACTOR_PYTHON_EXTRACT_STDLIB.
3b SAST (CodeQL)	Analyze code	2026-10-07T14:04:27.3257309Z [2026-10-07 14:04:27] [build-stdout] [INFO] Extraction will use the Python 3 standard library.
3b SAST (CodeQL)	Analyze code	2026-10-07T14:04:27.3272569Z [2026-10-07 14:04:27] [build-stdout] [INFO] sys_path is: ['/opt/hostedtoolcache/CodeQL/2.27.1/x64/codeql/python/tools', '/usr/lib/python312.zip', '/usr/lib/python3.12', '/usr/lib/python3.12/lib-dynload']
3b SAST (CodeQL)	Analyze code	2026-10-07T14:04:27.3454865Z [2026-10-07 14:04:27] [build-stdout] [INFO] Python version 3.12.3
3b SAST (CodeQL)	Analyze code	2026-10-07T14:04:27.3456185Z [2026-10-07 14:04:27] [build-stdout] [INFO] Python extractor version 7.1.10
3b SAST (CodeQL)	Analyze code	2026-10-07T14:04:27.4173535Z [2026-10-07 14:04:27] [build-stdout] [INFO] [3] Extracted file /home/runner/work/devops-coursework/devops-coursework/labs/17-devsecops/app/__init__.py in 7ms
3b SAST (CodeQL)	Analyze code	2026-10-07T14:04:27.4208924Z [2026-10-07 14:04:27] [build-stdout] [INFO] [4] Extracted folder /home/runner/work/devops-coursework/devops-coursework/labs/17-devsecops/app in 2ms
3b SAST (CodeQL)	Analyze code	2026-10-07T14:04:27.4665009Z [2026-10-07 14:04:27] [build-stdout] [INFO] [1] Extracted file /home/runner/work/devops-coursework/devops-coursework/labs/17-devsecops/app/server.py in 67ms
3b SAST (CodeQL)	Analyze code	2026-10-07T14:04:27.4667017Z [2026-10-07 14:04:27] [build-stdout] [INFO] [3] Skipped built-in file /usr/lib/python3.12/os.py
3b SAST (CodeQL)	Analyze code	2026-10-07T14:04:27.4760236Z [2026-10-07 14:04:27] [build-stdout] [INFO] [2] Extracted file /home/runner/work/devops-coursework/devops-coursework/labs/17-devsecops/app/claims.py in 76ms
3b SAST (CodeQL)	Analyze code	2026-10-07T14:04:27.4765581Z [2026-10-07 14:04:27] [build-stdout] [INFO] [1] Skipped built-in file /usr/lib/python3.12/decimal.py
3b SAST (CodeQL)	Analyze code	2026-10-07T14:04:27.4767100Z [2026-10-07 14:04:27] [build-stdout] [INFO] [1] Skipped built-in file /usr/lib/python3.12/secrets.py
3b SAST (CodeQL)	Analyze code	2026-10-07T14:04:27.4779856Z [2026-10-07 14:04:27] [build-stdout] [INFO] [4] Skipped built-in file /usr/lib/python3.12/hashlib.py
3b SAST (CodeQL)	Analyze code	2026-10-07T14:04:27.5246618Z [2026-10-07 14:04:27] [build-stdout] [INFO] Processed 8 modules in 0.19s
3b SAST (CodeQL)	Analyze code	2026-10-07T14:04:27.5659698Z ##[endgroup]
3b SAST (CodeQL)	Analyze code	2026-10-07T14:04:27.5668198Z ##[group]Finalizing python
3b SAST (CodeQL)	Analyze code	2026-10-07T14:04:27.5670312Z [command]/opt/hostedtoolcache/CodeQL/2.27.1/x64/codeql/codeql database finalize --finalize-dataset --threads=4 --ram=14575 /home/runner/work/_temp/codeql_databases/python
3b SAST (CodeQL)	Analyze code	2026-10-07T14:04:28.3755229Z Running pre-finalize script /opt/hostedtoolcache/CodeQL/2.27.1/x64/codeql/python/tools/pre-finalize.sh in /home/runner/work/devops-coursework/devops-coursework.
3b SAST (CodeQL)	Analyze code	2026-10-07T14:04:28.4553108Z Running command in /home/runner/work/devops-coursework/devops-coursework: [/opt/hostedtoolcache/CodeQL/2.27.1/x64/codeql/python/tools/pre-finalize.sh]
3b SAST (CodeQL)	Analyze code	2026-10-07T14:04:29.2722547Z [2026-10-07 14:04:29] [build-stderr] Scanning for files in /home/runner/work/devops-coursework/devops-coursework...
3b SAST (CodeQL)	Analyze code	2026-10-07T14:04:29.3889964Z Pre-finalize script /opt/hostedtoolcache/CodeQL/2.27.1/x64/codeql/python/tools/pre-finalize.sh completed in 1013 ms.
3b SAST (CodeQL)	Analyze code	2026-10-07T14:04:29.3923666Z Running TRAP import for CodeQL database at /home/runner/work/_temp/codeql_databases/python...
3b SAST (CodeQL)	Analyze code	2026-10-07T14:04:30.4104292Z Importing TRAP files
3b SAST (CodeQL)	Analyze code	2026-10-07T14:04:31.0535308Z Merging relations
3b SAST (CodeQL)	Analyze code	2026-10-07T14:04:31.3085252Z Finished writing database (relations: 67.53 KiB; string pool: 2.08 MiB).
3b SAST (CodeQL)	Analyze code	2026-10-07T14:04:31.3302172Z TRAP import complete (1.9s).
3b SAST (CodeQL)	Analyze code	2026-10-07T14:04:31.5662576Z Finished zipping source archive (2.92 KiB).
3b SAST (CodeQL)	Analyze code	2026-10-07T14:04:31.5780952Z ##[endgroup]
3b SAST (CodeQL)	Analyze code	2026-10-07T14:04:32.5420074Z ##[group]Running queries for python
3b SAST (CodeQL)	Analyze code	2026-10-07T14:04:32.5421979Z [command]/opt/hostedtoolcache/CodeQL/2.27.1/x64/codeql/codeql database run-queries --ram=14575 --threads=4 --expect-discarded-cache /home/runner/work/_temp/codeql_databases/python --min-disk-free=1024 -v
3b SAST (CodeQL)	Analyze code	2026-10-07T14:04:33.3198899Z Writing logs to /home/runner/work/_temp/codeql_databases/python/log/database-run-queries-20261007.140433.317.log.
3b SAST (CodeQL)	Analyze code	2026-10-07T14:04:33.9638324Z Writing logs to /home/runner/work/_temp/codeql_databases/python/log/execute-queries-20261007.140433.961.log.
3b SAST (CodeQL)	Analyze code	2026-10-07T14:04:34.3151007Z Recording pack reference codeql/python-queries at /opt/hostedtoolcache/CodeQL/2.27.1/x64/codeql/qlpacks/codeql/python-queries/1.8.11.
3b SAST (CodeQL)	Analyze code	2026-10-07T14:04:34.5275185Z Resolving data extensions.
3b SAST (CodeQL)	Analyze code	2026-10-07T14:04:35.8400829Z Finished resolving data extensions.
3b SAST (CodeQL)	Analyze code	2026-10-07T14:04:35.8949535Z Loading data extensions.
3b SAST (CodeQL)	Analyze code	2026-10-07T14:04:36.2983246Z Finished loading data extensions.
3b SAST (CodeQL)	Analyze code	2026-10-07T14:04:37.3659582Z [1/45] Loaded /opt/hostedtoolcache/CodeQL/2.27.1/x64/codeql/qlpacks/codeql/python-queries/1.8.11/Expressions/UseofInput.qlx.
3b SAST (CodeQL)	Analyze code	2026-10-07T14:04:37.3715208Z [2/45] Loaded /opt/hostedtoolcache/CodeQL/2.27.1/x64/codeql/qlpacks/codeql/python-queries/1.8.11/Security/CWE-326/WeakCryptoKey.qlx.
3b SAST (CodeQL)	Analyze code	2026-10-07T14:04:37.6175657Z [3/45] Loaded /opt/hostedtoolcache/CodeQL/2.27.1/x64/codeql/qlpacks/codeql/python-queries/1.8.11/Security/CWE-116/BadTagFilter.qlx.
3b SAST (CodeQL)	Analyze code	2026-10-07T14:04:37.7784554Z [4/45] Loaded /opt/hostedtoolcache/CodeQL/2.27.1/x64/codeql/qlpacks/codeql/python-queries/1.8.11/Security/CWE-079/ReflectedXss.qlx.
3b SAST (CodeQL)	Analyze code	2026-10-07T14:04:37.8223466Z [5/45] Loaded /opt/hostedtoolcache/CodeQL/2.27.1/x64/codeql/qlpacks/codeql/python-queries/1.8.11/Security/CWE-918/FullServerSideRequestForgery.qlx.
3b SAST (CodeQL)	Analyze code	2026-10-07T14:04:37.8405432Z [6/45] Loaded /opt/hostedtoolcache/CodeQL/2.27.1/x64/codeql/qlpacks/codeql/python-queries/1.8.11/Security/CWE-022/PathInjection.qlx.
3b SAST (CodeQL)	Analyze code	2026-10-07T14:04:38.0452382Z [7/45] Loaded /opt/hostedtoolcache/CodeQL/2.27.1/x64/codeql/qlpacks/codeql/python-queries/1.8.11/Security/CWE-643/XpathInjection.qlx.
3b SAST (CodeQL)	Analyze code	2026-10-07T14:04:38.1295641Z [8/45] Loaded /opt/hostedtoolcache/CodeQL/2.27.1/x64/codeql/qlpacks/codeql/python-queries/1.8.11/Security/CWE-209/StackTraceExposure.qlx.
3b SAST (CodeQL)	Analyze code	2026-10-07T14:04:38.1395190Z [9/45] Loaded /opt/hostedtoolcache/CodeQL/2.27.1/x64/codeql/qlpacks/codeql/python-queries/1.8.11/Security/CWE-094/CodeInjection.qlx.
3b SAST (CodeQL)	Analyze code	2026-10-07T14:04:38.1525640Z [10/45] Loaded /opt/hostedtoolcache/CodeQL/2.27.1/x64/codeql/qlpacks/codeql/python-queries/1.8.11/Security/CWE-377/InsecureTemporaryFile.qlx.
3b SAST (CodeQL)	Analyze code	2026-10-07T14:04:38.2424667Z [11/45] Loaded /opt/hostedtoolcache/CodeQL/2.27.1/x64/codeql/qlpacks/codeql/python-queries/1.8.11/Security/CWE-730/ReDoS.qlx.
3b SAST (CodeQL)	Analyze code	2026-10-07T14:04:38.2785491Z [12/45] Loaded /opt/hostedtoolcache/CodeQL/2.27.1/x64/codeql/qlpacks/codeql/python-queries/1.8.11/Security/CWE-943/NoSqlInjection.qlx.
3b SAST (CodeQL)	Analyze code	2026-10-07T14:04:38.2895318Z [13/45] Loaded /opt/hostedtoolcache/CodeQL/2.27.1/x64/codeql/qlpacks/codeql/python-queries/1.8.11/Security/CWE-295/MissingHostKeyValidation.qlx.
3b SAST (CodeQL)	Analyze code	2026-10-07T14:04:38.3895886Z [14/45] Loaded /opt/hostedtoolcache/CodeQL/2.27.1/x64/codeql/qlpacks/codeql/python-queries/1.8.11/Security/CWE-730/RegexInjection.qlx.
3b SAST (CodeQL)	Analyze code	2026-10-07T14:04:38.4165743Z [15/45] Loaded /opt/hostedtoolcache/CodeQL/2.27.1/x64/codeql/qlpacks/codeql/python-queries/1.8.11/Security/CWE-730/PolynomialReDoS.qlx.
3b SAST (CodeQL)	Analyze code	2026-10-07T14:04:38.4675584Z [16/45] Loaded /opt/hostedtoolcache/CodeQL/2.27.1/x64/codeql/qlpacks/codeql/python-queries/1.8.11/Security/CWE-611/Xxe.qlx.
3b SAST (CodeQL)	Analyze code	2026-10-07T14:04:38.4705268Z [17/45] Loaded /opt/hostedtoolcache/CodeQL/2.27.1/x64/codeql/qlpacks/codeql/python-queries/1.8.11/Security/CWE-352/CSRFProtectionDisabled.qlx.
3b SAST (CodeQL)	Analyze code	2026-10-07T14:04:38.5326684Z [18/45] Loaded /opt/hostedtoolcache/CodeQL/2.27.1/x64/codeql/qlpacks/codeql/python-queries/1.8.11/Security/CWE-1275/SameSiteNoneCookie.qlx.
3b SAST (CodeQL)	Analyze code	2026-10-07T14:04:38.5795528Z [19/45] Loaded /opt/hostedtoolcache/CodeQL/2.27.1/x64/codeql/qlpacks/codeql/python-queries/1.8.11/Security/CWE-601/UrlRedirect.qlx.
3b SAST (CodeQL)	Analyze code	2026-10-07T14:04:38.6275868Z [20/45] Loaded /opt/hostedtoolcache/CodeQL/2.27.1/x64/codeql/qlpacks/codeql/python-queries/1.8.11/Security/CWE-312/CleartextStorage.qlx.
3b SAST (CodeQL)	Analyze code	2026-10-07T14:04:38.6577184Z [21/45] Loaded /opt/hostedtoolcache/CodeQL/2.27.1/x64/codeql/qlpacks/codeql/python-queries/1.8.11/Security/CWE-1004/NonHttpOnlyCookie.qlx.
3b SAST (CodeQL)	Analyze code	2026-10-07T14:04:38.6605385Z [22/45] Loaded /opt/hostedtoolcache/CodeQL/2.27.1/x64/codeql/qlpacks/codeql/python-queries/1.8.11/Security/CWE-312/CleartextLogging.qlx.
3b SAST (CodeQL)	Analyze code	2026-10-07T14:04:38.7145548Z [23/45] Loaded /opt/hostedtoolcache/CodeQL/2.27.1/x64/codeql/qlpacks/codeql/python-queries/1.8.11/Security/CWE-776/XmlBomb.qlx.
3b SAST (CodeQL)	Analyze code	2026-10-07T14:04:38.8025545Z [24/45] Loaded /opt/hostedtoolcache/CodeQL/2.27.1/x64/codeql/qlpacks/codeql/python-queries/1.8.11/Security/CVE-2018-1281/BindToAllInterfaces.qlx.
3b SAST (CodeQL)	Analyze code	2026-10-07T14:04:38.8145229Z [25/45] Loaded /opt/hostedtoolcache/CodeQL/2.27.1/x64/codeql/qlpacks/codeql/python-queries/1.8.11/Security/CWE-502/UnsafeDeserialization.qlx.
3b SAST (CodeQL)	Analyze code	2026-10-07T14:04:38.8775292Z [26/45] Loaded /opt/hostedtoolcache/CodeQL/2.27.1/x64/codeql/qlpacks/codeql/python-queries/1.8.11/Security/CWE-215/FlaskDebug.qlx.
3b SAST (CodeQL)	Analyze code	2026-10-07T14:04:38.8890351Z [27/45] Loaded /opt/hostedtoolcache/CodeQL/2.27.1/x64/codeql/qlpacks/codeql/python-queries/1.8.11/Security/CWE-089/SqlInjection.qlx.
3b SAST (CodeQL)	Analyze code	2026-10-07T14:04:38.9112351Z [28/45] Loaded /opt/hostedtoolcache/CodeQL/2.27.1/x64/codeql/qlpacks/codeql/python-queries/1.8.11/Security/CWE-078/CommandInjection.qlx.
3b SAST (CodeQL)	Analyze code	2026-10-07T14:04:38.9745335Z [29/45] Loaded /opt/hostedtoolcache/CodeQL/2.27.1/x64/codeql/qlpacks/codeql/python-queries/1.8.11/Security/CWE-074/TemplateInjection.qlx.
3b SAST (CodeQL)	Analyze code	2026-10-07T14:04:39.0475511Z [30/45] Loaded /opt/hostedtoolcache/CodeQL/2.27.1/x64/codeql/qlpacks/codeql/python-queries/1.8.11/Security/CWE-327/BrokenCryptoAlgorithm.qlx.
3b SAST (CodeQL)	Analyze code	2026-10-07T14:04:39.1402821Z [31/45] Loaded /opt/hostedtoolcache/CodeQL/2.27.1/x64/codeql/qlpacks/codeql/python-queries/1.8.11/Security/CWE-327/InsecureProtocol.qlx.
3b SAST (CodeQL)	Analyze code	2026-10-07T14:04:39.1465100Z [32/45] Loaded /opt/hostedtoolcache/CodeQL/2.27.1/x64/codeql/qlpacks/codeql/python-queries/1.8.11/Security/CWE-327/InsecureDefaultProtocol.qlx.
3b SAST (CodeQL)	Analyze code	2026-10-07T14:04:39.1985466Z [33/45] Loaded /opt/hostedtoolcache/CodeQL/2.27.1/x64/codeql/qlpacks/codeql/python-queries/1.8.11/Security/CWE-327/WeakSensitiveDataHashing.qlx.
3b SAST (CodeQL)	Analyze code	2026-10-07T14:04:39.2125638Z [34/45] Loaded /opt/hostedtoolcache/CodeQL/2.27.1/x64/codeql/qlpacks/codeql/python-queries/1.8.11/Security/CWE-090/LdapInjection.qlx.
3b SAST (CodeQL)	Analyze code	2026-10-07T14:04:39.2215234Z [35/45] Loaded /opt/hostedtoolcache/CodeQL/2.27.1/x64/codeql/qlpacks/codeql/python-queries/1.8.11/Security/CWE-020/IncompleteUrlSubstringSanitization.qlx.
3b SAST (CodeQL)	Analyze code	2026-10-07T14:04:39.2595333Z [36/45] Loaded /opt/hostedtoolcache/CodeQL/2.27.1/x64/codeql/qlpacks/codeql/python-queries/1.8.11/Security/CWE-614/InsecureCookie.qlx.
3b SAST (CodeQL)	Analyze code	2026-10-07T14:04:39.3135523Z [37/45] Loaded /opt/hostedtoolcache/CodeQL/2.27.1/x64/codeql/qlpacks/codeql/python-queries/1.8.11/Security/CWE-020/IncompleteHostnameRegExp.qlx.
3b SAST (CodeQL)	Analyze code	2026-10-07T14:04:39.3195145Z [38/45] Loaded /opt/hostedtoolcache/CodeQL/2.27.1/x64/codeql/qlpacks/codeql/python-queries/1.8.11/Security/CWE-285/PamAuthorization.qlx.
3b SAST (CodeQL)	Analyze code	2026-10-07T14:04:39.3255112Z [39/45] Loaded /opt/hostedtoolcache/CodeQL/2.27.1/x64/codeql/qlpacks/codeql/python-queries/1.8.11/Security/CWE-020/OverlyLargeRange.qlx.
3b SAST (CodeQL)	Analyze code	2026-10-07T14:04:39.3285198Z [40/45] Loaded /opt/hostedtoolcache/CodeQL/2.27.1/x64/codeql/qlpacks/codeql/python-queries/1.8.11/Diagnostics/ExtractionWarnings.qlx.
3b SAST (CodeQL)	Analyze code	2026-10-07T14:04:39.3344969Z [41/45] Loaded /opt/hostedtoolcache/CodeQL/2.27.1/x64/codeql/qlpacks/codeql/python-queries/1.8.11/Diagnostics/ExtractedFiles.qlx.
3b SAST (CodeQL)	Analyze code	2026-10-07T14:04:39.3404927Z [42/45] Loaded /opt/hostedtoolcache/CodeQL/2.27.1/x64/codeql/qlpacks/codeql/python-queries/1.8.11/Summary/LinesOfCode.qlx.
3b SAST (CodeQL)	Analyze code	2026-10-07T14:04:39.3464970Z [43/45] Loaded /opt/hostedtoolcache/CodeQL/2.27.1/x64/codeql/qlpacks/codeql/python-queries/1.8.11/Summary/LinesOfUserCode.qlx.
3b SAST (CodeQL)	Analyze code	2026-10-07T14:04:39.3995482Z [44/45] Loaded /opt/hostedtoolcache/CodeQL/2.27.1/x64/codeql/qlpacks/codeql/python-queries/1.8.11/Security/CWE-020/CookieInjection.qlx.
3b SAST (CodeQL)	Analyze code	2026-10-07T14:04:39.4234945Z [45/45] Loaded /opt/hostedtoolcache/CodeQL/2.27.1/x64/codeql/qlpacks/codeql/python-queries/1.8.11/Security/CWE-113/HeaderInjection.qlx.
3b SAST (CodeQL)	Analyze code	2026-10-07T14:04:39.8253472Z Starting evaluation of codeql/python-queries/Diagnostics/ExtractedFiles.ql.
3b SAST (CodeQL)	Analyze code	2026-10-07T14:04:39.8315035Z Starting evaluation of codeql/python-queries/Diagnostics/ExtractionWarnings.ql.
3b SAST (CodeQL)	Analyze code	2026-10-07T14:04:39.8325174Z Starting evaluation of codeql/python-queries/Expressions/UseofInput.ql.
3b SAST (CodeQL)	Analyze code	2026-10-07T14:04:39.8329347Z Starting evaluation of codeql/python-queries/Security/CVE-2018-1281/BindToAllInterfaces.ql.
3b SAST (CodeQL)	Analyze code	2026-10-07T14:04:39.9756387Z Starting evaluation of codeql/python-queries/Security/CWE-020/CookieInjection.ql.
3b SAST (CodeQL)	Analyze code	2026-10-07T14:04:39.9838152Z [1/45 eval 152ms] Evaluation done; writing results to codeql/python-queries/Diagnostics/ExtractionWarnings.bqrs.
3b SAST (CodeQL)	Analyze code	2026-10-07T14:04:39.9970397Z Starting evaluation of codeql/python-queries/Security/CWE-020/IncompleteHostnameRegExp.ql.
3b SAST (CodeQL)	Analyze code	2026-10-07T14:04:40.1595450Z [2/45 eval 334ms] Evaluation done; writing results to codeql/python-queries/Diagnostics/ExtractedFiles.bqrs.
3b SAST (CodeQL)	Analyze code	2026-10-07T14:04:40.7465432Z Starting evaluation of codeql/python-queries/Security/CWE-020/IncompleteUrlSubstringSanitization.ql.
3b SAST (CodeQL)	Analyze code	2026-10-07T14:04:40.7577376Z Starting evaluation of codeql/python-queries/Security/CWE-020/OverlyLargeRange.ql.
3b SAST (CodeQL)	Analyze code	2026-10-07T14:04:40.7660608Z Starting evaluation of codeql/python-queries/Security/CWE-022/PathInjection.ql.
3b SAST (CodeQL)	Analyze code	2026-10-07T14:04:40.7736856Z Starting evaluation of codeql/python-queries/Security/CWE-074/TemplateInjection.ql.
3b SAST (CodeQL)	Analyze code	2026-10-07T14:04:40.7805318Z [3/45 eval 25ms] Evaluation done; writing results to codeql/python-queries/Security/CWE-020/IncompleteUrlSubstringSanitization.bqrs.
3b SAST (CodeQL)	Analyze code	2026-10-07T14:04:40.9408143Z Starting evaluation of codeql/python-queries/Security/CWE-078/CommandInjection.ql.
3b SAST (CodeQL)	Analyze code	2026-10-07T14:04:40.9855086Z Starting evaluation of codeql/python-queries/Security/CWE-079/ReflectedXss.ql.
3b SAST (CodeQL)	Analyze code	2026-10-07T14:04:40.9954792Z Starting evaluation of codeql/python-queries/Security/CWE-089/SqlInjection.ql.
3b SAST (CodeQL)	Analyze code	2026-10-07T14:04:41.0145174Z Starting evaluation of codeql/python-queries/Security/CWE-090/LdapInjection.ql.
3b SAST (CodeQL)	Analyze code	2026-10-07T14:04:41.0485294Z Starting evaluation of codeql/python-queries/Security/CWE-094/CodeInjection.ql.
3b SAST (CodeQL)	Analyze code	2026-10-07T14:04:41.0486699Z Starting evaluation of codeql/python-queries/Security/CWE-1004/NonHttpOnlyCookie.ql.
3b SAST (CodeQL)	Analyze code	2026-10-07T14:04:41.1285370Z Starting evaluation of codeql/python-queries/Security/CWE-113/HeaderInjection.ql.
3b SAST (CodeQL)	Analyze code	2026-10-07T14:04:41.1415234Z Starting evaluation of codeql/python-queries/Security/CWE-116/BadTagFilter.ql.
3b SAST (CodeQL)	Analyze code	2026-10-07T14:04:41.1424964Z Starting evaluation of codeql/python-queries/Security/CWE-1275/SameSiteNoneCookie.ql.
3b SAST (CodeQL)	Analyze code	2026-10-07T14:04:41.1505075Z Starting evaluation of codeql/python-queries/Security/CWE-209/StackTraceExposure.ql.
3b SAST (CodeQL)	Analyze code	2026-10-07T14:04:41.1515074Z Starting evaluation of codeql/python-queries/Security/CWE-215/FlaskDebug.ql.
3b SAST (CodeQL)	Analyze code	2026-10-07T14:04:41.2275005Z Starting evaluation of codeql/python-queries/Security/CWE-285/PamAuthorization.ql.
3b SAST (CodeQL)	Analyze code	2026-10-07T14:04:41.3790142Z Starting evaluation of codeql/python-queries/Security/CWE-295/MissingHostKeyValidation.ql.
3b SAST (CodeQL)	Analyze code	2026-10-07T14:04:41.3815722Z Starting evaluation of codeql/python-queries/Security/CWE-312/CleartextLogging.ql.
3b SAST (CodeQL)	Analyze code	2026-10-07T14:04:41.3985218Z Starting evaluation of codeql/python-queries/Security/CWE-312/CleartextStorage.ql.
3b SAST (CodeQL)	Analyze code	2026-10-07T14:04:41.5690864Z Starting evaluation of codeql/python-queries/Security/CWE-326/WeakCryptoKey.ql.
3b SAST (CodeQL)	Analyze code	2026-10-07T14:04:41.5744793Z Starting evaluation of codeql/python-queries/Security/CWE-327/BrokenCryptoAlgorithm.ql.
3b SAST (CodeQL)	Analyze code	2026-10-07T14:04:41.5746107Z Starting evaluation of codeql/python-queries/Security/CWE-327/InsecureDefaultProtocol.ql.
3b SAST (CodeQL)	Analyze code	2026-10-07T14:04:41.5805024Z Starting evaluation of codeql/python-queries/Security/CWE-327/InsecureProtocol.ql.
3b SAST (CodeQL)	Analyze code	2026-10-07T14:04:41.5834921Z Starting evaluation of codeql/python-queries/Security/CWE-327/WeakSensitiveDataHashing.ql.
3b SAST (CodeQL)	Analyze code	2026-10-07T14:04:41.5865940Z Starting evaluation of codeql/python-queries/Security/CWE-352/CSRFProtectionDisabled.ql.
3b SAST (CodeQL)	Analyze code	2026-10-07T14:04:41.5869694Z Starting evaluation of codeql/python-queries/Security/CWE-377/InsecureTemporaryFile.ql.
3b SAST (CodeQL)	Analyze code	2026-10-07T14:04:41.5871432Z Starting evaluation of codeql/python-queries/Security/CWE-502/UnsafeDeserialization.ql.
3b SAST (CodeQL)	Analyze code	2026-10-07T14:04:41.5872878Z [4/45 eval 5ms] Evaluation done; writing results to codeql/python-queries/Security/CWE-352/CSRFProtectionDisabled.bqrs.
3b SAST (CodeQL)	Analyze code	2026-10-07T14:04:41.5975428Z Starting evaluation of codeql/python-queries/Security/CWE-601/UrlRedirect.ql.
3b SAST (CodeQL)	Analyze code	2026-10-07T14:04:41.6288980Z Starting evaluation of codeql/python-queries/Security/CWE-611/Xxe.ql.
3b SAST (CodeQL)	Analyze code	2026-10-07T14:04:41.6415663Z Starting evaluation of codeql/python-queries/Security/CWE-614/InsecureCookie.ql.
3b SAST (CodeQL)	Analyze code	2026-10-07T14:04:41.6461621Z Starting evaluation of codeql/python-queries/Security/CWE-643/XpathInjection.ql.
3b SAST (CodeQL)	Analyze code	2026-10-07T14:04:41.6769097Z Starting evaluation of codeql/python-queries/Security/CWE-730/PolynomialReDoS.ql.
3b SAST (CodeQL)	Analyze code	2026-10-07T14:04:41.6926595Z Starting evaluation of codeql/python-queries/Security/CWE-730/ReDoS.ql.
3b SAST (CodeQL)	Analyze code	2026-10-07T14:04:41.6946794Z Starting evaluation of codeql/python-queries/Security/CWE-730/RegexInjection.ql.
3b SAST (CodeQL)	Analyze code	2026-10-07T14:04:41.7260213Z Starting evaluation of codeql/python-queries/Security/CWE-776/XmlBomb.ql.
3b SAST (CodeQL)	Analyze code	2026-10-07T14:04:41.7565491Z [5/45 eval 184ms] Evaluation done; writing results to codeql/python-queries/Security/CWE-327/InsecureDefaultProtocol.bqrs.
3b SAST (CodeQL)	Analyze code	2026-10-07T14:04:41.7628088Z [6/45 eval 1.9s] Evaluation done; writing results to codeql/python-queries/Expressions/UseofInput.bqrs.
3b SAST (CodeQL)	Analyze code	2026-10-07T14:04:41.7675197Z [7/45 eval 380ms] Evaluation done; writing results to codeql/python-queries/Security/CWE-295/MissingHostKeyValidation.bqrs.
3b SAST (CodeQL)	Analyze code	2026-10-07T14:04:41.9508599Z [8/45 eval 380ms] Evaluation done; writing results to codeql/python-queries/Security/CWE-326/WeakCryptoKey.bqrs.
3b SAST (CodeQL)	Analyze code	2026-10-07T14:04:41.9755514Z Starting evaluation of codeql/python-queries/Security/CWE-918/FullServerSideRequestForgery.ql.
3b SAST (CodeQL)	Analyze code	2026-10-07T14:04:41.9780644Z Starting evaluation of codeql/python-queries/Security/CWE-943/NoSqlInjection.ql.
3b SAST (CodeQL)	Analyze code	2026-10-07T14:04:42.0054270Z Starting evaluation of codeql/python-queries/Summary/LinesOfCode.ql.
3b SAST (CodeQL)	Analyze code	2026-10-07T14:04:42.0076052Z [9/45 eval 5ms] Evaluation done; writing results to codeql/python-queries/Summary/LinesOfCode.bqrs.
3b SAST (CodeQL)	Analyze code	2026-10-07T14:04:42.0128462Z Starting evaluation of codeql/python-queries/Summary/LinesOfUserCode.ql.
3b SAST (CodeQL)	Analyze code	2026-10-07T14:04:42.0438157Z [10/45 eval 33ms] Evaluation done; writing results to codeql/python-queries/Summary/LinesOfUserCode.bqrs.
3b SAST (CodeQL)	Analyze code	2026-10-07T14:04:42.3838132Z [11/45 eval 1.2s] Evaluation done; writing results to codeql/python-queries/Security/CWE-285/PamAuthorization.bqrs.
3b SAST (CodeQL)	Analyze code	2026-10-07T14:04:42.4339473Z [12/45 eval 455ms] Evaluation done; writing results to codeql/python-queries/Security/CWE-943/NoSqlInjection.bqrs.
3b SAST (CodeQL)	Analyze code	2026-10-07T14:04:42.4690763Z [13/45 eval 2.6s] Evaluation done; writing results to codeql/python-queries/Security/CVE-2018-1281/BindToAllInterfaces.bqrs.
3b SAST (CodeQL)	Analyze code	2026-10-07T14:04:42.5203077Z [14/45 eval 1.7s] Evaluation done; writing results to codeql/python-queries/Security/CWE-074/TemplateInjection.bqrs.
3b SAST (CodeQL)	Analyze code	2026-10-07T14:04:42.5336235Z [15/45 eval 1.5s] Evaluation done; writing results to codeql/python-queries/Security/CWE-094/CodeInjection.bqrs.
3b SAST (CodeQL)	Analyze code	2026-10-07T14:04:42.5504762Z [16/45 eval 909ms] Evaluation done; writing results to codeql/python-queries/Security/CWE-643/XpathInjection.bqrs.
3b SAST (CodeQL)	Analyze code	2026-10-07T14:04:42.5786433Z [17/45 eval 853ms] Evaluation done; writing results to codeql/python-queries/Security/CWE-776/XmlBomb.bqrs.
3b SAST (CodeQL)	Analyze code	2026-10-07T14:04:42.5845122Z [18/45 eval 952ms] Evaluation done; writing results to codeql/python-queries/Security/CWE-611/Xxe.bqrs.
3b SAST (CodeQL)	Analyze code	2026-10-07T14:04:42.6014934Z [19/45 eval 999ms] Evaluation done; writing results to codeql/python-queries/Security/CWE-601/UrlRedirect.bqrs.
3b SAST (CodeQL)	Analyze code	2026-10-07T14:04:42.6778051Z [20/45 eval 2.7s] Evaluation done; writing results to codeql/python-queries/Security/CWE-020/IncompleteHostnameRegExp.bqrs.
3b SAST (CodeQL)	Analyze code	2026-10-07T14:04:42.6841631Z [21/45 eval 1.9s] Evaluation done; writing results to codeql/python-queries/Security/CWE-020/OverlyLargeRange.bqrs.
3b SAST (CodeQL)	Analyze code	2026-10-07T14:04:42.6843703Z [22/45 eval 1.5s] Evaluation done; writing results to codeql/python-queries/Security/CWE-116/BadTagFilter.bqrs.
3b SAST (CodeQL)	Analyze code	2026-10-07T14:04:42.6845615Z [23/45 eval 989ms] Evaluation done; writing results to codeql/python-queries/Security/CWE-730/ReDoS.bqrs.
3b SAST (CodeQL)	Analyze code	2026-10-07T14:04:42.6847165Z [24/45 eval 1s] Evaluation done; writing results to codeql/python-queries/Security/CWE-730/PolynomialReDoS.bqrs.
3b SAST (CodeQL)	Analyze code	2026-10-07T14:04:42.7472719Z [25/45 eval 1.6s] Evaluation done; writing results to codeql/python-queries/Security/CWE-113/HeaderInjection.bqrs.
3b SAST (CodeQL)	Analyze code	2026-10-07T14:04:42.7525981Z [26/45 eval 2.8s] Evaluation done; writing results to codeql/python-queries/Security/CWE-020/CookieInjection.bqrs.
3b SAST (CodeQL)	Analyze code	2026-10-07T14:04:42.7897656Z [27/45 eval 1.8s] Evaluation done; writing results to codeql/python-queries/Security/CWE-078/CommandInjection.bqrs.
3b SAST (CodeQL)	Analyze code	2026-10-07T14:04:42.8025216Z [28/45 eval 2s] Evaluation done; writing results to codeql/python-queries/Security/CWE-022/PathInjection.bqrs.
3b SAST (CodeQL)	Analyze code	2026-10-07T14:04:42.8174767Z [29/45 eval 1.8s] Evaluation done; writing results to codeql/python-queries/Security/CWE-089/SqlInjection.bqrs.
3b SAST (CodeQL)	Analyze code	2026-10-07T14:04:42.8237421Z [30/45 eval 1.8s] Evaluation done; writing results to codeql/python-queries/Security/CWE-079/ReflectedXss.bqrs.
3b SAST (CodeQL)	Analyze code	2026-10-07T14:04:42.8568568Z [31/45 eval 1.8s] Evaluation done; writing results to codeql/python-queries/Security/CWE-1004/NonHttpOnlyCookie.bqrs.
3b SAST (CodeQL)	Analyze code	2026-10-07T14:04:42.8611037Z [32/45 eval 1.2s] Evaluation done; writing results to codeql/python-queries/Security/CWE-614/InsecureCookie.bqrs.
3b SAST (CodeQL)	Analyze code	2026-10-07T14:04:42.8636029Z [33/45 eval 1.7s] Evaluation done; writing results to codeql/python-queries/Security/CWE-1275/SameSiteNoneCookie.bqrs.
3b SAST (CodeQL)	Analyze code	2026-10-07T14:04:42.8825600Z [34/45 eval 1.7s] Evaluation done; writing results to codeql/python-queries/Security/CWE-215/FlaskDebug.bqrs.
3b SAST (CodeQL)	Analyze code	2026-10-07T14:04:43.0145203Z [35/45 eval 1.6s] Evaluation done; writing results to codeql/python-queries/Security/CWE-312/CleartextStorage.bqrs.
3b SAST (CodeQL)	Analyze code	2026-10-07T14:04:43.0405425Z [36/45 eval 1.7s] Evaluation done; writing results to codeql/python-queries/Security/CWE-312/CleartextLogging.bqrs.
3b SAST (CodeQL)	Analyze code	2026-10-07T14:04:43.0581083Z [37/45 eval 1.9s] Evaluation done; writing results to codeql/python-queries/Security/CWE-209/StackTraceExposure.bqrs.
3b SAST (CodeQL)	Analyze code	2026-10-07T14:04:43.0947775Z [38/45 eval 1.5s] Evaluation done; writing results to codeql/python-queries/Security/CWE-327/BrokenCryptoAlgorithm.bqrs.
3b SAST (CodeQL)	Analyze code	2026-10-07T14:04:43.1070734Z [39/45 eval 2.1s] Evaluation done; writing results to codeql/python-queries/Security/CWE-090/LdapInjection.bqrs.
3b SAST (CodeQL)	Analyze code	2026-10-07T14:04:43.1365852Z [40/45 eval 1.6s] Evaluation done; writing results to codeql/python-queries/Security/CWE-377/InsecureTemporaryFile.bqrs.
3b SAST (CodeQL)	Analyze code	2026-10-07T14:04:43.1466433Z [41/45 eval 1.5s] Evaluation done; writing results to codeql/python-queries/Security/CWE-730/RegexInjection.bqrs.
3b SAST (CodeQL)	Analyze code	2026-10-07T14:04:43.1566849Z [42/45 eval 1.6s] Evaluation done; writing results to codeql/python-queries/Security/CWE-502/UnsafeDeserialization.bqrs.
3b SAST (CodeQL)	Analyze code	2026-10-07T14:04:43.2120960Z [43/45 eval 1.6s] Evaluation done; writing results to codeql/python-queries/Security/CWE-327/InsecureProtocol.bqrs.
3b SAST (CodeQL)	Analyze code	2026-10-07T14:04:43.2584882Z [44/45 eval 1.7s] Evaluation done; writing results to codeql/python-queries/Security/CWE-327/WeakSensitiveDataHashing.bqrs.
3b SAST (CodeQL)	Analyze code	2026-10-07T14:04:43.3111895Z [45/45 eval 1.3s] Evaluation done; writing results to codeql/python-queries/Security/CWE-918/FullServerSideRequestForgery.bqrs.
3b SAST (CodeQL)	Analyze code	2026-10-07T14:04:43.3113603Z Shutting down query evaluator.
3b SAST (CodeQL)	Analyze code	2026-10-07T14:04:43.3911584Z Interpreting code scanning results for python
3b SAST (CodeQL)	Analyze code	2026-10-07T14:04:44.1841777Z Writing logs to /home/runner/work/_temp/codeql_databases/python/log/database-interpret-results-20261007.140444.181.log.
3b SAST (CodeQL)	Analyze code	2026-10-07T14:04:44.3314871Z Recording pack reference codeql/python-queries at /opt/hostedtoolcache/CodeQL/2.27.1/x64/codeql/qlpacks/codeql/python-queries/1.8.11.
3b SAST (CodeQL)	Analyze code	2026-10-07T14:04:44.3602243Z Resolving extensions
3b SAST (CodeQL)	Analyze code	2026-10-07T14:04:45.7511066Z Interpreting /opt/hostedtoolcache/CodeQL/2.27.1/x64/codeql/qlpacks/codeql/python-queries/1.8.11/Expressions/UseofInput.ql...
3b SAST (CodeQL)	Analyze code	2026-10-07T14:04:45.7770374Z  ... found results file at /home/runner/work/_temp/codeql_databases/python/results/codeql/python-queries/Expressions/UseofInput.bqrs.
3b SAST (CodeQL)	Analyze code	2026-10-07T14:04:45.7945712Z Interpreting /opt/hostedtoolcache/CodeQL/2.27.1/x64/codeql/qlpacks/codeql/python-queries/1.8.11/Security/CWE-918/FullServerSideRequestForgery.ql...
3b SAST (CodeQL)	Analyze code	2026-10-07T14:04:45.8056459Z  ... found results file at /home/runner/work/_temp/codeql_databases/python/results/codeql/python-queries/Security/CWE-918/FullServerSideRequestForgery.bqrs.
3b SAST (CodeQL)	Analyze code	2026-10-07T14:04:45.8085039Z Interpreting /opt/hostedtoolcache/CodeQL/2.27.1/x64/codeql/qlpacks/codeql/python-queries/1.8.11/Security/CWE-079/ReflectedXss.ql...
3b SAST (CodeQL)	Analyze code	2026-10-07T14:04:45.8186851Z  ... found results file at /home/runner/work/_temp/codeql_databases/python/results/codeql/python-queries/Security/CWE-079/ReflectedXss.bqrs.
3b SAST (CodeQL)	Analyze code	2026-10-07T14:04:45.8206324Z Interpreting /opt/hostedtoolcache/CodeQL/2.27.1/x64/codeql/qlpacks/codeql/python-queries/1.8.11/Security/CWE-326/WeakCryptoKey.ql...
3b SAST (CodeQL)	Analyze code	2026-10-07T14:04:45.8310037Z  ... found results file at /home/runner/work/_temp/codeql_databases/python/results/codeql/python-queries/Security/CWE-326/WeakCryptoKey.bqrs.
3b SAST (CodeQL)	Analyze code	2026-10-07T14:04:45.8345083Z Interpreting /opt/hostedtoolcache/CodeQL/2.27.1/x64/codeql/qlpacks/codeql/python-queries/1.8.11/Security/CWE-022/PathInjection.ql...
3b SAST (CodeQL)	Analyze code	2026-10-07T14:04:45.8420292Z  ... found results file at /home/runner/work/_temp/codeql_databases/python/results/codeql/python-queries/Security/CWE-022/PathInjection.bqrs.
3b SAST (CodeQL)	Analyze code	2026-10-07T14:04:45.8435174Z Interpreting /opt/hostedtoolcache/CodeQL/2.27.1/x64/codeql/qlpacks/codeql/python-queries/1.8.11/Security/CWE-116/BadTagFilter.ql...
3b SAST (CodeQL)	Analyze code	2026-10-07T14:04:45.8516444Z  ... found results file at /home/runner/work/_temp/codeql_databases/python/results/codeql/python-queries/Security/CWE-116/BadTagFilter.bqrs.
3b SAST (CodeQL)	Analyze code	2026-10-07T14:04:45.8538074Z Interpreting /opt/hostedtoolcache/CodeQL/2.27.1/x64/codeql/qlpacks/codeql/python-queries/1.8.11/Security/CWE-943/NoSqlInjection.ql...
3b SAST (CodeQL)	Analyze code	2026-10-07T14:04:45.8615281Z  ... found results file at /home/runner/work/_temp/codeql_databases/python/results/codeql/python-queries/Security/CWE-943/NoSqlInjection.bqrs.
3b SAST (CodeQL)	Analyze code	2026-10-07T14:04:45.8645201Z Interpreting /opt/hostedtoolcache/CodeQL/2.27.1/x64/codeql/qlpacks/codeql/python-queries/1.8.11/Security/CWE-209/StackTraceExposure.ql...
3b SAST (CodeQL)	Analyze code	2026-10-07T14:04:45.8715217Z  ... found results file at /home/runner/work/_temp/codeql_databases/python/results/codeql/python-queries/Security/CWE-209/StackTraceExposure.bqrs.
3b SAST (CodeQL)	Analyze code	2026-10-07T14:04:45.8723300Z Interpreting /opt/hostedtoolcache/CodeQL/2.27.1/x64/codeql/qlpacks/codeql/python-queries/1.8.11/Security/CWE-643/XpathInjection.ql...
3b SAST (CodeQL)	Analyze code	2026-10-07T14:04:45.8811171Z  ... found results file at /home/runner/work/_temp/codeql_databases/python/results/codeql/python-queries/Security/CWE-643/XpathInjection.bqrs.
3b SAST (CodeQL)	Analyze code	2026-10-07T14:04:45.8845139Z Interpreting /opt/hostedtoolcache/CodeQL/2.27.1/x64/codeql/qlpacks/codeql/python-queries/1.8.11/Security/CWE-094/CodeInjection.ql...
3b SAST (CodeQL)	Analyze code	2026-10-07T14:04:45.8904565Z  ... found results file at /home/runner/work/_temp/codeql_databases/python/results/codeql/python-queries/Security/CWE-094/CodeInjection.bqrs.
3b SAST (CodeQL)	Analyze code	2026-10-07T14:04:45.8915127Z Interpreting /opt/hostedtoolcache/CodeQL/2.27.1/x64/codeql/qlpacks/codeql/python-queries/1.8.11/Security/CWE-377/InsecureTemporaryFile.ql...
3b SAST (CodeQL)	Analyze code	2026-10-07T14:04:45.8988962Z  ... found results file at /home/runner/work/_temp/codeql_databases/python/results/codeql/python-queries/Security/CWE-377/InsecureTemporaryFile.bqrs.
3b SAST (CodeQL)	Analyze code	2026-10-07T14:04:45.8996497Z Interpreting /opt/hostedtoolcache/CodeQL/2.27.1/x64/codeql/qlpacks/codeql/python-queries/1.8.11/Security/CWE-730/PolynomialReDoS.ql...
3b SAST (CodeQL)	Analyze code	2026-10-07T14:04:45.9105385Z  ... found results file at /home/runner/work/_temp/codeql_databases/python/results/codeql/python-queries/Security/CWE-730/PolynomialReDoS.bqrs.
3b SAST (CodeQL)	Analyze code	2026-10-07T14:04:45.9107211Z Interpreting /opt/hostedtoolcache/CodeQL/2.27.1/x64/codeql/qlpacks/codeql/python-queries/1.8.11/Security/CWE-730/ReDoS.ql...
3b SAST (CodeQL)	Analyze code	2026-10-07T14:04:45.9175130Z  ... found results file at /home/runner/work/_temp/codeql_databases/python/results/codeql/python-queries/Security/CWE-730/ReDoS.bqrs.
3b SAST (CodeQL)	Analyze code	2026-10-07T14:04:45.9225467Z Interpreting /opt/hostedtoolcache/CodeQL/2.27.1/x64/codeql/qlpacks/codeql/python-queries/1.8.11/Security/CWE-730/RegexInjection.ql...
3b SAST (CodeQL)	Analyze code	2026-10-07T14:04:45.9285265Z  ... found results file at /home/runner/work/_temp/codeql_databases/python/results/codeql/python-queries/Security/CWE-730/RegexInjection.bqrs.
3b SAST (CodeQL)	Analyze code	2026-10-07T14:04:45.9315842Z Interpreting /opt/hostedtoolcache/CodeQL/2.27.1/x64/codeql/qlpacks/codeql/python-queries/1.8.11/Security/CWE-295/MissingHostKeyValidation.ql...
3b SAST (CodeQL)	Analyze code	2026-10-07T14:04:45.9375517Z  ... found results file at /home/runner/work/_temp/codeql_databases/python/results/codeql/python-queries/Security/CWE-295/MissingHostKeyValidation.bqrs.
3b SAST (CodeQL)	Analyze code	2026-10-07T14:04:45.9405161Z Interpreting /opt/hostedtoolcache/CodeQL/2.27.1/x64/codeql/qlpacks/codeql/python-queries/1.8.11/Security/CWE-601/UrlRedirect.ql...
3b SAST (CodeQL)	Analyze code	2026-10-07T14:04:45.9465511Z  ... found results file at /home/runner/work/_temp/codeql_databases/python/results/codeql/python-queries/Security/CWE-601/UrlRedirect.bqrs.
3b SAST (CodeQL)	Analyze code	2026-10-07T14:04:45.9467854Z Interpreting /opt/hostedtoolcache/CodeQL/2.27.1/x64/codeql/qlpacks/codeql/python-queries/1.8.11/Security/CWE-611/Xxe.ql...
3b SAST (CodeQL)	Analyze code	2026-10-07T14:04:45.9545229Z  ... found results file at /home/runner/work/_temp/codeql_databases/python/results/codeql/python-queries/Security/CWE-611/Xxe.bqrs.
3b SAST (CodeQL)	Analyze code	2026-10-07T14:04:45.9563792Z Interpreting /opt/hostedtoolcache/CodeQL/2.27.1/x64/codeql/qlpacks/codeql/python-queries/1.8.11/Security/CWE-1275/SameSiteNoneCookie.ql...
3b SAST (CodeQL)	Analyze code	2026-10-07T14:04:45.9647166Z  ... found results file at /home/runner/work/_temp/codeql_databases/python/results/codeql/python-queries/Security/CWE-1275/SameSiteNoneCookie.bqrs.
3b SAST (CodeQL)	Analyze code	2026-10-07T14:04:45.9675351Z Interpreting /opt/hostedtoolcache/CodeQL/2.27.1/x64/codeql/qlpacks/codeql/python-queries/1.8.11/Security/CWE-352/CSRFProtectionDisabled.ql...
3b SAST (CodeQL)	Analyze code	2026-10-07T14:04:45.9715302Z  ... found results file at /home/runner/work/_temp/codeql_databases/python/results/codeql/python-queries/Security/CWE-352/CSRFProtectionDisabled.bqrs.
3b SAST (CodeQL)	Analyze code	2026-10-07T14:04:45.9723521Z Interpreting /opt/hostedtoolcache/CodeQL/2.27.1/x64/codeql/qlpacks/codeql/python-queries/1.8.11/Security/CWE-312/CleartextStorage.ql...
3b SAST (CodeQL)	Analyze code	2026-10-07T14:04:45.9875690Z  ... found results file at /home/runner/work/_temp/codeql_databases/python/results/codeql/python-queries/Security/CWE-312/CleartextStorage.bqrs.
3b SAST (CodeQL)	Analyze code	2026-10-07T14:04:45.9885445Z Interpreting /opt/hostedtoolcache/CodeQL/2.27.1/x64/codeql/qlpacks/codeql/python-queries/1.8.11/Security/CWE-312/CleartextLogging.ql...
3b SAST (CodeQL)	Analyze code	2026-10-07T14:04:45.9947167Z  ... found results file at /home/runner/work/_temp/codeql_databases/python/results/codeql/python-queries/Security/CWE-312/CleartextLogging.bqrs.
3b SAST (CodeQL)	Analyze code	2026-10-07T14:04:45.9955571Z Interpreting /opt/hostedtoolcache/CodeQL/2.27.1/x64/codeql/qlpacks/codeql/python-queries/1.8.11/Security/CWE-776/XmlBomb.ql...
3b SAST (CodeQL)	Analyze code	2026-10-07T14:04:46.0017720Z  ... found results file at /home/runner/work/_temp/codeql_databases/python/results/codeql/python-queries/Security/CWE-776/XmlBomb.bqrs.
3b SAST (CodeQL)	Analyze code	2026-10-07T14:04:46.0045975Z Interpreting /opt/hostedtoolcache/CodeQL/2.27.1/x64/codeql/qlpacks/codeql/python-queries/1.8.11/Security/CWE-1004/NonHttpOnlyCookie.ql...
3b SAST (CodeQL)	Analyze code	2026-10-07T14:04:46.0097832Z  ... found results file at /home/runner/work/_temp/codeql_databases/python/results/codeql/python-queries/Security/CWE-1004/NonHttpOnlyCookie.bqrs.
3b SAST (CodeQL)	Analyze code	2026-10-07T14:04:46.0118277Z Interpreting /opt/hostedtoolcache/CodeQL/2.27.1/x64/codeql/qlpacks/codeql/python-queries/1.8.11/Security/CWE-502/UnsafeDeserialization.ql...
3b SAST (CodeQL)	Analyze code	2026-10-07T14:04:46.0176315Z  ... found results file at /home/runner/work/_temp/codeql_databases/python/results/codeql/python-queries/Security/CWE-502/UnsafeDeserialization.bqrs.
3b SAST (CodeQL)	Analyze code	2026-10-07T14:04:46.0184492Z Interpreting /opt/hostedtoolcache/CodeQL/2.27.1/x64/codeql/qlpacks/codeql/python-queries/1.8.11/Security/CWE-089/SqlInjection.ql...
3b SAST (CodeQL)	Analyze code	2026-10-07T14:04:46.0229111Z  ... found results file at /home/runner/work/_temp/codeql_databases/python/results/codeql/python-queries/Security/CWE-089/SqlInjection.bqrs.
3b SAST (CodeQL)	Analyze code	2026-10-07T14:04:46.0239425Z Interpreting /opt/hostedtoolcache/CodeQL/2.27.1/x64/codeql/qlpacks/codeql/python-queries/1.8.11/Security/CVE-2018-1281/BindToAllInterfaces.ql...
3b SAST (CodeQL)	Analyze code	2026-10-07T14:04:46.0304772Z  ... found results file at /home/runner/work/_temp/codeql_databases/python/results/codeql/python-queries/Security/CVE-2018-1281/BindToAllInterfaces.bqrs.
3b SAST (CodeQL)	Analyze code	2026-10-07T14:04:46.0307237Z Interpreting /opt/hostedtoolcache/CodeQL/2.27.1/x64/codeql/qlpacks/codeql/python-queries/1.8.11/Security/CWE-078/CommandInjection.ql...
3b SAST (CodeQL)	Analyze code	2026-10-07T14:04:46.0375122Z  ... found results file at /home/runner/work/_temp/codeql_databases/python/results/codeql/python-queries/Security/CWE-078/CommandInjection.bqrs.
3b SAST (CodeQL)	Analyze code	2026-10-07T14:04:46.0385288Z Interpreting /opt/hostedtoolcache/CodeQL/2.27.1/x64/codeql/qlpacks/codeql/python-queries/1.8.11/Security/CWE-074/TemplateInjection.ql...
3b SAST (CodeQL)	Analyze code	2026-10-07T14:04:46.0455464Z  ... found results file at /home/runner/work/_temp/codeql_databases/python/results/codeql/python-queries/Security/CWE-074/TemplateInjection.bqrs.
3b SAST (CodeQL)	Analyze code	2026-10-07T14:04:46.0480446Z Interpreting /opt/hostedtoolcache/CodeQL/2.27.1/x64/codeql/qlpacks/codeql/python-queries/1.8.11/Security/CWE-215/FlaskDebug.ql...
3b SAST (CodeQL)	Analyze code	2026-10-07T14:04:46.0505753Z  ... found results file at /home/runner/work/_temp/codeql_databases/python/results/codeql/python-queries/Security/CWE-215/FlaskDebug.bqrs.
3b SAST (CodeQL)	Analyze code	2026-10-07T14:04:46.0524241Z Interpreting /opt/hostedtoolcache/CodeQL/2.27.1/x64/codeql/qlpacks/codeql/python-queries/1.8.11/Security/CWE-090/LdapInjection.ql...
3b SAST (CodeQL)	Analyze code	2026-10-07T14:04:46.0576652Z  ... found results file at /home/runner/work/_temp/codeql_databases/python/results/codeql/python-queries/Security/CWE-090/LdapInjection.bqrs.
3b SAST (CodeQL)	Analyze code	2026-10-07T14:04:46.0586626Z Interpreting /opt/hostedtoolcache/CodeQL/2.27.1/x64/codeql/qlpacks/codeql/python-queries/1.8.11/Security/CWE-327/WeakSensitiveDataHashing.ql...
3b SAST (CodeQL)	Analyze code	2026-10-07T14:04:46.0641104Z  ... found results file at /home/runner/work/_temp/codeql_databases/python/results/codeql/python-queries/Security/CWE-327/WeakSensitiveDataHashing.bqrs.
3b SAST (CodeQL)	Analyze code	2026-10-07T14:04:46.0665878Z Interpreting /opt/hostedtoolcache/CodeQL/2.27.1/x64/codeql/qlpacks/codeql/python-queries/1.8.11/Security/CWE-327/InsecureProtocol.ql...
3b SAST (CodeQL)	Analyze code	2026-10-07T14:04:46.0735592Z  ... found results file at /home/runner/work/_temp/codeql_databases/python/results/codeql/python-queries/Security/CWE-327/InsecureProtocol.bqrs.
3b SAST (CodeQL)	Analyze code	2026-10-07T14:04:46.0760883Z Interpreting /opt/hostedtoolcache/CodeQL/2.27.1/x64/codeql/qlpacks/codeql/python-queries/1.8.11/Security/CWE-327/BrokenCryptoAlgorithm.ql...
3b SAST (CodeQL)	Analyze code	2026-10-07T14:04:46.0791549Z  ... found results file at /home/runner/work/_temp/codeql_databases/python/results/codeql/python-queries/Security/CWE-327/BrokenCryptoAlgorithm.bqrs.
3b SAST (CodeQL)	Analyze code	2026-10-07T14:04:46.0797447Z Interpreting /opt/hostedtoolcache/CodeQL/2.27.1/x64/codeql/qlpacks/codeql/python-queries/1.8.11/Security/CWE-327/InsecureDefaultProtocol.ql...
3b SAST (CodeQL)	Analyze code	2026-10-07T14:04:46.0862483Z  ... found results file at /home/runner/work/_temp/codeql_databases/python/results/codeql/python-queries/Security/CWE-327/InsecureDefaultProtocol.bqrs.
3b SAST (CodeQL)	Analyze code	2026-10-07T14:04:46.0868649Z Interpreting /opt/hostedtoolcache/CodeQL/2.27.1/x64/codeql/qlpacks/codeql/python-queries/1.8.11/Security/CWE-614/InsecureCookie.ql...
3b SAST (CodeQL)	Analyze code	2026-10-07T14:04:46.0938629Z  ... found results file at /home/runner/work/_temp/codeql_databases/python/results/codeql/python-queries/Security/CWE-614/InsecureCookie.bqrs.
3b SAST (CodeQL)	Analyze code	2026-10-07T14:04:46.0941705Z Interpreting /opt/hostedtoolcache/CodeQL/2.27.1/x64/codeql/qlpacks/codeql/python-queries/1.8.11/Security/CWE-285/PamAuthorization.ql...
3b SAST (CodeQL)	Analyze code	2026-10-07T14:04:46.1006733Z  ... found results file at /home/runner/work/_temp/codeql_databases/python/results/codeql/python-queries/Security/CWE-285/PamAuthorization.bqrs.
3b SAST (CodeQL)	Analyze code	2026-10-07T14:04:46.1033880Z Interpreting /opt/hostedtoolcache/CodeQL/2.27.1/x64/codeql/qlpacks/codeql/python-queries/1.8.11/Security/CWE-020/IncompleteUrlSubstringSanitization.ql...
3b SAST (CodeQL)	Analyze code	2026-10-07T14:04:46.1085520Z  ... found results file at /home/runner/work/_temp/codeql_databases/python/results/codeql/python-queries/Security/CWE-020/IncompleteUrlSubstringSanitization.bqrs.
3b SAST (CodeQL)	Analyze code	2026-10-07T14:04:46.1115502Z Interpreting /opt/hostedtoolcache/CodeQL/2.27.1/x64/codeql/qlpacks/codeql/python-queries/1.8.11/Security/CWE-020/IncompleteHostnameRegExp.ql...
3b SAST (CodeQL)	Analyze code	2026-10-07T14:04:46.1155143Z  ... found results file at /home/runner/work/_temp/codeql_databases/python/results/codeql/python-queries/Security/CWE-020/IncompleteHostnameRegExp.bqrs.
3b SAST (CodeQL)	Analyze code	2026-10-07T14:04:46.1157307Z Interpreting /opt/hostedtoolcache/CodeQL/2.27.1/x64/codeql/qlpacks/codeql/python-queries/1.8.11/Security/CWE-020/OverlyLargeRange.ql...
3b SAST (CodeQL)	Analyze code	2026-10-07T14:04:46.1206049Z  ... found results file at /home/runner/work/_temp/codeql_databases/python/results/codeql/python-queries/Security/CWE-020/OverlyLargeRange.bqrs.
3b SAST (CodeQL)	Analyze code	2026-10-07T14:04:46.1226031Z Interpreting /opt/hostedtoolcache/CodeQL/2.27.1/x64/codeql/qlpacks/codeql/python-queries/1.8.11/Security/CWE-020/CookieInjection.ql...
3b SAST (CodeQL)	Analyze code	2026-10-07T14:04:46.1263116Z  ... found results file at /home/runner/work/_temp/codeql_databases/python/results/codeql/python-queries/Security/CWE-020/CookieInjection.bqrs.
3b SAST (CodeQL)	Analyze code	2026-10-07T14:04:46.1269242Z Interpreting /opt/hostedtoolcache/CodeQL/2.27.1/x64/codeql/qlpacks/codeql/python-queries/1.8.11/Security/CWE-113/HeaderInjection.ql...
3b SAST (CodeQL)	Analyze code	2026-10-07T14:04:46.1324248Z  ... found results file at /home/runner/work/_temp/codeql_databases/python/results/codeql/python-queries/Security/CWE-113/HeaderInjection.bqrs.
3b SAST (CodeQL)	Analyze code	2026-10-07T14:04:46.1333753Z Interpreting /opt/hostedtoolcache/CodeQL/2.27.1/x64/codeql/qlpacks/codeql/python-queries/1.8.11/Diagnostics/ExtractionWarnings.ql...
3b SAST (CodeQL)	Analyze code	2026-10-07T14:04:46.1381222Z  ... found results file at /home/runner/work/_temp/codeql_databases/python/results/codeql/python-queries/Diagnostics/ExtractionWarnings.bqrs.
3b SAST (CodeQL)	Analyze code	2026-10-07T14:04:46.1388593Z Interpreting /opt/hostedtoolcache/CodeQL/2.27.1/x64/codeql/qlpacks/codeql/python-queries/1.8.11/Diagnostics/ExtractedFiles.ql...
3b SAST (CodeQL)	Analyze code	2026-10-07T14:04:46.1469190Z  ... found results file at /home/runner/work/_temp/codeql_databases/python/results/codeql/python-queries/Diagnostics/ExtractedFiles.bqrs.
3b SAST (CodeQL)	Analyze code	2026-10-07T14:04:46.1474444Z Interpreting /opt/hostedtoolcache/CodeQL/2.27.1/x64/codeql/qlpacks/codeql/python-queries/1.8.11/Summary/LinesOfUserCode.ql...
3b SAST (CodeQL)	Analyze code	2026-10-07T14:04:46.1530959Z  ... found results file at /home/runner/work/_temp/codeql_databases/python/results/codeql/python-queries/Summary/LinesOfUserCode.bqrs.
3b SAST (CodeQL)	Analyze code	2026-10-07T14:04:46.1540111Z Interpreting /opt/hostedtoolcache/CodeQL/2.27.1/x64/codeql/qlpacks/codeql/python-queries/1.8.11/Summary/LinesOfCode.ql...
3b SAST (CodeQL)	Analyze code	2026-10-07T14:04:46.1588905Z  ... found results file at /home/runner/work/_temp/codeql_databases/python/results/codeql/python-queries/Summary/LinesOfCode.bqrs.
3b SAST (CodeQL)	Analyze code	2026-10-07T14:04:46.2362586Z Interpreted problem query "'input' function used in Python 2" (py/use-of-input) at path /home/runner/work/_temp/codeql_databases/python/results/codeql/python-queries/Expressions/UseofInput.bqrs.
3b SAST (CodeQL)	Analyze code	2026-10-07T14:04:46.2376186Z Interpreted pathproblem query "Full server-side request forgery" (py/full-ssrf) at path /home/runner/work/_temp/codeql_databases/python/results/codeql/python-queries/Security/CWE-918/FullServerSideRequestForgery.bqrs.
3b SAST (CodeQL)	Analyze code	2026-10-07T14:04:46.2384182Z Interpreted pathproblem query "Reflected server-side cross-site scripting" (py/reflective-xss) at path /home/runner/work/_temp/codeql_databases/python/results/codeql/python-queries/Security/CWE-079/ReflectedXss.bqrs.
3b SAST (CodeQL)	Analyze code	2026-10-07T14:04:46.2389888Z Interpreted problem query "Use of weak cryptographic key" (py/weak-crypto-key) at path /home/runner/work/_temp/codeql_databases/python/results/codeql/python-queries/Security/CWE-326/WeakCryptoKey.bqrs.
3b SAST (CodeQL)	Analyze code	2026-10-07T14:04:46.2433811Z Interpreted pathproblem query "Uncontrolled data used in path expression" (py/path-injection) at path /home/runner/work/_temp/codeql_databases/python/results/codeql/python-queries/Security/CWE-022/PathInjection.bqrs.
3b SAST (CodeQL)	Analyze code	2026-10-07T14:04:46.2443029Z Interpreted problem query "Bad HTML filtering regexp" (py/bad-tag-filter) at path /home/runner/work/_temp/codeql_databases/python/results/codeql/python-queries/Security/CWE-116/BadTagFilter.bqrs.
3b SAST (CodeQL)	Analyze code	2026-10-07T14:04:46.2455349Z Interpreted pathproblem query "NoSQL Injection" (py/nosql-injection) at path /home/runner/work/_temp/codeql_databases/python/results/codeql/python-queries/Security/CWE-943/NoSqlInjection.bqrs.
3b SAST (CodeQL)	Analyze code	2026-10-07T14:04:46.2462313Z Interpreted pathproblem query "Information exposure through an exception" (py/stack-trace-exposure) at path /home/runner/work/_temp/codeql_databases/python/results/codeql/python-queries/Security/CWE-209/StackTraceExposure.bqrs.
3b SAST (CodeQL)	Analyze code	2026-10-07T14:04:46.2474769Z Interpreted pathproblem query "XPath query built from user-controlled sources" (py/xpath-injection) at path /home/runner/work/_temp/codeql_databases/python/results/codeql/python-queries/Security/CWE-643/XpathInjection.bqrs.
3b SAST (CodeQL)	Analyze code	2026-10-07T14:04:46.2477822Z Interpreted pathproblem query "Code injection" (py/code-injection) at path /home/runner/work/_temp/codeql_databases/python/results/codeql/python-queries/Security/CWE-094/CodeInjection.bqrs.
3b SAST (CodeQL)	Analyze code	2026-10-07T14:04:46.2483479Z Interpreted problem query "Insecure temporary file" (py/insecure-temporary-file) at path /home/runner/work/_temp/codeql_databases/python/results/codeql/python-queries/Security/CWE-377/InsecureTemporaryFile.bqrs.
3b SAST (CodeQL)	Analyze code	2026-10-07T14:04:46.2489043Z Interpreted pathproblem query "Polynomial regular expression used on uncontrolled data" (py/polynomial-redos) at path /home/runner/work/_temp/codeql_databases/python/results/codeql/python-queries/Security/CWE-730/PolynomialReDoS.bqrs.
3b SAST (CodeQL)	Analyze code	2026-10-07T14:04:46.2503802Z Interpreted problem query "Inefficient regular expression" (py/redos) at path /home/runner/work/_temp/codeql_databases/python/results/codeql/python-queries/Security/CWE-730/ReDoS.bqrs.
3b SAST (CodeQL)	Analyze code	2026-10-07T14:04:46.2508503Z Interpreted pathproblem query "Regular expression injection" (py/regex-injection) at path /home/runner/work/_temp/codeql_databases/python/results/codeql/python-queries/Security/CWE-730/RegexInjection.bqrs.
3b SAST (CodeQL)	Analyze code	2026-10-07T14:04:46.2536880Z Interpreted problem query "Accepting unknown SSH host keys when using Paramiko" (py/paramiko-missing-host-key-validation) at path /home/runner/work/_temp/codeql_databases/python/results/codeql/python-queries/Security/CWE-295/MissingHostKeyValidation.bqrs.
3b SAST (CodeQL)	Analyze code	2026-10-07T14:04:46.2549735Z Interpreted pathproblem query "URL redirection from remote source" (py/url-redirection) at path /home/runner/work/_temp/codeql_databases/python/results/codeql/python-queries/Security/CWE-601/UrlRedirect.bqrs.
3b SAST (CodeQL)	Analyze code	2026-10-07T14:04:46.2552506Z Interpreted pathproblem query "XML external entity expansion" (py/xxe) at path /home/runner/work/_temp/codeql_databases/python/results/codeql/python-queries/Security/CWE-611/Xxe.bqrs.
3b SAST (CodeQL)	Analyze code	2026-10-07T14:04:46.2555767Z Interpreted problem query "Sensitive cookie with `SameSite` attribute set to `None`" (py/samesite-none-cookie) at path /home/runner/work/_temp/codeql_databases/python/results/codeql/python-queries/Security/CWE-1275/SameSiteNoneCookie.bqrs.
3b SAST (CodeQL)	Analyze code	2026-10-07T14:04:46.2558783Z Interpreted problem query "CSRF protection weakened or disabled" (py/csrf-protection-disabled) at path /home/runner/work/_temp/codeql_databases/python/results/codeql/python-queries/Security/CWE-352/CSRFProtectionDisabled.bqrs.
3b SAST (CodeQL)	Analyze code	2026-10-07T14:04:46.2561786Z Interpreted pathproblem query "Clear-text storage of sensitive information" (py/clear-text-storage-sensitive-data) at path /home/runner/work/_temp/codeql_databases/python/results/codeql/python-queries/Security/CWE-312/CleartextStorage.bqrs.
3b SAST (CodeQL)	Analyze code	2026-10-07T14:04:46.2565131Z Interpreted pathproblem query "Clear-text logging of sensitive information" (py/clear-text-logging-sensitive-data) at path /home/runner/work/_temp/codeql_databases/python/results/codeql/python-queries/Security/CWE-312/CleartextLogging.bqrs.
3b SAST (CodeQL)	Analyze code	2026-10-07T14:04:46.2568147Z Interpreted pathproblem query "XML internal entity expansion" (py/xml-bomb) at path /home/runner/work/_temp/codeql_databases/python/results/codeql/python-queries/Security/CWE-776/XmlBomb.bqrs.
3b SAST (CodeQL)	Analyze code	2026-10-07T14:04:46.2570788Z Interpreted problem query "Sensitive cookie missing `HttpOnly` attribute" (py/client-exposed-cookie) at path /home/runner/work/_temp/codeql_databases/python/results/codeql/python-queries/Security/CWE-1004/NonHttpOnlyCookie.bqrs.
3b SAST (CodeQL)	Analyze code	2026-10-07T14:04:46.2573724Z Interpreted pathproblem query "Deserialization of user-controlled data" (py/unsafe-deserialization) at path /home/runner/work/_temp/codeql_databases/python/results/codeql/python-queries/Security/CWE-502/UnsafeDeserialization.bqrs.
3b SAST (CodeQL)	Analyze code	2026-10-07T14:04:46.2577413Z Interpreted pathproblem query "SQL query built from user-controlled sources" (py/sql-injection) at path /home/runner/work/_temp/codeql_databases/python/results/codeql/python-queries/Security/CWE-089/SqlInjection.bqrs.
3b SAST (CodeQL)	Analyze code	2026-10-07T14:04:46.2580903Z Interpreted pathproblem query "Binding a socket to all network interfaces" (py/bind-socket-all-network-interfaces) at path /home/runner/work/_temp/codeql_databases/python/results/codeql/python-queries/Security/CVE-2018-1281/BindToAllInterfaces.bqrs.
3b SAST (CodeQL)	Analyze code	2026-10-07T14:04:46.2584198Z Interpreted pathproblem query "Uncontrolled command line" (py/command-line-injection) at path /home/runner/work/_temp/codeql_databases/python/results/codeql/python-queries/Security/CWE-078/CommandInjection.bqrs.
3b SAST (CodeQL)	Analyze code	2026-10-07T14:04:46.2587231Z Interpreted pathproblem query "Server Side Template Injection" (py/template-injection) at path /home/runner/work/_temp/codeql_databases/python/results/codeql/python-queries/Security/CWE-074/TemplateInjection.bqrs.
3b SAST (CodeQL)	Analyze code	2026-10-07T14:04:46.2589726Z Interpreted problem query "Flask app is run in debug mode" (py/flask-debug) at path /home/runner/work/_temp/codeql_databases/python/results/codeql/python-queries/Security/CWE-215/FlaskDebug.bqrs.
3b SAST (CodeQL)	Analyze code	2026-10-07T14:04:46.2592429Z Interpreted pathproblem query "LDAP query built from user-controlled sources" (py/ldap-injection) at path /home/runner/work/_temp/codeql_databases/python/results/codeql/python-queries/Security/CWE-090/LdapInjection.bqrs.
3b SAST (CodeQL)	Analyze code	2026-10-07T14:04:46.2595786Z Interpreted pathproblem query "Use of a broken or weak cryptographic hashing algorithm on sensitive data" (py/weak-sensitive-data-hashing) at path /home/runner/work/_temp/codeql_databases/python/results/codeql/python-queries/Security/CWE-327/WeakSensitiveDataHashing.bqrs.
3b SAST (CodeQL)	Analyze code	2026-10-07T14:04:46.2600821Z Interpreted problem query "Use of insecure SSL/TLS version" (py/insecure-protocol) at path /home/runner/work/_temp/codeql_databases/python/results/codeql/python-queries/Security/CWE-327/InsecureProtocol.bqrs.
3b SAST (CodeQL)	Analyze code	2026-10-07T14:04:46.2604691Z Interpreted problem query "Use of a broken or weak cryptographic algorithm" (py/weak-cryptographic-algorithm) at path /home/runner/work/_temp/codeql_databases/python/results/codeql/python-queries/Security/CWE-327/BrokenCryptoAlgorithm.bqrs.
3b SAST (CodeQL)	Analyze code	2026-10-07T14:04:46.2607710Z Interpreted problem query "Default version of SSL/TLS may be insecure" (py/insecure-default-protocol) at path /home/runner/work/_temp/codeql_databases/python/results/codeql/python-queries/Security/CWE-327/InsecureDefaultProtocol.bqrs.
3b SAST (CodeQL)	Analyze code	2026-10-07T14:04:46.2610397Z Interpreted problem query "Failure to use secure cookies" (py/insecure-cookie) at path /home/runner/work/_temp/codeql_databases/python/results/codeql/python-queries/Security/CWE-614/InsecureCookie.bqrs.
3b SAST (CodeQL)	Analyze code	2026-10-07T14:04:46.2613064Z Interpreted pathproblem query "PAM authorization bypass due to incorrect usage" (py/pam-auth-bypass) at path /home/runner/work/_temp/codeql_databases/python/results/codeql/python-queries/Security/CWE-285/PamAuthorization.bqrs.
3b SAST (CodeQL)	Analyze code	2026-10-07T14:04:46.2616318Z Interpreted problem query "Incomplete URL substring sanitization" (py/incomplete-url-substring-sanitization) at path /home/runner/work/_temp/codeql_databases/python/results/codeql/python-queries/Security/CWE-020/IncompleteUrlSubstringSanitization.bqrs.
3b SAST (CodeQL)	Analyze code	2026-10-07T14:04:46.2619751Z Interpreted problem query "Incomplete regular expression for hostnames" (py/incomplete-hostname-regexp) at path /home/runner/work/_temp/codeql_databases/python/results/codeql/python-queries/Security/CWE-020/IncompleteHostnameRegExp.bqrs.
3b SAST (CodeQL)	Analyze code	2026-10-07T14:04:46.2622674Z Interpreted problem query "Overly permissive regular expression range" (py/overly-large-range) at path /home/runner/work/_temp/codeql_databases/python/results/codeql/python-queries/Security/CWE-020/OverlyLargeRange.bqrs.
3b SAST (CodeQL)	Analyze code	2026-10-07T14:04:46.2625801Z Interpreted pathproblem query "Construction of a cookie using user-supplied input" (py/cookie-injection) at path /home/runner/work/_temp/codeql_databases/python/results/codeql/python-queries/Security/CWE-020/CookieInjection.bqrs.
3b SAST (CodeQL)	Analyze code	2026-10-07T14:04:46.2628581Z Interpreted pathproblem query "HTTP Response Splitting" (py/http-response-splitting) at path /home/runner/work/_temp/codeql_databases/python/results/codeql/python-queries/Security/CWE-113/HeaderInjection.bqrs.
3b SAST (CodeQL)	Analyze code	2026-10-07T14:04:46.2631350Z Interpreted diagnostic query "Python extraction warnings" (py/diagnostics/extraction-warnings) at path /home/runner/work/_temp/codeql_databases/python/results/codeql/python-queries/Diagnostics/ExtractionWarnings.bqrs.
3b SAST (CodeQL)	Analyze code	2026-10-07T14:04:46.2635323Z Interpreted diagnostic query "Extracted Python files" (py/diagnostics/successfully-extracted-files) at path /home/runner/work/_temp/codeql_databases/python/results/codeql/python-queries/Diagnostics/ExtractedFiles.bqrs.
3b SAST (CodeQL)	Analyze code	2026-10-07T14:04:46.2638416Z Interpreted metric query "Total lines of user written Python code in the database" (py/summary/lines-of-user-code) at path /home/runner/work/_temp/codeql_databases/python/results/codeql/python-queries/Summary/LinesOfUserCode.bqrs.
3b SAST (CodeQL)	Analyze code	2026-10-07T14:04:46.2641109Z Interpreted metric query "Total lines of Python code in the database" (py/summary/lines-of-code) at path /home/runner/work/_temp/codeql_databases/python/results/codeql/python-queries/Summary/LinesOfCode.bqrs.
3b SAST (CodeQL)	Analyze code	2026-10-07T14:04:46.2642789Z Reading source archive /home/runner/work/_temp/codeql_databases/python/src.zip
3b SAST (CodeQL)	Analyze code	2026-10-07T14:04:46.3719217Z Loaded file baseline information.
3b SAST (CodeQL)	Analyze code	2026-10-07T14:04:46.3839626Z Interpreting file coverage baseline information
3b SAST (CodeQL)	Analyze code	2026-10-07T14:04:46.3848526Z Finished interpreting file coverage baseline information.
3b SAST (CodeQL)	Analyze code	2026-10-07T14:04:46.3861027Z Interpreting diagnostic messages...
3b SAST (CodeQL)	Analyze code	2026-10-07T14:04:46.4202649Z Found 5 raw diagnostic messages.
3b SAST (CodeQL)	Analyze code	2026-10-07T14:04:46.4313808Z Processed diagnostic messages (removed 0 due to limits, created 0 summary diagnostics for status page).
3b SAST (CodeQL)	Analyze code	2026-10-07T14:04:46.4333784Z Interpreted diagnostic messages (45ms).
3b SAST (CodeQL)	Analyze code	2026-10-07T14:04:46.6500195Z Exporting results to SARIF...
3b SAST (CodeQL)	Analyze code	2026-10-07T14:04:46.8189852Z Exported results to SARIF (168ms).
3b SAST (CodeQL)	Analyze code	2026-10-07T14:04:46.8467344Z ##[endgroup]
3b SAST (CodeQL)	Analyze code	2026-10-07T14:04:46.8468807Z CodeQL scanned 3 out of 3 Python files in this invocation. Check the status page for overall coverage information: https://github.com/AmanYadav7015/devops-coursework/security/code-scanning/tools/CodeQL/status/
3b SAST (CodeQL)	Analyze code	2026-10-07T14:04:46.8470321Z 
3b SAST (CodeQL)	Analyze code	2026-10-07T14:04:46.8505388Z Post-processing sarif files: ["/home/runner/work/devops-coursework/results/python.sarif"]
3b SAST (CodeQL)	Analyze code	2026-10-07T14:04:46.8509148Z Adding fingerprints to SARIF file. See https://docs.github.com/en/code-security/reference/code-scanning/sarif-support-for-code-scanning#data-for-preventing-duplicated-alerts for more information.
3b SAST (CodeQL)	Analyze code	2026-10-07T14:04:46.8511525Z ##[group]Uploading code scanning results
3b SAST (CodeQL)	Analyze code	2026-10-07T14:04:46.8631824Z Uploading results
3b SAST (CodeQL)	Analyze code	2026-10-07T14:04:47.3233404Z Successfully uploaded results
3b SAST (CodeQL)	Analyze code	2026-10-07T14:04:47.3234349Z ##[endgroup]
3b SAST (CodeQL)	Analyze code	2026-10-07T14:04:47.3249323Z ##[group]Waiting for processing to finish
3b SAST (CodeQL)	Analyze code	2026-10-07T14:04:52.4832928Z Analysis upload status is pending.
3b SAST (CodeQL)	Analyze code	2026-10-07T14:05:02.7187781Z Analysis upload status is complete.
3b SAST (CodeQL)	Analyze code	2026-10-07T14:05:02.7188936Z ##[endgroup]
3b SAST (CodeQL)	Post Analyze code	﻿2026-10-07T14:05:03.0095260Z Post job cleanup.
3b SAST (CodeQL)	Post Initialize CodeQL	﻿2026-10-07T14:05:03.2869115Z Post job cleanup.
3b SAST (CodeQL)	Post Initialize CodeQL	2026-10-07T14:05:03.5493188Z CodeQL job status was success.
3b SAST (CodeQL)	Post Initialize CodeQL	2026-10-07T14:05:03.5507198Z Sending status report for init-post step.
3b SAST (CodeQL)	Post Initialize CodeQL	2026-10-07T14:05:03.9858076Z Status report sent for init-post step.
3b SAST (CodeQL)	Post Checkout code	﻿2026-10-07T14:05:04.0287078Z Post job cleanup.
3b SAST (CodeQL)	Post Checkout code	2026-10-07T14:05:04.1177363Z [command]/usr/bin/git version
3b SAST (CodeQL)	Post Checkout code	2026-10-07T14:05:04.1221664Z git version 2.55.0
3b SAST (CodeQL)	Post Checkout code	2026-10-07T14:05:04.1261450Z Temporarily overriding HOME='/home/runner/work/_temp/7e40b318-77a6-416c-83d5-507dcdbc7ebc' before making global git config changes
3b SAST (CodeQL)	Post Checkout code	2026-10-07T14:05:04.1263022Z Adding repository directory to the temporary git global config as a safe directory
3b SAST (CodeQL)	Post Checkout code	2026-10-07T14:05:04.1268288Z [command]/usr/bin/git config --global --add safe.directory /home/runner/work/devops-coursework/devops-coursework
3b SAST (CodeQL)	Post Checkout code	2026-10-07T14:05:04.1308791Z [command]/usr/bin/git config --local --name-only --get-regexp core\.sshCommand
3b SAST (CodeQL)	Post Checkout code	2026-10-07T14:05:04.1344988Z [command]/usr/bin/git submodule foreach --recursive sh -c "git config --local --name-only --get-regexp 'core\.sshCommand' && git config --local --unset-all 'core.sshCommand' || :"
3b SAST (CodeQL)	Post Checkout code	2026-10-07T14:05:04.1631068Z [command]/usr/bin/git config --local --name-only --get-regexp http\.https\:\/\/github\.com\/\.extraheader
3b SAST (CodeQL)	Post Checkout code	2026-10-07T14:05:04.1663565Z http.https://github.com/.extraheader
3b SAST (CodeQL)	Post Checkout code	2026-10-07T14:05:04.1676018Z [command]/usr/bin/git config --local --unset-all http.https://github.com/.extraheader
3b SAST (CodeQL)	Post Checkout code	2026-10-07T14:05:04.1714080Z [command]/usr/bin/git submodule foreach --recursive sh -c "git config --local --name-only --get-regexp 'http\.https\:\/\/github\.com\/\.extraheader' && git config --local --unset-all 'http.https://github.com/.extraheader' || :"
3b SAST (CodeQL)	Post Checkout code	2026-10-07T14:05:04.1976245Z [command]/usr/bin/git config --local --name-only --get-regexp ^includeIf\.gitdir:
3b SAST (CodeQL)	Post Checkout code	2026-10-07T14:05:04.2015675Z [command]/usr/bin/git submodule foreach --recursive git config --local --show-origin --name-only --get-regexp remote.origin.url
3b SAST (CodeQL)	Complete job	﻿2026-10-07T14:05:04.2421833Z Cleaning up orphan processes
3b SAST (CodeQL)	Complete job	2026-10-07T14:05:04.2717238Z ##[warning]Node.js 20 is deprecated. The following actions target Node.js 20 but are being forced to run on Node.js 24: actions/checkout@v4, github/codeql-action/analyze@v3, github/codeql-action/init@v3. For more information see: https://github.blog/changelog/2025-09-19-deprecation-of-node-20-on-github-actions-runners/
3 SAST (bandit)	Set up job	﻿2026-10-07T14:04:07.3372273Z Current runner version: '2.337.0'
3 SAST (bandit)	Set up job	2026-10-07T14:04:07.3401669Z ##[group]Runner Image Provisioner
3 SAST (bandit)	Set up job	2026-10-07T14:04:07.3402644Z Hosted Compute Agent
3 SAST (bandit)	Set up job	2026-10-07T14:04:07.3403368Z Version: 20260901.588
3 SAST (bandit)	Set up job	2026-10-07T14:04:07.3404083Z Commit: f88ec8081b781fac6c440065ac7ff9e710ce3d0b
3 SAST (bandit)	Set up job	2026-10-07T14:04:07.3405095Z Build Date: 2026-09-01T19:56:44Z
3 SAST (bandit)	Set up job	2026-10-07T14:04:07.3405826Z Worker ID: {392db8d6-ca81-4d99-8071-2e05c3dc4656}
3 SAST (bandit)	Set up job	2026-10-07T14:04:07.3406574Z Azure Region: westus
3 SAST (bandit)	Set up job	2026-10-07T14:04:07.3407249Z ##[endgroup]
3 SAST (bandit)	Set up job	2026-10-07T14:04:07.3408979Z ##[group]Operating System
3 SAST (bandit)	Set up job	2026-10-07T14:04:07.3409699Z Ubuntu
3 SAST (bandit)	Set up job	2026-10-07T14:04:07.3410276Z 24.04.5
3 SAST (bandit)	Set up job	2026-10-07T14:04:07.3410824Z LTS
3 SAST (bandit)	Set up job	2026-10-07T14:04:07.3411441Z ##[endgroup]
3 SAST (bandit)	Set up job	2026-10-07T14:04:07.3412069Z ##[group]Runner Image
3 SAST (bandit)	Set up job	2026-10-07T14:04:07.3413097Z Image: ubuntu-24.04
3 SAST (bandit)	Set up job	2026-10-07T14:04:07.3413775Z Version: 20260927.320.1
3 SAST (bandit)	Set up job	2026-10-07T14:04:07.3415060Z Included Software: https://github.com/actions/runner-images/blob/ubuntu24/20260927.320/images/ubuntu/Ubuntu2404-Readme.md
3 SAST (bandit)	Set up job	2026-10-07T14:04:07.3416976Z Image Release: https://github.com/actions/runner-images/releases/tag/ubuntu24%2F20260927.320
3 SAST (bandit)	Set up job	2026-10-07T14:04:07.3417965Z ##[endgroup]
3 SAST (bandit)	Set up job	2026-10-07T14:04:07.3419222Z ##[group]GITHUB_TOKEN Permissions
3 SAST (bandit)	Set up job	2026-10-07T14:04:07.3421637Z Contents: read
3 SAST (bandit)	Set up job	2026-10-07T14:04:07.3422444Z Metadata: read
3 SAST (bandit)	Set up job	2026-10-07T14:04:07.3423049Z ##[endgroup]
3 SAST (bandit)	Set up job	2026-10-07T14:04:07.3426048Z Secret source: Actions
3 SAST (bandit)	Set up job	2026-10-07T14:04:07.3427051Z Cache mode: write
3 SAST (bandit)	Set up job	2026-10-07T14:04:07.3427836Z Prepare workflow directory
3 SAST (bandit)	Set up job	2026-10-07T14:04:07.3880399Z Prepare all required actions
3 SAST (bandit)	Set up job	2026-10-07T14:04:07.3933467Z Getting action download info
3 SAST (bandit)	Set up job	2026-10-07T14:04:07.7747910Z Download action repository 'actions/checkout@v4' (SHA:11d5960a326750d5838078e36cf38b85af677262)
3 SAST (bandit)	Set up job	2026-10-07T14:04:07.8793288Z Download action repository 'actions/setup-python@v5' (SHA:a26af69be951a213d495a4c3e4e4022e16d87065)
3 SAST (bandit)	Set up job	2026-10-07T14:04:07.9608453Z Download action repository 'actions/upload-artifact@v4' (SHA:ea165f8d65b6e75b540449e92b4886f43607fa02)
3 SAST (bandit)	Set up job	2026-10-07T14:04:08.1953018Z Complete job name: 3 SAST (bandit)
3 SAST (bandit)	Checkout code	﻿2026-10-07T14:04:08.2899977Z ##[group]Run actions/checkout@v4
3 SAST (bandit)	Checkout code	2026-10-07T14:04:08.2900973Z with:
3 SAST (bandit)	Checkout code	2026-10-07T14:04:08.2901532Z   repository: AmanYadav7015/devops-coursework
3 SAST (bandit)	Checkout code	2026-10-07T14:04:08.2906326Z   token: ***
3 SAST (bandit)	Checkout code	2026-10-07T14:04:08.2906839Z   ssh-strict: true
3 SAST (bandit)	Checkout code	2026-10-07T14:04:08.2907333Z   ssh-user: git
3 SAST (bandit)	Checkout code	2026-10-07T14:04:08.2907836Z   persist-credentials: true
3 SAST (bandit)	Checkout code	2026-10-07T14:04:08.2908379Z   clean: true
3 SAST (bandit)	Checkout code	2026-10-07T14:04:08.2908872Z   sparse-checkout-cone-mode: true
3 SAST (bandit)	Checkout code	2026-10-07T14:04:08.2909455Z   fetch-depth: 1
3 SAST (bandit)	Checkout code	2026-10-07T14:04:08.2909924Z   fetch-tags: false
3 SAST (bandit)	Checkout code	2026-10-07T14:04:08.2910419Z   show-progress: true
3 SAST (bandit)	Checkout code	2026-10-07T14:04:08.2910907Z   lfs: false
3 SAST (bandit)	Checkout code	2026-10-07T14:04:08.2911362Z   submodules: false
3 SAST (bandit)	Checkout code	2026-10-07T14:04:08.2911879Z   set-safe-directory: true
3 SAST (bandit)	Checkout code	2026-10-07T14:04:08.2912431Z   allow-unsafe-pr-checkout: false
3 SAST (bandit)	Checkout code	2026-10-07T14:04:08.2913336Z env:
3 SAST (bandit)	Checkout code	2026-10-07T14:04:08.2913798Z   APP_DIR: labs/17-devsecops
3 SAST (bandit)	Checkout code	2026-10-07T14:04:08.2914384Z   IMAGE_NAME: claim-check-api
3 SAST (bandit)	Checkout code	2026-10-07T14:04:08.2915153Z   TRIVY_VERSION: 0.75.0
3 SAST (bandit)	Checkout code	2026-10-07T14:04:08.2915750Z   GITLEAKS_VERSION: 8.30.1
3 SAST (bandit)	Checkout code	2026-10-07T14:04:08.2916289Z   PYTHON_VERSION: 3.13
3 SAST (bandit)	Checkout code	2026-10-07T14:04:08.2916779Z ##[endgroup]
3 SAST (bandit)	Checkout code	2026-10-07T14:04:08.4109536Z Syncing repository: AmanYadav7015/devops-coursework
3 SAST (bandit)	Checkout code	2026-10-07T14:04:08.4113147Z ##[group]Getting Git version info
3 SAST (bandit)	Checkout code	2026-10-07T14:04:08.4115046Z Working directory is '/home/runner/work/devops-coursework/devops-coursework'
3 SAST (bandit)	Checkout code	2026-10-07T14:04:08.4117518Z [command]/usr/bin/git version
3 SAST (bandit)	Checkout code	2026-10-07T14:04:08.4179227Z git version 2.55.0
3 SAST (bandit)	Checkout code	2026-10-07T14:04:08.4221726Z ##[endgroup]
3 SAST (bandit)	Checkout code	2026-10-07T14:04:08.4231444Z Temporarily overriding HOME='/home/runner/work/_temp/2904a2ef-1842-463e-8973-8a7ef61bbda4' before making global git config changes
3 SAST (bandit)	Checkout code	2026-10-07T14:04:08.4234172Z Adding repository directory to the temporary git global config as a safe directory
3 SAST (bandit)	Checkout code	2026-10-07T14:04:08.4246312Z [command]/usr/bin/git config --global --add safe.directory /home/runner/work/devops-coursework/devops-coursework
3 SAST (bandit)	Checkout code	2026-10-07T14:04:08.4321667Z Deleting the contents of '/home/runner/work/devops-coursework/devops-coursework'
3 SAST (bandit)	Checkout code	2026-10-07T14:04:08.4328383Z ##[group]Initializing the repository
3 SAST (bandit)	Checkout code	2026-10-07T14:04:08.4336455Z [command]/usr/bin/git init /home/runner/work/devops-coursework/devops-coursework
3 SAST (bandit)	Checkout code	2026-10-07T14:04:08.4425115Z hint: Using 'master' as the name for the initial branch. This default branch name
3 SAST (bandit)	Checkout code	2026-10-07T14:04:08.4427330Z hint: will change to "main" in Git 3.0. To configure the initial branch name
3 SAST (bandit)	Checkout code	2026-10-07T14:04:08.4429047Z hint: to use in all of your new repositories, which will suppress this warning,
3 SAST (bandit)	Checkout code	2026-10-07T14:04:08.4430986Z hint: call:
3 SAST (bandit)	Checkout code	2026-10-07T14:04:08.4431737Z hint:
3 SAST (bandit)	Checkout code	2026-10-07T14:04:08.4433207Z hint: 	git config --global init.defaultBranch <name>
3 SAST (bandit)	Checkout code	2026-10-07T14:04:08.4446642Z hint:
3 SAST (bandit)	Checkout code	2026-10-07T14:04:08.4447740Z hint: Names commonly chosen instead of 'master' are 'main', 'trunk' and
3 SAST (bandit)	Checkout code	2026-10-07T14:04:08.4448998Z hint: 'development'. The just-created branch can be renamed via this command:
3 SAST (bandit)	Checkout code	2026-10-07T14:04:08.4450073Z hint:
3 SAST (bandit)	Checkout code	2026-10-07T14:04:08.4450716Z hint: 	git branch -m <name>
3 SAST (bandit)	Checkout code	2026-10-07T14:04:08.4451449Z hint:
3 SAST (bandit)	Checkout code	2026-10-07T14:04:08.4452299Z hint: Disable this message with "git config set advice.defaultBranchName false"
3 SAST (bandit)	Checkout code	2026-10-07T14:04:08.4453711Z Initialized empty Git repository in /home/runner/work/devops-coursework/devops-coursework/.git/
3 SAST (bandit)	Checkout code	2026-10-07T14:04:08.4456902Z [command]/usr/bin/git remote add origin https://github.com/AmanYadav7015/devops-coursework
3 SAST (bandit)	Checkout code	2026-10-07T14:04:08.4519363Z ##[endgroup]
3 SAST (bandit)	Checkout code	2026-10-07T14:04:08.4521222Z ##[group]Disabling automatic garbage collection
3 SAST (bandit)	Checkout code	2026-10-07T14:04:08.4523174Z [command]/usr/bin/git config --local gc.auto 0
3 SAST (bandit)	Checkout code	2026-10-07T14:04:08.4617429Z ##[endgroup]
3 SAST (bandit)	Checkout code	2026-10-07T14:04:08.4619363Z ##[group]Setting up auth
3 SAST (bandit)	Checkout code	2026-10-07T14:04:08.4621217Z [command]/usr/bin/git config --local --name-only --get-regexp core\.sshCommand
3 SAST (bandit)	Checkout code	2026-10-07T14:04:08.4678357Z [command]/usr/bin/git submodule foreach --recursive sh -c "git config --local --name-only --get-regexp 'core\.sshCommand' && git config --local --unset-all 'core.sshCommand' || :"
3 SAST (bandit)	Checkout code	2026-10-07T14:04:08.5068754Z [command]/usr/bin/git config --local --name-only --get-regexp http\.https\:\/\/github\.com\/\.extraheader
3 SAST (bandit)	Checkout code	2026-10-07T14:04:08.5120803Z [command]/usr/bin/git submodule foreach --recursive sh -c "git config --local --name-only --get-regexp 'http\.https\:\/\/github\.com\/\.extraheader' && git config --local --unset-all 'http.https://github.com/.extraheader' || :"
3 SAST (bandit)	Checkout code	2026-10-07T14:04:08.5399162Z [command]/usr/bin/git config --local --name-only --get-regexp ^includeIf\.gitdir:
3 SAST (bandit)	Checkout code	2026-10-07T14:04:08.5446998Z [command]/usr/bin/git submodule foreach --recursive git config --local --show-origin --name-only --get-regexp remote.origin.url
3 SAST (bandit)	Checkout code	2026-10-07T14:04:08.5707447Z [command]/usr/bin/git config --local http.https://github.com/.extraheader AUTHORIZATION: basic ***
3 SAST (bandit)	Checkout code	2026-10-07T14:04:08.5757890Z ##[endgroup]
3 SAST (bandit)	Checkout code	2026-10-07T14:04:08.5758863Z ##[group]Fetching the repository
3 SAST (bandit)	Checkout code	2026-10-07T14:04:08.5769262Z [command]/usr/bin/git -c protocol.version=2 fetch --no-tags --prune --no-recurse-submodules --depth=1 origin +1ecb2ab13722444f111c4b843510a96c4e63250a:refs/remotes/origin/session-17-devsecops-ci
3 SAST (bandit)	Checkout code	2026-10-07T14:04:09.7203119Z From https://github.com/AmanYadav7015/devops-coursework
3 SAST (bandit)	Checkout code	2026-10-07T14:04:09.7204864Z  * [new ref]         1ecb2ab13722444f111c4b843510a96c4e63250a -> origin/session-17-devsecops-ci
3 SAST (bandit)	Checkout code	2026-10-07T14:04:09.7208589Z ##[endgroup]
3 SAST (bandit)	Checkout code	2026-10-07T14:04:09.7209877Z ##[group]Determining the checkout info
3 SAST (bandit)	Checkout code	2026-10-07T14:04:09.7211301Z ##[endgroup]
3 SAST (bandit)	Checkout code	2026-10-07T14:04:09.7216888Z [command]/usr/bin/git sparse-checkout disable
3 SAST (bandit)	Checkout code	2026-10-07T14:04:09.7273900Z [command]/usr/bin/git config --local --unset-all extensions.worktreeConfig
3 SAST (bandit)	Checkout code	2026-10-07T14:04:09.7320559Z ##[group]Checking out the ref
3 SAST (bandit)	Checkout code	2026-10-07T14:04:09.7325513Z [command]/usr/bin/git checkout --progress --force -B session-17-devsecops-ci refs/remotes/origin/session-17-devsecops-ci
3 SAST (bandit)	Checkout code	2026-10-07T14:04:09.8691339Z Switched to a new branch 'session-17-devsecops-ci'
3 SAST (bandit)	Checkout code	2026-10-07T14:04:09.8702926Z branch 'session-17-devsecops-ci' set up to track 'origin/session-17-devsecops-ci'.
3 SAST (bandit)	Checkout code	2026-10-07T14:04:09.8709459Z ##[endgroup]
3 SAST (bandit)	Checkout code	2026-10-07T14:04:09.8760461Z [command]/usr/bin/git log -1 --format=%H
3 SAST (bandit)	Checkout code	2026-10-07T14:04:09.8793381Z 1ecb2ab13722444f111c4b843510a96c4e63250a
3 SAST (bandit)	Setup Python	﻿2026-10-07T14:04:09.9211096Z ##[group]Run actions/setup-python@v5
3 SAST (bandit)	Setup Python	2026-10-07T14:04:09.9212408Z with:
3 SAST (bandit)	Setup Python	2026-10-07T14:04:09.9213302Z   python-version: 3.13
3 SAST (bandit)	Setup Python	2026-10-07T14:04:09.9214326Z   check-latest: false
3 SAST (bandit)	Setup Python	2026-10-07T14:04:09.9224282Z   token: ***
3 SAST (bandit)	Setup Python	2026-10-07T14:04:09.9311325Z   update-environment: true
3 SAST (bandit)	Setup Python	2026-10-07T14:04:09.9313464Z   allow-prereleases: false
3 SAST (bandit)	Setup Python	2026-10-07T14:04:09.9315030Z   freethreaded: false
3 SAST (bandit)	Setup Python	2026-10-07T14:04:09.9316222Z env:
3 SAST (bandit)	Setup Python	2026-10-07T14:04:09.9317323Z   APP_DIR: labs/17-devsecops
3 SAST (bandit)	Setup Python	2026-10-07T14:04:09.9319004Z   IMAGE_NAME: claim-check-api
3 SAST (bandit)	Setup Python	2026-10-07T14:04:09.9320542Z   TRIVY_VERSION: 0.75.0
3 SAST (bandit)	Setup Python	2026-10-07T14:04:09.9322240Z   GITLEAKS_VERSION: 8.30.1
3 SAST (bandit)	Setup Python	2026-10-07T14:04:09.9323755Z   PYTHON_VERSION: 3.13
3 SAST (bandit)	Setup Python	2026-10-07T14:04:09.9325370Z ##[endgroup]
3 SAST (bandit)	Setup Python	2026-10-07T14:04:10.0815979Z ##[group]Installed versions
3 SAST (bandit)	Setup Python	2026-10-07T14:04:10.0921701Z (node:2320) [DEP0040] DeprecationWarning: The `punycode` module is deprecated. Please use a userland alternative instead.
3 SAST (bandit)	Setup Python	2026-10-07T14:04:10.0943989Z (Use `node --trace-deprecation ...` to show where the warning was created)
3 SAST (bandit)	Setup Python	2026-10-07T14:04:10.0946586Z Successfully set up CPython (3.13.15)
3 SAST (bandit)	Setup Python	2026-10-07T14:04:10.0948483Z ##[endgroup]
3 SAST (bandit)	Install bandit	﻿2026-10-07T14:04:10.1184366Z ##[group]Run pip install 'bandit[sarif]==1.9.4'
3 SAST (bandit)	Install bandit	2026-10-07T14:04:10.1186131Z [36;1mpip install 'bandit[sarif]==1.9.4'[0m
3 SAST (bandit)	Install bandit	2026-10-07T14:04:10.1498211Z shell: /usr/bin/bash --noprofile --norc -e -o pipefail {0}
3 SAST (bandit)	Install bandit	2026-10-07T14:04:10.1499742Z env:
3 SAST (bandit)	Install bandit	2026-10-07T14:04:10.1500636Z   APP_DIR: labs/17-devsecops
3 SAST (bandit)	Install bandit	2026-10-07T14:04:10.1501748Z   IMAGE_NAME: claim-check-api
3 SAST (bandit)	Install bandit	2026-10-07T14:04:10.1502831Z   TRIVY_VERSION: 0.75.0
3 SAST (bandit)	Install bandit	2026-10-07T14:04:10.1503835Z   GITLEAKS_VERSION: 8.30.1
3 SAST (bandit)	Install bandit	2026-10-07T14:04:10.1505181Z   PYTHON_VERSION: 3.13
3 SAST (bandit)	Install bandit	2026-10-07T14:04:10.1506409Z   pythonLocation: /opt/hostedtoolcache/Python/3.13.15/x64
3 SAST (bandit)	Install bandit	2026-10-07T14:04:10.1508261Z   PKG_CONFIG_PATH: /opt/hostedtoolcache/Python/3.13.15/x64/lib/pkgconfig
3 SAST (bandit)	Install bandit	2026-10-07T14:04:10.1510067Z   Python_ROOT_DIR: /opt/hostedtoolcache/Python/3.13.15/x64
3 SAST (bandit)	Install bandit	2026-10-07T14:04:10.1511705Z   Python2_ROOT_DIR: /opt/hostedtoolcache/Python/3.13.15/x64
3 SAST (bandit)	Install bandit	2026-10-07T14:04:10.1513384Z   Python3_ROOT_DIR: /opt/hostedtoolcache/Python/3.13.15/x64
3 SAST (bandit)	Install bandit	2026-10-07T14:04:10.1515173Z   LD_LIBRARY_PATH: /opt/hostedtoolcache/Python/3.13.15/x64/lib
3 SAST (bandit)	Install bandit	2026-10-07T14:04:10.1516676Z ##[endgroup]
3 SAST (bandit)	Install bandit	2026-10-07T14:04:12.6535151Z Collecting bandit==1.9.4 (from bandit[sarif]==1.9.4)
3 SAST (bandit)	Install bandit	2026-10-07T14:04:12.7000456Z   Downloading bandit-1.9.4-py3-none-any.whl.metadata (7.1 kB)
3 SAST (bandit)	Install bandit	2026-10-07T14:04:12.7445348Z Collecting PyYAML>=5.3.1 (from bandit==1.9.4->bandit[sarif]==1.9.4)
3 SAST (bandit)	Install bandit	2026-10-07T14:04:12.7474904Z   Downloading pyyaml-6.0.3-cp313-cp313-manylinux2014_x86_64.manylinux_2_17_x86_64.manylinux_2_28_x86_64.whl.metadata (2.4 kB)
3 SAST (bandit)	Install bandit	2026-10-07T14:04:12.7652104Z Collecting stevedore>=1.20.0 (from bandit==1.9.4->bandit[sarif]==1.9.4)
3 SAST (bandit)	Install bandit	2026-10-07T14:04:12.7680576Z   Downloading stevedore-5.9.1-py3-none-any.whl.metadata (2.3 kB)
3 SAST (bandit)	Install bandit	2026-10-07T14:04:12.7985322Z Collecting rich (from bandit==1.9.4->bandit[sarif]==1.9.4)
3 SAST (bandit)	Install bandit	2026-10-07T14:04:12.8013279Z   Downloading rich-15.0.0-py3-none-any.whl.metadata (18 kB)
3 SAST (bandit)	Install bandit	2026-10-07T14:04:12.8133841Z Collecting sarif-om>=1.0.4 (from bandit[sarif]==1.9.4)
3 SAST (bandit)	Install bandit	2026-10-07T14:04:12.8171751Z   Downloading sarif_om-1.0.4-py3-none-any.whl.metadata (3.2 kB)
3 SAST (bandit)	Install bandit	2026-10-07T14:04:12.8289256Z Collecting jschema-to-python>=1.2.3 (from bandit[sarif]==1.9.4)
3 SAST (bandit)	Install bandit	2026-10-07T14:04:12.8341941Z   Downloading jschema_to_python-1.2.3-py3-none-any.whl.metadata (3.1 kB)
3 SAST (bandit)	Install bandit	2026-10-07T14:04:12.8472812Z Collecting attrs (from jschema-to-python>=1.2.3->bandit[sarif]==1.9.4)
3 SAST (bandit)	Install bandit	2026-10-07T14:04:12.8499045Z   Downloading attrs-26.1.0-py3-none-any.whl.metadata (8.8 kB)
3 SAST (bandit)	Install bandit	2026-10-07T14:04:12.8644781Z Collecting jsonpickle (from jschema-to-python>=1.2.3->bandit[sarif]==1.9.4)
3 SAST (bandit)	Install bandit	2026-10-07T14:04:12.8673546Z   Downloading jsonpickle-4.1.3-py3-none-any.whl.metadata (8.1 kB)
3 SAST (bandit)	Install bandit	2026-10-07T14:04:12.8888045Z Collecting pbr (from jschema-to-python>=1.2.3->bandit[sarif]==1.9.4)
3 SAST (bandit)	Install bandit	2026-10-07T14:04:12.8920569Z   Downloading pbr-7.1.3-py2.py3-none-any.whl.metadata (4.1 kB)
3 SAST (bandit)	Install bandit	2026-10-07T14:04:12.9808192Z Collecting setuptools (from pbr->jschema-to-python>=1.2.3->bandit[sarif]==1.9.4)
3 SAST (bandit)	Install bandit	2026-10-07T14:04:12.9837060Z   Downloading setuptools-84.0.0-py3-none-any.whl.metadata (6.6 kB)
3 SAST (bandit)	Install bandit	2026-10-07T14:04:13.0006492Z Collecting markdown-it-py>=2.2.0 (from rich->bandit==1.9.4->bandit[sarif]==1.9.4)
3 SAST (bandit)	Install bandit	2026-10-07T14:04:13.0031434Z   Downloading markdown_it_py-4.2.0-py3-none-any.whl.metadata (7.4 kB)
3 SAST (bandit)	Install bandit	2026-10-07T14:04:13.0219817Z Collecting pygments<3.0.0,>=2.13.0 (from rich->bandit==1.9.4->bandit[sarif]==1.9.4)
3 SAST (bandit)	Install bandit	2026-10-07T14:04:13.0250019Z   Downloading pygments-2.21.0-py3-none-any.whl.metadata (2.5 kB)
3 SAST (bandit)	Install bandit	2026-10-07T14:04:13.0351271Z Collecting mdurl~=0.1 (from markdown-it-py>=2.2.0->rich->bandit==1.9.4->bandit[sarif]==1.9.4)
3 SAST (bandit)	Install bandit	2026-10-07T14:04:13.0380230Z   Downloading mdurl-0.1.2-py3-none-any.whl.metadata (1.6 kB)
3 SAST (bandit)	Install bandit	2026-10-07T14:04:13.0457641Z Downloading bandit-1.9.4-py3-none-any.whl (134 kB)
3 SAST (bandit)	Install bandit	2026-10-07T14:04:13.0529576Z Downloading jschema_to_python-1.2.3-py3-none-any.whl (10 kB)
3 SAST (bandit)	Install bandit	2026-10-07T14:04:13.0578931Z Downloading pyyaml-6.0.3-cp313-cp313-manylinux2014_x86_64.manylinux_2_17_x86_64.manylinux_2_28_x86_64.whl (801 kB)
3 SAST (bandit)	Install bandit	2026-10-07T14:04:13.0663643Z    ━━━━━━━━━━━━━━━━━━━━━━━━━━━━━━━━━━━━━━━━ 801.6/801.6 kB 143.8 MB/s  0:00:00
3 SAST (bandit)	Install bandit	2026-10-07T14:04:13.0691260Z Downloading sarif_om-1.0.4-py3-none-any.whl (30 kB)
3 SAST (bandit)	Install bandit	2026-10-07T14:04:13.0738970Z Downloading stevedore-5.9.1-py3-none-any.whl (54 kB)
3 SAST (bandit)	Install bandit	2026-10-07T14:04:13.0789071Z Downloading attrs-26.1.0-py3-none-any.whl (67 kB)
3 SAST (bandit)	Install bandit	2026-10-07T14:04:13.0835000Z Downloading jsonpickle-4.1.3-py3-none-any.whl (49 kB)
3 SAST (bandit)	Install bandit	2026-10-07T14:04:13.0917105Z Downloading pbr-7.1.3-py2.py3-none-any.whl (136 kB)
3 SAST (bandit)	Install bandit	2026-10-07T14:04:13.0968658Z Downloading rich-15.0.0-py3-none-any.whl (310 kB)
3 SAST (bandit)	Install bandit	2026-10-07T14:04:13.1027044Z Downloading pygments-2.21.0-py3-none-any.whl (1.3 MB)
3 SAST (bandit)	Install bandit	2026-10-07T14:04:13.1101351Z    ━━━━━━━━━━━━━━━━━━━━━━━━━━━━━━━━━━━━━━━━ 1.3/1.3 MB 209.7 MB/s  0:00:00
3 SAST (bandit)	Install bandit	2026-10-07T14:04:13.1129843Z Downloading markdown_it_py-4.2.0-py3-none-any.whl (91 kB)
3 SAST (bandit)	Install bandit	2026-10-07T14:04:13.1180904Z Downloading mdurl-0.1.2-py3-none-any.whl (10.0 kB)
3 SAST (bandit)	Install bandit	2026-10-07T14:04:13.1227500Z Downloading setuptools-84.0.0-py3-none-any.whl (818 kB)
3 SAST (bandit)	Install bandit	2026-10-07T14:04:13.1286268Z    ━━━━━━━━━━━━━━━━━━━━━━━━━━━━━━━━━━━━━━━━ 818.2/818.2 kB 165.1 MB/s  0:00:00
3 SAST (bandit)	Install bandit	2026-10-07T14:04:13.3037873Z Installing collected packages: stevedore, setuptools, PyYAML, pygments, mdurl, jsonpickle, attrs, pbr, markdown-it-py, sarif-om, rich, jschema-to-python, bandit
3 SAST (bandit)	Install bandit	2026-10-07T14:04:15.3150431Z 
3 SAST (bandit)	Install bandit	2026-10-07T14:04:15.3175763Z Successfully installed PyYAML-6.0.3 attrs-26.1.0 bandit-1.9.4 jschema-to-python-1.2.3 jsonpickle-4.1.3 markdown-it-py-4.2.0 mdurl-0.1.2 pbr-7.1.3 pygments-2.21.0 rich-15.0.0 sarif-om-1.0.4 setuptools-84.0.0 stevedore-5.9.1
3 SAST (bandit)	Report every finding	﻿2026-10-07T14:04:15.4275691Z ##[group]Run mkdir -p reports
3 SAST (bandit)	Report every finding	2026-10-07T14:04:15.4276097Z [36;1mmkdir -p reports[0m
3 SAST (bandit)	Report every finding	2026-10-07T14:04:15.4276604Z [36;1mbandit -c security/bandit.yaml -r app -f screen --exit-zero | tee reports/bandit-screen.txt[0m
3 SAST (bandit)	Report every finding	2026-10-07T14:04:15.4277269Z [36;1mbandit -c security/bandit.yaml -r app -f json --exit-zero -o reports/bandit.json[0m
3 SAST (bandit)	Report every finding	2026-10-07T14:04:15.4277860Z [36;1mbandit -c security/bandit.yaml -r app -f sarif --exit-zero -o reports/bandit.sarif[0m
3 SAST (bandit)	Report every finding	2026-10-07T14:04:15.4349308Z shell: /usr/bin/bash --noprofile --norc -e -o pipefail {0}
3 SAST (bandit)	Report every finding	2026-10-07T14:04:15.4349680Z env:
3 SAST (bandit)	Report every finding	2026-10-07T14:04:15.4349906Z   APP_DIR: labs/17-devsecops
3 SAST (bandit)	Report every finding	2026-10-07T14:04:15.4350185Z   IMAGE_NAME: claim-check-api
3 SAST (bandit)	Report every finding	2026-10-07T14:04:15.4350434Z   TRIVY_VERSION: 0.75.0
3 SAST (bandit)	Report every finding	2026-10-07T14:04:15.4350663Z   GITLEAKS_VERSION: 8.30.1
3 SAST (bandit)	Report every finding	2026-10-07T14:04:15.4350897Z   PYTHON_VERSION: 3.13
3 SAST (bandit)	Report every finding	2026-10-07T14:04:15.4351197Z   pythonLocation: /opt/hostedtoolcache/Python/3.13.15/x64
3 SAST (bandit)	Report every finding	2026-10-07T14:04:15.4351627Z   PKG_CONFIG_PATH: /opt/hostedtoolcache/Python/3.13.15/x64/lib/pkgconfig
3 SAST (bandit)	Report every finding	2026-10-07T14:04:15.4352125Z   Python_ROOT_DIR: /opt/hostedtoolcache/Python/3.13.15/x64
3 SAST (bandit)	Report every finding	2026-10-07T14:04:15.4352720Z   Python2_ROOT_DIR: /opt/hostedtoolcache/Python/3.13.15/x64
3 SAST (bandit)	Report every finding	2026-10-07T14:04:15.4353104Z   Python3_ROOT_DIR: /opt/hostedtoolcache/Python/3.13.15/x64
3 SAST (bandit)	Report every finding	2026-10-07T14:04:15.4353485Z   LD_LIBRARY_PATH: /opt/hostedtoolcache/Python/3.13.15/x64/lib
3 SAST (bandit)	Report every finding	2026-10-07T14:04:15.4353813Z ##[endgroup]
3 SAST (bandit)	Report every finding	2026-10-07T14:04:15.7283269Z [main]	INFO	profile include tests: None
3 SAST (bandit)	Report every finding	2026-10-07T14:04:15.7284057Z [main]	INFO	profile exclude tests: None
3 SAST (bandit)	Report every finding	2026-10-07T14:04:15.7284551Z [main]	INFO	cli include tests: None
3 SAST (bandit)	Report every finding	2026-10-07T14:04:15.7285275Z [main]	INFO	cli exclude tests: None
3 SAST (bandit)	Report every finding	2026-10-07T14:04:15.7285839Z [main]	INFO	using config: security/bandit.yaml
3 SAST (bandit)	Report every finding	2026-10-07T14:04:15.7286389Z [main]	INFO	running on Python 3.13.15
3 SAST (bandit)	Report every finding	2026-10-07T14:04:15.7505584Z [95mRun started:2026-10-07 14:04:15.750148+00:00[0m
3 SAST (bandit)	Report every finding	2026-10-07T14:04:15.7506020Z [95m
3 SAST (bandit)	Report every finding	2026-10-07T14:04:15.7506256Z Test results:[0m
3 SAST (bandit)	Report every finding	2026-10-07T14:04:15.7506555Z 	No issues identified.
3 SAST (bandit)	Report every finding	2026-10-07T14:04:15.7506800Z [95m
3 SAST (bandit)	Report every finding	2026-10-07T14:04:15.7507025Z Code scanned:[0m
3 SAST (bandit)	Report every finding	2026-10-07T14:04:15.7507248Z 	Total lines of code: 176
3 SAST (bandit)	Report every finding	2026-10-07T14:04:15.7507502Z 	Total lines skipped (#nosec): 0
3 SAST (bandit)	Report every finding	2026-10-07T14:04:15.7507784Z [95m
3 SAST (bandit)	Report every finding	2026-10-07T14:04:15.7508000Z Run metrics:[0m
3 SAST (bandit)	Report every finding	2026-10-07T14:04:15.7508230Z 	Total issues (by severity):
3 SAST (bandit)	Report every finding	2026-10-07T14:04:15.7508478Z 		Undefined: 0
3 SAST (bandit)	Report every finding	2026-10-07T14:04:15.7508698Z 		Low: 0
3 SAST (bandit)	Report every finding	2026-10-07T14:04:15.7508900Z 		Medium: 0
3 SAST (bandit)	Report every finding	2026-10-07T14:04:15.7509096Z 		High: 0
3 SAST (bandit)	Report every finding	2026-10-07T14:04:15.7509301Z 	Total issues (by confidence):
3 SAST (bandit)	Report every finding	2026-10-07T14:04:15.7509539Z 		Undefined: 0
3 SAST (bandit)	Report every finding	2026-10-07T14:04:15.7509727Z 		Low: 0
3 SAST (bandit)	Report every finding	2026-10-07T14:04:15.7509912Z 		Medium: 0
3 SAST (bandit)	Report every finding	2026-10-07T14:04:15.7510093Z 		High: 0
3 SAST (bandit)	Report every finding	2026-10-07T14:04:15.7510332Z [95mFiles skipped (0):[0m
3 SAST (bandit)	Report every finding	2026-10-07T14:04:15.9898640Z [main]	INFO	profile include tests: None
3 SAST (bandit)	Report every finding	2026-10-07T14:04:15.9899128Z [main]	INFO	profile exclude tests: None
3 SAST (bandit)	Report every finding	2026-10-07T14:04:15.9899461Z [main]	INFO	cli include tests: None
3 SAST (bandit)	Report every finding	2026-10-07T14:04:15.9899780Z [main]	INFO	cli exclude tests: None
3 SAST (bandit)	Report every finding	2026-10-07T14:04:16.0116518Z [json]	INFO	JSON output written to file: reports/bandit.json
3 SAST (bandit)	Report every finding	2026-10-07T14:04:16.2517853Z [main]	INFO	profile include tests: None
3 SAST (bandit)	Report every finding	2026-10-07T14:04:16.2518383Z [main]	INFO	profile exclude tests: None
3 SAST (bandit)	Report every finding	2026-10-07T14:04:16.2518776Z [main]	INFO	cli include tests: None
3 SAST (bandit)	Report every finding	2026-10-07T14:04:16.2519133Z [main]	INFO	cli exclude tests: None
3 SAST (bandit)	Report every finding	2026-10-07T14:04:16.2519897Z [main]	INFO	using config: security/bandit.yaml
3 SAST (bandit)	Report every finding	2026-10-07T14:04:16.2520349Z [main]	INFO	running on Python 3.13.15
3 SAST (bandit)	Report every finding	2026-10-07T14:04:16.2737936Z [sarif]	INFO	SARIF output written to file: reports/bandit.sarif
3 SAST (bandit)	Enforce the SAST policy	﻿2026-10-07T14:04:16.3099725Z ##[group]Run echo "policy: any finding of MEDIUM severity or above blocks the pipeline"
3 SAST (bandit)	Enforce the SAST policy	2026-10-07T14:04:16.3100370Z [36;1mecho "policy: any finding of MEDIUM severity or above blocks the pipeline"[0m
3 SAST (bandit)	Enforce the SAST policy	2026-10-07T14:04:16.3100865Z [36;1mbandit -c security/bandit.yaml -r app -ll -q -f screen[0m
3 SAST (bandit)	Enforce the SAST policy	2026-10-07T14:04:16.3101230Z [36;1mecho "SAST policy satisfied"[0m
3 SAST (bandit)	Enforce the SAST policy	2026-10-07T14:04:16.3172036Z shell: /usr/bin/bash --noprofile --norc -e -o pipefail {0}
3 SAST (bandit)	Enforce the SAST policy	2026-10-07T14:04:16.3172431Z env:
3 SAST (bandit)	Enforce the SAST policy	2026-10-07T14:04:16.3172681Z   APP_DIR: labs/17-devsecops
3 SAST (bandit)	Enforce the SAST policy	2026-10-07T14:04:16.3172950Z   IMAGE_NAME: claim-check-api
3 SAST (bandit)	Enforce the SAST policy	2026-10-07T14:04:16.3173200Z   TRIVY_VERSION: 0.75.0
3 SAST (bandit)	Enforce the SAST policy	2026-10-07T14:04:16.3173438Z   GITLEAKS_VERSION: 8.30.1
3 SAST (bandit)	Enforce the SAST policy	2026-10-07T14:04:16.3173701Z   PYTHON_VERSION: 3.13
3 SAST (bandit)	Enforce the SAST policy	2026-10-07T14:04:16.3174014Z   pythonLocation: /opt/hostedtoolcache/Python/3.13.15/x64
3 SAST (bandit)	Enforce the SAST policy	2026-10-07T14:04:16.3174459Z   PKG_CONFIG_PATH: /opt/hostedtoolcache/Python/3.13.15/x64/lib/pkgconfig
3 SAST (bandit)	Enforce the SAST policy	2026-10-07T14:04:16.3175094Z   Python_ROOT_DIR: /opt/hostedtoolcache/Python/3.13.15/x64
3 SAST (bandit)	Enforce the SAST policy	2026-10-07T14:04:16.3175530Z   Python2_ROOT_DIR: /opt/hostedtoolcache/Python/3.13.15/x64
3 SAST (bandit)	Enforce the SAST policy	2026-10-07T14:04:16.3175913Z   Python3_ROOT_DIR: /opt/hostedtoolcache/Python/3.13.15/x64
3 SAST (bandit)	Enforce the SAST policy	2026-10-07T14:04:16.3176299Z   LD_LIBRARY_PATH: /opt/hostedtoolcache/Python/3.13.15/x64/lib
3 SAST (bandit)	Enforce the SAST policy	2026-10-07T14:04:16.3176636Z ##[endgroup]
3 SAST (bandit)	Enforce the SAST policy	2026-10-07T14:04:16.3272224Z policy: any finding of MEDIUM severity or above blocks the pipeline
3 SAST (bandit)	Enforce the SAST policy	2026-10-07T14:04:16.6017176Z SAST policy satisfied
3 SAST (bandit)	Upload the SAST report	﻿2026-10-07T14:04:16.6135351Z ##[group]Run actions/upload-artifact@v4
3 SAST (bandit)	Upload the SAST report	2026-10-07T14:04:16.6135839Z with:
3 SAST (bandit)	Upload the SAST report	2026-10-07T14:04:16.6136157Z   name: sast-bandit-report
3 SAST (bandit)	Upload the SAST report	2026-10-07T14:04:16.6136546Z   path: labs/17-devsecops/reports
3 SAST (bandit)	Upload the SAST report	2026-10-07T14:04:16.6136948Z   retention-days: 7
3 SAST (bandit)	Upload the SAST report	2026-10-07T14:04:16.6137285Z   if-no-files-found: warn
3 SAST (bandit)	Upload the SAST report	2026-10-07T14:04:16.6137656Z   compression-level: 6
3 SAST (bandit)	Upload the SAST report	2026-10-07T14:04:16.6137993Z   overwrite: false
3 SAST (bandit)	Upload the SAST report	2026-10-07T14:04:16.6138324Z   include-hidden-files: false
3 SAST (bandit)	Upload the SAST report	2026-10-07T14:04:16.6138694Z env:
3 SAST (bandit)	Upload the SAST report	2026-10-07T14:04:16.6138989Z   APP_DIR: labs/17-devsecops
3 SAST (bandit)	Upload the SAST report	2026-10-07T14:04:16.6139366Z   IMAGE_NAME: claim-check-api
3 SAST (bandit)	Upload the SAST report	2026-10-07T14:04:16.6139724Z   TRIVY_VERSION: 0.75.0
3 SAST (bandit)	Upload the SAST report	2026-10-07T14:04:16.6140065Z   GITLEAKS_VERSION: 8.30.1
3 SAST (bandit)	Upload the SAST report	2026-10-07T14:04:16.6140419Z   PYTHON_VERSION: 3.13
3 SAST (bandit)	Upload the SAST report	2026-10-07T14:04:16.6140858Z   pythonLocation: /opt/hostedtoolcache/Python/3.13.15/x64
3 SAST (bandit)	Upload the SAST report	2026-10-07T14:04:16.6141538Z   PKG_CONFIG_PATH: /opt/hostedtoolcache/Python/3.13.15/x64/lib/pkgconfig
3 SAST (bandit)	Upload the SAST report	2026-10-07T14:04:16.6142266Z   Python_ROOT_DIR: /opt/hostedtoolcache/Python/3.13.15/x64
3 SAST (bandit)	Upload the SAST report	2026-10-07T14:04:16.6142901Z   Python2_ROOT_DIR: /opt/hostedtoolcache/Python/3.13.15/x64
3 SAST (bandit)	Upload the SAST report	2026-10-07T14:04:16.6143514Z   Python3_ROOT_DIR: /opt/hostedtoolcache/Python/3.13.15/x64
3 SAST (bandit)	Upload the SAST report	2026-10-07T14:04:16.6144118Z   LD_LIBRARY_PATH: /opt/hostedtoolcache/Python/3.13.15/x64/lib
3 SAST (bandit)	Upload the SAST report	2026-10-07T14:04:16.6144777Z ##[endgroup]
3 SAST (bandit)	Upload the SAST report	2026-10-07T14:04:16.8061974Z (node:2366) [DEP0040] DeprecationWarning: The `punycode` module is deprecated. Please use a userland alternative instead.
3 SAST (bandit)	Upload the SAST report	2026-10-07T14:04:16.8063233Z (Use `node --trace-deprecation ...` to show where the warning was created)
3 SAST (bandit)	Upload the SAST report	2026-10-07T14:04:16.8148093Z With the provided path, there will be 3 files uploaded
3 SAST (bandit)	Upload the SAST report	2026-10-07T14:04:16.8154476Z Artifact name is valid!
3 SAST (bandit)	Upload the SAST report	2026-10-07T14:04:16.8155570Z Root directory input is valid!
3 SAST (bandit)	Upload the SAST report	2026-10-07T14:04:17.2769368Z Beginning upload of artifact content to blob storage
3 SAST (bandit)	Upload the SAST report	2026-10-07T14:04:17.2979828Z (node:2366) [DEP0169] DeprecationWarning: `url.parse()` behavior is not standardized and prone to errors that have security implications. Use the WHATWG URL API instead. CVEs are not issued for `url.parse()` vulnerabilities.
3 SAST (bandit)	Upload the SAST report	2026-10-07T14:04:17.5743145Z Uploaded bytes 1280
3 SAST (bandit)	Upload the SAST report	2026-10-07T14:04:17.6530135Z Finished uploading artifact content to blob storage!
3 SAST (bandit)	Upload the SAST report	2026-10-07T14:04:17.6531300Z SHA256 digest of uploaded artifact zip is 6ee123f76f629ba9207c014682a4b4d330e14e06fdbcd0f5b798328e984aa043
3 SAST (bandit)	Upload the SAST report	2026-10-07T14:04:17.6533210Z Finalizing artifact upload
3 SAST (bandit)	Upload the SAST report	2026-10-07T14:04:18.0206291Z Artifact sast-bandit-report.zip successfully finalized. Artifact ID 11487313244
3 SAST (bandit)	Upload the SAST report	2026-10-07T14:04:18.0207466Z Artifact sast-bandit-report has been successfully uploaded! Final size is 1280 bytes. Artifact ID is 11487313244
3 SAST (bandit)	Upload the SAST report	2026-10-07T14:04:18.0213803Z Artifact download URL: https://github.com/AmanYadav7015/devops-coursework/actions/runs/37633505564/artifacts/11487313244
3 SAST (bandit)	Post Setup Python	﻿2026-10-07T14:04:18.0415255Z Post job cleanup.
3 SAST (bandit)	Post Setup Python	2026-10-07T14:04:18.1687697Z (node:2381) [DEP0040] DeprecationWarning: The `punycode` module is deprecated. Please use a userland alternative instead.
3 SAST (bandit)	Post Setup Python	2026-10-07T14:04:18.1688542Z (Use `node --trace-deprecation ...` to show where the warning was created)
3 SAST (bandit)	Post Checkout code	﻿2026-10-07T14:04:18.1893932Z Post job cleanup.
3 SAST (bandit)	Post Checkout code	2026-10-07T14:04:18.2855264Z [command]/usr/bin/git version
3 SAST (bandit)	Post Checkout code	2026-10-07T14:04:18.2903911Z git version 2.55.0
3 SAST (bandit)	Post Checkout code	2026-10-07T14:04:18.2941728Z Temporarily overriding HOME='/home/runner/work/_temp/c386a4f0-3e46-4947-a4af-48ab0e95c296' before making global git config changes
3 SAST (bandit)	Post Checkout code	2026-10-07T14:04:18.2943153Z Adding repository directory to the temporary git global config as a safe directory
3 SAST (bandit)	Post Checkout code	2026-10-07T14:04:18.2948929Z [command]/usr/bin/git config --global --add safe.directory /home/runner/work/devops-coursework/devops-coursework
3 SAST (bandit)	Post Checkout code	2026-10-07T14:04:18.2999709Z [command]/usr/bin/git config --local --name-only --get-regexp core\.sshCommand
3 SAST (bandit)	Post Checkout code	2026-10-07T14:04:18.3042385Z [command]/usr/bin/git submodule foreach --recursive sh -c "git config --local --name-only --get-regexp 'core\.sshCommand' && git config --local --unset-all 'core.sshCommand' || :"
3 SAST (bandit)	Post Checkout code	2026-10-07T14:04:18.3329679Z [command]/usr/bin/git config --local --name-only --get-regexp http\.https\:\/\/github\.com\/\.extraheader
3 SAST (bandit)	Post Checkout code	2026-10-07T14:04:18.3365353Z http.https://github.com/.extraheader
3 SAST (bandit)	Post Checkout code	2026-10-07T14:04:18.3380463Z [command]/usr/bin/git config --local --unset-all http.https://github.com/.extraheader
3 SAST (bandit)	Post Checkout code	2026-10-07T14:04:18.3426101Z [command]/usr/bin/git submodule foreach --recursive sh -c "git config --local --name-only --get-regexp 'http\.https\:\/\/github\.com\/\.extraheader' && git config --local --unset-all 'http.https://github.com/.extraheader' || :"
3 SAST (bandit)	Post Checkout code	2026-10-07T14:04:18.3713214Z [command]/usr/bin/git config --local --name-only --get-regexp ^includeIf\.gitdir:
3 SAST (bandit)	Post Checkout code	2026-10-07T14:04:18.3775917Z [command]/usr/bin/git submodule foreach --recursive git config --local --show-origin --name-only --get-regexp remote.origin.url
3 SAST (bandit)	Complete job	﻿2026-10-07T14:04:18.4191241Z Cleaning up orphan processes
3 SAST (bandit)	Complete job	2026-10-07T14:04:18.4535400Z ##[warning]Node.js 20 is deprecated. The following actions target Node.js 20 but are being forced to run on Node.js 24: actions/checkout@v4, actions/setup-python@v5, actions/upload-artifact@v4. For more information see: https://github.blog/changelog/2025-09-19-deprecation-of-node-20-on-github-actions-runners/
4 SCA	Set up job	﻿2026-10-07T14:04:26.6657575Z Current runner version: '2.337.0'
4 SCA	Set up job	2026-10-07T14:04:26.6676288Z ##[group]Runner Image Provisioner
4 SCA	Set up job	2026-10-07T14:04:26.6677206Z Hosted Compute Agent
4 SCA	Set up job	2026-10-07T14:04:26.6677704Z Version: 20260901.588
4 SCA	Set up job	2026-10-07T14:04:26.6678271Z Commit: f88ec8081b781fac6c440065ac7ff9e710ce3d0b
4 SCA	Set up job	2026-10-07T14:04:26.6678944Z Build Date: 2026-09-01T19:56:44Z
4 SCA	Set up job	2026-10-07T14:04:26.6679505Z Worker ID: {012330fa-2a49-44f7-b206-759416074bff}
4 SCA	Set up job	2026-10-07T14:04:26.6680198Z Azure Region: centralus
4 SCA	Set up job	2026-10-07T14:04:26.6680824Z ##[endgroup]
4 SCA	Set up job	2026-10-07T14:04:26.6681992Z ##[group]Operating System
4 SCA	Set up job	2026-10-07T14:04:26.6682527Z Ubuntu
4 SCA	Set up job	2026-10-07T14:04:26.6682971Z 24.04.5
4 SCA	Set up job	2026-10-07T14:04:26.6683495Z LTS
4 SCA	Set up job	2026-10-07T14:04:26.6683927Z ##[endgroup]
4 SCA	Set up job	2026-10-07T14:04:26.6684659Z ##[group]Runner Image
4 SCA	Set up job	2026-10-07T14:04:26.6685250Z Image: ubuntu-24.04
4 SCA	Set up job	2026-10-07T14:04:26.6685775Z Version: 20260927.320.1
4 SCA	Set up job	2026-10-07T14:04:26.6686741Z Included Software: https://github.com/actions/runner-images/blob/ubuntu24/20260927.320/images/ubuntu/Ubuntu2404-Readme.md
4 SCA	Set up job	2026-10-07T14:04:26.6687800Z Image Release: https://github.com/actions/runner-images/releases/tag/ubuntu24%2F20260927.320
4 SCA	Set up job	2026-10-07T14:04:26.6688375Z ##[endgroup]
4 SCA	Set up job	2026-10-07T14:04:26.6689047Z ##[group]GITHUB_TOKEN Permissions
4 SCA	Set up job	2026-10-07T14:04:26.6690480Z Contents: read
4 SCA	Set up job	2026-10-07T14:04:26.6691008Z Metadata: read
4 SCA	Set up job	2026-10-07T14:04:26.6691404Z ##[endgroup]
4 SCA	Set up job	2026-10-07T14:04:26.6692937Z Secret source: Actions
4 SCA	Set up job	2026-10-07T14:04:26.6693611Z Cache mode: write
4 SCA	Set up job	2026-10-07T14:04:26.6694048Z Prepare workflow directory
4 SCA	Set up job	2026-10-07T14:04:26.8168886Z Prepare all required actions
4 SCA	Set up job	2026-10-07T14:04:26.8201002Z Getting action download info
4 SCA	Set up job	2026-10-07T14:04:27.0849728Z Download action repository 'actions/checkout@v4' (SHA:11d5960a326750d5838078e36cf38b85af677262)
4 SCA	Set up job	2026-10-07T14:04:27.2920159Z Download action repository 'actions/setup-python@v5' (SHA:a26af69be951a213d495a4c3e4e4022e16d87065)
4 SCA	Set up job	2026-10-07T14:04:27.7186864Z Download action repository 'actions/upload-artifact@v4' (SHA:ea165f8d65b6e75b540449e92b4886f43607fa02)
4 SCA	Set up job	2026-10-07T14:04:28.4001688Z Complete job name: 4 SCA
4 SCA	Checkout code	﻿2026-10-07T14:04:28.4960553Z ##[group]Run actions/checkout@v4
4 SCA	Checkout code	2026-10-07T14:04:28.4961219Z with:
4 SCA	Checkout code	2026-10-07T14:04:28.4961494Z   repository: AmanYadav7015/devops-coursework
4 SCA	Checkout code	2026-10-07T14:04:28.4963338Z   token: ***
4 SCA	Checkout code	2026-10-07T14:04:28.4963591Z   ssh-strict: true
4 SCA	Checkout code	2026-10-07T14:04:28.4963841Z   ssh-user: git
4 SCA	Checkout code	2026-10-07T14:04:28.4964099Z   persist-credentials: true
4 SCA	Checkout code	2026-10-07T14:04:28.4964372Z   clean: true
4 SCA	Checkout code	2026-10-07T14:04:28.4964632Z   sparse-checkout-cone-mode: true
4 SCA	Checkout code	2026-10-07T14:04:28.4964915Z   fetch-depth: 1
4 SCA	Checkout code	2026-10-07T14:04:28.4965164Z   fetch-tags: false
4 SCA	Checkout code	2026-10-07T14:04:28.4965416Z   show-progress: true
4 SCA	Checkout code	2026-10-07T14:04:28.4965679Z   lfs: false
4 SCA	Checkout code	2026-10-07T14:04:28.4965926Z   submodules: false
4 SCA	Checkout code	2026-10-07T14:04:28.4966183Z   set-safe-directory: true
4 SCA	Checkout code	2026-10-07T14:04:28.4966465Z   allow-unsafe-pr-checkout: false
4 SCA	Checkout code	2026-10-07T14:04:28.4966818Z env:
4 SCA	Checkout code	2026-10-07T14:04:28.4967067Z   APP_DIR: labs/17-devsecops
4 SCA	Checkout code	2026-10-07T14:04:28.4967347Z   IMAGE_NAME: claim-check-api
4 SCA	Checkout code	2026-10-07T14:04:28.4967643Z   TRIVY_VERSION: 0.75.0
4 SCA	Checkout code	2026-10-07T14:04:28.4967936Z   GITLEAKS_VERSION: 8.30.1
4 SCA	Checkout code	2026-10-07T14:04:28.4968200Z   PYTHON_VERSION: 3.13
4 SCA	Checkout code	2026-10-07T14:04:28.4968449Z ##[endgroup]
4 SCA	Checkout code	2026-10-07T14:04:28.5623642Z Syncing repository: AmanYadav7015/devops-coursework
4 SCA	Checkout code	2026-10-07T14:04:28.5624859Z ##[group]Getting Git version info
4 SCA	Checkout code	2026-10-07T14:04:28.5625263Z Working directory is '/home/runner/work/devops-coursework/devops-coursework'
4 SCA	Checkout code	2026-10-07T14:04:28.5625888Z [command]/usr/bin/git version
4 SCA	Checkout code	2026-10-07T14:04:28.5768186Z git version 2.55.0
4 SCA	Checkout code	2026-10-07T14:04:28.5783293Z ##[endgroup]
4 SCA	Checkout code	2026-10-07T14:04:28.5794969Z Temporarily overriding HOME='/home/runner/work/_temp/d607eff3-3335-47b0-b37f-2523f8fb2262' before making global git config changes
4 SCA	Checkout code	2026-10-07T14:04:28.5795698Z Adding repository directory to the temporary git global config as a safe directory
4 SCA	Checkout code	2026-10-07T14:04:28.5800567Z [command]/usr/bin/git config --global --add safe.directory /home/runner/work/devops-coursework/devops-coursework
4 SCA	Checkout code	2026-10-07T14:04:28.6326564Z Deleting the contents of '/home/runner/work/devops-coursework/devops-coursework'
4 SCA	Checkout code	2026-10-07T14:04:28.6329936Z ##[group]Initializing the repository
4 SCA	Checkout code	2026-10-07T14:04:28.6333647Z [command]/usr/bin/git init /home/runner/work/devops-coursework/devops-coursework
4 SCA	Checkout code	2026-10-07T14:04:28.7026194Z hint: Using 'master' as the name for the initial branch. This default branch name
4 SCA	Checkout code	2026-10-07T14:04:28.7026724Z hint: will change to "main" in Git 3.0. To configure the initial branch name
4 SCA	Checkout code	2026-10-07T14:04:28.7027329Z hint: to use in all of your new repositories, which will suppress this warning,
4 SCA	Checkout code	2026-10-07T14:04:28.7027887Z hint: call:
4 SCA	Checkout code	2026-10-07T14:04:28.7028227Z hint:
4 SCA	Checkout code	2026-10-07T14:04:28.7028677Z hint: 	git config --global init.defaultBranch <name>
4 SCA	Checkout code	2026-10-07T14:04:28.7029149Z hint:
4 SCA	Checkout code	2026-10-07T14:04:28.7029598Z hint: Names commonly chosen instead of 'master' are 'main', 'trunk' and
4 SCA	Checkout code	2026-10-07T14:04:28.7030262Z hint: 'development'. The just-created branch can be renamed via this command:
4 SCA	Checkout code	2026-10-07T14:04:28.7030976Z hint:
4 SCA	Checkout code	2026-10-07T14:04:28.7031336Z hint: 	git branch -m <name>
4 SCA	Checkout code	2026-10-07T14:04:28.7031749Z hint:
4 SCA	Checkout code	2026-10-07T14:04:28.7032225Z hint: Disable this message with "git config set advice.defaultBranchName false"
4 SCA	Checkout code	2026-10-07T14:04:28.7033000Z Initialized empty Git repository in /home/runner/work/devops-coursework/devops-coursework/.git/
4 SCA	Checkout code	2026-10-07T14:04:28.7037585Z [command]/usr/bin/git remote add origin https://github.com/AmanYadav7015/devops-coursework
4 SCA	Checkout code	2026-10-07T14:04:28.7419872Z ##[endgroup]
4 SCA	Checkout code	2026-10-07T14:04:28.7420891Z ##[group]Disabling automatic garbage collection
4 SCA	Checkout code	2026-10-07T14:04:28.7421963Z [command]/usr/bin/git config --local gc.auto 0
4 SCA	Checkout code	2026-10-07T14:04:28.8009674Z ##[endgroup]
4 SCA	Checkout code	2026-10-07T14:04:28.8010295Z ##[group]Setting up auth
4 SCA	Checkout code	2026-10-07T14:04:28.8014396Z [command]/usr/bin/git config --local --name-only --get-regexp core\.sshCommand
4 SCA	Checkout code	2026-10-07T14:04:28.8043049Z [command]/usr/bin/git submodule foreach --recursive sh -c "git config --local --name-only --get-regexp 'core\.sshCommand' && git config --local --unset-all 'core.sshCommand' || :"
4 SCA	Checkout code	2026-10-07T14:04:28.8569251Z [command]/usr/bin/git config --local --name-only --get-regexp http\.https\:\/\/github\.com\/\.extraheader
4 SCA	Checkout code	2026-10-07T14:04:28.8603008Z [command]/usr/bin/git submodule foreach --recursive sh -c "git config --local --name-only --get-regexp 'http\.https\:\/\/github\.com\/\.extraheader' && git config --local --unset-all 'http.https://github.com/.extraheader' || :"
4 SCA	Checkout code	2026-10-07T14:04:28.8771184Z [command]/usr/bin/git config --local --name-only --get-regexp ^includeIf\.gitdir:
4 SCA	Checkout code	2026-10-07T14:04:28.8797979Z [command]/usr/bin/git submodule foreach --recursive git config --local --show-origin --name-only --get-regexp remote.origin.url
4 SCA	Checkout code	2026-10-07T14:04:28.8973886Z [command]/usr/bin/git config --local http.https://github.com/.extraheader AUTHORIZATION: basic ***
4 SCA	Checkout code	2026-10-07T14:04:28.9094715Z ##[endgroup]
4 SCA	Checkout code	2026-10-07T14:04:28.9095644Z ##[group]Fetching the repository
4 SCA	Checkout code	2026-10-07T14:04:28.9102139Z [command]/usr/bin/git -c protocol.version=2 fetch --no-tags --prune --no-recurse-submodules --depth=1 origin +1ecb2ab13722444f111c4b843510a96c4e63250a:refs/remotes/origin/session-17-devsecops-ci
4 SCA	Checkout code	2026-10-07T14:04:30.1532162Z From https://github.com/AmanYadav7015/devops-coursework
4 SCA	Checkout code	2026-10-07T14:04:30.1532903Z  * [new ref]         1ecb2ab13722444f111c4b843510a96c4e63250a -> origin/session-17-devsecops-ci
4 SCA	Checkout code	2026-10-07T14:04:30.1535763Z ##[endgroup]
4 SCA	Checkout code	2026-10-07T14:04:30.1536106Z ##[group]Determining the checkout info
4 SCA	Checkout code	2026-10-07T14:04:30.1538020Z ##[endgroup]
4 SCA	Checkout code	2026-10-07T14:04:30.1543601Z [command]/usr/bin/git sparse-checkout disable
4 SCA	Checkout code	2026-10-07T14:04:30.1588823Z [command]/usr/bin/git config --local --unset-all extensions.worktreeConfig
4 SCA	Checkout code	2026-10-07T14:04:30.1616379Z ##[group]Checking out the ref
4 SCA	Checkout code	2026-10-07T14:04:30.1618885Z [command]/usr/bin/git checkout --progress --force -B session-17-devsecops-ci refs/remotes/origin/session-17-devsecops-ci
4 SCA	Checkout code	2026-10-07T14:04:30.2544747Z Switched to a new branch 'session-17-devsecops-ci'
4 SCA	Checkout code	2026-10-07T14:04:30.2547986Z branch 'session-17-devsecops-ci' set up to track 'origin/session-17-devsecops-ci'.
4 SCA	Checkout code	2026-10-07T14:04:30.2557673Z ##[endgroup]
4 SCA	Checkout code	2026-10-07T14:04:30.2597545Z [command]/usr/bin/git log -1 --format=%H
4 SCA	Checkout code	2026-10-07T14:04:30.2621850Z 1ecb2ab13722444f111c4b843510a96c4e63250a
4 SCA	Setup Python	﻿2026-10-07T14:04:30.2815303Z ##[group]Run actions/setup-python@v5
4 SCA	Setup Python	2026-10-07T14:04:30.2815509Z with:
4 SCA	Setup Python	2026-10-07T14:04:30.2815627Z   python-version: 3.13
4 SCA	Setup Python	2026-10-07T14:04:30.2815756Z   check-latest: false
4 SCA	Setup Python	2026-10-07T14:04:30.2817284Z   token: ***
4 SCA	Setup Python	2026-10-07T14:04:30.2817409Z   update-environment: true
4 SCA	Setup Python	2026-10-07T14:04:30.2817556Z   allow-prereleases: false
4 SCA	Setup Python	2026-10-07T14:04:30.2817687Z   freethreaded: false
4 SCA	Setup Python	2026-10-07T14:04:30.2817803Z env:
4 SCA	Setup Python	2026-10-07T14:04:30.2873107Z   APP_DIR: labs/17-devsecops
4 SCA	Setup Python	2026-10-07T14:04:30.2873291Z   IMAGE_NAME: claim-check-api
4 SCA	Setup Python	2026-10-07T14:04:30.2873441Z   TRIVY_VERSION: 0.75.0
4 SCA	Setup Python	2026-10-07T14:04:30.2873586Z   GITLEAKS_VERSION: 8.30.1
4 SCA	Setup Python	2026-10-07T14:04:30.2873731Z   PYTHON_VERSION: 3.13
4 SCA	Setup Python	2026-10-07T14:04:30.2873880Z ##[endgroup]
4 SCA	Setup Python	2026-10-07T14:04:30.3745668Z ##[group]Installed versions
4 SCA	Setup Python	2026-10-07T14:04:30.3801064Z (node:2069) [DEP0040] DeprecationWarning: The `punycode` module is deprecated. Please use a userland alternative instead.
4 SCA	Setup Python	2026-10-07T14:04:30.3801595Z (Use `node --trace-deprecation ...` to show where the warning was created)
4 SCA	Setup Python	2026-10-07T14:04:30.3801950Z Successfully set up CPython (3.13.15)
4 SCA	Setup Python	2026-10-07T14:04:30.3802344Z ##[endgroup]
4 SCA	Install trivy	﻿2026-10-07T14:04:30.3938272Z ##[group]Run curl -sfL https://raw.githubusercontent.com/aquasecurity/trivy/main/contrib/install.sh \
4 SCA	Install trivy	2026-10-07T14:04:30.3938778Z [36;1mcurl -sfL https://raw.githubusercontent.com/aquasecurity/trivy/main/contrib/install.sh \[0m
4 SCA	Install trivy	2026-10-07T14:04:30.3939095Z [36;1m  | sudo sh -s -- -b /usr/local/bin "v${TRIVY_VERSION}"[0m
4 SCA	Install trivy	2026-10-07T14:04:30.3939297Z [36;1mtrivy --version[0m
4 SCA	Install trivy	2026-10-07T14:04:30.4276214Z shell: /usr/bin/bash --noprofile --norc -e -o pipefail {0}
4 SCA	Install trivy	2026-10-07T14:04:30.4276491Z env:
4 SCA	Install trivy	2026-10-07T14:04:30.4276631Z   APP_DIR: labs/17-devsecops
4 SCA	Install trivy	2026-10-07T14:04:30.4276787Z   IMAGE_NAME: claim-check-api
4 SCA	Install trivy	2026-10-07T14:04:30.4276949Z   TRIVY_VERSION: 0.75.0
4 SCA	Install trivy	2026-10-07T14:04:30.4277083Z   GITLEAKS_VERSION: 8.30.1
4 SCA	Install trivy	2026-10-07T14:04:30.4277219Z   PYTHON_VERSION: 3.13
4 SCA	Install trivy	2026-10-07T14:04:30.4277390Z   pythonLocation: /opt/hostedtoolcache/Python/3.13.15/x64
4 SCA	Install trivy	2026-10-07T14:04:30.4277638Z   PKG_CONFIG_PATH: /opt/hostedtoolcache/Python/3.13.15/x64/lib/pkgconfig
4 SCA	Install trivy	2026-10-07T14:04:30.4277884Z   Python_ROOT_DIR: /opt/hostedtoolcache/Python/3.13.15/x64
4 SCA	Install trivy	2026-10-07T14:04:30.4278147Z   Python2_ROOT_DIR: /opt/hostedtoolcache/Python/3.13.15/x64
4 SCA	Install trivy	2026-10-07T14:04:30.4278365Z   Python3_ROOT_DIR: /opt/hostedtoolcache/Python/3.13.15/x64
4 SCA	Install trivy	2026-10-07T14:04:30.4278588Z   LD_LIBRARY_PATH: /opt/hostedtoolcache/Python/3.13.15/x64/lib
4 SCA	Install trivy	2026-10-07T14:04:30.4278773Z ##[endgroup]
4 SCA	Install trivy	2026-10-07T14:04:30.5238526Z aquasecurity/trivy info checking GitHub for tag 'v0.75.0'
4 SCA	Install trivy	2026-10-07T14:04:30.6514643Z aquasecurity/trivy info found version: 0.75.0 for v0.75.0/Linux/64bit
4 SCA	Install trivy	2026-10-07T14:04:32.1996408Z aquasecurity/trivy info installed /usr/local/bin/trivy
4 SCA	Install trivy	2026-10-07T14:04:32.2833981Z Version: 0.75.0
4 SCA	Install pip-audit	﻿2026-10-07T14:04:32.2874184Z ##[group]Run pip install pip-audit==2.10.1
4 SCA	Install pip-audit	2026-10-07T14:04:32.2874410Z [36;1mpip install pip-audit==2.10.1[0m
4 SCA	Install pip-audit	2026-10-07T14:04:32.2928519Z shell: /usr/bin/bash --noprofile --norc -e -o pipefail {0}
4 SCA	Install pip-audit	2026-10-07T14:04:32.2928725Z env:
4 SCA	Install pip-audit	2026-10-07T14:04:32.2928849Z   APP_DIR: labs/17-devsecops
4 SCA	Install pip-audit	2026-10-07T14:04:32.2928994Z   IMAGE_NAME: claim-check-api
4 SCA	Install pip-audit	2026-10-07T14:04:32.2929133Z   TRIVY_VERSION: 0.75.0
4 SCA	Install pip-audit	2026-10-07T14:04:32.2929263Z   GITLEAKS_VERSION: 8.30.1
4 SCA	Install pip-audit	2026-10-07T14:04:32.2929389Z   PYTHON_VERSION: 3.13
4 SCA	Install pip-audit	2026-10-07T14:04:32.2929554Z   pythonLocation: /opt/hostedtoolcache/Python/3.13.15/x64
4 SCA	Install pip-audit	2026-10-07T14:04:32.2929791Z   PKG_CONFIG_PATH: /opt/hostedtoolcache/Python/3.13.15/x64/lib/pkgconfig
4 SCA	Install pip-audit	2026-10-07T14:04:32.2930023Z   Python_ROOT_DIR: /opt/hostedtoolcache/Python/3.13.15/x64
4 SCA	Install pip-audit	2026-10-07T14:04:32.2930236Z   Python2_ROOT_DIR: /opt/hostedtoolcache/Python/3.13.15/x64
4 SCA	Install pip-audit	2026-10-07T14:04:32.2930448Z   Python3_ROOT_DIR: /opt/hostedtoolcache/Python/3.13.15/x64
4 SCA	Install pip-audit	2026-10-07T14:04:32.2931084Z   LD_LIBRARY_PATH: /opt/hostedtoolcache/Python/3.13.15/x64/lib
4 SCA	Install pip-audit	2026-10-07T14:04:32.2931316Z ##[endgroup]
4 SCA	Install pip-audit	2026-10-07T14:04:34.4743177Z Collecting pip-audit==2.10.1
4 SCA	Install pip-audit	2026-10-07T14:04:34.5386900Z   Downloading pip_audit-2.10.1-py3-none-any.whl.metadata (28 kB)
4 SCA	Install pip-audit	2026-10-07T14:04:34.5715252Z Collecting CacheControl>=0.13.0 (from CacheControl[filecache]>=0.13.0->pip-audit==2.10.1)
4 SCA	Install pip-audit	2026-10-07T14:04:34.5840573Z   Downloading cachecontrol-0.14.4-py3-none-any.whl.metadata (3.1 kB)
4 SCA	Install pip-audit	2026-10-07T14:04:34.6242709Z Collecting cyclonedx-python-lib<12,>=5 (from pip-audit==2.10.1)
4 SCA	Install pip-audit	2026-10-07T14:04:34.6369857Z   Downloading cyclonedx_python_lib-11.12.0-py3-none-any.whl.metadata (6.9 kB)
4 SCA	Install pip-audit	2026-10-07T14:04:34.6596442Z Collecting packaging>=23.0.0 (from pip-audit==2.10.1)
4 SCA	Install pip-audit	2026-10-07T14:04:34.6726812Z   Downloading packaging-26.3-py3-none-any.whl.metadata (3.5 kB)
4 SCA	Install pip-audit	2026-10-07T14:04:34.6991958Z Collecting pip-api>=0.0.28 (from pip-audit==2.10.1)
4 SCA	Install pip-audit	2026-10-07T14:04:34.7124132Z   Downloading pip_api-0.0.35-py3-none-any.whl.metadata (17 kB)
4 SCA	Install pip-audit	2026-10-07T14:04:34.7330571Z Collecting pip-requirements-parser>=32.0.0 (from pip-audit==2.10.1)
4 SCA	Install pip-audit	2026-10-07T14:04:34.7461223Z   Downloading pip_requirements_parser-32.0.1-py3-none-any.whl.metadata (9.3 kB)
4 SCA	Install pip-audit	2026-10-07T14:04:34.7718498Z Collecting requests>=2.31.0 (from pip-audit==2.10.1)
4 SCA	Install pip-audit	2026-10-07T14:04:34.7842292Z   Downloading requests-2.34.2-py3-none-any.whl.metadata (4.8 kB)
4 SCA	Install pip-audit	2026-10-07T14:04:34.8157159Z Collecting rich>=12.4 (from pip-audit==2.10.1)
4 SCA	Install pip-audit	2026-10-07T14:04:34.8298208Z   Downloading rich-15.0.0-py3-none-any.whl.metadata (18 kB)
4 SCA	Install pip-audit	2026-10-07T14:04:34.8574997Z Collecting tomli>=2.2.1 (from pip-audit==2.10.1)
4 SCA	Install pip-audit	2026-10-07T14:04:34.8700492Z   Downloading tomli-2.5.0-cp313-cp313-manylinux2014_x86_64.manylinux_2_17_x86_64.manylinux_2_28_x86_64.whl.metadata (10 kB)
4 SCA	Install pip-audit	2026-10-07T14:04:34.9040169Z Collecting tomli-w>=1.2.0 (from pip-audit==2.10.1)
4 SCA	Install pip-audit	2026-10-07T14:04:34.9170772Z   Downloading tomli_w-1.2.0-py3-none-any.whl.metadata (5.7 kB)
4 SCA	Install pip-audit	2026-10-07T14:04:34.9409919Z Collecting platformdirs>=4.2.0 (from pip-audit==2.10.1)
4 SCA	Install pip-audit	2026-10-07T14:04:34.9534492Z   Downloading platformdirs-4.12.3-py3-none-any.whl.metadata (5.5 kB)
4 SCA	Install pip-audit	2026-10-07T14:04:34.9750464Z Collecting license-expression<31,>=30 (from cyclonedx-python-lib<12,>=5->pip-audit==2.10.1)
4 SCA	Install pip-audit	2026-10-07T14:04:34.9872930Z   Downloading license_expression-30.4.4-py3-none-any.whl.metadata (11 kB)
4 SCA	Install pip-audit	2026-10-07T14:04:35.0100860Z Collecting packageurl-python<2,>=0.11 (from cyclonedx-python-lib<12,>=5->pip-audit==2.10.1)
4 SCA	Install pip-audit	2026-10-07T14:04:35.0225095Z   Downloading packageurl_python-0.17.6-py3-none-any.whl.metadata (5.1 kB)
4 SCA	Install pip-audit	2026-10-07T14:04:35.0439223Z Collecting py-serializable<3.0.0,>=2.1.0 (from cyclonedx-python-lib<12,>=5->pip-audit==2.10.1)
4 SCA	Install pip-audit	2026-10-07T14:04:35.0561682Z   Downloading py_serializable-2.1.0-py3-none-any.whl.metadata (4.3 kB)
4 SCA	Install pip-audit	2026-10-07T14:04:35.0762821Z Collecting sortedcontainers<3.0.0,>=2.4.0 (from cyclonedx-python-lib<12,>=5->pip-audit==2.10.1)
4 SCA	Install pip-audit	2026-10-07T14:04:35.0886988Z   Downloading sortedcontainers-2.4.0-py2.py3-none-any.whl.metadata (10 kB)
4 SCA	Install pip-audit	2026-10-07T14:04:35.1233019Z Collecting boolean.py>=4.0 (from license-expression<31,>=30->cyclonedx-python-lib<12,>=5->pip-audit==2.10.1)
4 SCA	Install pip-audit	2026-10-07T14:04:35.1357127Z   Downloading boolean_py-5.0-py3-none-any.whl.metadata (2.3 kB)
4 SCA	Install pip-audit	2026-10-07T14:04:35.1569947Z Collecting defusedxml<0.8.0,>=0.7.1 (from py-serializable<3.0.0,>=2.1.0->cyclonedx-python-lib<12,>=5->pip-audit==2.10.1)
4 SCA	Install pip-audit	2026-10-07T14:04:35.1685197Z   Downloading defusedxml-0.7.1-py2.py3-none-any.whl.metadata (32 kB)
4 SCA	Install pip-audit	2026-10-07T14:04:35.2371002Z Collecting msgpack<2.0.0,>=0.5.2 (from CacheControl>=0.13.0->CacheControl[filecache]>=0.13.0->pip-audit==2.10.1)
4 SCA	Install pip-audit	2026-10-07T14:04:35.2494886Z   Downloading msgpack-1.2.3-cp313-cp313-manylinux2014_x86_64.manylinux_2_17_x86_64.manylinux_2_28_x86_64.whl.metadata (8.3 kB)
4 SCA	Install pip-audit	2026-10-07T14:04:35.2757157Z Collecting filelock>=3.8.0 (from CacheControl[filecache]>=0.13.0->pip-audit==2.10.1)
4 SCA	Install pip-audit	2026-10-07T14:04:35.2882103Z   Downloading filelock-4.0.12-py3-none-any.whl.metadata (2.0 kB)
4 SCA	Install pip-audit	2026-10-07T14:04:35.2909381Z Requirement already satisfied: pip in /opt/hostedtoolcache/Python/3.13.15/x64/lib/python3.13/site-packages (from pip-api>=0.0.28->pip-audit==2.10.1) (26.2.1)
4 SCA	Install pip-audit	2026-10-07T14:04:35.3178194Z Collecting pyparsing (from pip-requirements-parser>=32.0.0->pip-audit==2.10.1)
4 SCA	Install pip-audit	2026-10-07T14:04:35.3304557Z   Downloading pyparsing-3.3.3-py3-none-any.whl.metadata (5.9 kB)
4 SCA	Install pip-audit	2026-10-07T14:04:35.4133956Z Collecting charset_normalizer<4,>=2 (from requests>=2.31.0->pip-audit==2.10.1)
4 SCA	Install pip-audit	2026-10-07T14:04:35.4258984Z   Downloading charset_normalizer-3.5.2-cp313-cp313-manylinux2014_x86_64.manylinux_2_17_x86_64.manylinux_2_28_x86_64.whl.metadata (46 kB)
4 SCA	Install pip-audit	2026-10-07T14:04:35.4512706Z Collecting idna<4,>=2.5 (from requests>=2.31.0->pip-audit==2.10.1)
4 SCA	Install pip-audit	2026-10-07T14:04:35.4640464Z   Downloading idna-3.20-py3-none-any.whl.metadata (7.2 kB)
4 SCA	Install pip-audit	2026-10-07T14:04:35.4888909Z Collecting urllib3<3,>=1.26 (from requests>=2.31.0->pip-audit==2.10.1)
4 SCA	Install pip-audit	2026-10-07T14:04:35.5017893Z   Downloading urllib3-2.8.0-py3-none-any.whl.metadata (7.4 kB)
4 SCA	Install pip-audit	2026-10-07T14:04:35.5245020Z Collecting certifi>=2023.5.7 (from requests>=2.31.0->pip-audit==2.10.1)
4 SCA	Install pip-audit	2026-10-07T14:04:35.5367322Z   Downloading certifi-2026.7.22-py3-none-any.whl.metadata (2.5 kB)
4 SCA	Install pip-audit	2026-10-07T14:04:35.5584453Z Collecting markdown-it-py>=2.2.0 (from rich>=12.4->pip-audit==2.10.1)
4 SCA	Install pip-audit	2026-10-07T14:04:35.5711106Z   Downloading markdown_it_py-4.2.0-py3-none-any.whl.metadata (7.4 kB)
4 SCA	Install pip-audit	2026-10-07T14:04:35.5962163Z Collecting pygments<3.0.0,>=2.13.0 (from rich>=12.4->pip-audit==2.10.1)
4 SCA	Install pip-audit	2026-10-07T14:04:35.6086865Z   Downloading pygments-2.21.0-py3-none-any.whl.metadata (2.5 kB)
4 SCA	Install pip-audit	2026-10-07T14:04:35.6340313Z Collecting mdurl~=0.1 (from markdown-it-py>=2.2.0->rich>=12.4->pip-audit==2.10.1)
4 SCA	Install pip-audit	2026-10-07T14:04:35.6463097Z   Downloading mdurl-0.1.2-py3-none-any.whl.metadata (1.6 kB)
4 SCA	Install pip-audit	2026-10-07T14:04:35.6683160Z Downloading pip_audit-2.10.1-py3-none-any.whl (62 kB)
4 SCA	Install pip-audit	2026-10-07T14:04:35.6963669Z Downloading cyclonedx_python_lib-11.12.0-py3-none-any.whl (529 kB)
4 SCA	Install pip-audit	2026-10-07T14:04:35.7383661Z    ━━━━━━━━━━━━━━━━━━━━━━━━━━━━━━━━━━━━━━━━ 529.5/529.5 kB 20.1 MB/s  0:00:00
4 SCA	Install pip-audit	2026-10-07T14:04:35.7513985Z Downloading license_expression-30.4.4-py3-none-any.whl (120 kB)
4 SCA	Install pip-audit	2026-10-07T14:04:35.7659626Z Downloading packageurl_python-0.17.6-py3-none-any.whl (36 kB)
4 SCA	Install pip-audit	2026-10-07T14:04:35.7807937Z Downloading py_serializable-2.1.0-py3-none-any.whl (23 kB)
4 SCA	Install pip-audit	2026-10-07T14:04:35.7945374Z Downloading defusedxml-0.7.1-py2.py3-none-any.whl (25 kB)
4 SCA	Install pip-audit	2026-10-07T14:04:35.8082466Z Downloading sortedcontainers-2.4.0-py2.py3-none-any.whl (29 kB)
4 SCA	Install pip-audit	2026-10-07T14:04:35.8219771Z Downloading boolean_py-5.0-py3-none-any.whl (26 kB)
4 SCA	Install pip-audit	2026-10-07T14:04:35.8357495Z Downloading cachecontrol-0.14.4-py3-none-any.whl (22 kB)
4 SCA	Install pip-audit	2026-10-07T14:04:35.8501048Z Downloading msgpack-1.2.3-cp313-cp313-manylinux2014_x86_64.manylinux_2_17_x86_64.manylinux_2_28_x86_64.whl (466 kB)
4 SCA	Install pip-audit	2026-10-07T14:04:35.8764540Z Downloading filelock-4.0.12-py3-none-any.whl (111 kB)
4 SCA	Install pip-audit	2026-10-07T14:04:35.8913366Z Downloading packaging-26.3-py3-none-any.whl (129 kB)
4 SCA	Install pip-audit	2026-10-07T14:04:35.9061304Z Downloading pip_api-0.0.35-py3-none-any.whl (123 kB)
4 SCA	Install pip-audit	2026-10-07T14:04:35.9346957Z Downloading pip_requirements_parser-32.0.1-py3-none-any.whl (35 kB)
4 SCA	Install pip-audit	2026-10-07T14:04:35.9484772Z Downloading platformdirs-4.12.3-py3-none-any.whl (32 kB)
4 SCA	Install pip-audit	2026-10-07T14:04:35.9622683Z Downloading requests-2.34.2-py3-none-any.whl (73 kB)
4 SCA	Install pip-audit	2026-10-07T14:04:35.9771067Z Downloading charset_normalizer-3.5.2-cp313-cp313-manylinux2014_x86_64.manylinux_2_17_x86_64.manylinux_2_28_x86_64.whl (254 kB)
4 SCA	Install pip-audit	2026-10-07T14:04:35.9938072Z Downloading idna-3.20-py3-none-any.whl (69 kB)
4 SCA	Install pip-audit	2026-10-07T14:04:36.0101135Z Downloading urllib3-2.8.0-py3-none-any.whl (135 kB)
4 SCA	Install pip-audit	2026-10-07T14:04:36.0243597Z Downloading certifi-2026.7.22-py3-none-any.whl (136 kB)
4 SCA	Install pip-audit	2026-10-07T14:04:36.0383617Z Downloading rich-15.0.0-py3-none-any.whl (310 kB)
4 SCA	Install pip-audit	2026-10-07T14:04:36.0549375Z Downloading pygments-2.21.0-py3-none-any.whl (1.3 MB)
4 SCA	Install pip-audit	2026-10-07T14:04:36.0731082Z    ━━━━━━━━━━━━━━━━━━━━━━━━━━━━━━━━━━━━━━━━ 1.3/1.3 MB 62.9 MB/s  0:00:00
4 SCA	Install pip-audit	2026-10-07T14:04:36.0857927Z Downloading markdown_it_py-4.2.0-py3-none-any.whl (91 kB)
4 SCA	Install pip-audit	2026-10-07T14:04:36.1006075Z Downloading mdurl-0.1.2-py3-none-any.whl (10.0 kB)
4 SCA	Install pip-audit	2026-10-07T14:04:36.1142031Z Downloading tomli-2.5.0-cp313-cp313-manylinux2014_x86_64.manylinux_2_17_x86_64.manylinux_2_28_x86_64.whl (283 kB)
4 SCA	Install pip-audit	2026-10-07T14:04:36.1429288Z Downloading tomli_w-1.2.0-py3-none-any.whl (6.7 kB)
4 SCA	Install pip-audit	2026-10-07T14:04:36.1590569Z Downloading pyparsing-3.3.3-py3-none-any.whl (126 kB)
4 SCA	Install pip-audit	2026-10-07T14:04:36.3293862Z Installing collected packages: sortedcontainers, boolean.py, urllib3, tomli-w, tomli, pyparsing, pygments, platformdirs, pip-api, packaging, packageurl-python, msgpack, mdurl, license-expression, idna, filelock, defusedxml, charset_normalizer, certifi, requests, py-serializable, pip-requirements-parser, markdown-it-py, rich, cyclonedx-python-lib, CacheControl, pip-audit
4 SCA	Install pip-audit	2026-10-07T14:04:37.7276484Z 
4 SCA	Install pip-audit	2026-10-07T14:04:37.7294897Z Successfully installed CacheControl-0.14.4 boolean.py-5.0 certifi-2026.7.22 charset_normalizer-3.5.2 cyclonedx-python-lib-11.12.0 defusedxml-0.7.1 filelock-4.0.12 idna-3.20 license-expression-30.4.4 markdown-it-py-4.2.0 mdurl-0.1.2 msgpack-1.2.3 packageurl-python-0.17.6 packaging-26.3 pip-api-0.0.35 pip-audit-2.10.1 pip-requirements-parser-32.0.1 platformdirs-4.12.3 py-serializable-2.1.0 pygments-2.21.0 pyparsing-3.3.3 requests-2.34.2 rich-15.0.0 sortedcontainers-2.4.0 tomli-2.5.0 tomli-w-1.2.0 urllib3-2.8.0
4 SCA	Audit the pinned dependencies with pip-audit	﻿2026-10-07T14:04:37.7867308Z ##[group]Run set -o pipefail
4 SCA	Audit the pinned dependencies with pip-audit	2026-10-07T14:04:37.7867521Z [36;1mset -o pipefail[0m
4 SCA	Audit the pinned dependencies with pip-audit	2026-10-07T14:04:37.7867652Z [36;1mmkdir -p reports[0m
4 SCA	Audit the pinned dependencies with pip-audit	2026-10-07T14:04:37.7867862Z [36;1mpip-audit -r requirements.txt --no-deps | tee reports/pip-audit.txt[0m
4 SCA	Audit the pinned dependencies with pip-audit	2026-10-07T14:04:37.7921440Z shell: /usr/bin/bash --noprofile --norc -e -o pipefail {0}
4 SCA	Audit the pinned dependencies with pip-audit	2026-10-07T14:04:37.7921627Z env:
4 SCA	Audit the pinned dependencies with pip-audit	2026-10-07T14:04:37.7921745Z   APP_DIR: labs/17-devsecops
4 SCA	Audit the pinned dependencies with pip-audit	2026-10-07T14:04:37.7921888Z   IMAGE_NAME: claim-check-api
4 SCA	Audit the pinned dependencies with pip-audit	2026-10-07T14:04:37.7922028Z   TRIVY_VERSION: 0.75.0
4 SCA	Audit the pinned dependencies with pip-audit	2026-10-07T14:04:37.7922156Z   GITLEAKS_VERSION: 8.30.1
4 SCA	Audit the pinned dependencies with pip-audit	2026-10-07T14:04:37.7922296Z   PYTHON_VERSION: 3.13
4 SCA	Audit the pinned dependencies with pip-audit	2026-10-07T14:04:37.7922463Z   pythonLocation: /opt/hostedtoolcache/Python/3.13.15/x64
4 SCA	Audit the pinned dependencies with pip-audit	2026-10-07T14:04:37.7922703Z   PKG_CONFIG_PATH: /opt/hostedtoolcache/Python/3.13.15/x64/lib/pkgconfig
4 SCA	Audit the pinned dependencies with pip-audit	2026-10-07T14:04:37.7922937Z   Python_ROOT_DIR: /opt/hostedtoolcache/Python/3.13.15/x64
4 SCA	Audit the pinned dependencies with pip-audit	2026-10-07T14:04:37.7923151Z   Python2_ROOT_DIR: /opt/hostedtoolcache/Python/3.13.15/x64
4 SCA	Audit the pinned dependencies with pip-audit	2026-10-07T14:04:37.7923396Z   Python3_ROOT_DIR: /opt/hostedtoolcache/Python/3.13.15/x64
4 SCA	Audit the pinned dependencies with pip-audit	2026-10-07T14:04:37.7923610Z   LD_LIBRARY_PATH: /opt/hostedtoolcache/Python/3.13.15/x64/lib
4 SCA	Audit the pinned dependencies with pip-audit	2026-10-07T14:04:37.7923793Z ##[endgroup]
4 SCA	Audit the pinned dependencies with pip-audit	2026-10-07T14:04:38.5355954Z WARNING:pip_audit._cli:--no-deps is supported, but users are encouraged to fully hash their pinned dependencies
4 SCA	Audit the pinned dependencies with pip-audit	2026-10-07T14:04:38.5356443Z WARNING:pip_audit._cli:Consider using a tool like `pip-compile`: https://pip-tools.readthedocs.io/en/latest/#using-hashes
4 SCA	Audit the pinned dependencies with pip-audit	2026-10-07T14:04:42.0487396Z No known vulnerabilities found
4 SCA	Audit the pinned dependencies with trivy	﻿2026-10-07T14:04:42.0880243Z ##[group]Run set -o pipefail
4 SCA	Audit the pinned dependencies with trivy	2026-10-07T14:04:42.0880469Z [36;1mset -o pipefail[0m
4 SCA	Audit the pinned dependencies with trivy	2026-10-07T14:04:42.0880991Z [36;1mtrivy fs --scanners vuln --severity HIGH,CRITICAL --exit-code 1 \[0m
4 SCA	Audit the pinned dependencies with trivy	2026-10-07T14:04:42.0881367Z [36;1m  --format table requirements.txt | tee reports/trivy-fs.txt[0m
4 SCA	Audit the pinned dependencies with trivy	2026-10-07T14:04:42.0937671Z shell: /usr/bin/bash --noprofile --norc -e -o pipefail {0}
4 SCA	Audit the pinned dependencies with trivy	2026-10-07T14:04:42.0937858Z env:
4 SCA	Audit the pinned dependencies with trivy	2026-10-07T14:04:42.0937980Z   APP_DIR: labs/17-devsecops
4 SCA	Audit the pinned dependencies with trivy	2026-10-07T14:04:42.0938125Z   IMAGE_NAME: claim-check-api
4 SCA	Audit the pinned dependencies with trivy	2026-10-07T14:04:42.0938268Z   TRIVY_VERSION: 0.75.0
4 SCA	Audit the pinned dependencies with trivy	2026-10-07T14:04:42.0938395Z   GITLEAKS_VERSION: 8.30.1
4 SCA	Audit the pinned dependencies with trivy	2026-10-07T14:04:42.0938523Z   PYTHON_VERSION: 3.13
4 SCA	Audit the pinned dependencies with trivy	2026-10-07T14:04:42.0938681Z   pythonLocation: /opt/hostedtoolcache/Python/3.13.15/x64
4 SCA	Audit the pinned dependencies with trivy	2026-10-07T14:04:42.0938919Z   PKG_CONFIG_PATH: /opt/hostedtoolcache/Python/3.13.15/x64/lib/pkgconfig
4 SCA	Audit the pinned dependencies with trivy	2026-10-07T14:04:42.0939151Z   Python_ROOT_DIR: /opt/hostedtoolcache/Python/3.13.15/x64
4 SCA	Audit the pinned dependencies with trivy	2026-10-07T14:04:42.0939364Z   Python2_ROOT_DIR: /opt/hostedtoolcache/Python/3.13.15/x64
4 SCA	Audit the pinned dependencies with trivy	2026-10-07T14:04:42.0939732Z   Python3_ROOT_DIR: /opt/hostedtoolcache/Python/3.13.15/x64
4 SCA	Audit the pinned dependencies with trivy	2026-10-07T14:04:42.0939945Z   LD_LIBRARY_PATH: /opt/hostedtoolcache/Python/3.13.15/x64/lib
4 SCA	Audit the pinned dependencies with trivy	2026-10-07T14:04:42.0940126Z ##[endgroup]
4 SCA	Audit the pinned dependencies with trivy	2026-10-07T14:04:42.1522413Z 2026-10-07T14:04:42Z	INFO	[vulndb] Need to update DB
4 SCA	Audit the pinned dependencies with trivy	2026-10-07T14:04:42.1522766Z 2026-10-07T14:04:42Z	INFO	[vulndb] Downloading vulnerability DB...
4 SCA	Audit the pinned dependencies with trivy	2026-10-07T14:04:42.1523070Z 2026-10-07T14:04:42Z	INFO	[vulndb] Downloading artifact...	repo="mirror.gcr.io/aquasec/trivy-db:2"
4 SCA	Audit the pinned dependencies with trivy	2026-10-07T14:04:45.6259123Z 6.22 MiB / 119.53 MiB [--->__________________________________________________________] 5.20% ? p/s ?48.00 MiB / 119.53 MiB [------------------------>___________________________________] 40.16% ? p/s ?91.29 MiB / 119.53 MiB [--------------------------------------------->______________] 76.37% ? p/s ?119.53 MiB / 119.53 MiB [------------------------------------------->] 100.00% 188.69 MiB p/s ETA 0s119.53 MiB / 119.53 MiB [------------------------------------------->] 100.00% 188.69 MiB p/s ETA 0s119.53 MiB / 119.53 MiB [------------------------------------------->] 100.00% 188.69 MiB p/s ETA 0s119.53 MiB / 119.53 MiB [------------------------------------------->] 100.00% 176.51 MiB p/s ETA 0s119.53 MiB / 119.53 MiB [------------------------------------------->] 100.00% 176.51 MiB p/s ETA 0s119.53 MiB / 119.53 MiB [------------------------------------------->] 100.00% 176.51 MiB p/s ETA 0s119.53 MiB / 119.53 MiB [------------------------------------------->] 100.00% 165.13 MiB p/s ETA 0s119.53 MiB / 119.53 MiB [------------------------------------------->] 100.00% 165.13 MiB p/s ETA 0s119.53 MiB / 119.53 MiB [------------------------------------------->] 100.00% 165.13 MiB p/s ETA 0s119.53 MiB / 119.53 MiB [------------------------------------------->] 100.00% 154.47 MiB p/s ETA 0s119.53 MiB / 119.53 MiB [------------------------------------------->] 100.00% 154.47 MiB p/s ETA 0s119.53 MiB / 119.53 MiB [------------------------------------------->] 100.00% 154.47 MiB p/s ETA 0s119.53 MiB / 119.53 MiB [-----------------------------------------------] 100.00% 41.23 MiB p/s 3.1s2026-10-07T14:04:45Z	INFO	[vulndb] Artifact successfully downloaded	repo="mirror.gcr.io/aquasec/trivy-db:2"
4 SCA	Audit the pinned dependencies with trivy	2026-10-07T14:04:45.6341434Z 2026-10-07T14:04:45Z	INFO	[vuln] Vulnerability scanning is enabled
4 SCA	Audit the pinned dependencies with trivy	2026-10-07T14:04:45.6348199Z 2026-10-07T14:04:45Z	INFO	[python] Licenses acquired from one or more METADATA files may be subject to additional terms. Use `--debug` flag to see all affected packages.
4 SCA	Audit the pinned dependencies with trivy	2026-10-07T14:04:45.6353397Z 2026-10-07T14:04:45Z	INFO	Number of language-specific files	num=1
4 SCA	Audit the pinned dependencies with trivy	2026-10-07T14:04:45.6362664Z 2026-10-07T14:04:45Z	INFO	[pip] Detecting vulnerabilities...
4 SCA	Audit the pinned dependencies with trivy	2026-10-07T14:04:45.6383231Z 
4 SCA	Audit the pinned dependencies with trivy	2026-10-07T14:04:45.6383508Z Report Summary
4 SCA	Audit the pinned dependencies with trivy	2026-10-07T14:04:45.6383750Z 
4 SCA	Audit the pinned dependencies with trivy	2026-10-07T14:04:45.6384343Z ┌──────────────────┬──────┬─────────────────┐
4 SCA	Audit the pinned dependencies with trivy	2026-10-07T14:04:45.6384823Z │      Target      │ Type │ Vulnerabilities │
4 SCA	Audit the pinned dependencies with trivy	2026-10-07T14:04:45.6385262Z ├──────────────────┼──────┼─────────────────┤
4 SCA	Audit the pinned dependencies with trivy	2026-10-07T14:04:45.6385935Z │ requirements.txt │ pip  │        0        │
4 SCA	Audit the pinned dependencies with trivy	2026-10-07T14:04:45.6386381Z └──────────────────┴──────┴─────────────────┘
4 SCA	Audit the pinned dependencies with trivy	2026-10-07T14:04:45.6386720Z Legend:
4 SCA	Audit the pinned dependencies with trivy	2026-10-07T14:04:45.6387000Z - '-': Not scanned
4 SCA	Audit the pinned dependencies with trivy	2026-10-07T14:04:45.6387336Z - '0': Clean (no security findings detected)
4 SCA	Audit the pinned dependencies with trivy	2026-10-07T14:04:45.6387627Z 
4 SCA	Upload the SCA report	﻿2026-10-07T14:04:45.7156118Z ##[group]Run actions/upload-artifact@v4
4 SCA	Upload the SCA report	2026-10-07T14:04:45.7156301Z with:
4 SCA	Upload the SCA report	2026-10-07T14:04:45.7156415Z   name: sca-report
4 SCA	Upload the SCA report	2026-10-07T14:04:45.7156547Z   path: labs/17-devsecops/reports
4 SCA	Upload the SCA report	2026-10-07T14:04:45.7156691Z   retention-days: 7
4 SCA	Upload the SCA report	2026-10-07T14:04:45.7156818Z   if-no-files-found: warn
4 SCA	Upload the SCA report	2026-10-07T14:04:45.7156955Z   compression-level: 6
4 SCA	Upload the SCA report	2026-10-07T14:04:45.7157081Z   overwrite: false
4 SCA	Upload the SCA report	2026-10-07T14:04:45.7157205Z   include-hidden-files: false
4 SCA	Upload the SCA report	2026-10-07T14:04:45.7157345Z env:
4 SCA	Upload the SCA report	2026-10-07T14:04:45.7157458Z   APP_DIR: labs/17-devsecops
4 SCA	Upload the SCA report	2026-10-07T14:04:45.7157598Z   IMAGE_NAME: claim-check-api
4 SCA	Upload the SCA report	2026-10-07T14:04:45.7174546Z   TRIVY_VERSION: 0.75.0
4 SCA	Upload the SCA report	2026-10-07T14:04:45.7174719Z   GITLEAKS_VERSION: 8.30.1
4 SCA	Upload the SCA report	2026-10-07T14:04:45.7174854Z   PYTHON_VERSION: 3.13
4 SCA	Upload the SCA report	2026-10-07T14:04:45.7175017Z   pythonLocation: /opt/hostedtoolcache/Python/3.13.15/x64
4 SCA	Upload the SCA report	2026-10-07T14:04:45.7175263Z   PKG_CONFIG_PATH: /opt/hostedtoolcache/Python/3.13.15/x64/lib/pkgconfig
4 SCA	Upload the SCA report	2026-10-07T14:04:45.7175504Z   Python_ROOT_DIR: /opt/hostedtoolcache/Python/3.13.15/x64
4 SCA	Upload the SCA report	2026-10-07T14:04:45.7175750Z   Python2_ROOT_DIR: /opt/hostedtoolcache/Python/3.13.15/x64
4 SCA	Upload the SCA report	2026-10-07T14:04:45.7175968Z   Python3_ROOT_DIR: /opt/hostedtoolcache/Python/3.13.15/x64
4 SCA	Upload the SCA report	2026-10-07T14:04:45.7176180Z   LD_LIBRARY_PATH: /opt/hostedtoolcache/Python/3.13.15/x64/lib
4 SCA	Upload the SCA report	2026-10-07T14:04:45.7176362Z ##[endgroup]
4 SCA	Upload the SCA report	2026-10-07T14:04:45.8569945Z (node:2266) [DEP0040] DeprecationWarning: The `punycode` module is deprecated. Please use a userland alternative instead.
4 SCA	Upload the SCA report	2026-10-07T14:04:45.8570398Z (Use `node --trace-deprecation ...` to show where the warning was created)
4 SCA	Upload the SCA report	2026-10-07T14:04:45.8606137Z With the provided path, there will be 2 files uploaded
4 SCA	Upload the SCA report	2026-10-07T14:04:45.8609441Z Artifact name is valid!
4 SCA	Upload the SCA report	2026-10-07T14:04:45.8609984Z Root directory input is valid!
4 SCA	Upload the SCA report	2026-10-07T14:04:46.1607931Z Beginning upload of artifact content to blob storage
4 SCA	Upload the SCA report	2026-10-07T14:04:46.1732393Z (node:2266) [DEP0169] DeprecationWarning: `url.parse()` behavior is not standardized and prone to errors that have security implications. Use the WHATWG URL API instead. CVEs are not issued for `url.parse()` vulnerabilities.
4 SCA	Upload the SCA report	2026-10-07T14:04:46.3337901Z Uploaded bytes 446
4 SCA	Upload the SCA report	2026-10-07T14:04:46.3786307Z Finished uploading artifact content to blob storage!
4 SCA	Upload the SCA report	2026-10-07T14:04:46.3786736Z SHA256 digest of uploaded artifact zip is 71de949324d67c350719323f60d64f46aa3a95f99d99722dd6d4323e61942d70
4 SCA	Upload the SCA report	2026-10-07T14:04:46.3788171Z Finalizing artifact upload
4 SCA	Upload the SCA report	2026-10-07T14:04:46.6222348Z Artifact sca-report.zip successfully finalized. Artifact ID 11487133427
4 SCA	Upload the SCA report	2026-10-07T14:04:46.6222897Z Artifact sca-report has been successfully uploaded! Final size is 446 bytes. Artifact ID is 11487133427
4 SCA	Upload the SCA report	2026-10-07T14:04:46.6241498Z Artifact download URL: https://github.com/AmanYadav7015/devops-coursework/actions/runs/37633505564/artifacts/11487133427
4 SCA	Post Setup Python	﻿2026-10-07T14:04:46.7097805Z Post job cleanup.
4 SCA	Post Setup Python	2026-10-07T14:04:46.7885716Z (node:2281) [DEP0040] DeprecationWarning: The `punycode` module is deprecated. Please use a userland alternative instead.
4 SCA	Post Setup Python	2026-10-07T14:04:46.7886188Z (Use `node --trace-deprecation ...` to show where the warning was created)
4 SCA	Post Checkout code	﻿2026-10-07T14:04:46.8300928Z Post job cleanup.
4 SCA	Post Checkout code	2026-10-07T14:04:46.8884842Z [command]/usr/bin/git version
4 SCA	Post Checkout code	2026-10-07T14:04:46.8925870Z git version 2.55.0
4 SCA	Post Checkout code	2026-10-07T14:04:46.8950773Z Temporarily overriding HOME='/home/runner/work/_temp/b3693528-c868-4cc7-87ec-5585f93b16aa' before making global git config changes
4 SCA	Post Checkout code	2026-10-07T14:04:46.8951472Z Adding repository directory to the temporary git global config as a safe directory
4 SCA	Post Checkout code	2026-10-07T14:04:46.8955482Z [command]/usr/bin/git config --global --add safe.directory /home/runner/work/devops-coursework/devops-coursework
4 SCA	Post Checkout code	2026-10-07T14:04:46.9505731Z [command]/usr/bin/git config --local --name-only --get-regexp core\.sshCommand
4 SCA	Post Checkout code	2026-10-07T14:04:46.9540157Z [command]/usr/bin/git submodule foreach --recursive sh -c "git config --local --name-only --get-regexp 'core\.sshCommand' && git config --local --unset-all 'core.sshCommand' || :"
4 SCA	Post Checkout code	2026-10-07T14:04:46.9726748Z [command]/usr/bin/git config --local --name-only --get-regexp http\.https\:\/\/github\.com\/\.extraheader
4 SCA	Post Checkout code	2026-10-07T14:04:47.0076712Z http.https://github.com/.extraheader
4 SCA	Post Checkout code	2026-10-07T14:04:47.0087177Z [command]/usr/bin/git config --local --unset-all http.https://github.com/.extraheader
4 SCA	Post Checkout code	2026-10-07T14:04:47.0687796Z [command]/usr/bin/git submodule foreach --recursive sh -c "git config --local --name-only --get-regexp 'http\.https\:\/\/github\.com\/\.extraheader' && git config --local --unset-all 'http.https://github.com/.extraheader' || :"
4 SCA	Post Checkout code	2026-10-07T14:04:47.0874669Z [command]/usr/bin/git config --local --name-only --get-regexp ^includeIf\.gitdir:
4 SCA	Post Checkout code	2026-10-07T14:04:47.0904267Z [command]/usr/bin/git submodule foreach --recursive git config --local --show-origin --name-only --get-regexp remote.origin.url
4 SCA	Complete job	﻿2026-10-07T14:04:47.1205099Z Cleaning up orphan processes
4 SCA	Complete job	2026-10-07T14:04:47.1435179Z ##[warning]Node.js 20 is deprecated. The following actions target Node.js 20 but are being forced to run on Node.js 24: actions/checkout@v4, actions/setup-python@v5, actions/upload-artifact@v4. For more information see: https://github.blog/changelog/2025-09-19-deprecation-of-node-20-on-github-actions-runners/
5 Secret Scan	Set up job	﻿2026-10-07T14:04:53.4809877Z Current runner version: '2.337.0'
5 Secret Scan	Set up job	2026-10-07T14:04:53.4827382Z ##[group]Runner Image Provisioner
5 Secret Scan	Set up job	2026-10-07T14:04:53.4827970Z Hosted Compute Agent
5 Secret Scan	Set up job	2026-10-07T14:04:53.4828311Z Version: 20261002.596
5 Secret Scan	Set up job	2026-10-07T14:04:53.4828699Z Commit: c3d12f3313a95f25162a1503be624f3b0617f8c0
5 Secret Scan	Set up job	2026-10-07T14:04:53.4829121Z Build Date: 2026-10-02T22:28:27Z
5 Secret Scan	Set up job	2026-10-07T14:04:53.4829542Z Worker ID: {96aff2a3-18a3-4ee1-b837-c1dd94579c6d}
5 Secret Scan	Set up job	2026-10-07T14:04:53.4829995Z Region: westus2
5 Secret Scan	Set up job	2026-10-07T14:04:53.4830317Z Cloud: Azure
5 Secret Scan	Set up job	2026-10-07T14:04:53.4830654Z ##[endgroup]
5 Secret Scan	Set up job	2026-10-07T14:04:53.4831375Z ##[group]Operating System
5 Secret Scan	Set up job	2026-10-07T14:04:53.4831751Z Ubuntu
5 Secret Scan	Set up job	2026-10-07T14:04:53.4832097Z 24.04.5
5 Secret Scan	Set up job	2026-10-07T14:04:53.4832397Z LTS
5 Secret Scan	Set up job	2026-10-07T14:04:53.4832928Z ##[endgroup]
5 Secret Scan	Set up job	2026-10-07T14:04:53.4833288Z ##[group]Runner Image
5 Secret Scan	Set up job	2026-10-07T14:04:53.4833667Z Image: ubuntu-24.04
5 Secret Scan	Set up job	2026-10-07T14:04:53.4834055Z Version: 20261004.327.1
5 Secret Scan	Set up job	2026-10-07T14:04:53.4834638Z Included Software: https://github.com/actions/runner-images/blob/ubuntu24/20261004.327/images/ubuntu/Ubuntu2404-Readme.md
5 Secret Scan	Set up job	2026-10-07T14:04:53.4835709Z Image Release: https://github.com/actions/runner-images/releases/tag/ubuntu24%2F20261004.327
5 Secret Scan	Set up job	2026-10-07T14:04:53.4836287Z ##[endgroup]
5 Secret Scan	Set up job	2026-10-07T14:04:53.4836931Z ##[group]GITHUB_TOKEN Permissions
5 Secret Scan	Set up job	2026-10-07T14:04:53.4838206Z Contents: read
5 Secret Scan	Set up job	2026-10-07T14:04:53.4838582Z Metadata: read
5 Secret Scan	Set up job	2026-10-07T14:04:53.4838934Z ##[endgroup]
5 Secret Scan	Set up job	2026-10-07T14:04:53.4840179Z Secret source: Actions
5 Secret Scan	Set up job	2026-10-07T14:04:53.4840776Z Cache mode: write
5 Secret Scan	Set up job	2026-10-07T14:04:53.4841159Z Prepare workflow directory
5 Secret Scan	Set up job	2026-10-07T14:04:53.5082947Z Prepare all required actions
5 Secret Scan	Set up job	2026-10-07T14:04:53.5112734Z Getting action download info
5 Secret Scan	Set up job	2026-10-07T14:04:53.8797392Z Download action repository 'actions/checkout@v4' (SHA:11d5960a326750d5838078e36cf38b85af677262)
5 Secret Scan	Set up job	2026-10-07T14:04:54.0006450Z Download action repository 'actions/upload-artifact@v4' (SHA:ea165f8d65b6e75b540449e92b4886f43607fa02)
5 Secret Scan	Set up job	2026-10-07T14:04:54.2177733Z Complete job name: 5 Secret Scan
5 Secret Scan	Checkout the full history	﻿2026-10-07T14:04:54.2713770Z ##[group]Run actions/checkout@v4
5 Secret Scan	Checkout the full history	2026-10-07T14:04:54.2714325Z with:
5 Secret Scan	Checkout the full history	2026-10-07T14:04:54.2714567Z   fetch-depth: 0
5 Secret Scan	Checkout the full history	2026-10-07T14:04:54.2715083Z   repository: AmanYadav7015/devops-coursework
5 Secret Scan	Checkout the full history	2026-10-07T14:04:54.2717310Z   token: ***
5 Secret Scan	Checkout the full history	2026-10-07T14:04:54.2717623Z   ssh-strict: true
5 Secret Scan	Checkout the full history	2026-10-07T14:04:54.2717868Z   ssh-user: git
5 Secret Scan	Checkout the full history	2026-10-07T14:04:54.2718151Z   persist-credentials: true
5 Secret Scan	Checkout the full history	2026-10-07T14:04:54.2718481Z   clean: true
5 Secret Scan	Checkout the full history	2026-10-07T14:04:54.2718732Z   sparse-checkout-cone-mode: true
5 Secret Scan	Checkout the full history	2026-10-07T14:04:54.2719093Z   fetch-tags: false
5 Secret Scan	Checkout the full history	2026-10-07T14:04:54.2719345Z   show-progress: true
5 Secret Scan	Checkout the full history	2026-10-07T14:04:54.2719596Z   lfs: false
5 Secret Scan	Checkout the full history	2026-10-07T14:04:54.2719898Z   submodules: false
5 Secret Scan	Checkout the full history	2026-10-07T14:04:54.2720154Z   set-safe-directory: true
5 Secret Scan	Checkout the full history	2026-10-07T14:04:54.2720437Z   allow-unsafe-pr-checkout: false
5 Secret Scan	Checkout the full history	2026-10-07T14:04:54.2720902Z env:
5 Secret Scan	Checkout the full history	2026-10-07T14:04:54.2721138Z   APP_DIR: labs/17-devsecops
5 Secret Scan	Checkout the full history	2026-10-07T14:04:54.2721492Z   IMAGE_NAME: claim-check-api
5 Secret Scan	Checkout the full history	2026-10-07T14:04:54.2721770Z   TRIVY_VERSION: 0.75.0
5 Secret Scan	Checkout the full history	2026-10-07T14:04:54.2722099Z   GITLEAKS_VERSION: 8.30.1
5 Secret Scan	Checkout the full history	2026-10-07T14:04:54.2722402Z   PYTHON_VERSION: 3.13
5 Secret Scan	Checkout the full history	2026-10-07T14:04:54.2722654Z ##[endgroup]
5 Secret Scan	Checkout the full history	2026-10-07T14:04:54.3405418Z Syncing repository: AmanYadav7015/devops-coursework
5 Secret Scan	Checkout the full history	2026-10-07T14:04:54.3406991Z ##[group]Getting Git version info
5 Secret Scan	Checkout the full history	2026-10-07T14:04:54.3407694Z Working directory is '/home/runner/work/devops-coursework/devops-coursework'
5 Secret Scan	Checkout the full history	2026-10-07T14:04:54.3408630Z [command]/usr/bin/git version
5 Secret Scan	Checkout the full history	2026-10-07T14:04:54.3476119Z git version 2.55.0
5 Secret Scan	Checkout the full history	2026-10-07T14:04:54.3480686Z ##[endgroup]
5 Secret Scan	Checkout the full history	2026-10-07T14:04:54.3494033Z Temporarily overriding HOME='/home/runner/work/_temp/88032099-29bf-4866-bf05-bb4869e7c4f8' before making global git config changes
5 Secret Scan	Checkout the full history	2026-10-07T14:04:54.3495047Z Adding repository directory to the temporary git global config as a safe directory
5 Secret Scan	Checkout the full history	2026-10-07T14:04:54.3498568Z [command]/usr/bin/git config --global --add safe.directory /home/runner/work/devops-coursework/devops-coursework
5 Secret Scan	Checkout the full history	2026-10-07T14:04:54.3544812Z Deleting the contents of '/home/runner/work/devops-coursework/devops-coursework'
5 Secret Scan	Checkout the full history	2026-10-07T14:04:54.3548342Z ##[group]Initializing the repository
5 Secret Scan	Checkout the full history	2026-10-07T14:04:54.3551175Z [command]/usr/bin/git init /home/runner/work/devops-coursework/devops-coursework
5 Secret Scan	Checkout the full history	2026-10-07T14:04:54.3655906Z hint: Using 'master' as the name for the initial branch. This default branch name
5 Secret Scan	Checkout the full history	2026-10-07T14:04:54.3656984Z hint: will change to "main" in Git 3.0. To configure the initial branch name
5 Secret Scan	Checkout the full history	2026-10-07T14:04:54.3657843Z hint: to use in all of your new repositories, which will suppress this warning,
5 Secret Scan	Checkout the full history	2026-10-07T14:04:54.3658491Z hint: call:
5 Secret Scan	Checkout the full history	2026-10-07T14:04:54.3658835Z hint:
5 Secret Scan	Checkout the full history	2026-10-07T14:04:54.3659258Z hint: 	git config --global init.defaultBranch <name>
5 Secret Scan	Checkout the full history	2026-10-07T14:04:54.3659798Z hint:
5 Secret Scan	Checkout the full history	2026-10-07T14:04:54.3660301Z hint: Names commonly chosen instead of 'master' are 'main', 'trunk' and
5 Secret Scan	Checkout the full history	2026-10-07T14:04:54.3661130Z hint: 'development'. The just-created branch can be renamed via this command:
5 Secret Scan	Checkout the full history	2026-10-07T14:04:54.3661775Z hint:
5 Secret Scan	Checkout the full history	2026-10-07T14:04:54.3662119Z hint: 	git branch -m <name>
5 Secret Scan	Checkout the full history	2026-10-07T14:04:54.3662587Z hint:
5 Secret Scan	Checkout the full history	2026-10-07T14:04:54.3663144Z hint: Disable this message with "git config set advice.defaultBranchName false"
5 Secret Scan	Checkout the full history	2026-10-07T14:04:54.3664143Z Initialized empty Git repository in /home/runner/work/devops-coursework/devops-coursework/.git/
5 Secret Scan	Checkout the full history	2026-10-07T14:04:54.3668275Z [command]/usr/bin/git remote add origin https://github.com/AmanYadav7015/devops-coursework
5 Secret Scan	Checkout the full history	2026-10-07T14:04:54.3712566Z ##[endgroup]
5 Secret Scan	Checkout the full history	2026-10-07T14:04:54.3713227Z ##[group]Disabling automatic garbage collection
5 Secret Scan	Checkout the full history	2026-10-07T14:04:54.3715720Z [command]/usr/bin/git config --local gc.auto 0
5 Secret Scan	Checkout the full history	2026-10-07T14:04:54.3750628Z ##[endgroup]
5 Secret Scan	Checkout the full history	2026-10-07T14:04:54.3751095Z ##[group]Setting up auth
5 Secret Scan	Checkout the full history	2026-10-07T14:04:54.3766571Z [command]/usr/bin/git config --local --name-only --get-regexp core\.sshCommand
5 Secret Scan	Checkout the full history	2026-10-07T14:04:54.3797758Z [command]/usr/bin/git submodule foreach --recursive sh -c "git config --local --name-only --get-regexp 'core\.sshCommand' && git config --local --unset-all 'core.sshCommand' || :"
5 Secret Scan	Checkout the full history	2026-10-07T14:04:54.4098497Z [command]/usr/bin/git config --local --name-only --get-regexp http\.https\:\/\/github\.com\/\.extraheader
5 Secret Scan	Checkout the full history	2026-10-07T14:04:54.4126667Z [command]/usr/bin/git submodule foreach --recursive sh -c "git config --local --name-only --get-regexp 'http\.https\:\/\/github\.com\/\.extraheader' && git config --local --unset-all 'http.https://github.com/.extraheader' || :"
5 Secret Scan	Checkout the full history	2026-10-07T14:04:54.4291546Z [command]/usr/bin/git config --local --name-only --get-regexp ^includeIf\.gitdir:
5 Secret Scan	Checkout the full history	2026-10-07T14:04:54.4318382Z [command]/usr/bin/git submodule foreach --recursive git config --local --show-origin --name-only --get-regexp remote.origin.url
5 Secret Scan	Checkout the full history	2026-10-07T14:04:54.4480114Z [command]/usr/bin/git config --local http.https://github.com/.extraheader AUTHORIZATION: basic ***
5 Secret Scan	Checkout the full history	2026-10-07T14:04:54.4511870Z ##[endgroup]
5 Secret Scan	Checkout the full history	2026-10-07T14:04:54.4512430Z ##[group]Fetching the repository
5 Secret Scan	Checkout the full history	2026-10-07T14:04:54.4517954Z [command]/usr/bin/git -c protocol.version=2 fetch --prune --no-recurse-submodules origin +refs/heads/*:refs/remotes/origin/* +refs/tags/*:refs/tags/*
5 Secret Scan	Checkout the full history	2026-10-07T14:04:55.2081506Z From https://github.com/AmanYadav7015/devops-coursework
5 Secret Scan	Checkout the full history	2026-10-07T14:04:55.2082663Z  * [new branch]      main                    -> origin/main
5 Secret Scan	Checkout the full history	2026-10-07T14:04:55.2083732Z  * [new branch]      session-16-ci           -> origin/session-16-ci
5 Secret Scan	Checkout the full history	2026-10-07T14:04:55.2084899Z  * [new branch]      session-17-devsecops-ci -> origin/session-17-devsecops-ci
5 Secret Scan	Checkout the full history	2026-10-07T14:04:55.2091377Z [command]/usr/bin/git branch --list --remote origin/session-17-devsecops-ci
5 Secret Scan	Checkout the full history	2026-10-07T14:04:55.2114711Z   origin/session-17-devsecops-ci
5 Secret Scan	Checkout the full history	2026-10-07T14:04:55.2122407Z [command]/usr/bin/git rev-parse refs/remotes/origin/session-17-devsecops-ci
5 Secret Scan	Checkout the full history	2026-10-07T14:04:55.2142321Z 1ecb2ab13722444f111c4b843510a96c4e63250a
5 Secret Scan	Checkout the full history	2026-10-07T14:04:55.2146242Z ##[endgroup]
5 Secret Scan	Checkout the full history	2026-10-07T14:04:55.2147615Z ##[group]Determining the checkout info
5 Secret Scan	Checkout the full history	2026-10-07T14:04:55.2149097Z ##[endgroup]
5 Secret Scan	Checkout the full history	2026-10-07T14:04:55.2154898Z [command]/usr/bin/git sparse-checkout disable
5 Secret Scan	Checkout the full history	2026-10-07T14:04:55.2197215Z [command]/usr/bin/git config --local --unset-all extensions.worktreeConfig
5 Secret Scan	Checkout the full history	2026-10-07T14:04:55.2222995Z ##[group]Checking out the ref
5 Secret Scan	Checkout the full history	2026-10-07T14:04:55.2225356Z [command]/usr/bin/git checkout --progress --force -B session-17-devsecops-ci refs/remotes/origin/session-17-devsecops-ci
5 Secret Scan	Checkout the full history	2026-10-07T14:04:55.3133999Z Switched to a new branch 'session-17-devsecops-ci'
5 Secret Scan	Checkout the full history	2026-10-07T14:04:55.3137952Z branch 'session-17-devsecops-ci' set up to track 'origin/session-17-devsecops-ci'.
5 Secret Scan	Checkout the full history	2026-10-07T14:04:55.3147849Z ##[endgroup]
5 Secret Scan	Checkout the full history	2026-10-07T14:04:55.3189803Z [command]/usr/bin/git log -1 --format=%H
5 Secret Scan	Checkout the full history	2026-10-07T14:04:55.3212461Z 1ecb2ab13722444f111c4b843510a96c4e63250a
5 Secret Scan	Install gitleaks	﻿2026-10-07T14:04:55.3396795Z ##[group]Run curl -sSL "https://github.com/gitleaks/gitleaks/releases/download/v${GITLEAKS_VERSION}/gitleaks_${GITLEAKS_VERSION}_linux_x64.tar.gz" \
5 Secret Scan	Install gitleaks	2026-10-07T14:04:55.3399454Z [36;1mcurl -sSL "https://github.com/gitleaks/gitleaks/releases/download/v${GITLEAKS_VERSION}/gitleaks_${GITLEAKS_VERSION}_linux_x64.tar.gz" \[0m
5 Secret Scan	Install gitleaks	2026-10-07T14:04:55.3401220Z [36;1m  | sudo tar -xz -C /usr/local/bin gitleaks[0m
5 Secret Scan	Install gitleaks	2026-10-07T14:04:55.3402102Z [36;1mgitleaks version[0m
5 Secret Scan	Install gitleaks	2026-10-07T14:04:55.3624687Z shell: /usr/bin/bash --noprofile --norc -e -o pipefail {0}
5 Secret Scan	Install gitleaks	2026-10-07T14:04:55.3625886Z env:
5 Secret Scan	Install gitleaks	2026-10-07T14:04:55.3626493Z   APP_DIR: labs/17-devsecops
5 Secret Scan	Install gitleaks	2026-10-07T14:04:55.3627241Z   IMAGE_NAME: claim-check-api
5 Secret Scan	Install gitleaks	2026-10-07T14:04:55.3627999Z   TRIVY_VERSION: 0.75.0
5 Secret Scan	Install gitleaks	2026-10-07T14:04:55.3628703Z   GITLEAKS_VERSION: 8.30.1
5 Secret Scan	Install gitleaks	2026-10-07T14:04:55.3629440Z   PYTHON_VERSION: 3.13
5 Secret Scan	Install gitleaks	2026-10-07T14:04:55.3630096Z ##[endgroup]
5 Secret Scan	Install gitleaks	2026-10-07T14:04:55.7766513Z 8.30.1
5 Secret Scan	Positive control, the scanner must fire on a planted secret	﻿2026-10-07T14:04:55.7813617Z ##[group]Run CONTROL=$(mktemp -d)
5 Secret Scan	Positive control, the scanner must fire on a planted secret	2026-10-07T14:04:55.7813889Z [36;1mCONTROL=$(mktemp -d)[0m
5 Secret Scan	Positive control, the scanner must fire on a planted secret	2026-10-07T14:04:55.7814168Z [36;1mrand() { head -c 64 /dev/urandom | base32 | tr -d '=' | tr '[:lower:]' '[:upper:]' | head -c "$1"; }[0m
5 Secret Scan	Positive control, the scanner must fire on a planted secret	2026-10-07T14:04:55.7814497Z [36;1mHOOK_HOST="hooks.$(printf 'sla'; printf 'ck').com"[0m
5 Secret Scan	Positive control, the scanner must fire on a planted secret	2026-10-07T14:04:55.7814711Z [36;1m{[0m
5 Secret Scan	Positive control, the scanner must fire on a planted secret	2026-10-07T14:04:55.7814892Z [36;1m  printf 'AWS_ACCESS_KEY_ID = "AKIA%s"\n' "$(rand 16)"[0m
5 Secret Scan	Positive control, the scanner must fire on a planted secret	2026-10-07T14:04:55.7815474Z [36;1m  printf 'DEPLOY_HOOK = "https://%s/services/T%s/B%s/%s"\n' "$HOOK_HOST" "$(rand 8)" "$(rand 8)" "$(rand 24)"[0m
5 Secret Scan	Positive control, the scanner must fire on a planted secret	2026-10-07T14:04:55.7815789Z [36;1m} > "$CONTROL/planted.py"[0m
5 Secret Scan	Positive control, the scanner must fire on a planted secret	2026-10-07T14:04:55.7816044Z [36;1mecho "planted a randomly generated placeholder credential in $CONTROL"[0m
5 Secret Scan	Positive control, the scanner must fire on a planted secret	2026-10-07T14:04:55.7816330Z [36;1mif gitleaks dir "$CONTROL" --no-banner -v; then[0m
5 Secret Scan	Positive control, the scanner must fire on a planted secret	2026-10-07T14:04:55.7816634Z [36;1m  echo "::error::the secret scanner did not fire on a planted secret, the control failed"[0m
5 Secret Scan	Positive control, the scanner must fire on a planted secret	2026-10-07T14:04:55.7816930Z [36;1m  rm -rf "$CONTROL"[0m
5 Secret Scan	Positive control, the scanner must fire on a planted secret	2026-10-07T14:04:55.7817097Z [36;1m  exit 1[0m
5 Secret Scan	Positive control, the scanner must fire on a planted secret	2026-10-07T14:04:55.7817243Z [36;1mfi[0m
5 Secret Scan	Positive control, the scanner must fire on a planted secret	2026-10-07T14:04:55.7817496Z [36;1mecho "control passed, gitleaks exits non-zero when a secret is present"[0m
5 Secret Scan	Positive control, the scanner must fire on a planted secret	2026-10-07T14:04:55.7817753Z [36;1mrm -rf "$CONTROL"[0m
5 Secret Scan	Positive control, the scanner must fire on a planted secret	2026-10-07T14:04:55.7873452Z shell: /usr/bin/bash --noprofile --norc -e -o pipefail {0}
5 Secret Scan	Positive control, the scanner must fire on a planted secret	2026-10-07T14:04:55.7873678Z env:
5 Secret Scan	Positive control, the scanner must fire on a planted secret	2026-10-07T14:04:55.7873843Z   APP_DIR: labs/17-devsecops
5 Secret Scan	Positive control, the scanner must fire on a planted secret	2026-10-07T14:04:55.7874021Z   IMAGE_NAME: claim-check-api
5 Secret Scan	Positive control, the scanner must fire on a planted secret	2026-10-07T14:04:55.7874195Z   TRIVY_VERSION: 0.75.0
5 Secret Scan	Positive control, the scanner must fire on a planted secret	2026-10-07T14:04:55.7874353Z   GITLEAKS_VERSION: 8.30.1
5 Secret Scan	Positive control, the scanner must fire on a planted secret	2026-10-07T14:04:55.7874522Z   PYTHON_VERSION: 3.13
5 Secret Scan	Positive control, the scanner must fire on a planted secret	2026-10-07T14:04:55.7874677Z ##[endgroup]
5 Secret Scan	Positive control, the scanner must fire on a planted secret	2026-10-07T14:04:55.8106783Z planted a randomly generated placeholder credential in /tmp/tmp.74vPAok9d8
5 Secret Scan	Positive control, the scanner must fire on a planted secret	2026-10-07T14:04:56.0630409Z Finding:     ...WS_ACCESS_KEY_ID = "[1;3;mAKIAXYKV6JOKGXPMOEW7[0m
5 Secret Scan	Positive control, the scanner must fire on a planted secret	2026-10-07T14:04:56.0630890Z Secret:      [1;3;mAKIAXYKV6JOKGXPMOEW7[0m
5 Secret Scan	Positive control, the scanner must fire on a planted secret	2026-10-07T14:04:56.0631134Z RuleID:      aws-access-token
5 Secret Scan	Positive control, the scanner must fire on a planted secret	2026-10-07T14:04:56.0631343Z Entropy:     3.784184
5 Secret Scan	Positive control, the scanner must fire on a planted secret	2026-10-07T14:04:56.0631551Z File:        /tmp/tmp.74vPAok9d8/planted.py
5 Secret Scan	Positive control, the scanner must fire on a planted secret	2026-10-07T14:04:56.0631735Z Line:        1
5 Secret Scan	Positive control, the scanner must fire on a planted secret	2026-10-07T14:04:56.0631948Z Fingerprint: /tmp/tmp.74vPAok9d8/planted.py:aws-access-token:1
5 Secret Scan	Positive control, the scanner must fire on a planted secret	2026-10-07T14:04:56.0632116Z 
5 Secret Scan	Positive control, the scanner must fire on a planted secret	2026-10-07T14:04:56.0632386Z Finding:     DEPLOY_HOOK = "[1;3;mhttps://hooks.slack.com/services/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[0m
5 Secret Scan	Positive control, the scanner must fire on a planted secret	2026-10-07T14:04:56.0633204Z Secret:      [1;3;mhttps://hooks.slack.com/services/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[0m
5 Secret Scan	Positive control, the scanner must fire on a planted secret	2026-10-07T14:04:56.0633680Z [90m2:04PM[0m [32mINF[0m [1mscanned ~137 bytes (137 bytes) in 3.32ms[0m
5 Secret Scan	Positive control, the scanner must fire on a planted secret	2026-10-07T14:04:56.0633972Z [90m2:04PM[0m [33mWRN[0m [1mleaks found: 2[0m
5 Secret Scan	Positive control, the scanner must fire on a planted secret	2026-10-07T14:04:56.0634196Z RuleID:      slack-webhook-url
5 Secret Scan	Positive control, the scanner must fire on a planted secret	2026-10-07T14:04:56.0634421Z Entropy:     5.179142
5 Secret Scan	Positive control, the scanner must fire on a planted secret	2026-10-07T14:04:56.0634601Z File:        /tmp/tmp.74vPAok9d8/planted.py
5 Secret Scan	Positive control, the scanner must fire on a planted secret	2026-10-07T14:04:56.0634793Z Line:        2
5 Secret Scan	Positive control, the scanner must fire on a planted secret	2026-10-07T14:04:56.0635231Z Fingerprint: /tmp/tmp.74vPAok9d8/planted.py:slack-webhook-url:2
5 Secret Scan	Positive control, the scanner must fire on a planted secret	2026-10-07T14:04:56.0635500Z 
5 Secret Scan	Positive control, the scanner must fire on a planted secret	2026-10-07T14:04:56.0651324Z control passed, gitleaks exits non-zero when a secret is present
5 Secret Scan	Scan the working tree	﻿2026-10-07T14:04:56.0692622Z ##[group]Run mkdir -p "${APP_DIR}/reports"
5 Secret Scan	Scan the working tree	2026-10-07T14:04:56.0692872Z [36;1mmkdir -p "${APP_DIR}/reports"[0m
5 Secret Scan	Scan the working tree	2026-10-07T14:04:56.0693061Z [36;1mgitleaks dir "${APP_DIR}" \[0m
5 Secret Scan	Scan the working tree	2026-10-07T14:04:56.0693274Z [36;1m  -c "${APP_DIR}/security/gitleaks.toml" \[0m
5 Secret Scan	Scan the working tree	2026-10-07T14:04:56.0693474Z [36;1m  -i "${APP_DIR}" \[0m
5 Secret Scan	Scan the working tree	2026-10-07T14:04:56.0693644Z [36;1m  --no-banner -v \[0m
5 Secret Scan	Scan the working tree	2026-10-07T14:04:56.0693815Z [36;1m  --report-format json \[0m
5 Secret Scan	Scan the working tree	2026-10-07T14:04:56.0694032Z [36;1m  --report-path "${APP_DIR}/reports/gitleaks-tree.json"[0m
5 Secret Scan	Scan the working tree	2026-10-07T14:04:56.0748229Z shell: /usr/bin/bash --noprofile --norc -e -o pipefail {0}
5 Secret Scan	Scan the working tree	2026-10-07T14:04:56.0748446Z env:
5 Secret Scan	Scan the working tree	2026-10-07T14:04:56.0748596Z   APP_DIR: labs/17-devsecops
5 Secret Scan	Scan the working tree	2026-10-07T14:04:56.0748771Z   IMAGE_NAME: claim-check-api
5 Secret Scan	Scan the working tree	2026-10-07T14:04:56.0748937Z   TRIVY_VERSION: 0.75.0
5 Secret Scan	Scan the working tree	2026-10-07T14:04:56.0749096Z   GITLEAKS_VERSION: 8.30.1
5 Secret Scan	Scan the working tree	2026-10-07T14:04:56.0749256Z   PYTHON_VERSION: 3.13
5 Secret Scan	Scan the working tree	2026-10-07T14:04:56.0749408Z ##[endgroup]
5 Secret Scan	Scan the working tree	2026-10-07T14:04:56.3277375Z [90m2:04PM[0m [32mINF[0m [1mscanned ~17052 bytes (17.05 KB) in 5.26ms[0m
5 Secret Scan	Scan the working tree	2026-10-07T14:04:56.3278000Z [90m2:04PM[0m [32mINF[0m [1mno leaks found[0m
5 Secret Scan	Scan every commit that touched this lab	﻿2026-10-07T14:04:56.3323005Z ##[group]Run gitleaks git . \
5 Secret Scan	Scan every commit that touched this lab	2026-10-07T14:04:56.3323240Z [36;1mgitleaks git . \[0m
5 Secret Scan	Scan every commit that touched this lab	2026-10-07T14:04:56.3323444Z [36;1m  -c "${APP_DIR}/security/gitleaks.toml" \[0m
5 Secret Scan	Scan every commit that touched this lab	2026-10-07T14:04:56.3323660Z [36;1m  -i "${APP_DIR}" \[0m
5 Secret Scan	Scan every commit that touched this lab	2026-10-07T14:04:56.3323836Z [36;1m  --no-banner -v \[0m
5 Secret Scan	Scan every commit that touched this lab	2026-10-07T14:04:56.3324040Z [36;1m  --log-opts "--all -- ${APP_DIR}" \[0m
5 Secret Scan	Scan every commit that touched this lab	2026-10-07T14:04:56.3324268Z [36;1m  --report-format json \[0m
5 Secret Scan	Scan every commit that touched this lab	2026-10-07T14:04:56.3324505Z [36;1m  --report-path "${APP_DIR}/reports/gitleaks-history.json"[0m
5 Secret Scan	Scan every commit that touched this lab	2026-10-07T14:04:56.3381633Z shell: /usr/bin/bash --noprofile --norc -e -o pipefail {0}
5 Secret Scan	Scan every commit that touched this lab	2026-10-07T14:04:56.3381865Z env:
5 Secret Scan	Scan every commit that touched this lab	2026-10-07T14:04:56.3382018Z   APP_DIR: labs/17-devsecops
5 Secret Scan	Scan every commit that touched this lab	2026-10-07T14:04:56.3382199Z   IMAGE_NAME: claim-check-api
5 Secret Scan	Scan every commit that touched this lab	2026-10-07T14:04:56.3382373Z   TRIVY_VERSION: 0.75.0
5 Secret Scan	Scan every commit that touched this lab	2026-10-07T14:04:56.3382540Z   GITLEAKS_VERSION: 8.30.1
5 Secret Scan	Scan every commit that touched this lab	2026-10-07T14:04:56.3382702Z   PYTHON_VERSION: 3.13
5 Secret Scan	Scan every commit that touched this lab	2026-10-07T14:04:56.3382861Z ##[endgroup]
5 Secret Scan	Scan every commit that touched this lab	2026-10-07T14:04:56.6260557Z [90m2:04PM[0m [32mINF[0m [1m5 commits scanned.[0m
5 Secret Scan	Scan every commit that touched this lab	2026-10-07T14:04:56.6261185Z [90m2:04PM[0m [32mINF[0m [1mscanned ~19639 bytes (19.64 KB) in 95.5ms[0m
5 Secret Scan	Scan every commit that touched this lab	2026-10-07T14:04:56.6261443Z [90m2:04PM[0m [32mINF[0m [1mno leaks found[0m
5 Secret Scan	Upload the secret scan report	﻿2026-10-07T14:04:56.6342425Z ##[group]Run actions/upload-artifact@v4
5 Secret Scan	Upload the secret scan report	2026-10-07T14:04:56.6342600Z with:
5 Secret Scan	Upload the secret scan report	2026-10-07T14:04:56.6342723Z   name: secret-scan-report
5 Secret Scan	Upload the secret scan report	2026-10-07T14:04:56.6342863Z   path: labs/17-devsecops/reports
5 Secret Scan	Upload the secret scan report	2026-10-07T14:04:56.6343003Z   retention-days: 7
5 Secret Scan	Upload the secret scan report	2026-10-07T14:04:56.6343126Z   if-no-files-found: warn
5 Secret Scan	Upload the secret scan report	2026-10-07T14:04:56.6343255Z   compression-level: 6
5 Secret Scan	Upload the secret scan report	2026-10-07T14:04:56.6343378Z   overwrite: false
5 Secret Scan	Upload the secret scan report	2026-10-07T14:04:56.6343497Z   include-hidden-files: false
5 Secret Scan	Upload the secret scan report	2026-10-07T14:04:56.6343624Z env:
5 Secret Scan	Upload the secret scan report	2026-10-07T14:04:56.6343734Z   APP_DIR: labs/17-devsecops
5 Secret Scan	Upload the secret scan report	2026-10-07T14:04:56.6343869Z   IMAGE_NAME: claim-check-api
5 Secret Scan	Upload the secret scan report	2026-10-07T14:04:56.6344001Z   TRIVY_VERSION: 0.75.0
5 Secret Scan	Upload the secret scan report	2026-10-07T14:04:56.6344123Z   GITLEAKS_VERSION: 8.30.1
5 Secret Scan	Upload the secret scan report	2026-10-07T14:04:56.6344248Z   PYTHON_VERSION: 3.13
5 Secret Scan	Upload the secret scan report	2026-10-07T14:04:56.6344530Z ##[endgroup]
5 Secret Scan	Upload the secret scan report	2026-10-07T14:04:56.7485316Z (node:2175) [DEP0040] DeprecationWarning: The `punycode` module is deprecated. Please use a userland alternative instead.
5 Secret Scan	Upload the secret scan report	2026-10-07T14:04:56.7485892Z (Use `node --trace-deprecation ...` to show where the warning was created)
5 Secret Scan	Upload the secret scan report	2026-10-07T14:04:56.7523037Z With the provided path, there will be 2 files uploaded
5 Secret Scan	Upload the secret scan report	2026-10-07T14:04:56.7526882Z Artifact name is valid!
5 Secret Scan	Upload the secret scan report	2026-10-07T14:04:56.7527175Z Root directory input is valid!
5 Secret Scan	Upload the secret scan report	2026-10-07T14:04:57.1229688Z Beginning upload of artifact content to blob storage
5 Secret Scan	Upload the secret scan report	2026-10-07T14:04:57.1351162Z (node:2175) [DEP0169] DeprecationWarning: `url.parse()` behavior is not standardized and prone to errors that have security implications. Use the WHATWG URL API instead. CVEs are not issued for `url.parse()` vulnerabilities.
5 Secret Scan	Upload the secret scan report	2026-10-07T14:04:57.4185300Z Uploaded bytes 294
5 Secret Scan	Upload the secret scan report	2026-10-07T14:04:57.4943906Z Finished uploading artifact content to blob storage!
5 Secret Scan	Upload the secret scan report	2026-10-07T14:04:57.4945566Z SHA256 digest of uploaded artifact zip is 03178b87763cb3338384570b1a8f3baf95a77246d1b4825ac768ba5b304147af
5 Secret Scan	Upload the secret scan report	2026-10-07T14:04:57.4946195Z Finalizing artifact upload
5 Secret Scan	Upload the secret scan report	2026-10-07T14:04:57.7645818Z Artifact secret-scan-report.zip successfully finalized. Artifact ID 11487900854
5 Secret Scan	Upload the secret scan report	2026-10-07T14:04:57.7665722Z Artifact secret-scan-report has been successfully uploaded! Final size is 294 bytes. Artifact ID is 11487900854
5 Secret Scan	Upload the secret scan report	2026-10-07T14:04:57.7666506Z Artifact download URL: https://github.com/AmanYadav7015/devops-coursework/actions/runs/37633505564/artifacts/11487900854
5 Secret Scan	Post Checkout the full history	﻿2026-10-07T14:04:57.7794021Z Post job cleanup.
5 Secret Scan	Post Checkout the full history	2026-10-07T14:04:57.8354008Z [command]/usr/bin/git version
5 Secret Scan	Post Checkout the full history	2026-10-07T14:04:57.8387445Z git version 2.55.0
5 Secret Scan	Post Checkout the full history	2026-10-07T14:04:57.8413628Z Temporarily overriding HOME='/home/runner/work/_temp/2c1a7d1b-9294-4789-be4d-d06b36c1f978' before making global git config changes
5 Secret Scan	Post Checkout the full history	2026-10-07T14:04:57.8414186Z Adding repository directory to the temporary git global config as a safe directory
5 Secret Scan	Post Checkout the full history	2026-10-07T14:04:57.8417990Z [command]/usr/bin/git config --global --add safe.directory /home/runner/work/devops-coursework/devops-coursework
5 Secret Scan	Post Checkout the full history	2026-10-07T14:04:57.8448609Z [command]/usr/bin/git config --local --name-only --get-regexp core\.sshCommand
5 Secret Scan	Post Checkout the full history	2026-10-07T14:04:57.8476333Z [command]/usr/bin/git submodule foreach --recursive sh -c "git config --local --name-only --get-regexp 'core\.sshCommand' && git config --local --unset-all 'core.sshCommand' || :"
5 Secret Scan	Post Checkout the full history	2026-10-07T14:04:57.8678093Z [command]/usr/bin/git config --local --name-only --get-regexp http\.https\:\/\/github\.com\/\.extraheader
5 Secret Scan	Post Checkout the full history	2026-10-07T14:04:57.8703452Z http.https://github.com/.extraheader
5 Secret Scan	Post Checkout the full history	2026-10-07T14:04:57.8714398Z [command]/usr/bin/git config --local --unset-all http.https://github.com/.extraheader
5 Secret Scan	Post Checkout the full history	2026-10-07T14:04:57.8742411Z [command]/usr/bin/git submodule foreach --recursive sh -c "git config --local --name-only --get-regexp 'http\.https\:\/\/github\.com\/\.extraheader' && git config --local --unset-all 'http.https://github.com/.extraheader' || :"
5 Secret Scan	Post Checkout the full history	2026-10-07T14:04:57.8943846Z [command]/usr/bin/git config --local --name-only --get-regexp ^includeIf\.gitdir:
5 Secret Scan	Post Checkout the full history	2026-10-07T14:04:57.8974555Z [command]/usr/bin/git submodule foreach --recursive git config --local --show-origin --name-only --get-regexp remote.origin.url
5 Secret Scan	Complete job	﻿2026-10-07T14:04:57.9278371Z Cleaning up orphan processes
5 Secret Scan	Complete job	2026-10-07T14:04:57.9517567Z ##[warning]Node.js 20 is deprecated. The following actions target Node.js 20 but are being forced to run on Node.js 24: actions/checkout@v4, actions/upload-artifact@v4. For more information see: https://github.blog/changelog/2025-09-19-deprecation-of-node-20-on-github-actions-runners/
6 Docker Build	Set up job	﻿2026-10-07T14:05:05.9698165Z Current runner version: '2.337.0'
6 Docker Build	Set up job	2026-10-07T14:05:05.9721289Z ##[group]Runner Image Provisioner
6 Docker Build	Set up job	2026-10-07T14:05:05.9722075Z Hosted Compute Agent
6 Docker Build	Set up job	2026-10-07T14:05:05.9722596Z Version: 20261002.596
6 Docker Build	Set up job	2026-10-07T14:05:05.9723150Z Commit: c3d12f3313a95f25162a1503be624f3b0617f8c0
6 Docker Build	Set up job	2026-10-07T14:05:05.9723777Z Build Date: 2026-10-02T22:28:27Z
6 Docker Build	Set up job	2026-10-07T14:05:05.9724348Z Worker ID: {41f3fed1-6b54-466b-9842-8a29c6f2c5a2}
6 Docker Build	Set up job	2026-10-07T14:05:05.9725145Z Region: westus3
6 Docker Build	Set up job	2026-10-07T14:05:05.9725722Z Cloud: Azure
6 Docker Build	Set up job	2026-10-07T14:05:05.9726196Z ##[endgroup]
6 Docker Build	Set up job	2026-10-07T14:05:05.9727539Z ##[group]Operating System
6 Docker Build	Set up job	2026-10-07T14:05:05.9728111Z Ubuntu
6 Docker Build	Set up job	2026-10-07T14:05:05.9728509Z 24.04.5
6 Docker Build	Set up job	2026-10-07T14:05:05.9729369Z LTS
6 Docker Build	Set up job	2026-10-07T14:05:05.9729794Z ##[endgroup]
6 Docker Build	Set up job	2026-10-07T14:05:05.9730274Z ##[group]Runner Image
6 Docker Build	Set up job	2026-10-07T14:05:05.9730783Z Image: ubuntu-24.04
6 Docker Build	Set up job	2026-10-07T14:05:05.9731254Z Version: 20261004.327.1
6 Docker Build	Set up job	2026-10-07T14:05:05.9732208Z Included Software: https://github.com/actions/runner-images/blob/ubuntu24/20261004.327/images/ubuntu/Ubuntu2404-Readme.md
6 Docker Build	Set up job	2026-10-07T14:05:05.9733640Z Image Release: https://github.com/actions/runner-images/releases/tag/ubuntu24%2F20261004.327
6 Docker Build	Set up job	2026-10-07T14:05:05.9734435Z ##[endgroup]
6 Docker Build	Set up job	2026-10-07T14:05:05.9735588Z ##[group]GITHUB_TOKEN Permissions
6 Docker Build	Set up job	2026-10-07T14:05:05.9737478Z Contents: read
6 Docker Build	Set up job	2026-10-07T14:05:05.9737974Z Metadata: read
6 Docker Build	Set up job	2026-10-07T14:05:05.9738525Z ##[endgroup]
6 Docker Build	Set up job	2026-10-07T14:05:05.9740297Z Secret source: Actions
6 Docker Build	Set up job	2026-10-07T14:05:05.9741153Z Cache mode: write
6 Docker Build	Set up job	2026-10-07T14:05:05.9741767Z Prepare workflow directory
6 Docker Build	Set up job	2026-10-07T14:05:06.0123500Z Prepare all required actions
6 Docker Build	Set up job	2026-10-07T14:05:06.0164395Z Getting action download info
6 Docker Build	Set up job	2026-10-07T14:05:06.3290404Z Download action repository 'actions/download-artifact@v4' (SHA:d3f86a106a0bac45b974a628896c90dbdf5c8093)
6 Docker Build	Set up job	2026-10-07T14:05:07.3653145Z Download action repository 'actions/upload-artifact@v4' (SHA:ea165f8d65b6e75b540449e92b4886f43607fa02)
6 Docker Build	Set up job	2026-10-07T14:05:07.6797263Z Complete job name: 6 Docker Build
6 Docker Build	Download the deployable package	﻿2026-10-07T14:05:07.7448701Z ##[group]Run actions/download-artifact@v4
6 Docker Build	Download the deployable package	2026-10-07T14:05:07.7449935Z with:
6 Docker Build	Download the deployable package	2026-10-07T14:05:07.7450629Z   name: claim-check-api-package
6 Docker Build	Download the deployable package	2026-10-07T14:05:07.7451459Z   path: package
6 Docker Build	Download the deployable package	2026-10-07T14:05:07.7452177Z   merge-multiple: false
6 Docker Build	Download the deployable package	2026-10-07T14:05:07.7453016Z   repository: AmanYadav7015/devops-coursework
6 Docker Build	Download the deployable package	2026-10-07T14:05:07.7453954Z   run-id: 37633505564
6 Docker Build	Download the deployable package	2026-10-07T14:05:07.7454916Z env:
6 Docker Build	Download the deployable package	2026-10-07T14:05:07.7455562Z   APP_DIR: labs/17-devsecops
6 Docker Build	Download the deployable package	2026-10-07T14:05:07.7456374Z   IMAGE_NAME: claim-check-api
6 Docker Build	Download the deployable package	2026-10-07T14:05:07.7457180Z   TRIVY_VERSION: 0.75.0
6 Docker Build	Download the deployable package	2026-10-07T14:05:07.7457921Z   GITLEAKS_VERSION: 8.30.1
6 Docker Build	Download the deployable package	2026-10-07T14:05:07.7458705Z   PYTHON_VERSION: 3.13
6 Docker Build	Download the deployable package	2026-10-07T14:05:07.7459428Z ##[endgroup]
6 Docker Build	Download the deployable package	2026-10-07T14:05:07.8748431Z Downloading single artifact
6 Docker Build	Download the deployable package	2026-10-07T14:05:07.8836932Z (node:1971) [DEP0040] DeprecationWarning: The `punycode` module is deprecated. Please use a userland alternative instead.
6 Docker Build	Download the deployable package	2026-10-07T14:05:07.8839007Z (Use `node --trace-deprecation ...` to show where the warning was created)
6 Docker Build	Download the deployable package	2026-10-07T14:05:08.1202952Z Preparing to download the following artifacts:
6 Docker Build	Download the deployable package	2026-10-07T14:05:08.1206084Z - claim-check-api-package (ID: 11486603574, Size: 3846, Expected Digest: sha256:bdea94a4fe2f3406a52bdc906c73403b299a1eadf32d9e4b55c3b38be29df7cb)
6 Docker Build	Download the deployable package	2026-10-07T14:05:08.3667179Z Redirecting to blob download url: https://productionresultssa0.blob.core.windows.net/actions-results/e88afbd2-374b-89fb-92b7-ce612b8b9f2f/workflow-job-run-6939a423-d215-50d7-8572-57c50d36b57c/artifacts/ca45ea842020d459097c4b1bc3389c93ce5279d763f748fec1c53cc28b577061.zip
6 Docker Build	Download the deployable package	2026-10-07T14:05:08.3672889Z Starting download of artifact to: /home/runner/work/devops-coursework/devops-coursework/package
6 Docker Build	Download the deployable package	2026-10-07T14:05:08.5870263Z (node:1971) [DEP0005] DeprecationWarning: Buffer() is deprecated due to security and usability issues. Please use the Buffer.alloc(), Buffer.allocUnsafe(), or Buffer.from() methods instead.
6 Docker Build	Download the deployable package	2026-10-07T14:05:08.5947402Z SHA256 digest of downloaded artifact is bdea94a4fe2f3406a52bdc906c73403b299a1eadf32d9e4b55c3b38be29df7cb
6 Docker Build	Download the deployable package	2026-10-07T14:05:08.5950621Z Artifact download completed successfully.
6 Docker Build	Download the deployable package	2026-10-07T14:05:08.5952234Z Total of 1 artifact(s) downloaded
6 Docker Build	Download the deployable package	2026-10-07T14:05:08.5953739Z Download artifact has finished successfully
6 Docker Build	Show what this runner received	﻿2026-10-07T14:05:08.6149111Z ##[group]Run find package -type f | sort
6 Docker Build	Show what this runner received	2026-10-07T14:05:08.6150201Z [36;1mfind package -type f | sort[0m
6 Docker Build	Show what this runner received	2026-10-07T14:05:08.6151145Z [36;1mcat package/build-info.txt[0m
6 Docker Build	Show what this runner received	2026-10-07T14:05:08.6736481Z shell: /usr/bin/bash --noprofile --norc -e -o pipefail {0}
6 Docker Build	Show what this runner received	2026-10-07T14:05:08.6737632Z env:
6 Docker Build	Show what this runner received	2026-10-07T14:05:08.6738291Z   APP_DIR: labs/17-devsecops
6 Docker Build	Show what this runner received	2026-10-07T14:05:08.6739108Z   IMAGE_NAME: claim-check-api
6 Docker Build	Show what this runner received	2026-10-07T14:05:08.6739916Z   TRIVY_VERSION: 0.75.0
6 Docker Build	Show what this runner received	2026-10-07T14:05:08.6740668Z   GITLEAKS_VERSION: 8.30.1
6 Docker Build	Show what this runner received	2026-10-07T14:05:08.6741443Z   PYTHON_VERSION: 3.13
6 Docker Build	Show what this runner received	2026-10-07T14:05:08.6742167Z ##[endgroup]
6 Docker Build	Show what this runner received	2026-10-07T14:05:08.6859306Z package/Dockerfile
6 Docker Build	Show what this runner received	2026-10-07T14:05:08.6860166Z package/app/__init__.py
6 Docker Build	Show what this runner received	2026-10-07T14:05:08.6860942Z package/app/claims.py
6 Docker Build	Show what this runner received	2026-10-07T14:05:08.6861713Z package/app/server.py
6 Docker Build	Show what this runner received	2026-10-07T14:05:08.6862458Z package/build-info.txt
6 Docker Build	Show what this runner received	2026-10-07T14:05:08.6863213Z package/requirements.txt
6 Docker Build	Show what this runner received	2026-10-07T14:05:08.6868482Z service=claim-check-api
6 Docker Build	Show what this runner received	2026-10-07T14:05:08.6869398Z version=1.0.7+1ecb2ab
6 Docker Build	Show what this runner received	2026-10-07T14:05:08.6870502Z image_tag=1.0.7-1ecb2ab
6 Docker Build	Show what this runner received	2026-10-07T14:05:08.6871923Z commit=1ecb2ab13722444f111c4b843510a96c4e63250a
6 Docker Build	Show what this runner received	2026-10-07T14:05:08.6873008Z built_at=2026-10-07T14:03:30Z
6 Docker Build	Show what this runner received	2026-10-07T14:05:08.6873857Z builder=github-actions-37633505564
6 Docker Build	Build the image	﻿2026-10-07T14:05:08.6952592Z ##[group]Run docker build \
6 Docker Build	Build the image	2026-10-07T14:05:08.6953463Z [36;1mdocker build \[0m
6 Docker Build	Build the image	2026-10-07T14:05:08.6954317Z [36;1m  -t "${IMAGE_NAME}:1.0.7-1ecb2ab" \[0m
6 Docker Build	Build the image	2026-10-07T14:05:08.6955492Z [36;1m  .[0m
6 Docker Build	Build the image	2026-10-07T14:05:08.6956225Z [36;1mdocker image ls "${IMAGE_NAME}"[0m
6 Docker Build	Build the image	2026-10-07T14:05:08.7015475Z shell: /usr/bin/bash --noprofile --norc -e -o pipefail {0}
6 Docker Build	Build the image	2026-10-07T14:05:08.7016585Z env:
6 Docker Build	Build the image	2026-10-07T14:05:08.7017266Z   APP_DIR: labs/17-devsecops
6 Docker Build	Build the image	2026-10-07T14:05:08.7018090Z   IMAGE_NAME: claim-check-api
6 Docker Build	Build the image	2026-10-07T14:05:08.7018936Z   TRIVY_VERSION: 0.75.0
6 Docker Build	Build the image	2026-10-07T14:05:08.7019691Z   GITLEAKS_VERSION: 8.30.1
6 Docker Build	Build the image	2026-10-07T14:05:08.7020466Z   PYTHON_VERSION: 3.13
6 Docker Build	Build the image	2026-10-07T14:05:08.7021264Z ##[endgroup]
6 Docker Build	Build the image	2026-10-07T14:05:09.2877110Z #0 building with "default" instance using docker driver
6 Docker Build	Build the image	2026-10-07T14:05:09.2877759Z 
6 Docker Build	Build the image	2026-10-07T14:05:09.2877975Z #1 [internal] load build definition from Dockerfile
6 Docker Build	Build the image	2026-10-07T14:05:09.2878471Z #1 transferring dockerfile: 1.66kB done
6 Docker Build	Build the image	2026-10-07T14:05:09.2878883Z #1 DONE 0.0s
6 Docker Build	Build the image	2026-10-07T14:05:09.2879201Z 
6 Docker Build	Build the image	2026-10-07T14:05:09.2879498Z #2 [internal] load metadata for docker.io/library/python:3.13-slim
6 Docker Build	Build the image	2026-10-07T14:05:09.5608394Z #2 ...
6 Docker Build	Build the image	2026-10-07T14:05:09.5608716Z 
6 Docker Build	Build the image	2026-10-07T14:05:09.5608981Z #3 [auth] library/python:pull token for registry-1.docker.io
6 Docker Build	Build the image	2026-10-07T14:05:09.5609351Z #3 DONE 0.0s
6 Docker Build	Build the image	2026-10-07T14:05:09.7107137Z 
6 Docker Build	Build the image	2026-10-07T14:05:09.7107846Z #2 [internal] load metadata for docker.io/library/python:3.13-slim
6 Docker Build	Build the image	2026-10-07T14:05:09.9972984Z #2 DONE 0.9s
6 Docker Build	Build the image	2026-10-07T14:05:10.1113499Z 
6 Docker Build	Build the image	2026-10-07T14:05:10.1114258Z #4 [internal] load .dockerignore
6 Docker Build	Build the image	2026-10-07T14:05:10.1114676Z #4 transferring context: 2B done
6 Docker Build	Build the image	2026-10-07T14:05:10.1115121Z #4 DONE 0.0s
6 Docker Build	Build the image	2026-10-07T14:05:10.1115241Z 
6 Docker Build	Build the image	2026-10-07T14:05:10.1115365Z #5 [internal] load build context
6 Docker Build	Build the image	2026-10-07T14:05:10.1115660Z #5 transferring context: 6.73kB done
6 Docker Build	Build the image	2026-10-07T14:05:10.1115963Z #5 DONE 0.0s
6 Docker Build	Build the image	2026-10-07T14:05:10.1116086Z 
6 Docker Build	Build the image	2026-10-07T14:05:10.1116457Z #6 [builder 1/4] FROM docker.io/library/python:3.13-slim@sha256:bf44cdfcb76cd3b41e879bc058fc37ec5872002ccfde7fcb765e218cde0cd79c
6 Docker Build	Build the image	2026-10-07T14:05:10.1117254Z #6 resolve docker.io/library/python:3.13-slim@sha256:bf44cdfcb76cd3b41e879bc058fc37ec5872002ccfde7fcb765e218cde0cd79c done
6 Docker Build	Build the image	2026-10-07T14:05:10.1117903Z #6 sha256:ecc510c1e359bdc007b39802570bb7e4dec7d6ebccf357c3201a74299113e05e 0B / 29.84MB 0.1s
6 Docker Build	Build the image	2026-10-07T14:05:10.1118553Z #6 sha256:65a67aec859c5fafe6ca38c2ed07825c97acf3febdcf62b79441a1bfca4f3a4a 1.29MB / 1.29MB 0.1s
6 Docker Build	Build the image	2026-10-07T14:05:10.1119132Z #6 sha256:3a5db7051419a594a866378c5d2c422e3d282d69e6792b3213772cb1349da446 0B / 11.92MB 0.1s
6 Docker Build	Build the image	2026-10-07T14:05:10.1120177Z #6 sha256:bf44cdfcb76cd3b41e879bc058fc37ec5872002ccfde7fcb765e218cde0cd79c 10.37kB / 10.37kB done
6 Docker Build	Build the image	2026-10-07T14:05:10.1120767Z #6 sha256:8fb4cfa1a2616d7b8e0c2175cc6ad68f5729c34ea8488c0b360d2934b7be9024 1.75kB / 1.75kB done
6 Docker Build	Build the image	2026-10-07T14:05:10.1121357Z #6 sha256:ce3ff9524414289fc922d9d5dc1de87abc77a39ff2ff5007435839f2af1d7569 5.51kB / 5.51kB done
6 Docker Build	Build the image	2026-10-07T14:05:10.3124438Z #6 sha256:ecc510c1e359bdc007b39802570bb7e4dec7d6ebccf357c3201a74299113e05e 29.84MB / 29.84MB 0.3s
6 Docker Build	Build the image	2026-10-07T14:05:10.3126018Z #6 sha256:65a67aec859c5fafe6ca38c2ed07825c97acf3febdcf62b79441a1bfca4f3a4a 1.29MB / 1.29MB 0.1s done
6 Docker Build	Build the image	2026-10-07T14:05:10.3126957Z #6 sha256:3a5db7051419a594a866378c5d2c422e3d282d69e6792b3213772cb1349da446 11.92MB / 11.92MB 0.3s
6 Docker Build	Build the image	2026-10-07T14:05:10.3127811Z #6 sha256:2f5b06adfd9138ef928aaf8b34f3fecf122b137a537133dfe421509dd57b4a47 250B / 250B 0.3s
6 Docker Build	Build the image	2026-10-07T14:05:10.4720897Z #6 extracting sha256:ecc510c1e359bdc007b39802570bb7e4dec7d6ebccf357c3201a74299113e05e
6 Docker Build	Build the image	2026-10-07T14:05:10.5733185Z #6 sha256:ecc510c1e359bdc007b39802570bb7e4dec7d6ebccf357c3201a74299113e05e 29.84MB / 29.84MB 0.4s done
6 Docker Build	Build the image	2026-10-07T14:05:10.5733917Z #6 sha256:3a5db7051419a594a866378c5d2c422e3d282d69e6792b3213772cb1349da446 11.92MB / 11.92MB 0.4s done
6 Docker Build	Build the image	2026-10-07T14:05:10.5734465Z #6 sha256:2f5b06adfd9138ef928aaf8b34f3fecf122b137a537133dfe421509dd57b4a47 250B / 250B 0.4s done
6 Docker Build	Build the image	2026-10-07T14:05:11.2954059Z #6 extracting sha256:ecc510c1e359bdc007b39802570bb7e4dec7d6ebccf357c3201a74299113e05e 0.7s done
6 Docker Build	Build the image	2026-10-07T14:05:11.2955495Z #6 extracting sha256:65a67aec859c5fafe6ca38c2ed07825c97acf3febdcf62b79441a1bfca4f3a4a 0.1s done
6 Docker Build	Build the image	2026-10-07T14:05:17.7711657Z #6 extracting sha256:3a5db7051419a594a866378c5d2c422e3d282d69e6792b3213772cb1349da446
6 Docker Build	Build the image	2026-10-07T14:05:18.4470451Z #6 extracting sha256:3a5db7051419a594a866378c5d2c422e3d282d69e6792b3213772cb1349da446 0.5s done
6 Docker Build	Build the image	2026-10-07T14:05:18.6100839Z #6 extracting sha256:2f5b06adfd9138ef928aaf8b34f3fecf122b137a537133dfe421509dd57b4a47
6 Docker Build	Build the image	2026-10-07T14:05:18.8012964Z #6 extracting sha256:2f5b06adfd9138ef928aaf8b34f3fecf122b137a537133dfe421509dd57b4a47 done
6 Docker Build	Build the image	2026-10-07T14:05:18.8013463Z #6 DONE 8.6s
6 Docker Build	Build the image	2026-10-07T14:05:18.8013666Z 
6 Docker Build	Build the image	2026-10-07T14:05:18.8013766Z #7 [builder 2/4] WORKDIR /build
6 Docker Build	Build the image	2026-10-07T14:05:18.8013985Z #7 DONE 0.0s
6 Docker Build	Build the image	2026-10-07T14:05:18.8014092Z 
6 Docker Build	Build the image	2026-10-07T14:05:18.8014177Z #8 [runtime 2/7] WORKDIR /srv
6 Docker Build	Build the image	2026-10-07T14:05:18.8014388Z #8 DONE 0.0s
6 Docker Build	Build the image	2026-10-07T14:05:18.8014477Z 
6 Docker Build	Build the image	2026-10-07T14:05:18.8014573Z #9 [builder 3/4] COPY requirements.txt .
6 Docker Build	Build the image	2026-10-07T14:05:18.8015063Z #9 DONE 0.0s
6 Docker Build	Build the image	2026-10-07T14:05:18.8015193Z 
6 Docker Build	Build the image	2026-10-07T14:05:18.8015432Z #10 [builder 4/4] RUN pip wheel --no-cache-dir --wheel-dir /build/wheels -r requirements.txt
6 Docker Build	Build the image	2026-10-07T14:05:20.1528373Z #10 1.502 Collecting Flask==3.1.3 (from -r requirements.txt (line 1))
6 Docker Build	Build the image	2026-10-07T14:05:20.2541439Z #10 1.545   Downloading flask-3.1.3-py3-none-any.whl.metadata (3.2 kB)
6 Docker Build	Build the image	2026-10-07T14:05:20.2542152Z #10 1.567 Collecting Werkzeug==3.1.9 (from -r requirements.txt (line 2))
6 Docker Build	Build the image	2026-10-07T14:05:20.2543534Z #10 1.578   Downloading werkzeug-3.1.9-py3-none-any.whl.metadata (4.1 kB)
6 Docker Build	Build the image	2026-10-07T14:05:20.2544221Z #10 1.593 Collecting Jinja2==3.1.6 (from -r requirements.txt (line 3))
6 Docker Build	Build the image	2026-10-07T14:05:20.2544988Z #10 1.603   Downloading jinja2-3.1.6-py3-none-any.whl.metadata (2.9 kB)
6 Docker Build	Build the image	2026-10-07T14:05:20.3566772Z #10 1.639 Collecting PyYAML==6.0.3 (from -r requirements.txt (line 4))
6 Docker Build	Build the image	2026-10-07T14:05:20.3567800Z #10 1.649   Downloading pyyaml-6.0.3-cp313-cp313-manylinux2014_x86_64.manylinux_2_17_x86_64.manylinux_2_28_x86_64.whl.metadata (2.4 kB)
6 Docker Build	Build the image	2026-10-07T14:05:20.3568920Z #10 1.669 Collecting requests==2.34.2 (from -r requirements.txt (line 5))
6 Docker Build	Build the image	2026-10-07T14:05:20.3569562Z #10 1.678   Downloading requests-2.34.2-py3-none-any.whl.metadata (4.8 kB)
6 Docker Build	Build the image	2026-10-07T14:05:20.3570199Z #10 1.696 Collecting urllib3==2.8.0 (from -r requirements.txt (line 6))
6 Docker Build	Build the image	2026-10-07T14:05:20.3570809Z #10 1.706   Downloading urllib3-2.8.0-py3-none-any.whl.metadata (7.4 kB)
6 Docker Build	Build the image	2026-10-07T14:05:20.4598006Z #10 1.723 Collecting certifi==2026.7.22 (from -r requirements.txt (line 7))
6 Docker Build	Build the image	2026-10-07T14:05:20.4599072Z #10 1.733   Downloading certifi-2026.7.22-py3-none-any.whl.metadata (2.5 kB)
6 Docker Build	Build the image	2026-10-07T14:05:20.4599699Z #10 1.750 Collecting gunicorn==26.2.0 (from -r requirements.txt (line 8))
6 Docker Build	Build the image	2026-10-07T14:05:20.4600299Z #10 1.760   Downloading gunicorn-26.2.0-py3-none-any.whl.metadata (5.5 kB)
6 Docker Build	Build the image	2026-10-07T14:05:20.4600955Z #10 1.774 Collecting blinker>=1.9.0 (from Flask==3.1.3->-r requirements.txt (line 1))
6 Docker Build	Build the image	2026-10-07T14:05:20.4601603Z #10 1.784   Downloading blinker-1.9.0-py3-none-any.whl.metadata (1.6 kB)
6 Docker Build	Build the image	2026-10-07T14:05:20.4602205Z #10 1.799 Collecting click>=8.1.3 (from Flask==3.1.3->-r requirements.txt (line 1))
6 Docker Build	Build the image	2026-10-07T14:05:20.4602784Z #10 1.809   Downloading click-8.5.0-py3-none-any.whl.metadata (2.6 kB)
6 Docker Build	Build the image	2026-10-07T14:05:20.6274535Z #10 1.822 Collecting itsdangerous>=2.2.0 (from Flask==3.1.3->-r requirements.txt (line 1))
6 Docker Build	Build the image	2026-10-07T14:05:20.6275439Z #10 1.832   Downloading itsdangerous-2.2.0-py3-none-any.whl.metadata (1.9 kB)
6 Docker Build	Build the image	2026-10-07T14:05:20.6276076Z #10 1.876 Collecting markupsafe>=2.1.1 (from Flask==3.1.3->-r requirements.txt (line 1))
6 Docker Build	Build the image	2026-10-07T14:05:20.6276861Z #10 1.886   Downloading markupsafe-3.0.4-cp313-cp313-manylinux2014_x86_64.manylinux_2_17_x86_64.manylinux_2_28_x86_64.whl.metadata (2.7 kB)
6 Docker Build	Build the image	2026-10-07T14:05:20.6277732Z #10 1.977 Collecting charset_normalizer<4,>=2 (from requests==2.34.2->-r requirements.txt (line 5))
6 Docker Build	Build the image	2026-10-07T14:05:20.7381003Z #10 1.987   Downloading charset_normalizer-3.5.2-cp313-cp313-manylinux2014_x86_64.manylinux_2_17_x86_64.manylinux_2_28_x86_64.whl.metadata (46 kB)
6 Docker Build	Build the image	2026-10-07T14:05:20.7382445Z #10 2.013 Collecting idna<4,>=2.5 (from requests==2.34.2->-r requirements.txt (line 5))
6 Docker Build	Build the image	2026-10-07T14:05:20.7383312Z #10 2.023   Downloading idna-3.20-py3-none-any.whl.metadata (7.2 kB)
6 Docker Build	Build the image	2026-10-07T14:05:20.7383827Z #10 2.038 Downloading flask-3.1.3-py3-none-any.whl (103 kB)
6 Docker Build	Build the image	2026-10-07T14:05:20.7384320Z #10 2.057 Downloading werkzeug-3.1.9-py3-none-any.whl (228 kB)
6 Docker Build	Build the image	2026-10-07T14:05:20.7385004Z #10 2.076 Downloading jinja2-3.1.6-py3-none-any.whl (134 kB)
6 Docker Build	Build the image	2026-10-07T14:05:20.7385750Z #10 2.087 Downloading pyyaml-6.0.3-cp313-cp313-manylinux2014_x86_64.manylinux_2_17_x86_64.manylinux_2_28_x86_64.whl (801 kB)
6 Docker Build	Build the image	2026-10-07T14:05:20.8407068Z #10 2.108    ━━━━━━━━━━━━━━━━━━━━━━━━━━━━━━━━━━━━━━━━ 801.6/801.6 kB 31.4 MB/s  0:00:00
6 Docker Build	Build the image	2026-10-07T14:05:20.8408130Z #10 2.118 Downloading requests-2.34.2-py3-none-any.whl (73 kB)
6 Docker Build	Build the image	2026-10-07T14:05:20.8409067Z #10 2.128 Downloading urllib3-2.8.0-py3-none-any.whl (135 kB)
6 Docker Build	Build the image	2026-10-07T14:05:20.8409644Z #10 2.139 Downloading certifi-2026.7.22-py3-none-any.whl (136 kB)
6 Docker Build	Build the image	2026-10-07T14:05:20.8410105Z #10 2.149 Downloading gunicorn-26.2.0-py3-none-any.whl (228 kB)
6 Docker Build	Build the image	2026-10-07T14:05:20.8410855Z #10 2.159 Downloading charset_normalizer-3.5.2-cp313-cp313-manylinux2014_x86_64.manylinux_2_17_x86_64.manylinux_2_28_x86_64.whl (254 kB)
6 Docker Build	Build the image	2026-10-07T14:05:20.8411551Z #10 2.170 Downloading idna-3.20-py3-none-any.whl (69 kB)
6 Docker Build	Build the image	2026-10-07T14:05:20.8411983Z #10 2.180 Downloading blinker-1.9.0-py3-none-any.whl (8.5 kB)
6 Docker Build	Build the image	2026-10-07T14:05:20.8412447Z #10 2.190 Downloading click-8.5.0-py3-none-any.whl (125 kB)
6 Docker Build	Build the image	2026-10-07T14:05:21.0409745Z #10 2.200 Downloading itsdangerous-2.2.0-py3-none-any.whl (16 kB)
6 Docker Build	Build the image	2026-10-07T14:05:21.0410388Z #10 2.210 Downloading markupsafe-3.0.4-cp313-cp313-manylinux2014_x86_64.manylinux_2_17_x86_64.manylinux_2_28_x86_64.whl (23 kB)
6 Docker Build	Build the image	2026-10-07T14:05:21.0410882Z #10 2.235 Saved ./wheels/flask-3.1.3-py3-none-any.whl
6 Docker Build	Build the image	2026-10-07T14:05:21.0411171Z #10 2.235 Saved ./wheels/werkzeug-3.1.9-py3-none-any.whl
6 Docker Build	Build the image	2026-10-07T14:05:21.0411692Z #10 2.235 Saved ./wheels/jinja2-3.1.6-py3-none-any.whl
6 Docker Build	Build the image	2026-10-07T14:05:21.0412259Z #10 2.236 Saved ./wheels/pyyaml-6.0.3-cp313-cp313-manylinux2014_x86_64.manylinux_2_17_x86_64.manylinux_2_28_x86_64.whl
6 Docker Build	Build the image	2026-10-07T14:05:21.0412849Z #10 2.236 Saved ./wheels/requests-2.34.2-py3-none-any.whl
6 Docker Build	Build the image	2026-10-07T14:05:21.0413225Z #10 2.237 Saved ./wheels/urllib3-2.8.0-py3-none-any.whl
6 Docker Build	Build the image	2026-10-07T14:05:21.0413603Z #10 2.237 Saved ./wheels/certifi-2026.7.22-py3-none-any.whl
6 Docker Build	Build the image	2026-10-07T14:05:21.0414426Z #10 2.238 Saved ./wheels/gunicorn-26.2.0-py3-none-any.whl
6 Docker Build	Build the image	2026-10-07T14:05:21.0471472Z #10 2.238 Saved ./wheels/charset_normalizer-3.5.2-cp313-cp313-manylinux2014_x86_64.manylinux_2_17_x86_64.manylinux_2_28_x86_64.whl
6 Docker Build	Build the image	2026-10-07T14:05:21.0472262Z #10 2.238 Saved ./wheels/idna-3.20-py3-none-any.whl
6 Docker Build	Build the image	2026-10-07T14:05:21.0472582Z #10 2.239 Saved ./wheels/blinker-1.9.0-py3-none-any.whl
6 Docker Build	Build the image	2026-10-07T14:05:21.0472892Z #10 2.239 Saved ./wheels/click-8.5.0-py3-none-any.whl
6 Docker Build	Build the image	2026-10-07T14:05:21.0473231Z #10 2.239 Saved ./wheels/itsdangerous-2.2.0-py3-none-any.whl
6 Docker Build	Build the image	2026-10-07T14:05:21.0473721Z #10 2.240 Saved ./wheels/markupsafe-3.0.4-cp313-cp313-manylinux2014_x86_64.manylinux_2_17_x86_64.manylinux_2_28_x86_64.whl
6 Docker Build	Build the image	2026-10-07T14:05:21.1126167Z #10 DONE 2.5s
6 Docker Build	Build the image	2026-10-07T14:05:21.2763847Z 
6 Docker Build	Build the image	2026-10-07T14:05:21.2764316Z #11 [runtime 3/7] COPY --from=builder /build/wheels /tmp/wheels
6 Docker Build	Build the image	2026-10-07T14:05:21.2987758Z #11 DONE 0.2s
6 Docker Build	Build the image	2026-10-07T14:05:21.4559148Z 
6 Docker Build	Build the image	2026-10-07T14:05:21.4559565Z #12 [runtime 4/7] COPY requirements.txt .
6 Docker Build	Build the image	2026-10-07T14:05:21.4559912Z #12 DONE 0.0s
6 Docker Build	Build the image	2026-10-07T14:05:21.4560021Z 
6 Docker Build	Build the image	2026-10-07T14:05:21.4561777Z #13 [runtime 5/7] RUN pip install --no-cache-dir --no-index --find-links=/tmp/wheels -r requirements.txt  && rm -rf /tmp/wheels  && rm -rf /usr/local/lib/python3.*/site-packages/pip            /usr/local/lib/python3.*/site-packages/pip-*.dist-info            /usr/local/lib/python3.*/site-packages/setuptools            /usr/local/lib/python3.*/site-packages/setuptools-*.dist-info            /usr/local/lib/python3.*/site-packages/pkg_resources            /usr/local/lib/python3.*/site-packages/wheel            /usr/local/lib/python3.*/site-packages/wheel-*.dist-info            /usr/local/bin/pip /usr/local/bin/pip3 /usr/local/bin/pip3.*            /usr/local/bin/wheel  && find /usr/local -name '__pycache__' -type d -prune -exec rm -rf {} +
6 Docker Build	Build the image	2026-10-07T14:05:22.3369861Z #13 1.031 Looking in links: /tmp/wheels
6 Docker Build	Build the image	2026-10-07T14:05:22.4429578Z #13 1.037 Processing /tmp/wheels/flask-3.1.3-py3-none-any.whl (from -r requirements.txt (line 1))
6 Docker Build	Build the image	2026-10-07T14:05:22.4430355Z #13 1.043 Processing /tmp/wheels/werkzeug-3.1.9-py3-none-any.whl (from -r requirements.txt (line 2))
6 Docker Build	Build the image	2026-10-07T14:05:22.4431099Z #13 1.045 Processing /tmp/wheels/jinja2-3.1.6-py3-none-any.whl (from -r requirements.txt (line 3))
6 Docker Build	Build the image	2026-10-07T14:05:22.4432131Z #13 1.047 Processing /tmp/wheels/pyyaml-6.0.3-cp313-cp313-manylinux2014_x86_64.manylinux_2_17_x86_64.manylinux_2_28_x86_64.whl (from -r requirements.txt (line 4))
6 Docker Build	Build the image	2026-10-07T14:05:22.4433244Z #13 1.049 Processing /tmp/wheels/requests-2.34.2-py3-none-any.whl (from -r requirements.txt (line 5))
6 Docker Build	Build the image	2026-10-07T14:05:22.4434001Z #13 1.051 Processing /tmp/wheels/urllib3-2.8.0-py3-none-any.whl (from -r requirements.txt (line 6))
6 Docker Build	Build the image	2026-10-07T14:05:22.4435006Z #13 1.057 Processing /tmp/wheels/certifi-2026.7.22-py3-none-any.whl (from -r requirements.txt (line 7))
6 Docker Build	Build the image	2026-10-07T14:05:22.4435874Z #13 1.059 Processing /tmp/wheels/gunicorn-26.2.0-py3-none-any.whl (from -r requirements.txt (line 8))
6 Docker Build	Build the image	2026-10-07T14:05:22.4436709Z #13 1.062 Processing /tmp/wheels/blinker-1.9.0-py3-none-any.whl (from Flask==3.1.3->-r requirements.txt (line 1))
6 Docker Build	Build the image	2026-10-07T14:05:22.4437532Z #13 1.063 Processing /tmp/wheels/click-8.5.0-py3-none-any.whl (from Flask==3.1.3->-r requirements.txt (line 1))
6 Docker Build	Build the image	2026-10-07T14:05:22.4438425Z #13 1.065 Processing /tmp/wheels/itsdangerous-2.2.0-py3-none-any.whl (from Flask==3.1.3->-r requirements.txt (line 1))
6 Docker Build	Build the image	2026-10-07T14:05:22.4439705Z #13 1.067 Processing /tmp/wheels/markupsafe-3.0.4-cp313-cp313-manylinux2014_x86_64.manylinux_2_17_x86_64.manylinux_2_28_x86_64.whl (from Flask==3.1.3->-r requirements.txt (line 1))
6 Docker Build	Build the image	2026-10-07T14:05:22.4441219Z #13 1.070 Processing /tmp/wheels/charset_normalizer-3.5.2-cp313-cp313-manylinux2014_x86_64.manylinux_2_17_x86_64.manylinux_2_28_x86_64.whl (from requests==2.34.2->-r requirements.txt (line 5))
6 Docker Build	Build the image	2026-10-07T14:05:22.4442455Z #13 1.073 Processing /tmp/wheels/idna-3.20-py3-none-any.whl (from requests==2.34.2->-r requirements.txt (line 5))
6 Docker Build	Build the image	2026-10-07T14:05:22.4444060Z #13 1.137 Installing collected packages: urllib3, PyYAML, markupsafe, itsdangerous, idna, gunicorn, click, charset_normalizer, certifi, blinker, Werkzeug, requests, Jinja2, Flask
6 Docker Build	Build the image	2026-10-07T14:05:23.1445354Z #13 1.839 
6 Docker Build	Build the image	2026-10-07T14:05:23.2968592Z #13 1.841 Successfully installed Flask-3.1.3 Jinja2-3.1.6 PyYAML-6.0.3 Werkzeug-3.1.9 blinker-1.9.0 certifi-2026.7.22 charset_normalizer-3.5.2 click-8.5.0 gunicorn-26.2.0 idna-3.20 itsdangerous-2.2.0 markupsafe-3.0.4 requests-2.34.2 urllib3-2.8.0
6 Docker Build	Build the image	2026-10-07T14:05:23.2971104Z #13 1.841 WARNING: Running pip as the 'root' user can result in broken permissions and conflicting behaviour with the system package manager, possibly rendering your system unusable. It is recommended to use a virtual environment instead: https://pip.pypa.io/warnings/venv. Use the --root-user-action option if you know what you are doing and want to suppress this warning.
6 Docker Build	Build the image	2026-10-07T14:05:23.4307664Z #13 DONE 2.1s
6 Docker Build	Build the image	2026-10-07T14:05:23.5813942Z 
6 Docker Build	Build the image	2026-10-07T14:05:23.5815262Z #14 [runtime 6/7] COPY app ./app
6 Docker Build	Build the image	2026-10-07T14:05:23.5815932Z #14 DONE 0.0s
6 Docker Build	Build the image	2026-10-07T14:05:23.5816376Z 
6 Docker Build	Build the image	2026-10-07T14:05:23.5816984Z #15 [runtime 7/7] RUN groupadd --gid 10001 claims  && useradd --uid 10001 --gid 10001 --no-create-home --shell /usr/sbin/nologin claims  && chown -R claims:claims /srv
6 Docker Build	Build the image	2026-10-07T14:05:23.5817734Z #15 DONE 0.1s
6 Docker Build	Build the image	2026-10-07T14:05:23.7345648Z 
6 Docker Build	Build the image	2026-10-07T14:05:23.7346148Z #16 exporting to image
6 Docker Build	Build the image	2026-10-07T14:05:23.7346501Z #16 exporting layers
6 Docker Build	Build the image	2026-10-07T14:05:24.0117518Z #16 exporting layers 0.4s done
6 Docker Build	Build the image	2026-10-07T14:05:24.0253058Z #16 writing image sha256:7373a5bfc8f423f7da811f844dfb6f89291751f78eef545b2e71d30dcb19c160 done
6 Docker Build	Build the image	2026-10-07T14:05:24.0253864Z #16 naming to docker.io/library/claim-check-api:1.0.7-1ecb2ab done
6 Docker Build	Build the image	2026-10-07T14:05:24.0254164Z #16 DONE 0.4s
6 Docker Build	Build the image	2026-10-07T14:05:24.0406283Z REPOSITORY        TAG             IMAGE ID       CREATED        SIZE
6 Docker Build	Build the image	2026-10-07T14:05:24.0406738Z claim-check-api   1.0.7-1ecb2ab   7373a5bfc8f4   1 second ago   129MB
6 Docker Build	Describe the image	﻿2026-10-07T14:05:24.0459188Z ##[group]Run docker image inspect "${IMAGE_NAME}:1.0.7-1ecb2ab" \
6 Docker Build	Describe the image	2026-10-07T14:05:24.0459584Z [36;1mdocker image inspect "${IMAGE_NAME}:1.0.7-1ecb2ab" \[0m
6 Docker Build	Describe the image	2026-10-07T14:05:24.0459981Z [36;1m  --format 'id={{.Id}} size={{.Size}} user={{.Config.User}} entrypoint={{.Config.Cmd}}'[0m
6 Docker Build	Describe the image	2026-10-07T14:05:24.0460495Z [36;1mdocker run --rm --entrypoint sh "${IMAGE_NAME}:1.0.7-1ecb2ab" -c 'id; cat /etc/os-release | head -2'[0m
6 Docker Build	Describe the image	2026-10-07T14:05:24.0519881Z shell: /usr/bin/bash --noprofile --norc -e -o pipefail {0}
6 Docker Build	Describe the image	2026-10-07T14:05:24.0520162Z env:
6 Docker Build	Describe the image	2026-10-07T14:05:24.0520344Z   APP_DIR: labs/17-devsecops
6 Docker Build	Describe the image	2026-10-07T14:05:24.0520553Z   IMAGE_NAME: claim-check-api
6 Docker Build	Describe the image	2026-10-07T14:05:24.0520759Z   TRIVY_VERSION: 0.75.0
6 Docker Build	Describe the image	2026-10-07T14:05:24.0520941Z   GITLEAKS_VERSION: 8.30.1
6 Docker Build	Describe the image	2026-10-07T14:05:24.0521131Z   PYTHON_VERSION: 3.13
6 Docker Build	Describe the image	2026-10-07T14:05:24.0521309Z ##[endgroup]
6 Docker Build	Describe the image	2026-10-07T14:05:24.0709807Z id=sha256:7373a5bfc8f423f7da811f844dfb6f89291751f78eef545b2e71d30dcb19c160 size=128620379 user=10001 entrypoint=[gunicorn --bind 0.0.0.0:5017 --workers 2 --access-logfile - app.server:app]
6 Docker Build	Describe the image	2026-10-07T14:05:24.2043442Z uid=10001(claims) gid=10001(claims) groups=10001(claims)
6 Docker Build	Describe the image	2026-10-07T14:05:24.2051399Z PRETTY_NAME="Debian GNU/Linux 13 (trixie)"
6 Docker Build	Describe the image	2026-10-07T14:05:24.2051804Z NAME="Debian GNU/Linux"
6 Docker Build	Export the image for the downstream jobs	﻿2026-10-07T14:05:24.2880434Z ##[group]Run docker save "${IMAGE_NAME}:1.0.7-1ecb2ab" | gzip > image.tar.gz
6 Docker Build	Export the image for the downstream jobs	2026-10-07T14:05:24.2881114Z [36;1mdocker save "${IMAGE_NAME}:1.0.7-1ecb2ab" | gzip > image.tar.gz[0m
6 Docker Build	Export the image for the downstream jobs	2026-10-07T14:05:24.2881604Z [36;1mls -lh image.tar.gz[0m
6 Docker Build	Export the image for the downstream jobs	2026-10-07T14:05:24.2963817Z shell: /usr/bin/bash --noprofile --norc -e -o pipefail {0}
6 Docker Build	Export the image for the downstream jobs	2026-10-07T14:05:24.2964266Z env:
6 Docker Build	Export the image for the downstream jobs	2026-10-07T14:05:24.2964537Z   APP_DIR: labs/17-devsecops
6 Docker Build	Export the image for the downstream jobs	2026-10-07T14:05:24.2965028Z   IMAGE_NAME: claim-check-api
6 Docker Build	Export the image for the downstream jobs	2026-10-07T14:05:24.2965349Z   TRIVY_VERSION: 0.75.0
6 Docker Build	Export the image for the downstream jobs	2026-10-07T14:05:24.2965637Z   GITLEAKS_VERSION: 8.30.1
6 Docker Build	Export the image for the downstream jobs	2026-10-07T14:05:24.2965927Z   PYTHON_VERSION: 3.13
6 Docker Build	Export the image for the downstream jobs	2026-10-07T14:05:24.2966222Z ##[endgroup]
6 Docker Build	Export the image for the downstream jobs	2026-10-07T14:05:29.6351734Z -rw-r--r-- 1 runner runner 46M Oct  7 14:05 image.tar.gz
6 Docker Build	Upload the image	﻿2026-10-07T14:05:29.6405598Z ##[group]Run actions/upload-artifact@v4
6 Docker Build	Upload the image	2026-10-07T14:05:29.6405866Z with:
6 Docker Build	Upload the image	2026-10-07T14:05:29.6406068Z   name: claim-check-api-image
6 Docker Build	Upload the image	2026-10-07T14:05:29.6406287Z   path: image.tar.gz
6 Docker Build	Upload the image	2026-10-07T14:05:29.6406482Z   retention-days: 3
6 Docker Build	Upload the image	2026-10-07T14:05:29.6406667Z   compression-level: 0
6 Docker Build	Upload the image	2026-10-07T14:05:29.6406856Z   if-no-files-found: warn
6 Docker Build	Upload the image	2026-10-07T14:05:29.6407044Z   overwrite: false
6 Docker Build	Upload the image	2026-10-07T14:05:29.6407228Z   include-hidden-files: false
6 Docker Build	Upload the image	2026-10-07T14:05:29.6407416Z env:
6 Docker Build	Upload the image	2026-10-07T14:05:29.6407585Z   APP_DIR: labs/17-devsecops
6 Docker Build	Upload the image	2026-10-07T14:05:29.6407783Z   IMAGE_NAME: claim-check-api
6 Docker Build	Upload the image	2026-10-07T14:05:29.6407979Z   TRIVY_VERSION: 0.75.0
6 Docker Build	Upload the image	2026-10-07T14:05:29.6408185Z   GITLEAKS_VERSION: 8.30.1
6 Docker Build	Upload the image	2026-10-07T14:05:29.6408371Z   PYTHON_VERSION: 3.13
6 Docker Build	Upload the image	2026-10-07T14:05:29.6408547Z ##[endgroup]
6 Docker Build	Upload the image	2026-10-07T14:05:29.7802860Z (node:2417) [DEP0040] DeprecationWarning: The `punycode` module is deprecated. Please use a userland alternative instead.
6 Docker Build	Upload the image	2026-10-07T14:05:29.7803833Z (Use `node --trace-deprecation ...` to show where the warning was created)
6 Docker Build	Upload the image	2026-10-07T14:05:29.7841484Z With the provided path, there will be 1 file uploaded
6 Docker Build	Upload the image	2026-10-07T14:05:29.7846545Z Artifact name is valid!
6 Docker Build	Upload the image	2026-10-07T14:05:29.7847680Z Root directory input is valid!
6 Docker Build	Upload the image	2026-10-07T14:05:30.1677053Z Beginning upload of artifact content to blob storage
6 Docker Build	Upload the image	2026-10-07T14:05:30.2046672Z (node:2417) [DEP0169] DeprecationWarning: `url.parse()` behavior is not standardized and prone to errors that have security implications. Use the WHATWG URL API instead. CVEs are not issued for `url.parse()` vulnerabilities.
6 Docker Build	Upload the image	2026-10-07T14:05:30.9920608Z Uploaded bytes 8388608
6 Docker Build	Upload the image	2026-10-07T14:05:31.0019024Z Uploaded bytes 16777216
6 Docker Build	Upload the image	2026-10-07T14:05:31.0373591Z Uploaded bytes 25165824
6 Docker Build	Upload the image	2026-10-07T14:05:31.0460063Z Uploaded bytes 33554432
6 Docker Build	Upload the image	2026-10-07T14:05:31.2216638Z Uploaded bytes 41943040
6 Docker Build	Upload the image	2026-10-07T14:05:31.4980837Z Uploaded bytes 47559133
6 Docker Build	Upload the image	2026-10-07T14:05:31.5615483Z Finished uploading artifact content to blob storage!
6 Docker Build	Upload the image	2026-10-07T14:05:31.5616327Z SHA256 digest of uploaded artifact zip is 2b4a8bc8ac9de36538c3218cb74813d147d8663d07b2b96a6718c711a9fcf90f
6 Docker Build	Upload the image	2026-10-07T14:05:31.5617346Z Finalizing artifact upload
6 Docker Build	Upload the image	2026-10-07T14:05:31.8665748Z Artifact claim-check-api-image.zip successfully finalized. Artifact ID 11487776183
6 Docker Build	Upload the image	2026-10-07T14:05:31.8667483Z Artifact claim-check-api-image has been successfully uploaded! Final size is 47559133 bytes. Artifact ID is 11487776183
6 Docker Build	Upload the image	2026-10-07T14:05:31.8668217Z Artifact download URL: https://github.com/AmanYadav7015/devops-coursework/actions/runs/37633505564/artifacts/11487776183
6 Docker Build	Complete job	﻿2026-10-07T14:05:31.8829460Z Cleaning up orphan processes
6 Docker Build	Complete job	2026-10-07T14:05:31.9109252Z ##[warning]Node.js 20 is deprecated. The following actions target Node.js 20 but are being forced to run on Node.js 24: actions/download-artifact@v4, actions/upload-artifact@v4. For more information see: https://github.blog/changelog/2025-09-19-deprecation-of-node-20-on-github-actions-runners/
7 Container Image Scan	Set up job	﻿2026-10-07T14:05:38.5937849Z Current runner version: '2.337.0'
7 Container Image Scan	Set up job	2026-10-07T14:05:38.5964226Z ##[group]Runner Image Provisioner
7 Container Image Scan	Set up job	2026-10-07T14:05:38.5965135Z Hosted Compute Agent
7 Container Image Scan	Set up job	2026-10-07T14:05:38.5965826Z Version: 20260901.588
7 Container Image Scan	Set up job	2026-10-07T14:05:38.5966471Z Commit: f88ec8081b781fac6c440065ac7ff9e710ce3d0b
7 Container Image Scan	Set up job	2026-10-07T14:05:38.5967553Z Build Date: 2026-09-01T19:56:44Z
7 Container Image Scan	Set up job	2026-10-07T14:05:38.5968385Z Worker ID: {f4e0eeb3-cc2f-49ac-a702-487f4889ea60}
7 Container Image Scan	Set up job	2026-10-07T14:05:38.5969160Z Azure Region: westus2
7 Container Image Scan	Set up job	2026-10-07T14:05:38.5969795Z ##[endgroup]
7 Container Image Scan	Set up job	2026-10-07T14:05:38.5971839Z ##[group]Operating System
7 Container Image Scan	Set up job	2026-10-07T14:05:38.5972501Z Ubuntu
7 Container Image Scan	Set up job	2026-10-07T14:05:38.5973212Z 24.04.5
7 Container Image Scan	Set up job	2026-10-07T14:05:38.5973756Z LTS
7 Container Image Scan	Set up job	2026-10-07T14:05:38.5974306Z ##[endgroup]
7 Container Image Scan	Set up job	2026-10-07T14:05:38.5974905Z ##[group]Runner Image
7 Container Image Scan	Set up job	2026-10-07T14:05:38.5975509Z Image: ubuntu-24.04
7 Container Image Scan	Set up job	2026-10-07T14:05:38.5976178Z Version: 20260927.320.1
7 Container Image Scan	Set up job	2026-10-07T14:05:38.5977256Z Included Software: https://github.com/actions/runner-images/blob/ubuntu24/20260927.320/images/ubuntu/Ubuntu2404-Readme.md
7 Container Image Scan	Set up job	2026-10-07T14:05:38.5979056Z Image Release: https://github.com/actions/runner-images/releases/tag/ubuntu24%2F20260927.320
7 Container Image Scan	Set up job	2026-10-07T14:05:38.5980038Z ##[endgroup]
7 Container Image Scan	Set up job	2026-10-07T14:05:38.5981552Z ##[group]GITHUB_TOKEN Permissions
7 Container Image Scan	Set up job	2026-10-07T14:05:38.5983706Z Contents: read
7 Container Image Scan	Set up job	2026-10-07T14:05:38.5984475Z Metadata: read
7 Container Image Scan	Set up job	2026-10-07T14:05:38.5985057Z SecurityEvents: write
7 Container Image Scan	Set up job	2026-10-07T14:05:38.5985698Z ##[endgroup]
7 Container Image Scan	Set up job	2026-10-07T14:05:38.5987874Z Secret source: Actions
7 Container Image Scan	Set up job	2026-10-07T14:05:38.5988918Z Cache mode: write
7 Container Image Scan	Set up job	2026-10-07T14:05:38.5989684Z Prepare workflow directory
7 Container Image Scan	Set up job	2026-10-07T14:05:38.6471912Z Prepare all required actions
7 Container Image Scan	Set up job	2026-10-07T14:05:38.6519698Z Getting action download info
7 Container Image Scan	Set up job	2026-10-07T14:05:39.0280399Z Download action repository 'actions/download-artifact@v4' (SHA:d3f86a106a0bac45b974a628896c90dbdf5c8093)
7 Container Image Scan	Set up job	2026-10-07T14:05:39.4083935Z Download action repository 'github/codeql-action@v3' (SHA:1190a975f95ce23525efb6a3fc21ea29567c1b52)
7 Container Image Scan	Set up job	2026-10-07T14:05:39.7737150Z Download action repository 'actions/upload-artifact@v4' (SHA:ea165f8d65b6e75b540449e92b4886f43607fa02)
7 Container Image Scan	Set up job	2026-10-07T14:05:39.9818239Z Complete job name: 7 Container Image Scan
7 Container Image Scan	Download the image	﻿2026-10-07T14:05:40.0626627Z ##[group]Run actions/download-artifact@v4
7 Container Image Scan	Download the image	2026-10-07T14:05:40.0627733Z with:
7 Container Image Scan	Download the image	2026-10-07T14:05:40.0628272Z   name: claim-check-api-image
7 Container Image Scan	Download the image	2026-10-07T14:05:40.0628860Z   merge-multiple: false
7 Container Image Scan	Download the image	2026-10-07T14:05:40.0629453Z   repository: AmanYadav7015/devops-coursework
7 Container Image Scan	Download the image	2026-10-07T14:05:40.0630105Z   run-id: 37633505564
7 Container Image Scan	Download the image	2026-10-07T14:05:40.0631049Z env:
7 Container Image Scan	Download the image	2026-10-07T14:05:40.0631574Z   APP_DIR: labs/17-devsecops
7 Container Image Scan	Download the image	2026-10-07T14:05:40.0632154Z   IMAGE_NAME: claim-check-api
7 Container Image Scan	Download the image	2026-10-07T14:05:40.0632727Z   TRIVY_VERSION: 0.75.0
7 Container Image Scan	Download the image	2026-10-07T14:05:40.0633262Z   GITLEAKS_VERSION: 8.30.1
7 Container Image Scan	Download the image	2026-10-07T14:05:40.0633807Z   PYTHON_VERSION: 3.13
7 Container Image Scan	Download the image	2026-10-07T14:05:40.0634331Z ##[endgroup]
7 Container Image Scan	Download the image	2026-10-07T14:05:40.2311904Z Downloading single artifact
7 Container Image Scan	Download the image	2026-10-07T14:05:40.2451891Z (node:2178) [DEP0040] DeprecationWarning: The `punycode` module is deprecated. Please use a userland alternative instead.
7 Container Image Scan	Download the image	2026-10-07T14:05:40.5262437Z (Use `node --trace-deprecation ...` to show where the warning was created)
7 Container Image Scan	Download the image	2026-10-07T14:05:40.5279560Z Preparing to download the following artifacts:
7 Container Image Scan	Download the image	2026-10-07T14:05:40.5281471Z - claim-check-api-image (ID: 11487776183, Size: 47559133, Expected Digest: sha256:2b4a8bc8ac9de36538c3218cb74813d147d8663d07b2b96a6718c711a9fcf90f)
7 Container Image Scan	Download the image	2026-10-07T14:05:40.8011645Z Redirecting to blob download url: https://productionresultssa0.blob.core.windows.net/actions-results/e88afbd2-374b-89fb-92b7-ce612b8b9f2f/workflow-job-run-e2f7cf70-9eb0-57be-9549-b9aec34132f3/artifacts/f9c5d6b802cd6fa27eddc3f3422d02486a05079d38b14328033e3dd7d8831f07.zip
7 Container Image Scan	Download the image	2026-10-07T14:05:40.8014220Z Starting download of artifact to: /home/runner/work/devops-coursework/devops-coursework
7 Container Image Scan	Download the image	2026-10-07T14:05:41.1439036Z (node:2178) [DEP0005] DeprecationWarning: Buffer() is deprecated due to security and usability issues. Please use the Buffer.alloc(), Buffer.allocUnsafe(), or Buffer.from() methods instead.
7 Container Image Scan	Download the image	2026-10-07T14:05:44.3569523Z SHA256 digest of downloaded artifact is 2b4a8bc8ac9de36538c3218cb74813d147d8663d07b2b96a6718c711a9fcf90f
7 Container Image Scan	Download the image	2026-10-07T14:05:44.3572267Z Artifact download completed successfully.
7 Container Image Scan	Download the image	2026-10-07T14:05:44.3572768Z Total of 1 artifact(s) downloaded
7 Container Image Scan	Download the image	2026-10-07T14:05:44.3575913Z Download artifact has finished successfully
7 Container Image Scan	Load the image	﻿2026-10-07T14:05:44.3831579Z ##[group]Run gunzip -c image.tar.gz | docker load
7 Container Image Scan	Load the image	2026-10-07T14:05:44.3832357Z [36;1mgunzip -c image.tar.gz | docker load[0m
7 Container Image Scan	Load the image	2026-10-07T14:05:44.3833093Z [36;1mdocker image ls "${IMAGE_NAME}"[0m
7 Container Image Scan	Load the image	2026-10-07T14:05:44.4091762Z shell: /usr/bin/bash --noprofile --norc -e -o pipefail {0}
7 Container Image Scan	Load the image	2026-10-07T14:05:44.4092489Z env:
7 Container Image Scan	Load the image	2026-10-07T14:05:44.4092966Z   APP_DIR: labs/17-devsecops
7 Container Image Scan	Load the image	2026-10-07T14:05:44.4093538Z   IMAGE_NAME: claim-check-api
7 Container Image Scan	Load the image	2026-10-07T14:05:44.4094061Z   TRIVY_VERSION: 0.75.0
7 Container Image Scan	Load the image	2026-10-07T14:05:44.4094542Z   GITLEAKS_VERSION: 8.30.1
7 Container Image Scan	Load the image	2026-10-07T14:05:44.4095061Z   PYTHON_VERSION: 3.13
7 Container Image Scan	Load the image	2026-10-07T14:05:44.4095484Z ##[endgroup]
7 Container Image Scan	Load the image	2026-10-07T14:05:49.8588100Z Loaded image: claim-check-api:1.0.7-1ecb2ab
7 Container Image Scan	Load the image	2026-10-07T14:05:49.8917585Z REPOSITORY        TAG             IMAGE ID       CREATED          SIZE
7 Container Image Scan	Load the image	2026-10-07T14:05:49.8919272Z claim-check-api   1.0.7-1ecb2ab   7373a5bfc8f4   26 seconds ago   129MB
7 Container Image Scan	Install trivy	﻿2026-10-07T14:05:49.8987856Z ##[group]Run curl -sfL https://raw.githubusercontent.com/aquasecurity/trivy/main/contrib/install.sh \
7 Container Image Scan	Install trivy	2026-10-07T14:05:49.8988977Z [36;1mcurl -sfL https://raw.githubusercontent.com/aquasecurity/trivy/main/contrib/install.sh \[0m
7 Container Image Scan	Install trivy	2026-10-07T14:05:49.8989682Z [36;1m  | sudo sh -s -- -b /usr/local/bin "v${TRIVY_VERSION}"[0m
7 Container Image Scan	Install trivy	2026-10-07T14:05:49.8990163Z [36;1mtrivy --version[0m
7 Container Image Scan	Install trivy	2026-10-07T14:05:49.9053105Z shell: /usr/bin/bash --noprofile --norc -e -o pipefail {0}
7 Container Image Scan	Install trivy	2026-10-07T14:05:49.9053607Z env:
7 Container Image Scan	Install trivy	2026-10-07T14:05:49.9053964Z   APP_DIR: labs/17-devsecops
7 Container Image Scan	Install trivy	2026-10-07T14:05:49.9054389Z   IMAGE_NAME: claim-check-api
7 Container Image Scan	Install trivy	2026-10-07T14:05:49.9054775Z   TRIVY_VERSION: 0.75.0
7 Container Image Scan	Install trivy	2026-10-07T14:05:49.9055135Z   GITLEAKS_VERSION: 8.30.1
7 Container Image Scan	Install trivy	2026-10-07T14:05:49.9055512Z   PYTHON_VERSION: 3.13
7 Container Image Scan	Install trivy	2026-10-07T14:05:49.9055867Z ##[endgroup]
7 Container Image Scan	Install trivy	2026-10-07T14:05:49.9661802Z aquasecurity/trivy info checking GitHub for tag 'v0.75.0'
7 Container Image Scan	Install trivy	2026-10-07T14:05:50.1845504Z aquasecurity/trivy info found version: 0.75.0 for v0.75.0/Linux/64bit
7 Container Image Scan	Install trivy	2026-10-07T14:05:51.7016405Z aquasecurity/trivy info installed /usr/local/bin/trivy
7 Container Image Scan	Install trivy	2026-10-07T14:05:51.8248349Z Version: 0.75.0
7 Container Image Scan	Full vulnerability report	﻿2026-10-07T14:05:51.8324886Z ##[group]Run set -o pipefail
7 Container Image Scan	Full vulnerability report	2026-10-07T14:05:51.8325269Z [36;1mset -o pipefail[0m
7 Container Image Scan	Full vulnerability report	2026-10-07T14:05:51.8325532Z [36;1mmkdir -p reports[0m
7 Container Image Scan	Full vulnerability report	2026-10-07T14:05:51.8325827Z [36;1mtrivy image --scanners vuln --format table \[0m
7 Container Image Scan	Full vulnerability report	2026-10-07T14:05:51.8326260Z [36;1m  "${IMAGE_NAME}:1.0.7-1ecb2ab" | tee reports/trivy-image-full.txt[0m
7 Container Image Scan	Full vulnerability report	2026-10-07T14:05:51.8388857Z shell: /usr/bin/bash --noprofile --norc -e -o pipefail {0}
7 Container Image Scan	Full vulnerability report	2026-10-07T14:05:51.8389253Z env:
7 Container Image Scan	Full vulnerability report	2026-10-07T14:05:51.8389473Z   APP_DIR: labs/17-devsecops
7 Container Image Scan	Full vulnerability report	2026-10-07T14:05:51.8389744Z   IMAGE_NAME: claim-check-api
7 Container Image Scan	Full vulnerability report	2026-10-07T14:05:51.8390004Z   TRIVY_VERSION: 0.75.0
7 Container Image Scan	Full vulnerability report	2026-10-07T14:05:51.8390323Z   GITLEAKS_VERSION: 8.30.1
7 Container Image Scan	Full vulnerability report	2026-10-07T14:05:51.8390883Z   PYTHON_VERSION: 3.13
7 Container Image Scan	Full vulnerability report	2026-10-07T14:05:51.8391126Z ##[endgroup]
7 Container Image Scan	Full vulnerability report	2026-10-07T14:05:51.9353425Z 2026-10-07T14:05:51Z	INFO	[vulndb] Need to update DB
7 Container Image Scan	Full vulnerability report	2026-10-07T14:05:51.9354300Z 2026-10-07T14:05:51Z	INFO	[vulndb] Downloading vulnerability DB...
7 Container Image Scan	Full vulnerability report	2026-10-07T14:05:51.9355644Z 2026-10-07T14:05:51Z	INFO	[vulndb] Downloading artifact...	repo="mirror.gcr.io/aquasec/trivy-db:2"
7 Container Image Scan	Full vulnerability report	2026-10-07T14:05:56.9094966Z 22.91 MiB / 119.53 MiB [----------->________________________________________________] 19.17% ? p/s ?76.47 MiB / 119.53 MiB [-------------------------------------->_____________________] 63.97% ? p/s ?119.53 MiB / 119.53 MiB [--------------------------------------------------------->] 100.00% ? p/s ?119.53 MiB / 119.53 MiB [------------------------------------------->] 100.00% 161.19 MiB p/s ETA 0s119.53 MiB / 119.53 MiB [------------------------------------------->] 100.00% 161.19 MiB p/s ETA 0s119.53 MiB / 119.53 MiB [------------------------------------------->] 100.00% 161.19 MiB p/s ETA 0s119.53 MiB / 119.53 MiB [------------------------------------------->] 100.00% 150.79 MiB p/s ETA 0s119.53 MiB / 119.53 MiB [------------------------------------------->] 100.00% 150.79 MiB p/s ETA 0s119.53 MiB / 119.53 MiB [------------------------------------------->] 100.00% 150.79 MiB p/s ETA 0s119.53 MiB / 119.53 MiB [------------------------------------------->] 100.00% 141.06 MiB p/s ETA 0s119.53 MiB / 119.53 MiB [------------------------------------------->] 100.00% 141.06 MiB p/s ETA 0s119.53 MiB / 119.53 MiB [------------------------------------------->] 100.00% 141.06 MiB p/s ETA 0s119.53 MiB / 119.53 MiB [------------------------------------------->] 100.00% 131.96 MiB p/s ETA 0s119.53 MiB / 119.53 MiB [------------------------------------------->] 100.00% 131.96 MiB p/s ETA 0s119.53 MiB / 119.53 MiB [------------------------------------------->] 100.00% 131.96 MiB p/s ETA 0s119.53 MiB / 119.53 MiB [------------------------------------------->] 100.00% 123.45 MiB p/s ETA 0s119.53 MiB / 119.53 MiB [------------------------------------------->] 100.00% 123.45 MiB p/s ETA 0s119.53 MiB / 119.53 MiB [------------------------------------------->] 100.00% 123.45 MiB p/s ETA 0s119.53 MiB / 119.53 MiB [-----------------------------------------------] 100.00% 34.18 MiB p/s 3.7s2026-10-07T14:05:56Z	INFO	[vulndb] Artifact successfully downloaded	repo="mirror.gcr.io/aquasec/trivy-db:2"
7 Container Image Scan	Full vulnerability report	2026-10-07T14:05:56.9108247Z 2026-10-07T14:05:56Z	INFO	[vuln] Vulnerability scanning is enabled
7 Container Image Scan	Full vulnerability report	2026-10-07T14:06:01.0462898Z 2026-10-07T14:06:01Z	INFO	[python] Licenses acquired from one or more METADATA files may be subject to additional terms. Use `--debug` flag to see all affected packages.
7 Container Image Scan	Full vulnerability report	2026-10-07T14:06:01.0566767Z 2026-10-07T14:06:01Z	WARN	Third-party SBOM may lead to inaccurate vulnerability detection
7 Container Image Scan	Full vulnerability report	2026-10-07T14:06:01.0582108Z 2026-10-07T14:06:01Z	WARN	Recommend using Trivy to generate SBOMs
7 Container Image Scan	Full vulnerability report	2026-10-07T14:06:01.1146210Z 2026-10-07T14:06:01Z	INFO	Detected OS	family="debian" version="13.7"
7 Container Image Scan	Full vulnerability report	2026-10-07T14:06:01.1147234Z 2026-10-07T14:06:01Z	INFO	[debian] Detecting vulnerabilities...	os_version="13" pkg_num=87
7 Container Image Scan	Full vulnerability report	2026-10-07T14:06:01.1231698Z 2026-10-07T14:06:01Z	INFO	Number of language-specific files	num=1
7 Container Image Scan	Full vulnerability report	2026-10-07T14:06:01.1232668Z 2026-10-07T14:06:01Z	INFO	[python-pkg] Detecting vulnerabilities...
7 Container Image Scan	Full vulnerability report	2026-10-07T14:06:01.1252568Z 2026-10-07T14:06:01Z	WARN	Using severities from other vendors for some vulnerabilities. Read https://trivy.dev/docs/v0.75/guide/scanner/vulnerability#severity-selection for details.
7 Container Image Scan	Full vulnerability report	2026-10-07T14:06:01.1605580Z 
7 Container Image Scan	Full vulnerability report	2026-10-07T14:06:01.1606087Z Report Summary
7 Container Image Scan	Full vulnerability report	2026-10-07T14:06:01.1606326Z 
7 Container Image Scan	Full vulnerability report	2026-10-07T14:06:01.1607093Z ┌──────────────────────────────────────────────────────────────────────────────────┬────────────┬─────────────────┐
7 Container Image Scan	Full vulnerability report	2026-10-07T14:06:01.1608351Z │                                      Target                                      │    Type    │ Vulnerabilities │
7 Container Image Scan	Full vulnerability report	2026-10-07T14:06:01.1609901Z ├──────────────────────────────────────────────────────────────────────────────────┼────────────┼─────────────────┤
7 Container Image Scan	Full vulnerability report	2026-10-07T14:06:01.1611644Z │ claim-check-api:1.0.7-1ecb2ab (debian 13.7)                                      │   debian   │       165       │
7 Container Image Scan	Full vulnerability report	2026-10-07T14:06:01.1613294Z ├──────────────────────────────────────────────────────────────────────────────────┼────────────┼─────────────────┤
7 Container Image Scan	Full vulnerability report	2026-10-07T14:06:01.1614730Z │ usr/local/lib/python3.13/site-packages/blinker-1.9.0.dist-info/METADATA          │ python-pkg │        0        │
7 Container Image Scan	Full vulnerability report	2026-10-07T14:06:01.1616279Z ├──────────────────────────────────────────────────────────────────────────────────┼────────────┼─────────────────┤
7 Container Image Scan	Full vulnerability report	2026-10-07T14:06:01.1617689Z │ usr/local/lib/python3.13/site-packages/certifi-2026.7.22.dist-info/METADATA      │ python-pkg │        0        │
7 Container Image Scan	Full vulnerability report	2026-10-07T14:06:01.1619239Z ├──────────────────────────────────────────────────────────────────────────────────┼────────────┼─────────────────┤
7 Container Image Scan	Full vulnerability report	2026-10-07T14:06:01.1621048Z │ usr/local/lib/python3.13/site-packages/charset_normalizer-3.5.2.dist-info/METAD- │ python-pkg │        0        │
7 Container Image Scan	Full vulnerability report	2026-10-07T14:06:01.1622909Z │ ATA                                                                              │            │                 │
7 Container Image Scan	Full vulnerability report	2026-10-07T14:06:01.1624168Z ├──────────────────────────────────────────────────────────────────────────────────┼────────────┼─────────────────┤
7 Container Image Scan	Full vulnerability report	2026-10-07T14:06:01.1625556Z │ usr/local/lib/python3.13/site-packages/click-8.5.0.dist-info/METADATA            │ python-pkg │        0        │
7 Container Image Scan	Full vulnerability report	2026-10-07T14:06:01.1627130Z ├──────────────────────────────────────────────────────────────────────────────────┼────────────┼─────────────────┤
7 Container Image Scan	Full vulnerability report	2026-10-07T14:06:01.1628491Z │ usr/local/lib/python3.13/site-packages/flask-3.1.3.dist-info/METADATA            │ python-pkg │        0        │
7 Container Image Scan	Full vulnerability report	2026-10-07T14:06:01.1629904Z ├──────────────────────────────────────────────────────────────────────────────────┼────────────┼─────────────────┤
7 Container Image Scan	Full vulnerability report	2026-10-07T14:06:01.1641763Z │ usr/local/lib/python3.13/site-packages/gunicorn-26.2.0.dist-info/METADATA        │ python-pkg │        0        │
7 Container Image Scan	Full vulnerability report	2026-10-07T14:06:01.1643331Z ├──────────────────────────────────────────────────────────────────────────────────┼────────────┼─────────────────┤
7 Container Image Scan	Full vulnerability report	2026-10-07T14:06:01.1644704Z │ usr/local/lib/python3.13/site-packages/idna-3.20.dist-info/METADATA              │ python-pkg │        0        │
7 Container Image Scan	Full vulnerability report	2026-10-07T14:06:01.1646107Z ├──────────────────────────────────────────────────────────────────────────────────┼────────────┼─────────────────┤
7 Container Image Scan	Full vulnerability report	2026-10-07T14:06:01.1647685Z │ usr/local/lib/python3.13/site-packages/itsdangerous-2.2.0.dist-info/METADATA     │ python-pkg │        0        │
7 Container Image Scan	Full vulnerability report	2026-10-07T14:06:01.1648666Z ├──────────────────────────────────────────────────────────────────────────────────┼────────────┼─────────────────┤
7 Container Image Scan	Full vulnerability report	2026-10-07T14:06:01.1649471Z │ usr/local/lib/python3.13/site-packages/jinja2-3.1.6.dist-info/METADATA           │ python-pkg │        0        │
7 Container Image Scan	Full vulnerability report	2026-10-07T14:06:01.1650268Z ├──────────────────────────────────────────────────────────────────────────────────┼────────────┼─────────────────┤
7 Container Image Scan	Full vulnerability report	2026-10-07T14:06:01.1651634Z │ usr/local/lib/python3.13/site-packages/markupsafe-3.0.4.dist-info/METADATA       │ python-pkg │        0        │
7 Container Image Scan	Full vulnerability report	2026-10-07T14:06:01.1652856Z ├──────────────────────────────────────────────────────────────────────────────────┼────────────┼─────────────────┤
7 Container Image Scan	Full vulnerability report	2026-10-07T14:06:01.1654214Z │ usr/local/lib/python3.13/site-packages/pyyaml-6.0.3.dist-info/METADATA           │ python-pkg │        0        │
7 Container Image Scan	Full vulnerability report	2026-10-07T14:06:01.1655216Z ├──────────────────────────────────────────────────────────────────────────────────┼────────────┼─────────────────┤
7 Container Image Scan	Full vulnerability report	2026-10-07T14:06:01.1655961Z │ usr/local/lib/python3.13/site-packages/requests-2.34.2.dist-info/METADATA        │ python-pkg │        0        │
7 Container Image Scan	Full vulnerability report	2026-10-07T14:06:01.1656733Z ├──────────────────────────────────────────────────────────────────────────────────┼────────────┼─────────────────┤
7 Container Image Scan	Full vulnerability report	2026-10-07T14:06:01.1657448Z │ usr/local/lib/python3.13/site-packages/urllib3-2.8.0.dist-info/METADATA          │ python-pkg │        0        │
7 Container Image Scan	Full vulnerability report	2026-10-07T14:06:01.1658244Z ├──────────────────────────────────────────────────────────────────────────────────┼────────────┼─────────────────┤
7 Container Image Scan	Full vulnerability report	2026-10-07T14:06:01.1658959Z │ usr/local/lib/python3.13/site-packages/werkzeug-3.1.9.dist-info/METADATA         │ python-pkg │        0        │
7 Container Image Scan	Full vulnerability report	2026-10-07T14:06:01.1659720Z └──────────────────────────────────────────────────────────────────────────────────┴────────────┴─────────────────┘
7 Container Image Scan	Full vulnerability report	2026-10-07T14:06:01.1660321Z Legend:
7 Container Image Scan	Full vulnerability report	2026-10-07T14:06:01.1660513Z - '-': Not scanned
7 Container Image Scan	Full vulnerability report	2026-10-07T14:06:01.1661058Z - '0': Clean (no security findings detected)
7 Container Image Scan	Full vulnerability report	2026-10-07T14:06:01.1661273Z 
7 Container Image Scan	Full vulnerability report	2026-10-07T14:06:01.1661280Z 
7 Container Image Scan	Full vulnerability report	2026-10-07T14:06:01.1661381Z For OSS Maintainers: VEX Notice
7 Container Image Scan	Full vulnerability report	2026-10-07T14:06:01.1661648Z --------------------------------
7 Container Image Scan	Full vulnerability report	2026-10-07T14:06:01.1662677Z If you're an OSS maintainer and Trivy has detected vulnerabilities in your project that you believe are not actually exploitable, consider issuing a VEX (Vulnerability Exploitability eXchange) statement.
7 Container Image Scan	Full vulnerability report	2026-10-07T14:06:01.1663919Z VEX allows you to communicate the actual status of vulnerabilities in your project, improving security transparency and reducing false positives for your users.
7 Container Image Scan	Full vulnerability report	2026-10-07T14:06:01.1664857Z Learn more and start using VEX: https://trivy.dev/docs/v0.75/guide/supply-chain/vex/repo#publishing-vex-documents
7 Container Image Scan	Full vulnerability report	2026-10-07T14:06:01.1665296Z 
7 Container Image Scan	Full vulnerability report	2026-10-07T14:06:01.1665526Z To disable this notice, set the TRIVY_DISABLE_VEX_NOTICE environment variable.
7 Container Image Scan	Full vulnerability report	2026-10-07T14:06:01.1665838Z 
7 Container Image Scan	Full vulnerability report	2026-10-07T14:06:01.1665843Z 
7 Container Image Scan	Full vulnerability report	2026-10-07T14:06:01.1665956Z claim-check-api:1.0.7-1ecb2ab (debian 13.7)
7 Container Image Scan	Full vulnerability report	2026-10-07T14:06:01.1666245Z ===========================================
7 Container Image Scan	Full vulnerability report	2026-10-07T14:06:01.1666595Z Total: 165 (UNKNOWN: 2, LOW: 61, MEDIUM: 58, HIGH: 44, CRITICAL: 0)
7 Container Image Scan	Full vulnerability report	2026-10-07T14:06:01.1666853Z 
7 Container Image Scan	Full vulnerability report	2026-10-07T14:06:01.1667461Z ┌────────────────────┬─────────────────────┬──────────┬──────────────┬───────────────────────────────────┬───────────────┬──────────────────────────────────────────────────────────────┐
7 Container Image Scan	Full vulnerability report	2026-10-07T14:06:01.1668711Z │      Library       │    Vulnerability    │ Severity │    Status    │         Installed Version         │ Fixed Version │                            Title                             │
7 Container Image Scan	Full vulnerability report	2026-10-07T14:06:01.1669819Z ├────────────────────┼─────────────────────┼──────────┼──────────────┼───────────────────────────────────┼───────────────┼──────────────────────────────────────────────────────────────┤
7 Container Image Scan	Full vulnerability report	2026-10-07T14:06:01.1671132Z │ apt                │ CVE-2011-3374       │ LOW      │ affected     │ 3.0.3                             │               │ It was found that apt-key in apt, all versions, do not       │
7 Container Image Scan	Full vulnerability report	2026-10-07T14:06:01.1672055Z │                    │                     │          │              │                                   │               │ correctly...                                                 │
7 Container Image Scan	Full vulnerability report	2026-10-07T14:06:01.1672902Z │                    │                     │          │              │                                   │               │ https://avd.aquasec.com/nvd/cve-2011-3374                    │
7 Container Image Scan	Full vulnerability report	2026-10-07T14:06:01.1673868Z ├────────────────────┼─────────────────────┤          │              ├───────────────────────────────────┼───────────────┼──────────────────────────────────────────────────────────────┤
7 Container Image Scan	Full vulnerability report	2026-10-07T14:06:01.1674865Z │ bash               │ TEMP-0841856-B18BAF │          │              │ 5.2.37-2+b10                      │               │ [Privilege escalation possible to other user than root]      │
7 Container Image Scan	Full vulnerability report	2026-10-07T14:06:01.1676050Z │                    │                     │          │              │                                   │               │ https://security-tracker.debian.org/tracker/TEMP-0841856-B1- │
7 Container Image Scan	Full vulnerability report	2026-10-07T14:06:01.1676870Z │                    │                     │          │              │                                   │               │ 8BAF                                                         │
7 Container Image Scan	Full vulnerability report	2026-10-07T14:06:01.1677797Z ├────────────────────┼─────────────────────┼──────────┤              ├───────────────────────────────────┼───────────────┼──────────────────────────────────────────────────────────────┤
7 Container Image Scan	Full vulnerability report	2026-10-07T14:06:01.1678961Z │ bsdutils           │ CVE-2026-76642      │ HIGH     │              │ 1:2.41.5-0+deb13u1                │               │ util-linux: util-linux: failed external mount helper still   │
7 Container Image Scan	Full vulnerability report	2026-10-07T14:06:01.1679911Z │                    │                     │          │              │                                   │               │ runs privileged X-mount post-hooks                           │
7 Container Image Scan	Full vulnerability report	2026-10-07T14:06:01.1681077Z │                    │                     │          │              │                                   │               │ https://avd.aquasec.com/nvd/cve-2026-76642                   │
7 Container Image Scan	Full vulnerability report	2026-10-07T14:06:01.1682011Z │                    ├─────────────────────┤          │              │                                   ├───────────────┼──────────────────────────────────────────────────────────────┤
7 Container Image Scan	Full vulnerability report	2026-10-07T14:06:01.1682903Z │                    │ CVE-2026-78408      │          │              │                                   │               │ util-linux: util-linux: nsenter --join-cgroup leaks root     │
7 Container Image Scan	Full vulnerability report	2026-10-07T14:06:01.1683801Z │                    │                     │          │              │                                   │               │ cgroup migration authority                                   │
7 Container Image Scan	Full vulnerability report	2026-10-07T14:06:01.1684650Z │                    │                     │          │              │                                   │               │ https://avd.aquasec.com/nvd/cve-2026-78408                   │
7 Container Image Scan	Full vulnerability report	2026-10-07T14:06:01.1685520Z │                    ├─────────────────────┤          │              │                                   ├───────────────┼──────────────────────────────────────────────────────────────┤
7 Container Image Scan	Full vulnerability report	2026-10-07T14:06:01.1686395Z │                    │ CVE-2026-78409      │          │              │                                   │               │ util-linux: util-linux: X-mount.subdir detached-tree         │
7 Container Image Scan	Full vulnerability report	2026-10-07T14:06:01.1687287Z │                    │                     │          │              │                                   │               │ resolution can escape via intermediate symlinks              │
7 Container Image Scan	Full vulnerability report	2026-10-07T14:06:01.1688126Z │                    │                     │          │              │                                   │               │ https://avd.aquasec.com/nvd/cve-2026-78409                   │
7 Container Image Scan	Full vulnerability report	2026-10-07T14:06:01.1689165Z │                    ├─────────────────────┤          │              │                                   ├───────────────┼──────────────────────────────────────────────────────────────┤
7 Container Image Scan	Full vulnerability report	2026-10-07T14:06:01.1690039Z │                    │ CVE-2026-78410      │          │              │                                   │               │ util-linux: util-linux: restricted bind mounts do not pin    │
7 Container Image Scan	Full vulnerability report	2026-10-07T14:06:01.1691513Z │                    │                     │          │              │                                   │               │ the source, allowing X-mount.owner/group/mode...             │
7 Container Image Scan	Full vulnerability report	2026-10-07T14:06:01.1692608Z │                    │                     │          │              │                                   │               │ https://avd.aquasec.com/nvd/cve-2026-78410                   │
7 Container Image Scan	Full vulnerability report	2026-10-07T14:06:01.1693504Z │                    ├─────────────────────┼──────────┤              │                                   ├───────────────┼──────────────────────────────────────────────────────────────┤
7 Container Image Scan	Full vulnerability report	2026-10-07T14:06:01.1694418Z │                    │ CVE-2026-3184       │ MEDIUM   │              │                                   │               │ util-linux: util-linux: Access control bypass due to         │
7 Container Image Scan	Full vulnerability report	2026-10-07T14:06:01.1695321Z │                    │                     │          │              │                                   │               │ improper hostname canonicalization                           │
7 Container Image Scan	Full vulnerability report	2026-10-07T14:06:01.1696150Z │                    │                     │          │              │                                   │               │ https://avd.aquasec.com/nvd/cve-2026-3184                    │
7 Container Image Scan	Full vulnerability report	2026-10-07T14:06:01.1697048Z │                    ├─────────────────────┼──────────┤              │                                   ├───────────────┼──────────────────────────────────────────────────────────────┤
7 Container Image Scan	Full vulnerability report	2026-10-07T14:06:01.1697938Z │                    │ CVE-2022-0563       │ LOW      │              │                                   │               │ util-linux: partial disclosure of arbitrary files in chfn    │
7 Container Image Scan	Full vulnerability report	2026-10-07T14:06:01.1698822Z │                    │                     │          │              │                                   │               │ and chsh when compiled...                                    │
7 Container Image Scan	Full vulnerability report	2026-10-07T14:06:01.1699647Z │                    │                     │          │              │                                   │               │ https://avd.aquasec.com/nvd/cve-2022-0563                    │
7 Container Image Scan	Full vulnerability report	2026-10-07T14:06:01.1700896Z ├────────────────────┼─────────────────────┤          │              ├───────────────────────────────────┼───────────────┼──────────────────────────────────────────────────────────────┤
7 Container Image Scan	Full vulnerability report	2026-10-07T14:06:01.1701920Z │ coreutils          │ CVE-2017-18018      │          │              │ 9.7-3                             │               │ coreutils: race condition vulnerability in chown and chgrp   │
7 Container Image Scan	Full vulnerability report	2026-10-07T14:06:01.1702831Z │                    │                     │          │              │                                   │               │ https://avd.aquasec.com/nvd/cve-2017-18018                   │
7 Container Image Scan	Full vulnerability report	2026-10-07T14:06:01.1703884Z │                    ├─────────────────────┤          │              │                                   ├───────────────┼──────────────────────────────────────────────────────────────┤
7 Container Image Scan	Full vulnerability report	2026-10-07T14:06:01.1704749Z │                    │ CVE-2025-5278       │          │              │                                   │               │ coreutils: Heap Buffer Under-Read in GNU Coreutils sort via  │
7 Container Image Scan	Full vulnerability report	2026-10-07T14:06:01.1705742Z │                    │                     │          │              │                                   │               │ Key Specification                                            │
7 Container Image Scan	Full vulnerability report	2026-10-07T14:06:01.1706575Z │                    │                     │          │              │                                   │               │ https://avd.aquasec.com/nvd/cve-2025-5278                    │
7 Container Image Scan	Full vulnerability report	2026-10-07T14:06:01.1707459Z │                    ├─────────────────────┤          │              │                                   ├───────────────┼──────────────────────────────────────────────────────────────┤
7 Container Image Scan	Full vulnerability report	2026-10-07T14:06:01.1708344Z │                    │ CVE-2026-56391      │          │              │                                   │               │ coreutils: GNU coreutils uniq: Denial of Service and         │
7 Container Image Scan	Full vulnerability report	2026-10-07T14:06:01.1709268Z │                    │                     │          │              │                                   │               │ information disclosure via out-of-bounds...                  │
7 Container Image Scan	Full vulnerability report	2026-10-07T14:06:01.1710129Z │                    │                     │          │              │                                   │               │ https://avd.aquasec.com/nvd/cve-2026-56391                   │
7 Container Image Scan	Full vulnerability report	2026-10-07T14:06:01.1711273Z │                    ├─────────────────────┤          │              │                                   ├───────────────┼──────────────────────────────────────────────────────────────┤
7 Container Image Scan	Full vulnerability report	2026-10-07T14:06:01.1712195Z │                    │ CVE-2026-56392      │          │              │                                   │               │ coreutils: GNU coreutils unexpand: Denial of Service via     │
7 Container Image Scan	Full vulnerability report	2026-10-07T14:06:01.1713061Z │                    │                     │          │              │                                   │               │ crafted tab stop values...                                   │
7 Container Image Scan	Full vulnerability report	2026-10-07T14:06:01.1713898Z │                    │                     │          │              │                                   │               │ https://avd.aquasec.com/nvd/cve-2026-56392                   │
7 Container Image Scan	Full vulnerability report	2026-10-07T14:06:01.1714851Z ├────────────────────┼─────────────────────┤          │              ├───────────────────────────────────┼───────────────┼──────────────────────────────────────────────────────────────┤
7 Container Image Scan	Full vulnerability report	2026-10-07T14:06:01.1715811Z │ dash               │ CVE-2026-102473     │          │              │ 0.5.12-12                         │               │ dash: dash: Super-polynomial backtracking in pmatch when     │
7 Container Image Scan	Full vulnerability report	2026-10-07T14:06:01.1716885Z │                    │                     │          │              │                                   │               │ libc fnmatch is disabled                                     │
7 Container Image Scan	Full vulnerability report	2026-10-07T14:06:01.1717716Z │                    │                     │          │              │                                   │               │ https://avd.aquasec.com/nvd/cve-2026-102473                  │
7 Container Image Scan	Full vulnerability report	2026-10-07T14:06:01.1718596Z │                    ├─────────────────────┤          │              │                                   ├───────────────┼──────────────────────────────────────────────────────────────┤
7 Container Image Scan	Full vulnerability report	2026-10-07T14:06:01.1719607Z │                    │ CVE-2026-102474     │          │              │                                   │               │ dash: dash: Heap out-of-bounds write in conv_escape via      │
7 Container Image Scan	Full vulnerability report	2026-10-07T14:06:01.1720490Z │                    │                     │          │              │                                   │               │ undersized Unicode escape reservation...                     │
7 Container Image Scan	Full vulnerability report	2026-10-07T14:06:01.1721648Z │                    │                     │          │              │                                   │               │ https://avd.aquasec.com/nvd/cve-2026-102474                  │
7 Container Image Scan	Full vulnerability report	2026-10-07T14:06:01.1722603Z ├────────────────────┼─────────────────────┤          │              ├───────────────────────────────────┼───────────────┼──────────────────────────────────────────────────────────────┤
7 Container Image Scan	Full vulnerability report	2026-10-07T14:06:01.1723858Z │ diffutils          │ CVE-2026-53910      │          │              │ 1:3.10-4                          │               │ diffutils: heap‑based buffer overflow due to multiple signed │
7 Container Image Scan	Full vulnerability report	2026-10-07T14:06:01.1724816Z │                    │                     │          │              │                                   │               │ integer overflows in line‑mapping...                         │
7 Container Image Scan	Full vulnerability report	2026-10-07T14:06:01.1725679Z │                    │                     │          │              │                                   │               │ https://avd.aquasec.com/nvd/cve-2026-53910                   │
7 Container Image Scan	Full vulnerability report	2026-10-07T14:06:01.1726636Z ├────────────────────┼─────────────────────┼──────────┤              ├───────────────────────────────────┼───────────────┼──────────────────────────────────────────────────────────────┤
7 Container Image Scan	Full vulnerability report	2026-10-07T14:06:01.1727634Z │ gcc-14-base        │ CVE-2026-102010     │ MEDIUM   │              │ 14.2.0-19                         │               │ gcc-toolset-15-gcc: gcc: gcc-toolset-16: gcc: Denial of      │
7 Container Image Scan	Full vulnerability report	2026-10-07T14:06:01.1728589Z │                    │                     │          │              │                                   │               │ Service via use-after-free in binary heap...                 │
7 Container Image Scan	Full vulnerability report	2026-10-07T14:06:01.1729424Z │                    │                     │          │              │                                   │               │ https://avd.aquasec.com/nvd/cve-2026-102010                  │
7 Container Image Scan	Full vulnerability report	2026-10-07T14:06:01.1730483Z │                    ├─────────────────────┤          │              │                                   ├───────────────┼──────────────────────────────────────────────────────────────┤
7 Container Image Scan	Full vulnerability report	2026-10-07T14:06:01.1731665Z │                    │ CVE-2026-95619      │          │              │                                   │               │ gcc: libstdc++ integer overflow in `new` operator            │
7 Container Image Scan	Full vulnerability report	2026-10-07T14:06:01.1732552Z │                    │                     │          │              │                                   │               │ https://avd.aquasec.com/nvd/cve-2026-95619                   │
7 Container Image Scan	Full vulnerability report	2026-10-07T14:06:01.1733691Z ├────────────────────┼─────────────────────┼──────────┤              ├───────────────────────────────────┼───────────────┼──────────────────────────────────────────────────────────────┤
7 Container Image Scan	Full vulnerability report	2026-10-07T14:06:01.1734666Z │ libacl1            │ CVE-2026-54369      │ HIGH     │              │ 2.3.2-2+b1                        │               │ acl: Symlink traversal privilege escalation via libacl       │
7 Container Image Scan	Full vulnerability report	2026-10-07T14:06:01.1735586Z │                    │                     │          │              │                                   │               │ functions                                                    │
7 Container Image Scan	Full vulnerability report	2026-10-07T14:06:01.1736409Z │                    │                     │          │              │                                   │               │ https://avd.aquasec.com/nvd/cve-2026-54369                   │
7 Container Image Scan	Full vulnerability report	2026-10-07T14:06:01.1737294Z │                    ├─────────────────────┼──────────┤              │                                   ├───────────────┼──────────────────────────────────────────────────────────────┤
7 Container Image Scan	Full vulnerability report	2026-10-07T14:06:01.1738201Z │                    │ CVE-2026-54370      │ MEDIUM   │              │                                   │               │ acl: TOCTOU Symlink Traversal via getfacl/setfacl            │
7 Container Image Scan	Full vulnerability report	2026-10-07T14:06:01.1739093Z │                    │                     │          │              │                                   │               │ https://avd.aquasec.com/nvd/cve-2026-54370                   │
7 Container Image Scan	Full vulnerability report	2026-10-07T14:06:01.1740179Z ├────────────────────┼─────────────────────┼──────────┤              ├───────────────────────────────────┼───────────────┼──────────────────────────────────────────────────────────────┤
7 Container Image Scan	Full vulnerability report	2026-10-07T14:06:01.1741458Z │ libapt-pkg7.0      │ CVE-2011-3374       │ LOW      │              │ 3.0.3                             │               │ It was found that apt-key in apt, all versions, do not       │
7 Container Image Scan	Full vulnerability report	2026-10-07T14:06:01.1742366Z │                    │                     │          │              │                                   │               │ correctly...                                                 │
7 Container Image Scan	Full vulnerability report	2026-10-07T14:06:01.1743219Z │                    │                     │          │              │                                   │               │ https://avd.aquasec.com/nvd/cve-2011-3374                    │
7 Container Image Scan	Full vulnerability report	2026-10-07T14:06:01.1744205Z ├────────────────────┼─────────────────────┼──────────┤              ├───────────────────────────────────┼───────────────┼──────────────────────────────────────────────────────────────┤
7 Container Image Scan	Full vulnerability report	2026-10-07T14:06:01.1745176Z │ libattr1           │ CVE-2026-54371      │ MEDIUM   │              │ 1:2.5.2-3                         │               │ attr: attr: Symlink Traversal Privilege Escalation via       │
7 Container Image Scan	Full vulnerability report	2026-10-07T14:06:01.1746088Z │                    │                     │          │              │                                   │               │ getfattr and setfattr                                        │
7 Container Image Scan	Full vulnerability report	2026-10-07T14:06:01.1747092Z │                    │                     │          │              │                                   │               │ https://avd.aquasec.com/nvd/cve-2026-54371                   │
7 Container Image Scan	Full vulnerability report	2026-10-07T14:06:01.1748049Z ├────────────────────┼─────────────────────┼──────────┤              ├───────────────────────────────────┼───────────────┼──────────────────────────────────────────────────────────────┤
7 Container Image Scan	Full vulnerability report	2026-10-07T14:06:01.1749063Z │ libblkid1          │ CVE-2026-76642      │ HIGH     │              │ 2.41.5-0+deb13u1                  │               │ util-linux: util-linux: failed external mount helper still   │
7 Container Image Scan	Full vulnerability report	2026-10-07T14:06:01.1750018Z │                    │                     │          │              │                                   │               │ runs privileged X-mount post-hooks                           │
7 Container Image Scan	Full vulnerability report	2026-10-07T14:06:01.1751162Z │                    │                     │          │              │                                   │               │ https://avd.aquasec.com/nvd/cve-2026-76642                   │
7 Container Image Scan	Full vulnerability report	2026-10-07T14:06:01.1752582Z │                    ├─────────────────────┤          │              │                                   ├───────────────┼──────────────────────────────────────────────────────────────┤
7 Container Image Scan	Full vulnerability report	2026-10-07T14:06:01.1753526Z │                    │ CVE-2026-78408      │          │              │                                   │               │ util-linux: util-linux: nsenter --join-cgroup leaks root     │
7 Container Image Scan	Full vulnerability report	2026-10-07T14:06:01.1754598Z │                    │                     │          │              │                                   │               │ cgroup migration authority                                   │
7 Container Image Scan	Full vulnerability report	2026-10-07T14:06:01.1755443Z │                    │                     │          │              │                                   │               │ https://avd.aquasec.com/nvd/cve-2026-78408                   │
7 Container Image Scan	Full vulnerability report	2026-10-07T14:06:01.1756323Z │                    ├─────────────────────┤          │              │                                   ├───────────────┼──────────────────────────────────────────────────────────────┤
7 Container Image Scan	Full vulnerability report	2026-10-07T14:06:01.1757204Z │                    │ CVE-2026-78409      │          │              │                                   │               │ util-linux: util-linux: X-mount.subdir detached-tree         │
7 Container Image Scan	Full vulnerability report	2026-10-07T14:06:01.1758086Z │                    │                     │          │              │                                   │               │ resolution can escape via intermediate symlinks              │
7 Container Image Scan	Full vulnerability report	2026-10-07T14:06:01.1758957Z │                    │                     │          │              │                                   │               │ https://avd.aquasec.com/nvd/cve-2026-78409                   │
7 Container Image Scan	Full vulnerability report	2026-10-07T14:06:01.1759826Z │                    ├─────────────────────┤          │              │                                   ├───────────────┼──────────────────────────────────────────────────────────────┤
7 Container Image Scan	Full vulnerability report	2026-10-07T14:06:01.1760981Z │                    │ CVE-2026-78410      │          │              │                                   │               │ util-linux: util-linux: restricted bind mounts do not pin    │
7 Container Image Scan	Full vulnerability report	2026-10-07T14:06:01.1762079Z │                    │                     │          │              │                                   │               │ the source, allowing X-mount.owner/group/mode...             │
7 Container Image Scan	Full vulnerability report	2026-10-07T14:06:01.1762964Z │                    │                     │          │              │                                   │               │ https://avd.aquasec.com/nvd/cve-2026-78410                   │
7 Container Image Scan	Full vulnerability report	2026-10-07T14:06:01.1763859Z │                    ├─────────────────────┼──────────┤              │                                   ├───────────────┼──────────────────────────────────────────────────────────────┤
7 Container Image Scan	Full vulnerability report	2026-10-07T14:06:01.1764772Z │                    │ CVE-2026-3184       │ MEDIUM   │              │                                   │               │ util-linux: util-linux: Access control bypass due to         │
7 Container Image Scan	Full vulnerability report	2026-10-07T14:06:01.1765692Z │                    │                     │          │              │                                   │               │ improper hostname canonicalization                           │
7 Container Image Scan	Full vulnerability report	2026-10-07T14:06:01.1766536Z │                    │                     │          │              │                                   │               │ https://avd.aquasec.com/nvd/cve-2026-3184                    │
7 Container Image Scan	Full vulnerability report	2026-10-07T14:06:01.1767564Z │                    ├─────────────────────┼──────────┤              │                                   ├───────────────┼──────────────────────────────────────────────────────────────┤
7 Container Image Scan	Full vulnerability report	2026-10-07T14:06:01.1768451Z │                    │ CVE-2022-0563       │ LOW      │              │                                   │               │ util-linux: partial disclosure of arbitrary files in chfn    │
7 Container Image Scan	Full vulnerability report	2026-10-07T14:06:01.1769336Z │                    │                     │          │              │                                   │               │ and chsh when compiled...                                    │
7 Container Image Scan	Full vulnerability report	2026-10-07T14:06:01.1770221Z │                    │                     │          │              │                                   │               │ https://avd.aquasec.com/nvd/cve-2022-0563                    │
7 Container Image Scan	Full vulnerability report	2026-10-07T14:06:01.1771492Z ├────────────────────┼─────────────────────┼──────────┤              ├───────────────────────────────────┼───────────────┼──────────────────────────────────────────────────────────────┤
7 Container Image Scan	Full vulnerability report	2026-10-07T14:06:01.1772519Z │ libbz2-1.0         │ CVE-2026-42250      │ MEDIUM   │              │ 1.0.8-6                           │               │ bzip2: bzip2: Denial of Service in bzip2recover via a        │
7 Container Image Scan	Full vulnerability report	2026-10-07T14:06:01.1773440Z │                    │                     │          │              │                                   │               │ specially crafted file...                                    │
7 Container Image Scan	Full vulnerability report	2026-10-07T14:06:01.1774281Z │                    │                     │          │              │                                   │               │ https://avd.aquasec.com/nvd/cve-2026-42250                   │
7 Container Image Scan	Full vulnerability report	2026-10-07T14:06:01.1775444Z ├────────────────────┼─────────────────────┤          │              ├───────────────────────────────────┼───────────────┼──────────────────────────────────────────────────────────────┤
7 Container Image Scan	Full vulnerability report	2026-10-07T14:06:01.1776428Z │ libc-bin           │ CVE-2026-18374      │          │              │ 2.41-12+deb13u4                   │               │ glibc: glibc: Heap buffer overflow via attacker-controlled   │
7 Container Image Scan	Full vulnerability report	2026-10-07T14:06:01.1777369Z │                    │                     │          │              │                                   │               │ fopen mode string                                            │
7 Container Image Scan	Full vulnerability report	2026-10-07T14:06:01.1778201Z │                    │                     │          │              │                                   │               │ https://avd.aquasec.com/nvd/cve-2026-18374                   │
7 Container Image Scan	Full vulnerability report	2026-10-07T14:06:01.1779087Z │                    ├─────────────────────┤          │              │                                   ├───────────────┼──────────────────────────────────────────────────────────────┤
7 Container Image Scan	Full vulnerability report	2026-10-07T14:06:01.1779984Z │                    │ CVE-2026-19499      │          │              │                                   │               │ glibc: Buffer Overflow in strfmon right-justification        │
7 Container Image Scan	Full vulnerability report	2026-10-07T14:06:01.1781244Z │                    │                     │          │              │                                   │               │ padding                                                      │
7 Container Image Scan	Full vulnerability report	2026-10-07T14:06:01.1782061Z │                    │                     │          │              │                                   │               │ https://avd.aquasec.com/nvd/cve-2026-19499                   │
7 Container Image Scan	Full vulnerability report	2026-10-07T14:06:01.1782946Z │                    ├─────────────────────┤          │              │                                   ├───────────────┼──────────────────────────────────────────────────────────────┤
7 Container Image Scan	Full vulnerability report	2026-10-07T14:06:01.1783831Z │                    │ CVE-2026-19542      │          │              │                                   │               │ glibc: Fix out-of-bounds array write in tdelete              │
7 Container Image Scan	Full vulnerability report	2026-10-07T14:06:01.1784700Z │                    │                     │          │              │                                   │               │ https://avd.aquasec.com/nvd/cve-2026-19542                   │
7 Container Image Scan	Full vulnerability report	2026-10-07T14:06:01.1785618Z │                    ├─────────────────────┤          │              │                                   ├───────────────┼──────────────────────────────────────────────────────────────┤
7 Container Image Scan	Full vulnerability report	2026-10-07T14:06:01.1786484Z │                    │ CVE-2026-5435       │          │              │                                   │               │ glibc: glibc: Out-of-bounds write via TSIG record processing │
7 Container Image Scan	Full vulnerability report	2026-10-07T14:06:01.1787361Z │                    │                     │          │              │                                   │               │ https://avd.aquasec.com/nvd/cve-2026-5435                    │
7 Container Image Scan	Full vulnerability report	2026-10-07T14:06:01.1788403Z │                    ├─────────────────────┤          │              │                                   ├───────────────┼──────────────────────────────────────────────────────────────┤
7 Container Image Scan	Full vulnerability report	2026-10-07T14:06:01.1789279Z │                    │ CVE-2026-6238       │          │              │                                   │               │ glibc: glibc: Application crash or uninitialized memory read │
7 Container Image Scan	Full vulnerability report	2026-10-07T14:06:01.1790169Z │                    │                     │          │              │                                   │               │ via crafted DNS response...                                  │
7 Container Image Scan	Full vulnerability report	2026-10-07T14:06:01.1791246Z │                    │                     │          │              │                                   │               │ https://avd.aquasec.com/nvd/cve-2026-6238                    │
7 Container Image Scan	Full vulnerability report	2026-10-07T14:06:01.1792133Z │                    ├─────────────────────┤          │              │                                   ├───────────────┼──────────────────────────────────────────────────────────────┤
7 Container Image Scan	Full vulnerability report	2026-10-07T14:06:01.1793032Z │                    │ CVE-2026-6368       │          │              │                                   │               │ glibc: glibc: Process abort due to invalid memory in wordexp │
7 Container Image Scan	Full vulnerability report	2026-10-07T14:06:01.1793903Z │                    │                     │          │              │                                   │               │ https://avd.aquasec.com/nvd/cve-2026-6368                    │
7 Container Image Scan	Full vulnerability report	2026-10-07T14:06:01.1794930Z │                    ├─────────────────────┤          │              │                                   ├───────────────┼──────────────────────────────────────────────────────────────┤
7 Container Image Scan	Full vulnerability report	2026-10-07T14:06:01.1795806Z │                    │ CVE-2026-6791       │          │              │                                   │               │ glibc: Glibc: Denial of Service via stack exhaustion during  │
7 Container Image Scan	Full vulnerability report	2026-10-07T14:06:01.1796667Z │                    │                     │          │              │                                   │               │ tilde expansion                                              │
7 Container Image Scan	Full vulnerability report	2026-10-07T14:06:01.1797507Z │                    │                     │          │              │                                   │               │ https://avd.aquasec.com/nvd/cve-2026-6791                    │
7 Container Image Scan	Full vulnerability report	2026-10-07T14:06:01.1798390Z │                    ├─────────────────────┤          │              │                                   ├───────────────┼──────────────────────────────────────────────────────────────┤
7 Container Image Scan	Full vulnerability report	2026-10-07T14:06:01.1799284Z │                    │ CVE-2026-77117      │          │              │                                   │               │ glibc: Non-progress DoS in SHIFT_JISX0213 -&gt               │
7 Container Image Scan	Full vulnerability report	2026-10-07T14:06:01.1800153Z │                    │                     │          │              │                                   │               │ https://avd.aquasec.com/nvd/cve-2026-77117                   │
7 Container Image Scan	Full vulnerability report	2026-10-07T14:06:01.1801425Z │                    ├─────────────────────┤          │              │                                   ├───────────────┼──────────────────────────────────────────────────────────────┤
7 Container Image Scan	Full vulnerability report	2026-10-07T14:06:01.1802340Z │                    │ CVE-2026-80489      │          │              │                                   │               │ glibc: Non-progress DoS in EUC_JISX0213 -> UCS-4 conversion  │
7 Container Image Scan	Full vulnerability report	2026-10-07T14:06:01.1803209Z │                    │                     │          │              │                                   │               │ state                                                        │
7 Container Image Scan	Full vulnerability report	2026-10-07T14:06:01.1804012Z │                    │                     │          │              │                                   │               │ https://avd.aquasec.com/nvd/cve-2026-80489                   │
7 Container Image Scan	Full vulnerability report	2026-10-07T14:06:01.1804888Z │                    ├─────────────────────┤          │              │                                   ├───────────────┼──────────────────────────────────────────────────────────────┤
7 Container Image Scan	Full vulnerability report	2026-10-07T14:06:01.1805769Z │                    │ CVE-2026-8674       │          │              │                                   │               │ glibc: glibc DNS stub resolver: Denial of Service via long   │
7 Container Image Scan	Full vulnerability report	2026-10-07T14:06:01.1806625Z │                    │                     │          │              │                                   │               │ search domain...                                             │
7 Container Image Scan	Full vulnerability report	2026-10-07T14:06:01.1807600Z │                    │                     │          │              │                                   │               │ https://avd.aquasec.com/nvd/cve-2026-8674                    │
7 Container Image Scan	Full vulnerability report	2026-10-07T14:06:01.1808479Z │                    ├─────────────────────┤          │              │                                   ├───────────────┼──────────────────────────────────────────────────────────────┤
7 Container Image Scan	Full vulnerability report	2026-10-07T14:06:01.1809390Z │                    │ CVE-2026-86805      │          │              │                                   │               │ glibc: glibc: Privilege escalation and arbitrary code        │
7 Container Image Scan	Full vulnerability report	2026-10-07T14:06:01.1810283Z │                    │                     │          │              │                                   │               │ execution via TOCTOU race condition...                       │
7 Container Image Scan	Full vulnerability report	2026-10-07T14:06:01.1811435Z │                    │                     │          │              │                                   │               │ https://avd.aquasec.com/nvd/cve-2026-86805                   │
7 Container Image Scan	Full vulnerability report	2026-10-07T14:06:01.1812344Z │                    ├─────────────────────┤          │              │                                   ├───────────────┼──────────────────────────────────────────────────────────────┤
7 Container Image Scan	Full vulnerability report	2026-10-07T14:06:01.1813226Z │                    │ CVE-2026-89092      │          │              │                                   │               │ glibc: nscd stack overflow leads to degraded DNS resolution  │
7 Container Image Scan	Full vulnerability report	2026-10-07T14:06:01.1814102Z │                    │                     │          │              │                                   │               │ https://avd.aquasec.com/nvd/cve-2026-89092                   │
7 Container Image Scan	Full vulnerability report	2026-10-07T14:06:01.1815140Z │                    ├─────────────────────┤          │              │                                   ├───────────────┼──────────────────────────────────────────────────────────────┤
7 Container Image Scan	Full vulnerability report	2026-10-07T14:06:01.1816014Z │                    │ CVE-2026-95818      │          │              │                                   │               │ glibc: glibc: Local attacker can cause denial of service and │
7 Container Image Scan	Full vulnerability report	2026-10-07T14:06:01.1816899Z │                    │                     │          │              │                                   │               │ information disclosure...                                    │
7 Container Image Scan	Full vulnerability report	2026-10-07T14:06:01.1817738Z │                    │                     │          │              │                                   │               │ https://avd.aquasec.com/nvd/cve-2026-95818                   │
7 Container Image Scan	Full vulnerability report	2026-10-07T14:06:01.1818640Z │                    ├─────────────────────┼──────────┤              │                                   ├───────────────┼──────────────────────────────────────────────────────────────┤
7 Container Image Scan	Full vulnerability report	2026-10-07T14:06:01.1819535Z │                    │ CVE-2010-4756       │ LOW      │              │                                   │               │ glibc: glob implementation can cause excessive CPU and       │
7 Container Image Scan	Full vulnerability report	2026-10-07T14:06:01.1820752Z │                    │                     │          │              │                                   │               │ memory consumption due to...                                 │
7 Container Image Scan	Full vulnerability report	2026-10-07T14:06:01.1821629Z │                    │                     │          │              │                                   │               │ https://avd.aquasec.com/nvd/cve-2010-4756                    │
7 Container Image Scan	Full vulnerability report	2026-10-07T14:06:01.1822511Z │                    ├─────────────────────┤          │              │                                   ├───────────────┼──────────────────────────────────────────────────────────────┤
7 Container Image Scan	Full vulnerability report	2026-10-07T14:06:01.1823395Z │                    │ CVE-2018-20796      │          │              │                                   │               │ glibc: uncontrolled recursion in function                    │
7 Container Image Scan	Full vulnerability report	2026-10-07T14:06:01.1824267Z │                    │                     │          │              │                                   │               │ check_dst_limits_calc_pos_1 in posix/regexec.c               │
7 Container Image Scan	Full vulnerability report	2026-10-07T14:06:01.1825123Z │                    │                     │          │              │                                   │               │ https://avd.aquasec.com/nvd/cve-2018-20796                   │
7 Container Image Scan	Full vulnerability report	2026-10-07T14:06:01.1826003Z │                    ├─────────────────────┤          │              │                                   ├───────────────┼──────────────────────────────────────────────────────────────┤
7 Container Image Scan	Full vulnerability report	2026-10-07T14:06:01.1826866Z │                    │ CVE-2019-1010022    │          │              │                                   │               │ glibc: stack guard protection bypass                         │
7 Container Image Scan	Full vulnerability report	2026-10-07T14:06:01.1827898Z │                    │                     │          │              │                                   │               │ https://avd.aquasec.com/nvd/cve-2019-1010022                 │
7 Container Image Scan	Full vulnerability report	2026-10-07T14:06:01.1828773Z │                    ├─────────────────────┤          │              │                                   ├───────────────┼──────────────────────────────────────────────────────────────┤
7 Container Image Scan	Full vulnerability report	2026-10-07T14:06:01.1829685Z │                    │ CVE-2019-1010023    │          │              │                                   │               │ glibc: running ldd on malicious ELF leads to code execution  │
7 Container Image Scan	Full vulnerability report	2026-10-07T14:06:01.1830772Z │                    │                     │          │              │                                   │               │ because of...                                                │
7 Container Image Scan	Full vulnerability report	2026-10-07T14:06:01.1831695Z │                    │                     │          │              │                                   │               │ https://avd.aquasec.com/nvd/cve-2019-1010023                 │
7 Container Image Scan	Full vulnerability report	2026-10-07T14:06:01.1832590Z │                    ├─────────────────────┤          │              │                                   ├───────────────┼──────────────────────────────────────────────────────────────┤
7 Container Image Scan	Full vulnerability report	2026-10-07T14:06:01.1833471Z │                    │ CVE-2019-1010024    │          │              │                                   │               │ glibc: ASLR bypass using cache of thread stack and heap      │
7 Container Image Scan	Full vulnerability report	2026-10-07T14:06:01.1834520Z │                    │                     │          │              │                                   │               │ https://avd.aquasec.com/nvd/cve-2019-1010024                 │
7 Container Image Scan	Full vulnerability report	2026-10-07T14:06:01.1835402Z │                    ├─────────────────────┤          │              │                                   ├───────────────┼──────────────────────────────────────────────────────────────┤
7 Container Image Scan	Full vulnerability report	2026-10-07T14:06:01.1836276Z │                    │ CVE-2019-1010025    │          │              │                                   │               │ glibc: information disclosure of heap addresses of           │
7 Container Image Scan	Full vulnerability report	2026-10-07T14:06:01.1837176Z │                    │                     │          │              │                                   │               │ pthread_created thread                                       │
7 Container Image Scan	Full vulnerability report	2026-10-07T14:06:01.1838026Z │                    │                     │          │              │                                   │               │ https://avd.aquasec.com/nvd/cve-2019-1010025                 │
7 Container Image Scan	Full vulnerability report	2026-10-07T14:06:01.1838901Z │                    ├─────────────────────┤          │              │                                   ├───────────────┼──────────────────────────────────────────────────────────────┤
7 Container Image Scan	Full vulnerability report	2026-10-07T14:06:01.1839771Z │                    │ CVE-2019-9192       │          │              │                                   │               │ glibc: uncontrolled recursion in function                    │
7 Container Image Scan	Full vulnerability report	2026-10-07T14:06:01.1841065Z │                    │                     │          │              │                                   │               │ check_dst_limits_calc_pos_1 in posix/regexec.c               │
7 Container Image Scan	Full vulnerability report	2026-10-07T14:06:01.1841931Z │                    │                     │          │              │                                   │               │ https://avd.aquasec.com/nvd/cve-2019-9192                    │
7 Container Image Scan	Full vulnerability report	2026-10-07T14:06:01.1842831Z │                    ├─────────────────────┤          │              │                                   ├───────────────┼──────────────────────────────────────────────────────────────┤
7 Container Image Scan	Full vulnerability report	2026-10-07T14:06:01.1843696Z │                    │ CVE-2026-97399      │          │              │                                   │               │ glibc: glibc: Denial of Service via out-of-bounds read in    │
7 Container Image Scan	Full vulnerability report	2026-10-07T14:06:01.1844552Z │                    │                     │          │              │                                   │               │ strncasecmp                                                  │
7 Container Image Scan	Full vulnerability report	2026-10-07T14:06:01.1845392Z │                    │                     │          │              │                                   │               │ https://avd.aquasec.com/nvd/cve-2026-97399                   │
7 Container Image Scan	Full vulnerability report	2026-10-07T14:06:01.1846305Z ├────────────────────┼─────────────────────┼──────────┤              │                                   ├───────────────┼──────────────────────────────────────────────────────────────┤
7 Container Image Scan	Full vulnerability report	2026-10-07T14:06:01.1847404Z │ libc6              │ CVE-2026-18374      │ MEDIUM   │              │                                   │               │ glibc: glibc: Heap buffer overflow via attacker-controlled   │
7 Container Image Scan	Full vulnerability report	2026-10-07T14:06:01.1848304Z │                    │                     │          │              │                                   │               │ fopen mode string                                            │
7 Container Image Scan	Full vulnerability report	2026-10-07T14:06:01.1849127Z │                    │                     │          │              │                                   │               │ https://avd.aquasec.com/nvd/cve-2026-18374                   │
7 Container Image Scan	Full vulnerability report	2026-10-07T14:06:01.1850020Z │                    ├─────────────────────┤          │              │                                   ├───────────────┼──────────────────────────────────────────────────────────────┤
7 Container Image Scan	Full vulnerability report	2026-10-07T14:06:01.1851043Z │                    │ CVE-2026-19499      │          │              │                                   │               │ glibc: Buffer Overflow in strfmon right-justification        │
7 Container Image Scan	Full vulnerability report	2026-10-07T14:06:01.1851918Z │                    │                     │          │              │                                   │               │ padding                                                      │
7 Container Image Scan	Full vulnerability report	2026-10-07T14:06:01.1852735Z │                    │                     │          │              │                                   │               │ https://avd.aquasec.com/nvd/cve-2026-19499                   │
7 Container Image Scan	Full vulnerability report	2026-10-07T14:06:01.1853613Z │                    ├─────────────────────┤          │              │                                   ├───────────────┼──────────────────────────────────────────────────────────────┤
7 Container Image Scan	Full vulnerability report	2026-10-07T14:06:01.1854620Z │                    │ CVE-2026-19542      │          │              │                                   │               │ glibc: Fix out-of-bounds array write in tdelete              │
7 Container Image Scan	Full vulnerability report	2026-10-07T14:06:01.1855516Z │                    │                     │          │              │                                   │               │ https://avd.aquasec.com/nvd/cve-2026-19542                   │
7 Container Image Scan	Full vulnerability report	2026-10-07T14:06:01.1856390Z │                    ├─────────────────────┤          │              │                                   ├───────────────┼──────────────────────────────────────────────────────────────┤
7 Container Image Scan	Full vulnerability report	2026-10-07T14:06:01.1857262Z │                    │ CVE-2026-5435       │          │              │                                   │               │ glibc: glibc: Out-of-bounds write via TSIG record processing │
7 Container Image Scan	Full vulnerability report	2026-10-07T14:06:01.1858171Z │                    │                     │          │              │                                   │               │ https://avd.aquasec.com/nvd/cve-2026-5435                    │
7 Container Image Scan	Full vulnerability report	2026-10-07T14:06:01.1859044Z │                    ├─────────────────────┤          │              │                                   ├───────────────┼──────────────────────────────────────────────────────────────┤
7 Container Image Scan	Full vulnerability report	2026-10-07T14:06:01.1860043Z │                    │ CVE-2026-6238       │          │              │                                   │               │ glibc: glibc: Application crash or uninitialized memory read │
7 Container Image Scan	Full vulnerability report	2026-10-07T14:06:01.1861056Z │                    │                     │          │              │                                   │               │ via crafted DNS response...                                  │
7 Container Image Scan	Full vulnerability report	2026-10-07T14:06:01.1861899Z │                    │                     │          │              │                                   │               │ https://avd.aquasec.com/nvd/cve-2026-6238                    │
7 Container Image Scan	Full vulnerability report	2026-10-07T14:06:01.1862796Z │                    ├─────────────────────┤          │              │                                   ├───────────────┼──────────────────────────────────────────────────────────────┤
7 Container Image Scan	Full vulnerability report	2026-10-07T14:06:01.1863671Z │                    │ CVE-2026-6368       │          │              │                                   │               │ glibc: glibc: Process abort due to invalid memory in wordexp │
7 Container Image Scan	Full vulnerability report	2026-10-07T14:06:01.1864559Z │                    │                     │          │              │                                   │               │ https://avd.aquasec.com/nvd/cve-2026-6368                    │
7 Container Image Scan	Full vulnerability report	2026-10-07T14:06:01.1865437Z │                    ├─────────────────────┤          │              │                                   ├───────────────┼──────────────────────────────────────────────────────────────┤
7 Container Image Scan	Full vulnerability report	2026-10-07T14:06:01.1866301Z │                    │ CVE-2026-6791       │          │              │                                   │               │ glibc: Glibc: Denial of Service via stack exhaustion during  │
7 Container Image Scan	Full vulnerability report	2026-10-07T14:06:01.1867304Z │                    │                     │          │              │                                   │               │ tilde expansion                                              │
7 Container Image Scan	Full vulnerability report	2026-10-07T14:06:01.1868123Z │                    │                     │          │              │                                   │               │ https://avd.aquasec.com/nvd/cve-2026-6791                    │
7 Container Image Scan	Full vulnerability report	2026-10-07T14:06:01.1869023Z │                    ├─────────────────────┤          │              │                                   ├───────────────┼──────────────────────────────────────────────────────────────┤
7 Container Image Scan	Full vulnerability report	2026-10-07T14:06:01.1869886Z │                    │ CVE-2026-77117      │          │              │                                   │               │ glibc: Non-progress DoS in SHIFT_JISX0213 -&gt               │
7 Container Image Scan	Full vulnerability report	2026-10-07T14:06:01.1870895Z │                    │                     │          │              │                                   │               │ https://avd.aquasec.com/nvd/cve-2026-77117                   │
7 Container Image Scan	Full vulnerability report	2026-10-07T14:06:01.1871801Z │                    ├─────────────────────┤          │              │                                   ├───────────────┼──────────────────────────────────────────────────────────────┤
7 Container Image Scan	Full vulnerability report	2026-10-07T14:06:01.1872815Z │                    │ CVE-2026-80489      │          │              │                                   │               │ glibc: Non-progress DoS in EUC_JISX0213 -> UCS-4 conversion  │
7 Container Image Scan	Full vulnerability report	2026-10-07T14:06:01.1873650Z │                    │                     │          │              │                                   │               │ state                                                        │
7 Container Image Scan	Full vulnerability report	2026-10-07T14:06:01.1874464Z │                    │                     │          │              │                                   │               │ https://avd.aquasec.com/nvd/cve-2026-80489                   │
7 Container Image Scan	Full vulnerability report	2026-10-07T14:06:01.1875358Z │                    ├─────────────────────┤          │              │                                   ├───────────────┼──────────────────────────────────────────────────────────────┤
7 Container Image Scan	Full vulnerability report	2026-10-07T14:06:01.1876227Z │                    │ CVE-2026-8674       │          │              │                                   │               │ glibc: glibc DNS stub resolver: Denial of Service via long   │
7 Container Image Scan	Full vulnerability report	2026-10-07T14:06:01.1877111Z │                    │                     │          │              │                                   │               │ search domain...                                             │
7 Container Image Scan	Full vulnerability report	2026-10-07T14:06:01.1877933Z │                    │                     │          │              │                                   │               │ https://avd.aquasec.com/nvd/cve-2026-8674                    │
7 Container Image Scan	Full vulnerability report	2026-10-07T14:06:01.1878817Z │                    ├─────────────────────┤          │              │                                   ├───────────────┼──────────────────────────────────────────────────────────────┤
7 Container Image Scan	Full vulnerability report	2026-10-07T14:06:01.1879872Z │                    │ CVE-2026-86805      │          │              │                                   │               │ glibc: glibc: Privilege escalation and arbitrary code        │
7 Container Image Scan	Full vulnerability report	2026-10-07T14:06:01.1880886Z │                    │                     │          │              │                                   │               │ execution via TOCTOU race condition...                       │
7 Container Image Scan	Full vulnerability report	2026-10-07T14:06:01.1881757Z │                    │                     │          │              │                                   │               │ https://avd.aquasec.com/nvd/cve-2026-86805                   │
7 Container Image Scan	Full vulnerability report	2026-10-07T14:06:01.1882629Z │                    ├─────────────────────┤          │              │                                   ├───────────────┼──────────────────────────────────────────────────────────────┤
7 Container Image Scan	Full vulnerability report	2026-10-07T14:06:01.1883488Z │                    │ CVE-2026-89092      │          │              │                                   │               │ glibc: nscd stack overflow leads to degraded DNS resolution  │
7 Container Image Scan	Full vulnerability report	2026-10-07T14:06:01.1884383Z │                    │                     │          │              │                                   │               │ https://avd.aquasec.com/nvd/cve-2026-89092                   │
7 Container Image Scan	Full vulnerability report	2026-10-07T14:06:01.1885257Z │                    ├─────────────────────┤          │              │                                   ├───────────────┼──────────────────────────────────────────────────────────────┤
7 Container Image Scan	Full vulnerability report	2026-10-07T14:06:01.1886269Z │                    │ CVE-2026-95818      │          │              │                                   │               │ glibc: glibc: Local attacker can cause denial of service and │
7 Container Image Scan	Full vulnerability report	2026-10-07T14:06:01.1887147Z │                    │                     │          │              │                                   │               │ information disclosure...                                    │
7 Container Image Scan	Full vulnerability report	2026-10-07T14:06:01.1887986Z │                    │                     │          │              │                                   │               │ https://avd.aquasec.com/nvd/cve-2026-95818                   │
7 Container Image Scan	Full vulnerability report	2026-10-07T14:06:01.1888885Z │                    ├─────────────────────┼──────────┤              │                                   ├───────────────┼──────────────────────────────────────────────────────────────┤
7 Container Image Scan	Full vulnerability report	2026-10-07T14:06:01.1889776Z │                    │ CVE-2010-4756       │ LOW      │              │                                   │               │ glibc: glob implementation can cause excessive CPU and       │
7 Container Image Scan	Full vulnerability report	2026-10-07T14:06:01.1890799Z │                    │                     │          │              │                                   │               │ memory consumption due to...                                 │
7 Container Image Scan	Full vulnerability report	2026-10-07T14:06:01.1891643Z │                    │                     │          │              │                                   │               │ https://avd.aquasec.com/nvd/cve-2010-4756                    │
7 Container Image Scan	Full vulnerability report	2026-10-07T14:06:01.1892668Z │                    ├─────────────────────┤          │              │                                   ├───────────────┼──────────────────────────────────────────────────────────────┤
7 Container Image Scan	Full vulnerability report	2026-10-07T14:06:01.1893534Z │                    │ CVE-2018-20796      │          │              │                                   │               │ glibc: uncontrolled recursion in function                    │
7 Container Image Scan	Full vulnerability report	2026-10-07T14:06:01.1894424Z │                    │                     │          │              │                                   │               │ check_dst_limits_calc_pos_1 in posix/regexec.c               │
7 Container Image Scan	Full vulnerability report	2026-10-07T14:06:01.1895272Z │                    │                     │          │              │                                   │               │ https://avd.aquasec.com/nvd/cve-2018-20796                   │
7 Container Image Scan	Full vulnerability report	2026-10-07T14:06:01.1896147Z │                    ├─────────────────────┤          │              │                                   ├───────────────┼──────────────────────────────────────────────────────────────┤
7 Container Image Scan	Full vulnerability report	2026-10-07T14:06:01.1897040Z │                    │ CVE-2019-1010022    │          │              │                                   │               │ glibc: stack guard protection bypass                         │
7 Container Image Scan	Full vulnerability report	2026-10-07T14:06:01.1897920Z │                    │                     │          │              │                                   │               │ https://avd.aquasec.com/nvd/cve-2019-1010022                 │
7 Container Image Scan	Full vulnerability report	2026-10-07T14:06:01.1898933Z │                    ├─────────────────────┤          │              │                                   ├───────────────┼──────────────────────────────────────────────────────────────┤
7 Container Image Scan	Full vulnerability report	2026-10-07T14:06:01.1899803Z │                    │ CVE-2019-1010023    │          │              │                                   │               │ glibc: running ldd on malicious ELF leads to code execution  │
7 Container Image Scan	Full vulnerability report	2026-10-07T14:06:01.1900796Z │                    │                     │          │              │                                   │               │ because of...                                                │
7 Container Image Scan	Full vulnerability report	2026-10-07T14:06:01.1901634Z │                    │                     │          │              │                                   │               │ https://avd.aquasec.com/nvd/cve-2019-1010023                 │
7 Container Image Scan	Full vulnerability report	2026-10-07T14:06:01.1902510Z │                    ├─────────────────────┤          │              │                                   ├───────────────┼──────────────────────────────────────────────────────────────┤
7 Container Image Scan	Full vulnerability report	2026-10-07T14:06:01.1903408Z │                    │ CVE-2019-1010024    │          │              │                                   │               │ glibc: ASLR bypass using cache of thread stack and heap      │
7 Container Image Scan	Full vulnerability report	2026-10-07T14:06:01.1904283Z │                    │                     │          │              │                                   │               │ https://avd.aquasec.com/nvd/cve-2019-1010024                 │
7 Container Image Scan	Full vulnerability report	2026-10-07T14:06:01.1905162Z │                    ├─────────────────────┤          │              │                                   ├───────────────┼──────────────────────────────────────────────────────────────┤
7 Container Image Scan	Full vulnerability report	2026-10-07T14:06:01.1906176Z │                    │ CVE-2019-1010025    │          │              │                                   │               │ glibc: information disclosure of heap addresses of           │
7 Container Image Scan	Full vulnerability report	2026-10-07T14:06:01.1907046Z │                    │                     │          │              │                                   │               │ pthread_created thread                                       │
7 Container Image Scan	Full vulnerability report	2026-10-07T14:06:01.1907899Z │                    │                     │          │              │                                   │               │ https://avd.aquasec.com/nvd/cve-2019-1010025                 │
7 Container Image Scan	Full vulnerability report	2026-10-07T14:06:01.1908770Z │                    ├─────────────────────┤          │              │                                   ├───────────────┼──────────────────────────────────────────────────────────────┤
7 Container Image Scan	Full vulnerability report	2026-10-07T14:06:01.1909693Z │                    │ CVE-2019-9192       │          │              │                                   │               │ glibc: uncontrolled recursion in function                    │
7 Container Image Scan	Full vulnerability report	2026-10-07T14:06:01.1910699Z │                    │                     │          │              │                                   │               │ check_dst_limits_calc_pos_1 in posix/regexec.c               │
7 Container Image Scan	Full vulnerability report	2026-10-07T14:06:01.1911690Z │                    │                     │          │              │                                   │               │ https://avd.aquasec.com/nvd/cve-2019-9192                    │
7 Container Image Scan	Full vulnerability report	2026-10-07T14:06:01.1912568Z │                    ├─────────────────────┤          │              │                                   ├───────────────┼──────────────────────────────────────────────────────────────┤
7 Container Image Scan	Full vulnerability report	2026-10-07T14:06:01.1913435Z │                    │ CVE-2026-97399      │          │              │                                   │               │ glibc: glibc: Denial of Service via out-of-bounds read in    │
7 Container Image Scan	Full vulnerability report	2026-10-07T14:06:01.1914305Z │                    │                     │          │              │                                   │               │ strncasecmp                                                  │
7 Container Image Scan	Full vulnerability report	2026-10-07T14:06:01.1915123Z │                    │                     │          │              │                                   │               │ https://avd.aquasec.com/nvd/cve-2026-97399                   │
7 Container Image Scan	Full vulnerability report	2026-10-07T14:06:01.1916097Z ├────────────────────┼─────────────────────┼──────────┤              ├───────────────────────────────────┼───────────────┼──────────────────────────────────────────────────────────────┤
7 Container Image Scan	Full vulnerability report	2026-10-07T14:06:01.1917083Z │ libgcc-s1          │ CVE-2026-102010     │ MEDIUM   │              │ 14.2.0-19                         │               │ gcc-toolset-15-gcc: gcc: gcc-toolset-16: gcc: Denial of      │
7 Container Image Scan	Full vulnerability report	2026-10-07T14:06:01.1918017Z │                    │                     │          │              │                                   │               │ Service via use-after-free in binary heap...                 │
7 Container Image Scan	Full vulnerability report	2026-10-07T14:06:01.1919006Z │                    │                     │          │              │                                   │               │ https://avd.aquasec.com/nvd/cve-2026-102010                  │
7 Container Image Scan	Full vulnerability report	2026-10-07T14:06:01.1919885Z │                    ├─────────────────────┤          │              │                                   ├───────────────┼──────────────────────────────────────────────────────────────┤
7 Container Image Scan	Full vulnerability report	2026-10-07T14:06:01.1920896Z │                    │ CVE-2026-95619      │          │              │                                   │               │ gcc: libstdc++ integer overflow in `new` operator            │
7 Container Image Scan	Full vulnerability report	2026-10-07T14:06:01.1921779Z │                    │                     │          │              │                                   │               │ https://avd.aquasec.com/nvd/cve-2026-95619                   │
7 Container Image Scan	Full vulnerability report	2026-10-07T14:06:01.1922732Z ├────────────────────┼─────────────────────┼──────────┤              ├───────────────────────────────────┼───────────────┼──────────────────────────────────────────────────────────────┤
7 Container Image Scan	Full vulnerability report	2026-10-07T14:06:01.1923758Z │ liblastlog2-2      │ CVE-2026-76642      │ HIGH     │              │ 2.41.5-0+deb13u1                  │               │ util-linux: util-linux: failed external mount helper still   │
7 Container Image Scan	Full vulnerability report	2026-10-07T14:06:01.1924722Z │                    │                     │          │              │                                   │               │ runs privileged X-mount post-hooks                           │
7 Container Image Scan	Full vulnerability report	2026-10-07T14:06:01.1925720Z │                    │                     │          │              │                                   │               │ https://avd.aquasec.com/nvd/cve-2026-76642                   │
7 Container Image Scan	Full vulnerability report	2026-10-07T14:06:01.1926598Z │                    ├─────────────────────┤          │              │                                   ├───────────────┼──────────────────────────────────────────────────────────────┤
7 Container Image Scan	Full vulnerability report	2026-10-07T14:06:01.1927480Z │                    │ CVE-2026-78408      │          │              │                                   │               │ util-linux: util-linux: nsenter --join-cgroup leaks root     │
7 Container Image Scan	Full vulnerability report	2026-10-07T14:06:01.1928373Z │                    │                     │          │              │                                   │               │ cgroup migration authority                                   │
7 Container Image Scan	Full vulnerability report	2026-10-07T14:06:01.1929229Z │                    │                     │          │              │                                   │               │ https://avd.aquasec.com/nvd/cve-2026-78408                   │
7 Container Image Scan	Full vulnerability report	2026-10-07T14:06:01.1930104Z │                    ├─────────────────────┤          │              │                                   ├───────────────┼──────────────────────────────────────────────────────────────┤
7 Container Image Scan	Full vulnerability report	2026-10-07T14:06:01.1931110Z │                    │ CVE-2026-78409      │          │              │                                   │               │ util-linux: util-linux: X-mount.subdir detached-tree         │
7 Container Image Scan	Full vulnerability report	2026-10-07T14:06:01.1932142Z │                    │                     │          │              │                                   │               │ resolution can escape via intermediate symlinks              │
7 Container Image Scan	Full vulnerability report	2026-10-07T14:06:01.1932991Z │                    │                     │          │              │                                   │               │ https://avd.aquasec.com/nvd/cve-2026-78409                   │
7 Container Image Scan	Full vulnerability report	2026-10-07T14:06:01.1933885Z │                    ├─────────────────────┤          │              │                                   ├───────────────┼──────────────────────────────────────────────────────────────┤
7 Container Image Scan	Full vulnerability report	2026-10-07T14:06:01.1934760Z │                    │ CVE-2026-78410      │          │              │                                   │               │ util-linux: util-linux: restricted bind mounts do not pin    │
7 Container Image Scan	Full vulnerability report	2026-10-07T14:06:01.1935638Z │                    │                     │          │              │                                   │               │ the source, allowing X-mount.owner/group/mode...             │
7 Container Image Scan	Full vulnerability report	2026-10-07T14:06:01.1936492Z │                    │                     │          │              │                                   │               │ https://avd.aquasec.com/nvd/cve-2026-78410                   │
7 Container Image Scan	Full vulnerability report	2026-10-07T14:06:01.1937387Z │                    ├─────────────────────┼──────────┤              │                                   ├───────────────┼──────────────────────────────────────────────────────────────┤
7 Container Image Scan	Full vulnerability report	2026-10-07T14:06:01.1938412Z │                    │ CVE-2026-3184       │ MEDIUM   │              │                                   │               │ util-linux: util-linux: Access control bypass due to         │
7 Container Image Scan	Full vulnerability report	2026-10-07T14:06:01.1939306Z │                    │                     │          │              │                                   │               │ improper hostname canonicalization                           │
7 Container Image Scan	Full vulnerability report	2026-10-07T14:06:01.1940149Z │                    │                     │          │              │                                   │               │ https://avd.aquasec.com/nvd/cve-2026-3184                    │
7 Container Image Scan	Full vulnerability report	2026-10-07T14:06:01.1941195Z │                    ├─────────────────────┼──────────┤              │                                   ├───────────────┼──────────────────────────────────────────────────────────────┤
7 Container Image Scan	Full vulnerability report	2026-10-07T14:06:01.1942082Z │                    │ CVE-2022-0563       │ LOW      │              │                                   │               │ util-linux: partial disclosure of arbitrary files in chfn    │
7 Container Image Scan	Full vulnerability report	2026-10-07T14:06:01.1942992Z │                    │                     │          │              │                                   │               │ and chsh when compiled...                                    │
7 Container Image Scan	Full vulnerability report	2026-10-07T14:06:01.1943815Z │                    │                     │          │              │                                   │               │ https://avd.aquasec.com/nvd/cve-2022-0563                    │
7 Container Image Scan	Full vulnerability report	2026-10-07T14:06:01.1944770Z ├────────────────────┼─────────────────────┼──────────┤              ├───────────────────────────────────┼───────────────┼──────────────────────────────────────────────────────────────┤
7 Container Image Scan	Full vulnerability report	2026-10-07T14:06:01.1945950Z │ liblzma5           │ TEMP-1147318-639065 │ UNKNOWN  │              │ 5.8.1-1+deb13u1                   │               │ [GHSA-5qpq-xqfv-j9pg: Invalid write if a decoder is          │
7 Container Image Scan	Full vulnerability report	2026-10-07T14:06:01.1946939Z │                    │                     │          │              │                                   │               │ reinitialized after allocation failure]                      │
7 Container Image Scan	Full vulnerability report	2026-10-07T14:06:01.1947801Z │                    │                     │          │              │                                   │               │ https://security-tracker.debian.org/tracker/TEMP-1147318-63- │
7 Container Image Scan	Full vulnerability report	2026-10-07T14:06:01.1948622Z │                    │                     │          │              │                                   │               │ 9065                                                         │
7 Container Image Scan	Full vulnerability report	2026-10-07T14:06:01.1949549Z ├────────────────────┼─────────────────────┼──────────┤              ├───────────────────────────────────┼───────────────┼──────────────────────────────────────────────────────────────┤
7 Container Image Scan	Full vulnerability report	2026-10-07T14:06:01.1950698Z │ libmount1          │ CVE-2026-76642      │ HIGH     │              │ 2.41.5-0+deb13u1                  │               │ util-linux: util-linux: failed external mount helper still   │
7 Container Image Scan	Full vulnerability report	2026-10-07T14:06:01.1951808Z │                    │                     │          │              │                                   │               │ runs privileged X-mount post-hooks                           │
7 Container Image Scan	Full vulnerability report	2026-10-07T14:06:01.1952656Z │                    │                     │          │              │                                   │               │ https://avd.aquasec.com/nvd/cve-2026-76642                   │
7 Container Image Scan	Full vulnerability report	2026-10-07T14:06:01.1953530Z │                    ├─────────────────────┤          │              │                                   ├───────────────┼──────────────────────────────────────────────────────────────┤
7 Container Image Scan	Full vulnerability report	2026-10-07T14:06:01.1954427Z │                    │ CVE-2026-78408      │          │              │                                   │               │ util-linux: util-linux: nsenter --join-cgroup leaks root     │
7 Container Image Scan	Full vulnerability report	2026-10-07T14:06:01.1955301Z │                    │                     │          │              │                                   │               │ cgroup migration authority                                   │
7 Container Image Scan	Full vulnerability report	2026-10-07T14:06:01.1956154Z │                    │                     │          │              │                                   │               │ https://avd.aquasec.com/nvd/cve-2026-78408                   │
7 Container Image Scan	Full vulnerability report	2026-10-07T14:06:01.1957026Z │                    ├─────────────────────┤          │              │                                   ├───────────────┼──────────────────────────────────────────────────────────────┤
7 Container Image Scan	Full vulnerability report	2026-10-07T14:06:01.1957902Z │                    │ CVE-2026-78409      │          │              │                                   │               │ util-linux: util-linux: X-mount.subdir detached-tree         │
7 Container Image Scan	Full vulnerability report	2026-10-07T14:06:01.1958935Z │                    │                     │          │              │                                   │               │ resolution can escape via intermediate symlinks              │
7 Container Image Scan	Full vulnerability report	2026-10-07T14:06:01.1959787Z │                    │                     │          │              │                                   │               │ https://avd.aquasec.com/nvd/cve-2026-78409                   │
7 Container Image Scan	Full vulnerability report	2026-10-07T14:06:01.1960817Z │                    ├─────────────────────┤          │              │                                   ├───────────────┼──────────────────────────────────────────────────────────────┤
7 Container Image Scan	Full vulnerability report	2026-10-07T14:06:01.1961710Z │                    │ CVE-2026-78410      │          │              │                                   │               │ util-linux: util-linux: restricted bind mounts do not pin    │
7 Container Image Scan	Full vulnerability report	2026-10-07T14:06:01.1962600Z │                    │                     │          │              │                                   │               │ the source, allowing X-mount.owner/group/mode...             │
7 Container Image Scan	Full vulnerability report	2026-10-07T14:06:01.1963457Z │                    │                     │          │              │                                   │               │ https://avd.aquasec.com/nvd/cve-2026-78410                   │
7 Container Image Scan	Full vulnerability report	2026-10-07T14:06:01.1964358Z │                    ├─────────────────────┼──────────┤              │                                   ├───────────────┼──────────────────────────────────────────────────────────────┤
7 Container Image Scan	Full vulnerability report	2026-10-07T14:06:01.1965420Z │                    │ CVE-2026-3184       │ MEDIUM   │              │                                   │               │ util-linux: util-linux: Access control bypass due to         │
7 Container Image Scan	Full vulnerability report	2026-10-07T14:06:01.1966339Z │                    │                     │          │              │                                   │               │ improper hostname canonicalization                           │
7 Container Image Scan	Full vulnerability report	2026-10-07T14:06:01.1967251Z │                    │                     │          │              │                                   │               │ https://avd.aquasec.com/nvd/cve-2026-3184                    │
7 Container Image Scan	Full vulnerability report	2026-10-07T14:06:01.1968140Z │                    ├─────────────────────┼──────────┤              │                                   ├───────────────┼──────────────────────────────────────────────────────────────┤
7 Container Image Scan	Full vulnerability report	2026-10-07T14:06:01.1969046Z │                    │ CVE-2022-0563       │ LOW      │              │                                   │               │ util-linux: partial disclosure of arbitrary files in chfn    │
7 Container Image Scan	Full vulnerability report	2026-10-07T14:06:01.1969929Z │                    │                     │          │              │                                   │               │ and chsh when compiled...                                    │
7 Container Image Scan	Full vulnerability report	2026-10-07T14:06:01.1970895Z │                    │                     │          │              │                                   │               │ https://avd.aquasec.com/nvd/cve-2022-0563                    │
7 Container Image Scan	Full vulnerability report	2026-10-07T14:06:01.1971999Z ├────────────────────┼─────────────────────┼──────────┤              ├───────────────────────────────────┼───────────────┼──────────────────────────────────────────────────────────────┤
7 Container Image Scan	Full vulnerability report	2026-10-07T14:06:01.1973008Z │ libncursesw6       │ CVE-2025-69720      │ HIGH     │              │ 6.5+20250216-2                    │               │ ncurses: ncurses: Buffer overflow vulnerability may lead to  │
7 Container Image Scan	Full vulnerability report	2026-10-07T14:06:01.1973978Z │                    │                     │          │              │                                   │               │ arbitrary code execution.                                    │
7 Container Image Scan	Full vulnerability report	2026-10-07T14:06:01.1974811Z │                    │                     │          │              │                                   │               │ https://avd.aquasec.com/nvd/cve-2025-69720                   │
7 Container Image Scan	Full vulnerability report	2026-10-07T14:06:01.1975698Z │                    ├─────────────────────┼──────────┤              │                                   ├───────────────┼──────────────────────────────────────────────────────────────┤
7 Container Image Scan	Full vulnerability report	2026-10-07T14:06:01.1976588Z │                    │ CVE-2025-6141       │ LOW      │              │                                   │               │ gnu-ncurses: ncurses Stack Buffer Overflow                   │
7 Container Image Scan	Full vulnerability report	2026-10-07T14:06:01.1977462Z │                    │                     │          │              │                                   │               │ https://avd.aquasec.com/nvd/cve-2025-6141                    │
7 Container Image Scan	Full vulnerability report	2026-10-07T14:06:01.1978585Z ├────────────────────┼─────────────────────┼──────────┤              ├───────────────────────────────────┼───────────────┼──────────────────────────────────────────────────────────────┤
7 Container Image Scan	Full vulnerability report	2026-10-07T14:06:01.1979585Z │ libpam-modules     │ CVE-2026-54411      │ MEDIUM   │              │ 1.7.0-5                           │               │ linux-pam: Plaintext password recovery via timing            │
7 Container Image Scan	Full vulnerability report	2026-10-07T14:06:01.1980670Z │                    │                     │          │              │                                   │               │ discrepancy in pam_userdb module                             │
7 Container Image Scan	Full vulnerability report	2026-10-07T14:06:01.1981727Z │                    │                     │          │              │                                   │               │ https://avd.aquasec.com/nvd/cve-2026-54411                   │
7 Container Image Scan	Full vulnerability report	2026-10-07T14:06:01.1982565Z ├────────────────────┤                     │          │              │                                   ├───────────────┤                                                              │
7 Container Image Scan	Full vulnerability report	2026-10-07T14:06:01.1983414Z │ libpam-modules-bin │                     │          │              │                                   │               │                                                              │
7 Container Image Scan	Full vulnerability report	2026-10-07T14:06:01.1984206Z │                    │                     │          │              │                                   │               │                                                              │
7 Container Image Scan	Full vulnerability report	2026-10-07T14:06:01.1984951Z │                    │                     │          │              │                                   │               │                                                              │
7 Container Image Scan	Full vulnerability report	2026-10-07T14:06:01.1985738Z ├────────────────────┤                     │          │              │                                   ├───────────────┤                                                              │
7 Container Image Scan	Full vulnerability report	2026-10-07T14:06:01.1986549Z │ libpam-runtime     │                     │          │              │                                   │               │                                                              │
7 Container Image Scan	Full vulnerability report	2026-10-07T14:06:01.1987322Z │                    │                     │          │              │                                   │               │                                                              │
7 Container Image Scan	Full vulnerability report	2026-10-07T14:06:01.1988061Z │                    │                     │          │              │                                   │               │                                                              │
7 Container Image Scan	Full vulnerability report	2026-10-07T14:06:01.1988850Z ├────────────────────┤                     │          │              │                                   ├───────────────┤                                                              │
7 Container Image Scan	Full vulnerability report	2026-10-07T14:06:01.1989636Z │ libpam0g           │                     │          │              │                                   │               │                                                              │
7 Container Image Scan	Full vulnerability report	2026-10-07T14:06:01.1990671Z │                    │                     │          │              │                                   │               │                                                              │
7 Container Image Scan	Full vulnerability report	2026-10-07T14:06:01.1991414Z │                    │                     │          │              │                                   │               │                                                              │
7 Container Image Scan	Full vulnerability report	2026-10-07T14:06:01.1992320Z ├────────────────────┼─────────────────────┼──────────┤              ├───────────────────────────────────┼───────────────┼──────────────────────────────────────────────────────────────┤
7 Container Image Scan	Full vulnerability report	2026-10-07T14:06:01.1993358Z │ libsmartcols1      │ CVE-2026-76642      │ HIGH     │              │ 2.41.5-0+deb13u1                  │               │ util-linux: util-linux: failed external mount helper still   │
7 Container Image Scan	Full vulnerability report	2026-10-07T14:06:01.1994320Z │                    │                     │          │              │                                   │               │ runs privileged X-mount post-hooks                           │
7 Container Image Scan	Full vulnerability report	2026-10-07T14:06:01.1995188Z │                    │                     │          │              │                                   │               │ https://avd.aquasec.com/nvd/cve-2026-76642                   │
7 Container Image Scan	Full vulnerability report	2026-10-07T14:06:01.1996076Z │                    ├─────────────────────┤          │              │                                   ├───────────────┼──────────────────────────────────────────────────────────────┤
7 Container Image Scan	Full vulnerability report	2026-10-07T14:06:01.1996957Z │                    │ CVE-2026-78408      │          │              │                                   │               │ util-linux: util-linux: nsenter --join-cgroup leaks root     │
7 Container Image Scan	Full vulnerability report	2026-10-07T14:06:01.1998005Z │                    │                     │          │              │                                   │               │ cgroup migration authority                                   │
7 Container Image Scan	Full vulnerability report	2026-10-07T14:06:01.1998855Z │                    │                     │          │              │                                   │               │ https://avd.aquasec.com/nvd/cve-2026-78408                   │
7 Container Image Scan	Full vulnerability report	2026-10-07T14:06:01.1999751Z │                    ├─────────────────────┤          │              │                                   ├───────────────┼──────────────────────────────────────────────────────────────┤
7 Container Image Scan	Full vulnerability report	2026-10-07T14:06:01.2000757Z │                    │ CVE-2026-78409      │          │              │                                   │               │ util-linux: util-linux: X-mount.subdir detached-tree         │
7 Container Image Scan	Full vulnerability report	2026-10-07T14:06:01.2001661Z │                    │                     │          │              │                                   │               │ resolution can escape via intermediate symlinks              │
7 Container Image Scan	Full vulnerability report	2026-10-07T14:06:01.2002530Z │                    │                     │          │              │                                   │               │ https://avd.aquasec.com/nvd/cve-2026-78409                   │
7 Container Image Scan	Full vulnerability report	2026-10-07T14:06:01.2003543Z │                    ├─────────────────────┤          │              │                                   ├───────────────┼──────────────────────────────────────────────────────────────┤
7 Container Image Scan	Full vulnerability report	2026-10-07T14:06:01.2004423Z │                    │ CVE-2026-78410      │          │              │                                   │               │ util-linux: util-linux: restricted bind mounts do not pin    │
7 Container Image Scan	Full vulnerability report	2026-10-07T14:06:01.2005301Z │                    │                     │          │              │                                   │               │ the source, allowing X-mount.owner/group/mode...             │
7 Container Image Scan	Full vulnerability report	2026-10-07T14:06:01.2006162Z │                    │                     │          │              │                                   │               │ https://avd.aquasec.com/nvd/cve-2026-78410                   │
7 Container Image Scan	Full vulnerability report	2026-10-07T14:06:01.2007050Z │                    ├─────────────────────┼──────────┤              │                                   ├───────────────┼──────────────────────────────────────────────────────────────┤
7 Container Image Scan	Full vulnerability report	2026-10-07T14:06:01.2007958Z │                    │ CVE-2026-3184       │ MEDIUM   │              │                                   │               │ util-linux: util-linux: Access control bypass due to         │
7 Container Image Scan	Full vulnerability report	2026-10-07T14:06:01.2008857Z │                    │                     │          │              │                                   │               │ improper hostname canonicalization                           │
7 Container Image Scan	Full vulnerability report	2026-10-07T14:06:01.2009747Z │                    │                     │          │              │                                   │               │ https://avd.aquasec.com/nvd/cve-2026-3184                    │
7 Container Image Scan	Full vulnerability report	2026-10-07T14:06:01.2010899Z │                    ├─────────────────────┼──────────┤              │                                   ├───────────────┼──────────────────────────────────────────────────────────────┤
7 Container Image Scan	Full vulnerability report	2026-10-07T14:06:01.2011807Z │                    │ CVE-2022-0563       │ LOW      │              │                                   │               │ util-linux: partial disclosure of arbitrary files in chfn    │
7 Container Image Scan	Full vulnerability report	2026-10-07T14:06:01.2012703Z │                    │                     │          │              │                                   │               │ and chsh when compiled...                                    │
7 Container Image Scan	Full vulnerability report	2026-10-07T14:06:01.2013538Z │                    │                     │          │              │                                   │               │ https://avd.aquasec.com/nvd/cve-2022-0563                    │
7 Container Image Scan	Full vulnerability report	2026-10-07T14:06:01.2014496Z ├────────────────────┼─────────────────────┼──────────┤              ├───────────────────────────────────┼───────────────┼──────────────────────────────────────────────────────────────┤
7 Container Image Scan	Full vulnerability report	2026-10-07T14:06:01.2015516Z │ libsqlite3-0       │ CVE-2026-50812      │ MEDIUM   │              │ 3.46.1-7+deb13u2                  │               │ sqlite: SQLite: Denial of Service via malformed changeset in │
7 Container Image Scan	Full vulnerability report	2026-10-07T14:06:01.2016461Z │                    │                     │          │              │                                   │               │ Session Extension                                            │
7 Container Image Scan	Full vulnerability report	2026-10-07T14:06:01.2017434Z │                    │                     │          │              │                                   │               │ https://avd.aquasec.com/nvd/cve-2026-50812                   │
7 Container Image Scan	Full vulnerability report	2026-10-07T14:06:01.2018313Z │                    ├─────────────────────┤          │              │                                   ├───────────────┼──────────────────────────────────────────────────────────────┤
7 Container Image Scan	Full vulnerability report	2026-10-07T14:06:01.2019183Z │                    │ CVE-2026-50813      │          │              │                                   │               │ sqlite: SQLite: Information disclosure via Session Extension │
7 Container Image Scan	Full vulnerability report	2026-10-07T14:06:01.2020077Z │                    │                     │          │              │                                   │               │ changeset merge path                                         │
7 Container Image Scan	Full vulnerability report	2026-10-07T14:06:01.2021047Z │                    │                     │          │              │                                   │               │ https://avd.aquasec.com/nvd/cve-2026-50813                   │
7 Container Image Scan	Full vulnerability report	2026-10-07T14:06:01.2021944Z │                    ├─────────────────────┼──────────┤              │                                   ├───────────────┼──────────────────────────────────────────────────────────────┤
7 Container Image Scan	Full vulnerability report	2026-10-07T14:06:01.2022838Z │                    │ CVE-2021-45346      │ LOW      │              │                                   │               │ sqlite: crafted SQL query allows a malicious user to obtain  │
7 Container Image Scan	Full vulnerability report	2026-10-07T14:06:01.2023884Z │                    │                     │          │              │                                   │               │ sensitive information...                                     │
7 Container Image Scan	Full vulnerability report	2026-10-07T14:06:01.2024726Z │                    │                     │          │              │                                   │               │ https://avd.aquasec.com/nvd/cve-2021-45346                   │
7 Container Image Scan	Full vulnerability report	2026-10-07T14:06:01.2025633Z │                    ├─────────────────────┤          │              │                                   ├───────────────┼──────────────────────────────────────────────────────────────┤
7 Container Image Scan	Full vulnerability report	2026-10-07T14:06:01.2026514Z │                    │ CVE-2025-70873      │          │              │                                   │               │ sqlite: SQLite: Information Disclosure via Crafted ZIP File  │
7 Container Image Scan	Full vulnerability report	2026-10-07T14:06:01.2027398Z │                    │                     │          │              │                                   │               │ https://avd.aquasec.com/nvd/cve-2025-70873                   │
7 Container Image Scan	Full vulnerability report	2026-10-07T14:06:01.2028367Z ├────────────────────┼─────────────────────┼──────────┤              ├───────────────────────────────────┼───────────────┼──────────────────────────────────────────────────────────────┤
7 Container Image Scan	Full vulnerability report	2026-10-07T14:06:01.2029354Z │ libstdc++6         │ CVE-2026-102010     │ MEDIUM   │              │ 14.2.0-19                         │               │ gcc-toolset-15-gcc: gcc: gcc-toolset-16: gcc: Denial of      │
7 Container Image Scan	Full vulnerability report	2026-10-07T14:06:01.2030435Z │                    │                     │          │              │                                   │               │ Service via use-after-free in binary heap...                 │
7 Container Image Scan	Full vulnerability report	2026-10-07T14:06:01.2031424Z │                    │                     │          │              │                                   │               │ https://avd.aquasec.com/nvd/cve-2026-102010                  │
7 Container Image Scan	Full vulnerability report	2026-10-07T14:06:01.2032308Z │                    ├─────────────────────┤          │              │                                   ├───────────────┼──────────────────────────────────────────────────────────────┤
7 Container Image Scan	Full vulnerability report	2026-10-07T14:06:01.2033195Z │                    │ CVE-2026-95619      │          │              │                                   │               │ gcc: libstdc++ integer overflow in `new` operator            │
7 Container Image Scan	Full vulnerability report	2026-10-07T14:06:01.2034064Z │                    │                     │          │              │                                   │               │ https://avd.aquasec.com/nvd/cve-2026-95619                   │
7 Container Image Scan	Full vulnerability report	2026-10-07T14:06:01.2035032Z ├────────────────────┼─────────────────────┼──────────┤              ├───────────────────────────────────┼───────────────┼──────────────────────────────────────────────────────────────┤
7 Container Image Scan	Full vulnerability report	2026-10-07T14:06:01.2036048Z │ libsystemd0        │ CVE-2026-16742      │ HIGH     │              │ 257.13-1~deb13u1                  │               │ systemd: systemd-homed: Local privilege escalation via       │
7 Container Image Scan	Full vulnerability report	2026-10-07T14:06:01.2037011Z │                    │                     │          │              │                                   │               │ missing home-record signature verification                   │
7 Container Image Scan	Full vulnerability report	2026-10-07T14:06:01.2038032Z │                    │                     │          │              │                                   │               │ https://avd.aquasec.com/nvd/cve-2026-16742                   │
7 Container Image Scan	Full vulnerability report	2026-10-07T14:06:01.2038946Z │                    ├─────────────────────┼──────────┤              │                                   ├───────────────┼──────────────────────────────────────────────────────────────┤
7 Container Image Scan	Full vulnerability report	2026-10-07T14:06:01.2039852Z │                    │ CVE-2026-15059      │ MEDIUM   │              │                                   │               │ systemd: systemd-oomd: Unprivileged users can terminate      │
7 Container Image Scan	Full vulnerability report	2026-10-07T14:06:01.2040896Z │                    │                     │          │              │                                   │               │ arbitrary processes via IPC API                              │
7 Container Image Scan	Full vulnerability report	2026-10-07T14:06:01.2041765Z │                    │                     │          │              │                                   │               │ https://avd.aquasec.com/nvd/cve-2026-15059                   │
7 Container Image Scan	Full vulnerability report	2026-10-07T14:06:01.2042656Z │                    ├─────────────────────┼──────────┤              │                                   ├───────────────┼──────────────────────────────────────────────────────────────┤
7 Container Image Scan	Full vulnerability report	2026-10-07T14:06:01.2043682Z │                    │ CVE-2013-4392       │ LOW      │              │                                   │               │ systemd: TOCTOU race condition when updating file            │
7 Container Image Scan	Full vulnerability report	2026-10-07T14:06:01.2044573Z │                    │                     │          │              │                                   │               │ permissions and SELinux security contexts...                 │
7 Container Image Scan	Full vulnerability report	2026-10-07T14:06:01.2045414Z │                    │                     │          │              │                                   │               │ https://avd.aquasec.com/nvd/cve-2013-4392                    │
7 Container Image Scan	Full vulnerability report	2026-10-07T14:06:01.2046303Z │                    ├─────────────────────┤          │              │                                   ├───────────────┼──────────────────────────────────────────────────────────────┤
7 Container Image Scan	Full vulnerability report	2026-10-07T14:06:01.2047174Z │                    │ CVE-2023-31437      │          │              │                                   │               │ An issue was discovered in systemd 253. An attacker can      │
7 Container Image Scan	Full vulnerability report	2026-10-07T14:06:01.2048031Z │                    │                     │          │              │                                   │               │ modify a...                                                  │
7 Container Image Scan	Full vulnerability report	2026-10-07T14:06:01.2048837Z │                    │                     │          │              │                                   │               │ https://avd.aquasec.com/nvd/cve-2023-31437                   │
7 Container Image Scan	Full vulnerability report	2026-10-07T14:06:01.2049716Z │                    ├─────────────────────┤          │              │                                   ├───────────────┼──────────────────────────────────────────────────────────────┤
7 Container Image Scan	Full vulnerability report	2026-10-07T14:06:01.2050835Z │                    │ CVE-2023-31438      │          │              │                                   │               │ An issue was discovered in systemd 253. An attacker can      │
7 Container Image Scan	Full vulnerability report	2026-10-07T14:06:01.2051690Z │                    │                     │          │              │                                   │               │ truncate a...                                                │
7 Container Image Scan	Full vulnerability report	2026-10-07T14:06:01.2052527Z │                    │                     │          │              │                                   │               │ https://avd.aquasec.com/nvd/cve-2023-31438                   │
7 Container Image Scan	Full vulnerability report	2026-10-07T14:06:01.2053404Z │                    ├─────────────────────┤          │              │                                   ├───────────────┼──────────────────────────────────────────────────────────────┤
7 Container Image Scan	Full vulnerability report	2026-10-07T14:06:01.2054270Z │                    │ CVE-2023-31439      │          │              │                                   │               │ An issue was discovered in systemd 253. An attacker can      │
7 Container Image Scan	Full vulnerability report	2026-10-07T14:06:01.2055136Z │                    │                     │          │              │                                   │               │ modify the...                                                │
7 Container Image Scan	Full vulnerability report	2026-10-07T14:06:01.2055949Z │                    │                     │          │              │                                   │               │ https://avd.aquasec.com/nvd/cve-2023-31439                   │
7 Container Image Scan	Full vulnerability report	2026-10-07T14:06:01.2056972Z │                    ├─────────────────────┤          │              │                                   ├───────────────┼──────────────────────────────────────────────────────────────┤
7 Container Image Scan	Full vulnerability report	2026-10-07T14:06:01.2057849Z │                    │ CVE-2026-40228      │          │              │                                   │               │ systemd: systemd-journald: Unintended output to user         │
7 Container Image Scan	Full vulnerability report	2026-10-07T14:06:01.2058735Z │                    │                     │          │              │                                   │               │ terminals via logger command                                 │
7 Container Image Scan	Full vulnerability report	2026-10-07T14:06:01.2059574Z │                    │                     │          │              │                                   │               │ https://avd.aquasec.com/nvd/cve-2026-40228                   │
7 Container Image Scan	Full vulnerability report	2026-10-07T14:06:01.2060661Z ├────────────────────┼─────────────────────┼──────────┤              ├───────────────────────────────────┼───────────────┼──────────────────────────────────────────────────────────────┤
7 Container Image Scan	Full vulnerability report	2026-10-07T14:06:01.2061663Z │ libtinfo6          │ CVE-2025-69720      │ HIGH     │              │ 6.5+20250216-2                    │               │ ncurses: ncurses: Buffer overflow vulnerability may lead to  │
7 Container Image Scan	Full vulnerability report	2026-10-07T14:06:01.2062609Z │                    │                     │          │              │                                   │               │ arbitrary code execution.                                    │
7 Container Image Scan	Full vulnerability report	2026-10-07T14:06:01.2063587Z │                    │                     │          │              │                                   │               │ https://avd.aquasec.com/nvd/cve-2025-69720                   │
7 Container Image Scan	Full vulnerability report	2026-10-07T14:06:01.2064514Z │                    ├─────────────────────┼──────────┤              │                                   ├───────────────┼──────────────────────────────────────────────────────────────┤
7 Container Image Scan	Full vulnerability report	2026-10-07T14:06:01.2086435Z │                    │ CVE-2025-6141       │ LOW      │              │                                   │               │ gnu-ncurses: ncurses Stack Buffer Overflow                   │
7 Container Image Scan	Full vulnerability report	2026-10-07T14:06:01.2087739Z │                    │                     │          │              │                                   │               │ https://avd.aquasec.com/nvd/cve-2025-6141                    │
7 Container Image Scan	Full vulnerability report	2026-10-07T14:06:01.2088747Z ├────────────────────┼─────────────────────┼──────────┤              ├───────────────────────────────────┼───────────────┼──────────────────────────────────────────────────────────────┤
7 Container Image Scan	Full vulnerability report	2026-10-07T14:06:01.2089808Z │ libudev1           │ CVE-2026-16742      │ HIGH     │              │ 257.13-1~deb13u1                  │               │ systemd: systemd-homed: Local privilege escalation via       │
7 Container Image Scan	Full vulnerability report	2026-10-07T14:06:01.2090952Z │                    │                     │          │              │                                   │               │ missing home-record signature verification                   │
7 Container Image Scan	Full vulnerability report	2026-10-07T14:06:01.2092130Z │                    │                     │          │              │                                   │               │ https://avd.aquasec.com/nvd/cve-2026-16742                   │
7 Container Image Scan	Full vulnerability report	2026-10-07T14:06:01.2093032Z │                    ├─────────────────────┼──────────┤              │                                   ├───────────────┼──────────────────────────────────────────────────────────────┤
7 Container Image Scan	Full vulnerability report	2026-10-07T14:06:01.2093935Z │                    │ CVE-2026-15059      │ MEDIUM   │              │                                   │               │ systemd: systemd-oomd: Unprivileged users can terminate      │
7 Container Image Scan	Full vulnerability report	2026-10-07T14:06:01.2094961Z │                    │                     │          │              │                                   │               │ arbitrary processes via IPC API                              │
7 Container Image Scan	Full vulnerability report	2026-10-07T14:06:01.2095798Z │                    │                     │          │              │                                   │               │ https://avd.aquasec.com/nvd/cve-2026-15059                   │
7 Container Image Scan	Full vulnerability report	2026-10-07T14:06:01.2096698Z │                    ├─────────────────────┼──────────┤              │                                   ├───────────────┼──────────────────────────────────────────────────────────────┤
7 Container Image Scan	Full vulnerability report	2026-10-07T14:06:01.2097576Z │                    │ CVE-2013-4392       │ LOW      │              │                                   │               │ systemd: TOCTOU race condition when updating file            │
7 Container Image Scan	Full vulnerability report	2026-10-07T14:06:01.2098469Z │                    │                     │          │              │                                   │               │ permissions and SELinux security contexts...                 │
7 Container Image Scan	Full vulnerability report	2026-10-07T14:06:01.2099304Z │                    │                     │          │              │                                   │               │ https://avd.aquasec.com/nvd/cve-2013-4392                    │
7 Container Image Scan	Full vulnerability report	2026-10-07T14:06:01.2100187Z │                    ├─────────────────────┤          │              │                                   ├───────────────┼──────────────────────────────────────────────────────────────┤
7 Container Image Scan	Full vulnerability report	2026-10-07T14:06:01.2101226Z │                    │ CVE-2023-31437      │          │              │                                   │               │ An issue was discovered in systemd 253. An attacker can      │
7 Container Image Scan	Full vulnerability report	2026-10-07T14:06:01.2102069Z │                    │                     │          │              │                                   │               │ modify a...                                                  │
7 Container Image Scan	Full vulnerability report	2026-10-07T14:06:01.2102893Z │                    │                     │          │              │                                   │               │ https://avd.aquasec.com/nvd/cve-2023-31437                   │
7 Container Image Scan	Full vulnerability report	2026-10-07T14:06:01.2103774Z │                    ├─────────────────────┤          │              │                                   ├───────────────┼──────────────────────────────────────────────────────────────┤
7 Container Image Scan	Full vulnerability report	2026-10-07T14:06:01.2104790Z │                    │ CVE-2023-31438      │          │              │                                   │               │ An issue was discovered in systemd 253. An attacker can      │
7 Container Image Scan	Full vulnerability report	2026-10-07T14:06:01.2105627Z │                    │                     │          │              │                                   │               │ truncate a...                                                │
7 Container Image Scan	Full vulnerability report	2026-10-07T14:06:01.2106443Z │                    │                     │          │              │                                   │               │ https://avd.aquasec.com/nvd/cve-2023-31438                   │
7 Container Image Scan	Full vulnerability report	2026-10-07T14:06:01.2107327Z │                    ├─────────────────────┤          │              │                                   ├───────────────┼──────────────────────────────────────────────────────────────┤
7 Container Image Scan	Full vulnerability report	2026-10-07T14:06:01.2108180Z │                    │ CVE-2023-31439      │          │              │                                   │               │ An issue was discovered in systemd 253. An attacker can      │
7 Container Image Scan	Full vulnerability report	2026-10-07T14:06:01.2109040Z │                    │                     │          │              │                                   │               │ modify the...                                                │
7 Container Image Scan	Full vulnerability report	2026-10-07T14:06:01.2109901Z │                    │                     │          │              │                                   │               │ https://avd.aquasec.com/nvd/cve-2023-31439                   │
7 Container Image Scan	Full vulnerability report	2026-10-07T14:06:01.2110996Z │                    ├─────────────────────┤          │              │                                   ├───────────────┼──────────────────────────────────────────────────────────────┤
7 Container Image Scan	Full vulnerability report	2026-10-07T14:06:01.2112057Z │                    │ CVE-2026-40228      │          │              │                                   │               │ systemd: systemd-journald: Unintended output to user         │
7 Container Image Scan	Full vulnerability report	2026-10-07T14:06:01.2112942Z │                    │                     │          │              │                                   │               │ terminals via logger command                                 │
7 Container Image Scan	Full vulnerability report	2026-10-07T14:06:01.2113792Z │                    │                     │          │              │                                   │               │ https://avd.aquasec.com/nvd/cve-2026-40228                   │
7 Container Image Scan	Full vulnerability report	2026-10-07T14:06:01.2114742Z ├────────────────────┼─────────────────────┼──────────┤              ├───────────────────────────────────┼───────────────┼──────────────────────────────────────────────────────────────┤
7 Container Image Scan	Full vulnerability report	2026-10-07T14:06:01.2115731Z │ libuuid1           │ CVE-2026-76642      │ HIGH     │              │ 2.41.5-0+deb13u1                  │               │ util-linux: util-linux: failed external mount helper still   │
7 Container Image Scan	Full vulnerability report	2026-10-07T14:06:01.2116692Z │                    │                     │          │              │                                   │               │ runs privileged X-mount post-hooks                           │
7 Container Image Scan	Full vulnerability report	2026-10-07T14:06:01.2117662Z │                    │                     │          │              │                                   │               │ https://avd.aquasec.com/nvd/cve-2026-76642                   │
7 Container Image Scan	Full vulnerability report	2026-10-07T14:06:01.2118534Z │                    ├─────────────────────┤          │              │                                   ├───────────────┼──────────────────────────────────────────────────────────────┤
7 Container Image Scan	Full vulnerability report	2026-10-07T14:06:01.2119404Z │                    │ CVE-2026-78408      │          │              │                                   │               │ util-linux: util-linux: nsenter --join-cgroup leaks root     │
7 Container Image Scan	Full vulnerability report	2026-10-07T14:06:01.2120368Z │                    │                     │          │              │                                   │               │ cgroup migration authority                                   │
7 Container Image Scan	Full vulnerability report	2026-10-07T14:06:01.2121347Z │                    │                     │          │              │                                   │               │ https://avd.aquasec.com/nvd/cve-2026-78408                   │
7 Container Image Scan	Full vulnerability report	2026-10-07T14:06:01.2122240Z │                    ├─────────────────────┤          │              │                                   ├───────────────┼──────────────────────────────────────────────────────────────┤
7 Container Image Scan	Full vulnerability report	2026-10-07T14:06:01.2123101Z │                    │ CVE-2026-78409      │          │              │                                   │               │ util-linux: util-linux: X-mount.subdir detached-tree         │
7 Container Image Scan	Full vulnerability report	2026-10-07T14:06:01.2123975Z │                    │                     │          │              │                                   │               │ resolution can escape via intermediate symlinks              │
7 Container Image Scan	Full vulnerability report	2026-10-07T14:06:01.2124842Z │                    │                     │          │              │                                   │               │ https://avd.aquasec.com/nvd/cve-2026-78409                   │
7 Container Image Scan	Full vulnerability report	2026-10-07T14:06:01.2125713Z │                    ├─────────────────────┤          │              │                                   ├───────────────┼──────────────────────────────────────────────────────────────┤
7 Container Image Scan	Full vulnerability report	2026-10-07T14:06:01.2126597Z │                    │ CVE-2026-78410      │          │              │                                   │               │ util-linux: util-linux: restricted bind mounts do not pin    │
7 Container Image Scan	Full vulnerability report	2026-10-07T14:06:01.2127471Z │                    │                     │          │              │                                   │               │ the source, allowing X-mount.owner/group/mode...             │
7 Container Image Scan	Full vulnerability report	2026-10-07T14:06:01.2128310Z │                    │                     │          │              │                                   │               │ https://avd.aquasec.com/nvd/cve-2026-78410                   │
7 Container Image Scan	Full vulnerability report	2026-10-07T14:06:01.2129206Z │                    ├─────────────────────┼──────────┤              │                                   ├───────────────┼──────────────────────────────────────────────────────────────┤
7 Container Image Scan	Full vulnerability report	2026-10-07T14:06:01.2130100Z │                    │ CVE-2026-3184       │ MEDIUM   │              │                                   │               │ util-linux: util-linux: Access control bypass due to         │
7 Container Image Scan	Full vulnerability report	2026-10-07T14:06:01.2131273Z │                    │                     │          │              │                                   │               │ improper hostname canonicalization                           │
7 Container Image Scan	Full vulnerability report	2026-10-07T14:06:01.2132117Z │                    │                     │          │              │                                   │               │ https://avd.aquasec.com/nvd/cve-2026-3184                    │
7 Container Image Scan	Full vulnerability report	2026-10-07T14:06:01.2133005Z │                    ├─────────────────────┼──────────┤              │                                   ├───────────────┼──────────────────────────────────────────────────────────────┤
7 Container Image Scan	Full vulnerability report	2026-10-07T14:06:01.2133911Z │                    │ CVE-2022-0563       │ LOW      │              │                                   │               │ util-linux: partial disclosure of arbitrary files in chfn    │
7 Container Image Scan	Full vulnerability report	2026-10-07T14:06:01.2134790Z │                    │                     │          │              │                                   │               │ and chsh when compiled...                                    │
7 Container Image Scan	Full vulnerability report	2026-10-07T14:06:01.2135616Z │                    │                     │          │              │                                   │               │ https://avd.aquasec.com/nvd/cve-2022-0563                    │
7 Container Image Scan	Full vulnerability report	2026-10-07T14:06:01.2136561Z ├────────────────────┼─────────────────────┼──────────┤              ├───────────────────────────────────┼───────────────┼──────────────────────────────────────────────────────────────┤
7 Container Image Scan	Full vulnerability report	2026-10-07T14:06:01.2137731Z │ login              │ CVE-2026-76642      │ HIGH     │              │ 1:4.16.0-2+really2.41.5-0+deb13u1 │               │ util-linux: util-linux: failed external mount helper still   │
7 Container Image Scan	Full vulnerability report	2026-10-07T14:06:01.2138702Z │                    │                     │          │              │                                   │               │ runs privileged X-mount post-hooks                           │
7 Container Image Scan	Full vulnerability report	2026-10-07T14:06:01.2139567Z │                    │                     │          │              │                                   │               │ https://avd.aquasec.com/nvd/cve-2026-76642                   │
7 Container Image Scan	Full vulnerability report	2026-10-07T14:06:01.2140446Z │                    ├─────────────────────┤          │              │                                   ├───────────────┼──────────────────────────────────────────────────────────────┤
7 Container Image Scan	Full vulnerability report	2026-10-07T14:06:01.2141479Z │                    │ CVE-2026-78408      │          │              │                                   │               │ util-linux: util-linux: nsenter --join-cgroup leaks root     │
7 Container Image Scan	Full vulnerability report	2026-10-07T14:06:01.2142364Z │                    │                     │          │              │                                   │               │ cgroup migration authority                                   │
7 Container Image Scan	Full vulnerability report	2026-10-07T14:06:01.2143209Z │                    │                     │          │              │                                   │               │ https://avd.aquasec.com/nvd/cve-2026-78408                   │
7 Container Image Scan	Full vulnerability report	2026-10-07T14:06:01.2144247Z │                    ├─────────────────────┤          │              │                                   ├───────────────┼──────────────────────────────────────────────────────────────┤
7 Container Image Scan	Full vulnerability report	2026-10-07T14:06:01.2145123Z │                    │ CVE-2026-78409      │          │              │                                   │               │ util-linux: util-linux: X-mount.subdir detached-tree         │
7 Container Image Scan	Full vulnerability report	2026-10-07T14:06:01.2146007Z │                    │                     │          │              │                                   │               │ resolution can escape via intermediate symlinks              │
7 Container Image Scan	Full vulnerability report	2026-10-07T14:06:01.2146864Z │                    │                     │          │              │                                   │               │ https://avd.aquasec.com/nvd/cve-2026-78409                   │
7 Container Image Scan	Full vulnerability report	2026-10-07T14:06:01.2147738Z │                    ├─────────────────────┤          │              │                                   ├───────────────┼──────────────────────────────────────────────────────────────┤
7 Container Image Scan	Full vulnerability report	2026-10-07T14:06:01.2148630Z │                    │ CVE-2026-78410      │          │              │                                   │               │ util-linux: util-linux: restricted bind mounts do not pin    │
7 Container Image Scan	Full vulnerability report	2026-10-07T14:06:01.2149503Z │                    │                     │          │              │                                   │               │ the source, allowing X-mount.owner/group/mode...             │
7 Container Image Scan	Full vulnerability report	2026-10-07T14:06:01.2150337Z │                    │                     │          │              │                                   │               │ https://avd.aquasec.com/nvd/cve-2026-78410                   │
7 Container Image Scan	Full vulnerability report	2026-10-07T14:06:01.2151596Z │                    ├─────────────────────┼──────────┤              │                                   ├───────────────┼──────────────────────────────────────────────────────────────┤
7 Container Image Scan	Full vulnerability report	2026-10-07T14:06:01.2152529Z │                    │ CVE-2026-3184       │ MEDIUM   │              │                                   │               │ util-linux: util-linux: Access control bypass due to         │
7 Container Image Scan	Full vulnerability report	2026-10-07T14:06:01.2153432Z │                    │                     │          │              │                                   │               │ improper hostname canonicalization                           │
7 Container Image Scan	Full vulnerability report	2026-10-07T14:06:01.2154275Z │                    │                     │          │              │                                   │               │ https://avd.aquasec.com/nvd/cve-2026-3184                    │
7 Container Image Scan	Full vulnerability report	2026-10-07T14:06:01.2155170Z │                    ├─────────────────────┼──────────┤              │                                   ├───────────────┼──────────────────────────────────────────────────────────────┤
7 Container Image Scan	Full vulnerability report	2026-10-07T14:06:01.2156049Z │                    │ CVE-2022-0563       │ LOW      │              │                                   │               │ util-linux: partial disclosure of arbitrary files in chfn    │
7 Container Image Scan	Full vulnerability report	2026-10-07T14:06:01.2157078Z │                    │                     │          │              │                                   │               │ and chsh when compiled...                                    │
7 Container Image Scan	Full vulnerability report	2026-10-07T14:06:01.2157903Z │                    │                     │          │              │                                   │               │ https://avd.aquasec.com/nvd/cve-2022-0563                    │
7 Container Image Scan	Full vulnerability report	2026-10-07T14:06:01.2158845Z ├────────────────────┼─────────────────────┤          │              ├───────────────────────────────────┼───────────────┼──────────────────────────────────────────────────────────────┤
7 Container Image Scan	Full vulnerability report	2026-10-07T14:06:01.2159825Z │ login.defs         │ CVE-2007-5686       │          │              │ 1:4.17.4-2                        │               │ initscripts in rPath Linux 1 sets insecure permissions for   │
7 Container Image Scan	Full vulnerability report	2026-10-07T14:06:01.2160882Z │                    │                     │          │              │                                   │               │ the /var/lo ......                                           │
7 Container Image Scan	Full vulnerability report	2026-10-07T14:06:01.2161724Z │                    │                     │          │              │                                   │               │ https://avd.aquasec.com/nvd/cve-2007-5686                    │
7 Container Image Scan	Full vulnerability report	2026-10-07T14:06:01.2162607Z │                    ├─────────────────────┤          │              │                                   ├───────────────┼──────────────────────────────────────────────────────────────┤
7 Container Image Scan	Full vulnerability report	2026-10-07T14:06:01.2163484Z │                    │ CVE-2024-56433      │          │              │                                   │               │ shadow-utils: Default subordinate ID configuration in        │
7 Container Image Scan	Full vulnerability report	2026-10-07T14:06:01.2164508Z │                    │                     │          │              │                                   │               │ /etc/login.defs could lead to compromise                     │
7 Container Image Scan	Full vulnerability report	2026-10-07T14:06:01.2165348Z │                    │                     │          │              │                                   │               │ https://avd.aquasec.com/nvd/cve-2024-56433                   │
7 Container Image Scan	Full vulnerability report	2026-10-07T14:06:01.2166241Z │                    ├─────────────────────┤          │              │                                   ├───────────────┼──────────────────────────────────────────────────────────────┤
7 Container Image Scan	Full vulnerability report	2026-10-07T14:06:01.2167115Z │                    │ TEMP-0628843-DBAD28 │          │              │                                   │               │ [more related to CVE-2005-4890]                              │
7 Container Image Scan	Full vulnerability report	2026-10-07T14:06:01.2168014Z │                    │                     │          │              │                                   │               │ https://security-tracker.debian.org/tracker/TEMP-0628843-DB- │
7 Container Image Scan	Full vulnerability report	2026-10-07T14:06:01.2168847Z │                    │                     │          │              │                                   │               │ AD28                                                         │
7 Container Image Scan	Full vulnerability report	2026-10-07T14:06:01.2169765Z ├────────────────────┼─────────────────────┼──────────┤              ├───────────────────────────────────┼───────────────┼──────────────────────────────────────────────────────────────┤
7 Container Image Scan	Full vulnerability report	2026-10-07T14:06:01.2171027Z │ mount              │ CVE-2026-76642      │ HIGH     │              │ 2.41.5-0+deb13u1                  │               │ util-linux: util-linux: failed external mount helper still   │
7 Container Image Scan	Full vulnerability report	2026-10-07T14:06:01.2171969Z │                    │                     │          │              │                                   │               │ runs privileged X-mount post-hooks                           │
7 Container Image Scan	Full vulnerability report	2026-10-07T14:06:01.2172955Z │                    │                     │          │              │                                   │               │ https://avd.aquasec.com/nvd/cve-2026-76642                   │
7 Container Image Scan	Full vulnerability report	2026-10-07T14:06:01.2173834Z │                    ├─────────────────────┤          │              │                                   ├───────────────┼──────────────────────────────────────────────────────────────┤
7 Container Image Scan	Full vulnerability report	2026-10-07T14:06:01.2174718Z │                    │ CVE-2026-78408      │          │              │                                   │               │ util-linux: util-linux: nsenter --join-cgroup leaks root     │
7 Container Image Scan	Full vulnerability report	2026-10-07T14:06:01.2175594Z │                    │                     │          │              │                                   │               │ cgroup migration authority                                   │
7 Container Image Scan	Full vulnerability report	2026-10-07T14:06:01.2176420Z │                    │                     │          │              │                                   │               │ https://avd.aquasec.com/nvd/cve-2026-78408                   │
7 Container Image Scan	Full vulnerability report	2026-10-07T14:06:01.2177301Z │                    ├─────────────────────┤          │              │                                   ├───────────────┼──────────────────────────────────────────────────────────────┤
7 Container Image Scan	Full vulnerability report	2026-10-07T14:06:01.2178166Z │                    │ CVE-2026-78409      │          │              │                                   │               │ util-linux: util-linux: X-mount.subdir detached-tree         │
7 Container Image Scan	Full vulnerability report	2026-10-07T14:06:01.2179054Z │                    │                     │          │              │                                   │               │ resolution can escape via intermediate symlinks              │
7 Container Image Scan	Full vulnerability report	2026-10-07T14:06:01.2179893Z │                    │                     │          │              │                                   │               │ https://avd.aquasec.com/nvd/cve-2026-78409                   │
7 Container Image Scan	Full vulnerability report	2026-10-07T14:06:01.2180894Z │                    ├─────────────────────┤          │              │                                   ├───────────────┼──────────────────────────────────────────────────────────────┤
7 Container Image Scan	Full vulnerability report	2026-10-07T14:06:01.2181784Z │                    │ CVE-2026-78410      │          │              │                                   │               │ util-linux: util-linux: restricted bind mounts do not pin    │
7 Container Image Scan	Full vulnerability report	2026-10-07T14:06:01.2182660Z │                    │                     │          │              │                                   │               │ the source, allowing X-mount.owner/group/mode...             │
7 Container Image Scan	Full vulnerability report	2026-10-07T14:06:01.2183650Z │                    │                     │          │              │                                   │               │ https://avd.aquasec.com/nvd/cve-2026-78410                   │
7 Container Image Scan	Full vulnerability report	2026-10-07T14:06:01.2184535Z │                    ├─────────────────────┼──────────┤              │                                   ├───────────────┼──────────────────────────────────────────────────────────────┤
7 Container Image Scan	Full vulnerability report	2026-10-07T14:06:01.2185437Z │                    │ CVE-2026-3184       │ MEDIUM   │              │                                   │               │ util-linux: util-linux: Access control bypass due to         │
7 Container Image Scan	Full vulnerability report	2026-10-07T14:06:01.2187290Z │                    │                     │          │              │                                   │               │ improper hostname canonicalization                           │
7 Container Image Scan	Full vulnerability report	2026-10-07T14:06:01.2188768Z │                    │                     │          │              │                                   │               │ https://avd.aquasec.com/nvd/cve-2026-3184                    │
7 Container Image Scan	Full vulnerability report	2026-10-07T14:06:01.2190399Z │                    ├─────────────────────┼──────────┤              │                                   ├───────────────┼──────────────────────────────────────────────────────────────┤
7 Container Image Scan	Full vulnerability report	2026-10-07T14:06:01.2192449Z │                    │ CVE-2022-0563       │ LOW      │              │                                   │               │ util-linux: partial disclosure of arbitrary files in chfn    │
7 Container Image Scan	Full vulnerability report	2026-10-07T14:06:01.2194161Z │                    │                     │          │              │                                   │               │ and chsh when compiled...                                    │
7 Container Image Scan	Full vulnerability report	2026-10-07T14:06:01.2195809Z │                    │                     │          │              │                                   │               │ https://avd.aquasec.com/nvd/cve-2022-0563                    │
7 Container Image Scan	Full vulnerability report	2026-10-07T14:06:01.2197723Z ├────────────────────┼─────────────────────┼──────────┤              ├───────────────────────────────────┼───────────────┼──────────────────────────────────────────────────────────────┤
7 Container Image Scan	Full vulnerability report	2026-10-07T14:06:01.2199656Z │ ncurses-base       │ CVE-2025-69720      │ HIGH     │              │ 6.5+20250216-2                    │               │ ncurses: ncurses: Buffer overflow vulnerability may lead to  │
7 Container Image Scan	Full vulnerability report	2026-10-07T14:06:01.2201755Z │                    │                     │          │              │                                   │               │ arbitrary code execution.                                    │
7 Container Image Scan	Full vulnerability report	2026-10-07T14:06:01.2203414Z │                    │                     │          │              │                                   │               │ https://avd.aquasec.com/nvd/cve-2025-69720                   │
7 Container Image Scan	Full vulnerability report	2026-10-07T14:06:01.2205367Z │                    ├─────────────────────┼──────────┤              │                                   ├───────────────┼──────────────────────────────────────────────────────────────┤
7 Container Image Scan	Full vulnerability report	2026-10-07T14:06:01.2207451Z │                    │ CVE-2025-6141       │ LOW      │              │                                   │               │ gnu-ncurses: ncurses Stack Buffer Overflow                   │
7 Container Image Scan	Full vulnerability report	2026-10-07T14:06:01.2209173Z │                    │                     │          │              │                                   │               │ https://avd.aquasec.com/nvd/cve-2025-6141                    │
7 Container Image Scan	Full vulnerability report	2026-10-07T14:06:01.2211141Z ├────────────────────┼─────────────────────┼──────────┤              │                                   ├───────────────┼──────────────────────────────────────────────────────────────┤
7 Container Image Scan	Full vulnerability report	2026-10-07T14:06:01.2213069Z │ ncurses-bin        │ CVE-2025-69720      │ HIGH     │              │                                   │               │ ncurses: ncurses: Buffer overflow vulnerability may lead to  │
7 Container Image Scan	Full vulnerability report	2026-10-07T14:06:01.2214836Z │                    │                     │          │              │                                   │               │ arbitrary code execution.                                    │
7 Container Image Scan	Full vulnerability report	2026-10-07T14:06:01.2216485Z │                    │                     │          │              │                                   │               │ https://avd.aquasec.com/nvd/cve-2025-69720                   │
7 Container Image Scan	Full vulnerability report	2026-10-07T14:06:01.2218248Z │                    ├─────────────────────┼──────────┤              │                                   ├───────────────┼──────────────────────────────────────────────────────────────┤
7 Container Image Scan	Full vulnerability report	2026-10-07T14:06:01.2220013Z │                    │ CVE-2025-6141       │ LOW      │              │                                   │               │ gnu-ncurses: ncurses Stack Buffer Overflow                   │
7 Container Image Scan	Full vulnerability report	2026-10-07T14:06:01.2222139Z │                    │                     │          │              │                                   │               │ https://avd.aquasec.com/nvd/cve-2025-6141                    │
7 Container Image Scan	Full vulnerability report	2026-10-07T14:06:01.2224034Z ├────────────────────┼─────────────────────┤          │              ├───────────────────────────────────┼───────────────┼──────────────────────────────────────────────────────────────┤
7 Container Image Scan	Full vulnerability report	2026-10-07T14:06:01.2225992Z │ passwd             │ CVE-2007-5686       │          │              │ 1:4.17.4-2                        │               │ initscripts in rPath Linux 1 sets insecure permissions for   │
7 Container Image Scan	Full vulnerability report	2026-10-07T14:06:01.2227796Z │                    │                     │          │              │                                   │               │ the /var/lo ......                                           │
7 Container Image Scan	Full vulnerability report	2026-10-07T14:06:01.2229473Z │                    │                     │          │              │                                   │               │ https://avd.aquasec.com/nvd/cve-2007-5686                    │
7 Container Image Scan	Full vulnerability report	2026-10-07T14:06:01.2231612Z │                    ├─────────────────────┤          │              │                                   ├───────────────┼──────────────────────────────────────────────────────────────┤
7 Container Image Scan	Full vulnerability report	2026-10-07T14:06:01.2233733Z │                    │ CVE-2024-56433      │          │              │                                   │               │ shadow-utils: Default subordinate ID configuration in        │
7 Container Image Scan	Full vulnerability report	2026-10-07T14:06:01.2235533Z │                    │                     │          │              │                                   │               │ /etc/login.defs could lead to compromise                     │
7 Container Image Scan	Full vulnerability report	2026-10-07T14:06:01.2237173Z │                    │                     │          │              │                                   │               │ https://avd.aquasec.com/nvd/cve-2024-56433                   │
7 Container Image Scan	Full vulnerability report	2026-10-07T14:06:01.2238341Z │                    ├─────────────────────┤          │              │                                   ├───────────────┼──────────────────────────────────────────────────────────────┤
7 Container Image Scan	Full vulnerability report	2026-10-07T14:06:01.2239246Z │                    │ TEMP-0628843-DBAD28 │          │              │                                   │               │ [more related to CVE-2005-4890]                              │
7 Container Image Scan	Full vulnerability report	2026-10-07T14:06:01.2240166Z │                    │                     │          │              │                                   │               │ https://security-tracker.debian.org/tracker/TEMP-0628843-DB- │
7 Container Image Scan	Full vulnerability report	2026-10-07T14:06:01.2241340Z │                    │                     │          │              │                                   │               │ AD28                                                         │
7 Container Image Scan	Full vulnerability report	2026-10-07T14:06:01.2242276Z ├────────────────────┼─────────────────────┼──────────┼──────────────┼───────────────────────────────────┼───────────────┼──────────────────────────────────────────────────────────────┤
7 Container Image Scan	Full vulnerability report	2026-10-07T14:06:01.2243347Z │ perl-base          │ CVE-2026-9538       │ HIGH     │ fix_deferred │ 5.40.1-6+deb13u1                  │               │ perl-Archive-Tar: perl-Archive-Tar: Denial of Service via    │
7 Container Image Scan	Full vulnerability report	2026-10-07T14:06:01.2244327Z │                    │                     │          │              │                                   │               │ crafted tar header with large entry...                       │
7 Container Image Scan	Full vulnerability report	2026-10-07T14:06:01.2245169Z │                    │                     │          │              │                                   │               │ https://avd.aquasec.com/nvd/cve-2026-9538                    │
7 Container Image Scan	Full vulnerability report	2026-10-07T14:06:01.2246052Z │                    ├─────────────────────┼──────────┤              │                                   ├───────────────┼──────────────────────────────────────────────────────────────┤
7 Container Image Scan	Full vulnerability report	2026-10-07T14:06:01.2246948Z │                    │ CVE-2026-15534      │ MEDIUM   │              │                                   │               │ perl: Perl: Arbitrary code execution via out-of-bounds       │
7 Container Image Scan	Full vulnerability report	2026-10-07T14:06:01.2247847Z │                    │                     │          │              │                                   │               │ memory access in regular expression...                       │
7 Container Image Scan	Full vulnerability report	2026-10-07T14:06:01.2248676Z │                    │                     │          │              │                                   │               │ https://avd.aquasec.com/nvd/cve-2026-15534                   │
7 Container Image Scan	Full vulnerability report	2026-10-07T14:06:01.2249736Z │                    ├─────────────────────┼──────────┼──────────────┤                                   ├───────────────┼──────────────────────────────────────────────────────────────┤
7 Container Image Scan	Full vulnerability report	2026-10-07T14:06:01.2254320Z │                    │ CVE-2011-4116       │ LOW      │ affected     │                                   │               │ perl: File:: Temp insecure temporary file handling           │
7 Container Image Scan	Full vulnerability report	2026-10-07T14:06:01.2255293Z │                    │                     │          │              │                                   │               │ https://avd.aquasec.com/nvd/cve-2011-4116                    │
7 Container Image Scan	Full vulnerability report	2026-10-07T14:06:01.2256463Z │                    ├─────────────────────┼──────────┤              │                                   ├───────────────┼──────────────────────────────────────────────────────────────┤
7 Container Image Scan	Full vulnerability report	2026-10-07T14:06:01.2257501Z │                    │ CVE-2026-82560      │ UNKNOWN  │              │                                   │               │ Pod::Text versions before 6.1.1 for Perl allow CPU and       │
7 Container Image Scan	Full vulnerability report	2026-10-07T14:06:01.2258373Z │                    │                     │          │              │                                   │               │ memory exhausti ......                                       │
7 Container Image Scan	Full vulnerability report	2026-10-07T14:06:01.2259196Z │                    │                     │          │              │                                   │               │ https://avd.aquasec.com/nvd/cve-2026-82560                   │
7 Container Image Scan	Full vulnerability report	2026-10-07T14:06:01.2260160Z ├────────────────────┼─────────────────────┼──────────┤              ├───────────────────────────────────┼───────────────┼──────────────────────────────────────────────────────────────┤
7 Container Image Scan	Full vulnerability report	2026-10-07T14:06:01.2261486Z │ sysvinit-utils     │ TEMP-0517018-A83CE6 │ LOW      │              │ 3.14-4                            │               │ [sysvinit: no-root option in expert installer exposes        │
7 Container Image Scan	Full vulnerability report	2026-10-07T14:06:01.2262640Z │                    │                     │          │              │                                   │               │ locally exploitable security flaw]                           │
7 Container Image Scan	Full vulnerability report	2026-10-07T14:06:01.2263516Z │                    │                     │          │              │                                   │               │ https://security-tracker.debian.org/tracker/TEMP-0517018-A8- │
7 Container Image Scan	Full vulnerability report	2026-10-07T14:06:01.2264345Z │                    │                     │          │              │                                   │               │ 3CE6                                                         │
7 Container Image Scan	Full vulnerability report	2026-10-07T14:06:01.2265282Z ├────────────────────┼─────────────────────┼──────────┤              ├───────────────────────────────────┼───────────────┼──────────────────────────────────────────────────────────────┤
7 Container Image Scan	Full vulnerability report	2026-10-07T14:06:01.2266255Z │ tar                │ CVE-2026-18477      │ MEDIUM   │              │ 1.35+dfsg-3.1                     │               │ tar: tar: TOCTOU in incremental dumpdir 'X' rename handling  │
7 Container Image Scan	Full vulnerability report	2026-10-07T14:06:01.2267182Z │                    │                     │          │              │                                   │               │ allows restore path...                                       │
7 Container Image Scan	Full vulnerability report	2026-10-07T14:06:01.2268013Z │                    │                     │          │              │                                   │               │ https://avd.aquasec.com/nvd/cve-2026-18477                   │
7 Container Image Scan	Full vulnerability report	2026-10-07T14:06:01.2268884Z │                    ├─────────────────────┤          │              │                                   ├───────────────┼──────────────────────────────────────────────────────────────┤
7 Container Image Scan	Full vulnerability report	2026-10-07T14:06:01.2269887Z │                    │ CVE-2026-18508      │          │              │                                   │               │ tar: tar: --one-top-level hardlink targets not confined to   │
7 Container Image Scan	Full vulnerability report	2026-10-07T14:06:01.2271088Z │                    │                     │          │              │                                   │               │ top-level directory enabling arbitrary...                    │
7 Container Image Scan	Full vulnerability report	2026-10-07T14:06:01.2271992Z │                    │                     │          │              │                                   │               │ https://avd.aquasec.com/nvd/cve-2026-18508                   │
7 Container Image Scan	Full vulnerability report	2026-10-07T14:06:01.2272883Z │                    ├─────────────────────┤          │              │                                   ├───────────────┼──────────────────────────────────────────────────────────────┤
7 Container Image Scan	Full vulnerability report	2026-10-07T14:06:01.2273743Z │                    │ CVE-2026-5704       │          │              │                                   │               │ tar: tar: Hidden file injection via crafted archives         │
7 Container Image Scan	Full vulnerability report	2026-10-07T14:06:01.2274618Z │                    │                     │          │              │                                   │               │ https://avd.aquasec.com/nvd/cve-2026-5704                    │
7 Container Image Scan	Full vulnerability report	2026-10-07T14:06:01.2275498Z │                    ├─────────────────────┼──────────┤              │                                   ├───────────────┼──────────────────────────────────────────────────────────────┤
7 Container Image Scan	Full vulnerability report	2026-10-07T14:06:01.2276383Z │                    │ CVE-2005-2541       │ LOW      │              │                                   │               │ tar: does not properly warn the user when extracting setuid  │
7 Container Image Scan	Full vulnerability report	2026-10-07T14:06:01.2277221Z │                    │                     │          │              │                                   │               │ or setgid...                                                 │
7 Container Image Scan	Full vulnerability report	2026-10-07T14:06:01.2278039Z │                    │                     │          │              │                                   │               │ https://avd.aquasec.com/nvd/cve-2005-2541                    │
7 Container Image Scan	Full vulnerability report	2026-10-07T14:06:01.2278905Z │                    ├─────────────────────┤          │              │                                   ├───────────────┼──────────────────────────────────────────────────────────────┤
7 Container Image Scan	Full vulnerability report	2026-10-07T14:06:01.2279944Z │                    │ TEMP-0290435-0B57B5 │          │              │                                   │               │ [tar's rmt command may have undesired side effects]          │
7 Container Image Scan	Full vulnerability report	2026-10-07T14:06:01.2281098Z │                    │                     │          │              │                                   │               │ https://security-tracker.debian.org/tracker/TEMP-0290435-0B- │
7 Container Image Scan	Full vulnerability report	2026-10-07T14:06:01.2281927Z │                    │                     │          │              │                                   │               │ 57B5                                                         │
7 Container Image Scan	Full vulnerability report	2026-10-07T14:06:01.2282988Z ├────────────────────┼─────────────────────┼──────────┤              ├───────────────────────────────────┼───────────────┼──────────────────────────────────────────────────────────────┤
7 Container Image Scan	Full vulnerability report	2026-10-07T14:06:01.2284000Z │ util-linux         │ CVE-2026-76642      │ HIGH     │              │ 2.41.5-0+deb13u1                  │               │ util-linux: util-linux: failed external mount helper still   │
7 Container Image Scan	Full vulnerability report	2026-10-07T14:06:01.2284965Z │                    │                     │          │              │                                   │               │ runs privileged X-mount post-hooks                           │
7 Container Image Scan	Full vulnerability report	2026-10-07T14:06:01.2285812Z │                    │                     │          │              │                                   │               │ https://avd.aquasec.com/nvd/cve-2026-76642                   │
7 Container Image Scan	Full vulnerability report	2026-10-07T14:06:01.2286697Z │                    ├─────────────────────┤          │              │                                   ├───────────────┼──────────────────────────────────────────────────────────────┤
7 Container Image Scan	Full vulnerability report	2026-10-07T14:06:01.2287580Z │                    │ CVE-2026-78408      │          │              │                                   │               │ util-linux: util-linux: nsenter --join-cgroup leaks root     │
7 Container Image Scan	Full vulnerability report	2026-10-07T14:06:01.2288449Z │                    │                     │          │              │                                   │               │ cgroup migration authority                                   │
7 Container Image Scan	Full vulnerability report	2026-10-07T14:06:01.2289426Z │                    │                     │          │              │                                   │               │ https://avd.aquasec.com/nvd/cve-2026-78408                   │
7 Container Image Scan	Full vulnerability report	2026-10-07T14:06:01.2290316Z │                    ├─────────────────────┤          │              │                                   ├───────────────┼──────────────────────────────────────────────────────────────┤
7 Container Image Scan	Full vulnerability report	2026-10-07T14:06:01.2291428Z │                    │ CVE-2026-78409      │          │              │                                   │               │ util-linux: util-linux: X-mount.subdir detached-tree         │
7 Container Image Scan	Full vulnerability report	2026-10-07T14:06:01.2292342Z │                    │                     │          │              │                                   │               │ resolution can escape via intermediate symlinks              │
7 Container Image Scan	Full vulnerability report	2026-10-07T14:06:01.2293185Z │                    │                     │          │              │                                   │               │ https://avd.aquasec.com/nvd/cve-2026-78409                   │
7 Container Image Scan	Full vulnerability report	2026-10-07T14:06:01.2294087Z │                    ├─────────────────────┤          │              │                                   ├───────────────┼──────────────────────────────────────────────────────────────┤
7 Container Image Scan	Full vulnerability report	2026-10-07T14:06:01.2294959Z │                    │ CVE-2026-78410      │          │              │                                   │               │ util-linux: util-linux: restricted bind mounts do not pin    │
7 Container Image Scan	Full vulnerability report	2026-10-07T14:06:01.2295989Z │                    │                     │          │              │                                   │               │ the source, allowing X-mount.owner/group/mode...             │
7 Container Image Scan	Full vulnerability report	2026-10-07T14:06:01.2296836Z │                    │                     │          │              │                                   │               │ https://avd.aquasec.com/nvd/cve-2026-78410                   │
7 Container Image Scan	Full vulnerability report	2026-10-07T14:06:01.2297740Z │                    ├─────────────────────┼──────────┤              │                                   ├───────────────┼──────────────────────────────────────────────────────────────┤
7 Container Image Scan	Full vulnerability report	2026-10-07T14:06:01.2298633Z │                    │ CVE-2026-3184       │ MEDIUM   │              │                                   │               │ util-linux: util-linux: Access control bypass due to         │
7 Container Image Scan	Full vulnerability report	2026-10-07T14:06:01.2299534Z │                    │                     │          │              │                                   │               │ improper hostname canonicalization                           │
7 Container Image Scan	Full vulnerability report	2026-10-07T14:06:01.2300392Z │                    │                     │          │              │                                   │               │ https://avd.aquasec.com/nvd/cve-2026-3184                    │
7 Container Image Scan	Full vulnerability report	2026-10-07T14:06:01.2301514Z │                    ├─────────────────────┼──────────┤              │                                   ├───────────────┼──────────────────────────────────────────────────────────────┤
7 Container Image Scan	Full vulnerability report	2026-10-07T14:06:01.2302428Z │                    │ CVE-2022-0563       │ LOW      │              │                                   │               │ util-linux: partial disclosure of arbitrary files in chfn    │
7 Container Image Scan	Full vulnerability report	2026-10-07T14:06:01.2303296Z │                    │                     │          │              │                                   │               │ and chsh when compiled...                                    │
7 Container Image Scan	Full vulnerability report	2026-10-07T14:06:01.2304117Z │                    │                     │          │              │                                   │               │ https://avd.aquasec.com/nvd/cve-2022-0563                    │
7 Container Image Scan	Full vulnerability report	2026-10-07T14:06:01.2305093Z ├────────────────────┼─────────────────────┼──────────┤              ├───────────────────────────────────┼───────────────┼──────────────────────────────────────────────────────────────┤
7 Container Image Scan	Full vulnerability report	2026-10-07T14:06:01.2306103Z │ zlib1g             │ CVE-2026-27171      │ MEDIUM   │              │ 1:1.3.dfsg+really1.3.1-1+b1       │               │ zlib: zlib: Denial of Service via infinite loop in CRC32     │
7 Container Image Scan	Full vulnerability report	2026-10-07T14:06:01.2307193Z │                    │                     │          │              │                                   │               │ combine functions...                                         │
7 Container Image Scan	Full vulnerability report	2026-10-07T14:06:01.2308026Z │                    │                     │          │              │                                   │               │ https://avd.aquasec.com/nvd/cve-2026-27171                   │
7 Container Image Scan	Full vulnerability report	2026-10-07T14:06:01.2308896Z │                    ├─────────────────────┤          │              │                                   ├───────────────┼──────────────────────────────────────────────────────────────┤
7 Container Image Scan	Full vulnerability report	2026-10-07T14:06:01.2309930Z │                    │ CVE-2026-85091      │          │              │                                   │               │ zlib versions 1.3.1.2 through 1.3.2 contain a heap buffer    │
7 Container Image Scan	Full vulnerability report	2026-10-07T14:06:01.2311076Z │                    │                     │          │              │                                   │               │ overflow vul ......                                          │
7 Container Image Scan	Full vulnerability report	2026-10-07T14:06:01.2311939Z │                    │                     │          │              │                                   │               │ https://avd.aquasec.com/nvd/cve-2026-85091                   │
7 Container Image Scan	Full vulnerability report	2026-10-07T14:06:01.2312905Z └────────────────────┴─────────────────────┴──────────┴──────────────┴───────────────────────────────────┴───────────────┴──────────────────────────────────────────────────────────────┘
7 Container Image Scan	Machine readable report and severity counts	﻿2026-10-07T14:06:01.2347796Z ##[group]Run trivy image --scanners vuln --format json \
7 Container Image Scan	Machine readable report and severity counts	2026-10-07T14:06:01.2348280Z [36;1mtrivy image --scanners vuln --format json \[0m
7 Container Image Scan	Machine readable report and severity counts	2026-10-07T14:06:01.2348624Z [36;1m  -o reports/trivy-image.json \[0m
7 Container Image Scan	Machine readable report and severity counts	2026-10-07T14:06:01.2348916Z [36;1m  "${IMAGE_NAME}:1.0.7-1ecb2ab"[0m
7 Container Image Scan	Machine readable report and severity counts	2026-10-07T14:06:01.2349184Z [36;1mpython3 - <<'PY'[0m
7 Container Image Scan	Machine readable report and severity counts	2026-10-07T14:06:01.2349433Z [36;1mimport collections, json[0m
7 Container Image Scan	Machine readable report and severity counts	2026-10-07T14:06:01.2349774Z [36;1mreport = json.load(open("reports/trivy-image.json"))[0m
7 Container Image Scan	Machine readable report and severity counts	2026-10-07T14:06:01.2350140Z [36;1mtotal = collections.Counter()[0m
7 Container Image Scan	Machine readable report and severity counts	2026-10-07T14:06:01.2350433Z [36;1mfixable = collections.Counter()[0m
7 Container Image Scan	Machine readable report and severity counts	2026-10-07T14:06:01.2350982Z [36;1mfor result in report.get("Results") or []:[0m
7 Container Image Scan	Machine readable report and severity counts	2026-10-07T14:06:01.2351344Z [36;1m    for vuln in result.get("Vulnerabilities") or []:[0m
7 Container Image Scan	Machine readable report and severity counts	2026-10-07T14:06:01.2351699Z [36;1m        total[vuln["Severity"]] += 1[0m
7 Container Image Scan	Machine readable report and severity counts	2026-10-07T14:06:01.2352005Z [36;1m        if vuln.get("FixedVersion"):[0m
7 Container Image Scan	Machine readable report and severity counts	2026-10-07T14:06:01.2352307Z [36;1m            fixable[vuln["Severity"]] += 1[0m
7 Container Image Scan	Machine readable report and severity counts	2026-10-07T14:06:01.2352710Z [36;1morder = ["CRITICAL", "HIGH", "MEDIUM", "LOW", "UNKNOWN"][0m
7 Container Image Scan	Machine readable report and severity counts	2026-10-07T14:06:01.2353068Z [36;1mprint("severity   all   fixable")[0m
7 Container Image Scan	Machine readable report and severity counts	2026-10-07T14:06:01.2353354Z [36;1mfor level in order:[0m
7 Container Image Scan	Machine readable report and severity counts	2026-10-07T14:06:01.2353689Z [36;1m    print("%-10s %4d %8d" % (level, total[level], fixable[level]))[0m
7 Container Image Scan	Machine readable report and severity counts	2026-10-07T14:06:01.2354160Z [36;1mprint("%-10s %4d %8d" % ("TOTAL", sum(total.values()), sum(fixable.values())))[0m
7 Container Image Scan	Machine readable report and severity counts	2026-10-07T14:06:01.2354549Z [36;1mPY[0m
7 Container Image Scan	Machine readable report and severity counts	2026-10-07T14:06:01.2415318Z shell: /usr/bin/bash --noprofile --norc -e -o pipefail {0}
7 Container Image Scan	Machine readable report and severity counts	2026-10-07T14:06:01.2415682Z env:
7 Container Image Scan	Machine readable report and severity counts	2026-10-07T14:06:01.2415888Z   APP_DIR: labs/17-devsecops
7 Container Image Scan	Machine readable report and severity counts	2026-10-07T14:06:01.2416151Z   IMAGE_NAME: claim-check-api
7 Container Image Scan	Machine readable report and severity counts	2026-10-07T14:06:01.2416396Z   TRIVY_VERSION: 0.75.0
7 Container Image Scan	Machine readable report and severity counts	2026-10-07T14:06:01.2416625Z   GITLEAKS_VERSION: 8.30.1
7 Container Image Scan	Machine readable report and severity counts	2026-10-07T14:06:01.2416858Z   PYTHON_VERSION: 3.13
7 Container Image Scan	Machine readable report and severity counts	2026-10-07T14:06:01.2417073Z ##[endgroup]
7 Container Image Scan	Machine readable report and severity counts	2026-10-07T14:06:01.3355536Z 2026-10-07T14:06:01Z	INFO	[vuln] Vulnerability scanning is enabled
7 Container Image Scan	Machine readable report and severity counts	2026-10-07T14:06:01.3468953Z 2026-10-07T14:06:01Z	INFO	Detected OS	family="debian" version="13.7"
7 Container Image Scan	Machine readable report and severity counts	2026-10-07T14:06:01.3469937Z 2026-10-07T14:06:01Z	INFO	[debian] Detecting vulnerabilities...	os_version="13" pkg_num=87
7 Container Image Scan	Machine readable report and severity counts	2026-10-07T14:06:01.3652215Z 2026-10-07T14:06:01Z	INFO	Number of language-specific files	num=1
7 Container Image Scan	Machine readable report and severity counts	2026-10-07T14:06:01.3653429Z 2026-10-07T14:06:01Z	INFO	[python-pkg] Detecting vulnerabilities...
7 Container Image Scan	Machine readable report and severity counts	2026-10-07T14:06:01.3674495Z 2026-10-07T14:06:01Z	WARN	Using severities from other vendors for some vulnerabilities. Read https://trivy.dev/docs/v0.75/guide/scanner/vulnerability#severity-selection for details.
7 Container Image Scan	Machine readable report and severity counts	2026-10-07T14:06:01.4068385Z severity   all   fixable
7 Container Image Scan	Machine readable report and severity counts	2026-10-07T14:06:01.4068960Z CRITICAL      0        0
7 Container Image Scan	Machine readable report and severity counts	2026-10-07T14:06:01.4069356Z HIGH         44        0
7 Container Image Scan	Machine readable report and severity counts	2026-10-07T14:06:01.4069705Z MEDIUM       58        0
7 Container Image Scan	Machine readable report and severity counts	2026-10-07T14:06:01.4119576Z LOW          61        0
7 Container Image Scan	Machine readable report and severity counts	2026-10-07T14:06:01.4120071Z UNKNOWN       2        0
7 Container Image Scan	Machine readable report and severity counts	2026-10-07T14:06:01.4120328Z TOTAL       165        0
7 Container Image Scan	Build a SARIF report	﻿2026-10-07T14:06:01.4151677Z ##[group]Run trivy image --scanners vuln --format sarif \
7 Container Image Scan	Build a SARIF report	2026-10-07T14:06:01.4152132Z [36;1mtrivy image --scanners vuln --format sarif \[0m
7 Container Image Scan	Build a SARIF report	2026-10-07T14:06:01.4152482Z [36;1m  -o reports/trivy-image.sarif \[0m
7 Container Image Scan	Build a SARIF report	2026-10-07T14:06:01.4152777Z [36;1m  "${IMAGE_NAME}:1.0.7-1ecb2ab"[0m
7 Container Image Scan	Build a SARIF report	2026-10-07T14:06:01.4153069Z [36;1mls -l reports/trivy-image.sarif[0m
7 Container Image Scan	Build a SARIF report	2026-10-07T14:06:01.4213507Z shell: /usr/bin/bash --noprofile --norc -e -o pipefail {0}
7 Container Image Scan	Build a SARIF report	2026-10-07T14:06:01.4213858Z env:
7 Container Image Scan	Build a SARIF report	2026-10-07T14:06:01.4214070Z   APP_DIR: labs/17-devsecops
7 Container Image Scan	Build a SARIF report	2026-10-07T14:06:01.4214333Z   IMAGE_NAME: claim-check-api
7 Container Image Scan	Build a SARIF report	2026-10-07T14:06:01.4214588Z   TRIVY_VERSION: 0.75.0
7 Container Image Scan	Build a SARIF report	2026-10-07T14:06:01.4214817Z   GITLEAKS_VERSION: 8.30.1
7 Container Image Scan	Build a SARIF report	2026-10-07T14:06:01.4215059Z   PYTHON_VERSION: 3.13
7 Container Image Scan	Build a SARIF report	2026-10-07T14:06:01.4215273Z ##[endgroup]
7 Container Image Scan	Build a SARIF report	2026-10-07T14:06:01.5142887Z 2026-10-07T14:06:01Z	INFO	[vuln] Vulnerability scanning is enabled
7 Container Image Scan	Build a SARIF report	2026-10-07T14:06:01.5260502Z 2026-10-07T14:06:01Z	INFO	Detected OS	family="debian" version="13.7"
7 Container Image Scan	Build a SARIF report	2026-10-07T14:06:01.5261505Z 2026-10-07T14:06:01Z	INFO	[debian] Detecting vulnerabilities...	os_version="13" pkg_num=87
7 Container Image Scan	Build a SARIF report	2026-10-07T14:06:01.5402044Z 2026-10-07T14:06:01Z	INFO	Number of language-specific files	num=1
7 Container Image Scan	Build a SARIF report	2026-10-07T14:06:01.5403178Z 2026-10-07T14:06:01Z	INFO	[python-pkg] Detecting vulnerabilities...
7 Container Image Scan	Build a SARIF report	2026-10-07T14:06:01.5421837Z 2026-10-07T14:06:01Z	WARN	Using severities from other vendors for some vulnerabilities. Read https://trivy.dev/docs/v0.75/guide/scanner/vulnerability#severity-selection for details.
7 Container Image Scan	Build a SARIF report	2026-10-07T14:06:01.5516950Z -rw-r--r-- 1 runner runner 333160 Oct  7 14:06 reports/trivy-image.sarif
7 Container Image Scan	Publish the findings to the repository security tab	﻿2026-10-07T14:06:01.5612220Z ##[group]Run github/codeql-action/upload-sarif@v3
7 Container Image Scan	Publish the findings to the repository security tab	2026-10-07T14:06:01.5612589Z with:
7 Container Image Scan	Publish the findings to the repository security tab	2026-10-07T14:06:01.5612825Z   sarif_file: reports/trivy-image.sarif
7 Container Image Scan	Publish the findings to the repository security tab	2026-10-07T14:06:01.5613125Z   category: session17-image-scan
7 Container Image Scan	Publish the findings to the repository security tab	2026-10-07T14:06:01.5613499Z   checkout_path: /home/runner/work/devops-coursework/devops-coursework
7 Container Image Scan	Publish the findings to the repository security tab	2026-10-07T14:06:01.5616150Z   token: ***
7 Container Image Scan	Publish the findings to the repository security tab	2026-10-07T14:06:01.5616380Z   matrix: null
7 Container Image Scan	Publish the findings to the repository security tab	2026-10-07T14:06:01.5616611Z   wait-for-processing: true
7 Container Image Scan	Publish the findings to the repository security tab	2026-10-07T14:06:01.5616858Z env:
7 Container Image Scan	Publish the findings to the repository security tab	2026-10-07T14:06:01.5617056Z   APP_DIR: labs/17-devsecops
7 Container Image Scan	Publish the findings to the repository security tab	2026-10-07T14:06:01.5617310Z   IMAGE_NAME: claim-check-api
7 Container Image Scan	Publish the findings to the repository security tab	2026-10-07T14:06:01.5617557Z   TRIVY_VERSION: 0.75.0
7 Container Image Scan	Publish the findings to the repository security tab	2026-10-07T14:06:01.5617782Z   GITLEAKS_VERSION: 8.30.1
7 Container Image Scan	Publish the findings to the repository security tab	2026-10-07T14:06:01.5618014Z   PYTHON_VERSION: 3.13
7 Container Image Scan	Publish the findings to the repository security tab	2026-10-07T14:06:01.5618230Z ##[endgroup]
7 Container Image Scan	Publish the findings to the repository security tab	2026-10-07T14:06:01.8277698Z Job run UUID is 4e3cbb60-795f-440d-8cd5-c5820d23ef48.
7 Container Image Scan	Publish the findings to the repository security tab	2026-10-07T14:06:01.8351245Z ##[warning]CodeQL Action v3 will be deprecated in December 2026. Please update all occurrences of the CodeQL Action in your workflow files to v4. For more information, see https://github.blog/changelog/2025-10-28-upcoming-deprecation-of-codeql-action-v3/
7 Container Image Scan	Publish the findings to the repository security tab	2026-10-07T14:06:02.6872956Z Post-processing sarif files: ["reports/trivy-image.sarif"]
7 Container Image Scan	Publish the findings to the repository security tab	2026-10-07T14:06:02.6898129Z Validating reports/trivy-image.sarif
7 Container Image Scan	Publish the findings to the repository security tab	2026-10-07T14:06:02.7989592Z Adding fingerprints to SARIF file. See https://docs.github.com/en/code-security/reference/code-scanning/sarif-support-for-code-scanning#data-for-preventing-duplicated-alerts for more information.
7 Container Image Scan	Publish the findings to the repository security tab	2026-10-07T14:06:02.8092057Z ##[group]Uploading code scanning results
7 Container Image Scan	Publish the findings to the repository security tab	2026-10-07T14:06:02.8347771Z git call failed. Continuing with commit SHA from user input or environment. Error: The checkout path provided to the action does not appear to be a git repository.
7 Container Image Scan	Publish the findings to the repository security tab	2026-10-07T14:06:02.8360477Z Uploading results
7 Container Image Scan	Publish the findings to the repository security tab	2026-10-07T14:06:03.3160302Z Successfully uploaded results
7 Container Image Scan	Publish the findings to the repository security tab	2026-10-07T14:06:03.3161612Z ##[endgroup]
7 Container Image Scan	Publish the findings to the repository security tab	2026-10-07T14:06:03.3165366Z ##[group]Waiting for processing to finish
7 Container Image Scan	Publish the findings to the repository security tab	2026-10-07T14:06:08.5869282Z Analysis upload status is complete.
7 Container Image Scan	Publish the findings to the repository security tab	2026-10-07T14:06:08.5870035Z ##[endgroup]
7 Container Image Scan	Upload the image scan report	﻿2026-10-07T14:06:09.0176139Z ##[group]Run actions/upload-artifact@v4
7 Container Image Scan	Upload the image scan report	2026-10-07T14:06:09.0176453Z with:
7 Container Image Scan	Upload the image scan report	2026-10-07T14:06:09.0176660Z   name: image-scan-report
7 Container Image Scan	Upload the image scan report	2026-10-07T14:06:09.0176902Z   path: reports
7 Container Image Scan	Upload the image scan report	2026-10-07T14:06:09.0177108Z   retention-days: 7
7 Container Image Scan	Upload the image scan report	2026-10-07T14:06:09.0177342Z   if-no-files-found: warn
7 Container Image Scan	Upload the image scan report	2026-10-07T14:06:09.0177578Z   compression-level: 6
7 Container Image Scan	Upload the image scan report	2026-10-07T14:06:09.0177790Z   overwrite: false
7 Container Image Scan	Upload the image scan report	2026-10-07T14:06:09.0178013Z   include-hidden-files: false
7 Container Image Scan	Upload the image scan report	2026-10-07T14:06:09.0178248Z env:
7 Container Image Scan	Upload the image scan report	2026-10-07T14:06:09.0178440Z   APP_DIR: labs/17-devsecops
7 Container Image Scan	Upload the image scan report	2026-10-07T14:06:09.0178686Z   IMAGE_NAME: claim-check-api
7 Container Image Scan	Upload the image scan report	2026-10-07T14:06:09.0178928Z   TRIVY_VERSION: 0.75.0
7 Container Image Scan	Upload the image scan report	2026-10-07T14:06:09.0179149Z   GITLEAKS_VERSION: 8.30.1
7 Container Image Scan	Upload the image scan report	2026-10-07T14:06:09.0179379Z   PYTHON_VERSION: 3.13
7 Container Image Scan	Upload the image scan report	2026-10-07T14:06:09.0179677Z   CODEQL_ACTION_JOB_RUN_UUID: 4e3cbb60-795f-440d-8cd5-c5820d23ef48
7 Container Image Scan	Upload the image scan report	2026-10-07T14:06:09.0180067Z   CODEQL_ACTION_FEATURE_MULTI_LANGUAGE: false
7 Container Image Scan	Upload the image scan report	2026-10-07T14:06:09.0180373Z   CODEQL_ACTION_FEATURE_SANDWICH: false
7 Container Image Scan	Upload the image scan report	2026-10-07T14:06:09.0180998Z   CODEQL_ACTION_FEATURE_SARIF_COMBINE: true
7 Container Image Scan	Upload the image scan report	2026-10-07T14:06:09.0181346Z   CODEQL_ACTION_FEATURE_WILL_UPLOAD: true
7 Container Image Scan	Upload the image scan report	2026-10-07T14:06:09.0181626Z   CODEQL_ACTION_VERSION: 3.38.2
7 Container Image Scan	Upload the image scan report	2026-10-07T14:06:09.0181911Z   CODEQL_ACTION_DID_LOG_VERSION_DEPRECATION: true
7 Container Image Scan	Upload the image scan report	2026-10-07T14:06:09.0182352Z   CODEQL_ACTION_ANALYSIS_KEY: .github/workflows/session17-devsecops.yml:image-scan
7 Container Image Scan	Upload the image scan report	2026-10-07T14:06:09.0182802Z   CODEQL_WORKFLOW_STARTED_AT: 2026-10-07T14:06:01.826Z
7 Container Image Scan	Upload the image scan report	2026-10-07T14:06:09.0183286Z   CODEQL_UPLOAD_SARIF_SESSION17_IMAGE_SCAN__TRIVY: CODEQL_UPLOAD_SARIF_SESSION17_IMAGE_SCAN__TRIVY
7 Container Image Scan	Upload the image scan report	2026-10-07T14:06:09.0183742Z ##[endgroup]
7 Container Image Scan	Upload the image scan report	2026-10-07T14:06:09.1930830Z (node:2354) [DEP0040] DeprecationWarning: The `punycode` module is deprecated. Please use a userland alternative instead.
7 Container Image Scan	Upload the image scan report	2026-10-07T14:06:09.1931712Z (Use `node --trace-deprecation ...` to show where the warning was created)
7 Container Image Scan	Upload the image scan report	2026-10-07T14:06:09.1994303Z With the provided path, there will be 3 files uploaded
7 Container Image Scan	Upload the image scan report	2026-10-07T14:06:09.2001698Z Artifact name is valid!
7 Container Image Scan	Upload the image scan report	2026-10-07T14:06:09.2002401Z Root directory input is valid!
7 Container Image Scan	Upload the image scan report	2026-10-07T14:06:09.5984659Z Beginning upload of artifact content to blob storage
7 Container Image Scan	Upload the image scan report	2026-10-07T14:06:09.6397158Z (node:2354) [DEP0169] DeprecationWarning: `url.parse()` behavior is not standardized and prone to errors that have security implications. Use the WHATWG URL API instead. CVEs are not issued for `url.parse()` vulnerabilities.
7 Container Image Scan	Upload the image scan report	2026-10-07T14:06:10.1166022Z Uploaded bytes 133527
7 Container Image Scan	Upload the image scan report	2026-10-07T14:06:10.1971141Z Finished uploading artifact content to blob storage!
7 Container Image Scan	Upload the image scan report	2026-10-07T14:06:10.1972211Z SHA256 digest of uploaded artifact zip is 213631d7f48156583432d5636382a96ac289e9c23d9d96f9ba781fcbc997ce3e
7 Container Image Scan	Upload the image scan report	2026-10-07T14:06:10.1973746Z Finalizing artifact upload
7 Container Image Scan	Upload the image scan report	2026-10-07T14:06:10.4735447Z Artifact image-scan-report.zip successfully finalized. Artifact ID 11487363296
7 Container Image Scan	Upload the image scan report	2026-10-07T14:06:10.4736966Z Artifact image-scan-report has been successfully uploaded! Final size is 133527 bytes. Artifact ID is 11487363296
7 Container Image Scan	Upload the image scan report	2026-10-07T14:06:10.4743741Z Artifact download URL: https://github.com/AmanYadav7015/devops-coursework/actions/runs/37633505564/artifacts/11487363296
7 Container Image Scan	Post Publish the findings to the repository security tab	﻿2026-10-07T14:06:10.4910187Z Post job cleanup.
7 Container Image Scan	Post Publish the findings to the repository security tab	2026-10-07T14:06:10.7524700Z ##[group]Uploading combined SARIF debug artifact
7 Container Image Scan	Post Publish the findings to the repository security tab	2026-10-07T14:06:10.7527262Z ##[endgroup]
7 Container Image Scan	Complete job	﻿2026-10-07T14:06:10.7698239Z Cleaning up orphan processes
7 Container Image Scan	Complete job	2026-10-07T14:06:10.8046888Z ##[warning]Node.js 20 is deprecated. The following actions target Node.js 20 but are being forced to run on Node.js 24: actions/download-artifact@v4, actions/upload-artifact@v4, github/codeql-action/upload-sarif@v3. For more information see: https://github.blog/changelog/2025-09-19-deprecation-of-node-20-on-github-actions-runners/
8 Security Gate	Set up job	﻿2026-10-07T14:06:19.9897707Z Current runner version: '2.337.0'
8 Security Gate	Set up job	2026-10-07T14:06:19.9922667Z ##[group]Runner Image Provisioner
8 Security Gate	Set up job	2026-10-07T14:06:19.9923651Z Hosted Compute Agent
8 Security Gate	Set up job	2026-10-07T14:06:19.9924252Z Version: 20260901.588
8 Security Gate	Set up job	2026-10-07T14:06:19.9924924Z Commit: f88ec8081b781fac6c440065ac7ff9e710ce3d0b
8 Security Gate	Set up job	2026-10-07T14:06:19.9925657Z Build Date: 2026-09-01T19:56:44Z
8 Security Gate	Set up job	2026-10-07T14:06:19.9926397Z Worker ID: {424f5ae8-cac5-4059-a22b-9b4ce9719a61}
8 Security Gate	Set up job	2026-10-07T14:06:19.9927162Z Azure Region: westcentralus
8 Security Gate	Set up job	2026-10-07T14:06:19.9927804Z ##[endgroup]
8 Security Gate	Set up job	2026-10-07T14:06:19.9929677Z ##[group]Operating System
8 Security Gate	Set up job	2026-10-07T14:06:19.9930374Z Ubuntu
8 Security Gate	Set up job	2026-10-07T14:06:19.9930938Z 24.04.5
8 Security Gate	Set up job	2026-10-07T14:06:19.9931500Z LTS
8 Security Gate	Set up job	2026-10-07T14:06:19.9932012Z ##[endgroup]
8 Security Gate	Set up job	2026-10-07T14:06:19.9932544Z ##[group]Runner Image
8 Security Gate	Set up job	2026-10-07T14:06:19.9933234Z Image: ubuntu-24.04
8 Security Gate	Set up job	2026-10-07T14:06:19.9933841Z Version: 20260927.320.1
8 Security Gate	Set up job	2026-10-07T14:06:19.9935313Z Included Software: https://github.com/actions/runner-images/blob/ubuntu24/20260927.320/images/ubuntu/Ubuntu2404-Readme.md
8 Security Gate	Set up job	2026-10-07T14:06:19.9936990Z Image Release: https://github.com/actions/runner-images/releases/tag/ubuntu24%2F20260927.320
8 Security Gate	Set up job	2026-10-07T14:06:19.9938012Z ##[endgroup]
8 Security Gate	Set up job	2026-10-07T14:06:19.9939168Z ##[group]GITHUB_TOKEN Permissions
8 Security Gate	Set up job	2026-10-07T14:06:19.9941519Z Contents: read
8 Security Gate	Set up job	2026-10-07T14:06:19.9942183Z Metadata: read
8 Security Gate	Set up job	2026-10-07T14:06:19.9942828Z ##[endgroup]
8 Security Gate	Set up job	2026-10-07T14:06:19.9944897Z Secret source: Actions
8 Security Gate	Set up job	2026-10-07T14:06:19.9945889Z Cache mode: write
8 Security Gate	Set up job	2026-10-07T14:06:19.9946607Z Prepare workflow directory
8 Security Gate	Set up job	2026-10-07T14:06:20.0369547Z Prepare all required actions
8 Security Gate	Set up job	2026-10-07T14:06:20.0416529Z Getting action download info
8 Security Gate	Set up job	2026-10-07T14:06:20.3626361Z Download action repository 'actions/download-artifact@v4' (SHA:d3f86a106a0bac45b974a628896c90dbdf5c8093)
8 Security Gate	Set up job	2026-10-07T14:06:21.1728025Z Complete job name: 8 Security Gate
8 Security Gate	Download the image	﻿2026-10-07T14:06:21.2545014Z ##[group]Run actions/download-artifact@v4
8 Security Gate	Download the image	2026-10-07T14:06:21.2546048Z with:
8 Security Gate	Download the image	2026-10-07T14:06:21.2546560Z   name: claim-check-api-image
8 Security Gate	Download the image	2026-10-07T14:06:21.2547156Z   merge-multiple: false
8 Security Gate	Download the image	2026-10-07T14:06:21.2547747Z   repository: AmanYadav7015/devops-coursework
8 Security Gate	Download the image	2026-10-07T14:06:21.2548376Z   run-id: 37633505564
8 Security Gate	Download the image	2026-10-07T14:06:21.2549064Z env:
8 Security Gate	Download the image	2026-10-07T14:06:21.2549766Z   APP_DIR: labs/17-devsecops
8 Security Gate	Download the image	2026-10-07T14:06:21.2550341Z   IMAGE_NAME: claim-check-api
8 Security Gate	Download the image	2026-10-07T14:06:21.2550902Z   TRIVY_VERSION: 0.75.0
8 Security Gate	Download the image	2026-10-07T14:06:21.2551423Z   GITLEAKS_VERSION: 8.30.1
8 Security Gate	Download the image	2026-10-07T14:06:21.2551965Z   PYTHON_VERSION: 3.13
8 Security Gate	Download the image	2026-10-07T14:06:21.2552468Z ##[endgroup]
8 Security Gate	Download the image	2026-10-07T14:06:21.4132359Z Downloading single artifact
8 Security Gate	Download the image	2026-10-07T14:06:21.4252032Z (node:2274) [DEP0040] DeprecationWarning: The `punycode` module is deprecated. Please use a userland alternative instead.
8 Security Gate	Download the image	2026-10-07T14:06:21.4254877Z (Use `node --trace-deprecation ...` to show where the warning was created)
8 Security Gate	Download the image	2026-10-07T14:06:21.6299556Z Preparing to download the following artifacts:
8 Security Gate	Download the image	2026-10-07T14:06:21.6301847Z - claim-check-api-image (ID: 11487776183, Size: 47559133, Expected Digest: sha256:2b4a8bc8ac9de36538c3218cb74813d147d8663d07b2b96a6718c711a9fcf90f)
8 Security Gate	Download the image	2026-10-07T14:06:21.8672447Z Redirecting to blob download url: https://productionresultssa0.blob.core.windows.net/actions-results/e88afbd2-374b-89fb-92b7-ce612b8b9f2f/workflow-job-run-e2f7cf70-9eb0-57be-9549-b9aec34132f3/artifacts/f9c5d6b802cd6fa27eddc3f3422d02486a05079d38b14328033e3dd7d8831f07.zip
8 Security Gate	Download the image	2026-10-07T14:06:21.8680371Z Starting download of artifact to: /home/runner/work/devops-coursework/devops-coursework
8 Security Gate	Download the image	2026-10-07T14:06:22.1294258Z (node:2274) [DEP0005] DeprecationWarning: Buffer() is deprecated due to security and usability issues. Please use the Buffer.alloc(), Buffer.allocUnsafe(), or Buffer.from() methods instead.
8 Security Gate	Download the image	2026-10-07T14:06:23.9486020Z SHA256 digest of downloaded artifact is 2b4a8bc8ac9de36538c3218cb74813d147d8663d07b2b96a6718c711a9fcf90f
8 Security Gate	Download the image	2026-10-07T14:06:23.9488093Z Artifact download completed successfully.
8 Security Gate	Download the image	2026-10-07T14:06:23.9489031Z Total of 1 artifact(s) downloaded
8 Security Gate	Download the image	2026-10-07T14:06:23.9493212Z Download artifact has finished successfully
8 Security Gate	Load the image	﻿2026-10-07T14:06:23.9731144Z ##[group]Run gunzip -c image.tar.gz | docker load
8 Security Gate	Load the image	2026-10-07T14:06:23.9731657Z [36;1mgunzip -c image.tar.gz | docker load[0m
8 Security Gate	Load the image	2026-10-07T14:06:23.9991305Z shell: /usr/bin/bash --noprofile --norc -e -o pipefail {0}
8 Security Gate	Load the image	2026-10-07T14:06:23.9991931Z env:
8 Security Gate	Load the image	2026-10-07T14:06:23.9992309Z   APP_DIR: labs/17-devsecops
8 Security Gate	Load the image	2026-10-07T14:06:23.9992743Z   IMAGE_NAME: claim-check-api
8 Security Gate	Load the image	2026-10-07T14:06:23.9993181Z   TRIVY_VERSION: 0.75.0
8 Security Gate	Load the image	2026-10-07T14:06:23.9993587Z   GITLEAKS_VERSION: 8.30.1
8 Security Gate	Load the image	2026-10-07T14:06:23.9994001Z   PYTHON_VERSION: 3.13
8 Security Gate	Load the image	2026-10-07T14:06:23.9994383Z ##[endgroup]
8 Security Gate	Load the image	2026-10-07T14:06:27.3142389Z Loaded image: claim-check-api:1.0.7-1ecb2ab
8 Security Gate	Install trivy	﻿2026-10-07T14:06:27.3369891Z ##[group]Run curl -sfL https://raw.githubusercontent.com/aquasecurity/trivy/main/contrib/install.sh \
8 Security Gate	Install trivy	2026-10-07T14:06:27.3370824Z [36;1mcurl -sfL https://raw.githubusercontent.com/aquasecurity/trivy/main/contrib/install.sh \[0m
8 Security Gate	Install trivy	2026-10-07T14:06:27.3371421Z [36;1m  | sudo sh -s -- -b /usr/local/bin "v${TRIVY_VERSION}"[0m
8 Security Gate	Install trivy	2026-10-07T14:06:27.3433485Z shell: /usr/bin/bash --noprofile --norc -e -o pipefail {0}
8 Security Gate	Install trivy	2026-10-07T14:06:27.3433880Z env:
8 Security Gate	Install trivy	2026-10-07T14:06:27.3434097Z   APP_DIR: labs/17-devsecops
8 Security Gate	Install trivy	2026-10-07T14:06:27.3434393Z   IMAGE_NAME: claim-check-api
8 Security Gate	Install trivy	2026-10-07T14:06:27.3434661Z   TRIVY_VERSION: 0.75.0
8 Security Gate	Install trivy	2026-10-07T14:06:27.3434902Z   GITLEAKS_VERSION: 8.30.1
8 Security Gate	Install trivy	2026-10-07T14:06:27.3435147Z   PYTHON_VERSION: 3.13
8 Security Gate	Install trivy	2026-10-07T14:06:27.3435373Z ##[endgroup]
8 Security Gate	Install trivy	2026-10-07T14:06:27.4282191Z aquasecurity/trivy info checking GitHub for tag 'v0.75.0'
8 Security Gate	Install trivy	2026-10-07T14:06:27.7137039Z aquasecurity/trivy info found version: 0.75.0 for v0.75.0/Linux/64bit
8 Security Gate	Install trivy	2026-10-07T14:06:29.6859534Z aquasecurity/trivy info installed /usr/local/bin/trivy
8 Security Gate	Enforce the image policy	﻿2026-10-07T14:06:29.7329034Z ##[group]Run echo "policy: block on ${GATE_SEVERITY} findings that have a fix available"
8 Security Gate	Enforce the image policy	2026-10-07T14:06:29.7330027Z [36;1mecho "policy: block on ${GATE_SEVERITY} findings that have a fix available"[0m
8 Security Gate	Enforce the image policy	2026-10-07T14:06:29.7330445Z [36;1mtrivy image \[0m
8 Security Gate	Enforce the image policy	2026-10-07T14:06:29.7330713Z [36;1m  --scanners vuln \[0m
8 Security Gate	Enforce the image policy	2026-10-07T14:06:29.7330981Z [36;1m  --severity "${GATE_SEVERITY}" \[0m
8 Security Gate	Enforce the image policy	2026-10-07T14:06:29.7331274Z [36;1m  --ignore-unfixed \[0m
8 Security Gate	Enforce the image policy	2026-10-07T14:06:29.7331532Z [36;1m  --exit-code 1 \[0m
8 Security Gate	Enforce the image policy	2026-10-07T14:06:29.7331785Z [36;1m  "${IMAGE_NAME}:1.0.7-1ecb2ab"[0m
8 Security Gate	Enforce the image policy	2026-10-07T14:06:29.7332398Z [36;1mecho "gate passed, the image may be published"[0m
8 Security Gate	Enforce the image policy	2026-10-07T14:06:29.7393374Z shell: /usr/bin/bash --noprofile --norc -e -o pipefail {0}
8 Security Gate	Enforce the image policy	2026-10-07T14:06:29.7393730Z env:
8 Security Gate	Enforce the image policy	2026-10-07T14:06:29.7393963Z   APP_DIR: labs/17-devsecops
8 Security Gate	Enforce the image policy	2026-10-07T14:06:29.7394236Z   IMAGE_NAME: claim-check-api
8 Security Gate	Enforce the image policy	2026-10-07T14:06:29.7394486Z   TRIVY_VERSION: 0.75.0
8 Security Gate	Enforce the image policy	2026-10-07T14:06:29.7394741Z   GITLEAKS_VERSION: 8.30.1
8 Security Gate	Enforce the image policy	2026-10-07T14:06:29.7395056Z   PYTHON_VERSION: 3.13
8 Security Gate	Enforce the image policy	2026-10-07T14:06:29.7395296Z   GATE_SEVERITY: HIGH,CRITICAL
8 Security Gate	Enforce the image policy	2026-10-07T14:06:29.7395542Z ##[endgroup]
8 Security Gate	Enforce the image policy	2026-10-07T14:06:29.7471192Z policy: block on HIGH,CRITICAL findings that have a fix available
8 Security Gate	Enforce the image policy	2026-10-07T14:06:29.8275324Z 2026-10-07T14:06:29Z	INFO	[vulndb] Need to update DB
8 Security Gate	Enforce the image policy	2026-10-07T14:06:29.8276204Z 2026-10-07T14:06:29Z	INFO	[vulndb] Downloading vulnerability DB...
8 Security Gate	Enforce the image policy	2026-10-07T14:06:29.8277188Z 2026-10-07T14:06:29Z	INFO	[vulndb] Downloading artifact...	repo="mirror.gcr.io/aquasec/trivy-db:2"
8 Security Gate	Enforce the image policy	2026-10-07T14:06:35.5667679Z 1.92 MiB / 119.53 MiB [>_____________________________________________________________] 1.61% ? p/s ?22.52 MiB / 119.53 MiB [----------->________________________________________________] 18.84% ? p/s ?53.69 MiB / 119.53 MiB [-------------------------->_________________________________] 44.92% ? p/s ?84.72 MiB / 119.53 MiB [-------------------------------->_____________] 70.87% 138.09 MiB p/s ETA 0s115.67 MiB / 119.53 MiB [------------------------------------------->_] 96.77% 138.09 MiB p/s ETA 0s119.53 MiB / 119.53 MiB [------------------------------------------->] 100.00% 138.09 MiB p/s ETA 0s119.53 MiB / 119.53 MiB [------------------------------------------->] 100.00% 132.92 MiB p/s ETA 0s119.53 MiB / 119.53 MiB [------------------------------------------->] 100.00% 132.92 MiB p/s ETA 0s119.53 MiB / 119.53 MiB [------------------------------------------->] 100.00% 132.92 MiB p/s ETA 0s119.53 MiB / 119.53 MiB [------------------------------------------->] 100.00% 124.34 MiB p/s ETA 0s119.53 MiB / 119.53 MiB [------------------------------------------->] 100.00% 124.34 MiB p/s ETA 0s119.53 MiB / 119.53 MiB [------------------------------------------->] 100.00% 124.34 MiB p/s ETA 0s119.53 MiB / 119.53 MiB [------------------------------------------->] 100.00% 116.32 MiB p/s ETA 0s119.53 MiB / 119.53 MiB [------------------------------------------->] 100.00% 116.32 MiB p/s ETA 0s119.53 MiB / 119.53 MiB [------------------------------------------->] 100.00% 116.32 MiB p/s ETA 0s119.53 MiB / 119.53 MiB [------------------------------------------->] 100.00% 108.82 MiB p/s ETA 0s119.53 MiB / 119.53 MiB [------------------------------------------->] 100.00% 108.82 MiB p/s ETA 0s119.53 MiB / 119.53 MiB [------------------------------------------->] 100.00% 108.82 MiB p/s ETA 0s119.53 MiB / 119.53 MiB [------------------------------------------->] 100.00% 101.80 MiB p/s ETA 0s119.53 MiB / 119.53 MiB [------------------------------------------->] 100.00% 101.80 MiB p/s ETA 0s119.53 MiB / 119.53 MiB [-----------------------------------------------] 100.00% 29.88 MiB p/s 4.2s2026-10-07T14:06:35Z	INFO	[vulndb] Artifact successfully downloaded	repo="mirror.gcr.io/aquasec/trivy-db:2"
8 Security Gate	Enforce the image policy	2026-10-07T14:06:35.5676595Z 2026-10-07T14:06:35Z	INFO	[vuln] Vulnerability scanning is enabled
8 Security Gate	Enforce the image policy	2026-10-07T14:06:39.8132043Z 2026-10-07T14:06:39Z	INFO	[python] Licenses acquired from one or more METADATA files may be subject to additional terms. Use `--debug` flag to see all affected packages.
8 Security Gate	Enforce the image policy	2026-10-07T14:06:39.8194762Z 2026-10-07T14:06:39Z	WARN	Third-party SBOM may lead to inaccurate vulnerability detection
8 Security Gate	Enforce the image policy	2026-10-07T14:06:39.8196163Z 2026-10-07T14:06:39Z	WARN	Recommend using Trivy to generate SBOMs
8 Security Gate	Enforce the image policy	2026-10-07T14:06:39.8715913Z 2026-10-07T14:06:39Z	INFO	Detected OS	family="debian" version="13.7"
8 Security Gate	Enforce the image policy	2026-10-07T14:06:39.8717113Z 2026-10-07T14:06:39Z	INFO	[debian] Detecting vulnerabilities...	os_version="13" pkg_num=87
8 Security Gate	Enforce the image policy	2026-10-07T14:06:39.8801588Z 2026-10-07T14:06:39Z	INFO	Number of language-specific files	num=1
8 Security Gate	Enforce the image policy	2026-10-07T14:06:39.8803023Z 2026-10-07T14:06:39Z	INFO	[python-pkg] Detecting vulnerabilities...
8 Security Gate	Enforce the image policy	2026-10-07T14:06:39.8822555Z 2026-10-07T14:06:39Z	WARN	Using severities from other vendors for some vulnerabilities. Read https://trivy.dev/docs/v0.75/guide/scanner/vulnerability#severity-selection for details.
8 Security Gate	Enforce the image policy	2026-10-07T14:06:39.8998695Z 
8 Security Gate	Enforce the image policy	2026-10-07T14:06:39.8998909Z Report Summary
8 Security Gate	Enforce the image policy	2026-10-07T14:06:39.8999144Z 
8 Security Gate	Enforce the image policy	2026-10-07T14:06:39.9088875Z ┌──────────────────────────────────────────────────────────────────────────────────┬────────────┬─────────────────┐
8 Security Gate	Enforce the image policy	2026-10-07T14:06:39.9089822Z │                                      Target                                      │    Type    │ Vulnerabilities │
8 Security Gate	Enforce the image policy	2026-10-07T14:06:39.9090495Z ├──────────────────────────────────────────────────────────────────────────────────┼────────────┼─────────────────┤
8 Security Gate	Enforce the image policy	2026-10-07T14:06:39.9091198Z │ claim-check-api:1.0.7-1ecb2ab (debian 13.7)                                      │   debian   │        0        │
8 Security Gate	Enforce the image policy	2026-10-07T14:06:39.9092066Z ├──────────────────────────────────────────────────────────────────────────────────┼────────────┼─────────────────┤
8 Security Gate	Enforce the image policy	2026-10-07T14:06:39.9092827Z │ usr/local/lib/python3.13/site-packages/blinker-1.9.0.dist-info/METADATA          │ python-pkg │        0        │
8 Security Gate	Enforce the image policy	2026-10-07T14:06:39.9093629Z ├──────────────────────────────────────────────────────────────────────────────────┼────────────┼─────────────────┤
8 Security Gate	Enforce the image policy	2026-10-07T14:06:39.9094366Z │ usr/local/lib/python3.13/site-packages/certifi-2026.7.22.dist-info/METADATA      │ python-pkg │        0        │
8 Security Gate	Enforce the image policy	2026-10-07T14:06:39.9095168Z ├──────────────────────────────────────────────────────────────────────────────────┼────────────┼─────────────────┤
8 Security Gate	Enforce the image policy	2026-10-07T14:06:39.9095919Z │ usr/local/lib/python3.13/site-packages/charset_normalizer-3.5.2.dist-info/METAD- │ python-pkg │        0        │
8 Security Gate	Enforce the image policy	2026-10-07T14:06:39.9096835Z │ ATA                                                                              │            │                 │
8 Security Gate	Enforce the image policy	2026-10-07T14:06:39.9097454Z ├──────────────────────────────────────────────────────────────────────────────────┼────────────┼─────────────────┤
8 Security Gate	Enforce the image policy	2026-10-07T14:06:39.9098230Z │ usr/local/lib/python3.13/site-packages/click-8.5.0.dist-info/METADATA            │ python-pkg │        0        │
8 Security Gate	Enforce the image policy	2026-10-07T14:06:39.9099080Z ├──────────────────────────────────────────────────────────────────────────────────┼────────────┼─────────────────┤
8 Security Gate	Enforce the image policy	2026-10-07T14:06:39.9100183Z │ usr/local/lib/python3.13/site-packages/flask-3.1.3.dist-info/METADATA            │ python-pkg │        0        │
8 Security Gate	Enforce the image policy	2026-10-07T14:06:39.9101231Z ├──────────────────────────────────────────────────────────────────────────────────┼────────────┼─────────────────┤
8 Security Gate	Enforce the image policy	2026-10-07T14:06:39.9102026Z │ usr/local/lib/python3.13/site-packages/gunicorn-26.2.0.dist-info/METADATA        │ python-pkg │        0        │
8 Security Gate	Enforce the image policy	2026-10-07T14:06:39.9102877Z ├──────────────────────────────────────────────────────────────────────────────────┼────────────┼─────────────────┤
8 Security Gate	Enforce the image policy	2026-10-07T14:06:39.9103649Z │ usr/local/lib/python3.13/site-packages/idna-3.20.dist-info/METADATA              │ python-pkg │        0        │
8 Security Gate	Enforce the image policy	2026-10-07T14:06:39.9104473Z ├──────────────────────────────────────────────────────────────────────────────────┼────────────┼─────────────────┤
8 Security Gate	Enforce the image policy	2026-10-07T14:06:39.9105253Z │ usr/local/lib/python3.13/site-packages/itsdangerous-2.2.0.dist-info/METADATA     │ python-pkg │        0        │
8 Security Gate	Enforce the image policy	2026-10-07T14:06:39.9106087Z ├──────────────────────────────────────────────────────────────────────────────────┼────────────┼─────────────────┤
8 Security Gate	Enforce the image policy	2026-10-07T14:06:39.9106883Z │ usr/local/lib/python3.13/site-packages/jinja2-3.1.6.dist-info/METADATA           │ python-pkg │        0        │
8 Security Gate	Enforce the image policy	2026-10-07T14:06:39.9107706Z ├──────────────────────────────────────────────────────────────────────────────────┼────────────┼─────────────────┤
8 Security Gate	Enforce the image policy	2026-10-07T14:06:39.9108626Z │ usr/local/lib/python3.13/site-packages/markupsafe-3.0.4.dist-info/METADATA       │ python-pkg │        0        │
8 Security Gate	Enforce the image policy	2026-10-07T14:06:39.9109809Z ├──────────────────────────────────────────────────────────────────────────────────┼────────────┼─────────────────┤
8 Security Gate	Enforce the image policy	2026-10-07T14:06:39.9110621Z │ usr/local/lib/python3.13/site-packages/pyyaml-6.0.3.dist-info/METADATA           │ python-pkg │        0        │
8 Security Gate	Enforce the image policy	2026-10-07T14:06:39.9111452Z ├──────────────────────────────────────────────────────────────────────────────────┼────────────┼─────────────────┤
8 Security Gate	Enforce the image policy	2026-10-07T14:06:39.9112227Z │ usr/local/lib/python3.13/site-packages/requests-2.34.2.dist-info/METADATA        │ python-pkg │        0        │
8 Security Gate	Enforce the image policy	2026-10-07T14:06:39.9113231Z ├──────────────────────────────────────────────────────────────────────────────────┼────────────┼─────────────────┤
8 Security Gate	Enforce the image policy	2026-10-07T14:06:39.9113996Z │ usr/local/lib/python3.13/site-packages/urllib3-2.8.0.dist-info/METADATA          │ python-pkg │        0        │
8 Security Gate	Enforce the image policy	2026-10-07T14:06:39.9114824Z ├──────────────────────────────────────────────────────────────────────────────────┼────────────┼─────────────────┤
8 Security Gate	Enforce the image policy	2026-10-07T14:06:39.9115589Z │ usr/local/lib/python3.13/site-packages/werkzeug-3.1.9.dist-info/METADATA         │ python-pkg │        0        │
8 Security Gate	Enforce the image policy	2026-10-07T14:06:39.9116391Z └──────────────────────────────────────────────────────────────────────────────────┴────────────┴─────────────────┘
8 Security Gate	Enforce the image policy	2026-10-07T14:06:39.9116838Z Legend:
8 Security Gate	Enforce the image policy	2026-10-07T14:06:39.9117026Z - '-': Not scanned
8 Security Gate	Enforce the image policy	2026-10-07T14:06:39.9117273Z - '0': Clean (no security findings detected)
8 Security Gate	Enforce the image policy	2026-10-07T14:06:39.9117472Z 
8 Security Gate	Enforce the image policy	2026-10-07T14:06:39.9117584Z gate passed, the image may be published
8 Security Gate	Complete job	﻿2026-10-07T14:06:39.9190940Z Cleaning up orphan processes
8 Security Gate	Complete job	2026-10-07T14:06:39.9529727Z ##[warning]Node.js 20 is deprecated. The following actions target Node.js 20 but are being forced to run on Node.js 24: actions/download-artifact@v4. For more information see: https://github.blog/changelog/2025-09-19-deprecation-of-node-20-on-github-actions-runners/
9 Push Image to GHCR	Set up job	﻿2026-10-07T14:06:45.9121876Z Current runner version: '2.337.0'
9 Push Image to GHCR	Set up job	2026-10-07T14:06:45.9159872Z ##[group]Runner Image Provisioner
9 Push Image to GHCR	Set up job	2026-10-07T14:06:45.9161405Z Hosted Compute Agent
9 Push Image to GHCR	Set up job	2026-10-07T14:06:45.9162476Z Version: 20260901.588
9 Push Image to GHCR	Set up job	2026-10-07T14:06:45.9163781Z Commit: f88ec8081b781fac6c440065ac7ff9e710ce3d0b
9 Push Image to GHCR	Set up job	2026-10-07T14:06:45.9165497Z Build Date: 2026-09-01T19:56:44Z
9 Push Image to GHCR	Set up job	2026-10-07T14:06:45.9166734Z Worker ID: {17a541e6-41df-4475-9258-9aee24ce4c38}
9 Push Image to GHCR	Set up job	2026-10-07T14:06:45.9168267Z Azure Region: centralus
9 Push Image to GHCR	Set up job	2026-10-07T14:06:45.9169297Z ##[endgroup]
9 Push Image to GHCR	Set up job	2026-10-07T14:06:45.9172590Z ##[group]Operating System
9 Push Image to GHCR	Set up job	2026-10-07T14:06:45.9173802Z Ubuntu
9 Push Image to GHCR	Set up job	2026-10-07T14:06:45.9175119Z 24.04.5
9 Push Image to GHCR	Set up job	2026-10-07T14:06:45.9176246Z LTS
9 Push Image to GHCR	Set up job	2026-10-07T14:06:45.9177183Z ##[endgroup]
9 Push Image to GHCR	Set up job	2026-10-07T14:06:45.9178623Z ##[group]Runner Image
9 Push Image to GHCR	Set up job	2026-10-07T14:06:45.9179969Z Image: ubuntu-24.04
9 Push Image to GHCR	Set up job	2026-10-07T14:06:45.9181038Z Version: 20260927.320.1
9 Push Image to GHCR	Set up job	2026-10-07T14:06:45.9183174Z Included Software: https://github.com/actions/runner-images/blob/ubuntu24/20260927.320/images/ubuntu/Ubuntu2404-Readme.md
9 Push Image to GHCR	Set up job	2026-10-07T14:06:45.9186507Z Image Release: https://github.com/actions/runner-images/releases/tag/ubuntu24%2F20260927.320
9 Push Image to GHCR	Set up job	2026-10-07T14:06:45.9188559Z ##[endgroup]
9 Push Image to GHCR	Set up job	2026-10-07T14:06:45.9190743Z ##[group]GITHUB_TOKEN Permissions
9 Push Image to GHCR	Set up job	2026-10-07T14:06:45.9193984Z Contents: read
9 Push Image to GHCR	Set up job	2026-10-07T14:06:45.9195268Z Metadata: read
9 Push Image to GHCR	Set up job	2026-10-07T14:06:45.9196492Z Packages: write
9 Push Image to GHCR	Set up job	2026-10-07T14:06:45.9197556Z ##[endgroup]
9 Push Image to GHCR	Set up job	2026-10-07T14:06:45.9200784Z Secret source: Actions
9 Push Image to GHCR	Set up job	2026-10-07T14:06:45.9202241Z Cache mode: write
9 Push Image to GHCR	Set up job	2026-10-07T14:06:45.9203298Z Prepare workflow directory
9 Push Image to GHCR	Set up job	2026-10-07T14:06:45.9686992Z Prepare all required actions
9 Push Image to GHCR	Set up job	2026-10-07T14:06:45.9757534Z Getting action download info
9 Push Image to GHCR	Set up job	2026-10-07T14:06:46.2832773Z Download action repository 'actions/download-artifact@v4' (SHA:d3f86a106a0bac45b974a628896c90dbdf5c8093)
9 Push Image to GHCR	Set up job	2026-10-07T14:06:46.7846446Z Download action repository 'docker/login-action@v3' (SHA:c94ce9fb468520275223c153574b00df6fe4bcc9)
9 Push Image to GHCR	Set up job	2026-10-07T14:06:47.6614289Z Complete job name: 9 Push Image to GHCR
9 Push Image to GHCR	Download the image	﻿2026-10-07T14:06:47.7351127Z ##[group]Run actions/download-artifact@v4
9 Push Image to GHCR	Download the image	2026-10-07T14:06:47.7352134Z with:
9 Push Image to GHCR	Download the image	2026-10-07T14:06:47.7352625Z   name: claim-check-api-image
9 Push Image to GHCR	Download the image	2026-10-07T14:06:47.7353164Z   merge-multiple: false
9 Push Image to GHCR	Download the image	2026-10-07T14:06:47.7353702Z   repository: AmanYadav7015/devops-coursework
9 Push Image to GHCR	Download the image	2026-10-07T14:06:47.7354285Z   run-id: 37633505564
9 Push Image to GHCR	Download the image	2026-10-07T14:06:47.7355137Z env:
9 Push Image to GHCR	Download the image	2026-10-07T14:06:47.7355600Z   APP_DIR: labs/17-devsecops
9 Push Image to GHCR	Download the image	2026-10-07T14:06:47.7356209Z   IMAGE_NAME: claim-check-api
9 Push Image to GHCR	Download the image	2026-10-07T14:06:47.7356725Z   TRIVY_VERSION: 0.75.0
9 Push Image to GHCR	Download the image	2026-10-07T14:06:47.7357193Z   GITLEAKS_VERSION: 8.30.1
9 Push Image to GHCR	Download the image	2026-10-07T14:06:47.7357675Z   PYTHON_VERSION: 3.13
9 Push Image to GHCR	Download the image	2026-10-07T14:06:47.7358130Z ##[endgroup]
9 Push Image to GHCR	Download the image	2026-10-07T14:06:47.8939042Z Downloading single artifact
9 Push Image to GHCR	Download the image	2026-10-07T14:06:47.9061976Z (node:2156) [DEP0040] DeprecationWarning: The `punycode` module is deprecated. Please use a userland alternative instead.
9 Push Image to GHCR	Download the image	2026-10-07T14:06:47.9063386Z (Use `node --trace-deprecation ...` to show where the warning was created)
9 Push Image to GHCR	Download the image	2026-10-07T14:06:48.0603964Z Preparing to download the following artifacts:
9 Push Image to GHCR	Download the image	2026-10-07T14:06:48.0606828Z - claim-check-api-image (ID: 11487776183, Size: 47559133, Expected Digest: sha256:2b4a8bc8ac9de36538c3218cb74813d147d8663d07b2b96a6718c711a9fcf90f)
9 Push Image to GHCR	Download the image	2026-10-07T14:06:48.2222470Z Redirecting to blob download url: https://productionresultssa0.blob.core.windows.net/actions-results/e88afbd2-374b-89fb-92b7-ce612b8b9f2f/workflow-job-run-e2f7cf70-9eb0-57be-9549-b9aec34132f3/artifacts/f9c5d6b802cd6fa27eddc3f3422d02486a05079d38b14328033e3dd7d8831f07.zip
9 Push Image to GHCR	Download the image	2026-10-07T14:06:48.2225505Z Starting download of artifact to: /home/runner/work/devops-coursework/devops-coursework
9 Push Image to GHCR	Download the image	2026-10-07T14:06:48.4147496Z (node:2156) [DEP0005] DeprecationWarning: Buffer() is deprecated due to security and usability issues. Please use the Buffer.alloc(), Buffer.allocUnsafe(), or Buffer.from() methods instead.
9 Push Image to GHCR	Download the image	2026-10-07T14:06:51.0165052Z SHA256 digest of downloaded artifact is 2b4a8bc8ac9de36538c3218cb74813d147d8663d07b2b96a6718c711a9fcf90f
9 Push Image to GHCR	Download the image	2026-10-07T14:06:51.0168000Z Artifact download completed successfully.
9 Push Image to GHCR	Download the image	2026-10-07T14:06:51.0169752Z Total of 1 artifact(s) downloaded
9 Push Image to GHCR	Download the image	2026-10-07T14:06:51.0170893Z Download artifact has finished successfully
9 Push Image to GHCR	Load the gated image	﻿2026-10-07T14:06:51.0405449Z ##[group]Run gunzip -c image.tar.gz | docker load
9 Push Image to GHCR	Load the gated image	2026-10-07T14:06:51.0406078Z [36;1mgunzip -c image.tar.gz | docker load[0m
9 Push Image to GHCR	Load the gated image	2026-10-07T14:06:51.0406475Z [36;1mdocker image ls "${IMAGE_NAME}"[0m
9 Push Image to GHCR	Load the gated image	2026-10-07T14:06:51.0664299Z shell: /usr/bin/bash --noprofile --norc -e -o pipefail {0}
9 Push Image to GHCR	Load the gated image	2026-10-07T14:06:51.0665132Z env:
9 Push Image to GHCR	Load the gated image	2026-10-07T14:06:51.0665441Z   APP_DIR: labs/17-devsecops
9 Push Image to GHCR	Load the gated image	2026-10-07T14:06:51.0665783Z   IMAGE_NAME: claim-check-api
9 Push Image to GHCR	Load the gated image	2026-10-07T14:06:51.0666113Z   TRIVY_VERSION: 0.75.0
9 Push Image to GHCR	Load the gated image	2026-10-07T14:06:51.0666419Z   GITLEAKS_VERSION: 8.30.1
9 Push Image to GHCR	Load the gated image	2026-10-07T14:06:51.0666735Z   PYTHON_VERSION: 3.13
9 Push Image to GHCR	Load the gated image	2026-10-07T14:06:51.0667019Z ##[endgroup]
9 Push Image to GHCR	Load the gated image	2026-10-07T14:06:57.0806199Z Loaded image: claim-check-api:1.0.7-1ecb2ab
9 Push Image to GHCR	Load the gated image	2026-10-07T14:06:57.1128748Z REPOSITORY        TAG             IMAGE ID       CREATED              SIZE
9 Push Image to GHCR	Load the gated image	2026-10-07T14:06:57.1129792Z claim-check-api   1.0.7-1ecb2ab   7373a5bfc8f4   About a minute ago   129MB
9 Push Image to GHCR	Login to GHCR	﻿2026-10-07T14:06:57.1220495Z ##[group]Run docker/login-action@v3
9 Push Image to GHCR	Login to GHCR	2026-10-07T14:06:57.1220824Z with:
9 Push Image to GHCR	Login to GHCR	2026-10-07T14:06:57.1221196Z   registry: ghcr.io
9 Push Image to GHCR	Login to GHCR	2026-10-07T14:06:57.1221577Z   username: AmanYadav7015
9 Push Image to GHCR	Login to GHCR	2026-10-07T14:06:57.1224153Z   password: ***
9 Push Image to GHCR	Login to GHCR	2026-10-07T14:06:57.1224380Z   logout: true
9 Push Image to GHCR	Login to GHCR	2026-10-07T14:06:57.1224577Z env:
9 Push Image to GHCR	Login to GHCR	2026-10-07T14:06:57.1225056Z   APP_DIR: labs/17-devsecops
9 Push Image to GHCR	Login to GHCR	2026-10-07T14:06:57.1225342Z   IMAGE_NAME: claim-check-api
9 Push Image to GHCR	Login to GHCR	2026-10-07T14:06:57.1225589Z   TRIVY_VERSION: 0.75.0
9 Push Image to GHCR	Login to GHCR	2026-10-07T14:06:57.1225817Z   GITLEAKS_VERSION: 8.30.1
9 Push Image to GHCR	Login to GHCR	2026-10-07T14:06:57.1226058Z   PYTHON_VERSION: 3.13
9 Push Image to GHCR	Login to GHCR	2026-10-07T14:06:57.1226284Z ##[endgroup]
9 Push Image to GHCR	Login to GHCR	2026-10-07T14:06:57.4335260Z Logging into ghcr.io...
9 Push Image to GHCR	Login to GHCR	2026-10-07T14:06:57.4358682Z (node:2204) [DEP0040] DeprecationWarning: The `punycode` module is deprecated. Please use a userland alternative instead.
9 Push Image to GHCR	Login to GHCR	2026-10-07T14:06:57.4359670Z (Use `node --trace-deprecation ...` to show where the warning was created)
9 Push Image to GHCR	Login to GHCR	2026-10-07T14:06:57.8643698Z Login Succeeded!
9 Push Image to GHCR	Tag and push	﻿2026-10-07T14:06:57.8799863Z ##[group]Run LOCAL="${IMAGE_NAME}:1.0.7-1ecb2ab"
9 Push Image to GHCR	Tag and push	2026-10-07T14:06:57.8800291Z [36;1mLOCAL="${IMAGE_NAME}:1.0.7-1ecb2ab"[0m
9 Push Image to GHCR	Tag and push	2026-10-07T14:06:57.8800734Z [36;1mREMOTE="ghcr.io/amanyadav7015/devops-coursework/claim-check-api"[0m
9 Push Image to GHCR	Tag and push	2026-10-07T14:06:57.8801189Z [36;1mdocker tag "$LOCAL" "${REMOTE}:1.0.7-1ecb2ab"[0m
9 Push Image to GHCR	Tag and push	2026-10-07T14:06:57.8801616Z [36;1mdocker tag "$LOCAL" "${REMOTE}:session17-latest"[0m
9 Push Image to GHCR	Tag and push	2026-10-07T14:06:57.8801969Z [36;1mdocker push "${REMOTE}:1.0.7-1ecb2ab"[0m
9 Push Image to GHCR	Tag and push	2026-10-07T14:06:57.8802298Z [36;1mdocker push "${REMOTE}:session17-latest"[0m
9 Push Image to GHCR	Tag and push	2026-10-07T14:06:57.8865773Z shell: /usr/bin/bash --noprofile --norc -e -o pipefail {0}
9 Push Image to GHCR	Tag and push	2026-10-07T14:06:57.8866137Z env:
9 Push Image to GHCR	Tag and push	2026-10-07T14:06:57.8866377Z   APP_DIR: labs/17-devsecops
9 Push Image to GHCR	Tag and push	2026-10-07T14:06:57.8866667Z   IMAGE_NAME: claim-check-api
9 Push Image to GHCR	Tag and push	2026-10-07T14:06:57.8866914Z   TRIVY_VERSION: 0.75.0
9 Push Image to GHCR	Tag and push	2026-10-07T14:06:57.8867148Z   GITLEAKS_VERSION: 8.30.1
9 Push Image to GHCR	Tag and push	2026-10-07T14:06:57.8867396Z   PYTHON_VERSION: 3.13
9 Push Image to GHCR	Tag and push	2026-10-07T14:06:57.8867619Z ##[endgroup]
9 Push Image to GHCR	Tag and push	2026-10-07T14:06:57.9478651Z The push refers to repository [ghcr.io/amanyadav7015/devops-coursework/claim-check-api]
9 Push Image to GHCR	Tag and push	2026-10-07T14:06:58.0521971Z 176a479e8c81: Preparing
9 Push Image to GHCR	Tag and push	2026-10-07T14:06:58.0524836Z 5e750eb8c918: Preparing
9 Push Image to GHCR	Tag and push	2026-10-07T14:06:58.0525809Z bb9af80166fa: Preparing
9 Push Image to GHCR	Tag and push	2026-10-07T14:06:58.0526980Z e63bc6bf1718: Preparing
9 Push Image to GHCR	Tag and push	2026-10-07T14:06:58.0527494Z 3e79e6defbf7: Preparing
9 Push Image to GHCR	Tag and push	2026-10-07T14:06:58.0528226Z 5f70bf18a086: Preparing
9 Push Image to GHCR	Tag and push	2026-10-07T14:06:58.0528636Z d175833b7147: Preparing
9 Push Image to GHCR	Tag and push	2026-10-07T14:06:58.0529531Z acbf34fa608c: Preparing
9 Push Image to GHCR	Tag and push	2026-10-07T14:06:58.0529984Z 285510654d1d: Preparing
9 Push Image to GHCR	Tag and push	2026-10-07T14:06:58.0530397Z 15f1c8eb1ab1: Preparing
9 Push Image to GHCR	Tag and push	2026-10-07T14:06:58.0530795Z 5f70bf18a086: Waiting
9 Push Image to GHCR	Tag and push	2026-10-07T14:06:58.0531844Z d175833b7147: Waiting
9 Push Image to GHCR	Tag and push	2026-10-07T14:06:58.0532277Z acbf34fa608c: Waiting
9 Push Image to GHCR	Tag and push	2026-10-07T14:06:58.0532996Z 285510654d1d: Waiting
9 Push Image to GHCR	Tag and push	2026-10-07T14:06:58.0533410Z 15f1c8eb1ab1: Waiting
9 Push Image to GHCR	Tag and push	2026-10-07T14:06:59.7930481Z 176a479e8c81: Pushed
9 Push Image to GHCR	Tag and push	2026-10-07T14:06:59.8249922Z e63bc6bf1718: Pushed
9 Push Image to GHCR	Tag and push	2026-10-07T14:06:59.9242799Z 5e750eb8c918: Pushed
9 Push Image to GHCR	Tag and push	2026-10-07T14:06:59.9271586Z 5f70bf18a086: Layer already exists
9 Push Image to GHCR	Tag and push	2026-10-07T14:07:00.0156777Z 3e79e6defbf7: Pushed
9 Push Image to GHCR	Tag and push	2026-10-07T14:07:00.1701319Z bb9af80166fa: Pushed
9 Push Image to GHCR	Tag and push	2026-10-07T14:07:00.8746136Z d175833b7147: Pushed
9 Push Image to GHCR	Tag and push	2026-10-07T14:07:01.1385802Z 285510654d1d: Pushed
9 Push Image to GHCR	Tag and push	2026-10-07T14:07:02.6247545Z acbf34fa608c: Pushed
9 Push Image to GHCR	Tag and push	2026-10-07T14:07:04.2696730Z 15f1c8eb1ab1: Pushed
9 Push Image to GHCR	Tag and push	2026-10-07T14:07:06.4160616Z 1.0.7-1ecb2ab: digest: sha256:426e41e7c2f01d48d47214a714551cc134e0bd2153ae33993ed0d4387f93ea01 size: 2410
9 Push Image to GHCR	Tag and push	2026-10-07T14:07:06.4350729Z The push refers to repository [ghcr.io/amanyadav7015/devops-coursework/claim-check-api]
9 Push Image to GHCR	Tag and push	2026-10-07T14:07:06.5456826Z 176a479e8c81: Preparing
9 Push Image to GHCR	Tag and push	2026-10-07T14:07:06.5457796Z 5e750eb8c918: Preparing
9 Push Image to GHCR	Tag and push	2026-10-07T14:07:06.5458690Z bb9af80166fa: Preparing
9 Push Image to GHCR	Tag and push	2026-10-07T14:07:06.5459934Z e63bc6bf1718: Preparing
9 Push Image to GHCR	Tag and push	2026-10-07T14:07:06.5460540Z 3e79e6defbf7: Preparing
9 Push Image to GHCR	Tag and push	2026-10-07T14:07:06.5460951Z 5f70bf18a086: Preparing
9 Push Image to GHCR	Tag and push	2026-10-07T14:07:06.5461221Z d175833b7147: Preparing
9 Push Image to GHCR	Tag and push	2026-10-07T14:07:06.5461664Z acbf34fa608c: Preparing
9 Push Image to GHCR	Tag and push	2026-10-07T14:07:06.5461985Z 285510654d1d: Preparing
9 Push Image to GHCR	Tag and push	2026-10-07T14:07:06.5462209Z 15f1c8eb1ab1: Preparing
9 Push Image to GHCR	Tag and push	2026-10-07T14:07:06.5462431Z 5f70bf18a086: Waiting
9 Push Image to GHCR	Tag and push	2026-10-07T14:07:06.5462640Z d175833b7147: Waiting
9 Push Image to GHCR	Tag and push	2026-10-07T14:07:06.5462996Z acbf34fa608c: Waiting
9 Push Image to GHCR	Tag and push	2026-10-07T14:07:06.5463247Z 285510654d1d: Waiting
9 Push Image to GHCR	Tag and push	2026-10-07T14:07:06.5463456Z 15f1c8eb1ab1: Waiting
9 Push Image to GHCR	Tag and push	2026-10-07T14:07:06.8404497Z 176a479e8c81: Layer already exists
9 Push Image to GHCR	Tag and push	2026-10-07T14:07:06.8547094Z e63bc6bf1718: Layer already exists
9 Push Image to GHCR	Tag and push	2026-10-07T14:07:06.8549822Z 3e79e6defbf7: Layer already exists
9 Push Image to GHCR	Tag and push	2026-10-07T14:07:06.8560252Z bb9af80166fa: Layer already exists
9 Push Image to GHCR	Tag and push	2026-10-07T14:07:06.8560870Z 5e750eb8c918: Layer already exists
9 Push Image to GHCR	Tag and push	2026-10-07T14:07:06.9577581Z acbf34fa608c: Layer already exists
9 Push Image to GHCR	Tag and push	2026-10-07T14:07:06.9735839Z 5f70bf18a086: Layer already exists
9 Push Image to GHCR	Tag and push	2026-10-07T14:07:06.9755338Z 285510654d1d: Layer already exists
9 Push Image to GHCR	Tag and push	2026-10-07T14:07:06.9825283Z d175833b7147: Layer already exists
9 Push Image to GHCR	Tag and push	2026-10-07T14:07:06.9901783Z 15f1c8eb1ab1: Layer already exists
9 Push Image to GHCR	Tag and push	2026-10-07T14:07:07.5289976Z session17-latest: digest: sha256:426e41e7c2f01d48d47214a714551cc134e0bd2153ae33993ed0d4387f93ea01 size: 2410
9 Push Image to GHCR	Report the published package reference	﻿2026-10-07T14:07:07.5361342Z ##[group]Run REMOTE="ghcr.io/amanyadav7015/devops-coursework/claim-check-api"
9 Push Image to GHCR	Report the published package reference	2026-10-07T14:07:07.5361975Z [36;1mREMOTE="ghcr.io/amanyadav7015/devops-coursework/claim-check-api"[0m
9 Push Image to GHCR	Report the published package reference	2026-10-07T14:07:07.5362436Z [36;1mdocker image inspect "${REMOTE}:1.0.7-1ecb2ab" \[0m
9 Push Image to GHCR	Report the published package reference	2026-10-07T14:07:07.5362815Z [36;1m  --format 'digest={{index .RepoDigests 0}}'[0m
9 Push Image to GHCR	Report the published package reference	2026-10-07T14:07:07.5363194Z [36;1mecho "package reference : ${REMOTE}:1.0.7-1ecb2ab"[0m
9 Push Image to GHCR	Report the published package reference	2026-10-07T14:07:07.5363598Z [36;1mecho "package reference : ${REMOTE}:session17-latest"[0m
9 Push Image to GHCR	Report the published package reference	2026-10-07T14:07:07.5364178Z [36;1mecho "packages page     : https://github.com/${GITHUB_REPOSITORY}/pkgs/container/${IMAGE_NAME}"[0m
9 Push Image to GHCR	Report the published package reference	2026-10-07T14:07:07.5425438Z shell: /usr/bin/bash --noprofile --norc -e -o pipefail {0}
9 Push Image to GHCR	Report the published package reference	2026-10-07T14:07:07.5425797Z env:
9 Push Image to GHCR	Report the published package reference	2026-10-07T14:07:07.5426010Z   APP_DIR: labs/17-devsecops
9 Push Image to GHCR	Report the published package reference	2026-10-07T14:07:07.5426271Z   IMAGE_NAME: claim-check-api
9 Push Image to GHCR	Report the published package reference	2026-10-07T14:07:07.5426517Z   TRIVY_VERSION: 0.75.0
9 Push Image to GHCR	Report the published package reference	2026-10-07T14:07:07.5426744Z   GITLEAKS_VERSION: 8.30.1
9 Push Image to GHCR	Report the published package reference	2026-10-07T14:07:07.5427019Z   PYTHON_VERSION: 3.13
9 Push Image to GHCR	Report the published package reference	2026-10-07T14:07:07.5427238Z ##[endgroup]
9 Push Image to GHCR	Report the published package reference	2026-10-07T14:07:07.5626342Z digest=ghcr.io/amanyadav7015/devops-coursework/claim-check-api@sha256:426e41e7c2f01d48d47214a714551cc134e0bd2153ae33993ed0d4387f93ea01
9 Push Image to GHCR	Report the published package reference	2026-10-07T14:07:07.5638353Z package reference : ghcr.io/amanyadav7015/devops-coursework/claim-check-api:1.0.7-1ecb2ab
9 Push Image to GHCR	Report the published package reference	2026-10-07T14:07:07.5639461Z package reference : ghcr.io/amanyadav7015/devops-coursework/claim-check-api:session17-latest
9 Push Image to GHCR	Report the published package reference	2026-10-07T14:07:07.5640950Z packages page     : https://github.com/AmanYadav7015/devops-coursework/pkgs/container/claim-check-api
9 Push Image to GHCR	Post Login to GHCR	﻿2026-10-07T14:07:07.5719301Z Post job cleanup.
9 Push Image to GHCR	Post Login to GHCR	2026-10-07T14:07:07.8810067Z ##[group]Logout from ghcr.io
9 Push Image to GHCR	Post Login to GHCR	2026-10-07T14:07:07.8830833Z (node:2304) [DEP0040] DeprecationWarning: The `punycode` module is deprecated. Please use a userland alternative instead.
9 Push Image to GHCR	Post Login to GHCR	2026-10-07T14:07:07.8832108Z (Use `node --trace-deprecation ...` to show where the warning was created)
9 Push Image to GHCR	Post Login to GHCR	2026-10-07T14:07:07.8863959Z [command]/usr/bin/docker logout ghcr.io
9 Push Image to GHCR	Post Login to GHCR	2026-10-07T14:07:07.9015710Z Removing login credentials for ghcr.io
9 Push Image to GHCR	Post Login to GHCR	2026-10-07T14:07:07.9043147Z ##[endgroup]
9 Push Image to GHCR	Post Login to GHCR	2026-10-07T14:07:07.9044123Z ##[group]Post cache
9 Push Image to GHCR	Post Login to GHCR	2026-10-07T14:07:07.9045439Z State not set
9 Push Image to GHCR	Post Login to GHCR	2026-10-07T14:07:07.9056323Z ##[endgroup]
9 Push Image to GHCR	Complete job	﻿2026-10-07T14:07:07.9169954Z Cleaning up orphan processes
9 Push Image to GHCR	Complete job	2026-10-07T14:07:07.9655531Z ##[warning]Node.js 20 is deprecated. The following actions target Node.js 20 but are being forced to run on Node.js 24: actions/download-artifact@v4, docker/login-action@v3. For more information see: https://github.blog/changelog/2025-09-19-deprecation-of-node-20-on-github-actions-runners/
10 Deploy to Kubernetes	Set up job	﻿2026-10-07T14:07:14.7309761Z Current runner version: '2.337.0'
10 Deploy to Kubernetes	Set up job	2026-10-07T14:07:14.7335359Z ##[group]Runner Image Provisioner
10 Deploy to Kubernetes	Set up job	2026-10-07T14:07:14.7336319Z Hosted Compute Agent
10 Deploy to Kubernetes	Set up job	2026-10-07T14:07:14.7336972Z Version: 20260901.588
10 Deploy to Kubernetes	Set up job	2026-10-07T14:07:14.7337642Z Commit: f88ec8081b781fac6c440065ac7ff9e710ce3d0b
10 Deploy to Kubernetes	Set up job	2026-10-07T14:07:14.7338388Z Build Date: 2026-09-01T19:56:44Z
10 Deploy to Kubernetes	Set up job	2026-10-07T14:07:14.7339131Z Worker ID: {e9b0f59e-9a37-4a50-a377-5b4146f20436}
10 Deploy to Kubernetes	Set up job	2026-10-07T14:07:14.7339892Z Azure Region: westcentralus
10 Deploy to Kubernetes	Set up job	2026-10-07T14:07:14.7340484Z ##[endgroup]
10 Deploy to Kubernetes	Set up job	2026-10-07T14:07:14.7342346Z ##[group]Operating System
10 Deploy to Kubernetes	Set up job	2026-10-07T14:07:14.7343019Z Ubuntu
10 Deploy to Kubernetes	Set up job	2026-10-07T14:07:14.7343958Z 24.04.5
10 Deploy to Kubernetes	Set up job	2026-10-07T14:07:14.7344585Z LTS
10 Deploy to Kubernetes	Set up job	2026-10-07T14:07:14.7345113Z ##[endgroup]
10 Deploy to Kubernetes	Set up job	2026-10-07T14:07:14.7345738Z ##[group]Runner Image
10 Deploy to Kubernetes	Set up job	2026-10-07T14:07:14.7346342Z Image: ubuntu-24.04
10 Deploy to Kubernetes	Set up job	2026-10-07T14:07:14.7346929Z Version: 20260927.320.1
10 Deploy to Kubernetes	Set up job	2026-10-07T14:07:14.7348075Z Included Software: https://github.com/actions/runner-images/blob/ubuntu24/20260927.320/images/ubuntu/Ubuntu2404-Readme.md
10 Deploy to Kubernetes	Set up job	2026-10-07T14:07:14.7349899Z Image Release: https://github.com/actions/runner-images/releases/tag/ubuntu24%2F20260927.320
10 Deploy to Kubernetes	Set up job	2026-10-07T14:07:14.7351092Z ##[endgroup]
10 Deploy to Kubernetes	Set up job	2026-10-07T14:07:14.7352585Z ##[group]GITHUB_TOKEN Permissions
10 Deploy to Kubernetes	Set up job	2026-10-07T14:07:14.7354675Z Contents: read
10 Deploy to Kubernetes	Set up job	2026-10-07T14:07:14.7355371Z Metadata: read
10 Deploy to Kubernetes	Set up job	2026-10-07T14:07:14.7355955Z ##[endgroup]
10 Deploy to Kubernetes	Set up job	2026-10-07T14:07:14.7358011Z Secret source: Actions
10 Deploy to Kubernetes	Set up job	2026-10-07T14:07:14.7359110Z Cache mode: write
10 Deploy to Kubernetes	Set up job	2026-10-07T14:07:14.7359806Z Prepare workflow directory
10 Deploy to Kubernetes	Set up job	2026-10-07T14:07:14.7833320Z Prepare all required actions
10 Deploy to Kubernetes	Set up job	2026-10-07T14:07:14.7881589Z Getting action download info
10 Deploy to Kubernetes	Set up job	2026-10-07T14:07:15.1279352Z Download action repository 'actions/checkout@v4' (SHA:11d5960a326750d5838078e36cf38b85af677262)
10 Deploy to Kubernetes	Set up job	2026-10-07T14:07:15.2303424Z Download action repository 'azure/setup-kubectl@v4' (SHA:776406bce94f63e41d621b960d78ee25c8b76ede)
10 Deploy to Kubernetes	Set up job	2026-10-07T14:07:15.5784204Z Download action repository 'actions/upload-artifact@v4' (SHA:ea165f8d65b6e75b540449e92b4886f43607fa02)
10 Deploy to Kubernetes	Set up job	2026-10-07T14:07:15.7780187Z Complete job name: 10 Deploy to Kubernetes
10 Deploy to Kubernetes	Checkout code	﻿2026-10-07T14:07:15.8547798Z ##[group]Run actions/checkout@v4
10 Deploy to Kubernetes	Checkout code	2026-10-07T14:07:15.8548704Z with:
10 Deploy to Kubernetes	Checkout code	2026-10-07T14:07:15.8549196Z   repository: AmanYadav7015/devops-coursework
10 Deploy to Kubernetes	Checkout code	2026-10-07T14:07:15.8553301Z   token: ***
10 Deploy to Kubernetes	Checkout code	2026-10-07T14:07:15.8553751Z   ssh-strict: true
10 Deploy to Kubernetes	Checkout code	2026-10-07T14:07:15.8554271Z   ssh-user: git
10 Deploy to Kubernetes	Checkout code	2026-10-07T14:07:15.8554733Z   persist-credentials: true
10 Deploy to Kubernetes	Checkout code	2026-10-07T14:07:15.8555223Z   clean: true
10 Deploy to Kubernetes	Checkout code	2026-10-07T14:07:15.8555666Z   sparse-checkout-cone-mode: true
10 Deploy to Kubernetes	Checkout code	2026-10-07T14:07:15.8556251Z   fetch-depth: 1
10 Deploy to Kubernetes	Checkout code	2026-10-07T14:07:15.8556706Z   fetch-tags: false
10 Deploy to Kubernetes	Checkout code	2026-10-07T14:07:15.8557144Z   show-progress: true
10 Deploy to Kubernetes	Checkout code	2026-10-07T14:07:15.8557589Z   lfs: false
10 Deploy to Kubernetes	Checkout code	2026-10-07T14:07:15.8558001Z   submodules: false
10 Deploy to Kubernetes	Checkout code	2026-10-07T14:07:15.8558438Z   set-safe-directory: true
10 Deploy to Kubernetes	Checkout code	2026-10-07T14:07:15.8558955Z   allow-unsafe-pr-checkout: false
10 Deploy to Kubernetes	Checkout code	2026-10-07T14:07:15.8559741Z env:
10 Deploy to Kubernetes	Checkout code	2026-10-07T14:07:15.8560242Z   APP_DIR: labs/17-devsecops
10 Deploy to Kubernetes	Checkout code	2026-10-07T14:07:15.8560753Z   IMAGE_NAME: claim-check-api
10 Deploy to Kubernetes	Checkout code	2026-10-07T14:07:15.8561581Z   TRIVY_VERSION: 0.75.0
10 Deploy to Kubernetes	Checkout code	2026-10-07T14:07:15.8562117Z   GITLEAKS_VERSION: 8.30.1
10 Deploy to Kubernetes	Checkout code	2026-10-07T14:07:15.8562595Z   PYTHON_VERSION: 3.13
10 Deploy to Kubernetes	Checkout code	2026-10-07T14:07:15.8563037Z ##[endgroup]
10 Deploy to Kubernetes	Checkout code	2026-10-07T14:07:15.9562367Z Syncing repository: AmanYadav7015/devops-coursework
10 Deploy to Kubernetes	Checkout code	2026-10-07T14:07:15.9565751Z ##[group]Getting Git version info
10 Deploy to Kubernetes	Checkout code	2026-10-07T14:07:15.9567257Z Working directory is '/home/runner/work/devops-coursework/devops-coursework'
10 Deploy to Kubernetes	Checkout code	2026-10-07T14:07:15.9568859Z [command]/usr/bin/git version
10 Deploy to Kubernetes	Checkout code	2026-10-07T14:07:15.9635835Z git version 2.55.0
10 Deploy to Kubernetes	Checkout code	2026-10-07T14:07:15.9657831Z ##[endgroup]
10 Deploy to Kubernetes	Checkout code	2026-10-07T14:07:15.9681593Z Temporarily overriding HOME='/home/runner/work/_temp/7d55eca9-27e3-4b35-b8f8-81cc96e748af' before making global git config changes
10 Deploy to Kubernetes	Checkout code	2026-10-07T14:07:15.9684345Z Adding repository directory to the temporary git global config as a safe directory
10 Deploy to Kubernetes	Checkout code	2026-10-07T14:07:15.9688908Z [command]/usr/bin/git config --global --add safe.directory /home/runner/work/devops-coursework/devops-coursework
10 Deploy to Kubernetes	Checkout code	2026-10-07T14:07:15.9756168Z Deleting the contents of '/home/runner/work/devops-coursework/devops-coursework'
10 Deploy to Kubernetes	Checkout code	2026-10-07T14:07:15.9759699Z ##[group]Initializing the repository
10 Deploy to Kubernetes	Checkout code	2026-10-07T14:07:15.9765046Z [command]/usr/bin/git init /home/runner/work/devops-coursework/devops-coursework
10 Deploy to Kubernetes	Checkout code	2026-10-07T14:07:15.9881817Z hint: Using 'master' as the name for the initial branch. This default branch name
10 Deploy to Kubernetes	Checkout code	2026-10-07T14:07:15.9883286Z hint: will change to "main" in Git 3.0. To configure the initial branch name
10 Deploy to Kubernetes	Checkout code	2026-10-07T14:07:15.9884803Z hint: to use in all of your new repositories, which will suppress this warning,
10 Deploy to Kubernetes	Checkout code	2026-10-07T14:07:15.9886234Z hint: call:
10 Deploy to Kubernetes	Checkout code	2026-10-07T14:07:15.9886983Z hint:
10 Deploy to Kubernetes	Checkout code	2026-10-07T14:07:15.9887945Z hint: 	git config --global init.defaultBranch <name>
10 Deploy to Kubernetes	Checkout code	2026-10-07T14:07:15.9889050Z hint:
10 Deploy to Kubernetes	Checkout code	2026-10-07T14:07:15.9890082Z hint: Names commonly chosen instead of 'master' are 'main', 'trunk' and
10 Deploy to Kubernetes	Checkout code	2026-10-07T14:07:15.9892044Z hint: 'development'. The just-created branch can be renamed via this command:
10 Deploy to Kubernetes	Checkout code	2026-10-07T14:07:15.9893405Z hint:
10 Deploy to Kubernetes	Checkout code	2026-10-07T14:07:15.9894126Z hint: 	git branch -m <name>
10 Deploy to Kubernetes	Checkout code	2026-10-07T14:07:15.9894957Z hint:
10 Deploy to Kubernetes	Checkout code	2026-10-07T14:07:15.9896042Z hint: Disable this message with "git config set advice.defaultBranchName false"
10 Deploy to Kubernetes	Checkout code	2026-10-07T14:07:15.9897897Z Initialized empty Git repository in /home/runner/work/devops-coursework/devops-coursework/.git/
10 Deploy to Kubernetes	Checkout code	2026-10-07T14:07:15.9900495Z [command]/usr/bin/git remote add origin https://github.com/AmanYadav7015/devops-coursework
10 Deploy to Kubernetes	Checkout code	2026-10-07T14:07:15.9953047Z ##[endgroup]
10 Deploy to Kubernetes	Checkout code	2026-10-07T14:07:15.9954547Z ##[group]Disabling automatic garbage collection
10 Deploy to Kubernetes	Checkout code	2026-10-07T14:07:15.9956890Z [command]/usr/bin/git config --local gc.auto 0
10 Deploy to Kubernetes	Checkout code	2026-10-07T14:07:15.9991772Z ##[endgroup]
10 Deploy to Kubernetes	Checkout code	2026-10-07T14:07:15.9993122Z ##[group]Setting up auth
10 Deploy to Kubernetes	Checkout code	2026-10-07T14:07:15.9999471Z [command]/usr/bin/git config --local --name-only --get-regexp core\.sshCommand
10 Deploy to Kubernetes	Checkout code	2026-10-07T14:07:16.0062564Z [command]/usr/bin/git submodule foreach --recursive sh -c "git config --local --name-only --get-regexp 'core\.sshCommand' && git config --local --unset-all 'core.sshCommand' || :"
10 Deploy to Kubernetes	Checkout code	2026-10-07T14:07:16.0409636Z [command]/usr/bin/git config --local --name-only --get-regexp http\.https\:\/\/github\.com\/\.extraheader
10 Deploy to Kubernetes	Checkout code	2026-10-07T14:07:16.0463762Z [command]/usr/bin/git submodule foreach --recursive sh -c "git config --local --name-only --get-regexp 'http\.https\:\/\/github\.com\/\.extraheader' && git config --local --unset-all 'http.https://github.com/.extraheader' || :"
10 Deploy to Kubernetes	Checkout code	2026-10-07T14:07:16.0704109Z [command]/usr/bin/git config --local --name-only --get-regexp ^includeIf\.gitdir:
10 Deploy to Kubernetes	Checkout code	2026-10-07T14:07:16.0743677Z [command]/usr/bin/git submodule foreach --recursive git config --local --show-origin --name-only --get-regexp remote.origin.url
10 Deploy to Kubernetes	Checkout code	2026-10-07T14:07:16.0966746Z [command]/usr/bin/git config --local http.https://github.com/.extraheader AUTHORIZATION: basic ***
10 Deploy to Kubernetes	Checkout code	2026-10-07T14:07:16.1007528Z ##[endgroup]
10 Deploy to Kubernetes	Checkout code	2026-10-07T14:07:16.1008544Z ##[group]Fetching the repository
10 Deploy to Kubernetes	Checkout code	2026-10-07T14:07:16.1018051Z [command]/usr/bin/git -c protocol.version=2 fetch --no-tags --prune --no-recurse-submodules --depth=1 origin +1ecb2ab13722444f111c4b843510a96c4e63250a:refs/remotes/origin/session-17-devsecops-ci
10 Deploy to Kubernetes	Checkout code	2026-10-07T14:07:17.6959133Z From https://github.com/AmanYadav7015/devops-coursework
10 Deploy to Kubernetes	Checkout code	2026-10-07T14:07:17.6960380Z  * [new ref]         1ecb2ab13722444f111c4b843510a96c4e63250a -> origin/session-17-devsecops-ci
10 Deploy to Kubernetes	Checkout code	2026-10-07T14:07:17.6963684Z ##[endgroup]
10 Deploy to Kubernetes	Checkout code	2026-10-07T14:07:17.6964451Z ##[group]Determining the checkout info
10 Deploy to Kubernetes	Checkout code	2026-10-07T14:07:17.6965757Z ##[endgroup]
10 Deploy to Kubernetes	Checkout code	2026-10-07T14:07:17.6971467Z [command]/usr/bin/git sparse-checkout disable
10 Deploy to Kubernetes	Checkout code	2026-10-07T14:07:17.7035022Z [command]/usr/bin/git config --local --unset-all extensions.worktreeConfig
10 Deploy to Kubernetes	Checkout code	2026-10-07T14:07:17.7073037Z ##[group]Checking out the ref
10 Deploy to Kubernetes	Checkout code	2026-10-07T14:07:17.7073869Z [command]/usr/bin/git checkout --progress --force -B session-17-devsecops-ci refs/remotes/origin/session-17-devsecops-ci
10 Deploy to Kubernetes	Checkout code	2026-10-07T14:07:17.8271457Z Switched to a new branch 'session-17-devsecops-ci'
10 Deploy to Kubernetes	Checkout code	2026-10-07T14:07:17.8277370Z branch 'session-17-devsecops-ci' set up to track 'origin/session-17-devsecops-ci'.
10 Deploy to Kubernetes	Checkout code	2026-10-07T14:07:17.8287304Z ##[endgroup]
10 Deploy to Kubernetes	Checkout code	2026-10-07T14:07:17.8335021Z [command]/usr/bin/git log -1 --format=%H
10 Deploy to Kubernetes	Checkout code	2026-10-07T14:07:17.8363307Z 1ecb2ab13722444f111c4b843510a96c4e63250a
10 Deploy to Kubernetes	Setup kubectl	﻿2026-10-07T14:07:17.8591987Z ##[group]Run azure/setup-kubectl@v4
10 Deploy to Kubernetes	Setup kubectl	2026-10-07T14:07:17.8592585Z with:
10 Deploy to Kubernetes	Setup kubectl	2026-10-07T14:07:17.8592993Z   version: v1.33.0
10 Deploy to Kubernetes	Setup kubectl	2026-10-07T14:07:17.8593412Z env:
10 Deploy to Kubernetes	Setup kubectl	2026-10-07T14:07:17.8593827Z   APP_DIR: labs/17-devsecops
10 Deploy to Kubernetes	Setup kubectl	2026-10-07T14:07:17.8594312Z   IMAGE_NAME: claim-check-api
10 Deploy to Kubernetes	Setup kubectl	2026-10-07T14:07:17.8594782Z   TRIVY_VERSION: 0.75.0
10 Deploy to Kubernetes	Setup kubectl	2026-10-07T14:07:17.8595232Z   GITLEAKS_VERSION: 8.30.1
10 Deploy to Kubernetes	Setup kubectl	2026-10-07T14:07:17.8595679Z   PYTHON_VERSION: 3.13
10 Deploy to Kubernetes	Setup kubectl	2026-10-07T14:07:17.8596116Z ##[endgroup]
10 Deploy to Kubernetes	Render the manifests with the published image	﻿2026-10-07T14:07:18.4190614Z ##[group]Run REMOTE="ghcr.io/amanyadav7015/devops-coursework/claim-check-api:1.0.7-1ecb2ab"
10 Deploy to Kubernetes	Render the manifests with the published image	2026-10-07T14:07:18.4191759Z [36;1mREMOTE="ghcr.io/amanyadav7015/devops-coursework/claim-check-api:1.0.7-1ecb2ab"[0m
10 Deploy to Kubernetes	Render the manifests with the published image	2026-10-07T14:07:18.4192312Z [36;1mmkdir -p rendered[0m
10 Deploy to Kubernetes	Render the manifests with the published image	2026-10-07T14:07:18.4192777Z [36;1mfor manifest in k8s/namespace.yaml k8s/deployment.yaml k8s/service.yaml; do[0m
10 Deploy to Kubernetes	Render the manifests with the published image	2026-10-07T14:07:18.4193282Z [36;1m  sed -e "s|__IMAGE__|${REMOTE}|g" \[0m
10 Deploy to Kubernetes	Render the manifests with the published image	2026-10-07T14:07:18.4193686Z [36;1m      -e "s|__APP_VERSION__|\"1.0.7+1ecb2ab\"|g" \[0m
10 Deploy to Kubernetes	Render the manifests with the published image	2026-10-07T14:07:18.4194114Z [36;1m      -e "s|__GIT_COMMIT__|\"${GITHUB_SHA}\"|g" \[0m
10 Deploy to Kubernetes	Render the manifests with the published image	2026-10-07T14:07:18.4194594Z [36;1m      -e "s|imagePullPolicy: IfNotPresent|imagePullPolicy: Always|g" \[0m
10 Deploy to Kubernetes	Render the manifests with the published image	2026-10-07T14:07:18.4195084Z [36;1m      "$manifest" > "rendered/$(basename "$manifest")"[0m
10 Deploy to Kubernetes	Render the manifests with the published image	2026-10-07T14:07:18.4195443Z [36;1mdone[0m
10 Deploy to Kubernetes	Render the manifests with the published image	2026-10-07T14:07:18.4195713Z [36;1mcat rendered/deployment.yaml[0m
10 Deploy to Kubernetes	Render the manifests with the published image	2026-10-07T14:07:18.4446533Z shell: /usr/bin/bash --noprofile --norc -e -o pipefail {0}
10 Deploy to Kubernetes	Render the manifests with the published image	2026-10-07T14:07:18.4447071Z env:
10 Deploy to Kubernetes	Render the manifests with the published image	2026-10-07T14:07:18.4447345Z   APP_DIR: labs/17-devsecops
10 Deploy to Kubernetes	Render the manifests with the published image	2026-10-07T14:07:18.4447686Z   IMAGE_NAME: claim-check-api
10 Deploy to Kubernetes	Render the manifests with the published image	2026-10-07T14:07:18.4448012Z   TRIVY_VERSION: 0.75.0
10 Deploy to Kubernetes	Render the manifests with the published image	2026-10-07T14:07:18.4448319Z   GITLEAKS_VERSION: 8.30.1
10 Deploy to Kubernetes	Render the manifests with the published image	2026-10-07T14:07:18.4448622Z   PYTHON_VERSION: 3.13
10 Deploy to Kubernetes	Render the manifests with the published image	2026-10-07T14:07:18.4448908Z ##[endgroup]
10 Deploy to Kubernetes	Render the manifests with the published image	2026-10-07T14:07:18.4651104Z apiVersion: apps/v1
10 Deploy to Kubernetes	Render the manifests with the published image	2026-10-07T14:07:18.4651685Z kind: Deployment
10 Deploy to Kubernetes	Render the manifests with the published image	2026-10-07T14:07:18.4652055Z metadata:
10 Deploy to Kubernetes	Render the manifests with the published image	2026-10-07T14:07:18.4652350Z   name: claim-check-api
10 Deploy to Kubernetes	Render the manifests with the published image	2026-10-07T14:07:18.4652679Z   namespace: hw17
10 Deploy to Kubernetes	Render the manifests with the published image	2026-10-07T14:07:18.4652961Z   labels:
10 Deploy to Kubernetes	Render the manifests with the published image	2026-10-07T14:07:18.4653234Z     app: claim-check-api
10 Deploy to Kubernetes	Render the manifests with the published image	2026-10-07T14:07:18.4653549Z     session: "17"
10 Deploy to Kubernetes	Render the manifests with the published image	2026-10-07T14:07:18.4653823Z spec:
10 Deploy to Kubernetes	Render the manifests with the published image	2026-10-07T14:07:18.4654082Z   replicas: 2
10 Deploy to Kubernetes	Render the manifests with the published image	2026-10-07T14:07:18.4654370Z   revisionHistoryLimit: 3
10 Deploy to Kubernetes	Render the manifests with the published image	2026-10-07T14:07:18.4654687Z   selector:
10 Deploy to Kubernetes	Render the manifests with the published image	2026-10-07T14:07:18.4654952Z     matchLabels:
10 Deploy to Kubernetes	Render the manifests with the published image	2026-10-07T14:07:18.4655240Z       app: claim-check-api
10 Deploy to Kubernetes	Render the manifests with the published image	2026-10-07T14:07:18.4655571Z   strategy:
10 Deploy to Kubernetes	Render the manifests with the published image	2026-10-07T14:07:18.4655842Z     type: RollingUpdate
10 Deploy to Kubernetes	Render the manifests with the published image	2026-10-07T14:07:18.4656139Z     rollingUpdate:
10 Deploy to Kubernetes	Render the manifests with the published image	2026-10-07T14:07:18.4656415Z       maxSurge: 1
10 Deploy to Kubernetes	Render the manifests with the published image	2026-10-07T14:07:18.4656703Z       maxUnavailable: 0
10 Deploy to Kubernetes	Render the manifests with the published image	2026-10-07T14:07:18.4657000Z   template:
10 Deploy to Kubernetes	Render the manifests with the published image	2026-10-07T14:07:18.4657257Z     metadata:
10 Deploy to Kubernetes	Render the manifests with the published image	2026-10-07T14:07:18.4657517Z       labels:
10 Deploy to Kubernetes	Render the manifests with the published image	2026-10-07T14:07:18.4657795Z         app: claim-check-api
10 Deploy to Kubernetes	Render the manifests with the published image	2026-10-07T14:07:18.4658113Z         session: "17"
10 Deploy to Kubernetes	Render the manifests with the published image	2026-10-07T14:07:18.4658399Z     spec:
10 Deploy to Kubernetes	Render the manifests with the published image	2026-10-07T14:07:18.4658662Z       securityContext:
10 Deploy to Kubernetes	Render the manifests with the published image	2026-10-07T14:07:18.4658963Z         runAsNonRoot: true
10 Deploy to Kubernetes	Render the manifests with the published image	2026-10-07T14:07:18.4659271Z         runAsUser: 10001
10 Deploy to Kubernetes	Render the manifests with the published image	2026-10-07T14:07:18.4659578Z         runAsGroup: 10001
10 Deploy to Kubernetes	Render the manifests with the published image	2026-10-07T14:07:18.4659885Z         seccompProfile:
10 Deploy to Kubernetes	Render the manifests with the published image	2026-10-07T14:07:18.4660191Z           type: RuntimeDefault
10 Deploy to Kubernetes	Render the manifests with the published image	2026-10-07T14:07:18.4660503Z       containers:
10 Deploy to Kubernetes	Render the manifests with the published image	2026-10-07T14:07:18.4661108Z         - name: claim-check-api
10 Deploy to Kubernetes	Render the manifests with the published image	2026-10-07T14:07:18.4661746Z           image: ghcr.io/amanyadav7015/devops-coursework/claim-check-api:1.0.7-1ecb2ab
10 Deploy to Kubernetes	Render the manifests with the published image	2026-10-07T14:07:18.4662313Z           imagePullPolicy: Always
10 Deploy to Kubernetes	Render the manifests with the published image	2026-10-07T14:07:18.4662647Z           ports:
10 Deploy to Kubernetes	Render the manifests with the published image	2026-10-07T14:07:18.4662933Z             - name: http
10 Deploy to Kubernetes	Render the manifests with the published image	2026-10-07T14:07:18.4663474Z               containerPort: 5017
10 Deploy to Kubernetes	Render the manifests with the published image	2026-10-07T14:07:18.4663800Z           env:
10 Deploy to Kubernetes	Render the manifests with the published image	2026-10-07T14:07:18.4664084Z             - name: APP_VERSION
10 Deploy to Kubernetes	Render the manifests with the published image	2026-10-07T14:07:18.4664418Z               value: "1.0.7+1ecb2ab"
10 Deploy to Kubernetes	Render the manifests with the published image	2026-10-07T14:07:18.4664761Z             - name: GIT_COMMIT
10 Deploy to Kubernetes	Render the manifests with the published image	2026-10-07T14:07:18.4665148Z               value: "1ecb2ab13722444f111c4b843510a96c4e63250a"
10 Deploy to Kubernetes	Render the manifests with the published image	2026-10-07T14:07:18.4665582Z             - name: CLAIM_TOKEN_SALT
10 Deploy to Kubernetes	Render the manifests with the published image	2026-10-07T14:07:18.4665935Z               valueFrom:
10 Deploy to Kubernetes	Render the manifests with the published image	2026-10-07T14:07:18.4666240Z                 secretKeyRef:
10 Deploy to Kubernetes	Render the manifests with the published image	2026-10-07T14:07:18.4666587Z                   name: claim-check-salt
10 Deploy to Kubernetes	Render the manifests with the published image	2026-10-07T14:07:18.4666936Z                   key: salt
10 Deploy to Kubernetes	Render the manifests with the published image	2026-10-07T14:07:18.4667216Z           resources:
10 Deploy to Kubernetes	Render the manifests with the published image	2026-10-07T14:07:18.4667486Z             requests:
10 Deploy to Kubernetes	Render the manifests with the published image	2026-10-07T14:07:18.4667932Z               cpu: 50m
10 Deploy to Kubernetes	Render the manifests with the published image	2026-10-07T14:07:18.4668201Z               memory: 64Mi
10 Deploy to Kubernetes	Render the manifests with the published image	2026-10-07T14:07:18.4668477Z             limits:
10 Deploy to Kubernetes	Render the manifests with the published image	2026-10-07T14:07:18.4668728Z               cpu: 300m
10 Deploy to Kubernetes	Render the manifests with the published image	2026-10-07T14:07:18.4669000Z               memory: 192Mi
10 Deploy to Kubernetes	Render the manifests with the published image	2026-10-07T14:07:18.4669290Z           securityContext:
10 Deploy to Kubernetes	Render the manifests with the published image	2026-10-07T14:07:18.4669739Z             allowPrivilegeEscalation: false
10 Deploy to Kubernetes	Render the manifests with the published image	2026-10-07T14:07:18.4670105Z             readOnlyRootFilesystem: true
10 Deploy to Kubernetes	Render the manifests with the published image	2026-10-07T14:07:18.4670430Z             capabilities:
10 Deploy to Kubernetes	Render the manifests with the published image	2026-10-07T14:07:18.4670702Z               drop:
10 Deploy to Kubernetes	Render the manifests with the published image	2026-10-07T14:07:18.4671168Z                 - ALL
10 Deploy to Kubernetes	Render the manifests with the published image	2026-10-07T14:07:18.4671672Z           readinessProbe:
10 Deploy to Kubernetes	Render the manifests with the published image	2026-10-07T14:07:18.4672163Z             httpGet:
10 Deploy to Kubernetes	Render the manifests with the published image	2026-10-07T14:07:18.4672624Z               path: /health
10 Deploy to Kubernetes	Render the manifests with the published image	2026-10-07T14:07:18.4673149Z               port: http
10 Deploy to Kubernetes	Render the manifests with the published image	2026-10-07T14:07:18.4673672Z             initialDelaySeconds: 3
10 Deploy to Kubernetes	Render the manifests with the published image	2026-10-07T14:07:18.4674473Z             periodSeconds: 5
10 Deploy to Kubernetes	Render the manifests with the published image	2026-10-07T14:07:18.4675019Z             failureThreshold: 3
10 Deploy to Kubernetes	Render the manifests with the published image	2026-10-07T14:07:18.4675445Z           livenessProbe:
10 Deploy to Kubernetes	Render the manifests with the published image	2026-10-07T14:07:18.4675727Z             httpGet:
10 Deploy to Kubernetes	Render the manifests with the published image	2026-10-07T14:07:18.4675992Z               path: /health
10 Deploy to Kubernetes	Render the manifests with the published image	2026-10-07T14:07:18.4676279Z               port: http
10 Deploy to Kubernetes	Render the manifests with the published image	2026-10-07T14:07:18.4676563Z             initialDelaySeconds: 10
10 Deploy to Kubernetes	Render the manifests with the published image	2026-10-07T14:07:18.4676892Z             periodSeconds: 15
10 Deploy to Kubernetes	Render the manifests with the published image	2026-10-07T14:07:18.4677187Z             failureThreshold: 3
10 Deploy to Kubernetes	Render the manifests with the published image	2026-10-07T14:07:18.4677481Z           volumeMounts:
10 Deploy to Kubernetes	Render the manifests with the published image	2026-10-07T14:07:18.4677750Z             - name: tmp
10 Deploy to Kubernetes	Render the manifests with the published image	2026-10-07T14:07:18.4678026Z               mountPath: /tmp
10 Deploy to Kubernetes	Render the manifests with the published image	2026-10-07T14:07:18.4678303Z       volumes:
10 Deploy to Kubernetes	Render the manifests with the published image	2026-10-07T14:07:18.4678566Z         - name: tmp
10 Deploy to Kubernetes	Render the manifests with the published image	2026-10-07T14:07:18.4678823Z           emptyDir: {}
10 Deploy to Kubernetes	Install kubeconform	﻿2026-10-07T14:07:18.4715704Z ##[group]Run curl -sSL https://github.com/yannh/kubeconform/releases/download/v0.8.0/kubeconform-linux-amd64.tar.gz \
10 Deploy to Kubernetes	Install kubeconform	2026-10-07T14:07:18.4716678Z [36;1mcurl -sSL https://github.com/yannh/kubeconform/releases/download/v0.8.0/kubeconform-linux-amd64.tar.gz \[0m
10 Deploy to Kubernetes	Install kubeconform	2026-10-07T14:07:18.4717328Z [36;1m  | sudo tar -xz -C /usr/local/bin kubeconform[0m
10 Deploy to Kubernetes	Install kubeconform	2026-10-07T14:07:18.4717698Z [36;1mkubeconform -v[0m
10 Deploy to Kubernetes	Install kubeconform	2026-10-07T14:07:18.4778809Z shell: /usr/bin/bash --noprofile --norc -e -o pipefail {0}
10 Deploy to Kubernetes	Install kubeconform	2026-10-07T14:07:18.4779226Z env:
10 Deploy to Kubernetes	Install kubeconform	2026-10-07T14:07:18.4779494Z   APP_DIR: labs/17-devsecops
10 Deploy to Kubernetes	Install kubeconform	2026-10-07T14:07:18.4779808Z   IMAGE_NAME: claim-check-api
10 Deploy to Kubernetes	Install kubeconform	2026-10-07T14:07:18.4780108Z   TRIVY_VERSION: 0.75.0
10 Deploy to Kubernetes	Install kubeconform	2026-10-07T14:07:18.4780386Z   GITLEAKS_VERSION: 8.30.1
10 Deploy to Kubernetes	Install kubeconform	2026-10-07T14:07:18.4780669Z   PYTHON_VERSION: 3.13
10 Deploy to Kubernetes	Install kubeconform	2026-10-07T14:07:18.4781205Z ##[endgroup]
10 Deploy to Kubernetes	Install kubeconform	2026-10-07T14:07:18.9235858Z v0.8.0
10 Deploy to Kubernetes	Validate the manifests without a cluster	﻿2026-10-07T14:07:18.9284241Z ##[group]Run kubeconform -strict -summary -verbose -kubernetes-version 1.33.0 rendered/
10 Deploy to Kubernetes	Validate the manifests without a cluster	2026-10-07T14:07:18.9284970Z [36;1mkubeconform -strict -summary -verbose -kubernetes-version 1.33.0 rendered/[0m
10 Deploy to Kubernetes	Validate the manifests without a cluster	2026-10-07T14:07:18.9285474Z [36;1mkubectl version --client[0m
10 Deploy to Kubernetes	Validate the manifests without a cluster	2026-10-07T14:07:18.9348677Z shell: /usr/bin/bash --noprofile --norc -e -o pipefail {0}
10 Deploy to Kubernetes	Validate the manifests without a cluster	2026-10-07T14:07:18.9349094Z env:
10 Deploy to Kubernetes	Validate the manifests without a cluster	2026-10-07T14:07:18.9349343Z   APP_DIR: labs/17-devsecops
10 Deploy to Kubernetes	Validate the manifests without a cluster	2026-10-07T14:07:18.9349649Z   IMAGE_NAME: claim-check-api
10 Deploy to Kubernetes	Validate the manifests without a cluster	2026-10-07T14:07:18.9349953Z   TRIVY_VERSION: 0.75.0
10 Deploy to Kubernetes	Validate the manifests without a cluster	2026-10-07T14:07:18.9350233Z   GITLEAKS_VERSION: 8.30.1
10 Deploy to Kubernetes	Validate the manifests without a cluster	2026-10-07T14:07:18.9350518Z   PYTHON_VERSION: 3.13
10 Deploy to Kubernetes	Validate the manifests without a cluster	2026-10-07T14:07:18.9351260Z ##[endgroup]
10 Deploy to Kubernetes	Validate the manifests without a cluster	2026-10-07T14:07:19.0217418Z rendered/namespace.yaml - Namespace hw17 is valid
10 Deploy to Kubernetes	Validate the manifests without a cluster	2026-10-07T14:07:19.0803658Z rendered/service.yaml - Service claim-check-api is valid
10 Deploy to Kubernetes	Validate the manifests without a cluster	2026-10-07T14:07:19.2142446Z rendered/deployment.yaml - Deployment claim-check-api is valid
10 Deploy to Kubernetes	Validate the manifests without a cluster	2026-10-07T14:07:19.2143639Z Summary: 3 resources found in 3 files - Valid: 3, Invalid: 0, Errors: 0, Skipped: 0
10 Deploy to Kubernetes	Validate the manifests without a cluster	2026-10-07T14:07:19.2528478Z Client Version: v1.33.0
10 Deploy to Kubernetes	Validate the manifests without a cluster	2026-10-07T14:07:19.2529017Z Kustomize Version: v5.6.0
10 Deploy to Kubernetes	Show that this runner has no route to the laptop cluster	﻿2026-10-07T14:07:19.2569175Z ##[group]Run echo "target cluster: minikube node 192.168.49.2:8443 on the student laptop"
10 Deploy to Kubernetes	Show that this runner has no route to the laptop cluster	2026-10-07T14:07:19.2569840Z [36;1mecho "target cluster: minikube node 192.168.49.2:8443 on the student laptop"[0m
10 Deploy to Kubernetes	Show that this runner has no route to the laptop cluster	2026-10-07T14:07:19.2570263Z [36;1mset +e[0m
10 Deploy to Kubernetes	Show that this runner has no route to the laptop cluster	2026-10-07T14:07:19.2570594Z [36;1mcurl -ksS --max-time 15 https://192.168.49.2:8443/version[0m
10 Deploy to Kubernetes	Show that this runner has no route to the laptop cluster	2026-10-07T14:07:19.2571396Z [36;1mstatus=$?[0m
10 Deploy to Kubernetes	Show that this runner has no route to the laptop cluster	2026-10-07T14:07:19.2571629Z [36;1mset -e[0m
10 Deploy to Kubernetes	Show that this runner has no route to the laptop cluster	2026-10-07T14:07:19.2571870Z [36;1mif [ "$status" -eq 0 ]; then[0m
10 Deploy to Kubernetes	Show that this runner has no route to the laptop cluster	2026-10-07T14:07:19.2572256Z [36;1m  echo "::error::the runner unexpectedly reached the laptop cluster"[0m
10 Deploy to Kubernetes	Show that this runner has no route to the laptop cluster	2026-10-07T14:07:19.2572643Z [36;1m  exit 1[0m
10 Deploy to Kubernetes	Show that this runner has no route to the laptop cluster	2026-10-07T14:07:19.2572851Z [36;1mfi[0m
10 Deploy to Kubernetes	Show that this runner has no route to the laptop cluster	2026-10-07T14:07:19.2573261Z [36;1mecho "curl exited ${status}, the GitHub-hosted runner has no route to a private RFC1918 address"[0m
10 Deploy to Kubernetes	Show that this runner has no route to the laptop cluster	2026-10-07T14:07:19.2573894Z [36;1mecho "the rollout is therefore performed from the laptop, see the README"[0m
10 Deploy to Kubernetes	Show that this runner has no route to the laptop cluster	2026-10-07T14:07:19.2639360Z shell: /usr/bin/bash --noprofile --norc -e -o pipefail {0}
10 Deploy to Kubernetes	Show that this runner has no route to the laptop cluster	2026-10-07T14:07:19.2639801Z env:
10 Deploy to Kubernetes	Show that this runner has no route to the laptop cluster	2026-10-07T14:07:19.2640022Z   APP_DIR: labs/17-devsecops
10 Deploy to Kubernetes	Show that this runner has no route to the laptop cluster	2026-10-07T14:07:19.2640302Z   IMAGE_NAME: claim-check-api
10 Deploy to Kubernetes	Show that this runner has no route to the laptop cluster	2026-10-07T14:07:19.2640553Z   TRIVY_VERSION: 0.75.0
10 Deploy to Kubernetes	Show that this runner has no route to the laptop cluster	2026-10-07T14:07:19.2640785Z   GITLEAKS_VERSION: 8.30.1
10 Deploy to Kubernetes	Show that this runner has no route to the laptop cluster	2026-10-07T14:07:19.2641217Z   PYTHON_VERSION: 3.13
10 Deploy to Kubernetes	Show that this runner has no route to the laptop cluster	2026-10-07T14:07:19.2641449Z ##[endgroup]
10 Deploy to Kubernetes	Show that this runner has no route to the laptop cluster	2026-10-07T14:07:19.2725974Z target cluster: minikube node 192.168.49.2:8443 on the student laptop
10 Deploy to Kubernetes	Show that this runner has no route to the laptop cluster	2026-10-07T14:07:34.2797734Z curl: (28) Connection timed out after 15002 milliseconds
10 Deploy to Kubernetes	Show that this runner has no route to the laptop cluster	2026-10-07T14:07:34.2809762Z curl exited 28, the GitHub-hosted runner has no route to a private RFC1918 address
10 Deploy to Kubernetes	Show that this runner has no route to the laptop cluster	2026-10-07T14:07:34.2811342Z the rollout is therefore performed from the laptop, see the README
10 Deploy to Kubernetes	Print the commands the cluster side runs	﻿2026-10-07T14:07:34.2849397Z ##[group]Run REMOTE="ghcr.io/amanyadav7015/devops-coursework/claim-check-api:1.0.7-1ecb2ab"
10 Deploy to Kubernetes	Print the commands the cluster side runs	2026-10-07T14:07:34.2850096Z [36;1mREMOTE="ghcr.io/amanyadav7015/devops-coursework/claim-check-api:1.0.7-1ecb2ab"[0m
10 Deploy to Kubernetes	Print the commands the cluster side runs	2026-10-07T14:07:34.2850571Z [36;1mcat <<CMDS[0m
10 Deploy to Kubernetes	Print the commands the cluster side runs	2026-10-07T14:07:34.2850823Z [36;1mkubectl apply -f k8s/namespace.yaml[0m
10 Deploy to Kubernetes	Print the commands the cluster side runs	2026-10-07T14:07:34.2851347Z [36;1mkubectl apply -f rendered/service.yaml[0m
10 Deploy to Kubernetes	Print the commands the cluster side runs	2026-10-07T14:07:34.2851686Z [36;1mkubectl apply -f rendered/deployment.yaml[0m
10 Deploy to Kubernetes	Print the commands the cluster side runs	2026-10-07T14:07:34.2852144Z [36;1mkubectl -n hw17 set image deployment/claim-check-api claim-check-api=${REMOTE}[0m
10 Deploy to Kubernetes	Print the commands the cluster side runs	2026-10-07T14:07:34.2852699Z [36;1mkubectl -n hw17 rollout status deployment/claim-check-api --timeout=120s[0m
10 Deploy to Kubernetes	Print the commands the cluster side runs	2026-10-07T14:07:34.2853177Z [36;1mkubectl -n hw17 get deployment,pod,svc -o wide[0m
10 Deploy to Kubernetes	Print the commands the cluster side runs	2026-10-07T14:07:34.2853483Z [36;1mCMDS[0m
10 Deploy to Kubernetes	Print the commands the cluster side runs	2026-10-07T14:07:34.2916139Z shell: /usr/bin/bash --noprofile --norc -e -o pipefail {0}
10 Deploy to Kubernetes	Print the commands the cluster side runs	2026-10-07T14:07:34.2916499Z env:
10 Deploy to Kubernetes	Print the commands the cluster side runs	2026-10-07T14:07:34.2916700Z   APP_DIR: labs/17-devsecops
10 Deploy to Kubernetes	Print the commands the cluster side runs	2026-10-07T14:07:34.2917000Z   IMAGE_NAME: claim-check-api
10 Deploy to Kubernetes	Print the commands the cluster side runs	2026-10-07T14:07:34.2917256Z   TRIVY_VERSION: 0.75.0
10 Deploy to Kubernetes	Print the commands the cluster side runs	2026-10-07T14:07:34.2917481Z   GITLEAKS_VERSION: 8.30.1
10 Deploy to Kubernetes	Print the commands the cluster side runs	2026-10-07T14:07:34.2917713Z   PYTHON_VERSION: 3.13
10 Deploy to Kubernetes	Print the commands the cluster side runs	2026-10-07T14:07:34.2917929Z ##[endgroup]
10 Deploy to Kubernetes	Print the commands the cluster side runs	2026-10-07T14:07:34.3006115Z kubectl apply -f k8s/namespace.yaml
10 Deploy to Kubernetes	Print the commands the cluster side runs	2026-10-07T14:07:34.3006510Z kubectl apply -f rendered/service.yaml
10 Deploy to Kubernetes	Print the commands the cluster side runs	2026-10-07T14:07:34.3006898Z kubectl apply -f rendered/deployment.yaml
10 Deploy to Kubernetes	Print the commands the cluster side runs	2026-10-07T14:07:34.3008073Z kubectl -n hw17 set image deployment/claim-check-api claim-check-api=ghcr.io/amanyadav7015/devops-coursework/claim-check-api:1.0.7-1ecb2ab
10 Deploy to Kubernetes	Print the commands the cluster side runs	2026-10-07T14:07:34.3009634Z kubectl -n hw17 rollout status deployment/claim-check-api --timeout=120s
10 Deploy to Kubernetes	Print the commands the cluster side runs	2026-10-07T14:07:34.3010590Z kubectl -n hw17 get deployment,pod,svc -o wide
10 Deploy to Kubernetes	Upload the rendered manifests	﻿2026-10-07T14:07:34.3067344Z ##[group]Run actions/upload-artifact@v4
10 Deploy to Kubernetes	Upload the rendered manifests	2026-10-07T14:07:34.3067648Z with:
10 Deploy to Kubernetes	Upload the rendered manifests	2026-10-07T14:07:34.3067857Z   name: rendered-k8s-manifests
10 Deploy to Kubernetes	Upload the rendered manifests	2026-10-07T14:07:34.3068117Z   path: labs/17-devsecops/rendered
10 Deploy to Kubernetes	Upload the rendered manifests	2026-10-07T14:07:34.3068368Z   retention-days: 7
10 Deploy to Kubernetes	Upload the rendered manifests	2026-10-07T14:07:34.3068585Z   if-no-files-found: warn
10 Deploy to Kubernetes	Upload the rendered manifests	2026-10-07T14:07:34.3068822Z   compression-level: 6
10 Deploy to Kubernetes	Upload the rendered manifests	2026-10-07T14:07:34.3069050Z   overwrite: false
10 Deploy to Kubernetes	Upload the rendered manifests	2026-10-07T14:07:34.3069266Z   include-hidden-files: false
10 Deploy to Kubernetes	Upload the rendered manifests	2026-10-07T14:07:34.3069501Z env:
10 Deploy to Kubernetes	Upload the rendered manifests	2026-10-07T14:07:34.3069704Z   APP_DIR: labs/17-devsecops
10 Deploy to Kubernetes	Upload the rendered manifests	2026-10-07T14:07:34.3069950Z   IMAGE_NAME: claim-check-api
10 Deploy to Kubernetes	Upload the rendered manifests	2026-10-07T14:07:34.3070188Z   TRIVY_VERSION: 0.75.0
10 Deploy to Kubernetes	Upload the rendered manifests	2026-10-07T14:07:34.3070409Z   GITLEAKS_VERSION: 8.30.1
10 Deploy to Kubernetes	Upload the rendered manifests	2026-10-07T14:07:34.3070638Z   PYTHON_VERSION: 3.13
10 Deploy to Kubernetes	Upload the rendered manifests	2026-10-07T14:07:34.3071119Z ##[endgroup]
10 Deploy to Kubernetes	Upload the rendered manifests	2026-10-07T14:07:34.4704203Z (node:2397) [DEP0040] DeprecationWarning: The `punycode` module is deprecated. Please use a userland alternative instead.
10 Deploy to Kubernetes	Upload the rendered manifests	2026-10-07T14:07:34.4704979Z (Use `node --trace-deprecation ...` to show where the warning was created)
10 Deploy to Kubernetes	Upload the rendered manifests	2026-10-07T14:07:34.4764313Z With the provided path, there will be 3 files uploaded
10 Deploy to Kubernetes	Upload the rendered manifests	2026-10-07T14:07:34.4770204Z Artifact name is valid!
10 Deploy to Kubernetes	Upload the rendered manifests	2026-10-07T14:07:34.4772030Z Root directory input is valid!
10 Deploy to Kubernetes	Upload the rendered manifests	2026-10-07T14:07:34.8078069Z Beginning upload of artifact content to blob storage
10 Deploy to Kubernetes	Upload the rendered manifests	2026-10-07T14:07:34.8295730Z (node:2397) [DEP0169] DeprecationWarning: `url.parse()` behavior is not standardized and prone to errors that have security implications. Use the WHATWG URL API instead. CVEs are not issued for `url.parse()` vulnerabilities.
10 Deploy to Kubernetes	Upload the rendered manifests	2026-10-07T14:07:35.0158602Z Uploaded bytes 1383
10 Deploy to Kubernetes	Upload the rendered manifests	2026-10-07T14:07:35.0722189Z Finished uploading artifact content to blob storage!
10 Deploy to Kubernetes	Upload the rendered manifests	2026-10-07T14:07:35.0723242Z SHA256 digest of uploaded artifact zip is 9ba5e423ef352b5aeb2ecb522ee4fe77dd1f8feaae164342eecd82687b29cb9f
10 Deploy to Kubernetes	Upload the rendered manifests	2026-10-07T14:07:35.0725904Z Finalizing artifact upload
10 Deploy to Kubernetes	Upload the rendered manifests	2026-10-07T14:07:35.3293499Z Artifact rendered-k8s-manifests.zip successfully finalized. Artifact ID 11487403524
10 Deploy to Kubernetes	Upload the rendered manifests	2026-10-07T14:07:35.3294768Z Artifact rendered-k8s-manifests has been successfully uploaded! Final size is 1383 bytes. Artifact ID is 11487403524
10 Deploy to Kubernetes	Upload the rendered manifests	2026-10-07T14:07:35.3300380Z Artifact download URL: https://github.com/AmanYadav7015/devops-coursework/actions/runs/37633505564/artifacts/11487403524
10 Deploy to Kubernetes	Post Checkout code	﻿2026-10-07T14:07:35.3485193Z Post job cleanup.
10 Deploy to Kubernetes	Post Checkout code	2026-10-07T14:07:35.4329412Z [command]/usr/bin/git version
10 Deploy to Kubernetes	Post Checkout code	2026-10-07T14:07:35.4372880Z git version 2.55.0
10 Deploy to Kubernetes	Post Checkout code	2026-10-07T14:07:35.4413321Z Temporarily overriding HOME='/home/runner/work/_temp/08d4079c-2991-4ed7-8efe-8e11cc881b92' before making global git config changes
10 Deploy to Kubernetes	Post Checkout code	2026-10-07T14:07:35.4414772Z Adding repository directory to the temporary git global config as a safe directory
10 Deploy to Kubernetes	Post Checkout code	2026-10-07T14:07:35.4418708Z [command]/usr/bin/git config --global --add safe.directory /home/runner/work/devops-coursework/devops-coursework
10 Deploy to Kubernetes	Post Checkout code	2026-10-07T14:07:35.4458165Z [command]/usr/bin/git config --local --name-only --get-regexp core\.sshCommand
10 Deploy to Kubernetes	Post Checkout code	2026-10-07T14:07:35.4493773Z [command]/usr/bin/git submodule foreach --recursive sh -c "git config --local --name-only --get-regexp 'core\.sshCommand' && git config --local --unset-all 'core.sshCommand' || :"
10 Deploy to Kubernetes	Post Checkout code	2026-10-07T14:07:35.4742317Z [command]/usr/bin/git config --local --name-only --get-regexp http\.https\:\/\/github\.com\/\.extraheader
10 Deploy to Kubernetes	Post Checkout code	2026-10-07T14:07:35.4775307Z http.https://github.com/.extraheader
10 Deploy to Kubernetes	Post Checkout code	2026-10-07T14:07:35.4788348Z [command]/usr/bin/git config --local --unset-all http.https://github.com/.extraheader
10 Deploy to Kubernetes	Post Checkout code	2026-10-07T14:07:35.4827388Z [command]/usr/bin/git submodule foreach --recursive sh -c "git config --local --name-only --get-regexp 'http\.https\:\/\/github\.com\/\.extraheader' && git config --local --unset-all 'http.https://github.com/.extraheader' || :"
10 Deploy to Kubernetes	Post Checkout code	2026-10-07T14:07:35.5080084Z [command]/usr/bin/git config --local --name-only --get-regexp ^includeIf\.gitdir:
10 Deploy to Kubernetes	Post Checkout code	2026-10-07T14:07:35.5121978Z [command]/usr/bin/git submodule foreach --recursive git config --local --show-origin --name-only --get-regexp remote.origin.url
10 Deploy to Kubernetes	Complete job	﻿2026-10-07T14:07:35.5514942Z Cleaning up orphan processes
10 Deploy to Kubernetes	Complete job	2026-10-07T14:07:35.5815925Z ##[warning]Node.js 20 is deprecated. The following actions target Node.js 20 but are being forced to run on Node.js 24: actions/checkout@v4, actions/upload-artifact@v4, azure/setup-kubectl@v4. For more information see: https://github.blog/changelog/2025-09-19-deprecation-of-node-20-on-github-actions-runners/
Pipeline summary	Set up job	﻿2026-10-07T14:07:44.6527865Z Current runner version: '2.337.0'
Pipeline summary	Set up job	2026-10-07T14:07:44.6554838Z ##[group]Runner Image Provisioner
Pipeline summary	Set up job	2026-10-07T14:07:44.6556037Z Hosted Compute Agent
Pipeline summary	Set up job	2026-10-07T14:07:44.6556624Z Version: 20260901.588
Pipeline summary	Set up job	2026-10-07T14:07:44.6557397Z Commit: f88ec8081b781fac6c440065ac7ff9e710ce3d0b
Pipeline summary	Set up job	2026-10-07T14:07:44.6558153Z Build Date: 2026-09-01T19:56:44Z
Pipeline summary	Set up job	2026-10-07T14:07:44.6558894Z Worker ID: {251b27a2-4f47-437c-a9ea-e5c5622e8a76}
Pipeline summary	Set up job	2026-10-07T14:07:44.6559789Z Azure Region: eastus
Pipeline summary	Set up job	2026-10-07T14:07:44.6560365Z ##[endgroup]
Pipeline summary	Set up job	2026-10-07T14:07:44.6561994Z ##[group]Operating System
Pipeline summary	Set up job	2026-10-07T14:07:44.6562654Z Ubuntu
Pipeline summary	Set up job	2026-10-07T14:07:44.6563254Z 24.04.5
Pipeline summary	Set up job	2026-10-07T14:07:44.6563764Z LTS
Pipeline summary	Set up job	2026-10-07T14:07:44.6564287Z ##[endgroup]
Pipeline summary	Set up job	2026-10-07T14:07:44.6565002Z ##[group]Runner Image
Pipeline summary	Set up job	2026-10-07T14:07:44.6565680Z Image: ubuntu-24.04
Pipeline summary	Set up job	2026-10-07T14:07:44.6566737Z Version: 20260927.320.1
Pipeline summary	Set up job	2026-10-07T14:07:44.6567880Z Included Software: https://github.com/actions/runner-images/blob/ubuntu24/20260927.320/images/ubuntu/Ubuntu2404-Readme.md
Pipeline summary	Set up job	2026-10-07T14:07:44.6570198Z Image Release: https://github.com/actions/runner-images/releases/tag/ubuntu24%2F20260927.320
Pipeline summary	Set up job	2026-10-07T14:07:44.6571204Z ##[endgroup]
Pipeline summary	Set up job	2026-10-07T14:07:44.6572460Z ##[group]GITHUB_TOKEN Permissions
Pipeline summary	Set up job	2026-10-07T14:07:44.6574607Z Contents: read
Pipeline summary	Set up job	2026-10-07T14:07:44.6575381Z Metadata: read
Pipeline summary	Set up job	2026-10-07T14:07:44.6575941Z ##[endgroup]
Pipeline summary	Set up job	2026-10-07T14:07:44.6578190Z Secret source: Actions
Pipeline summary	Set up job	2026-10-07T14:07:44.6579196Z Cache mode: write
Pipeline summary	Set up job	2026-10-07T14:07:44.6580422Z Prepare workflow directory
Pipeline summary	Set up job	2026-10-07T14:07:44.7004531Z Prepare all required actions
Pipeline summary	Set up job	2026-10-07T14:07:44.7075545Z Complete job name: Pipeline summary
Pipeline summary	Print every stage result	﻿2026-10-07T14:07:44.7906258Z ##[group]Run printf '%-26s %s\n' "1 build"               "success"
Pipeline summary	Print every stage result	2026-10-07T14:07:44.7907358Z [36;1mprintf '%-26s %s\n' "1 build"               "success"[0m
Pipeline summary	Print every stage result	2026-10-07T14:07:44.7908302Z [36;1mprintf '%-26s %s\n' "2 test"                "success"[0m
Pipeline summary	Print every stage result	2026-10-07T14:07:44.7909289Z [36;1mprintf '%-26s %s\n' "3 sast"                "success"[0m
Pipeline summary	Print every stage result	2026-10-07T14:07:44.7910531Z [36;1mprintf '%-26s %s\n' "3b codeql"             "success"[0m
Pipeline summary	Print every stage result	2026-10-07T14:07:44.7911452Z [36;1mprintf '%-26s %s\n' "4 sca"                 "success"[0m
Pipeline summary	Print every stage result	2026-10-07T14:07:44.7912304Z [36;1mprintf '%-26s %s\n' "5 secret-scan"         "success"[0m
Pipeline summary	Print every stage result	2026-10-07T14:07:44.7913228Z [36;1mprintf '%-26s %s\n' "6 docker-build"        "success"[0m
Pipeline summary	Print every stage result	2026-10-07T14:07:44.7914085Z [36;1mprintf '%-26s %s\n' "7 image-scan"          "success"[0m
Pipeline summary	Print every stage result	2026-10-07T14:07:44.7914946Z [36;1mprintf '%-26s %s\n' "8 security-gate"       "success"[0m
Pipeline summary	Print every stage result	2026-10-07T14:07:44.7915854Z [36;1mprintf '%-26s %s\n' "9 push-image"          "success"[0m
Pipeline summary	Print every stage result	2026-10-07T14:07:44.7916812Z [36;1mprintf '%-26s %s\n' "10 deploy"             "success"[0m
Pipeline summary	Print every stage result	2026-10-07T14:07:44.8609104Z shell: /usr/bin/bash --noprofile --norc -e -o pipefail {0}
Pipeline summary	Print every stage result	2026-10-07T14:07:44.8610785Z env:
Pipeline summary	Print every stage result	2026-10-07T14:07:44.8611411Z   APP_DIR: labs/17-devsecops
Pipeline summary	Print every stage result	2026-10-07T14:07:44.8612145Z   IMAGE_NAME: claim-check-api
Pipeline summary	Print every stage result	2026-10-07T14:07:44.8612779Z   TRIVY_VERSION: 0.75.0
Pipeline summary	Print every stage result	2026-10-07T14:07:44.8613402Z   GITLEAKS_VERSION: 8.30.1
Pipeline summary	Print every stage result	2026-10-07T14:07:44.8614050Z   PYTHON_VERSION: 3.13
Pipeline summary	Print every stage result	2026-10-07T14:07:44.8614615Z ##[endgroup]
Pipeline summary	Print every stage result	2026-10-07T14:07:44.8877729Z 1 build                    success
Pipeline summary	Print every stage result	2026-10-07T14:07:44.8879128Z 2 test                     success
Pipeline summary	Print every stage result	2026-10-07T14:07:44.8880778Z 3 sast                     success
Pipeline summary	Print every stage result	2026-10-07T14:07:44.8882032Z 3b codeql                  success
Pipeline summary	Print every stage result	2026-10-07T14:07:44.8883272Z 4 sca                      success
Pipeline summary	Print every stage result	2026-10-07T14:07:44.8884606Z 5 secret-scan              success
Pipeline summary	Print every stage result	2026-10-07T14:07:44.8885830Z 6 docker-build             success
Pipeline summary	Print every stage result	2026-10-07T14:07:44.8887341Z 7 image-scan               success
Pipeline summary	Print every stage result	2026-10-07T14:07:44.8888665Z 8 security-gate            success
Pipeline summary	Print every stage result	2026-10-07T14:07:44.8890136Z 9 push-image               success
Pipeline summary	Print every stage result	2026-10-07T14:07:44.8962818Z 10 deploy                  success
Pipeline summary	Report an all-green pipeline	﻿2026-10-07T14:07:44.9157809Z ##[group]Run echo "every stage passed, the gated image is published"
Pipeline summary	Report an all-green pipeline	2026-10-07T14:07:44.9158782Z [36;1mecho "every stage passed, the gated image is published"[0m
Pipeline summary	Report an all-green pipeline	2026-10-07T14:07:44.9223115Z shell: /usr/bin/bash --noprofile --norc -e -o pipefail {0}
Pipeline summary	Report an all-green pipeline	2026-10-07T14:07:44.9223786Z env:
Pipeline summary	Report an all-green pipeline	2026-10-07T14:07:44.9224205Z   APP_DIR: labs/17-devsecops
Pipeline summary	Report an all-green pipeline	2026-10-07T14:07:44.9224719Z   IMAGE_NAME: claim-check-api
Pipeline summary	Report an all-green pipeline	2026-10-07T14:07:44.9225228Z   TRIVY_VERSION: 0.75.0
Pipeline summary	Report an all-green pipeline	2026-10-07T14:07:44.9225698Z   GITLEAKS_VERSION: 8.30.1
Pipeline summary	Report an all-green pipeline	2026-10-07T14:07:44.9226179Z   PYTHON_VERSION: 3.13
Pipeline summary	Report an all-green pipeline	2026-10-07T14:07:44.9226632Z ##[endgroup]
Pipeline summary	Report an all-green pipeline	2026-10-07T14:07:44.9314346Z every stage passed, the gated image is published
Pipeline summary	Complete job	﻿2026-10-07T14:07:44.9403117Z Cleaning up orphan processes
