1 Build	Set up job	﻿2026-10-07T14:18:28.4228068Z Current runner version: '2.337.0'
1 Build	Set up job	2026-10-07T14:18:28.4255767Z ##[group]Runner Image Provisioner
1 Build	Set up job	2026-10-07T14:18:28.4256777Z Hosted Compute Agent
1 Build	Set up job	2026-10-07T14:18:28.4257383Z Version: 20260901.588
1 Build	Set up job	2026-10-07T14:18:28.4258089Z Commit: f88ec8081b781fac6c440065ac7ff9e710ce3d0b
1 Build	Set up job	2026-10-07T14:18:28.4258852Z Build Date: 2026-09-01T19:56:44Z
1 Build	Set up job	2026-10-07T14:18:28.4259531Z Worker ID: {73b97e0e-2032-45a7-b330-33b90aa1e76a}
1 Build	Set up job	2026-10-07T14:18:28.4260333Z Azure Region: westus2
1 Build	Set up job	2026-10-07T14:18:28.4260910Z ##[endgroup]
1 Build	Set up job	2026-10-07T14:18:28.4262664Z ##[group]Operating System
1 Build	Set up job	2026-10-07T14:18:28.4263703Z Ubuntu
1 Build	Set up job	2026-10-07T14:18:28.4264249Z 24.04.5
1 Build	Set up job	2026-10-07T14:18:28.4265184Z LTS
1 Build	Set up job	2026-10-07T14:18:28.4265721Z ##[endgroup]
1 Build	Set up job	2026-10-07T14:18:28.4266293Z ##[group]Runner Image
1 Build	Set up job	2026-10-07T14:18:28.4266973Z Image: ubuntu-24.04
1 Build	Set up job	2026-10-07T14:18:28.4267577Z Version: 20260927.320.1
1 Build	Set up job	2026-10-07T14:18:28.4268682Z Included Software: https://github.com/actions/runner-images/blob/ubuntu24/20260927.320/images/ubuntu/Ubuntu2404-Readme.md
1 Build	Set up job	2026-10-07T14:18:28.4270407Z Image Release: https://github.com/actions/runner-images/releases/tag/ubuntu24%2F20260927.320
1 Build	Set up job	2026-10-07T14:18:28.4271452Z ##[endgroup]
1 Build	Set up job	2026-10-07T14:18:28.4272565Z ##[group]GITHUB_TOKEN Permissions
1 Build	Set up job	2026-10-07T14:18:28.4274978Z Contents: read
1 Build	Set up job	2026-10-07T14:18:28.4275655Z Metadata: read
1 Build	Set up job	2026-10-07T14:18:28.4276472Z ##[endgroup]
1 Build	Set up job	2026-10-07T14:18:28.4278631Z Secret source: Actions
1 Build	Set up job	2026-10-07T14:18:28.4279653Z Cache mode: write
1 Build	Set up job	2026-10-07T14:18:28.4280473Z Prepare workflow directory
1 Build	Set up job	2026-10-07T14:18:28.4716767Z Prepare all required actions
1 Build	Set up job	2026-10-07T14:18:28.4767871Z Getting action download info
1 Build	Set up job	2026-10-07T14:18:28.9241060Z Download action repository 'actions/checkout@v4' (SHA:11d5960a326750d5838078e36cf38b85af677262)
1 Build	Set up job	2026-10-07T14:18:29.0184487Z Download action repository 'actions/setup-python@v5' (SHA:a26af69be951a213d495a4c3e4e4022e16d87065)
1 Build	Set up job	2026-10-07T14:18:29.1005678Z Download action repository 'actions/upload-artifact@v4' (SHA:ea165f8d65b6e75b540449e92b4886f43607fa02)
1 Build	Set up job	2026-10-07T14:18:29.3222093Z Complete job name: 1 Build
1 Build	Checkout code	﻿2026-10-07T14:18:29.4029128Z ##[group]Run actions/checkout@v4
1 Build	Checkout code	2026-10-07T14:18:29.4030043Z with:
1 Build	Checkout code	2026-10-07T14:18:29.4030526Z   repository: AmanYadav7015/devops-coursework
1 Build	Checkout code	2026-10-07T14:18:29.4034557Z   token: ***
1 Build	Checkout code	2026-10-07T14:18:29.4035005Z   ssh-strict: true
1 Build	Checkout code	2026-10-07T14:18:29.4035439Z   ssh-user: git
1 Build	Checkout code	2026-10-07T14:18:29.4035888Z   persist-credentials: true
1 Build	Checkout code	2026-10-07T14:18:29.4036372Z   clean: true
1 Build	Checkout code	2026-10-07T14:18:29.4036815Z   sparse-checkout-cone-mode: true
1 Build	Checkout code	2026-10-07T14:18:29.4037326Z   fetch-depth: 1
1 Build	Checkout code	2026-10-07T14:18:29.4037752Z   fetch-tags: false
1 Build	Checkout code	2026-10-07T14:18:29.4038194Z   show-progress: true
1 Build	Checkout code	2026-10-07T14:18:29.4038641Z   lfs: false
1 Build	Checkout code	2026-10-07T14:18:29.4039066Z   submodules: false
1 Build	Checkout code	2026-10-07T14:18:29.4039514Z   set-safe-directory: true
1 Build	Checkout code	2026-10-07T14:18:29.4040014Z   allow-unsafe-pr-checkout: false
1 Build	Checkout code	2026-10-07T14:18:29.4040803Z env:
1 Build	Checkout code	2026-10-07T14:18:29.4041228Z   APP_DIR: labs/17-devsecops
1 Build	Checkout code	2026-10-07T14:18:29.4041735Z   IMAGE_NAME: claim-check-api
1 Build	Checkout code	2026-10-07T14:18:29.4042258Z   TRIVY_VERSION: 0.75.0
1 Build	Checkout code	2026-10-07T14:18:29.4042758Z   GITLEAKS_VERSION: 8.30.1
1 Build	Checkout code	2026-10-07T14:18:29.4043470Z   PYTHON_VERSION: 3.13
1 Build	Checkout code	2026-10-07T14:18:29.4043980Z ##[endgroup]
1 Build	Checkout code	2026-10-07T14:18:29.5092202Z Syncing repository: AmanYadav7015/devops-coursework
1 Build	Checkout code	2026-10-07T14:18:29.5095139Z ##[group]Getting Git version info
1 Build	Checkout code	2026-10-07T14:18:29.5096249Z Working directory is '/home/runner/work/devops-coursework/devops-coursework'
1 Build	Checkout code	2026-10-07T14:18:29.5135892Z [command]/usr/bin/git version
1 Build	Checkout code	2026-10-07T14:18:29.5266599Z git version 2.55.0
1 Build	Checkout code	2026-10-07T14:18:29.5292290Z ##[endgroup]
1 Build	Checkout code	2026-10-07T14:18:29.5310055Z Temporarily overriding HOME='/home/runner/work/_temp/5737c502-b191-42d8-9dd6-44e746b4dfd3' before making global git config changes
1 Build	Checkout code	2026-10-07T14:18:29.5312997Z Adding repository directory to the temporary git global config as a safe directory
1 Build	Checkout code	2026-10-07T14:18:29.5321143Z [command]/usr/bin/git config --global --add safe.directory /home/runner/work/devops-coursework/devops-coursework
1 Build	Checkout code	2026-10-07T14:18:29.5379239Z Deleting the contents of '/home/runner/work/devops-coursework/devops-coursework'
1 Build	Checkout code	2026-10-07T14:18:29.5383683Z ##[group]Initializing the repository
1 Build	Checkout code	2026-10-07T14:18:29.5389397Z [command]/usr/bin/git init /home/runner/work/devops-coursework/devops-coursework
1 Build	Checkout code	2026-10-07T14:18:29.5512905Z hint: Using 'master' as the name for the initial branch. This default branch name
1 Build	Checkout code	2026-10-07T14:18:29.5515519Z hint: will change to "main" in Git 3.0. To configure the initial branch name
1 Build	Checkout code	2026-10-07T14:18:29.5517449Z hint: to use in all of your new repositories, which will suppress this warning,
1 Build	Checkout code	2026-10-07T14:18:29.5524486Z hint: call:
1 Build	Checkout code	2026-10-07T14:18:29.5525657Z hint:
1 Build	Checkout code	2026-10-07T14:18:29.5527041Z hint: 	git config --global init.defaultBranch <name>
1 Build	Checkout code	2026-10-07T14:18:29.5528472Z hint:
1 Build	Checkout code	2026-10-07T14:18:29.5529838Z hint: Names commonly chosen instead of 'master' are 'main', 'trunk' and
1 Build	Checkout code	2026-10-07T14:18:29.5531735Z hint: 'development'. The just-created branch can be renamed via this command:
1 Build	Checkout code	2026-10-07T14:18:29.5533508Z hint:
1 Build	Checkout code	2026-10-07T14:18:29.5534515Z hint: 	git branch -m <name>
1 Build	Checkout code	2026-10-07T14:18:29.5535588Z hint:
1 Build	Checkout code	2026-10-07T14:18:29.5536921Z hint: Disable this message with "git config set advice.defaultBranchName false"
1 Build	Checkout code	2026-10-07T14:18:29.5539302Z Initialized empty Git repository in /home/runner/work/devops-coursework/devops-coursework/.git/
1 Build	Checkout code	2026-10-07T14:18:29.5544076Z [command]/usr/bin/git remote add origin https://github.com/AmanYadav7015/devops-coursework
1 Build	Checkout code	2026-10-07T14:18:29.5592700Z ##[endgroup]
1 Build	Checkout code	2026-10-07T14:18:29.5594860Z ##[group]Disabling automatic garbage collection
1 Build	Checkout code	2026-10-07T14:18:29.5597459Z [command]/usr/bin/git config --local gc.auto 0
1 Build	Checkout code	2026-10-07T14:18:29.5674554Z ##[endgroup]
1 Build	Checkout code	2026-10-07T14:18:29.5676140Z ##[group]Setting up auth
1 Build	Checkout code	2026-10-07T14:18:29.5677433Z [command]/usr/bin/git config --local --name-only --get-regexp core\.sshCommand
1 Build	Checkout code	2026-10-07T14:18:29.5705084Z [command]/usr/bin/git submodule foreach --recursive sh -c "git config --local --name-only --get-regexp 'core\.sshCommand' && git config --local --unset-all 'core.sshCommand' || :"
1 Build	Checkout code	2026-10-07T14:18:29.6104607Z [command]/usr/bin/git config --local --name-only --get-regexp http\.https\:\/\/github\.com\/\.extraheader
1 Build	Checkout code	2026-10-07T14:18:29.6141298Z [command]/usr/bin/git submodule foreach --recursive sh -c "git config --local --name-only --get-regexp 'http\.https\:\/\/github\.com\/\.extraheader' && git config --local --unset-all 'http.https://github.com/.extraheader' || :"
1 Build	Checkout code	2026-10-07T14:18:29.6424577Z [command]/usr/bin/git config --local --name-only --get-regexp ^includeIf\.gitdir:
1 Build	Checkout code	2026-10-07T14:18:29.6465227Z [command]/usr/bin/git submodule foreach --recursive git config --local --show-origin --name-only --get-regexp remote.origin.url
1 Build	Checkout code	2026-10-07T14:18:29.6704474Z [command]/usr/bin/git config --local http.https://github.com/.extraheader AUTHORIZATION: basic ***
1 Build	Checkout code	2026-10-07T14:18:29.6747977Z ##[endgroup]
1 Build	Checkout code	2026-10-07T14:18:29.6749146Z ##[group]Fetching the repository
1 Build	Checkout code	2026-10-07T14:18:29.6758693Z [command]/usr/bin/git -c protocol.version=2 fetch --no-tags --prune --no-recurse-submodules --depth=1 origin +e2a54b405aaef0453130dd8955a1c4de2acad19f:refs/remotes/origin/session-17-devsecops-ci
1 Build	Checkout code	2026-10-07T14:18:30.9184491Z From https://github.com/AmanYadav7015/devops-coursework
1 Build	Checkout code	2026-10-07T14:18:30.9188722Z  * [new ref]         e2a54b405aaef0453130dd8955a1c4de2acad19f -> origin/session-17-devsecops-ci
1 Build	Checkout code	2026-10-07T14:18:30.9198497Z ##[endgroup]
1 Build	Checkout code	2026-10-07T14:18:30.9201321Z ##[group]Determining the checkout info
1 Build	Checkout code	2026-10-07T14:18:30.9204744Z ##[endgroup]
1 Build	Checkout code	2026-10-07T14:18:30.9206522Z [command]/usr/bin/git sparse-checkout disable
1 Build	Checkout code	2026-10-07T14:18:30.9262171Z [command]/usr/bin/git config --local --unset-all extensions.worktreeConfig
1 Build	Checkout code	2026-10-07T14:18:30.9299400Z ##[group]Checking out the ref
1 Build	Checkout code	2026-10-07T14:18:30.9302155Z [command]/usr/bin/git checkout --progress --force -B session-17-devsecops-ci refs/remotes/origin/session-17-devsecops-ci
1 Build	Checkout code	2026-10-07T14:18:31.0631684Z Switched to a new branch 'session-17-devsecops-ci'
1 Build	Checkout code	2026-10-07T14:18:31.0639623Z branch 'session-17-devsecops-ci' set up to track 'origin/session-17-devsecops-ci'.
1 Build	Checkout code	2026-10-07T14:18:31.0655793Z ##[endgroup]
1 Build	Checkout code	2026-10-07T14:18:31.0705802Z [command]/usr/bin/git log -1 --format=%H
1 Build	Checkout code	2026-10-07T14:18:31.0735142Z e2a54b405aaef0453130dd8955a1c4de2acad19f
1 Build	Setup Python	﻿2026-10-07T14:18:31.1141425Z ##[group]Run actions/setup-python@v5
1 Build	Setup Python	2026-10-07T14:18:31.1142793Z with:
1 Build	Setup Python	2026-10-07T14:18:31.1143905Z   python-version: 3.13
1 Build	Setup Python	2026-10-07T14:18:31.1144963Z   check-latest: false
1 Build	Setup Python	2026-10-07T14:18:31.1154709Z   token: ***
1 Build	Setup Python	2026-10-07T14:18:31.1155706Z   update-environment: true
1 Build	Setup Python	2026-10-07T14:18:31.1224110Z   allow-prereleases: false
1 Build	Setup Python	2026-10-07T14:18:31.1226283Z   freethreaded: false
1 Build	Setup Python	2026-10-07T14:18:31.1227756Z env:
1 Build	Setup Python	2026-10-07T14:18:31.1229098Z   APP_DIR: labs/17-devsecops
1 Build	Setup Python	2026-10-07T14:18:31.1231002Z   IMAGE_NAME: claim-check-api
1 Build	Setup Python	2026-10-07T14:18:31.1233776Z   TRIVY_VERSION: 0.75.0
1 Build	Setup Python	2026-10-07T14:18:31.1235681Z   GITLEAKS_VERSION: 8.30.1
1 Build	Setup Python	2026-10-07T14:18:31.1237558Z   PYTHON_VERSION: 3.13
1 Build	Setup Python	2026-10-07T14:18:31.1239240Z ##[endgroup]
1 Build	Setup Python	2026-10-07T14:18:31.2599974Z ##[group]Installed versions
1 Build	Setup Python	2026-10-07T14:18:31.2704162Z (node:2275) [DEP0040] DeprecationWarning: The `punycode` module is deprecated. Please use a userland alternative instead.
1 Build	Setup Python	2026-10-07T14:18:31.2708911Z (Use `node --trace-deprecation ...` to show where the warning was created)
1 Build	Setup Python	2026-10-07T14:18:31.2712596Z Successfully set up CPython (3.13.15)
1 Build	Setup Python	2026-10-07T14:18:31.2716314Z ##[endgroup]
1 Build	Resolve the version and the registry reference	﻿2026-10-07T14:18:31.2935696Z ##[group]Run APP_VERSION="1.0.${GITHUB_RUN_NUMBER}+${GITHUB_SHA::7}"
1 Build	Resolve the version and the registry reference	2026-10-07T14:18:31.2937900Z [36;1mAPP_VERSION="1.0.${GITHUB_RUN_NUMBER}+${GITHUB_SHA::7}"[0m
1 Build	Resolve the version and the registry reference	2026-10-07T14:18:31.2940836Z [36;1mIMAGE_TAG="1.0.${GITHUB_RUN_NUMBER}-${GITHUB_SHA::7}"[0m
1 Build	Resolve the version and the registry reference	2026-10-07T14:18:31.2944028Z [36;1mOWNER_REPO=$(echo "${GITHUB_REPOSITORY}" | tr '[:upper:]' '[:lower:]')[0m
1 Build	Resolve the version and the registry reference	2026-10-07T14:18:31.2946108Z [36;1mIMAGE_REPO="ghcr.io/${OWNER_REPO}/${IMAGE_NAME}"[0m
1 Build	Resolve the version and the registry reference	2026-10-07T14:18:31.2948874Z [36;1mecho "app_version=${APP_VERSION}" >> "$GITHUB_OUTPUT"[0m
1 Build	Resolve the version and the registry reference	2026-10-07T14:18:31.2951682Z [36;1mecho "image_tag=${IMAGE_TAG}" >> "$GITHUB_OUTPUT"[0m
1 Build	Resolve the version and the registry reference	2026-10-07T14:18:31.2954644Z [36;1mecho "image_repo=${IMAGE_REPO}" >> "$GITHUB_OUTPUT"[0m
1 Build	Resolve the version and the registry reference	2026-10-07T14:18:31.2957336Z [36;1mecho "application version : ${APP_VERSION}"[0m
1 Build	Resolve the version and the registry reference	2026-10-07T14:18:31.2959310Z [36;1mecho "image tag           : ${IMAGE_TAG}"[0m
1 Build	Resolve the version and the registry reference	2026-10-07T14:18:31.2960973Z [36;1mecho "registry reference  : ${IMAGE_REPO}:${IMAGE_TAG}"[0m
1 Build	Resolve the version and the registry reference	2026-10-07T14:18:31.3282221Z shell: /usr/bin/bash --noprofile --norc -e -o pipefail {0}
1 Build	Resolve the version and the registry reference	2026-10-07T14:18:31.3284458Z env:
1 Build	Resolve the version and the registry reference	2026-10-07T14:18:31.3285578Z   APP_DIR: labs/17-devsecops
1 Build	Resolve the version and the registry reference	2026-10-07T14:18:31.3286881Z   IMAGE_NAME: claim-check-api
1 Build	Resolve the version and the registry reference	2026-10-07T14:18:31.3288066Z   TRIVY_VERSION: 0.75.0
1 Build	Resolve the version and the registry reference	2026-10-07T14:18:31.3289133Z   GITLEAKS_VERSION: 8.30.1
1 Build	Resolve the version and the registry reference	2026-10-07T14:18:31.3290230Z   PYTHON_VERSION: 3.13
1 Build	Resolve the version and the registry reference	2026-10-07T14:18:31.3291521Z   pythonLocation: /opt/hostedtoolcache/Python/3.13.15/x64
1 Build	Resolve the version and the registry reference	2026-10-07T14:18:31.3293707Z   PKG_CONFIG_PATH: /opt/hostedtoolcache/Python/3.13.15/x64/lib/pkgconfig
1 Build	Resolve the version and the registry reference	2026-10-07T14:18:31.3295659Z   Python_ROOT_DIR: /opt/hostedtoolcache/Python/3.13.15/x64
1 Build	Resolve the version and the registry reference	2026-10-07T14:18:31.3297419Z   Python2_ROOT_DIR: /opt/hostedtoolcache/Python/3.13.15/x64
1 Build	Resolve the version and the registry reference	2026-10-07T14:18:31.3299126Z   Python3_ROOT_DIR: /opt/hostedtoolcache/Python/3.13.15/x64
1 Build	Resolve the version and the registry reference	2026-10-07T14:18:31.3300869Z   LD_LIBRARY_PATH: /opt/hostedtoolcache/Python/3.13.15/x64/lib
1 Build	Resolve the version and the registry reference	2026-10-07T14:18:31.3302338Z ##[endgroup]
1 Build	Resolve the version and the registry reference	2026-10-07T14:18:31.3460625Z application version : 1.0.9+e2a54b4
1 Build	Resolve the version and the registry reference	2026-10-07T14:18:31.3462597Z image tag           : 1.0.9-e2a54b4
1 Build	Resolve the version and the registry reference	2026-10-07T14:18:31.3465246Z registry reference  : ghcr.io/amanyadav7015/devops-coursework/claim-check-api:1.0.9-e2a54b4
1 Build	Install runtime dependencies	﻿2026-10-07T14:18:31.3565450Z ##[group]Run python -m pip install --upgrade pip
1 Build	Install runtime dependencies	2026-10-07T14:18:31.3567031Z [36;1mpython -m pip install --upgrade pip[0m
1 Build	Install runtime dependencies	2026-10-07T14:18:31.3568414Z [36;1mpip install -r requirements.txt[0m
1 Build	Install runtime dependencies	2026-10-07T14:18:31.3569652Z [36;1mpip list[0m
1 Build	Install runtime dependencies	2026-10-07T14:18:31.3637072Z shell: /usr/bin/bash --noprofile --norc -e -o pipefail {0}
1 Build	Install runtime dependencies	2026-10-07T14:18:31.3638530Z env:
1 Build	Install runtime dependencies	2026-10-07T14:18:31.3639623Z   APP_DIR: labs/17-devsecops
1 Build	Install runtime dependencies	2026-10-07T14:18:31.3640732Z   IMAGE_NAME: claim-check-api
1 Build	Install runtime dependencies	2026-10-07T14:18:31.3641819Z   TRIVY_VERSION: 0.75.0
1 Build	Install runtime dependencies	2026-10-07T14:18:31.3642841Z   GITLEAKS_VERSION: 8.30.1
1 Build	Install runtime dependencies	2026-10-07T14:18:31.3644122Z   PYTHON_VERSION: 3.13
1 Build	Install runtime dependencies	2026-10-07T14:18:31.3645357Z   pythonLocation: /opt/hostedtoolcache/Python/3.13.15/x64
1 Build	Install runtime dependencies	2026-10-07T14:18:31.3647176Z   PKG_CONFIG_PATH: /opt/hostedtoolcache/Python/3.13.15/x64/lib/pkgconfig
1 Build	Install runtime dependencies	2026-10-07T14:18:31.3649042Z   Python_ROOT_DIR: /opt/hostedtoolcache/Python/3.13.15/x64
1 Build	Install runtime dependencies	2026-10-07T14:18:31.3650721Z   Python2_ROOT_DIR: /opt/hostedtoolcache/Python/3.13.15/x64
1 Build	Install runtime dependencies	2026-10-07T14:18:31.3652439Z   Python3_ROOT_DIR: /opt/hostedtoolcache/Python/3.13.15/x64
1 Build	Install runtime dependencies	2026-10-07T14:18:31.3654269Z   LD_LIBRARY_PATH: /opt/hostedtoolcache/Python/3.13.15/x64/lib
1 Build	Install runtime dependencies	2026-10-07T14:18:31.3655700Z ##[endgroup]
1 Build	Install runtime dependencies	2026-10-07T14:18:32.2077613Z Requirement already satisfied: pip in /opt/hostedtoolcache/Python/3.13.15/x64/lib/python3.13/site-packages (26.2.1)
1 Build	Install runtime dependencies	2026-10-07T14:18:32.8793653Z Collecting Flask==3.1.3 (from -r requirements.txt (line 1))
1 Build	Install runtime dependencies	2026-10-07T14:18:32.9404751Z   Downloading flask-3.1.3-py3-none-any.whl.metadata (3.2 kB)
1 Build	Install runtime dependencies	2026-10-07T14:18:32.9715434Z Collecting Werkzeug==3.1.9 (from -r requirements.txt (line 2))
1 Build	Install runtime dependencies	2026-10-07T14:18:32.9790852Z   Downloading werkzeug-3.1.9-py3-none-any.whl.metadata (4.1 kB)
1 Build	Install runtime dependencies	2026-10-07T14:18:32.9994392Z Collecting Jinja2==3.1.6 (from -r requirements.txt (line 3))
1 Build	Install runtime dependencies	2026-10-07T14:18:33.0077663Z   Downloading jinja2-3.1.6-py3-none-any.whl.metadata (2.9 kB)
1 Build	Install runtime dependencies	2026-10-07T14:18:33.0559420Z Collecting PyYAML==6.0.3 (from -r requirements.txt (line 4))
1 Build	Install runtime dependencies	2026-10-07T14:18:33.0640912Z   Downloading pyyaml-6.0.3-cp313-cp313-manylinux2014_x86_64.manylinux_2_17_x86_64.manylinux_2_28_x86_64.whl.metadata (2.4 kB)
1 Build	Install runtime dependencies	2026-10-07T14:18:33.0895715Z Collecting requests==2.34.2 (from -r requirements.txt (line 5))
1 Build	Install runtime dependencies	2026-10-07T14:18:33.0969545Z   Downloading requests-2.34.2-py3-none-any.whl.metadata (4.8 kB)
1 Build	Install runtime dependencies	2026-10-07T14:18:33.1227304Z Collecting urllib3==2.8.0 (from -r requirements.txt (line 6))
1 Build	Install runtime dependencies	2026-10-07T14:18:33.1300640Z   Downloading urllib3-2.8.0-py3-none-any.whl.metadata (7.4 kB)
1 Build	Install runtime dependencies	2026-10-07T14:18:33.1602962Z Collecting certifi==2026.7.22 (from -r requirements.txt (line 7))
1 Build	Install runtime dependencies	2026-10-07T14:18:33.1676717Z   Downloading certifi-2026.7.22-py3-none-any.whl.metadata (2.5 kB)
1 Build	Install runtime dependencies	2026-10-07T14:18:33.1877489Z Collecting gunicorn==26.2.0 (from -r requirements.txt (line 8))
1 Build	Install runtime dependencies	2026-10-07T14:18:33.1951501Z   Downloading gunicorn-26.2.0-py3-none-any.whl.metadata (5.5 kB)
1 Build	Install runtime dependencies	2026-10-07T14:18:33.2129984Z Collecting blinker>=1.9.0 (from Flask==3.1.3->-r requirements.txt (line 1))
1 Build	Install runtime dependencies	2026-10-07T14:18:33.2216926Z   Downloading blinker-1.9.0-py3-none-any.whl.metadata (1.6 kB)
1 Build	Install runtime dependencies	2026-10-07T14:18:33.2448649Z Collecting click>=8.1.3 (from Flask==3.1.3->-r requirements.txt (line 1))
1 Build	Install runtime dependencies	2026-10-07T14:18:33.2526281Z   Downloading click-8.5.0-py3-none-any.whl.metadata (2.6 kB)
1 Build	Install runtime dependencies	2026-10-07T14:18:33.2676390Z Collecting itsdangerous>=2.2.0 (from Flask==3.1.3->-r requirements.txt (line 1))
1 Build	Install runtime dependencies	2026-10-07T14:18:33.2749650Z   Downloading itsdangerous-2.2.0-py3-none-any.whl.metadata (1.9 kB)
1 Build	Install runtime dependencies	2026-10-07T14:18:33.3405653Z Collecting markupsafe>=2.1.1 (from Flask==3.1.3->-r requirements.txt (line 1))
1 Build	Install runtime dependencies	2026-10-07T14:18:33.3484772Z   Downloading markupsafe-3.0.4-cp313-cp313-manylinux2014_x86_64.manylinux_2_17_x86_64.manylinux_2_28_x86_64.whl.metadata (2.7 kB)
1 Build	Install runtime dependencies	2026-10-07T14:18:33.4992352Z Collecting charset_normalizer<4,>=2 (from requests==2.34.2->-r requirements.txt (line 5))
1 Build	Install runtime dependencies	2026-10-07T14:18:33.5070115Z   Downloading charset_normalizer-3.5.2-cp313-cp313-manylinux2014_x86_64.manylinux_2_17_x86_64.manylinux_2_28_x86_64.whl.metadata (46 kB)
1 Build	Install runtime dependencies	2026-10-07T14:18:33.5327823Z Collecting idna<4,>=2.5 (from requests==2.34.2->-r requirements.txt (line 5))
1 Build	Install runtime dependencies	2026-10-07T14:18:33.5404010Z   Downloading idna-3.20-py3-none-any.whl.metadata (7.2 kB)
1 Build	Install runtime dependencies	2026-10-07T14:18:33.5566024Z Downloading flask-3.1.3-py3-none-any.whl (103 kB)
1 Build	Install runtime dependencies	2026-10-07T14:18:33.5710917Z Downloading werkzeug-3.1.9-py3-none-any.whl (228 kB)
1 Build	Install runtime dependencies	2026-10-07T14:18:33.5920222Z Downloading jinja2-3.1.6-py3-none-any.whl (134 kB)
1 Build	Install runtime dependencies	2026-10-07T14:18:33.6022800Z Downloading pyyaml-6.0.3-cp313-cp313-manylinux2014_x86_64.manylinux_2_17_x86_64.manylinux_2_28_x86_64.whl (801 kB)
1 Build	Install runtime dependencies	2026-10-07T14:18:33.6240374Z    ━━━━━━━━━━━━━━━━━━━━━━━━━━━━━━━━━━━━━━━━ 801.6/801.6 kB 40.9 MB/s  0:00:00
1 Build	Install runtime dependencies	2026-10-07T14:18:33.6314123Z Downloading requests-2.34.2-py3-none-any.whl (73 kB)
1 Build	Install runtime dependencies	2026-10-07T14:18:33.6408739Z Downloading urllib3-2.8.0-py3-none-any.whl (135 kB)
1 Build	Install runtime dependencies	2026-10-07T14:18:33.6504972Z Downloading certifi-2026.7.22-py3-none-any.whl (136 kB)
1 Build	Install runtime dependencies	2026-10-07T14:18:33.6606984Z Downloading gunicorn-26.2.0-py3-none-any.whl (228 kB)
1 Build	Install runtime dependencies	2026-10-07T14:18:33.6723436Z Downloading charset_normalizer-3.5.2-cp313-cp313-manylinux2014_x86_64.manylinux_2_17_x86_64.manylinux_2_28_x86_64.whl (254 kB)
1 Build	Install runtime dependencies	2026-10-07T14:18:33.6820173Z Downloading idna-3.20-py3-none-any.whl (69 kB)
1 Build	Install runtime dependencies	2026-10-07T14:18:33.6912900Z Downloading blinker-1.9.0-py3-none-any.whl (8.5 kB)
1 Build	Install runtime dependencies	2026-10-07T14:18:33.7005805Z Downloading click-8.5.0-py3-none-any.whl (125 kB)
1 Build	Install runtime dependencies	2026-10-07T14:18:33.7099879Z Downloading itsdangerous-2.2.0-py3-none-any.whl (16 kB)
1 Build	Install runtime dependencies	2026-10-07T14:18:33.7194956Z Downloading markupsafe-3.0.4-cp313-cp313-manylinux2014_x86_64.manylinux_2_17_x86_64.manylinux_2_28_x86_64.whl (23 kB)
1 Build	Install runtime dependencies	2026-10-07T14:18:33.7901145Z Installing collected packages: urllib3, PyYAML, markupsafe, itsdangerous, idna, gunicorn, click, charset_normalizer, certifi, blinker, Werkzeug, requests, Jinja2, Flask
1 Build	Install runtime dependencies	2026-10-07T14:18:34.6514549Z 
1 Build	Install runtime dependencies	2026-10-07T14:18:34.6537671Z Successfully installed Flask-3.1.3 Jinja2-3.1.6 PyYAML-6.0.3 Werkzeug-3.1.9 blinker-1.9.0 certifi-2026.7.22 charset_normalizer-3.5.2 click-8.5.0 gunicorn-26.2.0 idna-3.20 itsdangerous-2.2.0 markupsafe-3.0.4 requests-2.34.2 urllib3-2.8.0
1 Build	Install runtime dependencies	2026-10-07T14:18:34.9224430Z Package            Version
1 Build	Install runtime dependencies	2026-10-07T14:18:34.9226449Z ------------------ ---------
1 Build	Install runtime dependencies	2026-10-07T14:18:34.9228515Z blinker            1.9.0
1 Build	Install runtime dependencies	2026-10-07T14:18:34.9230469Z certifi            2026.7.22
1 Build	Install runtime dependencies	2026-10-07T14:18:34.9232545Z charset-normalizer 3.5.2
1 Build	Install runtime dependencies	2026-10-07T14:18:34.9234584Z click              8.5.0
1 Build	Install runtime dependencies	2026-10-07T14:18:34.9236501Z Flask              3.1.3
1 Build	Install runtime dependencies	2026-10-07T14:18:34.9238853Z gunicorn           26.2.0
1 Build	Install runtime dependencies	2026-10-07T14:18:34.9263756Z idna               3.20
1 Build	Install runtime dependencies	2026-10-07T14:18:34.9268463Z itsdangerous       2.2.0
1 Build	Install runtime dependencies	2026-10-07T14:18:34.9269216Z Jinja2             3.1.6
1 Build	Install runtime dependencies	2026-10-07T14:18:34.9269478Z MarkupSafe         3.0.4
1 Build	Install runtime dependencies	2026-10-07T14:18:34.9269720Z pip                26.2.1
1 Build	Install runtime dependencies	2026-10-07T14:18:34.9269958Z PyYAML             6.0.3
1 Build	Install runtime dependencies	2026-10-07T14:18:34.9270187Z requests           2.34.2
1 Build	Install runtime dependencies	2026-10-07T14:18:34.9270415Z urllib3            2.8.0
1 Build	Install runtime dependencies	2026-10-07T14:18:34.9270629Z Werkzeug           3.1.9
1 Build	Byte-compile the application	﻿2026-10-07T14:18:34.9565957Z ##[group]Run python -m compileall -q app
1 Build	Byte-compile the application	2026-10-07T14:18:34.9566351Z [36;1mpython -m compileall -q app[0m
1 Build	Byte-compile the application	2026-10-07T14:18:34.9567029Z [36;1mpython -c "from app.server import app; print('routes:'); [print(' ', r.rule, sorted(r.methods - {'HEAD', 'OPTIONS'})) for r in app.url_map.iter_rules()]"[0m
1 Build	Byte-compile the application	2026-10-07T14:18:34.9634320Z shell: /usr/bin/bash --noprofile --norc -e -o pipefail {0}
1 Build	Byte-compile the application	2026-10-07T14:18:34.9634706Z env:
1 Build	Byte-compile the application	2026-10-07T14:18:34.9634916Z   APP_DIR: labs/17-devsecops
1 Build	Byte-compile the application	2026-10-07T14:18:34.9635179Z   IMAGE_NAME: claim-check-api
1 Build	Byte-compile the application	2026-10-07T14:18:34.9635432Z   TRIVY_VERSION: 0.75.0
1 Build	Byte-compile the application	2026-10-07T14:18:34.9635667Z   GITLEAKS_VERSION: 8.30.1
1 Build	Byte-compile the application	2026-10-07T14:18:34.9635904Z   PYTHON_VERSION: 3.13
1 Build	Byte-compile the application	2026-10-07T14:18:34.9636192Z   pythonLocation: /opt/hostedtoolcache/Python/3.13.15/x64
1 Build	Byte-compile the application	2026-10-07T14:18:34.9636650Z   PKG_CONFIG_PATH: /opt/hostedtoolcache/Python/3.13.15/x64/lib/pkgconfig
1 Build	Byte-compile the application	2026-10-07T14:18:34.9637087Z   Python_ROOT_DIR: /opt/hostedtoolcache/Python/3.13.15/x64
1 Build	Byte-compile the application	2026-10-07T14:18:34.9637482Z   Python2_ROOT_DIR: /opt/hostedtoolcache/Python/3.13.15/x64
1 Build	Byte-compile the application	2026-10-07T14:18:34.9637928Z   Python3_ROOT_DIR: /opt/hostedtoolcache/Python/3.13.15/x64
1 Build	Byte-compile the application	2026-10-07T14:18:34.9638335Z   LD_LIBRARY_PATH: /opt/hostedtoolcache/Python/3.13.15/x64/lib
1 Build	Byte-compile the application	2026-10-07T14:18:34.9638694Z ##[endgroup]
1 Build	Byte-compile the application	2026-10-07T14:18:35.3100048Z routes:
1 Build	Byte-compile the application	2026-10-07T14:18:35.3100807Z   /static/<path:filename> ['GET']
1 Build	Byte-compile the application	2026-10-07T14:18:35.3102098Z   /health ['GET']
1 Build	Byte-compile the application	2026-10-07T14:18:35.3102684Z   /version ['GET']
1 Build	Byte-compile the application	2026-10-07T14:18:35.3103324Z   /claims/validate ['POST']
1 Build	Byte-compile the application	2026-10-07T14:18:35.3103776Z   /claims/price ['POST']
1 Build	Byte-compile the application	2026-10-07T14:18:35.3104205Z   /claims/batch ['POST']
1 Build	Byte-compile the application	2026-10-07T14:18:35.3104615Z   /policy/apply ['POST']
1 Build	Byte-compile the application	2026-10-07T14:18:35.3105000Z   /fx ['GET']
1 Build	Assemble the deployable package	﻿2026-10-07T14:18:35.3549407Z ##[group]Run rm -rf dist
1 Build	Assemble the deployable package	2026-10-07T14:18:35.3549739Z [36;1mrm -rf dist[0m
1 Build	Assemble the deployable package	2026-10-07T14:18:35.3549964Z [36;1mmkdir -p dist[0m
1 Build	Assemble the deployable package	2026-10-07T14:18:35.3550202Z [36;1mcp -R app dist/app[0m
1 Build	Assemble the deployable package	2026-10-07T14:18:35.3550537Z [36;1mcp Dockerfile .dockerignore requirements.txt dist/[0m
1 Build	Assemble the deployable package	2026-10-07T14:18:35.3550986Z [36;1mfind dist -name '__pycache__' -type d -prune -exec rm -rf {} +[0m
1 Build	Assemble the deployable package	2026-10-07T14:18:35.3551386Z [36;1mcat > dist/build-info.txt <<INFO[0m
1 Build	Assemble the deployable package	2026-10-07T14:18:35.3551678Z [36;1mservice=claim-check-api[0m
1 Build	Assemble the deployable package	2026-10-07T14:18:35.3551932Z [36;1mversion=1.0.9+e2a54b4[0m
1 Build	Assemble the deployable package	2026-10-07T14:18:35.3552171Z [36;1mimage_tag=1.0.9-e2a54b4[0m
1 Build	Assemble the deployable package	2026-10-07T14:18:35.3552424Z [36;1mcommit=${GITHUB_SHA}[0m
1 Build	Assemble the deployable package	2026-10-07T14:18:35.3552687Z [36;1mbuilt_at=$(date -u +%Y-%m-%dT%H:%M:%SZ)[0m
1 Build	Assemble the deployable package	2026-10-07T14:18:35.3553301Z [36;1mbuilder=github-actions-${GITHUB_RUN_ID}[0m
1 Build	Assemble the deployable package	2026-10-07T14:18:35.3553657Z [36;1mINFO[0m
1 Build	Assemble the deployable package	2026-10-07T14:18:35.3553861Z [36;1mcat dist/build-info.txt[0m
1 Build	Assemble the deployable package	2026-10-07T14:18:35.3554112Z [36;1mfind dist -type f | sort[0m
1 Build	Assemble the deployable package	2026-10-07T14:18:35.3620288Z shell: /usr/bin/bash --noprofile --norc -e -o pipefail {0}
1 Build	Assemble the deployable package	2026-10-07T14:18:35.3620669Z env:
1 Build	Assemble the deployable package	2026-10-07T14:18:35.3620896Z   APP_DIR: labs/17-devsecops
1 Build	Assemble the deployable package	2026-10-07T14:18:35.3621157Z   IMAGE_NAME: claim-check-api
1 Build	Assemble the deployable package	2026-10-07T14:18:35.3621403Z   TRIVY_VERSION: 0.75.0
1 Build	Assemble the deployable package	2026-10-07T14:18:35.3621635Z   GITLEAKS_VERSION: 8.30.1
1 Build	Assemble the deployable package	2026-10-07T14:18:35.3621883Z   PYTHON_VERSION: 3.13
1 Build	Assemble the deployable package	2026-10-07T14:18:35.3622181Z   pythonLocation: /opt/hostedtoolcache/Python/3.13.15/x64
1 Build	Assemble the deployable package	2026-10-07T14:18:35.3622648Z   PKG_CONFIG_PATH: /opt/hostedtoolcache/Python/3.13.15/x64/lib/pkgconfig
1 Build	Assemble the deployable package	2026-10-07T14:18:35.3623413Z   Python_ROOT_DIR: /opt/hostedtoolcache/Python/3.13.15/x64
1 Build	Assemble the deployable package	2026-10-07T14:18:35.3623845Z   Python2_ROOT_DIR: /opt/hostedtoolcache/Python/3.13.15/x64
1 Build	Assemble the deployable package	2026-10-07T14:18:35.3624251Z   Python3_ROOT_DIR: /opt/hostedtoolcache/Python/3.13.15/x64
1 Build	Assemble the deployable package	2026-10-07T14:18:35.3624655Z   LD_LIBRARY_PATH: /opt/hostedtoolcache/Python/3.13.15/x64/lib
1 Build	Assemble the deployable package	2026-10-07T14:18:35.3624997Z ##[endgroup]
1 Build	Assemble the deployable package	2026-10-07T14:18:35.3842249Z service=claim-check-api
1 Build	Assemble the deployable package	2026-10-07T14:18:35.3842824Z version=1.0.9+e2a54b4
1 Build	Assemble the deployable package	2026-10-07T14:18:35.3843522Z image_tag=1.0.9-e2a54b4
1 Build	Assemble the deployable package	2026-10-07T14:18:35.3843953Z commit=e2a54b405aaef0453130dd8955a1c4de2acad19f
1 Build	Assemble the deployable package	2026-10-07T14:18:35.3844480Z built_at=2026-10-07T14:18:35Z
1 Build	Assemble the deployable package	2026-10-07T14:18:35.3844985Z builder=github-actions-37635580923
1 Build	Assemble the deployable package	2026-10-07T14:18:35.3867187Z dist/.dockerignore
1 Build	Assemble the deployable package	2026-10-07T14:18:35.3867618Z dist/Dockerfile
1 Build	Assemble the deployable package	2026-10-07T14:18:35.3867989Z dist/app/__init__.py
1 Build	Assemble the deployable package	2026-10-07T14:18:35.3868388Z dist/app/claims.py
1 Build	Assemble the deployable package	2026-10-07T14:18:35.3868733Z dist/app/server.py
1 Build	Assemble the deployable package	2026-10-07T14:18:35.3869106Z dist/build-info.txt
1 Build	Assemble the deployable package	2026-10-07T14:18:35.3869338Z dist/requirements.txt
1 Build	Upload the deployable package	﻿2026-10-07T14:18:35.3942513Z ##[group]Run actions/upload-artifact@v4
1 Build	Upload the deployable package	2026-10-07T14:18:35.3942842Z with:
1 Build	Upload the deployable package	2026-10-07T14:18:35.3943341Z   name: claim-check-api-package
1 Build	Upload the deployable package	2026-10-07T14:18:35.3943623Z   path: labs/17-devsecops/dist
1 Build	Upload the deployable package	2026-10-07T14:18:35.3943864Z   retention-days: 7
1 Build	Upload the deployable package	2026-10-07T14:18:35.3944073Z   if-no-files-found: warn
1 Build	Upload the deployable package	2026-10-07T14:18:35.3944308Z   compression-level: 6
1 Build	Upload the deployable package	2026-10-07T14:18:35.3944517Z   overwrite: false
1 Build	Upload the deployable package	2026-10-07T14:18:35.3944727Z   include-hidden-files: false
1 Build	Upload the deployable package	2026-10-07T14:18:35.3944954Z env:
1 Build	Upload the deployable package	2026-10-07T14:18:35.3945138Z   APP_DIR: labs/17-devsecops
1 Build	Upload the deployable package	2026-10-07T14:18:35.3945372Z   IMAGE_NAME: claim-check-api
1 Build	Upload the deployable package	2026-10-07T14:18:35.3945600Z   TRIVY_VERSION: 0.75.0
1 Build	Upload the deployable package	2026-10-07T14:18:35.3945817Z   GITLEAKS_VERSION: 8.30.1
1 Build	Upload the deployable package	2026-10-07T14:18:35.3946037Z   PYTHON_VERSION: 3.13
1 Build	Upload the deployable package	2026-10-07T14:18:35.3946316Z   pythonLocation: /opt/hostedtoolcache/Python/3.13.15/x64
1 Build	Upload the deployable package	2026-10-07T14:18:35.3946751Z   PKG_CONFIG_PATH: /opt/hostedtoolcache/Python/3.13.15/x64/lib/pkgconfig
1 Build	Upload the deployable package	2026-10-07T14:18:35.3947378Z   Python_ROOT_DIR: /opt/hostedtoolcache/Python/3.13.15/x64
1 Build	Upload the deployable package	2026-10-07T14:18:35.3947819Z   Python2_ROOT_DIR: /opt/hostedtoolcache/Python/3.13.15/x64
1 Build	Upload the deployable package	2026-10-07T14:18:35.3948214Z   Python3_ROOT_DIR: /opt/hostedtoolcache/Python/3.13.15/x64
1 Build	Upload the deployable package	2026-10-07T14:18:35.3948602Z   LD_LIBRARY_PATH: /opt/hostedtoolcache/Python/3.13.15/x64/lib
1 Build	Upload the deployable package	2026-10-07T14:18:35.3948922Z ##[endgroup]
1 Build	Upload the deployable package	2026-10-07T14:18:35.5756564Z (node:2354) [DEP0040] DeprecationWarning: The `punycode` module is deprecated. Please use a userland alternative instead.
1 Build	Upload the deployable package	2026-10-07T14:18:35.5758097Z (Use `node --trace-deprecation ...` to show where the warning was created)
1 Build	Upload the deployable package	2026-10-07T14:18:35.5975893Z With the provided path, there will be 6 files uploaded
1 Build	Upload the deployable package	2026-10-07T14:18:35.5977224Z Artifact name is valid!
1 Build	Upload the deployable package	2026-10-07T14:18:35.5977834Z Root directory input is valid!
1 Build	Upload the deployable package	2026-10-07T14:18:36.0276258Z Beginning upload of artifact content to blob storage
1 Build	Upload the deployable package	2026-10-07T14:18:36.0585836Z (node:2354) [DEP0169] DeprecationWarning: `url.parse()` behavior is not standardized and prone to errors that have security implications. Use the WHATWG URL API instead. CVEs are not issued for `url.parse()` vulnerabilities.
1 Build	Upload the deployable package	2026-10-07T14:18:36.3668177Z Uploaded bytes 3846
1 Build	Upload the deployable package	2026-10-07T14:18:36.4529289Z Finished uploading artifact content to blob storage!
1 Build	Upload the deployable package	2026-10-07T14:18:36.4530560Z SHA256 digest of uploaded artifact zip is 2362421c5f57e779dfafc7d635aa84f6595c155cf803503bcee3a34364e07bf6
1 Build	Upload the deployable package	2026-10-07T14:18:36.4531714Z Finalizing artifact upload
1 Build	Upload the deployable package	2026-10-07T14:18:36.7350258Z Artifact claim-check-api-package.zip successfully finalized. Artifact ID 11487903229
1 Build	Upload the deployable package	2026-10-07T14:18:36.7352635Z Artifact claim-check-api-package has been successfully uploaded! Final size is 3846 bytes. Artifact ID is 11487903229
1 Build	Upload the deployable package	2026-10-07T14:18:36.7358857Z Artifact download URL: https://github.com/AmanYadav7015/devops-coursework/actions/runs/37635580923/artifacts/11487903229
1 Build	Post Setup Python	﻿2026-10-07T14:18:36.7546607Z Post job cleanup.
1 Build	Post Setup Python	2026-10-07T14:18:36.8775245Z (node:2395) [DEP0040] DeprecationWarning: The `punycode` module is deprecated. Please use a userland alternative instead.
1 Build	Post Setup Python	2026-10-07T14:18:36.8776461Z (Use `node --trace-deprecation ...` to show where the warning was created)
1 Build	Post Checkout code	﻿2026-10-07T14:18:36.8926827Z Post job cleanup.
1 Build	Post Checkout code	2026-10-07T14:18:36.9861015Z [command]/usr/bin/git version
1 Build	Post Checkout code	2026-10-07T14:18:36.9905354Z git version 2.55.0
1 Build	Post Checkout code	2026-10-07T14:18:36.9979297Z Temporarily overriding HOME='/home/runner/work/_temp/be0184bf-d341-4df3-adf7-19c2ec7a1b73' before making global git config changes
1 Build	Post Checkout code	2026-10-07T14:18:36.9981148Z Adding repository directory to the temporary git global config as a safe directory
1 Build	Post Checkout code	2026-10-07T14:18:36.9988459Z [command]/usr/bin/git config --global --add safe.directory /home/runner/work/devops-coursework/devops-coursework
1 Build	Post Checkout code	2026-10-07T14:18:37.0032851Z [command]/usr/bin/git config --local --name-only --get-regexp core\.sshCommand
1 Build	Post Checkout code	2026-10-07T14:18:37.0077507Z [command]/usr/bin/git submodule foreach --recursive sh -c "git config --local --name-only --get-regexp 'core\.sshCommand' && git config --local --unset-all 'core.sshCommand' || :"
1 Build	Post Checkout code	2026-10-07T14:18:37.0341909Z [command]/usr/bin/git config --local --name-only --get-regexp http\.https\:\/\/github\.com\/\.extraheader
1 Build	Post Checkout code	2026-10-07T14:18:37.0371541Z http.https://github.com/.extraheader
1 Build	Post Checkout code	2026-10-07T14:18:37.0384331Z [command]/usr/bin/git config --local --unset-all http.https://github.com/.extraheader
1 Build	Post Checkout code	2026-10-07T14:18:37.0423206Z [command]/usr/bin/git submodule foreach --recursive sh -c "git config --local --name-only --get-regexp 'http\.https\:\/\/github\.com\/\.extraheader' && git config --local --unset-all 'http.https://github.com/.extraheader' || :"
1 Build	Post Checkout code	2026-10-07T14:18:37.0758534Z [command]/usr/bin/git config --local --name-only --get-regexp ^includeIf\.gitdir:
1 Build	Post Checkout code	2026-10-07T14:18:37.0854296Z [command]/usr/bin/git submodule foreach --recursive git config --local --show-origin --name-only --get-regexp remote.origin.url
1 Build	Complete job	﻿2026-10-07T14:18:37.1257007Z Evaluate and set job outputs
1 Build	Complete job	2026-10-07T14:18:37.1264361Z Set output 'app-version'
1 Build	Complete job	2026-10-07T14:18:37.1266094Z Set output 'image-tag'
1 Build	Complete job	2026-10-07T14:18:37.1267108Z Set output 'image-repo'
1 Build	Complete job	2026-10-07T14:18:37.1267822Z Cleaning up orphan processes
1 Build	Complete job	2026-10-07T14:18:37.1727208Z ##[warning]Node.js 20 is deprecated. The following actions target Node.js 20 but are being forced to run on Node.js 24: actions/checkout@v4, actions/setup-python@v5, actions/upload-artifact@v4. For more information see: https://github.blog/changelog/2025-09-19-deprecation-of-node-20-on-github-actions-runners/
2 Unit Test	Set up job	﻿2026-10-07T14:18:45.9782898Z Current runner version: '2.337.0'
2 Unit Test	Set up job	2026-10-07T14:18:45.9819646Z ##[group]Runner Image Provisioner
2 Unit Test	Set up job	2026-10-07T14:18:45.9821208Z Hosted Compute Agent
2 Unit Test	Set up job	2026-10-07T14:18:45.9822202Z Version: 20260901.588
2 Unit Test	Set up job	2026-10-07T14:18:45.9823279Z Commit: f88ec8081b781fac6c440065ac7ff9e710ce3d0b
2 Unit Test	Set up job	2026-10-07T14:18:45.9824840Z Build Date: 2026-09-01T19:56:44Z
2 Unit Test	Set up job	2026-10-07T14:18:45.9826105Z Worker ID: {95a43070-6325-4f8e-b189-19d9615ae8ea}
2 Unit Test	Set up job	2026-10-07T14:18:45.9827423Z Azure Region: centralus
2 Unit Test	Set up job	2026-10-07T14:18:45.9828552Z ##[endgroup]
2 Unit Test	Set up job	2026-10-07T14:18:45.9830848Z ##[group]Operating System
2 Unit Test	Set up job	2026-10-07T14:18:45.9832285Z Ubuntu
2 Unit Test	Set up job	2026-10-07T14:18:45.9833144Z 24.04.5
2 Unit Test	Set up job	2026-10-07T14:18:45.9833987Z LTS
2 Unit Test	Set up job	2026-10-07T14:18:45.9835015Z ##[endgroup]
2 Unit Test	Set up job	2026-10-07T14:18:45.9836025Z ##[group]Runner Image
2 Unit Test	Set up job	2026-10-07T14:18:45.9837825Z Image: ubuntu-24.04
2 Unit Test	Set up job	2026-10-07T14:18:45.9838880Z Version: 20260927.320.1
2 Unit Test	Set up job	2026-10-07T14:18:45.9840728Z Included Software: https://github.com/actions/runner-images/blob/ubuntu24/20260927.320/images/ubuntu/Ubuntu2404-Readme.md
2 Unit Test	Set up job	2026-10-07T14:18:45.9844363Z Image Release: https://github.com/actions/runner-images/releases/tag/ubuntu24%2F20260927.320
2 Unit Test	Set up job	2026-10-07T14:18:45.9846321Z ##[endgroup]
2 Unit Test	Set up job	2026-10-07T14:18:45.9848215Z ##[group]GITHUB_TOKEN Permissions
2 Unit Test	Set up job	2026-10-07T14:18:45.9851471Z Contents: read
2 Unit Test	Set up job	2026-10-07T14:18:45.9852504Z Metadata: read
2 Unit Test	Set up job	2026-10-07T14:18:45.9853490Z ##[endgroup]
2 Unit Test	Set up job	2026-10-07T14:18:45.9856653Z Secret source: Actions
2 Unit Test	Set up job	2026-10-07T14:18:45.9858369Z Cache mode: write
2 Unit Test	Set up job	2026-10-07T14:18:45.9860136Z Prepare workflow directory
2 Unit Test	Set up job	2026-10-07T14:18:46.0338667Z Prepare all required actions
2 Unit Test	Set up job	2026-10-07T14:18:46.0411218Z Getting action download info
2 Unit Test	Set up job	2026-10-07T14:18:46.3461232Z Download action repository 'actions/checkout@v4' (SHA:11d5960a326750d5838078e36cf38b85af677262)
2 Unit Test	Set up job	2026-10-07T14:18:46.4419197Z Download action repository 'actions/setup-python@v5' (SHA:a26af69be951a213d495a4c3e4e4022e16d87065)
2 Unit Test	Set up job	2026-10-07T14:18:46.5451459Z Download action repository 'actions/upload-artifact@v4' (SHA:ea165f8d65b6e75b540449e92b4886f43607fa02)
2 Unit Test	Set up job	2026-10-07T14:18:46.7641355Z Complete job name: 2 Unit Test
2 Unit Test	Checkout code	﻿2026-10-07T14:18:46.8444155Z ##[group]Run actions/checkout@v4
2 Unit Test	Checkout code	2026-10-07T14:18:46.8445111Z with:
2 Unit Test	Checkout code	2026-10-07T14:18:46.8445645Z   repository: AmanYadav7015/devops-coursework
2 Unit Test	Checkout code	2026-10-07T14:18:46.8449401Z   token: ***
2 Unit Test	Checkout code	2026-10-07T14:18:46.8449889Z   ssh-strict: true
2 Unit Test	Checkout code	2026-10-07T14:18:46.8450364Z   ssh-user: git
2 Unit Test	Checkout code	2026-10-07T14:18:46.8450850Z   persist-credentials: true
2 Unit Test	Checkout code	2026-10-07T14:18:46.8451732Z   clean: true
2 Unit Test	Checkout code	2026-10-07T14:18:46.8452218Z   sparse-checkout-cone-mode: true
2 Unit Test	Checkout code	2026-10-07T14:18:46.8452788Z   fetch-depth: 1
2 Unit Test	Checkout code	2026-10-07T14:18:46.8453251Z   fetch-tags: false
2 Unit Test	Checkout code	2026-10-07T14:18:46.8453741Z   show-progress: true
2 Unit Test	Checkout code	2026-10-07T14:18:46.8454218Z   lfs: false
2 Unit Test	Checkout code	2026-10-07T14:18:46.8454657Z   submodules: false
2 Unit Test	Checkout code	2026-10-07T14:18:46.8455135Z   set-safe-directory: true
2 Unit Test	Checkout code	2026-10-07T14:18:46.8455681Z   allow-unsafe-pr-checkout: false
2 Unit Test	Checkout code	2026-10-07T14:18:46.8456501Z env:
2 Unit Test	Checkout code	2026-10-07T14:18:46.8456952Z   APP_DIR: labs/17-devsecops
2 Unit Test	Checkout code	2026-10-07T14:18:46.8457492Z   IMAGE_NAME: claim-check-api
2 Unit Test	Checkout code	2026-10-07T14:18:46.8458037Z   TRIVY_VERSION: 0.75.0
2 Unit Test	Checkout code	2026-10-07T14:18:46.8458563Z   GITLEAKS_VERSION: 8.30.1
2 Unit Test	Checkout code	2026-10-07T14:18:46.8459131Z   PYTHON_VERSION: 3.13
2 Unit Test	Checkout code	2026-10-07T14:18:46.8459632Z ##[endgroup]
2 Unit Test	Checkout code	2026-10-07T14:18:46.9463843Z Syncing repository: AmanYadav7015/devops-coursework
2 Unit Test	Checkout code	2026-10-07T14:18:46.9467301Z ##[group]Getting Git version info
2 Unit Test	Checkout code	2026-10-07T14:18:46.9468833Z Working directory is '/home/runner/work/devops-coursework/devops-coursework'
2 Unit Test	Checkout code	2026-10-07T14:18:46.9471243Z [command]/usr/bin/git version
2 Unit Test	Checkout code	2026-10-07T14:18:46.9552873Z git version 2.55.0
2 Unit Test	Checkout code	2026-10-07T14:18:46.9577183Z ##[endgroup]
2 Unit Test	Checkout code	2026-10-07T14:18:46.9593961Z Temporarily overriding HOME='/home/runner/work/_temp/f2f06f6c-adcb-4258-870a-f1eaa76c78fc' before making global git config changes
2 Unit Test	Checkout code	2026-10-07T14:18:46.9596915Z Adding repository directory to the temporary git global config as a safe directory
2 Unit Test	Checkout code	2026-10-07T14:18:46.9601189Z [command]/usr/bin/git config --global --add safe.directory /home/runner/work/devops-coursework/devops-coursework
2 Unit Test	Checkout code	2026-10-07T14:18:46.9665571Z Deleting the contents of '/home/runner/work/devops-coursework/devops-coursework'
2 Unit Test	Checkout code	2026-10-07T14:18:46.9670236Z ##[group]Initializing the repository
2 Unit Test	Checkout code	2026-10-07T14:18:46.9675941Z [command]/usr/bin/git init /home/runner/work/devops-coursework/devops-coursework
2 Unit Test	Checkout code	2026-10-07T14:18:46.9795947Z hint: Using 'master' as the name for the initial branch. This default branch name
2 Unit Test	Checkout code	2026-10-07T14:18:46.9797238Z hint: will change to "main" in Git 3.0. To configure the initial branch name
2 Unit Test	Checkout code	2026-10-07T14:18:46.9801602Z hint: to use in all of your new repositories, which will suppress this warning,
2 Unit Test	Checkout code	2026-10-07T14:18:46.9803072Z hint: call:
2 Unit Test	Checkout code	2026-10-07T14:18:46.9803857Z hint:
2 Unit Test	Checkout code	2026-10-07T14:18:46.9804769Z hint: 	git config --global init.defaultBranch <name>
2 Unit Test	Checkout code	2026-10-07T14:18:46.9805905Z hint:
2 Unit Test	Checkout code	2026-10-07T14:18:46.9806969Z hint: Names commonly chosen instead of 'master' are 'main', 'trunk' and
2 Unit Test	Checkout code	2026-10-07T14:18:46.9808588Z hint: 'development'. The just-created branch can be renamed via this command:
2 Unit Test	Checkout code	2026-10-07T14:18:46.9809964Z hint:
2 Unit Test	Checkout code	2026-10-07T14:18:46.9810812Z hint: 	git branch -m <name>
2 Unit Test	Checkout code	2026-10-07T14:18:46.9811990Z hint:
2 Unit Test	Checkout code	2026-10-07T14:18:46.9813109Z hint: Disable this message with "git config set advice.defaultBranchName false"
2 Unit Test	Checkout code	2026-10-07T14:18:46.9815516Z Initialized empty Git repository in /home/runner/work/devops-coursework/devops-coursework/.git/
2 Unit Test	Checkout code	2026-10-07T14:18:46.9818794Z [command]/usr/bin/git remote add origin https://github.com/AmanYadav7015/devops-coursework
2 Unit Test	Checkout code	2026-10-07T14:18:46.9869109Z ##[endgroup]
2 Unit Test	Checkout code	2026-10-07T14:18:46.9870479Z ##[group]Disabling automatic garbage collection
2 Unit Test	Checkout code	2026-10-07T14:18:46.9874768Z [command]/usr/bin/git config --local gc.auto 0
2 Unit Test	Checkout code	2026-10-07T14:18:46.9912980Z ##[endgroup]
2 Unit Test	Checkout code	2026-10-07T14:18:46.9914950Z ##[group]Setting up auth
2 Unit Test	Checkout code	2026-10-07T14:18:46.9919663Z [command]/usr/bin/git config --local --name-only --get-regexp core\.sshCommand
2 Unit Test	Checkout code	2026-10-07T14:18:46.9962453Z [command]/usr/bin/git submodule foreach --recursive sh -c "git config --local --name-only --get-regexp 'core\.sshCommand' && git config --local --unset-all 'core.sshCommand' || :"
2 Unit Test	Checkout code	2026-10-07T14:18:47.0427795Z [command]/usr/bin/git config --local --name-only --get-regexp http\.https\:\/\/github\.com\/\.extraheader
2 Unit Test	Checkout code	2026-10-07T14:18:47.0479888Z [command]/usr/bin/git submodule foreach --recursive sh -c "git config --local --name-only --get-regexp 'http\.https\:\/\/github\.com\/\.extraheader' && git config --local --unset-all 'http.https://github.com/.extraheader' || :"
2 Unit Test	Checkout code	2026-10-07T14:18:47.0762118Z [command]/usr/bin/git config --local --name-only --get-regexp ^includeIf\.gitdir:
2 Unit Test	Checkout code	2026-10-07T14:18:47.0799850Z [command]/usr/bin/git submodule foreach --recursive git config --local --show-origin --name-only --get-regexp remote.origin.url
2 Unit Test	Checkout code	2026-10-07T14:18:47.1027898Z [command]/usr/bin/git config --local http.https://github.com/.extraheader AUTHORIZATION: basic ***
2 Unit Test	Checkout code	2026-10-07T14:18:47.1068289Z ##[endgroup]
2 Unit Test	Checkout code	2026-10-07T14:18:47.1069190Z ##[group]Fetching the repository
2 Unit Test	Checkout code	2026-10-07T14:18:47.1079027Z [command]/usr/bin/git -c protocol.version=2 fetch --no-tags --prune --no-recurse-submodules --depth=1 origin +e2a54b405aaef0453130dd8955a1c4de2acad19f:refs/remotes/origin/session-17-devsecops-ci
2 Unit Test	Checkout code	2026-10-07T14:18:48.0763209Z From https://github.com/AmanYadav7015/devops-coursework
2 Unit Test	Checkout code	2026-10-07T14:18:48.0773941Z  * [new ref]         e2a54b405aaef0453130dd8955a1c4de2acad19f -> origin/session-17-devsecops-ci
2 Unit Test	Checkout code	2026-10-07T14:18:48.0777958Z ##[endgroup]
2 Unit Test	Checkout code	2026-10-07T14:18:48.0779649Z ##[group]Determining the checkout info
2 Unit Test	Checkout code	2026-10-07T14:18:48.0781501Z ##[endgroup]
2 Unit Test	Checkout code	2026-10-07T14:18:48.0782381Z [command]/usr/bin/git sparse-checkout disable
2 Unit Test	Checkout code	2026-10-07T14:18:48.0835157Z [command]/usr/bin/git config --local --unset-all extensions.worktreeConfig
2 Unit Test	Checkout code	2026-10-07T14:18:48.0870565Z ##[group]Checking out the ref
2 Unit Test	Checkout code	2026-10-07T14:18:48.0891662Z [command]/usr/bin/git checkout --progress --force -B session-17-devsecops-ci refs/remotes/origin/session-17-devsecops-ci
2 Unit Test	Checkout code	2026-10-07T14:18:48.2272586Z Switched to a new branch 'session-17-devsecops-ci'
2 Unit Test	Checkout code	2026-10-07T14:18:48.2277356Z branch 'session-17-devsecops-ci' set up to track 'origin/session-17-devsecops-ci'.
2 Unit Test	Checkout code	2026-10-07T14:18:48.2291775Z ##[endgroup]
2 Unit Test	Checkout code	2026-10-07T14:18:48.2339000Z [command]/usr/bin/git log -1 --format=%H
2 Unit Test	Checkout code	2026-10-07T14:18:48.2366609Z e2a54b405aaef0453130dd8955a1c4de2acad19f
2 Unit Test	Setup Python	﻿2026-10-07T14:18:48.2753829Z ##[group]Run actions/setup-python@v5
2 Unit Test	Setup Python	2026-10-07T14:18:48.2755149Z with:
2 Unit Test	Setup Python	2026-10-07T14:18:48.2756102Z   python-version: 3.13
2 Unit Test	Setup Python	2026-10-07T14:18:48.2757187Z   check-latest: false
2 Unit Test	Setup Python	2026-10-07T14:18:48.2765748Z   token: ***
2 Unit Test	Setup Python	2026-10-07T14:18:48.2766782Z   update-environment: true
2 Unit Test	Setup Python	2026-10-07T14:18:48.2767931Z   allow-prereleases: false
2 Unit Test	Setup Python	2026-10-07T14:18:48.2769051Z   freethreaded: false
2 Unit Test	Setup Python	2026-10-07T14:18:48.2770064Z env:
2 Unit Test	Setup Python	2026-10-07T14:18:48.2771319Z   APP_DIR: labs/17-devsecops
2 Unit Test	Setup Python	2026-10-07T14:18:48.2772491Z   IMAGE_NAME: claim-check-api
2 Unit Test	Setup Python	2026-10-07T14:18:48.2773577Z   TRIVY_VERSION: 0.75.0
2 Unit Test	Setup Python	2026-10-07T14:18:48.2774584Z   GITLEAKS_VERSION: 8.30.1
2 Unit Test	Setup Python	2026-10-07T14:18:48.2775618Z   PYTHON_VERSION: 3.13
2 Unit Test	Setup Python	2026-10-07T14:18:48.2776585Z ##[endgroup]
2 Unit Test	Setup Python	2026-10-07T14:18:48.4191633Z ##[group]Installed versions
2 Unit Test	Setup Python	2026-10-07T14:18:48.4274997Z (node:2306) [DEP0040] DeprecationWarning: The `punycode` module is deprecated. Please use a userland alternative instead.
2 Unit Test	Setup Python	2026-10-07T14:18:48.4279989Z (Use `node --trace-deprecation ...` to show where the warning was created)
2 Unit Test	Setup Python	2026-10-07T14:18:48.4283588Z Successfully set up CPython (3.13.15)
2 Unit Test	Setup Python	2026-10-07T14:18:48.4287092Z ##[endgroup]
2 Unit Test	Install test dependencies	﻿2026-10-07T14:18:48.4514174Z ##[group]Run python -m pip install --upgrade pip
2 Unit Test	Install test dependencies	2026-10-07T14:18:48.4516517Z [36;1mpython -m pip install --upgrade pip[0m
2 Unit Test	Install test dependencies	2026-10-07T14:18:48.4518627Z [36;1mpip install -r requirements-dev.txt[0m
2 Unit Test	Install test dependencies	2026-10-07T14:18:48.4832013Z shell: /usr/bin/bash --noprofile --norc -e -o pipefail {0}
2 Unit Test	Install test dependencies	2026-10-07T14:18:48.4833500Z env:
2 Unit Test	Install test dependencies	2026-10-07T14:18:48.4834377Z   APP_DIR: labs/17-devsecops
2 Unit Test	Install test dependencies	2026-10-07T14:18:48.4835442Z   IMAGE_NAME: claim-check-api
2 Unit Test	Install test dependencies	2026-10-07T14:18:48.4836496Z   TRIVY_VERSION: 0.75.0
2 Unit Test	Install test dependencies	2026-10-07T14:18:48.4837459Z   GITLEAKS_VERSION: 8.30.1
2 Unit Test	Install test dependencies	2026-10-07T14:18:48.4838497Z   PYTHON_VERSION: 3.13
2 Unit Test	Install test dependencies	2026-10-07T14:18:48.4839743Z   pythonLocation: /opt/hostedtoolcache/Python/3.13.15/x64
2 Unit Test	Install test dependencies	2026-10-07T14:18:48.4841609Z   PKG_CONFIG_PATH: /opt/hostedtoolcache/Python/3.13.15/x64/lib/pkgconfig
2 Unit Test	Install test dependencies	2026-10-07T14:18:48.4843319Z   Python_ROOT_DIR: /opt/hostedtoolcache/Python/3.13.15/x64
2 Unit Test	Install test dependencies	2026-10-07T14:18:48.4844855Z   Python2_ROOT_DIR: /opt/hostedtoolcache/Python/3.13.15/x64
2 Unit Test	Install test dependencies	2026-10-07T14:18:48.4846409Z   Python3_ROOT_DIR: /opt/hostedtoolcache/Python/3.13.15/x64
2 Unit Test	Install test dependencies	2026-10-07T14:18:48.4848031Z   LD_LIBRARY_PATH: /opt/hostedtoolcache/Python/3.13.15/x64/lib
2 Unit Test	Install test dependencies	2026-10-07T14:18:48.4849372Z ##[endgroup]
2 Unit Test	Install test dependencies	2026-10-07T14:18:50.7701473Z Requirement already satisfied: pip in /opt/hostedtoolcache/Python/3.13.15/x64/lib/python3.13/site-packages (26.2.1)
2 Unit Test	Install test dependencies	2026-10-07T14:18:52.2872099Z Collecting Flask==3.1.3 (from -r /home/runner/work/devops-coursework/devops-coursework/labs/17-devsecops/requirements.txt (line 1))
2 Unit Test	Install test dependencies	2026-10-07T14:18:52.3542842Z   Downloading flask-3.1.3-py3-none-any.whl.metadata (3.2 kB)
2 Unit Test	Install test dependencies	2026-10-07T14:18:52.3863053Z Collecting Werkzeug==3.1.9 (from -r /home/runner/work/devops-coursework/devops-coursework/labs/17-devsecops/requirements.txt (line 2))
2 Unit Test	Install test dependencies	2026-10-07T14:18:52.3964538Z   Downloading werkzeug-3.1.9-py3-none-any.whl.metadata (4.1 kB)
2 Unit Test	Install test dependencies	2026-10-07T14:18:52.4171351Z Collecting Jinja2==3.1.6 (from -r /home/runner/work/devops-coursework/devops-coursework/labs/17-devsecops/requirements.txt (line 3))
2 Unit Test	Install test dependencies	2026-10-07T14:18:52.4272783Z   Downloading jinja2-3.1.6-py3-none-any.whl.metadata (2.9 kB)
2 Unit Test	Install test dependencies	2026-10-07T14:18:52.4756759Z Collecting PyYAML==6.0.3 (from -r /home/runner/work/devops-coursework/devops-coursework/labs/17-devsecops/requirements.txt (line 4))
2 Unit Test	Install test dependencies	2026-10-07T14:18:52.4860366Z   Downloading pyyaml-6.0.3-cp313-cp313-manylinux2014_x86_64.manylinux_2_17_x86_64.manylinux_2_28_x86_64.whl.metadata (2.4 kB)
2 Unit Test	Install test dependencies	2026-10-07T14:18:52.5125667Z Collecting requests==2.34.2 (from -r /home/runner/work/devops-coursework/devops-coursework/labs/17-devsecops/requirements.txt (line 5))
2 Unit Test	Install test dependencies	2026-10-07T14:18:52.5230389Z   Downloading requests-2.34.2-py3-none-any.whl.metadata (4.8 kB)
2 Unit Test	Install test dependencies	2026-10-07T14:18:52.5485493Z Collecting urllib3==2.8.0 (from -r /home/runner/work/devops-coursework/devops-coursework/labs/17-devsecops/requirements.txt (line 6))
2 Unit Test	Install test dependencies	2026-10-07T14:18:52.5635240Z   Downloading urllib3-2.8.0-py3-none-any.whl.metadata (7.4 kB)
2 Unit Test	Install test dependencies	2026-10-07T14:18:52.5893737Z Collecting certifi==2026.7.22 (from -r /home/runner/work/devops-coursework/devops-coursework/labs/17-devsecops/requirements.txt (line 7))
2 Unit Test	Install test dependencies	2026-10-07T14:18:52.5994037Z   Downloading certifi-2026.7.22-py3-none-any.whl.metadata (2.5 kB)
2 Unit Test	Install test dependencies	2026-10-07T14:18:52.6212600Z Collecting gunicorn==26.2.0 (from -r /home/runner/work/devops-coursework/devops-coursework/labs/17-devsecops/requirements.txt (line 8))
2 Unit Test	Install test dependencies	2026-10-07T14:18:52.6313762Z   Downloading gunicorn-26.2.0-py3-none-any.whl.metadata (5.5 kB)
2 Unit Test	Install test dependencies	2026-10-07T14:18:52.6664935Z Collecting pytest==9.1.1 (from -r requirements-dev.txt (line 2))
2 Unit Test	Install test dependencies	2026-10-07T14:18:52.6767624Z   Downloading pytest-9.1.1-py3-none-any.whl.metadata (7.6 kB)
2 Unit Test	Install test dependencies	2026-10-07T14:18:52.6983697Z Collecting pytest-cov==7.1.0 (from -r requirements-dev.txt (line 3))
2 Unit Test	Install test dependencies	2026-10-07T14:18:52.7086391Z   Downloading pytest_cov-7.1.0-py3-none-any.whl.metadata (32 kB)
2 Unit Test	Install test dependencies	2026-10-07T14:18:52.7396511Z Collecting flake8==7.4.1 (from -r requirements-dev.txt (line 4))
2 Unit Test	Install test dependencies	2026-10-07T14:18:52.7498399Z   Downloading flake8-7.4.1-py2.py3-none-any.whl.metadata (3.8 kB)
2 Unit Test	Install test dependencies	2026-10-07T14:18:52.7713176Z Collecting bandit==1.9.4 (from -r requirements-dev.txt (line 5))
2 Unit Test	Install test dependencies	2026-10-07T14:18:52.7825362Z   Downloading bandit-1.9.4-py3-none-any.whl.metadata (7.1 kB)
2 Unit Test	Install test dependencies	2026-10-07T14:18:52.8063223Z Collecting pip-audit==2.10.1 (from -r requirements-dev.txt (line 6))
2 Unit Test	Install test dependencies	2026-10-07T14:18:52.8166164Z   Downloading pip_audit-2.10.1-py3-none-any.whl.metadata (28 kB)
2 Unit Test	Install test dependencies	2026-10-07T14:18:52.8385652Z Collecting blinker>=1.9.0 (from Flask==3.1.3->-r /home/runner/work/devops-coursework/devops-coursework/labs/17-devsecops/requirements.txt (line 1))
2 Unit Test	Install test dependencies	2026-10-07T14:18:52.8486857Z   Downloading blinker-1.9.0-py3-none-any.whl.metadata (1.6 kB)
2 Unit Test	Install test dependencies	2026-10-07T14:18:52.8713801Z Collecting click>=8.1.3 (from Flask==3.1.3->-r /home/runner/work/devops-coursework/devops-coursework/labs/17-devsecops/requirements.txt (line 1))
2 Unit Test	Install test dependencies	2026-10-07T14:18:52.8819358Z   Downloading click-8.5.0-py3-none-any.whl.metadata (2.6 kB)
2 Unit Test	Install test dependencies	2026-10-07T14:18:52.9010494Z Collecting itsdangerous>=2.2.0 (from Flask==3.1.3->-r /home/runner/work/devops-coursework/devops-coursework/labs/17-devsecops/requirements.txt (line 1))
2 Unit Test	Install test dependencies	2026-10-07T14:18:52.9112727Z   Downloading itsdangerous-2.2.0-py3-none-any.whl.metadata (1.9 kB)
2 Unit Test	Install test dependencies	2026-10-07T14:18:52.9732469Z Collecting markupsafe>=2.1.1 (from Flask==3.1.3->-r /home/runner/work/devops-coursework/devops-coursework/labs/17-devsecops/requirements.txt (line 1))
2 Unit Test	Install test dependencies	2026-10-07T14:18:52.9835326Z   Downloading markupsafe-3.0.4-cp313-cp313-manylinux2014_x86_64.manylinux_2_17_x86_64.manylinux_2_28_x86_64.whl.metadata (2.7 kB)
2 Unit Test	Install test dependencies	2026-10-07T14:18:53.1215981Z Collecting charset_normalizer<4,>=2 (from requests==2.34.2->-r /home/runner/work/devops-coursework/devops-coursework/labs/17-devsecops/requirements.txt (line 5))
2 Unit Test	Install test dependencies	2026-10-07T14:18:53.1327509Z   Downloading charset_normalizer-3.5.2-cp313-cp313-manylinux2014_x86_64.manylinux_2_17_x86_64.manylinux_2_28_x86_64.whl.metadata (46 kB)
2 Unit Test	Install test dependencies	2026-10-07T14:18:53.1571240Z Collecting idna<4,>=2.5 (from requests==2.34.2->-r /home/runner/work/devops-coursework/devops-coursework/labs/17-devsecops/requirements.txt (line 5))
2 Unit Test	Install test dependencies	2026-10-07T14:18:53.1670622Z   Downloading idna-3.20-py3-none-any.whl.metadata (7.2 kB)
2 Unit Test	Install test dependencies	2026-10-07T14:18:53.1880908Z Collecting iniconfig>=1.0.1 (from pytest==9.1.1->-r requirements-dev.txt (line 2))
2 Unit Test	Install test dependencies	2026-10-07T14:18:53.1981741Z   Downloading iniconfig-2.3.1-py3-none-any.whl.metadata (2.8 kB)
2 Unit Test	Install test dependencies	2026-10-07T14:18:53.2190623Z Collecting packaging>=22 (from pytest==9.1.1->-r requirements-dev.txt (line 2))
2 Unit Test	Install test dependencies	2026-10-07T14:18:53.2291092Z   Downloading packaging-26.3-py3-none-any.whl.metadata (3.5 kB)
2 Unit Test	Install test dependencies	2026-10-07T14:18:53.2478146Z Collecting pluggy<2,>=1.5 (from pytest==9.1.1->-r requirements-dev.txt (line 2))
2 Unit Test	Install test dependencies	2026-10-07T14:18:53.2578911Z   Downloading pluggy-1.6.0-py3-none-any.whl.metadata (4.8 kB)
2 Unit Test	Install test dependencies	2026-10-07T14:18:53.2823089Z Collecting pygments>=2.7.2 (from pytest==9.1.1->-r requirements-dev.txt (line 2))
2 Unit Test	Install test dependencies	2026-10-07T14:18:53.2923093Z   Downloading pygments-2.21.0-py3-none-any.whl.metadata (2.5 kB)
2 Unit Test	Install test dependencies	2026-10-07T14:18:53.6875047Z Collecting coverage>=7.10.6 (from coverage[toml]>=7.10.6->pytest-cov==7.1.0->-r requirements-dev.txt (line 3))
2 Unit Test	Install test dependencies	2026-10-07T14:18:53.6981837Z   Downloading coverage-7.16.2-cp313-cp313-manylinux1_x86_64.manylinux_2_28_x86_64.manylinux_2_5_x86_64.whl.metadata (8.2 kB)
2 Unit Test	Install test dependencies	2026-10-07T14:18:53.7180827Z Collecting mccabe<0.8.0,>=0.7.0 (from flake8==7.4.1->-r requirements-dev.txt (line 4))
2 Unit Test	Install test dependencies	2026-10-07T14:18:53.7285325Z   Downloading mccabe-0.7.0-py2.py3-none-any.whl.metadata (5.0 kB)
2 Unit Test	Install test dependencies	2026-10-07T14:18:53.7469692Z Collecting pycodestyle<2.16.0,>=2.15.0 (from flake8==7.4.1->-r requirements-dev.txt (line 4))
2 Unit Test	Install test dependencies	2026-10-07T14:18:53.7573576Z   Downloading pycodestyle-2.15.0-py2.py3-none-any.whl.metadata (4.5 kB)
2 Unit Test	Install test dependencies	2026-10-07T14:18:53.7772937Z Collecting pyflakes<4.1.0,>=4.0.0 (from flake8==7.4.1->-r requirements-dev.txt (line 4))
2 Unit Test	Install test dependencies	2026-10-07T14:18:53.7874458Z   Downloading pyflakes-4.0.2-py2.py3-none-any.whl.metadata (3.7 kB)
2 Unit Test	Install test dependencies	2026-10-07T14:18:53.8137359Z Collecting stevedore>=1.20.0 (from bandit==1.9.4->-r requirements-dev.txt (line 5))
2 Unit Test	Install test dependencies	2026-10-07T14:18:53.8242668Z   Downloading stevedore-5.9.1-py3-none-any.whl.metadata (2.3 kB)
2 Unit Test	Install test dependencies	2026-10-07T14:18:53.8652024Z Collecting rich (from bandit==1.9.4->-r requirements-dev.txt (line 5))
2 Unit Test	Install test dependencies	2026-10-07T14:18:53.8755451Z   Downloading rich-15.0.0-py3-none-any.whl.metadata (18 kB)
2 Unit Test	Install test dependencies	2026-10-07T14:18:53.8970835Z Collecting CacheControl>=0.13.0 (from CacheControl[filecache]>=0.13.0->pip-audit==2.10.1->-r requirements-dev.txt (line 6))
2 Unit Test	Install test dependencies	2026-10-07T14:18:53.9073014Z   Downloading cachecontrol-0.14.4-py3-none-any.whl.metadata (3.1 kB)
2 Unit Test	Install test dependencies	2026-10-07T14:18:53.9420515Z Collecting cyclonedx-python-lib<12,>=5 (from pip-audit==2.10.1->-r requirements-dev.txt (line 6))
2 Unit Test	Install test dependencies	2026-10-07T14:18:53.9522735Z   Downloading cyclonedx_python_lib-11.12.0-py3-none-any.whl.metadata (6.9 kB)
2 Unit Test	Install test dependencies	2026-10-07T14:18:53.9741301Z Collecting pip-api>=0.0.28 (from pip-audit==2.10.1->-r requirements-dev.txt (line 6))
2 Unit Test	Install test dependencies	2026-10-07T14:18:53.9843591Z   Downloading pip_api-0.0.35-py3-none-any.whl.metadata (17 kB)
2 Unit Test	Install test dependencies	2026-10-07T14:18:54.0034824Z Collecting pip-requirements-parser>=32.0.0 (from pip-audit==2.10.1->-r requirements-dev.txt (line 6))
2 Unit Test	Install test dependencies	2026-10-07T14:18:54.0136081Z   Downloading pip_requirements_parser-32.0.1-py3-none-any.whl.metadata (9.3 kB)
2 Unit Test	Install test dependencies	2026-10-07T14:18:54.0496425Z Collecting tomli>=2.2.1 (from pip-audit==2.10.1->-r requirements-dev.txt (line 6))
2 Unit Test	Install test dependencies	2026-10-07T14:18:54.0598641Z   Downloading tomli-2.5.0-cp313-cp313-manylinux2014_x86_64.manylinux_2_17_x86_64.manylinux_2_28_x86_64.whl.metadata (10 kB)
2 Unit Test	Install test dependencies	2026-10-07T14:18:54.0785916Z Collecting tomli-w>=1.2.0 (from pip-audit==2.10.1->-r requirements-dev.txt (line 6))
2 Unit Test	Install test dependencies	2026-10-07T14:18:54.0889347Z   Downloading tomli_w-1.2.0-py3-none-any.whl.metadata (5.7 kB)
2 Unit Test	Install test dependencies	2026-10-07T14:18:54.1142929Z Collecting platformdirs>=4.2.0 (from pip-audit==2.10.1->-r requirements-dev.txt (line 6))
2 Unit Test	Install test dependencies	2026-10-07T14:18:54.1245077Z   Downloading platformdirs-4.12.3-py3-none-any.whl.metadata (5.5 kB)
2 Unit Test	Install test dependencies	2026-10-07T14:18:54.1465160Z Collecting license-expression<31,>=30 (from cyclonedx-python-lib<12,>=5->pip-audit==2.10.1->-r requirements-dev.txt (line 6))
2 Unit Test	Install test dependencies	2026-10-07T14:18:54.1568616Z   Downloading license_expression-30.4.4-py3-none-any.whl.metadata (11 kB)
2 Unit Test	Install test dependencies	2026-10-07T14:18:54.1801973Z Collecting packageurl-python<2,>=0.11 (from cyclonedx-python-lib<12,>=5->pip-audit==2.10.1->-r requirements-dev.txt (line 6))
2 Unit Test	Install test dependencies	2026-10-07T14:18:54.1904297Z   Downloading packageurl_python-0.17.6-py3-none-any.whl.metadata (5.1 kB)
2 Unit Test	Install test dependencies	2026-10-07T14:18:54.2122113Z Collecting py-serializable<3.0.0,>=2.1.0 (from cyclonedx-python-lib<12,>=5->pip-audit==2.10.1->-r requirements-dev.txt (line 6))
2 Unit Test	Install test dependencies	2026-10-07T14:18:54.2222020Z   Downloading py_serializable-2.1.0-py3-none-any.whl.metadata (4.3 kB)
2 Unit Test	Install test dependencies	2026-10-07T14:18:54.2417759Z Collecting sortedcontainers<3.0.0,>=2.4.0 (from cyclonedx-python-lib<12,>=5->pip-audit==2.10.1->-r requirements-dev.txt (line 6))
2 Unit Test	Install test dependencies	2026-10-07T14:18:54.2518839Z   Downloading sortedcontainers-2.4.0-py2.py3-none-any.whl.metadata (10 kB)
2 Unit Test	Install test dependencies	2026-10-07T14:18:54.2721494Z Collecting boolean.py>=4.0 (from license-expression<31,>=30->cyclonedx-python-lib<12,>=5->pip-audit==2.10.1->-r requirements-dev.txt (line 6))
2 Unit Test	Install test dependencies	2026-10-07T14:18:54.2822768Z   Downloading boolean_py-5.0-py3-none-any.whl.metadata (2.3 kB)
2 Unit Test	Install test dependencies	2026-10-07T14:18:54.3024541Z Collecting defusedxml<0.8.0,>=0.7.1 (from py-serializable<3.0.0,>=2.1.0->cyclonedx-python-lib<12,>=5->pip-audit==2.10.1->-r requirements-dev.txt (line 6))
2 Unit Test	Install test dependencies	2026-10-07T14:18:54.3127184Z   Downloading defusedxml-0.7.1-py2.py3-none-any.whl.metadata (32 kB)
2 Unit Test	Install test dependencies	2026-10-07T14:18:54.4011829Z Collecting msgpack<2.0.0,>=0.5.2 (from CacheControl>=0.13.0->CacheControl[filecache]>=0.13.0->pip-audit==2.10.1->-r requirements-dev.txt (line 6))
2 Unit Test	Install test dependencies	2026-10-07T14:18:54.4114735Z   Downloading msgpack-1.2.3-cp313-cp313-manylinux2014_x86_64.manylinux_2_17_x86_64.manylinux_2_28_x86_64.whl.metadata (8.3 kB)
2 Unit Test	Install test dependencies	2026-10-07T14:18:54.4424613Z Collecting filelock>=3.8.0 (from CacheControl[filecache]>=0.13.0->pip-audit==2.10.1->-r requirements-dev.txt (line 6))
2 Unit Test	Install test dependencies	2026-10-07T14:18:54.4524766Z   Downloading filelock-4.0.12-py3-none-any.whl.metadata (2.0 kB)
2 Unit Test	Install test dependencies	2026-10-07T14:18:54.4598807Z Requirement already satisfied: pip in /opt/hostedtoolcache/Python/3.13.15/x64/lib/python3.13/site-packages (from pip-api>=0.0.28->pip-audit==2.10.1->-r requirements-dev.txt (line 6)) (26.2.1)
2 Unit Test	Install test dependencies	2026-10-07T14:18:54.4864750Z Collecting pyparsing (from pip-requirements-parser>=32.0.0->pip-audit==2.10.1->-r requirements-dev.txt (line 6))
2 Unit Test	Install test dependencies	2026-10-07T14:18:54.4969847Z   Downloading pyparsing-3.3.3-py3-none-any.whl.metadata (5.9 kB)
2 Unit Test	Install test dependencies	2026-10-07T14:18:54.5201856Z Collecting markdown-it-py>=2.2.0 (from rich->bandit==1.9.4->-r requirements-dev.txt (line 5))
2 Unit Test	Install test dependencies	2026-10-07T14:18:54.5301834Z   Downloading markdown_it_py-4.2.0-py3-none-any.whl.metadata (7.4 kB)
2 Unit Test	Install test dependencies	2026-10-07T14:18:54.5523671Z Collecting mdurl~=0.1 (from markdown-it-py>=2.2.0->rich->bandit==1.9.4->-r requirements-dev.txt (line 5))
2 Unit Test	Install test dependencies	2026-10-07T14:18:54.5624247Z   Downloading mdurl-0.1.2-py3-none-any.whl.metadata (1.6 kB)
2 Unit Test	Install test dependencies	2026-10-07T14:18:54.5794724Z Downloading flask-3.1.3-py3-none-any.whl (103 kB)
2 Unit Test	Install test dependencies	2026-10-07T14:18:54.6008603Z Downloading werkzeug-3.1.9-py3-none-any.whl (228 kB)
2 Unit Test	Install test dependencies	2026-10-07T14:18:54.6688593Z Downloading jinja2-3.1.6-py3-none-any.whl (134 kB)
2 Unit Test	Install test dependencies	2026-10-07T14:18:54.6837980Z Downloading pyyaml-6.0.3-cp313-cp313-manylinux2014_x86_64.manylinux_2_17_x86_64.manylinux_2_28_x86_64.whl (801 kB)
2 Unit Test	Install test dependencies	2026-10-07T14:18:54.7161734Z    ━━━━━━━━━━━━━━━━━━━━━━━━━━━━━━━━━━━━━━━━ 801.6/801.6 kB 25.4 MB/s  0:00:00
2 Unit Test	Install test dependencies	2026-10-07T14:18:54.7271679Z Downloading requests-2.34.2-py3-none-any.whl (73 kB)
2 Unit Test	Install test dependencies	2026-10-07T14:18:54.7396115Z Downloading urllib3-2.8.0-py3-none-any.whl (135 kB)
2 Unit Test	Install test dependencies	2026-10-07T14:18:54.7551554Z Downloading certifi-2026.7.22-py3-none-any.whl (136 kB)
2 Unit Test	Install test dependencies	2026-10-07T14:18:54.7706513Z Downloading gunicorn-26.2.0-py3-none-any.whl (228 kB)
2 Unit Test	Install test dependencies	2026-10-07T14:18:54.7887772Z Downloading pytest-9.1.1-py3-none-any.whl (386 kB)
2 Unit Test	Install test dependencies	2026-10-07T14:18:54.8154223Z Downloading pytest_cov-7.1.0-py3-none-any.whl (22 kB)
2 Unit Test	Install test dependencies	2026-10-07T14:18:54.8279420Z Downloading flake8-7.4.1-py2.py3-none-any.whl (57 kB)
2 Unit Test	Install test dependencies	2026-10-07T14:18:54.8407251Z Downloading bandit-1.9.4-py3-none-any.whl (134 kB)
2 Unit Test	Install test dependencies	2026-10-07T14:18:54.8592106Z Downloading pip_audit-2.10.1-py3-none-any.whl (62 kB)
2 Unit Test	Install test dependencies	2026-10-07T14:18:55.1612569Z Downloading charset_normalizer-3.5.2-cp313-cp313-manylinux2014_x86_64.manylinux_2_17_x86_64.manylinux_2_28_x86_64.whl (254 kB)
2 Unit Test	Install test dependencies	2026-10-07T14:18:55.2006031Z Downloading cyclonedx_python_lib-11.12.0-py3-none-any.whl (529 kB)
2 Unit Test	Install test dependencies	2026-10-07T14:18:55.2270483Z    ━━━━━━━━━━━━━━━━━━━━━━━━━━━━━━━━━━━━━━━━ 529.5/529.5 kB 20.8 MB/s  0:00:00
2 Unit Test	Install test dependencies	2026-10-07T14:18:55.2371321Z Downloading idna-3.20-py3-none-any.whl (69 kB)
2 Unit Test	Install test dependencies	2026-10-07T14:18:55.2504349Z Downloading license_expression-30.4.4-py3-none-any.whl (120 kB)
2 Unit Test	Install test dependencies	2026-10-07T14:18:55.2660117Z Downloading mccabe-0.7.0-py2.py3-none-any.whl (7.3 kB)
2 Unit Test	Install test dependencies	2026-10-07T14:18:55.2790594Z Downloading packageurl_python-0.17.6-py3-none-any.whl (36 kB)
2 Unit Test	Install test dependencies	2026-10-07T14:18:55.2940497Z Downloading pluggy-1.6.0-py3-none-any.whl (20 kB)
2 Unit Test	Install test dependencies	2026-10-07T14:18:55.3059914Z Downloading py_serializable-2.1.0-py3-none-any.whl (23 kB)
2 Unit Test	Install test dependencies	2026-10-07T14:18:55.3182754Z Downloading defusedxml-0.7.1-py2.py3-none-any.whl (25 kB)
2 Unit Test	Install test dependencies	2026-10-07T14:18:55.3318939Z Downloading pycodestyle-2.15.0-py2.py3-none-any.whl (31 kB)
2 Unit Test	Install test dependencies	2026-10-07T14:18:55.3444856Z Downloading pyflakes-4.0.2-py2.py3-none-any.whl (66 kB)
2 Unit Test	Install test dependencies	2026-10-07T14:18:55.3609008Z Downloading sortedcontainers-2.4.0-py2.py3-none-any.whl (29 kB)
2 Unit Test	Install test dependencies	2026-10-07T14:18:55.3790888Z Downloading blinker-1.9.0-py3-none-any.whl (8.5 kB)
2 Unit Test	Install test dependencies	2026-10-07T14:18:55.3977915Z Downloading boolean_py-5.0-py3-none-any.whl (26 kB)
2 Unit Test	Install test dependencies	2026-10-07T14:18:55.6425459Z Downloading cachecontrol-0.14.4-py3-none-any.whl (22 kB)
2 Unit Test	Install test dependencies	2026-10-07T14:18:55.6832080Z Downloading msgpack-1.2.3-cp313-cp313-manylinux2014_x86_64.manylinux_2_17_x86_64.manylinux_2_28_x86_64.whl (466 kB)
2 Unit Test	Install test dependencies	2026-10-07T14:18:55.7395835Z Downloading click-8.5.0-py3-none-any.whl (125 kB)
2 Unit Test	Install test dependencies	2026-10-07T14:18:55.7563191Z Downloading coverage-7.16.2-cp313-cp313-manylinux1_x86_64.manylinux_2_28_x86_64.manylinux_2_5_x86_64.whl (257 kB)
2 Unit Test	Install test dependencies	2026-10-07T14:18:55.7803774Z Downloading filelock-4.0.12-py3-none-any.whl (111 kB)
2 Unit Test	Install test dependencies	2026-10-07T14:18:55.7958791Z Downloading iniconfig-2.3.1-py3-none-any.whl (7.6 kB)
2 Unit Test	Install test dependencies	2026-10-07T14:18:55.8085440Z Downloading itsdangerous-2.2.0-py3-none-any.whl (16 kB)
2 Unit Test	Install test dependencies	2026-10-07T14:18:55.8207841Z Downloading markupsafe-3.0.4-cp313-cp313-manylinux2014_x86_64.manylinux_2_17_x86_64.manylinux_2_28_x86_64.whl (23 kB)
2 Unit Test	Install test dependencies	2026-10-07T14:18:55.8331179Z Downloading packaging-26.3-py3-none-any.whl (129 kB)
2 Unit Test	Install test dependencies	2026-10-07T14:18:55.8499758Z Downloading pip_api-0.0.35-py3-none-any.whl (123 kB)
2 Unit Test	Install test dependencies	2026-10-07T14:18:55.8674913Z Downloading pip_requirements_parser-32.0.1-py3-none-any.whl (35 kB)
2 Unit Test	Install test dependencies	2026-10-07T14:18:55.8810579Z Downloading platformdirs-4.12.3-py3-none-any.whl (32 kB)
2 Unit Test	Install test dependencies	2026-10-07T14:18:55.8927631Z Downloading pygments-2.21.0-py3-none-any.whl (1.3 MB)
2 Unit Test	Install test dependencies	2026-10-07T14:18:55.9908321Z    ━━━━━━━━━━━━━━━━━━━━━━━━━━━━━━━━━━━━━━━━ 1.3/1.3 MB 11.7 MB/s  0:00:00
2 Unit Test	Install test dependencies	2026-10-07T14:18:56.0009058Z Downloading rich-15.0.0-py3-none-any.whl (310 kB)
2 Unit Test	Install test dependencies	2026-10-07T14:18:56.0459779Z Downloading markdown_it_py-4.2.0-py3-none-any.whl (91 kB)
2 Unit Test	Install test dependencies	2026-10-07T14:18:56.0610166Z Downloading mdurl-0.1.2-py3-none-any.whl (10.0 kB)
2 Unit Test	Install test dependencies	2026-10-07T14:18:56.0752073Z Downloading stevedore-5.9.1-py3-none-any.whl (54 kB)
2 Unit Test	Install test dependencies	2026-10-07T14:18:56.0918452Z Downloading tomli-2.5.0-cp313-cp313-manylinux2014_x86_64.manylinux_2_17_x86_64.manylinux_2_28_x86_64.whl (283 kB)
2 Unit Test	Install test dependencies	2026-10-07T14:18:56.1274613Z Downloading tomli_w-1.2.0-py3-none-any.whl (6.7 kB)
2 Unit Test	Install test dependencies	2026-10-07T14:18:56.1395344Z Downloading pyparsing-3.3.3-py3-none-any.whl (126 kB)
2 Unit Test	Install test dependencies	2026-10-07T14:18:56.3456261Z Installing collected packages: sortedcontainers, boolean.py, urllib3, tomli-w, tomli, stevedore, PyYAML, pyparsing, pygments, pyflakes, pycodestyle, pluggy, platformdirs, pip-api, packaging, packageurl-python, msgpack, mdurl, mccabe, markupsafe, license-expression, itsdangerous, iniconfig, idna, gunicorn, filelock, defusedxml, coverage, click, charset_normalizer, certifi, blinker, Werkzeug, requests, pytest, py-serializable, pip-requirements-parser, markdown-it-py, Jinja2, flake8, rich, pytest-cov, Flask, cyclonedx-python-lib, CacheControl, bandit, pip-audit
2 Unit Test	Install test dependencies	2026-10-07T14:18:59.5003248Z 
2 Unit Test	Install test dependencies	2026-10-07T14:18:59.5054631Z Successfully installed CacheControl-0.14.4 Flask-3.1.3 Jinja2-3.1.6 PyYAML-6.0.3 Werkzeug-3.1.9 bandit-1.9.4 blinker-1.9.0 boolean.py-5.0 certifi-2026.7.22 charset_normalizer-3.5.2 click-8.5.0 coverage-7.16.2 cyclonedx-python-lib-11.12.0 defusedxml-0.7.1 filelock-4.0.12 flake8-7.4.1 gunicorn-26.2.0 idna-3.20 iniconfig-2.3.1 itsdangerous-2.2.0 license-expression-30.4.4 markdown-it-py-4.2.0 markupsafe-3.0.4 mccabe-0.7.0 mdurl-0.1.2 msgpack-1.2.3 packageurl-python-0.17.6 packaging-26.3 pip-api-0.0.35 pip-audit-2.10.1 pip-requirements-parser-32.0.1 platformdirs-4.12.3 pluggy-1.6.0 py-serializable-2.1.0 pycodestyle-2.15.0 pyflakes-4.0.2 pygments-2.21.0 pyparsing-3.3.3 pytest-9.1.1 pytest-cov-7.1.0 requests-2.34.2 rich-15.0.0 sortedcontainers-2.4.0 stevedore-5.9.1 tomli-2.5.0 tomli-w-1.2.0 urllib3-2.8.0
2 Unit Test	Lint	﻿2026-10-07T14:18:59.6025605Z ##[group]Run flake8 app tests
2 Unit Test	Lint	2026-10-07T14:18:59.6025924Z [36;1mflake8 app tests[0m
2 Unit Test	Lint	2026-10-07T14:18:59.6092450Z shell: /usr/bin/bash --noprofile --norc -e -o pipefail {0}
2 Unit Test	Lint	2026-10-07T14:18:59.6092853Z env:
2 Unit Test	Lint	2026-10-07T14:18:59.6093056Z   APP_DIR: labs/17-devsecops
2 Unit Test	Lint	2026-10-07T14:18:59.6093310Z   IMAGE_NAME: claim-check-api
2 Unit Test	Lint	2026-10-07T14:18:59.6093557Z   TRIVY_VERSION: 0.75.0
2 Unit Test	Lint	2026-10-07T14:18:59.6093783Z   GITLEAKS_VERSION: 8.30.1
2 Unit Test	Lint	2026-10-07T14:18:59.6094007Z   PYTHON_VERSION: 3.13
2 Unit Test	Lint	2026-10-07T14:18:59.6094286Z   pythonLocation: /opt/hostedtoolcache/Python/3.13.15/x64
2 Unit Test	Lint	2026-10-07T14:18:59.6094724Z   PKG_CONFIG_PATH: /opt/hostedtoolcache/Python/3.13.15/x64/lib/pkgconfig
2 Unit Test	Lint	2026-10-07T14:18:59.6095159Z   Python_ROOT_DIR: /opt/hostedtoolcache/Python/3.13.15/x64
2 Unit Test	Lint	2026-10-07T14:18:59.6095539Z   Python2_ROOT_DIR: /opt/hostedtoolcache/Python/3.13.15/x64
2 Unit Test	Lint	2026-10-07T14:18:59.6095921Z   Python3_ROOT_DIR: /opt/hostedtoolcache/Python/3.13.15/x64
2 Unit Test	Lint	2026-10-07T14:18:59.6096325Z   LD_LIBRARY_PATH: /opt/hostedtoolcache/Python/3.13.15/x64/lib
2 Unit Test	Lint	2026-10-07T14:18:59.6096687Z ##[endgroup]
2 Unit Test	Run the unit test suite	﻿2026-10-07T14:19:00.2161972Z ##[group]Run mkdir -p reports
2 Unit Test	Run the unit test suite	2026-10-07T14:19:00.2162327Z [36;1mmkdir -p reports[0m
2 Unit Test	Run the unit test suite	2026-10-07T14:19:00.2162778Z [36;1mpytest --cov=app --cov-report=term-missing --cov-report=xml:reports/coverage.xml \[0m
2 Unit Test	Run the unit test suite	2026-10-07T14:19:00.2163268Z [36;1m       --junitxml=reports/junit.xml[0m
2 Unit Test	Run the unit test suite	2026-10-07T14:19:00.2227096Z shell: /usr/bin/bash --noprofile --norc -e -o pipefail {0}
2 Unit Test	Run the unit test suite	2026-10-07T14:19:00.2227451Z env:
2 Unit Test	Run the unit test suite	2026-10-07T14:19:00.2227651Z   APP_DIR: labs/17-devsecops
2 Unit Test	Run the unit test suite	2026-10-07T14:19:00.2227906Z   IMAGE_NAME: claim-check-api
2 Unit Test	Run the unit test suite	2026-10-07T14:19:00.2228152Z   TRIVY_VERSION: 0.75.0
2 Unit Test	Run the unit test suite	2026-10-07T14:19:00.2228372Z   GITLEAKS_VERSION: 8.30.1
2 Unit Test	Run the unit test suite	2026-10-07T14:19:00.2228597Z   PYTHON_VERSION: 3.13
2 Unit Test	Run the unit test suite	2026-10-07T14:19:00.2228875Z   pythonLocation: /opt/hostedtoolcache/Python/3.13.15/x64
2 Unit Test	Run the unit test suite	2026-10-07T14:19:00.2229302Z   PKG_CONFIG_PATH: /opt/hostedtoolcache/Python/3.13.15/x64/lib/pkgconfig
2 Unit Test	Run the unit test suite	2026-10-07T14:19:00.2229738Z   Python_ROOT_DIR: /opt/hostedtoolcache/Python/3.13.15/x64
2 Unit Test	Run the unit test suite	2026-10-07T14:19:00.2230122Z   Python2_ROOT_DIR: /opt/hostedtoolcache/Python/3.13.15/x64
2 Unit Test	Run the unit test suite	2026-10-07T14:19:00.2230541Z   Python3_ROOT_DIR: /opt/hostedtoolcache/Python/3.13.15/x64
2 Unit Test	Run the unit test suite	2026-10-07T14:19:00.2231266Z   LD_LIBRARY_PATH: /opt/hostedtoolcache/Python/3.13.15/x64/lib
2 Unit Test	Run the unit test suite	2026-10-07T14:19:00.2231622Z ##[endgroup]
2 Unit Test	Run the unit test suite	2026-10-07T14:19:00.7925635Z ============================= test session starts ==============================
2 Unit Test	Run the unit test suite	2026-10-07T14:19:00.7926542Z platform linux -- Python 3.13.15, pytest-9.1.1, pluggy-1.6.0 -- /opt/hostedtoolcache/Python/3.13.15/x64/bin/python
2 Unit Test	Run the unit test suite	2026-10-07T14:19:00.7927261Z cachedir: .pytest_cache
2 Unit Test	Run the unit test suite	2026-10-07T14:19:00.7927785Z rootdir: /home/runner/work/devops-coursework/devops-coursework/labs/17-devsecops
2 Unit Test	Run the unit test suite	2026-10-07T14:19:00.7928369Z configfile: setup.cfg
2 Unit Test	Run the unit test suite	2026-10-07T14:19:00.7928670Z testpaths: tests
2 Unit Test	Run the unit test suite	2026-10-07T14:19:00.7928983Z plugins: platformdirs-4.12.3, cov-7.1.0
2 Unit Test	Run the unit test suite	2026-10-07T14:19:01.2734391Z collecting ... collected 26 items
2 Unit Test	Run the unit test suite	2026-10-07T14:19:01.2735022Z 
2 Unit Test	Run the unit test suite	2026-10-07T14:19:01.2867082Z tests/test_claims.py::test_validate_claim_accepts_a_normal_claim PASSED  [  3%]
2 Unit Test	Run the unit test suite	2026-10-07T14:19:01.2887457Z tests/test_claims.py::test_validate_claim_rejects_bad_input[claim0] PASSED [  7%]
2 Unit Test	Run the unit test suite	2026-10-07T14:19:01.2904137Z tests/test_claims.py::test_validate_claim_rejects_bad_input[claim1] PASSED [ 11%]
2 Unit Test	Run the unit test suite	2026-10-07T14:19:01.2920320Z tests/test_claims.py::test_validate_claim_rejects_bad_input[claim2] PASSED [ 15%]
2 Unit Test	Run the unit test suite	2026-10-07T14:19:01.2937254Z tests/test_claims.py::test_validate_claim_rejects_bad_input[claim3] PASSED [ 19%]
2 Unit Test	Run the unit test suite	2026-10-07T14:19:01.2953375Z tests/test_claims.py::test_validate_claim_rejects_bad_input[claim4] PASSED [ 23%]
2 Unit Test	Run the unit test suite	2026-10-07T14:19:01.2969382Z tests/test_claims.py::test_validate_claim_rejects_bad_input[claim5] PASSED [ 26%]
2 Unit Test	Run the unit test suite	2026-10-07T14:19:01.2983896Z tests/test_claims.py::test_validate_claim_rejects_a_non_object PASSED    [ 30%]
2 Unit Test	Run the unit test suite	2026-10-07T14:19:01.2998203Z tests/test_claims.py::test_price_claim_applies_the_category_rate PASSED  [ 34%]
2 Unit Test	Run the unit test suite	2026-10-07T14:19:01.3012674Z tests/test_claims.py::test_price_claim_caps_the_category PASSED          [ 38%]
2 Unit Test	Run the unit test suite	2026-10-07T14:19:01.3026867Z tests/test_claims.py::test_price_claim_halves_a_claim_without_receipts PASSED [ 42%]
2 Unit Test	Run the unit test suite	2026-10-07T14:19:01.3041165Z tests/test_claims.py::test_price_claim_flags_large_reimbursements_for_approval PASSED [ 46%]
2 Unit Test	Run the unit test suite	2026-10-07T14:19:01.3056617Z tests/test_claims.py::test_fingerprint_is_stable_and_salted PASSED       [ 50%]
2 Unit Test	Run the unit test suite	2026-10-07T14:19:01.3077692Z tests/test_claims.py::test_issue_reference_is_unique_and_prefixed PASSED [ 53%]
2 Unit Test	Run the unit test suite	2026-10-07T14:19:01.3092917Z tests/test_claims.py::test_summarise_adds_up_a_batch PASSED              [ 57%]
2 Unit Test	Run the unit test suite	2026-10-07T14:19:01.3108376Z tests/test_claims.py::test_summarise_rejects_an_empty_batch PASSED       [ 61%]
2 Unit Test	Run the unit test suite	2026-10-07T14:19:01.3174032Z tests/test_server.py::test_health_endpoint PASSED                        [ 65%]
2 Unit Test	Run the unit test suite	2026-10-07T14:19:01.3198139Z tests/test_server.py::test_version_endpoint_reports_build_metadata PASSED [ 69%]
2 Unit Test	Run the unit test suite	2026-10-07T14:19:01.3223683Z tests/test_server.py::test_validate_endpoint_accepts_a_claim PASSED      [ 73%]
2 Unit Test	Run the unit test suite	2026-10-07T14:19:01.3247749Z tests/test_server.py::test_validate_endpoint_rejects_a_bad_claim PASSED  [ 76%]
2 Unit Test	Run the unit test suite	2026-10-07T14:19:01.3272283Z tests/test_server.py::test_price_endpoint_prices_a_claim PASSED          [ 80%]
2 Unit Test	Run the unit test suite	2026-10-07T14:19:01.3296556Z tests/test_server.py::test_batch_endpoint_summarises PASSED              [ 84%]
2 Unit Test	Run the unit test suite	2026-10-07T14:19:01.3319648Z tests/test_server.py::test_batch_endpoint_rejects_an_empty_body PASSED   [ 88%]
2 Unit Test	Run the unit test suite	2026-10-07T14:19:01.3354470Z tests/test_server.py::test_policy_endpoint_parses_yaml PASSED            [ 92%]
2 Unit Test	Run the unit test suite	2026-10-07T14:19:01.3381789Z tests/test_server.py::test_policy_endpoint_rejects_broken_yaml PASSED    [ 96%]
2 Unit Test	Run the unit test suite	2026-10-07T14:19:01.4092863Z tests/test_server.py::test_fx_endpoint_reports_no_upstream PASSED        [100%]
2 Unit Test	Run the unit test suite	2026-10-07T14:19:01.4093645Z 
2 Unit Test	Run the unit test suite	2026-10-07T14:19:01.4094452Z - generated xml file: /home/runner/work/devops-coursework/devops-coursework/labs/17-devsecops/reports/junit.xml -
2 Unit Test	Run the unit test suite	2026-10-07T14:19:01.4095901Z ================================ tests coverage ================================
2 Unit Test	Run the unit test suite	2026-10-07T14:19:01.4096872Z _______________ coverage: platform linux, python 3.13.15-final-0 _______________
2 Unit Test	Run the unit test suite	2026-10-07T14:19:01.4097513Z 
2 Unit Test	Run the unit test suite	2026-10-07T14:19:01.4097748Z Name              Stmts   Miss  Cover   Missing
2 Unit Test	Run the unit test suite	2026-10-07T14:19:01.4098331Z -----------------------------------------------
2 Unit Test	Run the unit test suite	2026-10-07T14:19:01.4098829Z app/__init__.py       1      0   100%
2 Unit Test	Run the unit test suite	2026-10-07T14:19:01.4099293Z app/claims.py        59      0   100%
2 Unit Test	Run the unit test suite	2026-10-07T14:19:01.4099701Z app/server.py        64     10    84%   66-67, 89, 97-102, 106
2 Unit Test	Run the unit test suite	2026-10-07T14:19:01.4100076Z -----------------------------------------------
2 Unit Test	Run the unit test suite	2026-10-07T14:19:01.4100389Z TOTAL               124     10    92%
2 Unit Test	Run the unit test suite	2026-10-07T14:19:01.4100709Z Coverage XML written to file reports/coverage.xml
2 Unit Test	Run the unit test suite	2026-10-07T14:19:01.4101378Z ============================== 26 passed in 0.61s ==============================
2 Unit Test	Upload the test report	﻿2026-10-07T14:19:01.4793913Z ##[group]Run actions/upload-artifact@v4
2 Unit Test	Upload the test report	2026-10-07T14:19:01.4794242Z with:
2 Unit Test	Upload the test report	2026-10-07T14:19:01.4794450Z   name: unit-test-report
2 Unit Test	Upload the test report	2026-10-07T14:19:01.4794699Z   path: labs/17-devsecops/reports
2 Unit Test	Upload the test report	2026-10-07T14:19:01.4794947Z   retention-days: 7
2 Unit Test	Upload the test report	2026-10-07T14:19:01.4795169Z   if-no-files-found: warn
2 Unit Test	Upload the test report	2026-10-07T14:19:01.4795405Z   compression-level: 6
2 Unit Test	Upload the test report	2026-10-07T14:19:01.4795618Z   overwrite: false
2 Unit Test	Upload the test report	2026-10-07T14:19:01.4795835Z   include-hidden-files: false
2 Unit Test	Upload the test report	2026-10-07T14:19:01.4796061Z env:
2 Unit Test	Upload the test report	2026-10-07T14:19:01.4796250Z   APP_DIR: labs/17-devsecops
2 Unit Test	Upload the test report	2026-10-07T14:19:01.4796494Z   IMAGE_NAME: claim-check-api
2 Unit Test	Upload the test report	2026-10-07T14:19:01.4796724Z   TRIVY_VERSION: 0.75.0
2 Unit Test	Upload the test report	2026-10-07T14:19:01.4796939Z   GITLEAKS_VERSION: 8.30.1
2 Unit Test	Upload the test report	2026-10-07T14:19:01.4797159Z   PYTHON_VERSION: 3.13
2 Unit Test	Upload the test report	2026-10-07T14:19:01.4797443Z   pythonLocation: /opt/hostedtoolcache/Python/3.13.15/x64
2 Unit Test	Upload the test report	2026-10-07T14:19:01.4797884Z   PKG_CONFIG_PATH: /opt/hostedtoolcache/Python/3.13.15/x64/lib/pkgconfig
2 Unit Test	Upload the test report	2026-10-07T14:19:01.4798310Z   Python_ROOT_DIR: /opt/hostedtoolcache/Python/3.13.15/x64
2 Unit Test	Upload the test report	2026-10-07T14:19:01.4798905Z   Python2_ROOT_DIR: /opt/hostedtoolcache/Python/3.13.15/x64
2 Unit Test	Upload the test report	2026-10-07T14:19:01.4799284Z   Python3_ROOT_DIR: /opt/hostedtoolcache/Python/3.13.15/x64
2 Unit Test	Upload the test report	2026-10-07T14:19:01.4799667Z   LD_LIBRARY_PATH: /opt/hostedtoolcache/Python/3.13.15/x64/lib
2 Unit Test	Upload the test report	2026-10-07T14:19:01.4799982Z ##[endgroup]
2 Unit Test	Upload the test report	2026-10-07T14:19:01.6462675Z (node:2381) [DEP0040] DeprecationWarning: The `punycode` module is deprecated. Please use a userland alternative instead.
2 Unit Test	Upload the test report	2026-10-07T14:19:01.6463431Z (Use `node --trace-deprecation ...` to show where the warning was created)
2 Unit Test	Upload the test report	2026-10-07T14:19:01.6532645Z With the provided path, there will be 2 files uploaded
2 Unit Test	Upload the test report	2026-10-07T14:19:01.6538028Z Artifact name is valid!
2 Unit Test	Upload the test report	2026-10-07T14:19:01.6538836Z Root directory input is valid!
2 Unit Test	Upload the test report	2026-10-07T14:19:01.9614923Z Beginning upload of artifact content to blob storage
2 Unit Test	Upload the test report	2026-10-07T14:19:01.9822534Z (node:2381) [DEP0169] DeprecationWarning: `url.parse()` behavior is not standardized and prone to errors that have security implications. Use the WHATWG URL API instead. CVEs are not issued for `url.parse()` vulnerabilities.
2 Unit Test	Upload the test report	2026-10-07T14:19:02.1057743Z Uploaded bytes 1541
2 Unit Test	Upload the test report	2026-10-07T14:19:02.1456082Z Finished uploading artifact content to blob storage!
2 Unit Test	Upload the test report	2026-10-07T14:19:02.1457012Z SHA256 digest of uploaded artifact zip is 27f82c6b15951f265cf4fe15b9e5d0dd64faa714897842d072b82e4988492b06
2 Unit Test	Upload the test report	2026-10-07T14:19:02.1459056Z Finalizing artifact upload
2 Unit Test	Upload the test report	2026-10-07T14:19:02.4549473Z Artifact unit-test-report.zip successfully finalized. Artifact ID 11489110683
2 Unit Test	Upload the test report	2026-10-07T14:19:02.4551574Z Artifact unit-test-report has been successfully uploaded! Final size is 1541 bytes. Artifact ID is 11489110683
2 Unit Test	Upload the test report	2026-10-07T14:19:02.4559038Z Artifact download URL: https://github.com/AmanYadav7015/devops-coursework/actions/runs/37635580923/artifacts/11489110683
2 Unit Test	Post Setup Python	﻿2026-10-07T14:19:02.4739252Z Post job cleanup.
2 Unit Test	Post Setup Python	2026-10-07T14:19:02.5963403Z (node:2393) [DEP0040] DeprecationWarning: The `punycode` module is deprecated. Please use a userland alternative instead.
2 Unit Test	Post Setup Python	2026-10-07T14:19:02.5964340Z (Use `node --trace-deprecation ...` to show where the warning was created)
2 Unit Test	Post Checkout code	﻿2026-10-07T14:19:02.6156149Z Post job cleanup.
2 Unit Test	Post Checkout code	2026-10-07T14:19:02.7151773Z [command]/usr/bin/git version
2 Unit Test	Post Checkout code	2026-10-07T14:19:02.7191517Z git version 2.55.0
2 Unit Test	Post Checkout code	2026-10-07T14:19:02.7238981Z Temporarily overriding HOME='/home/runner/work/_temp/04b03589-7569-4a34-955a-f1294027b0d8' before making global git config changes
2 Unit Test	Post Checkout code	2026-10-07T14:19:02.7240443Z Adding repository directory to the temporary git global config as a safe directory
2 Unit Test	Post Checkout code	2026-10-07T14:19:02.7247225Z [command]/usr/bin/git config --global --add safe.directory /home/runner/work/devops-coursework/devops-coursework
2 Unit Test	Post Checkout code	2026-10-07T14:19:02.7297780Z [command]/usr/bin/git config --local --name-only --get-regexp core\.sshCommand
2 Unit Test	Post Checkout code	2026-10-07T14:19:02.7352730Z [command]/usr/bin/git submodule foreach --recursive sh -c "git config --local --name-only --get-regexp 'core\.sshCommand' && git config --local --unset-all 'core.sshCommand' || :"
2 Unit Test	Post Checkout code	2026-10-07T14:19:02.7687832Z [command]/usr/bin/git config --local --name-only --get-regexp http\.https\:\/\/github\.com\/\.extraheader
2 Unit Test	Post Checkout code	2026-10-07T14:19:02.7729041Z http.https://github.com/.extraheader
2 Unit Test	Post Checkout code	2026-10-07T14:19:02.7745268Z [command]/usr/bin/git config --local --unset-all http.https://github.com/.extraheader
2 Unit Test	Post Checkout code	2026-10-07T14:19:02.7822695Z [command]/usr/bin/git submodule foreach --recursive sh -c "git config --local --name-only --get-regexp 'http\.https\:\/\/github\.com\/\.extraheader' && git config --local --unset-all 'http.https://github.com/.extraheader' || :"
2 Unit Test	Post Checkout code	2026-10-07T14:19:02.8110027Z [command]/usr/bin/git config --local --name-only --get-regexp ^includeIf\.gitdir:
2 Unit Test	Post Checkout code	2026-10-07T14:19:02.8152795Z [command]/usr/bin/git submodule foreach --recursive git config --local --show-origin --name-only --get-regexp remote.origin.url
2 Unit Test	Complete job	﻿2026-10-07T14:19:02.8627924Z Cleaning up orphan processes
2 Unit Test	Complete job	2026-10-07T14:19:02.8942887Z ##[warning]Node.js 20 is deprecated. The following actions target Node.js 20 but are being forced to run on Node.js 24: actions/checkout@v4, actions/setup-python@v5, actions/upload-artifact@v4. For more information see: https://github.blog/changelog/2025-09-19-deprecation-of-node-20-on-github-actions-runners/
3 SAST (bandit)	Set up job	﻿2026-10-07T14:19:10.7504375Z Current runner version: '2.337.0'
3 SAST (bandit)	Set up job	2026-10-07T14:19:10.7525432Z ##[group]Runner Image Provisioner
3 SAST (bandit)	Set up job	2026-10-07T14:19:10.7526259Z Hosted Compute Agent
3 SAST (bandit)	Set up job	2026-10-07T14:19:10.7526799Z Version: 20261002.596
3 SAST (bandit)	Set up job	2026-10-07T14:19:10.7527334Z Commit: c3d12f3313a95f25162a1503be624f3b0617f8c0
3 SAST (bandit)	Set up job	2026-10-07T14:19:10.7527930Z Build Date: 2026-10-02T22:28:27Z
3 SAST (bandit)	Set up job	2026-10-07T14:19:10.7528503Z Worker ID: {134e75a6-b1c8-4eaa-874c-c719e786ee25}
3 SAST (bandit)	Set up job	2026-10-07T14:19:10.7529292Z Region: westus3
3 SAST (bandit)	Set up job	2026-10-07T14:19:10.7529758Z Cloud: Azure
3 SAST (bandit)	Set up job	2026-10-07T14:19:10.7530232Z ##[endgroup]
3 SAST (bandit)	Set up job	2026-10-07T14:19:10.7531484Z ##[group]Operating System
3 SAST (bandit)	Set up job	2026-10-07T14:19:10.7532046Z Ubuntu
3 SAST (bandit)	Set up job	2026-10-07T14:19:10.7532478Z 24.04.5
3 SAST (bandit)	Set up job	2026-10-07T14:19:10.7532909Z LTS
3 SAST (bandit)	Set up job	2026-10-07T14:19:10.7533360Z ##[endgroup]
3 SAST (bandit)	Set up job	2026-10-07T14:19:10.7533813Z ##[group]Runner Image
3 SAST (bandit)	Set up job	2026-10-07T14:19:10.7534609Z Image: ubuntu-24.04
3 SAST (bandit)	Set up job	2026-10-07T14:19:10.7535133Z Version: 20261004.327.1
3 SAST (bandit)	Set up job	2026-10-07T14:19:10.7536011Z Included Software: https://github.com/actions/runner-images/blob/ubuntu24/20261004.327/images/ubuntu/Ubuntu2404-Readme.md
3 SAST (bandit)	Set up job	2026-10-07T14:19:10.7537656Z Image Release: https://github.com/actions/runner-images/releases/tag/ubuntu24%2F20261004.327
3 SAST (bandit)	Set up job	2026-10-07T14:19:10.7538429Z ##[endgroup]
3 SAST (bandit)	Set up job	2026-10-07T14:19:10.7539500Z ##[group]GITHUB_TOKEN Permissions
3 SAST (bandit)	Set up job	2026-10-07T14:19:10.7541469Z Contents: read
3 SAST (bandit)	Set up job	2026-10-07T14:19:10.7541968Z Metadata: read
3 SAST (bandit)	Set up job	2026-10-07T14:19:10.7542432Z ##[endgroup]
3 SAST (bandit)	Set up job	2026-10-07T14:19:10.7544204Z Secret source: Actions
3 SAST (bandit)	Set up job	2026-10-07T14:19:10.7544954Z Cache mode: write
3 SAST (bandit)	Set up job	2026-10-07T14:19:10.7545533Z Prepare workflow directory
3 SAST (bandit)	Set up job	2026-10-07T14:19:10.7920113Z Prepare all required actions
3 SAST (bandit)	Set up job	2026-10-07T14:19:10.7961279Z Getting action download info
3 SAST (bandit)	Set up job	2026-10-07T14:19:11.1471813Z Download action repository 'actions/checkout@v4' (SHA:11d5960a326750d5838078e36cf38b85af677262)
3 SAST (bandit)	Set up job	2026-10-07T14:19:11.2254278Z Download action repository 'actions/setup-python@v5' (SHA:a26af69be951a213d495a4c3e4e4022e16d87065)
3 SAST (bandit)	Set up job	2026-10-07T14:19:11.3347364Z Download action repository 'actions/upload-artifact@v4' (SHA:ea165f8d65b6e75b540449e92b4886f43607fa02)
3 SAST (bandit)	Set up job	2026-10-07T14:19:11.5584825Z Complete job name: 3 SAST (bandit)
3 SAST (bandit)	Checkout code	﻿2026-10-07T14:19:11.6159978Z ##[group]Run actions/checkout@v4
3 SAST (bandit)	Checkout code	2026-10-07T14:19:11.6160678Z with:
3 SAST (bandit)	Checkout code	2026-10-07T14:19:11.6161241Z   repository: AmanYadav7015/devops-coursework
3 SAST (bandit)	Checkout code	2026-10-07T14:19:11.6164486Z   token: ***
3 SAST (bandit)	Checkout code	2026-10-07T14:19:11.6164931Z   ssh-strict: true
3 SAST (bandit)	Checkout code	2026-10-07T14:19:11.6165355Z   ssh-user: git
3 SAST (bandit)	Checkout code	2026-10-07T14:19:11.6165772Z   persist-credentials: true
3 SAST (bandit)	Checkout code	2026-10-07T14:19:11.6166274Z   clean: true
3 SAST (bandit)	Checkout code	2026-10-07T14:19:11.6166723Z   sparse-checkout-cone-mode: true
3 SAST (bandit)	Checkout code	2026-10-07T14:19:11.6167212Z   fetch-depth: 1
3 SAST (bandit)	Checkout code	2026-10-07T14:19:11.6167666Z   fetch-tags: false
3 SAST (bandit)	Checkout code	2026-10-07T14:19:11.6168089Z   show-progress: true
3 SAST (bandit)	Checkout code	2026-10-07T14:19:11.6168549Z   lfs: false
3 SAST (bandit)	Checkout code	2026-10-07T14:19:11.6169114Z   submodules: false
3 SAST (bandit)	Checkout code	2026-10-07T14:19:11.6169560Z   set-safe-directory: true
3 SAST (bandit)	Checkout code	2026-10-07T14:19:11.6170040Z   allow-unsafe-pr-checkout: false
3 SAST (bandit)	Checkout code	2026-10-07T14:19:11.6170654Z env:
3 SAST (bandit)	Checkout code	2026-10-07T14:19:11.6171075Z   APP_DIR: labs/17-devsecops
3 SAST (bandit)	Checkout code	2026-10-07T14:19:11.6171589Z   IMAGE_NAME: claim-check-api
3 SAST (bandit)	Checkout code	2026-10-07T14:19:11.6172044Z   TRIVY_VERSION: 0.75.0
3 SAST (bandit)	Checkout code	2026-10-07T14:19:11.6172603Z   GITLEAKS_VERSION: 8.30.1
3 SAST (bandit)	Checkout code	2026-10-07T14:19:11.6173038Z   PYTHON_VERSION: 3.13
3 SAST (bandit)	Checkout code	2026-10-07T14:19:11.6173543Z ##[endgroup]
3 SAST (bandit)	Checkout code	2026-10-07T14:19:11.7041162Z Syncing repository: AmanYadav7015/devops-coursework
3 SAST (bandit)	Checkout code	2026-10-07T14:19:11.7043694Z ##[group]Getting Git version info
3 SAST (bandit)	Checkout code	2026-10-07T14:19:11.7044771Z Working directory is '/home/runner/work/devops-coursework/devops-coursework'
3 SAST (bandit)	Checkout code	2026-10-07T14:19:11.7046306Z [command]/usr/bin/git version
3 SAST (bandit)	Checkout code	2026-10-07T14:19:11.7149786Z git version 2.55.0
3 SAST (bandit)	Checkout code	2026-10-07T14:19:11.7152698Z ##[endgroup]
3 SAST (bandit)	Checkout code	2026-10-07T14:19:11.7177603Z Temporarily overriding HOME='/home/runner/work/_temp/31d8b907-c9b8-449f-9655-e7249e1db9ca' before making global git config changes
3 SAST (bandit)	Checkout code	2026-10-07T14:19:11.7195929Z Adding repository directory to the temporary git global config as a safe directory
3 SAST (bandit)	Checkout code	2026-10-07T14:19:11.7198013Z [command]/usr/bin/git config --global --add safe.directory /home/runner/work/devops-coursework/devops-coursework
3 SAST (bandit)	Checkout code	2026-10-07T14:19:11.7207479Z Deleting the contents of '/home/runner/work/devops-coursework/devops-coursework'
3 SAST (bandit)	Checkout code	2026-10-07T14:19:11.7209789Z ##[group]Initializing the repository
3 SAST (bandit)	Checkout code	2026-10-07T14:19:11.7215605Z [command]/usr/bin/git init /home/runner/work/devops-coursework/devops-coursework
3 SAST (bandit)	Checkout code	2026-10-07T14:19:11.7282834Z hint: Using 'master' as the name for the initial branch. This default branch name
3 SAST (bandit)	Checkout code	2026-10-07T14:19:11.7284393Z hint: will change to "main" in Git 3.0. To configure the initial branch name
3 SAST (bandit)	Checkout code	2026-10-07T14:19:11.7286086Z hint: to use in all of your new repositories, which will suppress this warning,
3 SAST (bandit)	Checkout code	2026-10-07T14:19:11.7287271Z hint: call:
3 SAST (bandit)	Checkout code	2026-10-07T14:19:11.7288053Z hint:
3 SAST (bandit)	Checkout code	2026-10-07T14:19:11.7289264Z hint: 	git config --global init.defaultBranch <name>
3 SAST (bandit)	Checkout code	2026-10-07T14:19:11.7290372Z hint:
3 SAST (bandit)	Checkout code	2026-10-07T14:19:11.7291349Z hint: Names commonly chosen instead of 'master' are 'main', 'trunk' and
3 SAST (bandit)	Checkout code	2026-10-07T14:19:11.7292822Z hint: 'development'. The just-created branch can be renamed via this command:
3 SAST (bandit)	Checkout code	2026-10-07T14:19:11.7294099Z hint:
3 SAST (bandit)	Checkout code	2026-10-07T14:19:11.7294898Z hint: 	git branch -m <name>
3 SAST (bandit)	Checkout code	2026-10-07T14:19:11.7295757Z hint:
3 SAST (bandit)	Checkout code	2026-10-07T14:19:11.7297244Z hint: Disable this message with "git config set advice.defaultBranchName false"
3 SAST (bandit)	Checkout code	2026-10-07T14:19:11.7299224Z Initialized empty Git repository in /home/runner/work/devops-coursework/devops-coursework/.git/
3 SAST (bandit)	Checkout code	2026-10-07T14:19:11.7302845Z [command]/usr/bin/git remote add origin https://github.com/AmanYadav7015/devops-coursework
3 SAST (bandit)	Checkout code	2026-10-07T14:19:11.7353403Z ##[endgroup]
3 SAST (bandit)	Checkout code	2026-10-07T14:19:11.7354521Z ##[group]Disabling automatic garbage collection
3 SAST (bandit)	Checkout code	2026-10-07T14:19:11.7356764Z [command]/usr/bin/git config --local gc.auto 0
3 SAST (bandit)	Checkout code	2026-10-07T14:19:11.7382324Z ##[endgroup]
3 SAST (bandit)	Checkout code	2026-10-07T14:19:11.7383354Z ##[group]Setting up auth
3 SAST (bandit)	Checkout code	2026-10-07T14:19:11.7387844Z [command]/usr/bin/git config --local --name-only --get-regexp core\.sshCommand
3 SAST (bandit)	Checkout code	2026-10-07T14:19:11.7413879Z [command]/usr/bin/git submodule foreach --recursive sh -c "git config --local --name-only --get-regexp 'core\.sshCommand' && git config --local --unset-all 'core.sshCommand' || :"
3 SAST (bandit)	Checkout code	2026-10-07T14:19:11.7712278Z [command]/usr/bin/git config --local --name-only --get-regexp http\.https\:\/\/github\.com\/\.extraheader
3 SAST (bandit)	Checkout code	2026-10-07T14:19:11.7740584Z [command]/usr/bin/git submodule foreach --recursive sh -c "git config --local --name-only --get-regexp 'http\.https\:\/\/github\.com\/\.extraheader' && git config --local --unset-all 'http.https://github.com/.extraheader' || :"
3 SAST (bandit)	Checkout code	2026-10-07T14:19:11.7911608Z [command]/usr/bin/git config --local --name-only --get-regexp ^includeIf\.gitdir:
3 SAST (bandit)	Checkout code	2026-10-07T14:19:11.7936118Z [command]/usr/bin/git submodule foreach --recursive git config --local --show-origin --name-only --get-regexp remote.origin.url
3 SAST (bandit)	Checkout code	2026-10-07T14:19:11.8109219Z [command]/usr/bin/git config --local http.https://github.com/.extraheader AUTHORIZATION: basic ***
3 SAST (bandit)	Checkout code	2026-10-07T14:19:11.8143760Z ##[endgroup]
3 SAST (bandit)	Checkout code	2026-10-07T14:19:11.8145105Z ##[group]Fetching the repository
3 SAST (bandit)	Checkout code	2026-10-07T14:19:11.8154371Z [command]/usr/bin/git -c protocol.version=2 fetch --no-tags --prune --no-recurse-submodules --depth=1 origin +e2a54b405aaef0453130dd8955a1c4de2acad19f:refs/remotes/origin/session-17-devsecops-ci
3 SAST (bandit)	Checkout code	2026-10-07T14:19:13.5916092Z From https://github.com/AmanYadav7015/devops-coursework
3 SAST (bandit)	Checkout code	2026-10-07T14:19:13.5918159Z  * [new ref]         e2a54b405aaef0453130dd8955a1c4de2acad19f -> origin/session-17-devsecops-ci
3 SAST (bandit)	Checkout code	2026-10-07T14:19:13.5932098Z ##[endgroup]
3 SAST (bandit)	Checkout code	2026-10-07T14:19:13.5933288Z ##[group]Determining the checkout info
3 SAST (bandit)	Checkout code	2026-10-07T14:19:13.5934897Z ##[endgroup]
3 SAST (bandit)	Checkout code	2026-10-07T14:19:13.5935471Z [command]/usr/bin/git sparse-checkout disable
3 SAST (bandit)	Checkout code	2026-10-07T14:19:13.6886828Z [command]/usr/bin/git config --local --unset-all extensions.worktreeConfig
3 SAST (bandit)	Checkout code	2026-10-07T14:19:13.6924416Z ##[group]Checking out the ref
3 SAST (bandit)	Checkout code	2026-10-07T14:19:13.6928892Z [command]/usr/bin/git checkout --progress --force -B session-17-devsecops-ci refs/remotes/origin/session-17-devsecops-ci
3 SAST (bandit)	Checkout code	2026-10-07T14:19:13.8768709Z Switched to a new branch 'session-17-devsecops-ci'
3 SAST (bandit)	Checkout code	2026-10-07T14:19:13.8771228Z branch 'session-17-devsecops-ci' set up to track 'origin/session-17-devsecops-ci'.
3 SAST (bandit)	Checkout code	2026-10-07T14:19:13.8779758Z ##[endgroup]
3 SAST (bandit)	Checkout code	2026-10-07T14:19:13.8815360Z [command]/usr/bin/git log -1 --format=%H
3 SAST (bandit)	Checkout code	2026-10-07T14:19:13.8835890Z e2a54b405aaef0453130dd8955a1c4de2acad19f
3 SAST (bandit)	Setup Python	﻿2026-10-07T14:19:13.9069771Z ##[group]Run actions/setup-python@v5
3 SAST (bandit)	Setup Python	2026-10-07T14:19:13.9070384Z with:
3 SAST (bandit)	Setup Python	2026-10-07T14:19:13.9070878Z   python-version: 3.13
3 SAST (bandit)	Setup Python	2026-10-07T14:19:13.9071358Z   check-latest: false
3 SAST (bandit)	Setup Python	2026-10-07T14:19:13.9073746Z   token: ***
3 SAST (bandit)	Setup Python	2026-10-07T14:19:13.9074230Z   update-environment: true
3 SAST (bandit)	Setup Python	2026-10-07T14:19:13.9074737Z   allow-prereleases: false
3 SAST (bandit)	Setup Python	2026-10-07T14:19:13.9075201Z   freethreaded: false
3 SAST (bandit)	Setup Python	2026-10-07T14:19:13.9075780Z env:
3 SAST (bandit)	Setup Python	2026-10-07T14:19:13.9076216Z   APP_DIR: labs/17-devsecops
3 SAST (bandit)	Setup Python	2026-10-07T14:19:13.9076679Z   IMAGE_NAME: claim-check-api
3 SAST (bandit)	Setup Python	2026-10-07T14:19:13.9077140Z   TRIVY_VERSION: 0.75.0
3 SAST (bandit)	Setup Python	2026-10-07T14:19:13.9077553Z   GITLEAKS_VERSION: 8.30.1
3 SAST (bandit)	Setup Python	2026-10-07T14:19:13.9078012Z   PYTHON_VERSION: 3.13
3 SAST (bandit)	Setup Python	2026-10-07T14:19:13.9078435Z ##[endgroup]
3 SAST (bandit)	Setup Python	2026-10-07T14:19:14.0184039Z ##[group]Installed versions
3 SAST (bandit)	Setup Python	2026-10-07T14:19:14.0277866Z (node:2081) [DEP0040] DeprecationWarning: The `punycode` module is deprecated. Please use a userland alternative instead.
3 SAST (bandit)	Setup Python	2026-10-07T14:19:14.0279550Z (Use `node --trace-deprecation ...` to show where the warning was created)
3 SAST (bandit)	Setup Python	2026-10-07T14:19:14.0280804Z Successfully set up CPython (3.13.16)
3 SAST (bandit)	Setup Python	2026-10-07T14:19:14.0281899Z ##[endgroup]
3 SAST (bandit)	Install bandit	﻿2026-10-07T14:19:14.0432471Z ##[group]Run pip install 'bandit[sarif]==1.9.4'
3 SAST (bandit)	Install bandit	2026-10-07T14:19:14.0433465Z [36;1mpip install 'bandit[sarif]==1.9.4'[0m
3 SAST (bandit)	Install bandit	2026-10-07T14:19:14.0646436Z shell: /usr/bin/bash --noprofile --norc -e -o pipefail {0}
3 SAST (bandit)	Install bandit	2026-10-07T14:19:14.0647154Z env:
3 SAST (bandit)	Install bandit	2026-10-07T14:19:14.0647605Z   APP_DIR: labs/17-devsecops
3 SAST (bandit)	Install bandit	2026-10-07T14:19:14.0648087Z   IMAGE_NAME: claim-check-api
3 SAST (bandit)	Install bandit	2026-10-07T14:19:14.0648835Z   TRIVY_VERSION: 0.75.0
3 SAST (bandit)	Install bandit	2026-10-07T14:19:14.0649275Z   GITLEAKS_VERSION: 8.30.1
3 SAST (bandit)	Install bandit	2026-10-07T14:19:14.0649758Z   PYTHON_VERSION: 3.13
3 SAST (bandit)	Install bandit	2026-10-07T14:19:14.0650250Z   pythonLocation: /opt/hostedtoolcache/Python/3.13.16/x64
3 SAST (bandit)	Install bandit	2026-10-07T14:19:14.0650915Z   PKG_CONFIG_PATH: /opt/hostedtoolcache/Python/3.13.16/x64/lib/pkgconfig
3 SAST (bandit)	Install bandit	2026-10-07T14:19:14.0651554Z   Python_ROOT_DIR: /opt/hostedtoolcache/Python/3.13.16/x64
3 SAST (bandit)	Install bandit	2026-10-07T14:19:14.0652133Z   Python2_ROOT_DIR: /opt/hostedtoolcache/Python/3.13.16/x64
3 SAST (bandit)	Install bandit	2026-10-07T14:19:14.0652757Z   Python3_ROOT_DIR: /opt/hostedtoolcache/Python/3.13.16/x64
3 SAST (bandit)	Install bandit	2026-10-07T14:19:14.0653329Z   LD_LIBRARY_PATH: /opt/hostedtoolcache/Python/3.13.16/x64/lib
3 SAST (bandit)	Install bandit	2026-10-07T14:19:14.0653966Z ##[endgroup]
3 SAST (bandit)	Install bandit	2026-10-07T14:19:16.1205217Z Collecting bandit==1.9.4 (from bandit[sarif]==1.9.4)
3 SAST (bandit)	Install bandit	2026-10-07T14:19:16.1925802Z   Downloading bandit-1.9.4-py3-none-any.whl.metadata (7.1 kB)
3 SAST (bandit)	Install bandit	2026-10-07T14:19:16.2578536Z Collecting PyYAML>=5.3.1 (from bandit==1.9.4->bandit[sarif]==1.9.4)
3 SAST (bandit)	Install bandit	2026-10-07T14:19:16.2680853Z   Downloading pyyaml-6.0.3-cp313-cp313-manylinux2014_x86_64.manylinux_2_17_x86_64.manylinux_2_28_x86_64.whl.metadata (2.4 kB)
3 SAST (bandit)	Install bandit	2026-10-07T14:19:16.2886592Z Collecting stevedore>=1.20.0 (from bandit==1.9.4->bandit[sarif]==1.9.4)
3 SAST (bandit)	Install bandit	2026-10-07T14:19:16.2985445Z   Downloading stevedore-5.9.1-py3-none-any.whl.metadata (2.3 kB)
3 SAST (bandit)	Install bandit	2026-10-07T14:19:16.3296254Z Collecting rich (from bandit==1.9.4->bandit[sarif]==1.9.4)
3 SAST (bandit)	Install bandit	2026-10-07T14:19:16.3397934Z   Downloading rich-15.0.0-py3-none-any.whl.metadata (18 kB)
3 SAST (bandit)	Install bandit	2026-10-07T14:19:16.3624744Z Collecting sarif-om>=1.0.4 (from bandit[sarif]==1.9.4)
3 SAST (bandit)	Install bandit	2026-10-07T14:19:16.3723541Z   Downloading sarif_om-1.0.4-py3-none-any.whl.metadata (3.2 kB)
3 SAST (bandit)	Install bandit	2026-10-07T14:19:16.3880986Z Collecting jschema-to-python>=1.2.3 (from bandit[sarif]==1.9.4)
3 SAST (bandit)	Install bandit	2026-10-07T14:19:16.3980196Z   Downloading jschema_to_python-1.2.3-py3-none-any.whl.metadata (3.1 kB)
3 SAST (bandit)	Install bandit	2026-10-07T14:19:16.4161488Z Collecting attrs (from jschema-to-python>=1.2.3->bandit[sarif]==1.9.4)
3 SAST (bandit)	Install bandit	2026-10-07T14:19:16.4261489Z   Downloading attrs-26.1.0-py3-none-any.whl.metadata (8.8 kB)
3 SAST (bandit)	Install bandit	2026-10-07T14:19:16.4463459Z Collecting jsonpickle (from jschema-to-python>=1.2.3->bandit[sarif]==1.9.4)
3 SAST (bandit)	Install bandit	2026-10-07T14:19:16.4561360Z   Downloading jsonpickle-4.1.3-py3-none-any.whl.metadata (8.1 kB)
3 SAST (bandit)	Install bandit	2026-10-07T14:19:16.4957230Z Collecting pbr (from jschema-to-python>=1.2.3->bandit[sarif]==1.9.4)
3 SAST (bandit)	Install bandit	2026-10-07T14:19:16.5056320Z   Downloading pbr-7.1.3-py2.py3-none-any.whl.metadata (4.1 kB)
3 SAST (bandit)	Install bandit	2026-10-07T14:19:16.5887146Z Collecting setuptools (from pbr->jschema-to-python>=1.2.3->bandit[sarif]==1.9.4)
3 SAST (bandit)	Install bandit	2026-10-07T14:19:16.5983492Z   Downloading setuptools-84.0.0-py3-none-any.whl.metadata (6.6 kB)
3 SAST (bandit)	Install bandit	2026-10-07T14:19:16.6194995Z Collecting markdown-it-py>=2.2.0 (from rich->bandit==1.9.4->bandit[sarif]==1.9.4)
3 SAST (bandit)	Install bandit	2026-10-07T14:19:16.6293011Z   Downloading markdown_it_py-4.2.0-py3-none-any.whl.metadata (7.4 kB)
3 SAST (bandit)	Install bandit	2026-10-07T14:19:16.6511284Z Collecting pygments<3.0.0,>=2.13.0 (from rich->bandit==1.9.4->bandit[sarif]==1.9.4)
3 SAST (bandit)	Install bandit	2026-10-07T14:19:16.6609241Z   Downloading pygments-2.21.0-py3-none-any.whl.metadata (2.5 kB)
3 SAST (bandit)	Install bandit	2026-10-07T14:19:16.6768837Z Collecting mdurl~=0.1 (from markdown-it-py>=2.2.0->rich->bandit==1.9.4->bandit[sarif]==1.9.4)
3 SAST (bandit)	Install bandit	2026-10-07T14:19:16.6865964Z   Downloading mdurl-0.1.2-py3-none-any.whl.metadata (1.6 kB)
3 SAST (bandit)	Install bandit	2026-10-07T14:19:16.7202348Z Downloading bandit-1.9.4-py3-none-any.whl (134 kB)
3 SAST (bandit)	Install bandit	2026-10-07T14:19:16.7492864Z Downloading jschema_to_python-1.2.3-py3-none-any.whl (10 kB)
3 SAST (bandit)	Install bandit	2026-10-07T14:19:16.7611894Z Downloading pyyaml-6.0.3-cp313-cp313-manylinux2014_x86_64.manylinux_2_17_x86_64.manylinux_2_28_x86_64.whl (801 kB)
3 SAST (bandit)	Install bandit	2026-10-07T14:19:16.7961218Z    ━━━━━━━━━━━━━━━━━━━━━━━━━━━━━━━━━━━━━━━━ 801.6/801.6 kB 23.8 MB/s  0:00:00
3 SAST (bandit)	Install bandit	2026-10-07T14:19:16.8061943Z Downloading sarif_om-1.0.4-py3-none-any.whl (30 kB)
3 SAST (bandit)	Install bandit	2026-10-07T14:19:16.8182832Z Downloading stevedore-5.9.1-py3-none-any.whl (54 kB)
3 SAST (bandit)	Install bandit	2026-10-07T14:19:16.8299596Z Downloading attrs-26.1.0-py3-none-any.whl (67 kB)
3 SAST (bandit)	Install bandit	2026-10-07T14:19:16.8417077Z Downloading jsonpickle-4.1.3-py3-none-any.whl (49 kB)
3 SAST (bandit)	Install bandit	2026-10-07T14:19:16.8531049Z Downloading pbr-7.1.3-py2.py3-none-any.whl (136 kB)
3 SAST (bandit)	Install bandit	2026-10-07T14:19:16.8652300Z Downloading rich-15.0.0-py3-none-any.whl (310 kB)
3 SAST (bandit)	Install bandit	2026-10-07T14:19:16.8792124Z Downloading pygments-2.21.0-py3-none-any.whl (1.3 MB)
3 SAST (bandit)	Install bandit	2026-10-07T14:19:16.9068343Z    ━━━━━━━━━━━━━━━━━━━━━━━━━━━━━━━━━━━━━━━━ 1.3/1.3 MB 39.5 MB/s  0:00:00
3 SAST (bandit)	Install bandit	2026-10-07T14:19:16.9165149Z Downloading markdown_it_py-4.2.0-py3-none-any.whl (91 kB)
3 SAST (bandit)	Install bandit	2026-10-07T14:19:16.9282799Z Downloading mdurl-0.1.2-py3-none-any.whl (10.0 kB)
3 SAST (bandit)	Install bandit	2026-10-07T14:19:16.9557984Z Downloading setuptools-84.0.0-py3-none-any.whl (818 kB)
3 SAST (bandit)	Install bandit	2026-10-07T14:19:16.9646997Z    ━━━━━━━━━━━━━━━━━━━━━━━━━━━━━━━━━━━━━━━━ 818.2/818.2 kB 78.8 MB/s  0:00:00
3 SAST (bandit)	Install bandit	2026-10-07T14:19:17.1003553Z Installing collected packages: stevedore, setuptools, PyYAML, pygments, mdurl, jsonpickle, attrs, pbr, markdown-it-py, sarif-om, rich, jschema-to-python, bandit
3 SAST (bandit)	Install bandit	2026-10-07T14:19:18.4300184Z 
3 SAST (bandit)	Install bandit	2026-10-07T14:19:18.4316557Z Successfully installed PyYAML-6.0.3 attrs-26.1.0 bandit-1.9.4 jschema-to-python-1.2.3 jsonpickle-4.1.3 markdown-it-py-4.2.0 mdurl-0.1.2 pbr-7.1.3 pygments-2.21.0 rich-15.0.0 sarif-om-1.0.4 setuptools-84.0.0 stevedore-5.9.1
3 SAST (bandit)	Report every finding	﻿2026-10-07T14:19:18.5002822Z ##[group]Run mkdir -p reports
3 SAST (bandit)	Report every finding	2026-10-07T14:19:18.5003291Z [36;1mmkdir -p reports[0m
3 SAST (bandit)	Report every finding	2026-10-07T14:19:18.5003851Z [36;1mbandit -c security/bandit.yaml -r app -f screen --exit-zero | tee reports/bandit-screen.txt[0m
3 SAST (bandit)	Report every finding	2026-10-07T14:19:18.5004539Z [36;1mbandit -c security/bandit.yaml -r app -f json --exit-zero -o reports/bandit.json[0m
3 SAST (bandit)	Report every finding	2026-10-07T14:19:18.5005170Z [36;1mbandit -c security/bandit.yaml -r app -f sarif --exit-zero -o reports/bandit.sarif[0m
3 SAST (bandit)	Report every finding	2026-10-07T14:19:18.5047459Z shell: /usr/bin/bash --noprofile --norc -e -o pipefail {0}
3 SAST (bandit)	Report every finding	2026-10-07T14:19:18.5047895Z env:
3 SAST (bandit)	Report every finding	2026-10-07T14:19:18.5048267Z   APP_DIR: labs/17-devsecops
3 SAST (bandit)	Report every finding	2026-10-07T14:19:18.5048692Z   IMAGE_NAME: claim-check-api
3 SAST (bandit)	Report every finding	2026-10-07T14:19:18.5049035Z   TRIVY_VERSION: 0.75.0
3 SAST (bandit)	Report every finding	2026-10-07T14:19:18.5049351Z   GITLEAKS_VERSION: 8.30.1
3 SAST (bandit)	Report every finding	2026-10-07T14:19:18.5049679Z   PYTHON_VERSION: 3.13
3 SAST (bandit)	Report every finding	2026-10-07T14:19:18.5050085Z   pythonLocation: /opt/hostedtoolcache/Python/3.13.16/x64
3 SAST (bandit)	Report every finding	2026-10-07T14:19:18.5050588Z   PKG_CONFIG_PATH: /opt/hostedtoolcache/Python/3.13.16/x64/lib/pkgconfig
3 SAST (bandit)	Report every finding	2026-10-07T14:19:18.5051278Z   Python_ROOT_DIR: /opt/hostedtoolcache/Python/3.13.16/x64
3 SAST (bandit)	Report every finding	2026-10-07T14:19:18.5051783Z   Python2_ROOT_DIR: /opt/hostedtoolcache/Python/3.13.16/x64
3 SAST (bandit)	Report every finding	2026-10-07T14:19:18.5052216Z   Python3_ROOT_DIR: /opt/hostedtoolcache/Python/3.13.16/x64
3 SAST (bandit)	Report every finding	2026-10-07T14:19:18.5052665Z   LD_LIBRARY_PATH: /opt/hostedtoolcache/Python/3.13.16/x64/lib
3 SAST (bandit)	Report every finding	2026-10-07T14:19:18.5053037Z ##[endgroup]
3 SAST (bandit)	Report every finding	2026-10-07T14:19:18.7262811Z [main]	INFO	profile include tests: None
3 SAST (bandit)	Report every finding	2026-10-07T14:19:18.7263333Z [main]	INFO	profile exclude tests: None
3 SAST (bandit)	Report every finding	2026-10-07T14:19:18.7269444Z [main]	INFO	cli include tests: None
3 SAST (bandit)	Report every finding	2026-10-07T14:19:18.7283917Z [main]	INFO	cli exclude tests: None
3 SAST (bandit)	Report every finding	2026-10-07T14:19:18.7284372Z [main]	INFO	using config: security/bandit.yaml
3 SAST (bandit)	Report every finding	2026-10-07T14:19:18.7284728Z [main]	INFO	running on Python 3.13.16
3 SAST (bandit)	Report every finding	2026-10-07T14:19:18.7429841Z [95mRun started:2026-10-07 14:19:18.742776+00:00[0m
3 SAST (bandit)	Report every finding	2026-10-07T14:19:18.7430434Z [95m
3 SAST (bandit)	Report every finding	2026-10-07T14:19:18.7430897Z Test results:[0m
3 SAST (bandit)	Report every finding	2026-10-07T14:19:18.7431253Z 	No issues identified.
3 SAST (bandit)	Report every finding	2026-10-07T14:19:18.7431596Z [95m
3 SAST (bandit)	Report every finding	2026-10-07T14:19:18.7431933Z Code scanned:[0m
3 SAST (bandit)	Report every finding	2026-10-07T14:19:18.7432202Z 	Total lines of code: 176
3 SAST (bandit)	Report every finding	2026-10-07T14:19:18.7432516Z 	Total lines skipped (#nosec): 0
3 SAST (bandit)	Report every finding	2026-10-07T14:19:18.7432827Z [95m
3 SAST (bandit)	Report every finding	2026-10-07T14:19:18.7433098Z Run metrics:[0m
3 SAST (bandit)	Report every finding	2026-10-07T14:19:18.7433407Z 	Total issues (by severity):
3 SAST (bandit)	Report every finding	2026-10-07T14:19:18.7433683Z 		Undefined: 0
3 SAST (bandit)	Report every finding	2026-10-07T14:19:18.7433951Z 		Low: 0
3 SAST (bandit)	Report every finding	2026-10-07T14:19:18.7434199Z 		Medium: 0
3 SAST (bandit)	Report every finding	2026-10-07T14:19:18.7434433Z 		High: 0
3 SAST (bandit)	Report every finding	2026-10-07T14:19:18.7434692Z 	Total issues (by confidence):
3 SAST (bandit)	Report every finding	2026-10-07T14:19:18.7434968Z 		Undefined: 0
3 SAST (bandit)	Report every finding	2026-10-07T14:19:18.7435222Z 		Low: 0
3 SAST (bandit)	Report every finding	2026-10-07T14:19:18.7435473Z 		Medium: 0
3 SAST (bandit)	Report every finding	2026-10-07T14:19:18.7435738Z 		High: 0
3 SAST (bandit)	Report every finding	2026-10-07T14:19:18.7436019Z [95mFiles skipped (0):[0m
3 SAST (bandit)	Report every finding	2026-10-07T14:19:18.9171100Z [main]	INFO	profile include tests: None
3 SAST (bandit)	Report every finding	2026-10-07T14:19:18.9171704Z [main]	INFO	profile exclude tests: None
3 SAST (bandit)	Report every finding	2026-10-07T14:19:18.9179385Z [main]	INFO	cli include tests: None
3 SAST (bandit)	Report every finding	2026-10-07T14:19:18.9179875Z [main]	INFO	cli exclude tests: None
3 SAST (bandit)	Report every finding	2026-10-07T14:19:18.9344731Z [json]	INFO	JSON output written to file: reports/bandit.json
3 SAST (bandit)	Report every finding	2026-10-07T14:19:19.1182345Z [main]	INFO	profile include tests: None
3 SAST (bandit)	Report every finding	2026-10-07T14:19:19.1182814Z [main]	INFO	profile exclude tests: None
3 SAST (bandit)	Report every finding	2026-10-07T14:19:19.1183137Z [main]	INFO	cli include tests: None
3 SAST (bandit)	Report every finding	2026-10-07T14:19:19.1183474Z [main]	INFO	cli exclude tests: None
3 SAST (bandit)	Report every finding	2026-10-07T14:19:19.1183960Z [main]	INFO	using config: security/bandit.yaml
3 SAST (bandit)	Report every finding	2026-10-07T14:19:19.1184476Z [main]	INFO	running on Python 3.13.16
3 SAST (bandit)	Report every finding	2026-10-07T14:19:19.1359631Z [sarif]	INFO	SARIF output written to file: reports/bandit.sarif
3 SAST (bandit)	Enforce the SAST policy	﻿2026-10-07T14:19:19.1688487Z ##[group]Run echo "policy: any finding of MEDIUM severity or above blocks the pipeline"
3 SAST (bandit)	Enforce the SAST policy	2026-10-07T14:19:19.1689736Z [36;1mecho "policy: any finding of MEDIUM severity or above blocks the pipeline"[0m
3 SAST (bandit)	Enforce the SAST policy	2026-10-07T14:19:19.1690497Z [36;1mbandit -c security/bandit.yaml -r app -ll -q -f screen[0m
3 SAST (bandit)	Enforce the SAST policy	2026-10-07T14:19:19.1690946Z [36;1mecho "SAST policy satisfied"[0m
3 SAST (bandit)	Enforce the SAST policy	2026-10-07T14:19:19.1732385Z shell: /usr/bin/bash --noprofile --norc -e -o pipefail {0}
3 SAST (bandit)	Enforce the SAST policy	2026-10-07T14:19:19.1732917Z env:
3 SAST (bandit)	Enforce the SAST policy	2026-10-07T14:19:19.1733185Z   APP_DIR: labs/17-devsecops
3 SAST (bandit)	Enforce the SAST policy	2026-10-07T14:19:19.1733534Z   IMAGE_NAME: claim-check-api
3 SAST (bandit)	Enforce the SAST policy	2026-10-07T14:19:19.1733816Z   TRIVY_VERSION: 0.75.0
3 SAST (bandit)	Enforce the SAST policy	2026-10-07T14:19:19.1734098Z   GITLEAKS_VERSION: 8.30.1
3 SAST (bandit)	Enforce the SAST policy	2026-10-07T14:19:19.1734412Z   PYTHON_VERSION: 3.13
3 SAST (bandit)	Enforce the SAST policy	2026-10-07T14:19:19.1734733Z   pythonLocation: /opt/hostedtoolcache/Python/3.13.16/x64
3 SAST (bandit)	Enforce the SAST policy	2026-10-07T14:19:19.1735176Z   PKG_CONFIG_PATH: /opt/hostedtoolcache/Python/3.13.16/x64/lib/pkgconfig
3 SAST (bandit)	Enforce the SAST policy	2026-10-07T14:19:19.1735593Z   Python_ROOT_DIR: /opt/hostedtoolcache/Python/3.13.16/x64
3 SAST (bandit)	Enforce the SAST policy	2026-10-07T14:19:19.1736146Z   Python2_ROOT_DIR: /opt/hostedtoolcache/Python/3.13.16/x64
3 SAST (bandit)	Enforce the SAST policy	2026-10-07T14:19:19.1736538Z   Python3_ROOT_DIR: /opt/hostedtoolcache/Python/3.13.16/x64
3 SAST (bandit)	Enforce the SAST policy	2026-10-07T14:19:19.1736914Z   LD_LIBRARY_PATH: /opt/hostedtoolcache/Python/3.13.16/x64/lib
3 SAST (bandit)	Enforce the SAST policy	2026-10-07T14:19:19.1737308Z ##[endgroup]
3 SAST (bandit)	Enforce the SAST policy	2026-10-07T14:19:19.1866031Z policy: any finding of MEDIUM severity or above blocks the pipeline
3 SAST (bandit)	Enforce the SAST policy	2026-10-07T14:19:19.3830699Z SAST policy satisfied
3 SAST (bandit)	Upload the SAST report	﻿2026-10-07T14:19:19.3914379Z ##[group]Run actions/upload-artifact@v4
3 SAST (bandit)	Upload the SAST report	2026-10-07T14:19:19.3914696Z with:
3 SAST (bandit)	Upload the SAST report	2026-10-07T14:19:19.3914951Z   name: sast-bandit-report
3 SAST (bandit)	Upload the SAST report	2026-10-07T14:19:19.3915234Z   path: labs/17-devsecops/reports
3 SAST (bandit)	Upload the SAST report	2026-10-07T14:19:19.3915537Z   retention-days: 7
3 SAST (bandit)	Upload the SAST report	2026-10-07T14:19:19.3915818Z   if-no-files-found: warn
3 SAST (bandit)	Upload the SAST report	2026-10-07T14:19:19.3916074Z   compression-level: 6
3 SAST (bandit)	Upload the SAST report	2026-10-07T14:19:19.3916329Z   overwrite: false
3 SAST (bandit)	Upload the SAST report	2026-10-07T14:19:19.3916595Z   include-hidden-files: false
3 SAST (bandit)	Upload the SAST report	2026-10-07T14:19:19.3917171Z env:
3 SAST (bandit)	Upload the SAST report	2026-10-07T14:19:19.3917421Z   APP_DIR: labs/17-devsecops
3 SAST (bandit)	Upload the SAST report	2026-10-07T14:19:19.3917694Z   IMAGE_NAME: claim-check-api
3 SAST (bandit)	Upload the SAST report	2026-10-07T14:19:19.3917997Z   TRIVY_VERSION: 0.75.0
3 SAST (bandit)	Upload the SAST report	2026-10-07T14:19:19.3918265Z   GITLEAKS_VERSION: 8.30.1
3 SAST (bandit)	Upload the SAST report	2026-10-07T14:19:19.3918800Z   PYTHON_VERSION: 3.13
3 SAST (bandit)	Upload the SAST report	2026-10-07T14:19:19.3919156Z   pythonLocation: /opt/hostedtoolcache/Python/3.13.16/x64
3 SAST (bandit)	Upload the SAST report	2026-10-07T14:19:19.3919560Z   PKG_CONFIG_PATH: /opt/hostedtoolcache/Python/3.13.16/x64/lib/pkgconfig
3 SAST (bandit)	Upload the SAST report	2026-10-07T14:19:19.3920013Z   Python_ROOT_DIR: /opt/hostedtoolcache/Python/3.13.16/x64
3 SAST (bandit)	Upload the SAST report	2026-10-07T14:19:19.3920475Z   Python2_ROOT_DIR: /opt/hostedtoolcache/Python/3.13.16/x64
3 SAST (bandit)	Upload the SAST report	2026-10-07T14:19:19.3920870Z   Python3_ROOT_DIR: /opt/hostedtoolcache/Python/3.13.16/x64
3 SAST (bandit)	Upload the SAST report	2026-10-07T14:19:19.3921247Z   LD_LIBRARY_PATH: /opt/hostedtoolcache/Python/3.13.16/x64/lib
3 SAST (bandit)	Upload the SAST report	2026-10-07T14:19:19.3921575Z ##[endgroup]
3 SAST (bandit)	Upload the SAST report	2026-10-07T14:19:19.5357943Z (node:2125) [DEP0040] DeprecationWarning: The `punycode` module is deprecated. Please use a userland alternative instead.
3 SAST (bandit)	Upload the SAST report	2026-10-07T14:19:19.5359304Z (Use `node --trace-deprecation ...` to show where the warning was created)
3 SAST (bandit)	Upload the SAST report	2026-10-07T14:19:19.5420749Z With the provided path, there will be 3 files uploaded
3 SAST (bandit)	Upload the SAST report	2026-10-07T14:19:19.5421611Z Artifact name is valid!
3 SAST (bandit)	Upload the SAST report	2026-10-07T14:19:19.5422081Z Root directory input is valid!
3 SAST (bandit)	Upload the SAST report	2026-10-07T14:19:20.0456181Z Beginning upload of artifact content to blob storage
3 SAST (bandit)	Upload the SAST report	2026-10-07T14:19:20.0654313Z (node:2125) [DEP0169] DeprecationWarning: `url.parse()` behavior is not standardized and prone to errors that have security implications. Use the WHATWG URL API instead. CVEs are not issued for `url.parse()` vulnerabilities.
3 SAST (bandit)	Upload the SAST report	2026-10-07T14:19:20.3047733Z Uploaded bytes 1282
3 SAST (bandit)	Upload the SAST report	2026-10-07T14:19:20.3677385Z Finished uploading artifact content to blob storage!
3 SAST (bandit)	Upload the SAST report	2026-10-07T14:19:20.3678512Z SHA256 digest of uploaded artifact zip is cf01973906bc9818987578dfa66d773bebbb14882e1d370765fff6c7f2307262
3 SAST (bandit)	Upload the SAST report	2026-10-07T14:19:20.3679381Z Finalizing artifact upload
3 SAST (bandit)	Upload the SAST report	2026-10-07T14:19:20.6148108Z Artifact sast-bandit-report.zip successfully finalized. Artifact ID 11489235446
3 SAST (bandit)	Upload the SAST report	2026-10-07T14:19:20.6149463Z Artifact sast-bandit-report has been successfully uploaded! Final size is 1282 bytes. Artifact ID is 11489235446
3 SAST (bandit)	Upload the SAST report	2026-10-07T14:19:20.6155257Z Artifact download URL: https://github.com/AmanYadav7015/devops-coursework/actions/runs/37635580923/artifacts/11489235446
3 SAST (bandit)	Post Setup Python	﻿2026-10-07T14:19:20.7113218Z Post job cleanup.
3 SAST (bandit)	Post Setup Python	2026-10-07T14:19:20.8112247Z (node:2137) [DEP0040] DeprecationWarning: The `punycode` module is deprecated. Please use a userland alternative instead.
3 SAST (bandit)	Post Setup Python	2026-10-07T14:19:20.8113069Z (Use `node --trace-deprecation ...` to show where the warning was created)
3 SAST (bandit)	Post Checkout code	﻿2026-10-07T14:19:20.9094389Z Post job cleanup.
3 SAST (bandit)	Post Checkout code	2026-10-07T14:19:20.9798399Z [command]/usr/bin/git version
3 SAST (bandit)	Post Checkout code	2026-10-07T14:19:20.9831160Z git version 2.55.0
3 SAST (bandit)	Post Checkout code	2026-10-07T14:19:20.9859302Z Temporarily overriding HOME='/home/runner/work/_temp/f0a463f3-355c-499e-a844-abaef11bfad9' before making global git config changes
3 SAST (bandit)	Post Checkout code	2026-10-07T14:19:20.9860681Z Adding repository directory to the temporary git global config as a safe directory
3 SAST (bandit)	Post Checkout code	2026-10-07T14:19:20.9864616Z [command]/usr/bin/git config --global --add safe.directory /home/runner/work/devops-coursework/devops-coursework
3 SAST (bandit)	Post Checkout code	2026-10-07T14:19:21.0344502Z [command]/usr/bin/git config --local --name-only --get-regexp core\.sshCommand
3 SAST (bandit)	Post Checkout code	2026-10-07T14:19:21.0400314Z [command]/usr/bin/git submodule foreach --recursive sh -c "git config --local --name-only --get-regexp 'core\.sshCommand' && git config --local --unset-all 'core.sshCommand' || :"
3 SAST (bandit)	Post Checkout code	2026-10-07T14:19:21.0640204Z [command]/usr/bin/git config --local --name-only --get-regexp http\.https\:\/\/github\.com\/\.extraheader
3 SAST (bandit)	Post Checkout code	2026-10-07T14:19:21.0674091Z http.https://github.com/.extraheader
3 SAST (bandit)	Post Checkout code	2026-10-07T14:19:21.0684367Z [command]/usr/bin/git config --local --unset-all http.https://github.com/.extraheader
3 SAST (bandit)	Post Checkout code	2026-10-07T14:19:21.1183990Z [command]/usr/bin/git submodule foreach --recursive sh -c "git config --local --name-only --get-regexp 'http\.https\:\/\/github\.com\/\.extraheader' && git config --local --unset-all 'http.https://github.com/.extraheader' || :"
3 SAST (bandit)	Post Checkout code	2026-10-07T14:19:21.1345804Z [command]/usr/bin/git config --local --name-only --get-regexp ^includeIf\.gitdir:
3 SAST (bandit)	Post Checkout code	2026-10-07T14:19:21.1371210Z [command]/usr/bin/git submodule foreach --recursive git config --local --show-origin --name-only --get-regexp remote.origin.url
3 SAST (bandit)	Complete job	﻿2026-10-07T14:19:21.1685683Z Cleaning up orphan processes
3 SAST (bandit)	Complete job	2026-10-07T14:19:21.1899844Z ##[warning]Node.js 20 is deprecated. The following actions target Node.js 20 but are being forced to run on Node.js 24: actions/checkout@v4, actions/setup-python@v5, actions/upload-artifact@v4. For more information see: https://github.blog/changelog/2025-09-19-deprecation-of-node-20-on-github-actions-runners/
3b SAST (CodeQL)	Set up job	﻿2026-10-07T14:19:10.5592743Z Current runner version: '2.337.0'
3b SAST (CodeQL)	Set up job	2026-10-07T14:19:10.5615128Z ##[group]Runner Image Provisioner
3b SAST (CodeQL)	Set up job	2026-10-07T14:19:10.5616050Z Hosted Compute Agent
3b SAST (CodeQL)	Set up job	2026-10-07T14:19:10.5616539Z Version: 20261002.596
3b SAST (CodeQL)	Set up job	2026-10-07T14:19:10.5617130Z Commit: c3d12f3313a95f25162a1503be624f3b0617f8c0
3b SAST (CodeQL)	Set up job	2026-10-07T14:19:10.5617777Z Build Date: 2026-10-02T22:28:27Z
3b SAST (CodeQL)	Set up job	2026-10-07T14:19:10.5618378Z Worker ID: {1abe06c0-c663-484e-91d5-ec17a43004d7}
3b SAST (CodeQL)	Set up job	2026-10-07T14:19:10.5619009Z Region: centralus
3b SAST (CodeQL)	Set up job	2026-10-07T14:19:10.5619471Z Cloud: Azure
3b SAST (CodeQL)	Set up job	2026-10-07T14:19:10.5619932Z ##[endgroup]
3b SAST (CodeQL)	Set up job	2026-10-07T14:19:10.5621192Z ##[group]Operating System
3b SAST (CodeQL)	Set up job	2026-10-07T14:19:10.5621902Z Ubuntu
3b SAST (CodeQL)	Set up job	2026-10-07T14:19:10.5622442Z 24.04.5
3b SAST (CodeQL)	Set up job	2026-10-07T14:19:10.5622883Z LTS
3b SAST (CodeQL)	Set up job	2026-10-07T14:19:10.5623325Z ##[endgroup]
3b SAST (CodeQL)	Set up job	2026-10-07T14:19:10.5623855Z ##[group]Runner Image
3b SAST (CodeQL)	Set up job	2026-10-07T14:19:10.5624365Z Image: ubuntu-24.04
3b SAST (CodeQL)	Set up job	2026-10-07T14:19:10.5624862Z Version: 20261004.327.1
3b SAST (CodeQL)	Set up job	2026-10-07T14:19:10.5625747Z Included Software: https://github.com/actions/runner-images/blob/ubuntu24/20261004.327/images/ubuntu/Ubuntu2404-Readme.md
3b SAST (CodeQL)	Set up job	2026-10-07T14:19:10.5627238Z Image Release: https://github.com/actions/runner-images/releases/tag/ubuntu24%2F20261004.327
3b SAST (CodeQL)	Set up job	2026-10-07T14:19:10.5628023Z ##[endgroup]
3b SAST (CodeQL)	Set up job	2026-10-07T14:19:10.5629095Z ##[group]GITHUB_TOKEN Permissions
3b SAST (CodeQL)	Set up job	2026-10-07T14:19:10.5631224Z Contents: read
3b SAST (CodeQL)	Set up job	2026-10-07T14:19:10.5632181Z Metadata: read
3b SAST (CodeQL)	Set up job	2026-10-07T14:19:10.5632716Z SecurityEvents: write
3b SAST (CodeQL)	Set up job	2026-10-07T14:19:10.5633215Z ##[endgroup]
3b SAST (CodeQL)	Set up job	2026-10-07T14:19:10.5635116Z Secret source: Actions
3b SAST (CodeQL)	Set up job	2026-10-07T14:19:10.5635872Z Cache mode: write
3b SAST (CodeQL)	Set up job	2026-10-07T14:19:10.5636647Z Prepare workflow directory
3b SAST (CodeQL)	Set up job	2026-10-07T14:19:10.6335505Z Prepare all required actions
3b SAST (CodeQL)	Set up job	2026-10-07T14:19:10.6379095Z Getting action download info
3b SAST (CodeQL)	Set up job	2026-10-07T14:19:10.9045156Z Download action repository 'actions/checkout@v4' (SHA:11d5960a326750d5838078e36cf38b85af677262)
3b SAST (CodeQL)	Set up job	2026-10-07T14:19:11.3165568Z Download action repository 'github/codeql-action@v3' (SHA:1190a975f95ce23525efb6a3fc21ea29567c1b52)
3b SAST (CodeQL)	Set up job	2026-10-07T14:19:12.0013490Z Complete job name: 3b SAST (CodeQL)
3b SAST (CodeQL)	Checkout code	﻿2026-10-07T14:19:12.0646191Z ##[group]Run actions/checkout@v4
3b SAST (CodeQL)	Checkout code	2026-10-07T14:19:12.0647002Z with:
3b SAST (CodeQL)	Checkout code	2026-10-07T14:19:12.0647484Z   repository: AmanYadav7015/devops-coursework
3b SAST (CodeQL)	Checkout code	2026-10-07T14:19:12.0651030Z   token: ***
3b SAST (CodeQL)	Checkout code	2026-10-07T14:19:12.0651470Z   ssh-strict: true
3b SAST (CodeQL)	Checkout code	2026-10-07T14:19:12.0652106Z   ssh-user: git
3b SAST (CodeQL)	Checkout code	2026-10-07T14:19:12.0652584Z   persist-credentials: true
3b SAST (CodeQL)	Checkout code	2026-10-07T14:19:12.0653076Z   clean: true
3b SAST (CodeQL)	Checkout code	2026-10-07T14:19:12.0653577Z   sparse-checkout-cone-mode: true
3b SAST (CodeQL)	Checkout code	2026-10-07T14:19:12.0654077Z   fetch-depth: 1
3b SAST (CodeQL)	Checkout code	2026-10-07T14:19:12.0654491Z   fetch-tags: false
3b SAST (CodeQL)	Checkout code	2026-10-07T14:19:12.0654979Z   show-progress: true
3b SAST (CodeQL)	Checkout code	2026-10-07T14:19:12.0655427Z   lfs: false
3b SAST (CodeQL)	Checkout code	2026-10-07T14:19:12.0655954Z   submodules: false
3b SAST (CodeQL)	Checkout code	2026-10-07T14:19:12.0656400Z   set-safe-directory: true
3b SAST (CodeQL)	Checkout code	2026-10-07T14:19:12.0656874Z   allow-unsafe-pr-checkout: false
3b SAST (CodeQL)	Checkout code	2026-10-07T14:19:12.0657567Z env:
3b SAST (CodeQL)	Checkout code	2026-10-07T14:19:12.0657985Z   APP_DIR: labs/17-devsecops
3b SAST (CodeQL)	Checkout code	2026-10-07T14:19:12.0658527Z   IMAGE_NAME: claim-check-api
3b SAST (CodeQL)	Checkout code	2026-10-07T14:19:12.0659032Z   TRIVY_VERSION: 0.75.0
3b SAST (CodeQL)	Checkout code	2026-10-07T14:19:12.0659666Z   GITLEAKS_VERSION: 8.30.1
3b SAST (CodeQL)	Checkout code	2026-10-07T14:19:12.0660147Z   PYTHON_VERSION: 3.13
3b SAST (CodeQL)	Checkout code	2026-10-07T14:19:12.0660613Z ##[endgroup]
3b SAST (CodeQL)	Checkout code	2026-10-07T14:19:12.1574828Z Syncing repository: AmanYadav7015/devops-coursework
3b SAST (CodeQL)	Checkout code	2026-10-07T14:19:12.1577884Z ##[group]Getting Git version info
3b SAST (CodeQL)	Checkout code	2026-10-07T14:19:12.1579115Z Working directory is '/home/runner/work/devops-coursework/devops-coursework'
3b SAST (CodeQL)	Checkout code	2026-10-07T14:19:12.1580984Z [command]/usr/bin/git version
3b SAST (CodeQL)	Checkout code	2026-10-07T14:19:12.1582015Z git version 2.55.0
3b SAST (CodeQL)	Checkout code	2026-10-07T14:19:12.1591443Z ##[endgroup]
3b SAST (CodeQL)	Checkout code	2026-10-07T14:19:12.1603858Z Temporarily overriding HOME='/home/runner/work/_temp/3b6528df-9424-403e-9149-be17fe035c49' before making global git config changes
3b SAST (CodeQL)	Checkout code	2026-10-07T14:19:12.1605883Z Adding repository directory to the temporary git global config as a safe directory
3b SAST (CodeQL)	Checkout code	2026-10-07T14:19:12.1609931Z [command]/usr/bin/git config --global --add safe.directory /home/runner/work/devops-coursework/devops-coursework
3b SAST (CodeQL)	Checkout code	2026-10-07T14:19:12.1651682Z Deleting the contents of '/home/runner/work/devops-coursework/devops-coursework'
3b SAST (CodeQL)	Checkout code	2026-10-07T14:19:12.1654582Z ##[group]Initializing the repository
3b SAST (CodeQL)	Checkout code	2026-10-07T14:19:12.1657332Z [command]/usr/bin/git init /home/runner/work/devops-coursework/devops-coursework
3b SAST (CodeQL)	Checkout code	2026-10-07T14:19:12.1728230Z hint: Using 'master' as the name for the initial branch. This default branch name
3b SAST (CodeQL)	Checkout code	2026-10-07T14:19:12.1730121Z hint: will change to "main" in Git 3.0. To configure the initial branch name
3b SAST (CodeQL)	Checkout code	2026-10-07T14:19:12.1731657Z hint: to use in all of your new repositories, which will suppress this warning,
3b SAST (CodeQL)	Checkout code	2026-10-07T14:19:12.1732833Z hint: call:
3b SAST (CodeQL)	Checkout code	2026-10-07T14:19:12.1733665Z hint:
3b SAST (CodeQL)	Checkout code	2026-10-07T14:19:12.1734604Z hint: 	git config --global init.defaultBranch <name>
3b SAST (CodeQL)	Checkout code	2026-10-07T14:19:12.1735587Z hint:
3b SAST (CodeQL)	Checkout code	2026-10-07T14:19:12.1736542Z hint: Names commonly chosen instead of 'master' are 'main', 'trunk' and
3b SAST (CodeQL)	Checkout code	2026-10-07T14:19:12.1737920Z hint: 'development'. The just-created branch can be renamed via this command:
3b SAST (CodeQL)	Checkout code	2026-10-07T14:19:12.1739085Z hint:
3b SAST (CodeQL)	Checkout code	2026-10-07T14:19:12.1739875Z hint: 	git branch -m <name>
3b SAST (CodeQL)	Checkout code	2026-10-07T14:19:12.1740725Z hint:
3b SAST (CodeQL)	Checkout code	2026-10-07T14:19:12.1742357Z hint: Disable this message with "git config set advice.defaultBranchName false"
3b SAST (CodeQL)	Checkout code	2026-10-07T14:19:12.1743994Z Initialized empty Git repository in /home/runner/work/devops-coursework/devops-coursework/.git/
3b SAST (CodeQL)	Checkout code	2026-10-07T14:19:12.1747428Z [command]/usr/bin/git remote add origin https://github.com/AmanYadav7015/devops-coursework
3b SAST (CodeQL)	Checkout code	2026-10-07T14:19:12.2068547Z ##[endgroup]
3b SAST (CodeQL)	Checkout code	2026-10-07T14:19:12.2070264Z ##[group]Disabling automatic garbage collection
3b SAST (CodeQL)	Checkout code	2026-10-07T14:19:12.2071736Z [command]/usr/bin/git config --local gc.auto 0
3b SAST (CodeQL)	Checkout code	2026-10-07T14:19:12.2099849Z ##[endgroup]
3b SAST (CodeQL)	Checkout code	2026-10-07T14:19:12.2101200Z ##[group]Setting up auth
3b SAST (CodeQL)	Checkout code	2026-10-07T14:19:12.2105300Z [command]/usr/bin/git config --local --name-only --get-regexp core\.sshCommand
3b SAST (CodeQL)	Checkout code	2026-10-07T14:19:12.2140141Z [command]/usr/bin/git submodule foreach --recursive sh -c "git config --local --name-only --get-regexp 'core\.sshCommand' && git config --local --unset-all 'core.sshCommand' || :"
3b SAST (CodeQL)	Checkout code	2026-10-07T14:19:12.2402780Z [command]/usr/bin/git config --local --name-only --get-regexp http\.https\:\/\/github\.com\/\.extraheader
3b SAST (CodeQL)	Checkout code	2026-10-07T14:19:12.2433934Z [command]/usr/bin/git submodule foreach --recursive sh -c "git config --local --name-only --get-regexp 'http\.https\:\/\/github\.com\/\.extraheader' && git config --local --unset-all 'http.https://github.com/.extraheader' || :"
3b SAST (CodeQL)	Checkout code	2026-10-07T14:19:12.2598991Z [command]/usr/bin/git config --local --name-only --get-regexp ^includeIf\.gitdir:
3b SAST (CodeQL)	Checkout code	2026-10-07T14:19:12.2626793Z [command]/usr/bin/git submodule foreach --recursive git config --local --show-origin --name-only --get-regexp remote.origin.url
3b SAST (CodeQL)	Checkout code	2026-10-07T14:19:12.2789593Z [command]/usr/bin/git config --local http.https://github.com/.extraheader AUTHORIZATION: basic ***
3b SAST (CodeQL)	Checkout code	2026-10-07T14:19:12.2821239Z ##[endgroup]
3b SAST (CodeQL)	Checkout code	2026-10-07T14:19:12.2822526Z ##[group]Fetching the repository
3b SAST (CodeQL)	Checkout code	2026-10-07T14:19:12.2830022Z [command]/usr/bin/git -c protocol.version=2 fetch --no-tags --prune --no-recurse-submodules --depth=1 origin +e2a54b405aaef0453130dd8955a1c4de2acad19f:refs/remotes/origin/session-17-devsecops-ci
3b SAST (CodeQL)	Checkout code	2026-10-07T14:19:13.7244160Z From https://github.com/AmanYadav7015/devops-coursework
3b SAST (CodeQL)	Checkout code	2026-10-07T14:19:13.7246454Z  * [new ref]         e2a54b405aaef0453130dd8955a1c4de2acad19f -> origin/session-17-devsecops-ci
3b SAST (CodeQL)	Checkout code	2026-10-07T14:19:13.7248385Z ##[endgroup]
3b SAST (CodeQL)	Checkout code	2026-10-07T14:19:13.7249227Z ##[group]Determining the checkout info
3b SAST (CodeQL)	Checkout code	2026-10-07T14:19:13.7249951Z ##[endgroup]
3b SAST (CodeQL)	Checkout code	2026-10-07T14:19:13.7255079Z [command]/usr/bin/git sparse-checkout disable
3b SAST (CodeQL)	Checkout code	2026-10-07T14:19:13.7300706Z [command]/usr/bin/git config --local --unset-all extensions.worktreeConfig
3b SAST (CodeQL)	Checkout code	2026-10-07T14:19:13.7327775Z ##[group]Checking out the ref
3b SAST (CodeQL)	Checkout code	2026-10-07T14:19:13.7332232Z [command]/usr/bin/git checkout --progress --force -B session-17-devsecops-ci refs/remotes/origin/session-17-devsecops-ci
3b SAST (CodeQL)	Checkout code	2026-10-07T14:19:13.8774315Z Switched to a new branch 'session-17-devsecops-ci'
3b SAST (CodeQL)	Checkout code	2026-10-07T14:19:13.8776611Z branch 'session-17-devsecops-ci' set up to track 'origin/session-17-devsecops-ci'.
3b SAST (CodeQL)	Checkout code	2026-10-07T14:19:13.8785147Z ##[endgroup]
3b SAST (CodeQL)	Checkout code	2026-10-07T14:19:13.8823273Z [command]/usr/bin/git log -1 --format=%H
3b SAST (CodeQL)	Checkout code	2026-10-07T14:19:13.8843834Z e2a54b405aaef0453130dd8955a1c4de2acad19f
3b SAST (CodeQL)	Initialize CodeQL	﻿2026-10-07T14:19:13.9115352Z ##[group]Run github/codeql-action/init@v3
3b SAST (CodeQL)	Initialize CodeQL	2026-10-07T14:19:13.9115801Z with:
3b SAST (CodeQL)	Initialize CodeQL	2026-10-07T14:19:13.9116197Z   languages: python
3b SAST (CodeQL)	Initialize CodeQL	2026-10-07T14:19:13.9116599Z   config: paths:
3b SAST (CodeQL)	Initialize CodeQL	  - labs/17-devsecops/app
3b SAST (CodeQL)	Initialize CodeQL	
3b SAST (CodeQL)	Initialize CodeQL	2026-10-07T14:19:13.9117057Z   analysis-kinds: code-scanning
3b SAST (CodeQL)	Initialize CodeQL	2026-10-07T14:19:13.9119347Z   token: ***
3b SAST (CodeQL)	Initialize CodeQL	2026-10-07T14:19:13.9119639Z   matrix: null
3b SAST (CodeQL)	Initialize CodeQL	2026-10-07T14:19:13.9119998Z   debug: false
3b SAST (CodeQL)	Initialize CodeQL	2026-10-07T14:19:13.9120314Z   check-run-id: 112841140407
3b SAST (CodeQL)	Initialize CodeQL	2026-10-07T14:19:13.9120733Z   job-status: success
3b SAST (CodeQL)	Initialize CodeQL	2026-10-07T14:19:13.9121045Z env:
3b SAST (CodeQL)	Initialize CodeQL	2026-10-07T14:19:13.9121337Z   APP_DIR: labs/17-devsecops
3b SAST (CodeQL)	Initialize CodeQL	2026-10-07T14:19:13.9122127Z   IMAGE_NAME: claim-check-api
3b SAST (CodeQL)	Initialize CodeQL	2026-10-07T14:19:13.9122486Z   TRIVY_VERSION: 0.75.0
3b SAST (CodeQL)	Initialize CodeQL	2026-10-07T14:19:13.9122874Z   GITLEAKS_VERSION: 8.30.1
3b SAST (CodeQL)	Initialize CodeQL	2026-10-07T14:19:13.9123236Z   PYTHON_VERSION: 3.13
3b SAST (CodeQL)	Initialize CodeQL	2026-10-07T14:19:13.9123613Z ##[endgroup]
3b SAST (CodeQL)	Initialize CodeQL	2026-10-07T14:19:14.1235088Z Job run UUID is ff709cfa-59ba-4074-9b07-e95df84f9715.
3b SAST (CodeQL)	Initialize CodeQL	2026-10-07T14:19:14.1293997Z ##[warning]CodeQL Action v3 will be deprecated in December 2026. Please update all occurrences of the CodeQL Action in your workflow files to v4. For more information, see https://github.blog/changelog/2025-10-28-upcoming-deprecation-of-codeql-action-v3/
3b SAST (CodeQL)	Initialize CodeQL	2026-10-07T14:19:15.2674038Z ##[group]Setup CodeQL tools
3b SAST (CodeQL)	Initialize CodeQL	2026-10-07T14:19:15.2715841Z [command]/usr/bin/tar --version
3b SAST (CodeQL)	Initialize CodeQL	2026-10-07T14:19:15.2751869Z tar (GNU tar) 1.35
3b SAST (CodeQL)	Initialize CodeQL	2026-10-07T14:19:15.2752697Z Copyright (C) 2023 Free Software Foundation, Inc.
3b SAST (CodeQL)	Initialize CodeQL	2026-10-07T14:19:15.2753523Z License GPLv3+: GNU GPL version 3 or later <https://gnu.org/licenses/gpl.html>.
3b SAST (CodeQL)	Initialize CodeQL	2026-10-07T14:19:15.2754930Z This is free software: you are free to change and redistribute it.
3b SAST (CodeQL)	Initialize CodeQL	2026-10-07T14:19:15.2755768Z There is NO WARRANTY, to the extent permitted by law.
3b SAST (CodeQL)	Initialize CodeQL	2026-10-07T14:19:15.2756157Z 
3b SAST (CodeQL)	Initialize CodeQL	2026-10-07T14:19:15.2756345Z Written by John Gilmore and Jay Fenlason.
3b SAST (CodeQL)	Initialize CodeQL	2026-10-07T14:19:15.2762489Z Found gnu tar version 1.35.
3b SAST (CodeQL)	Initialize CodeQL	2026-10-07T14:19:15.3300113Z Found CodeQL tools version 2.27.1 in the toolcache.
3b SAST (CodeQL)	Initialize CodeQL	2026-10-07T14:19:15.3300741Z Using CodeQL CLI version 2.27.1 from toolcache at /opt/hostedtoolcache/CodeQL/2.27.1/x64
3b SAST (CodeQL)	Initialize CodeQL	2026-10-07T14:19:19.8560227Z {
3b SAST (CodeQL)	Initialize CodeQL	2026-10-07T14:19:19.8561110Z   "productName": "CodeQL",
3b SAST (CodeQL)	Initialize CodeQL	2026-10-07T14:19:19.8562075Z   "vendor": "GitHub",
3b SAST (CodeQL)	Initialize CodeQL	2026-10-07T14:19:19.8562588Z   "version": "2.27.1",
3b SAST (CodeQL)	Initialize CodeQL	2026-10-07T14:19:19.8563027Z   "sha": "938af3639d0709b587251e45d9f8d2bdc3505696",
3b SAST (CodeQL)	Initialize CodeQL	2026-10-07T14:19:19.8563463Z   "branches": [
3b SAST (CodeQL)	Initialize CodeQL	2026-10-07T14:19:19.8563836Z     "codeql-cli-2.27.1"
3b SAST (CodeQL)	Initialize CodeQL	2026-10-07T14:19:19.8564152Z   ],
3b SAST (CodeQL)	Initialize CodeQL	2026-10-07T14:19:19.8564555Z   "copyright": "Copyright (C) 2019-2026 GitHub, Inc.",
3b SAST (CodeQL)	Initialize CodeQL	2026-10-07T14:19:19.8565264Z   "unpackedLocation": "/opt/hostedtoolcache/CodeQL/2.27.1/x64/codeql",
3b SAST (CodeQL)	Initialize CodeQL	2026-10-07T14:19:19.8566029Z   "configFileLocation": "/home/runner/.config/codeql/config",
3b SAST (CodeQL)	Initialize CodeQL	2026-10-07T14:19:19.8566452Z   "configFileFound": false,
3b SAST (CodeQL)	Initialize CodeQL	2026-10-07T14:19:19.8566809Z   "overlayVersion": 4,
3b SAST (CodeQL)	Initialize CodeQL	2026-10-07T14:19:19.8567093Z   "features": {
3b SAST (CodeQL)	Initialize CodeQL	2026-10-07T14:19:19.8567422Z     "analysisSummaryV2Default": true,
3b SAST (CodeQL)	Initialize CodeQL	2026-10-07T14:19:19.8567787Z     "buildModeOption": true,
3b SAST (CodeQL)	Initialize CodeQL	2026-10-07T14:19:19.8568128Z     "bundleSupportsIncludeDiagnostics": true,
3b SAST (CodeQL)	Initialize CodeQL	2026-10-07T14:19:19.8568557Z     "bundleSupportsIncludeLogs": true,
3b SAST (CodeQL)	Initialize CodeQL	2026-10-07T14:19:19.8568940Z     "bundleSupportsOverlay": true,
3b SAST (CodeQL)	Initialize CodeQL	2026-10-07T14:19:19.8569377Z     "databaseInterpretResultsSupportsSarifRunProperty": true,
3b SAST (CodeQL)	Initialize CodeQL	2026-10-07T14:19:19.8569820Z     "featuresInVersionResult": true,
3b SAST (CodeQL)	Initialize CodeQL	2026-10-07T14:19:19.8570185Z     "indirectTracingSupportsStaticBinaries": false,
3b SAST (CodeQL)	Initialize CodeQL	2026-10-07T14:19:19.8570639Z     "informsAboutUnsupportedPathFilters": true,
3b SAST (CodeQL)	Initialize CodeQL	2026-10-07T14:19:19.8571005Z     "supportsPython312": true,
3b SAST (CodeQL)	Initialize CodeQL	2026-10-07T14:19:19.8571338Z     "mrvaPackCreate": true,
3b SAST (CodeQL)	Initialize CodeQL	2026-10-07T14:19:19.8571959Z     "threatModelOption": true,
3b SAST (CodeQL)	Initialize CodeQL	2026-10-07T14:19:19.8572294Z     "traceCommandUseBuildMode": true,
3b SAST (CodeQL)	Initialize CodeQL	2026-10-07T14:19:19.8572711Z     "v2ramSizing": true,
3b SAST (CodeQL)	Initialize CodeQL	2026-10-07T14:19:19.8573251Z     "mrvaPackCreateMultipleQueries": true,
3b SAST (CodeQL)	Initialize CodeQL	2026-10-07T14:19:19.8573635Z     "setsCodeqlRunnerEnvVar": true,
3b SAST (CodeQL)	Initialize CodeQL	2026-10-07T14:19:19.8574041Z     "sarifMergeRunsFromEqualCategory": true,
3b SAST (CodeQL)	Initialize CodeQL	2026-10-07T14:19:19.8574507Z     "forceOverwrite": true,
3b SAST (CodeQL)	Initialize CodeQL	2026-10-07T14:19:19.8574862Z     "generateSummarySymbolMap": true,
3b SAST (CodeQL)	Initialize CodeQL	2026-10-07T14:19:19.8575225Z     "pythonDefaultIsToNotExtractStdlib": true,
3b SAST (CodeQL)	Initialize CodeQL	2026-10-07T14:19:19.8575581Z     "queryServerRunQueries": true,
3b SAST (CodeQL)	Initialize CodeQL	2026-10-07T14:19:19.8575993Z     "queryServerTrimCacheWithMode": true,
3b SAST (CodeQL)	Initialize CodeQL	2026-10-07T14:19:19.8576419Z     "builtinExtractorsSpecifyDefaultQueries": true,
3b SAST (CodeQL)	Initialize CodeQL	2026-10-07T14:19:19.8576831Z     "bqrsDiffResultSets": true,
3b SAST (CodeQL)	Initialize CodeQL	2026-10-07T14:19:19.8577161Z     "bundleSupportsIncludeOption": true,
3b SAST (CodeQL)	Initialize CodeQL	2026-10-07T14:19:19.8577531Z     "suppressesMissingFileBaselineWarning": true
3b SAST (CodeQL)	Initialize CodeQL	2026-10-07T14:19:19.8577946Z   }
3b SAST (CodeQL)	Initialize CodeQL	2026-10-07T14:19:19.8578197Z }
3b SAST (CodeQL)	Initialize CodeQL	2026-10-07T14:19:19.8579297Z ##[endgroup]
3b SAST (CodeQL)	Initialize CodeQL	2026-10-07T14:19:19.8579791Z ##[group]Validating workflow
3b SAST (CodeQL)	Initialize CodeQL	2026-10-07T14:19:20.3091836Z Detected no issues with the code scanning workflow.
3b SAST (CodeQL)	Initialize CodeQL	2026-10-07T14:19:20.3093070Z ##[endgroup]
3b SAST (CodeQL)	Initialize CodeQL	2026-10-07T14:19:20.3095000Z ##[group]Load language configuration
3b SAST (CodeQL)	Initialize CodeQL	2026-10-07T14:19:20.3112070Z [command]/opt/hostedtoolcache/CodeQL/2.27.1/x64/codeql/codeql resolve languages --format=betterjson --extractor-options-verbosity=4 --extractor-include-aliases --filter-to-languages-with-queries
3b SAST (CodeQL)	Initialize CodeQL	2026-10-07T14:19:22.2765380Z {
3b SAST (CodeQL)	Initialize CodeQL	2026-10-07T14:19:22.2766173Z   "aliases" : {
3b SAST (CodeQL)	Initialize CodeQL	2026-10-07T14:19:22.2766693Z     "c" : "cpp",
3b SAST (CodeQL)	Initialize CodeQL	2026-10-07T14:19:22.2767265Z     "c++" : "cpp",
3b SAST (CodeQL)	Initialize CodeQL	2026-10-07T14:19:22.2767844Z     "c-c++" : "cpp",
3b SAST (CodeQL)	Initialize CodeQL	2026-10-07T14:19:22.2768322Z     "c-cpp" : "cpp",
3b SAST (CodeQL)	Initialize CodeQL	2026-10-07T14:19:22.2768854Z     "c#" : "csharp",
3b SAST (CodeQL)	Initialize CodeQL	2026-10-07T14:19:22.2769343Z     "java-kotlin" : "java",
3b SAST (CodeQL)	Initialize CodeQL	2026-10-07T14:19:22.2769957Z     "kotlin" : "java",
3b SAST (CodeQL)	Initialize CodeQL	2026-10-07T14:19:22.2770525Z     "javascript-typescript" : "javascript",
3b SAST (CodeQL)	Initialize CodeQL	2026-10-07T14:19:22.2771123Z     "typescript" : "javascript"
3b SAST (CodeQL)	Initialize CodeQL	2026-10-07T14:19:22.2771858Z   },
3b SAST (CodeQL)	Initialize CodeQL	2026-10-07T14:19:22.2772389Z   "extractors" : {
3b SAST (CodeQL)	Initialize CodeQL	2026-10-07T14:19:22.2772915Z     "rust" : [
3b SAST (CodeQL)	Initialize CodeQL	2026-10-07T14:19:22.2773416Z       {
3b SAST (CodeQL)	Initialize CodeQL	2026-10-07T14:19:22.2774039Z         "extractor_root" : "/opt/hostedtoolcache/CodeQL/2.27.1/x64/codeql/rust",
3b SAST (CodeQL)	Initialize CodeQL	2026-10-07T14:19:22.2774884Z         "extractor_options" : {
3b SAST (CodeQL)	Initialize CodeQL	2026-10-07T14:19:22.2775419Z           "trap" : {
3b SAST (CodeQL)	Initialize CodeQL	2026-10-07T14:19:22.2775984Z             "title" : "Options pertaining to TRAP.",
3b SAST (CodeQL)	Initialize CodeQL	2026-10-07T14:19:22.2784545Z             "description" : "Options pertaining to TRAP.",
3b SAST (CodeQL)	Initialize CodeQL	2026-10-07T14:19:22.2785393Z             "type" : "object",
3b SAST (CodeQL)	Initialize CodeQL	2026-10-07T14:19:22.2792145Z             "properties" : {
3b SAST (CodeQL)	Initialize CodeQL	2026-10-07T14:19:22.2792828Z               "compression" : {
3b SAST (CodeQL)	Initialize CodeQL	2026-10-07T14:19:22.2793821Z                 "title" : "Controls compression for the TRAP files written by the extractor.",
3b SAST (CodeQL)	Initialize CodeQL	2026-10-07T14:19:22.2796611Z                 "description" : "This option is only intended for use in debugging the extractor. Accepted values are 'gzip' (to write gzip-compressed TRAP) 'zstd' (the default, to write Zstandard-compressed TRAP) and 'none' (to write uncompressed TRAP).\n",
3b SAST (CodeQL)	Initialize CodeQL	2026-10-07T14:19:22.2798039Z                 "type" : "string",
3b SAST (CodeQL)	Initialize CodeQL	2026-10-07T14:19:22.2798730Z                 "pattern" : "^(none|gzip|zstd)$"
3b SAST (CodeQL)	Initialize CodeQL	2026-10-07T14:19:22.2799421Z               }
3b SAST (CodeQL)	Initialize CodeQL	2026-10-07T14:19:22.2819311Z             }
3b SAST (CodeQL)	Initialize CodeQL	2026-10-07T14:19:22.2819961Z           },
3b SAST (CodeQL)	Initialize CodeQL	2026-10-07T14:19:22.2820470Z           "cargo_target_dir" : {
3b SAST (CodeQL)	Initialize CodeQL	2026-10-07T14:19:22.2821185Z             "title" : "Directory to use for cargo output files.",
3b SAST (CodeQL)	Initialize CodeQL	2026-10-07T14:19:22.2823807Z             "description" : "This value is an optional path to use as `CARGO_TARGET_DIR` for the internal cargo commands the extractor uses. Pointing it to a persistent directory may reduce execution time of consecutive extractor runs. By default, a new scratch directory is used for each extraction, while qltests use the test's `target` directory so artifacts can be reused across runs.\n",
3b SAST (CodeQL)	Initialize CodeQL	2026-10-07T14:19:22.2825796Z             "type" : "string"
3b SAST (CodeQL)	Initialize CodeQL	2026-10-07T14:19:22.2837705Z           },
3b SAST (CodeQL)	Initialize CodeQL	2026-10-07T14:19:22.2838678Z           "cargo_target" : {
3b SAST (CodeQL)	Initialize CodeQL	2026-10-07T14:19:22.2839409Z             "title" : "Target architecture",
3b SAST (CodeQL)	Initialize CodeQL	2026-10-07T14:19:22.2840407Z             "description" : "Target architecture to use for analysis, analogous to `cargo --target`. By default the host architecture is used.\n",
3b SAST (CodeQL)	Initialize CodeQL	2026-10-07T14:19:22.2841915Z             "type" : "string"
3b SAST (CodeQL)	Initialize CodeQL	2026-10-07T14:19:22.2842330Z           },
3b SAST (CodeQL)	Initialize CodeQL	2026-10-07T14:19:22.2842897Z           "cargo_features" : {
3b SAST (CodeQL)	Initialize CodeQL	2026-10-07T14:19:22.2843365Z             "title" : "Cargo features to turn on",
3b SAST (CodeQL)	Initialize CodeQL	2026-10-07T14:19:22.2844619Z             "description" : "Comma-separated list of features to turn on. By default all features are enabled. If any features are specified, then only those features are enabled. The `default` feature must be explicitly specified if only default features are desired. Can be repeated.\n",
3b SAST (CodeQL)	Initialize CodeQL	2026-10-07T14:19:22.2845584Z             "type" : "array"
3b SAST (CodeQL)	Initialize CodeQL	2026-10-07T14:19:22.2845862Z           },
3b SAST (CodeQL)	Initialize CodeQL	2026-10-07T14:19:22.2846180Z           "cargo_cfg_overrides" : {
3b SAST (CodeQL)	Initialize CodeQL	2026-10-07T14:19:22.2846634Z             "title" : "Cargo cfg overrides",
3b SAST (CodeQL)	Initialize CodeQL	2026-10-07T14:19:22.2847354Z             "description" : "Comma-separated list of cfg settings to enable, or disable if prefixed with `-`. Can be repeated.\n",
3b SAST (CodeQL)	Initialize CodeQL	2026-10-07T14:19:22.2847910Z             "type" : "array"
3b SAST (CodeQL)	Initialize CodeQL	2026-10-07T14:19:22.2848180Z           },
3b SAST (CodeQL)	Initialize CodeQL	2026-10-07T14:19:22.2848412Z           "logging" : {
3b SAST (CodeQL)	Initialize CodeQL	2026-10-07T14:19:22.2848772Z             "title" : "Options pertaining to logging.",
3b SAST (CodeQL)	Initialize CodeQL	2026-10-07T14:19:22.2849150Z             "description" : "Options pertaining to logging.",
3b SAST (CodeQL)	Initialize CodeQL	2026-10-07T14:19:22.2849513Z             "type" : "object",
3b SAST (CodeQL)	Initialize CodeQL	2026-10-07T14:19:22.2849840Z             "properties" : {
3b SAST (CodeQL)	Initialize CodeQL	2026-10-07T14:19:22.2850106Z               "verbosity" : {
3b SAST (CodeQL)	Initialize CodeQL	2026-10-07T14:19:22.2850482Z                 "title" : "Extractor logging verbosity level.",
3b SAST (CodeQL)	Initialize CodeQL	2026-10-07T14:19:22.2851365Z                 "description" : "Controls the level of verbosity of the extractor. The supported levels are (in order of increasing verbosity):\n  - off\n  - errors\n  - warnings\n  - info or progress\n  - debug or progress+\n  - trace or progress++\n  - progress+++\n",
3b SAST (CodeQL)	Initialize CodeQL	2026-10-07T14:19:22.2852605Z                 "type" : "string",
3b SAST (CodeQL)	Initialize CodeQL	2026-10-07T14:19:22.2853273Z                 "pattern" : "^(off|errors|warnings|(info|progress)|(debug|progress\\+)|(trace|progress\\+\\+)|progress\\+\\+\\+)$"
3b SAST (CodeQL)	Initialize CodeQL	2026-10-07T14:19:22.2853937Z               },
3b SAST (CodeQL)	Initialize CodeQL	2026-10-07T14:19:22.2854389Z               "flamegraph" : {
3b SAST (CodeQL)	Initialize CodeQL	2026-10-07T14:19:22.2854847Z                 "title" : "[Experimental] File path for write flame graph log",
3b SAST (CodeQL)	Initialize CodeQL	2026-10-07T14:19:22.2856099Z                 "description" : "Collect flame graph data using the `tracing-flame` crate. To render a flame graph or chart, run the `inferno-flamegraph` command. See also: https://crates.io/crates/tracing-flame\n",
3b SAST (CodeQL)	Initialize CodeQL	2026-10-07T14:19:22.2857135Z                 "type" : "string"
3b SAST (CodeQL)	Initialize CodeQL	2026-10-07T14:19:22.2857516Z               }
3b SAST (CodeQL)	Initialize CodeQL	2026-10-07T14:19:22.2858054Z             }
3b SAST (CodeQL)	Initialize CodeQL	2026-10-07T14:19:22.2858377Z           },
3b SAST (CodeQL)	Initialize CodeQL	2026-10-07T14:19:22.2858782Z           "extract_dependencies_as_source" : {
3b SAST (CodeQL)	Initialize CodeQL	2026-10-07T14:19:22.2859254Z             "title" : "Extract dependencies as source code",
3b SAST (CodeQL)	Initialize CodeQL	2026-10-07T14:19:22.2859920Z             "description" : "Extract the full source code of dependencies instead of only extracting signatures.\n",
3b SAST (CodeQL)	Initialize CodeQL	2026-10-07T14:19:22.2860633Z             "type" : "string",
3b SAST (CodeQL)	Initialize CodeQL	2026-10-07T14:19:22.2861061Z             "pattern" : "^(false|true)$"
3b SAST (CodeQL)	Initialize CodeQL	2026-10-07T14:19:22.2861515Z           }
3b SAST (CodeQL)	Initialize CodeQL	2026-10-07T14:19:22.2861943Z         }
3b SAST (CodeQL)	Initialize CodeQL	2026-10-07T14:19:22.2862263Z       }
3b SAST (CodeQL)	Initialize CodeQL	2026-10-07T14:19:22.2862638Z     ],
3b SAST (CodeQL)	Initialize CodeQL	2026-10-07T14:19:22.2862952Z     "csharp" : [
3b SAST (CodeQL)	Initialize CodeQL	2026-10-07T14:19:22.2863291Z       {
3b SAST (CodeQL)	Initialize CodeQL	2026-10-07T14:19:22.2863764Z         "extractor_root" : "/opt/hostedtoolcache/CodeQL/2.27.1/x64/codeql/csharp",
3b SAST (CodeQL)	Initialize CodeQL	2026-10-07T14:19:22.2864443Z         "extractor_options" : {
3b SAST (CodeQL)	Initialize CodeQL	2026-10-07T14:19:22.2864908Z           "trap" : {
3b SAST (CodeQL)	Initialize CodeQL	2026-10-07T14:19:22.2865348Z             "title" : "Options pertaining to TRAP.",
3b SAST (CodeQL)	Initialize CodeQL	2026-10-07T14:19:22.2865816Z             "description" : "Options pertaining to TRAP.",
3b SAST (CodeQL)	Initialize CodeQL	2026-10-07T14:19:22.2866559Z             "type" : "object",
3b SAST (CodeQL)	Initialize CodeQL	2026-10-07T14:19:22.2866980Z             "properties" : {
3b SAST (CodeQL)	Initialize CodeQL	2026-10-07T14:19:22.2867404Z               "compression" : {
3b SAST (CodeQL)	Initialize CodeQL	2026-10-07T14:19:22.2867934Z                 "title" : "Controls compression for the TRAP files written by the extractor.",
3b SAST (CodeQL)	Initialize CodeQL	2026-10-07T14:19:22.2869318Z                 "description" : "This option is only intended for use in debugging the extractor. Accepted values are 'brotli' (the default, to write brotli-compressed TRAP), 'gzip', and 'none' (to write uncompressed TRAP).\n",
3b SAST (CodeQL)	Initialize CodeQL	2026-10-07T14:19:22.2870511Z                 "type" : "string",
3b SAST (CodeQL)	Initialize CodeQL	2026-10-07T14:19:22.2870998Z                 "pattern" : "^(none|gzip|brotli)$"
3b SAST (CodeQL)	Initialize CodeQL	2026-10-07T14:19:22.2872089Z               }
3b SAST (CodeQL)	Initialize CodeQL	2026-10-07T14:19:22.2872486Z             }
3b SAST (CodeQL)	Initialize CodeQL	2026-10-07T14:19:22.2872785Z           },
3b SAST (CodeQL)	Initialize CodeQL	2026-10-07T14:19:22.2873178Z           "buildless" : {
3b SAST (CodeQL)	Initialize CodeQL	2026-10-07T14:19:22.2873745Z             "title" : "DEPRECATED - Whether to use buildless (standalone) extraction.",
3b SAST (CodeQL)	Initialize CodeQL	2026-10-07T14:19:22.2876137Z             "description" : "DEPRECATED: Use `--build-mode none` instead.\nA value indicating, which type of extraction the autobuilder should perform. If 'true', then the standalone extractor will be used, otherwise tracing extraction will be performed. The default is 'false'. Note that buildless extraction will generally yield less accurate analysis results, and should only be used in cases where it is not possible to build the code (for example if it uses inaccessible dependencies).\n",
3b SAST (CodeQL)	Initialize CodeQL	2026-10-07T14:19:22.2878341Z             "type" : "string",
3b SAST (CodeQL)	Initialize CodeQL	2026-10-07T14:19:22.2878714Z             "pattern" : "^(false|true)$"
3b SAST (CodeQL)	Initialize CodeQL	2026-10-07T14:19:22.2879197Z           },
3b SAST (CodeQL)	Initialize CodeQL	2026-10-07T14:19:22.2879507Z           "logging" : {
3b SAST (CodeQL)	Initialize CodeQL	2026-10-07T14:19:22.2879909Z             "title" : "Options pertaining to logging.",
3b SAST (CodeQL)	Initialize CodeQL	2026-10-07T14:19:22.2880378Z             "description" : "Options pertaining to logging.",
3b SAST (CodeQL)	Initialize CodeQL	2026-10-07T14:19:22.2880803Z             "type" : "object",
3b SAST (CodeQL)	Initialize CodeQL	2026-10-07T14:19:22.2881196Z             "properties" : {
3b SAST (CodeQL)	Initialize CodeQL	2026-10-07T14:19:22.2881698Z               "verbosity" : {
3b SAST (CodeQL)	Initialize CodeQL	2026-10-07T14:19:22.2882182Z                 "title" : "Extractor logging verbosity level.",
3b SAST (CodeQL)	Initialize CodeQL	2026-10-07T14:19:22.2883490Z                 "description" : "Controls the level of verbosity of the extractor. The supported levels are (in order of increasing verbosity):\n  - off\n  - errors\n  - warnings\n  - info or progress\n  - debug or progress+\n  - trace or progress++\n  - progress+++\n",
3b SAST (CodeQL)	Initialize CodeQL	2026-10-07T14:19:22.2884709Z                 "type" : "string",
3b SAST (CodeQL)	Initialize CodeQL	2026-10-07T14:19:22.2885452Z                 "pattern" : "^(off|errors|warnings|(info|progress)|(debug|progress\\+)|(trace|progress\\+\\+)|progress\\+\\+\\+)$"
3b SAST (CodeQL)	Initialize CodeQL	2026-10-07T14:19:22.2886156Z               }
3b SAST (CodeQL)	Initialize CodeQL	2026-10-07T14:19:22.2886459Z             }
3b SAST (CodeQL)	Initialize CodeQL	2026-10-07T14:19:22.2886827Z           },
3b SAST (CodeQL)	Initialize CodeQL	2026-10-07T14:19:22.2887163Z           "binlog" : {
3b SAST (CodeQL)	Initialize CodeQL	2026-10-07T14:19:22.2887576Z             "title" : "Binlog",
3b SAST (CodeQL)	Initialize CodeQL	2026-10-07T14:19:22.2888515Z             "description" : "[EXPERIMENTAL] The value is a path to the MsBuild binary log file that should be extracted. This option only works when `--build-mode none` is also specified.\n",
3b SAST (CodeQL)	Initialize CodeQL	2026-10-07T14:19:22.2889389Z             "type" : "array"
3b SAST (CodeQL)	Initialize CodeQL	2026-10-07T14:19:22.2889851Z           },
3b SAST (CodeQL)	Initialize CodeQL	2026-10-07T14:19:22.2890203Z           "buildless_dependency_dir" : {
3b SAST (CodeQL)	Initialize CodeQL	2026-10-07T14:19:22.2890760Z             "title" : "The path where buildless (standalone) extraction should keep dependencies.",
3b SAST (CodeQL)	Initialize CodeQL	2026-10-07T14:19:22.2891506Z             "description" : "If set, the buildless (standalone) extractor will store dependencies in this directory.\n",
3b SAST (CodeQL)	Initialize CodeQL	2026-10-07T14:19:22.2892176Z             "type" : "string"
3b SAST (CodeQL)	Initialize CodeQL	2026-10-07T14:19:22.2892491Z           }
3b SAST (CodeQL)	Initialize CodeQL	2026-10-07T14:19:22.2892732Z         }
3b SAST (CodeQL)	Initialize CodeQL	2026-10-07T14:19:22.2893072Z       }
3b SAST (CodeQL)	Initialize CodeQL	2026-10-07T14:19:22.2893346Z     ],
3b SAST (CodeQL)	Initialize CodeQL	2026-10-07T14:19:22.2893589Z     "python" : [
3b SAST (CodeQL)	Initialize CodeQL	2026-10-07T14:19:22.2893859Z       {
3b SAST (CodeQL)	Initialize CodeQL	2026-10-07T14:19:22.2894199Z         "extractor_root" : "/opt/hostedtoolcache/CodeQL/2.27.1/x64/codeql/python",
3b SAST (CodeQL)	Initialize CodeQL	2026-10-07T14:19:22.2894582Z         "extractor_options" : {
3b SAST (CodeQL)	Initialize CodeQL	2026-10-07T14:19:22.2895113Z           "logging" : {
3b SAST (CodeQL)	Initialize CodeQL	2026-10-07T14:19:22.2895447Z             "title" : "Options pertaining to logging.",
3b SAST (CodeQL)	Initialize CodeQL	2026-10-07T14:19:22.2895982Z             "description" : "Options pertaining to logging.",
3b SAST (CodeQL)	Initialize CodeQL	2026-10-07T14:19:22.2896508Z             "type" : "object",
3b SAST (CodeQL)	Initialize CodeQL	2026-10-07T14:19:22.2896881Z             "properties" : {
3b SAST (CodeQL)	Initialize CodeQL	2026-10-07T14:19:22.2897250Z               "verbosity" : {
3b SAST (CodeQL)	Initialize CodeQL	2026-10-07T14:19:22.2897574Z                 "title" : "Python extractor logging verbosity level.",
3b SAST (CodeQL)	Initialize CodeQL	2026-10-07T14:19:22.2898483Z                 "description" : "Controls the level of verbosity of the CodeQL Python extractor.\nThe supported levels are (in order of increasing verbosity):\n\n  - off\n  - errors\n  - warnings\n  - info or progress\n  - debug or progress+\n  - trace or progress++\n  - progress+++\n",
3b SAST (CodeQL)	Initialize CodeQL	2026-10-07T14:19:22.2899484Z                 "type" : "string",
3b SAST (CodeQL)	Initialize CodeQL	2026-10-07T14:19:22.2899947Z                 "pattern" : "^(off|errors|warnings|(info|progress)|(debug|progress\\+)|(trace|progress\\+\\+)|progress\\+\\+\\+)$"
3b SAST (CodeQL)	Initialize CodeQL	2026-10-07T14:19:22.2900466Z               }
3b SAST (CodeQL)	Initialize CodeQL	2026-10-07T14:19:22.2900711Z             }
3b SAST (CodeQL)	Initialize CodeQL	2026-10-07T14:19:22.2900958Z           },
3b SAST (CodeQL)	Initialize CodeQL	2026-10-07T14:19:22.2901221Z           "python_executable_name" : {
3b SAST (CodeQL)	Initialize CodeQL	2026-10-07T14:19:22.2901792Z             "title" : "Controls the name of the Python executable used by the Python extractor.",
3b SAST (CodeQL)	Initialize CodeQL	2026-10-07T14:19:22.2903025Z             "description" : "The Python extractor uses platform-dependent heuristics to determine the name of the Python executable to use. Specifying a value for this option overrides the name of the Python executable used by the extractor. Accepted values are py, python and python3. Use this setting with caution, the Python extractor requires Python 3 to run.\n",
3b SAST (CodeQL)	Initialize CodeQL	2026-10-07T14:19:22.2904134Z             "type" : "string",
3b SAST (CodeQL)	Initialize CodeQL	2026-10-07T14:19:22.2904453Z             "pattern" : "^(py|python|python3)$"
3b SAST (CodeQL)	Initialize CodeQL	2026-10-07T14:19:22.2904832Z           }
3b SAST (CodeQL)	Initialize CodeQL	2026-10-07T14:19:22.2905145Z         }
3b SAST (CodeQL)	Initialize CodeQL	2026-10-07T14:19:22.2905531Z       }
3b SAST (CodeQL)	Initialize CodeQL	2026-10-07T14:19:22.2905845Z     ],
3b SAST (CodeQL)	Initialize CodeQL	2026-10-07T14:19:22.2906104Z     "cpp" : [
3b SAST (CodeQL)	Initialize CodeQL	2026-10-07T14:19:22.2906393Z       {
3b SAST (CodeQL)	Initialize CodeQL	2026-10-07T14:19:22.2906737Z         "extractor_root" : "/opt/hostedtoolcache/CodeQL/2.27.1/x64/codeql/cpp",
3b SAST (CodeQL)	Initialize CodeQL	2026-10-07T14:19:22.2907194Z         "extractor_options" : {
3b SAST (CodeQL)	Initialize CodeQL	2026-10-07T14:19:22.2907477Z           "trap" : {
3b SAST (CodeQL)	Initialize CodeQL	2026-10-07T14:19:22.2907732Z             "title" : "TRAP options",
3b SAST (CodeQL)	Initialize CodeQL	2026-10-07T14:19:22.2908177Z             "description" : "Options about how the extractor handles TRAP files",
3b SAST (CodeQL)	Initialize CodeQL	2026-10-07T14:19:22.2908631Z             "type" : "object",
3b SAST (CodeQL)	Initialize CodeQL	2026-10-07T14:19:22.2908985Z             "visibility" : 3,
3b SAST (CodeQL)	Initialize CodeQL	2026-10-07T14:19:22.2909809Z             "properties" : {
3b SAST (CodeQL)	Initialize CodeQL	2026-10-07T14:19:22.2910174Z               "cache" : {
3b SAST (CodeQL)	Initialize CodeQL	2026-10-07T14:19:22.2910506Z                 "title" : "TRAP cache options",
3b SAST (CodeQL)	Initialize CodeQL	2026-10-07T14:19:22.2910963Z                 "description" : "Options about how the extractor handles its TRAP cache",
3b SAST (CodeQL)	Initialize CodeQL	2026-10-07T14:19:22.2911399Z                 "type" : "object",
3b SAST (CodeQL)	Initialize CodeQL	2026-10-07T14:19:22.2911833Z                 "properties" : {
3b SAST (CodeQL)	Initialize CodeQL	2026-10-07T14:19:22.2912126Z                   "dir" : {
3b SAST (CodeQL)	Initialize CodeQL	2026-10-07T14:19:22.2912477Z                     "title" : "TRAP cache directory",
3b SAST (CodeQL)	Initialize CodeQL	2026-10-07T14:19:22.2912855Z                     "description" : "The directory of the TRAP cache to use",
3b SAST (CodeQL)	Initialize CodeQL	2026-10-07T14:19:22.2913243Z                     "type" : "string"
3b SAST (CodeQL)	Initialize CodeQL	2026-10-07T14:19:22.2913655Z                   },
3b SAST (CodeQL)	Initialize CodeQL	2026-10-07T14:19:22.2914001Z                   "bound" : {
3b SAST (CodeQL)	Initialize CodeQL	2026-10-07T14:19:22.2914449Z                     "title" : "TRAP cache bound",
3b SAST (CodeQL)	Initialize CodeQL	2026-10-07T14:19:22.2914855Z                     "description" : "A soft limit (in MB) on the size of the TRAP cache",
3b SAST (CodeQL)	Initialize CodeQL	2026-10-07T14:19:22.2915288Z                     "type" : "string",
3b SAST (CodeQL)	Initialize CodeQL	2026-10-07T14:19:22.2915637Z                     "pattern" : "[0-9]+"
3b SAST (CodeQL)	Initialize CodeQL	2026-10-07T14:19:22.2915921Z                   },
3b SAST (CodeQL)	Initialize CodeQL	2026-10-07T14:19:22.2916199Z                   "write" : {
3b SAST (CodeQL)	Initialize CodeQL	2026-10-07T14:19:22.2916525Z                     "title" : "TRAP cache writeable",
3b SAST (CodeQL)	Initialize CodeQL	2026-10-07T14:19:22.2916945Z                     "description" : "Whether to write to the TRAP cache as well as reading it",
3b SAST (CodeQL)	Initialize CodeQL	2026-10-07T14:19:22.2917608Z                     "type" : "string",
3b SAST (CodeQL)	Initialize CodeQL	2026-10-07T14:19:22.2917924Z                     "pattern" : "(true|TRUE|false|FALSE)"
3b SAST (CodeQL)	Initialize CodeQL	2026-10-07T14:19:22.2918357Z                   }
3b SAST (CodeQL)	Initialize CodeQL	2026-10-07T14:19:22.2918725Z                 }
3b SAST (CodeQL)	Initialize CodeQL	2026-10-07T14:19:22.2919054Z               }
3b SAST (CodeQL)	Initialize CodeQL	2026-10-07T14:19:22.2919362Z             }
3b SAST (CodeQL)	Initialize CodeQL	2026-10-07T14:19:22.2919600Z           },
3b SAST (CodeQL)	Initialize CodeQL	2026-10-07T14:19:22.2919856Z           "scale_timeouts" : {
3b SAST (CodeQL)	Initialize CodeQL	2026-10-07T14:19:22.2920249Z             "title" : "Value to scale compiler introspection timeouts with",
3b SAST (CodeQL)	Initialize CodeQL	2026-10-07T14:19:22.2921823Z             "description" : "The extractor attempts to determine what compiler the source code being extracted is compiled with. To this end the extractor makes additional calls to the compiler, some of which are expected to return within a certain fixed time (either 10s or 15s). On some systems that are under high load this time might be too short, and can be scaled up using this option.\n",
3b SAST (CodeQL)	Initialize CodeQL	2026-10-07T14:19:22.2923140Z             "type" : "string",
3b SAST (CodeQL)	Initialize CodeQL	2026-10-07T14:19:22.2923437Z             "pattern" : "[0-9]+"
3b SAST (CodeQL)	Initialize CodeQL	2026-10-07T14:19:22.2923799Z           },
3b SAST (CodeQL)	Initialize CodeQL	2026-10-07T14:19:22.2924070Z           "log_verbosity" : {
3b SAST (CodeQL)	Initialize CodeQL	2026-10-07T14:19:22.2924384Z             "title" : "Verbosity of the extractor logging",
3b SAST (CodeQL)	Initialize CodeQL	2026-10-07T14:19:22.2925022Z             "description" : "Set the verbosity of the extractor logging to 'quiet' (0), 'normal' (1), 'chatty' (2), or 'noisy' (3). The default is 'normal'.\n",
3b SAST (CodeQL)	Initialize CodeQL	2026-10-07T14:19:22.2925634Z             "type" : "string",
3b SAST (CodeQL)	Initialize CodeQL	2026-10-07T14:19:22.2925906Z             "pattern" : "[0-3]"
3b SAST (CodeQL)	Initialize CodeQL	2026-10-07T14:19:22.2926234Z           },
3b SAST (CodeQL)	Initialize CodeQL	2026-10-07T14:19:22.2926486Z           "frontend_options" : {
3b SAST (CodeQL)	Initialize CodeQL	2026-10-07T14:19:22.2926932Z             "title" : "C/C++ extractor frontend options",
3b SAST (CodeQL)	Initialize CodeQL	2026-10-07T14:19:22.2927433Z             "description" : "Set additional options that should be passed to the C/C++ extractor frontend.\n",
3b SAST (CodeQL)	Initialize CodeQL	2026-10-07T14:19:22.2927888Z             "type" : "array",
3b SAST (CodeQL)	Initialize CodeQL	2026-10-07T14:19:22.2928217Z             "visibility" : 3
3b SAST (CodeQL)	Initialize CodeQL	2026-10-07T14:19:22.2928555Z           }
3b SAST (CodeQL)	Initialize CodeQL	2026-10-07T14:19:22.2928813Z         }
3b SAST (CodeQL)	Initialize CodeQL	2026-10-07T14:19:22.2929072Z       }
3b SAST (CodeQL)	Initialize CodeQL	2026-10-07T14:19:22.2929307Z     ],
3b SAST (CodeQL)	Initialize CodeQL	2026-10-07T14:19:22.2929570Z     "java" : [
3b SAST (CodeQL)	Initialize CodeQL	2026-10-07T14:19:22.2929814Z       {
3b SAST (CodeQL)	Initialize CodeQL	2026-10-07T14:19:22.2930199Z         "extractor_root" : "/opt/hostedtoolcache/CodeQL/2.27.1/x64/codeql/java",
3b SAST (CodeQL)	Initialize CodeQL	2026-10-07T14:19:22.2930620Z         "extractor_options" : {
3b SAST (CodeQL)	Initialize CodeQL	2026-10-07T14:19:22.2930888Z           "exclude" : {
3b SAST (CodeQL)	Initialize CodeQL	2026-10-07T14:19:22.2931221Z             "title" : "A glob excluding files from analysis.",
3b SAST (CodeQL)	Initialize CodeQL	2026-10-07T14:19:22.2932007Z             "description" : "A glob indicating what files to exclude from the analysis. This accepts glob patterns that are supported by Java's 'getPathMatcher' implementation.\n",
3b SAST (CodeQL)	Initialize CodeQL	2026-10-07T14:19:22.2932622Z             "type" : "string"
3b SAST (CodeQL)	Initialize CodeQL	2026-10-07T14:19:22.2932961Z           },
3b SAST (CodeQL)	Initialize CodeQL	2026-10-07T14:19:22.2933212Z           "add_prefer_source" : {
3b SAST (CodeQL)	Initialize CodeQL	2026-10-07T14:19:22.2933643Z             "title" : "Whether to always prefer source files over class files.",
3b SAST (CodeQL)	Initialize CodeQL	2026-10-07T14:19:22.2934610Z             "description" : "A value indicating whether source files should be preferred over class files. If set to 'true', the extraction adds '-Xprefer:source' to the javac command line. If set to 'false', the extraction uses the default javac behavior ('-Xprefer:newer'). The default is 'true'.\n",
3b SAST (CodeQL)	Initialize CodeQL	2026-10-07T14:19:22.2935510Z             "type" : "string",
3b SAST (CodeQL)	Initialize CodeQL	2026-10-07T14:19:22.2935865Z             "pattern" : "^(false|true)$"
3b SAST (CodeQL)	Initialize CodeQL	2026-10-07T14:19:22.2936153Z           },
3b SAST (CodeQL)	Initialize CodeQL	2026-10-07T14:19:22.2936411Z           "buildless" : {
3b SAST (CodeQL)	Initialize CodeQL	2026-10-07T14:19:22.2936791Z             "title" : "Whether to use buildless (standalone) extraction (experimental).",
3b SAST (CodeQL)	Initialize CodeQL	2026-10-07T14:19:22.2938154Z             "description" : "A value indicating, which type of extraction the autobuilder should perform. If 'true', then the standalone extractor will be used, otherwise tracing extraction will be performed. The default is 'false'. Note that buildless extraction will generally yield less accurate analysis results, and should only be used in cases where it is not possible to build the code (for example if it uses inaccessible dependencies).\n",
3b SAST (CodeQL)	Initialize CodeQL	2026-10-07T14:19:22.2939949Z             "type" : "string",
3b SAST (CodeQL)	Initialize CodeQL	2026-10-07T14:19:22.2940255Z             "pattern" : "^(false|true)$"
3b SAST (CodeQL)	Initialize CodeQL	2026-10-07T14:19:22.2940576Z           },
3b SAST (CodeQL)	Initialize CodeQL	2026-10-07T14:19:22.2940850Z           "buildless_dependency_dir" : {
3b SAST (CodeQL)	Initialize CodeQL	2026-10-07T14:19:22.2941280Z             "title" : "The path where buildless (standalone) extraction should keep dependencies.",
3b SAST (CodeQL)	Initialize CodeQL	2026-10-07T14:19:22.2942511Z             "description" : "If set, the buildless (standalone) extractor will store dependencies in this directory.\n",
3b SAST (CodeQL)	Initialize CodeQL	2026-10-07T14:19:22.2943035Z             "type" : "string"
3b SAST (CodeQL)	Initialize CodeQL	2026-10-07T14:19:22.2943318Z           },
3b SAST (CodeQL)	Initialize CodeQL	2026-10-07T14:19:22.2943590Z           "minimize_dependency_jars" : {
3b SAST (CodeQL)	Initialize CodeQL	2026-10-07T14:19:22.2944049Z             "title" : "Whether to rewrite and minimize downloaded JAR dependencies (experimental).",
3b SAST (CodeQL)	Initialize CodeQL	2026-10-07T14:19:22.2944829Z             "description" : "If 'true', JAR dependencies downloaded during extraction will be rewritten to remove unneeded data, such as method bodies. The default is 'false'.\n",
3b SAST (CodeQL)	Initialize CodeQL	2026-10-07T14:19:22.2945440Z             "type" : "string",
3b SAST (CodeQL)	Initialize CodeQL	2026-10-07T14:19:22.2945712Z             "pattern" : "^(false|true)$"
3b SAST (CodeQL)	Initialize CodeQL	2026-10-07T14:19:22.2946072Z           }
3b SAST (CodeQL)	Initialize CodeQL	2026-10-07T14:19:22.2946329Z         }
3b SAST (CodeQL)	Initialize CodeQL	2026-10-07T14:19:22.2946580Z       }
3b SAST (CodeQL)	Initialize CodeQL	2026-10-07T14:19:22.2946805Z     ],
3b SAST (CodeQL)	Initialize CodeQL	2026-10-07T14:19:22.2947021Z     "go" : [
3b SAST (CodeQL)	Initialize CodeQL	2026-10-07T14:19:22.2947295Z       {
3b SAST (CodeQL)	Initialize CodeQL	2026-10-07T14:19:22.2947636Z         "extractor_root" : "/opt/hostedtoolcache/CodeQL/2.27.1/x64/codeql/go",
3b SAST (CodeQL)	Initialize CodeQL	2026-10-07T14:19:22.2948042Z         "extractor_options" : {
3b SAST (CodeQL)	Initialize CodeQL	2026-10-07T14:19:22.2948337Z           "extract_tests" : {
3b SAST (CodeQL)	Initialize CodeQL	2026-10-07T14:19:22.2948698Z             "title" : "Whether to include Go test files in the CodeQL database.",
3b SAST (CodeQL)	Initialize CodeQL	2026-10-07T14:19:22.2949340Z             "description" : "A value indicating whether Go test files should be included in the CodeQL database. The default is 'false'.\n",
3b SAST (CodeQL)	Initialize CodeQL	2026-10-07T14:19:22.2949879Z             "type" : "string",
3b SAST (CodeQL)	Initialize CodeQL	2026-10-07T14:19:22.2950176Z             "pattern" : "^(false|true)$"
3b SAST (CodeQL)	Initialize CodeQL	2026-10-07T14:19:22.2950472Z           },
3b SAST (CodeQL)	Initialize CodeQL	2026-10-07T14:19:22.2950718Z           "extract_vendor_dirs" : {
3b SAST (CodeQL)	Initialize CodeQL	2026-10-07T14:19:22.2951233Z             "title" : "Whether to include Go vendor directories in the CodeQL database.",
3b SAST (CodeQL)	Initialize CodeQL	2026-10-07T14:19:22.2952441Z             "description" : "A value indicating whether Go vendor directories should be included in the CodeQL database. The default is 'false'.\n",
3b SAST (CodeQL)	Initialize CodeQL	2026-10-07T14:19:22.2953047Z             "type" : "string",
3b SAST (CodeQL)	Initialize CodeQL	2026-10-07T14:19:22.2953348Z             "pattern" : "^(false|true)$"
3b SAST (CodeQL)	Initialize CodeQL	2026-10-07T14:19:22.2953645Z           }
3b SAST (CodeQL)	Initialize CodeQL	2026-10-07T14:19:22.2953908Z         }
3b SAST (CodeQL)	Initialize CodeQL	2026-10-07T14:19:22.2954162Z       }
3b SAST (CodeQL)	Initialize CodeQL	2026-10-07T14:19:22.2954372Z     ],
3b SAST (CodeQL)	Initialize CodeQL	2026-10-07T14:19:22.2954643Z     "actions" : [
3b SAST (CodeQL)	Initialize CodeQL	2026-10-07T14:19:22.2954890Z       {
3b SAST (CodeQL)	Initialize CodeQL	2026-10-07T14:19:22.2955230Z         "extractor_root" : "/opt/hostedtoolcache/CodeQL/2.27.1/x64/codeql/actions",
3b SAST (CodeQL)	Initialize CodeQL	2026-10-07T14:19:22.2955667Z         "extractor_options" : {
3b SAST (CodeQL)	Initialize CodeQL	2026-10-07T14:19:22.2955945Z           "trap" : {
3b SAST (CodeQL)	Initialize CodeQL	2026-10-07T14:19:22.2956267Z             "title" : "TRAP options",
3b SAST (CodeQL)	Initialize CodeQL	2026-10-07T14:19:22.2956649Z             "description" : "Options about how the extractor handles TRAP files",
3b SAST (CodeQL)	Initialize CodeQL	2026-10-07T14:19:22.2957041Z             "type" : "object",
3b SAST (CodeQL)	Initialize CodeQL	2026-10-07T14:19:22.2957353Z             "visibility" : 3,
3b SAST (CodeQL)	Initialize CodeQL	2026-10-07T14:19:22.2957639Z             "properties" : {
3b SAST (CodeQL)	Initialize CodeQL	2026-10-07T14:19:22.2957990Z               "cache" : {
3b SAST (CodeQL)	Initialize CodeQL	2026-10-07T14:19:22.2958375Z                 "title" : "TRAP cache options",
3b SAST (CodeQL)	Initialize CodeQL	2026-10-07T14:19:22.2958938Z                 "description" : "Options about how the extractor handles its TRAP cache",
3b SAST (CodeQL)	Initialize CodeQL	2026-10-07T14:19:22.2959651Z                 "type" : "object",
3b SAST (CodeQL)	Initialize CodeQL	2026-10-07T14:19:22.2960056Z                 "properties" : {
3b SAST (CodeQL)	Initialize CodeQL	2026-10-07T14:19:22.2960411Z                   "dir" : {
3b SAST (CodeQL)	Initialize CodeQL	2026-10-07T14:19:22.2960708Z                     "title" : "TRAP cache directory",
3b SAST (CodeQL)	Initialize CodeQL	2026-10-07T14:19:22.2961343Z                     "description" : "The directory of the TRAP cache to use",
3b SAST (CodeQL)	Initialize CodeQL	2026-10-07T14:19:22.2961976Z                     "type" : "string"
3b SAST (CodeQL)	Initialize CodeQL	2026-10-07T14:19:22.2962341Z                   },
3b SAST (CodeQL)	Initialize CodeQL	2026-10-07T14:19:22.2962646Z                   "bound" : {
3b SAST (CodeQL)	Initialize CodeQL	2026-10-07T14:19:22.2963013Z                     "title" : "TRAP cache bound",
3b SAST (CodeQL)	Initialize CodeQL	2026-10-07T14:19:22.2963408Z                     "description" : "A soft limit (in MB) on the size of the TRAP cache",
3b SAST (CodeQL)	Initialize CodeQL	2026-10-07T14:19:22.2964042Z                     "type" : "string",
3b SAST (CodeQL)	Initialize CodeQL	2026-10-07T14:19:22.2964468Z                     "pattern" : "[0-9]+"
3b SAST (CodeQL)	Initialize CodeQL	2026-10-07T14:19:22.2964917Z                   },
3b SAST (CodeQL)	Initialize CodeQL	2026-10-07T14:19:22.2965237Z                   "write" : {
3b SAST (CodeQL)	Initialize CodeQL	2026-10-07T14:19:22.2965578Z                     "title" : "TRAP cache writeable",
3b SAST (CodeQL)	Initialize CodeQL	2026-10-07T14:19:22.2966129Z                     "description" : "Whether to write to the TRAP cache as well as reading it",
3b SAST (CodeQL)	Initialize CodeQL	2026-10-07T14:19:22.2966574Z                     "type" : "string",
3b SAST (CodeQL)	Initialize CodeQL	2026-10-07T14:19:22.2966921Z                     "pattern" : "(true|TRUE|false|FALSE)"
3b SAST (CodeQL)	Initialize CodeQL	2026-10-07T14:19:22.2967269Z                   }
3b SAST (CodeQL)	Initialize CodeQL	2026-10-07T14:19:22.2967503Z                 }
3b SAST (CodeQL)	Initialize CodeQL	2026-10-07T14:19:22.2967818Z               }
3b SAST (CodeQL)	Initialize CodeQL	2026-10-07T14:19:22.2968064Z             }
3b SAST (CodeQL)	Initialize CodeQL	2026-10-07T14:19:22.2968319Z           }
3b SAST (CodeQL)	Initialize CodeQL	2026-10-07T14:19:22.2968644Z         }
3b SAST (CodeQL)	Initialize CodeQL	2026-10-07T14:19:22.2968938Z       }
3b SAST (CodeQL)	Initialize CodeQL	2026-10-07T14:19:22.2969228Z     ],
3b SAST (CodeQL)	Initialize CodeQL	2026-10-07T14:19:22.2969459Z     "javascript" : [
3b SAST (CodeQL)	Initialize CodeQL	2026-10-07T14:19:22.2969698Z       {
3b SAST (CodeQL)	Initialize CodeQL	2026-10-07T14:19:22.2970081Z         "extractor_root" : "/opt/hostedtoolcache/CodeQL/2.27.1/x64/codeql/javascript",
3b SAST (CodeQL)	Initialize CodeQL	2026-10-07T14:19:22.2970550Z         "extractor_options" : {
3b SAST (CodeQL)	Initialize CodeQL	2026-10-07T14:19:22.2970865Z           "trap" : {
3b SAST (CodeQL)	Initialize CodeQL	2026-10-07T14:19:22.2971136Z             "title" : "TRAP options",
3b SAST (CodeQL)	Initialize CodeQL	2026-10-07T14:19:22.2971524Z             "description" : "Options about how the extractor handles TRAP files",
3b SAST (CodeQL)	Initialize CodeQL	2026-10-07T14:19:22.2972084Z             "type" : "object",
3b SAST (CodeQL)	Initialize CodeQL	2026-10-07T14:19:22.2972437Z             "visibility" : 3,
3b SAST (CodeQL)	Initialize CodeQL	2026-10-07T14:19:22.2972823Z             "properties" : {
3b SAST (CodeQL)	Initialize CodeQL	2026-10-07T14:19:22.2973114Z               "cache" : {
3b SAST (CodeQL)	Initialize CodeQL	2026-10-07T14:19:22.2973404Z                 "title" : "TRAP cache options",
3b SAST (CodeQL)	Initialize CodeQL	2026-10-07T14:19:22.2973867Z                 "description" : "Options about how the extractor handles its TRAP cache",
3b SAST (CodeQL)	Initialize CodeQL	2026-10-07T14:19:22.2974291Z                 "type" : "object",
3b SAST (CodeQL)	Initialize CodeQL	2026-10-07T14:19:22.2974598Z                 "properties" : {
3b SAST (CodeQL)	Initialize CodeQL	2026-10-07T14:19:22.2974892Z                   "dir" : {
3b SAST (CodeQL)	Initialize CodeQL	2026-10-07T14:19:22.2975294Z                     "title" : "TRAP cache directory",
3b SAST (CodeQL)	Initialize CodeQL	2026-10-07T14:19:22.2975720Z                     "description" : "The directory of the TRAP cache to use",
3b SAST (CodeQL)	Initialize CodeQL	2026-10-07T14:19:22.2976077Z                     "type" : "string"
3b SAST (CodeQL)	Initialize CodeQL	2026-10-07T14:19:22.2977210Z                   },
3b SAST (CodeQL)	Initialize CodeQL	2026-10-07T14:19:22.2977543Z                   "bound" : {
3b SAST (CodeQL)	Initialize CodeQL	2026-10-07T14:19:22.2977842Z                     "title" : "TRAP cache bound",
3b SAST (CodeQL)	Initialize CodeQL	2026-10-07T14:19:22.2978316Z                     "description" : "A soft limit (in MB) on the size of the TRAP cache",
3b SAST (CodeQL)	Initialize CodeQL	2026-10-07T14:19:22.2978807Z                     "type" : "string",
3b SAST (CodeQL)	Initialize CodeQL	2026-10-07T14:19:22.2979100Z                     "pattern" : "[0-9]+"
3b SAST (CodeQL)	Initialize CodeQL	2026-10-07T14:19:22.2979432Z                   },
3b SAST (CodeQL)	Initialize CodeQL	2026-10-07T14:19:22.2979696Z                   "write" : {
3b SAST (CodeQL)	Initialize CodeQL	2026-10-07T14:19:22.2980002Z                     "title" : "TRAP cache writeable",
3b SAST (CodeQL)	Initialize CodeQL	2026-10-07T14:19:22.2980513Z                     "description" : "Whether to write to the TRAP cache as well as reading it",
3b SAST (CodeQL)	Initialize CodeQL	2026-10-07T14:19:22.2980953Z                     "type" : "string",
3b SAST (CodeQL)	Initialize CodeQL	2026-10-07T14:19:22.2981307Z                     "pattern" : "(true|TRUE|false|FALSE)"
3b SAST (CodeQL)	Initialize CodeQL	2026-10-07T14:19:22.2981793Z                   }
3b SAST (CodeQL)	Initialize CodeQL	2026-10-07T14:19:22.2982076Z                 }
3b SAST (CodeQL)	Initialize CodeQL	2026-10-07T14:19:22.2982353Z               }
3b SAST (CodeQL)	Initialize CodeQL	2026-10-07T14:19:22.2982596Z             }
3b SAST (CodeQL)	Initialize CodeQL	2026-10-07T14:19:22.2982882Z           },
3b SAST (CodeQL)	Initialize CodeQL	2026-10-07T14:19:22.2983127Z           "skip_types" : {
3b SAST (CodeQL)	Initialize CodeQL	2026-10-07T14:19:22.2983437Z             "title" : "Skip type extraction for TypeScript",
3b SAST (CodeQL)	Initialize CodeQL	2026-10-07T14:19:22.2984095Z             "description" : "Whether to skip the extraction of types in a TypeScript application",
3b SAST (CodeQL)	Initialize CodeQL	2026-10-07T14:19:22.2984687Z             "type" : "string",
3b SAST (CodeQL)	Initialize CodeQL	2026-10-07T14:19:22.2985164Z             "pattern" : "^(false|true)$"
3b SAST (CodeQL)	Initialize CodeQL	2026-10-07T14:19:22.2985466Z           }
3b SAST (CodeQL)	Initialize CodeQL	2026-10-07T14:19:22.2985713Z         }
3b SAST (CodeQL)	Initialize CodeQL	2026-10-07T14:19:22.2986046Z       }
3b SAST (CodeQL)	Initialize CodeQL	2026-10-07T14:19:22.2986280Z     ],
3b SAST (CodeQL)	Initialize CodeQL	2026-10-07T14:19:22.2986601Z     "ruby" : [
3b SAST (CodeQL)	Initialize CodeQL	2026-10-07T14:19:22.2986883Z       {
3b SAST (CodeQL)	Initialize CodeQL	2026-10-07T14:19:22.2987292Z         "extractor_root" : "/opt/hostedtoolcache/CodeQL/2.27.1/x64/codeql/ruby",
3b SAST (CodeQL)	Initialize CodeQL	2026-10-07T14:19:22.2987793Z         "extractor_options" : {
3b SAST (CodeQL)	Initialize CodeQL	2026-10-07T14:19:22.2988090Z           "trap" : {
3b SAST (CodeQL)	Initialize CodeQL	2026-10-07T14:19:22.2988397Z             "title" : "Options pertaining to TRAP.",
3b SAST (CodeQL)	Initialize CodeQL	2026-10-07T14:19:22.2988854Z             "description" : "Options pertaining to TRAP.",
3b SAST (CodeQL)	Initialize CodeQL	2026-10-07T14:19:22.2989289Z             "type" : "object",
3b SAST (CodeQL)	Initialize CodeQL	2026-10-07T14:19:22.2989652Z             "properties" : {
3b SAST (CodeQL)	Initialize CodeQL	2026-10-07T14:19:22.2989939Z               "compression" : {
3b SAST (CodeQL)	Initialize CodeQL	2026-10-07T14:19:22.2990346Z                 "title" : "Controls compression for the TRAP files written by the extractor.",
3b SAST (CodeQL)	Initialize CodeQL	2026-10-07T14:19:22.2991389Z                 "description" : "This option is only intended for use in debugging the extractor. Accepted values are 'gzip' (the default, to write gzip-compressed TRAP) 'zstd' (to write Zstandard-compressed TRAP) and 'none' (to write uncompressed TRAP).\n",
3b SAST (CodeQL)	Initialize CodeQL	2026-10-07T14:19:22.2992462Z                 "type" : "string",
3b SAST (CodeQL)	Initialize CodeQL	2026-10-07T14:19:22.2992849Z                 "pattern" : "^(none|gzip|zstd)$"
3b SAST (CodeQL)	Initialize CodeQL	2026-10-07T14:19:22.2993199Z               }
3b SAST (CodeQL)	Initialize CodeQL	2026-10-07T14:19:22.2993456Z             }
3b SAST (CodeQL)	Initialize CodeQL	2026-10-07T14:19:22.2993766Z           }
3b SAST (CodeQL)	Initialize CodeQL	2026-10-07T14:19:22.2994031Z         }
3b SAST (CodeQL)	Initialize CodeQL	2026-10-07T14:19:22.2994341Z       }
3b SAST (CodeQL)	Initialize CodeQL	2026-10-07T14:19:22.2994618Z     ],
3b SAST (CodeQL)	Initialize CodeQL	2026-10-07T14:19:22.2994901Z     "swift" : [
3b SAST (CodeQL)	Initialize CodeQL	2026-10-07T14:19:22.2995276Z       {
3b SAST (CodeQL)	Initialize CodeQL	2026-10-07T14:19:22.2995681Z         "extractor_root" : "/opt/hostedtoolcache/CodeQL/2.27.1/x64/codeql/swift"
3b SAST (CodeQL)	Initialize CodeQL	2026-10-07T14:19:22.2996127Z       }
3b SAST (CodeQL)	Initialize CodeQL	2026-10-07T14:19:22.2996385Z     ]
3b SAST (CodeQL)	Initialize CodeQL	2026-10-07T14:19:22.2996658Z   }
3b SAST (CodeQL)	Initialize CodeQL	2026-10-07T14:19:22.2996926Z }
3b SAST (CodeQL)	Initialize CodeQL	2026-10-07T14:19:22.2997548Z Languages from configuration: python
3b SAST (CodeQL)	Initialize CodeQL	2026-10-07T14:19:22.2998204Z Using Git version 2.55.0
3b SAST (CodeQL)	Initialize CodeQL	2026-10-07T14:19:22.4574063Z Using overlay database mode: none without caching.
3b SAST (CodeQL)	Initialize CodeQL	2026-10-07T14:19:22.4579305Z Not performing diff-informed analysis because we are not analyzing a pull request.
3b SAST (CodeQL)	Initialize CodeQL	2026-10-07T14:19:22.4582821Z [command]/opt/hostedtoolcache/CodeQL/2.27.1/x64/codeql/codeql resolve languages --format=betterjson --extractor-options-verbosity=4 --extractor-include-aliases
3b SAST (CodeQL)	Initialize CodeQL	2026-10-07T14:19:23.2793128Z {
3b SAST (CodeQL)	Initialize CodeQL	2026-10-07T14:19:23.2793828Z   "aliases" : {
3b SAST (CodeQL)	Initialize CodeQL	2026-10-07T14:19:23.2794215Z     "c" : "cpp",
3b SAST (CodeQL)	Initialize CodeQL	2026-10-07T14:19:23.2794682Z     "c++" : "cpp",
3b SAST (CodeQL)	Initialize CodeQL	2026-10-07T14:19:23.2795078Z     "c-c++" : "cpp",
3b SAST (CodeQL)	Initialize CodeQL	2026-10-07T14:19:23.2795504Z     "c-cpp" : "cpp",
3b SAST (CodeQL)	Initialize CodeQL	2026-10-07T14:19:23.2795907Z     "c#" : "csharp",
3b SAST (CodeQL)	Initialize CodeQL	2026-10-07T14:19:23.2796294Z     "java-kotlin" : "java",
3b SAST (CodeQL)	Initialize CodeQL	2026-10-07T14:19:23.2796771Z     "kotlin" : "java",
3b SAST (CodeQL)	Initialize CodeQL	2026-10-07T14:19:23.2797200Z     "javascript-typescript" : "javascript",
3b SAST (CodeQL)	Initialize CodeQL	2026-10-07T14:19:23.2797667Z     "typescript" : "javascript"
3b SAST (CodeQL)	Initialize CodeQL	2026-10-07T14:19:23.2798171Z   },
3b SAST (CodeQL)	Initialize CodeQL	2026-10-07T14:19:23.2798533Z   "extractors" : {
3b SAST (CodeQL)	Initialize CodeQL	2026-10-07T14:19:23.2799570Z     "javascript" : [
3b SAST (CodeQL)	Initialize CodeQL	2026-10-07T14:19:23.2799995Z       {
3b SAST (CodeQL)	Initialize CodeQL	2026-10-07T14:19:23.2800524Z         "extractor_root" : "/opt/hostedtoolcache/CodeQL/2.27.1/x64/codeql/javascript",
3b SAST (CodeQL)	Initialize CodeQL	2026-10-07T14:19:23.2801267Z         "extractor_options" : {
3b SAST (CodeQL)	Initialize CodeQL	2026-10-07T14:19:23.2801873Z           "trap" : {
3b SAST (CodeQL)	Initialize CodeQL	2026-10-07T14:19:23.2802320Z             "title" : "TRAP options",
3b SAST (CodeQL)	Initialize CodeQL	2026-10-07T14:19:23.2802981Z             "description" : "Options about how the extractor handles TRAP files",
3b SAST (CodeQL)	Initialize CodeQL	2026-10-07T14:19:23.2803639Z             "type" : "object",
3b SAST (CodeQL)	Initialize CodeQL	2026-10-07T14:19:23.2804156Z             "visibility" : 3,
3b SAST (CodeQL)	Initialize CodeQL	2026-10-07T14:19:23.2804583Z             "properties" : {
3b SAST (CodeQL)	Initialize CodeQL	2026-10-07T14:19:23.2805549Z               "cache" : {
3b SAST (CodeQL)	Initialize CodeQL	2026-10-07T14:19:23.2807235Z                 "title" : "TRAP cache options",
3b SAST (CodeQL)	Initialize CodeQL	2026-10-07T14:19:23.2808113Z                 "description" : "Options about how the extractor handles its TRAP cache",
3b SAST (CodeQL)	Initialize CodeQL	2026-10-07T14:19:23.2809085Z                 "type" : "object",
3b SAST (CodeQL)	Initialize CodeQL	2026-10-07T14:19:23.2809892Z                 "properties" : {
3b SAST (CodeQL)	Initialize CodeQL	2026-10-07T14:19:23.2810448Z                   "dir" : {
3b SAST (CodeQL)	Initialize CodeQL	2026-10-07T14:19:23.2811163Z                     "title" : "TRAP cache directory",
3b SAST (CodeQL)	Initialize CodeQL	2026-10-07T14:19:23.2812125Z                     "description" : "The directory of the TRAP cache to use",
3b SAST (CodeQL)	Initialize CodeQL	2026-10-07T14:19:23.2812912Z                     "type" : "string"
3b SAST (CodeQL)	Initialize CodeQL	2026-10-07T14:19:23.2813461Z                   },
3b SAST (CodeQL)	Initialize CodeQL	2026-10-07T14:19:23.2814001Z                   "bound" : {
3b SAST (CodeQL)	Initialize CodeQL	2026-10-07T14:19:23.2814662Z                     "title" : "TRAP cache bound",
3b SAST (CodeQL)	Initialize CodeQL	2026-10-07T14:19:23.2815441Z                     "description" : "A soft limit (in MB) on the size of the TRAP cache",
3b SAST (CodeQL)	Initialize CodeQL	2026-10-07T14:19:23.2816288Z                     "type" : "string",
3b SAST (CodeQL)	Initialize CodeQL	2026-10-07T14:19:23.2816876Z                     "pattern" : "[0-9]+"
3b SAST (CodeQL)	Initialize CodeQL	2026-10-07T14:19:23.2817470Z                   },
3b SAST (CodeQL)	Initialize CodeQL	2026-10-07T14:19:23.2818077Z                   "write" : {
3b SAST (CodeQL)	Initialize CodeQL	2026-10-07T14:19:23.2818665Z                     "title" : "TRAP cache writeable",
3b SAST (CodeQL)	Initialize CodeQL	2026-10-07T14:19:23.2819543Z                     "description" : "Whether to write to the TRAP cache as well as reading it",
3b SAST (CodeQL)	Initialize CodeQL	2026-10-07T14:19:23.2820344Z                     "type" : "string",
3b SAST (CodeQL)	Initialize CodeQL	2026-10-07T14:19:23.2821026Z                     "pattern" : "(true|TRUE|false|FALSE)"
3b SAST (CodeQL)	Initialize CodeQL	2026-10-07T14:19:23.2821858Z                   }
3b SAST (CodeQL)	Initialize CodeQL	2026-10-07T14:19:23.2822449Z                 }
3b SAST (CodeQL)	Initialize CodeQL	2026-10-07T14:19:23.2822990Z               }
3b SAST (CodeQL)	Initialize CodeQL	2026-10-07T14:19:23.2823534Z             }
3b SAST (CodeQL)	Initialize CodeQL	2026-10-07T14:19:23.2824026Z           },
3b SAST (CodeQL)	Initialize CodeQL	2026-10-07T14:19:23.2824603Z           "skip_types" : {
3b SAST (CodeQL)	Initialize CodeQL	2026-10-07T14:19:23.2825217Z             "title" : "Skip type extraction for TypeScript",
3b SAST (CodeQL)	Initialize CodeQL	2026-10-07T14:19:23.2826112Z             "description" : "Whether to skip the extraction of types in a TypeScript application",
3b SAST (CodeQL)	Initialize CodeQL	2026-10-07T14:19:23.2826978Z             "type" : "string",
3b SAST (CodeQL)	Initialize CodeQL	2026-10-07T14:19:23.2827568Z             "pattern" : "^(false|true)$"
3b SAST (CodeQL)	Initialize CodeQL	2026-10-07T14:19:23.2828207Z           }
3b SAST (CodeQL)	Initialize CodeQL	2026-10-07T14:19:23.2828657Z         }
3b SAST (CodeQL)	Initialize CodeQL	2026-10-07T14:19:23.2829138Z       }
3b SAST (CodeQL)	Initialize CodeQL	2026-10-07T14:19:23.2829700Z     ],
3b SAST (CodeQL)	Initialize CodeQL	2026-10-07T14:19:23.2830153Z     "go" : [
3b SAST (CodeQL)	Initialize CodeQL	2026-10-07T14:19:23.2830714Z       {
3b SAST (CodeQL)	Initialize CodeQL	2026-10-07T14:19:23.2831347Z         "extractor_root" : "/opt/hostedtoolcache/CodeQL/2.27.1/x64/codeql/go",
3b SAST (CodeQL)	Initialize CodeQL	2026-10-07T14:19:23.2832331Z         "extractor_options" : {
3b SAST (CodeQL)	Initialize CodeQL	2026-10-07T14:19:23.2832914Z           "extract_tests" : {
3b SAST (CodeQL)	Initialize CodeQL	2026-10-07T14:19:23.2833672Z             "title" : "Whether to include Go test files in the CodeQL database.",
3b SAST (CodeQL)	Initialize CodeQL	2026-10-07T14:19:23.2834895Z             "description" : "A value indicating whether Go test files should be included in the CodeQL database. The default is 'false'.\n",
3b SAST (CodeQL)	Initialize CodeQL	2026-10-07T14:19:23.2835923Z             "type" : "string",
3b SAST (CodeQL)	Initialize CodeQL	2026-10-07T14:19:23.2836544Z             "pattern" : "^(false|true)$"
3b SAST (CodeQL)	Initialize CodeQL	2026-10-07T14:19:23.2837172Z           },
3b SAST (CodeQL)	Initialize CodeQL	2026-10-07T14:19:23.2837711Z           "extract_vendor_dirs" : {
3b SAST (CodeQL)	Initialize CodeQL	2026-10-07T14:19:23.2838527Z             "title" : "Whether to include Go vendor directories in the CodeQL database.",
3b SAST (CodeQL)	Initialize CodeQL	2026-10-07T14:19:23.2839794Z             "description" : "A value indicating whether Go vendor directories should be included in the CodeQL database. The default is 'false'.\n",
3b SAST (CodeQL)	Initialize CodeQL	2026-10-07T14:19:23.2840917Z             "type" : "string",
3b SAST (CodeQL)	Initialize CodeQL	2026-10-07T14:19:23.2841532Z             "pattern" : "^(false|true)$"
3b SAST (CodeQL)	Initialize CodeQL	2026-10-07T14:19:23.2842269Z           }
3b SAST (CodeQL)	Initialize CodeQL	2026-10-07T14:19:23.2842791Z         }
3b SAST (CodeQL)	Initialize CodeQL	2026-10-07T14:19:23.2843270Z       }
3b SAST (CodeQL)	Initialize CodeQL	2026-10-07T14:19:23.2843706Z     ],
3b SAST (CodeQL)	Initialize CodeQL	2026-10-07T14:19:23.2844300Z     "html" : [
3b SAST (CodeQL)	Initialize CodeQL	2026-10-07T14:19:23.2844754Z       {
3b SAST (CodeQL)	Initialize CodeQL	2026-10-07T14:19:23.2845428Z         "extractor_root" : "/opt/hostedtoolcache/CodeQL/2.27.1/x64/codeql/html"
3b SAST (CodeQL)	Initialize CodeQL	2026-10-07T14:19:23.2846163Z       }
3b SAST (CodeQL)	Initialize CodeQL	2026-10-07T14:19:23.2846616Z     ],
3b SAST (CodeQL)	Initialize CodeQL	2026-10-07T14:19:23.2847160Z     "csharp" : [
3b SAST (CodeQL)	Initialize CodeQL	2026-10-07T14:19:23.2847748Z       {
3b SAST (CodeQL)	Initialize CodeQL	2026-10-07T14:19:23.2848477Z         "extractor_root" : "/opt/hostedtoolcache/CodeQL/2.27.1/x64/codeql/csharp",
3b SAST (CodeQL)	Initialize CodeQL	2026-10-07T14:19:23.2849559Z         "extractor_options" : {
3b SAST (CodeQL)	Initialize CodeQL	2026-10-07T14:19:23.2850072Z           "trap" : {
3b SAST (CodeQL)	Initialize CodeQL	2026-10-07T14:19:23.2850757Z             "title" : "Options pertaining to TRAP.",
3b SAST (CodeQL)	Initialize CodeQL	2026-10-07T14:19:23.2851485Z             "description" : "Options pertaining to TRAP.",
3b SAST (CodeQL)	Initialize CodeQL	2026-10-07T14:19:23.2852341Z             "type" : "object",
3b SAST (CodeQL)	Initialize CodeQL	2026-10-07T14:19:23.2852956Z             "properties" : {
3b SAST (CodeQL)	Initialize CodeQL	2026-10-07T14:19:23.2853360Z               "compression" : {
3b SAST (CodeQL)	Initialize CodeQL	2026-10-07T14:19:23.2854053Z                 "title" : "Controls compression for the TRAP files written by the extractor.",
3b SAST (CodeQL)	Initialize CodeQL	2026-10-07T14:19:23.2855305Z                 "description" : "This option is only intended for use in debugging the extractor. Accepted values are 'brotli' (the default, to write brotli-compressed TRAP), 'gzip', and 'none' (to write uncompressed TRAP).\n",
3b SAST (CodeQL)	Initialize CodeQL	2026-10-07T14:19:23.2856503Z                 "type" : "string",
3b SAST (CodeQL)	Initialize CodeQL	2026-10-07T14:19:23.2856981Z                 "pattern" : "^(none|gzip|brotli)$"
3b SAST (CodeQL)	Initialize CodeQL	2026-10-07T14:19:23.2857573Z               }
3b SAST (CodeQL)	Initialize CodeQL	2026-10-07T14:19:23.2857969Z             }
3b SAST (CodeQL)	Initialize CodeQL	2026-10-07T14:19:23.2858439Z           },
3b SAST (CodeQL)	Initialize CodeQL	2026-10-07T14:19:23.2858837Z           "buildless" : {
3b SAST (CodeQL)	Initialize CodeQL	2026-10-07T14:19:23.2859462Z             "title" : "DEPRECATED - Whether to use buildless (standalone) extraction.",
3b SAST (CodeQL)	Initialize CodeQL	2026-10-07T14:19:23.2862189Z             "description" : "DEPRECATED: Use `--build-mode none` instead.\nA value indicating, which type of extraction the autobuilder should perform. If 'true', then the standalone extractor will be used, otherwise tracing extraction will be performed. The default is 'false'. Note that buildless extraction will generally yield less accurate analysis results, and should only be used in cases where it is not possible to build the code (for example if it uses inaccessible dependencies).\n",
3b SAST (CodeQL)	Initialize CodeQL	2026-10-07T14:19:23.2864338Z             "type" : "string",
3b SAST (CodeQL)	Initialize CodeQL	2026-10-07T14:19:23.2864771Z             "pattern" : "^(false|true)$"
3b SAST (CodeQL)	Initialize CodeQL	2026-10-07T14:19:23.2865094Z           },
3b SAST (CodeQL)	Initialize CodeQL	2026-10-07T14:19:23.2865403Z           "logging" : {
3b SAST (CodeQL)	Initialize CodeQL	2026-10-07T14:19:23.2865760Z             "title" : "Options pertaining to logging.",
3b SAST (CodeQL)	Initialize CodeQL	2026-10-07T14:19:23.2866150Z             "description" : "Options pertaining to logging.",
3b SAST (CodeQL)	Initialize CodeQL	2026-10-07T14:19:23.2866635Z             "type" : "object",
3b SAST (CodeQL)	Initialize CodeQL	2026-10-07T14:19:23.2866959Z             "properties" : {
3b SAST (CodeQL)	Initialize CodeQL	2026-10-07T14:19:23.2867294Z               "verbosity" : {
3b SAST (CodeQL)	Initialize CodeQL	2026-10-07T14:19:23.2867676Z                 "title" : "Extractor logging verbosity level.",
3b SAST (CodeQL)	Initialize CodeQL	2026-10-07T14:19:23.2868648Z                 "description" : "Controls the level of verbosity of the extractor. The supported levels are (in order of increasing verbosity):\n  - off\n  - errors\n  - warnings\n  - info or progress\n  - debug or progress+\n  - trace or progress++\n  - progress+++\n",
3b SAST (CodeQL)	Initialize CodeQL	2026-10-07T14:19:23.2869618Z                 "type" : "string",
3b SAST (CodeQL)	Initialize CodeQL	2026-10-07T14:19:23.2870152Z                 "pattern" : "^(off|errors|warnings|(info|progress)|(debug|progress\\+)|(trace|progress\\+\\+)|progress\\+\\+\\+)$"
3b SAST (CodeQL)	Initialize CodeQL	2026-10-07T14:19:23.2870693Z               }
3b SAST (CodeQL)	Initialize CodeQL	2026-10-07T14:19:23.2870999Z             }
3b SAST (CodeQL)	Initialize CodeQL	2026-10-07T14:19:23.2871256Z           },
3b SAST (CodeQL)	Initialize CodeQL	2026-10-07T14:19:23.2871690Z           "binlog" : {
3b SAST (CodeQL)	Initialize CodeQL	2026-10-07T14:19:23.2872014Z             "title" : "Binlog",
3b SAST (CodeQL)	Initialize CodeQL	2026-10-07T14:19:23.2872769Z             "description" : "[EXPERIMENTAL] The value is a path to the MsBuild binary log file that should be extracted. This option only works when `--build-mode none` is also specified.\n",
3b SAST (CodeQL)	Initialize CodeQL	2026-10-07T14:19:23.2873507Z             "type" : "array"
3b SAST (CodeQL)	Initialize CodeQL	2026-10-07T14:19:23.2873806Z           },
3b SAST (CodeQL)	Initialize CodeQL	2026-10-07T14:19:23.2874121Z           "buildless_dependency_dir" : {
3b SAST (CodeQL)	Initialize CodeQL	2026-10-07T14:19:23.2874592Z             "title" : "The path where buildless (standalone) extraction should keep dependencies.",
3b SAST (CodeQL)	Initialize CodeQL	2026-10-07T14:19:23.2875272Z             "description" : "If set, the buildless (standalone) extractor will store dependencies in this directory.\n",
3b SAST (CodeQL)	Initialize CodeQL	2026-10-07T14:19:23.2875880Z             "type" : "string"
3b SAST (CodeQL)	Initialize CodeQL	2026-10-07T14:19:23.2876206Z           }
3b SAST (CodeQL)	Initialize CodeQL	2026-10-07T14:19:23.2876729Z         }
3b SAST (CodeQL)	Initialize CodeQL	2026-10-07T14:19:23.2876979Z       }
3b SAST (CodeQL)	Initialize CodeQL	2026-10-07T14:19:23.2877218Z     ],
3b SAST (CodeQL)	Initialize CodeQL	2026-10-07T14:19:23.2877552Z     "csv" : [
3b SAST (CodeQL)	Initialize CodeQL	2026-10-07T14:19:23.2877810Z       {
3b SAST (CodeQL)	Initialize CodeQL	2026-10-07T14:19:23.2878191Z         "extractor_root" : "/opt/hostedtoolcache/CodeQL/2.27.1/x64/codeql/csv"
3b SAST (CodeQL)	Initialize CodeQL	2026-10-07T14:19:23.2878697Z       }
3b SAST (CodeQL)	Initialize CodeQL	2026-10-07T14:19:23.2878942Z     ],
3b SAST (CodeQL)	Initialize CodeQL	2026-10-07T14:19:23.2879259Z     "actions" : [
3b SAST (CodeQL)	Initialize CodeQL	2026-10-07T14:19:23.2879528Z       {
3b SAST (CodeQL)	Initialize CodeQL	2026-10-07T14:19:23.2879934Z         "extractor_root" : "/opt/hostedtoolcache/CodeQL/2.27.1/x64/codeql/actions",
3b SAST (CodeQL)	Initialize CodeQL	2026-10-07T14:19:23.2880379Z         "extractor_options" : {
3b SAST (CodeQL)	Initialize CodeQL	2026-10-07T14:19:23.2880703Z           "trap" : {
3b SAST (CodeQL)	Initialize CodeQL	2026-10-07T14:19:23.2881023Z             "title" : "TRAP options",
3b SAST (CodeQL)	Initialize CodeQL	2026-10-07T14:19:23.2881436Z             "description" : "Options about how the extractor handles TRAP files",
3b SAST (CodeQL)	Initialize CodeQL	2026-10-07T14:19:23.2881972Z             "type" : "object",
3b SAST (CodeQL)	Initialize CodeQL	2026-10-07T14:19:23.2882391Z             "visibility" : 3,
3b SAST (CodeQL)	Initialize CodeQL	2026-10-07T14:19:23.2882710Z             "properties" : {
3b SAST (CodeQL)	Initialize CodeQL	2026-10-07T14:19:23.2883088Z               "cache" : {
3b SAST (CodeQL)	Initialize CodeQL	2026-10-07T14:19:23.2883451Z                 "title" : "TRAP cache options",
3b SAST (CodeQL)	Initialize CodeQL	2026-10-07T14:19:23.2883885Z                 "description" : "Options about how the extractor handles its TRAP cache",
3b SAST (CodeQL)	Initialize CodeQL	2026-10-07T14:19:23.2884374Z                 "type" : "object",
3b SAST (CodeQL)	Initialize CodeQL	2026-10-07T14:19:23.2884724Z                 "properties" : {
3b SAST (CodeQL)	Initialize CodeQL	2026-10-07T14:19:23.2885046Z                   "dir" : {
3b SAST (CodeQL)	Initialize CodeQL	2026-10-07T14:19:23.2885381Z                     "title" : "TRAP cache directory",
3b SAST (CodeQL)	Initialize CodeQL	2026-10-07T14:19:23.2885796Z                     "description" : "The directory of the TRAP cache to use",
3b SAST (CodeQL)	Initialize CodeQL	2026-10-07T14:19:23.2886343Z                     "type" : "string"
3b SAST (CodeQL)	Initialize CodeQL	2026-10-07T14:19:23.2886658Z                   },
3b SAST (CodeQL)	Initialize CodeQL	2026-10-07T14:19:23.2887074Z                   "bound" : {
3b SAST (CodeQL)	Initialize CodeQL	2026-10-07T14:19:23.2887409Z                     "title" : "TRAP cache bound",
3b SAST (CodeQL)	Initialize CodeQL	2026-10-07T14:19:23.2887839Z                     "description" : "A soft limit (in MB) on the size of the TRAP cache",
3b SAST (CodeQL)	Initialize CodeQL	2026-10-07T14:19:23.2888304Z                     "type" : "string",
3b SAST (CodeQL)	Initialize CodeQL	2026-10-07T14:19:23.2888651Z                     "pattern" : "[0-9]+"
3b SAST (CodeQL)	Initialize CodeQL	2026-10-07T14:19:23.2888953Z                   },
3b SAST (CodeQL)	Initialize CodeQL	2026-10-07T14:19:23.2889289Z                   "write" : {
3b SAST (CodeQL)	Initialize CodeQL	2026-10-07T14:19:23.2889622Z                     "title" : "TRAP cache writeable",
3b SAST (CodeQL)	Initialize CodeQL	2026-10-07T14:19:23.2890109Z                     "description" : "Whether to write to the TRAP cache as well as reading it",
3b SAST (CodeQL)	Initialize CodeQL	2026-10-07T14:19:23.2890617Z                     "type" : "string",
3b SAST (CodeQL)	Initialize CodeQL	2026-10-07T14:19:23.2890948Z                     "pattern" : "(true|TRUE|false|FALSE)"
3b SAST (CodeQL)	Initialize CodeQL	2026-10-07T14:19:23.2891335Z                   }
3b SAST (CodeQL)	Initialize CodeQL	2026-10-07T14:19:23.2891722Z                 }
3b SAST (CodeQL)	Initialize CodeQL	2026-10-07T14:19:23.2892022Z               }
3b SAST (CodeQL)	Initialize CodeQL	2026-10-07T14:19:23.2892323Z             }
3b SAST (CodeQL)	Initialize CodeQL	2026-10-07T14:19:23.2892583Z           }
3b SAST (CodeQL)	Initialize CodeQL	2026-10-07T14:19:23.2892997Z         }
3b SAST (CodeQL)	Initialize CodeQL	2026-10-07T14:19:23.2893257Z       }
3b SAST (CodeQL)	Initialize CodeQL	2026-10-07T14:19:23.2893554Z     ],
3b SAST (CodeQL)	Initialize CodeQL	2026-10-07T14:19:23.2893841Z     "ruby" : [
3b SAST (CodeQL)	Initialize CodeQL	2026-10-07T14:19:23.2894105Z       {
3b SAST (CodeQL)	Initialize CodeQL	2026-10-07T14:19:23.2894491Z         "extractor_root" : "/opt/hostedtoolcache/CodeQL/2.27.1/x64/codeql/ruby",
3b SAST (CodeQL)	Initialize CodeQL	2026-10-07T14:19:23.2894923Z         "extractor_options" : {
3b SAST (CodeQL)	Initialize CodeQL	2026-10-07T14:19:23.2895214Z           "trap" : {
3b SAST (CodeQL)	Initialize CodeQL	2026-10-07T14:19:23.2895590Z             "title" : "Options pertaining to TRAP.",
3b SAST (CodeQL)	Initialize CodeQL	2026-10-07T14:19:23.2895974Z             "description" : "Options pertaining to TRAP.",
3b SAST (CodeQL)	Initialize CodeQL	2026-10-07T14:19:23.2896348Z             "type" : "object",
3b SAST (CodeQL)	Initialize CodeQL	2026-10-07T14:19:23.2896665Z             "properties" : {
3b SAST (CodeQL)	Initialize CodeQL	2026-10-07T14:19:23.2896986Z               "compression" : {
3b SAST (CodeQL)	Initialize CodeQL	2026-10-07T14:19:23.2897482Z                 "title" : "Controls compression for the TRAP files written by the extractor.",
3b SAST (CodeQL)	Initialize CodeQL	2026-10-07T14:19:23.2898497Z                 "description" : "This option is only intended for use in debugging the extractor. Accepted values are 'gzip' (the default, to write gzip-compressed TRAP) 'zstd' (to write Zstandard-compressed TRAP) and 'none' (to write uncompressed TRAP).\n",
3b SAST (CodeQL)	Initialize CodeQL	2026-10-07T14:19:23.2899404Z                 "type" : "string",
3b SAST (CodeQL)	Initialize CodeQL	2026-10-07T14:19:23.2899868Z                 "pattern" : "^(none|gzip|zstd)$"
3b SAST (CodeQL)	Initialize CodeQL	2026-10-07T14:19:23.2900202Z               }
3b SAST (CodeQL)	Initialize CodeQL	2026-10-07T14:19:23.2900531Z             }
3b SAST (CodeQL)	Initialize CodeQL	2026-10-07T14:19:23.2900798Z           }
3b SAST (CodeQL)	Initialize CodeQL	2026-10-07T14:19:23.2901182Z         }
3b SAST (CodeQL)	Initialize CodeQL	2026-10-07T14:19:23.2901440Z       }
3b SAST (CodeQL)	Initialize CodeQL	2026-10-07T14:19:23.2901807Z     ],
3b SAST (CodeQL)	Initialize CodeQL	2026-10-07T14:19:23.2902126Z     "yaml" : [
3b SAST (CodeQL)	Initialize CodeQL	2026-10-07T14:19:23.2902393Z       {
3b SAST (CodeQL)	Initialize CodeQL	2026-10-07T14:19:23.2902729Z         "extractor_root" : "/opt/hostedtoolcache/CodeQL/2.27.1/x64/codeql/yaml"
3b SAST (CodeQL)	Initialize CodeQL	2026-10-07T14:19:23.2903175Z       }
3b SAST (CodeQL)	Initialize CodeQL	2026-10-07T14:19:23.2903423Z     ],
3b SAST (CodeQL)	Initialize CodeQL	2026-10-07T14:19:23.2903709Z     "xml" : [
3b SAST (CodeQL)	Initialize CodeQL	2026-10-07T14:19:23.2903977Z       {
3b SAST (CodeQL)	Initialize CodeQL	2026-10-07T14:19:23.2904320Z         "extractor_root" : "/opt/hostedtoolcache/CodeQL/2.27.1/x64/codeql/xml"
3b SAST (CodeQL)	Initialize CodeQL	2026-10-07T14:19:23.2904784Z       }
3b SAST (CodeQL)	Initialize CodeQL	2026-10-07T14:19:23.2905027Z     ],
3b SAST (CodeQL)	Initialize CodeQL	2026-10-07T14:19:23.2905330Z     "python" : [
3b SAST (CodeQL)	Initialize CodeQL	2026-10-07T14:19:23.2905608Z       {
3b SAST (CodeQL)	Initialize CodeQL	2026-10-07T14:19:23.2905957Z         "extractor_root" : "/opt/hostedtoolcache/CodeQL/2.27.1/x64/codeql/python",
3b SAST (CodeQL)	Initialize CodeQL	2026-10-07T14:19:23.2906417Z         "extractor_options" : {
3b SAST (CodeQL)	Initialize CodeQL	2026-10-07T14:19:23.2906717Z           "logging" : {
3b SAST (CodeQL)	Initialize CodeQL	2026-10-07T14:19:23.2907052Z             "title" : "Options pertaining to logging.",
3b SAST (CodeQL)	Initialize CodeQL	2026-10-07T14:19:23.2907506Z             "description" : "Options pertaining to logging.",
3b SAST (CodeQL)	Initialize CodeQL	2026-10-07T14:19:23.2907916Z             "type" : "object",
3b SAST (CodeQL)	Initialize CodeQL	2026-10-07T14:19:23.2908255Z             "properties" : {
3b SAST (CodeQL)	Initialize CodeQL	2026-10-07T14:19:23.2908560Z               "verbosity" : {
3b SAST (CodeQL)	Initialize CodeQL	2026-10-07T14:19:23.2908931Z                 "title" : "Python extractor logging verbosity level.",
3b SAST (CodeQL)	Initialize CodeQL	2026-10-07T14:19:23.2909977Z                 "description" : "Controls the level of verbosity of the CodeQL Python extractor.\nThe supported levels are (in order of increasing verbosity):\n\n  - off\n  - errors\n  - warnings\n  - info or progress\n  - debug or progress+\n  - trace or progress++\n  - progress+++\n",
3b SAST (CodeQL)	Initialize CodeQL	2026-10-07T14:19:23.2911086Z                 "type" : "string",
3b SAST (CodeQL)	Initialize CodeQL	2026-10-07T14:19:23.2911922Z                 "pattern" : "^(off|errors|warnings|(info|progress)|(debug|progress\\+)|(trace|progress\\+\\+)|progress\\+\\+\\+)$"
3b SAST (CodeQL)	Initialize CodeQL	2026-10-07T14:19:23.2912738Z               }
3b SAST (CodeQL)	Initialize CodeQL	2026-10-07T14:19:23.2912992Z             }
3b SAST (CodeQL)	Initialize CodeQL	2026-10-07T14:19:23.2913313Z           },
3b SAST (CodeQL)	Initialize CodeQL	2026-10-07T14:19:23.2913590Z           "python_executable_name" : {
3b SAST (CodeQL)	Initialize CodeQL	2026-10-07T14:19:23.2914065Z             "title" : "Controls the name of the Python executable used by the Python extractor.",
3b SAST (CodeQL)	Initialize CodeQL	2026-10-07T14:19:23.2915455Z             "description" : "The Python extractor uses platform-dependent heuristics to determine the name of the Python executable to use. Specifying a value for this option overrides the name of the Python executable used by the extractor. Accepted values are py, python and python3. Use this setting with caution, the Python extractor requires Python 3 to run.\n",
3b SAST (CodeQL)	Initialize CodeQL	2026-10-07T14:19:23.2916661Z             "type" : "string",
3b SAST (CodeQL)	Initialize CodeQL	2026-10-07T14:19:23.2917058Z             "pattern" : "^(py|python|python3)$"
3b SAST (CodeQL)	Initialize CodeQL	2026-10-07T14:19:23.2917392Z           }
3b SAST (CodeQL)	Initialize CodeQL	2026-10-07T14:19:23.2917664Z         }
3b SAST (CodeQL)	Initialize CodeQL	2026-10-07T14:19:23.2917948Z       }
3b SAST (CodeQL)	Initialize CodeQL	2026-10-07T14:19:23.2918194Z     ],
3b SAST (CodeQL)	Initialize CodeQL	2026-10-07T14:19:23.2918476Z     "cpp" : [
3b SAST (CodeQL)	Initialize CodeQL	2026-10-07T14:19:23.2918732Z       {
3b SAST (CodeQL)	Initialize CodeQL	2026-10-07T14:19:23.2919058Z         "extractor_root" : "/opt/hostedtoolcache/CodeQL/2.27.1/x64/codeql/cpp",
3b SAST (CodeQL)	Initialize CodeQL	2026-10-07T14:19:23.2919531Z         "extractor_options" : {
3b SAST (CodeQL)	Initialize CodeQL	2026-10-07T14:19:23.2919867Z           "trap" : {
3b SAST (CodeQL)	Initialize CodeQL	2026-10-07T14:19:23.2920229Z             "title" : "TRAP options",
3b SAST (CodeQL)	Initialize CodeQL	2026-10-07T14:19:23.2920818Z             "description" : "Options about how the extractor handles TRAP files",
3b SAST (CodeQL)	Initialize CodeQL	2026-10-07T14:19:23.2921409Z             "type" : "object",
3b SAST (CodeQL)	Initialize CodeQL	2026-10-07T14:19:23.2922150Z             "visibility" : 3,
3b SAST (CodeQL)	Initialize CodeQL	2026-10-07T14:19:23.2922449Z             "properties" : {
3b SAST (CodeQL)	Initialize CodeQL	2026-10-07T14:19:23.2922748Z               "cache" : {
3b SAST (CodeQL)	Initialize CodeQL	2026-10-07T14:19:23.2923078Z                 "title" : "TRAP cache options",
3b SAST (CodeQL)	Initialize CodeQL	2026-10-07T14:19:23.2923512Z                 "description" : "Options about how the extractor handles its TRAP cache",
3b SAST (CodeQL)	Initialize CodeQL	2026-10-07T14:19:23.2924206Z                 "type" : "object",
3b SAST (CodeQL)	Initialize CodeQL	2026-10-07T14:19:23.2924517Z                 "properties" : {
3b SAST (CodeQL)	Initialize CodeQL	2026-10-07T14:19:23.2924834Z                   "dir" : {
3b SAST (CodeQL)	Initialize CodeQL	2026-10-07T14:19:23.2925165Z                     "title" : "TRAP cache directory",
3b SAST (CodeQL)	Initialize CodeQL	2026-10-07T14:19:23.2925631Z                     "description" : "The directory of the TRAP cache to use",
3b SAST (CodeQL)	Initialize CodeQL	2026-10-07T14:19:23.2926158Z                     "type" : "string"
3b SAST (CodeQL)	Initialize CodeQL	2026-10-07T14:19:23.2926474Z                   },
3b SAST (CodeQL)	Initialize CodeQL	2026-10-07T14:19:23.2926767Z                   "bound" : {
3b SAST (CodeQL)	Initialize CodeQL	2026-10-07T14:19:23.2927141Z                     "title" : "TRAP cache bound",
3b SAST (CodeQL)	Initialize CodeQL	2026-10-07T14:19:23.2927660Z                     "description" : "A soft limit (in MB) on the size of the TRAP cache",
3b SAST (CodeQL)	Initialize CodeQL	2026-10-07T14:19:23.2928285Z                     "type" : "string",
3b SAST (CodeQL)	Initialize CodeQL	2026-10-07T14:19:23.2928676Z                     "pattern" : "[0-9]+"
3b SAST (CodeQL)	Initialize CodeQL	2026-10-07T14:19:23.2929039Z                   },
3b SAST (CodeQL)	Initialize CodeQL	2026-10-07T14:19:23.2929455Z                   "write" : {
3b SAST (CodeQL)	Initialize CodeQL	2026-10-07T14:19:23.2929821Z                     "title" : "TRAP cache writeable",
3b SAST (CodeQL)	Initialize CodeQL	2026-10-07T14:19:23.2930399Z                     "description" : "Whether to write to the TRAP cache as well as reading it",
3b SAST (CodeQL)	Initialize CodeQL	2026-10-07T14:19:23.2930810Z                     "type" : "string",
3b SAST (CodeQL)	Initialize CodeQL	2026-10-07T14:19:23.2931125Z                     "pattern" : "(true|TRUE|false|FALSE)"
3b SAST (CodeQL)	Initialize CodeQL	2026-10-07T14:19:23.2931510Z                   }
3b SAST (CodeQL)	Initialize CodeQL	2026-10-07T14:19:23.2931931Z                 }
3b SAST (CodeQL)	Initialize CodeQL	2026-10-07T14:19:23.2932214Z               }
3b SAST (CodeQL)	Initialize CodeQL	2026-10-07T14:19:23.2932464Z             }
3b SAST (CodeQL)	Initialize CodeQL	2026-10-07T14:19:23.2932697Z           },
3b SAST (CodeQL)	Initialize CodeQL	2026-10-07T14:19:23.2932989Z           "scale_timeouts" : {
3b SAST (CodeQL)	Initialize CodeQL	2026-10-07T14:19:23.2933378Z             "title" : "Value to scale compiler introspection timeouts with",
3b SAST (CodeQL)	Initialize CodeQL	2026-10-07T14:19:23.2934841Z             "description" : "The extractor attempts to determine what compiler the source code being extracted is compiled with. To this end the extractor makes additional calls to the compiler, some of which are expected to return within a certain fixed time (either 10s or 15s). On some systems that are under high load this time might be too short, and can be scaled up using this option.\n",
3b SAST (CodeQL)	Initialize CodeQL	2026-10-07T14:19:23.2936086Z             "type" : "string",
3b SAST (CodeQL)	Initialize CodeQL	2026-10-07T14:19:23.2936363Z             "pattern" : "[0-9]+"
3b SAST (CodeQL)	Initialize CodeQL	2026-10-07T14:19:23.2936691Z           },
3b SAST (CodeQL)	Initialize CodeQL	2026-10-07T14:19:23.2936962Z           "log_verbosity" : {
3b SAST (CodeQL)	Initialize CodeQL	2026-10-07T14:19:23.2937295Z             "title" : "Verbosity of the extractor logging",
3b SAST (CodeQL)	Initialize CodeQL	2026-10-07T14:19:23.2937899Z             "description" : "Set the verbosity of the extractor logging to 'quiet' (0), 'normal' (1), 'chatty' (2), or 'noisy' (3). The default is 'normal'.\n",
3b SAST (CodeQL)	Initialize CodeQL	2026-10-07T14:19:23.2938444Z             "type" : "string",
3b SAST (CodeQL)	Initialize CodeQL	2026-10-07T14:19:23.2938761Z             "pattern" : "[0-3]"
3b SAST (CodeQL)	Initialize CodeQL	2026-10-07T14:19:23.2939092Z           },
3b SAST (CodeQL)	Initialize CodeQL	2026-10-07T14:19:23.2939369Z           "frontend_options" : {
3b SAST (CodeQL)	Initialize CodeQL	2026-10-07T14:19:23.2939702Z             "title" : "C/C++ extractor frontend options",
3b SAST (CodeQL)	Initialize CodeQL	2026-10-07T14:19:23.2940184Z             "description" : "Set additional options that should be passed to the C/C++ extractor frontend.\n",
3b SAST (CodeQL)	Initialize CodeQL	2026-10-07T14:19:23.2940676Z             "type" : "array",
3b SAST (CodeQL)	Initialize CodeQL	2026-10-07T14:19:23.2940974Z             "visibility" : 3
3b SAST (CodeQL)	Initialize CodeQL	2026-10-07T14:19:23.2941227Z           }
3b SAST (CodeQL)	Initialize CodeQL	2026-10-07T14:19:23.2941507Z         }
3b SAST (CodeQL)	Initialize CodeQL	2026-10-07T14:19:23.2942133Z       }
3b SAST (CodeQL)	Initialize CodeQL	2026-10-07T14:19:23.2942493Z     ],
3b SAST (CodeQL)	Initialize CodeQL	2026-10-07T14:19:23.2942845Z     "properties" : [
3b SAST (CodeQL)	Initialize CodeQL	2026-10-07T14:19:23.2943155Z       {
3b SAST (CodeQL)	Initialize CodeQL	2026-10-07T14:19:23.2943598Z         "extractor_root" : "/opt/hostedtoolcache/CodeQL/2.27.1/x64/codeql/properties"
3b SAST (CodeQL)	Initialize CodeQL	2026-10-07T14:19:23.2944116Z       }
3b SAST (CodeQL)	Initialize CodeQL	2026-10-07T14:19:23.2944372Z     ],
3b SAST (CodeQL)	Initialize CodeQL	2026-10-07T14:19:23.2944633Z     "rust" : [
3b SAST (CodeQL)	Initialize CodeQL	2026-10-07T14:19:23.2944977Z       {
3b SAST (CodeQL)	Initialize CodeQL	2026-10-07T14:19:23.2945378Z         "extractor_root" : "/opt/hostedtoolcache/CodeQL/2.27.1/x64/codeql/rust",
3b SAST (CodeQL)	Initialize CodeQL	2026-10-07T14:19:23.2945777Z         "extractor_options" : {
3b SAST (CodeQL)	Initialize CodeQL	2026-10-07T14:19:23.2946133Z           "trap" : {
3b SAST (CodeQL)	Initialize CodeQL	2026-10-07T14:19:23.2946456Z             "title" : "Options pertaining to TRAP.",
3b SAST (CodeQL)	Initialize CodeQL	2026-10-07T14:19:23.2946817Z             "description" : "Options pertaining to TRAP.",
3b SAST (CodeQL)	Initialize CodeQL	2026-10-07T14:19:23.2947296Z             "type" : "object",
3b SAST (CodeQL)	Initialize CodeQL	2026-10-07T14:19:23.2947582Z             "properties" : {
3b SAST (CodeQL)	Initialize CodeQL	2026-10-07T14:19:23.2947881Z               "compression" : {
3b SAST (CodeQL)	Initialize CodeQL	2026-10-07T14:19:23.2948429Z                 "title" : "Controls compression for the TRAP files written by the extractor.",
3b SAST (CodeQL)	Initialize CodeQL	2026-10-07T14:19:23.2949434Z                 "description" : "This option is only intended for use in debugging the extractor. Accepted values are 'gzip' (to write gzip-compressed TRAP) 'zstd' (the default, to write Zstandard-compressed TRAP) and 'none' (to write uncompressed TRAP).\n",
3b SAST (CodeQL)	Initialize CodeQL	2026-10-07T14:19:23.2950363Z                 "type" : "string",
3b SAST (CodeQL)	Initialize CodeQL	2026-10-07T14:19:23.2950716Z                 "pattern" : "^(none|gzip|zstd)$"
3b SAST (CodeQL)	Initialize CodeQL	2026-10-07T14:19:23.2951036Z               }
3b SAST (CodeQL)	Initialize CodeQL	2026-10-07T14:19:23.2951401Z             }
3b SAST (CodeQL)	Initialize CodeQL	2026-10-07T14:19:23.2951890Z           },
3b SAST (CodeQL)	Initialize CodeQL	2026-10-07T14:19:23.2952213Z           "cargo_target_dir" : {
3b SAST (CodeQL)	Initialize CodeQL	2026-10-07T14:19:23.2952611Z             "title" : "Directory to use for cargo output files.",
3b SAST (CodeQL)	Initialize CodeQL	2026-10-07T14:19:23.2953828Z             "description" : "This value is an optional path to use as `CARGO_TARGET_DIR` for the internal cargo commands the extractor uses. Pointing it to a persistent directory may reduce execution time of consecutive extractor runs. By default, a new scratch directory is used for each extraction, while qltests use the test's `target` directory so artifacts can be reused across runs.\n",
3b SAST (CodeQL)	Initialize CodeQL	2026-10-07T14:19:23.2955048Z             "type" : "string"
3b SAST (CodeQL)	Initialize CodeQL	2026-10-07T14:19:23.2955343Z           },
3b SAST (CodeQL)	Initialize CodeQL	2026-10-07T14:19:23.2955632Z           "cargo_target" : {
3b SAST (CodeQL)	Initialize CodeQL	2026-10-07T14:19:23.2956016Z             "title" : "Target architecture",
3b SAST (CodeQL)	Initialize CodeQL	2026-10-07T14:19:23.2956692Z             "description" : "Target architecture to use for analysis, analogous to `cargo --target`. By default the host architecture is used.\n",
3b SAST (CodeQL)	Initialize CodeQL	2026-10-07T14:19:23.2957314Z             "type" : "string"
3b SAST (CodeQL)	Initialize CodeQL	2026-10-07T14:19:23.2957650Z           },
3b SAST (CodeQL)	Initialize CodeQL	2026-10-07T14:19:23.2957979Z           "cargo_features" : {
3b SAST (CodeQL)	Initialize CodeQL	2026-10-07T14:19:23.2958344Z             "title" : "Cargo features to turn on",
3b SAST (CodeQL)	Initialize CodeQL	2026-10-07T14:19:23.2959363Z             "description" : "Comma-separated list of features to turn on. By default all features are enabled. If any features are specified, then only those features are enabled. The `default` feature must be explicitly specified if only default features are desired. Can be repeated.\n",
3b SAST (CodeQL)	Initialize CodeQL	2026-10-07T14:19:23.2960462Z             "type" : "array"
3b SAST (CodeQL)	Initialize CodeQL	2026-10-07T14:19:23.2960820Z           },
3b SAST (CodeQL)	Initialize CodeQL	2026-10-07T14:19:23.2961091Z           "cargo_cfg_overrides" : {
3b SAST (CodeQL)	Initialize CodeQL	2026-10-07T14:19:23.2961498Z             "title" : "Cargo cfg overrides",
3b SAST (CodeQL)	Initialize CodeQL	2026-10-07T14:19:23.2962387Z             "description" : "Comma-separated list of cfg settings to enable, or disable if prefixed with `-`. Can be repeated.\n",
3b SAST (CodeQL)	Initialize CodeQL	2026-10-07T14:19:23.2962958Z             "type" : "array"
3b SAST (CodeQL)	Initialize CodeQL	2026-10-07T14:19:23.2963227Z           },
3b SAST (CodeQL)	Initialize CodeQL	2026-10-07T14:19:23.2963455Z           "logging" : {
3b SAST (CodeQL)	Initialize CodeQL	2026-10-07T14:19:23.2963796Z             "title" : "Options pertaining to logging.",
3b SAST (CodeQL)	Initialize CodeQL	2026-10-07T14:19:23.2964194Z             "description" : "Options pertaining to logging.",
3b SAST (CodeQL)	Initialize CodeQL	2026-10-07T14:19:23.2964543Z             "type" : "object",
3b SAST (CodeQL)	Initialize CodeQL	2026-10-07T14:19:23.2964831Z             "properties" : {
3b SAST (CodeQL)	Initialize CodeQL	2026-10-07T14:19:23.2965110Z               "verbosity" : {
3b SAST (CodeQL)	Initialize CodeQL	2026-10-07T14:19:23.2965586Z                 "title" : "Extractor logging verbosity level.",
3b SAST (CodeQL)	Initialize CodeQL	2026-10-07T14:19:23.2966752Z                 "description" : "Controls the level of verbosity of the extractor. The supported levels are (in order of increasing verbosity):\n  - off\n  - errors\n  - warnings\n  - info or progress\n  - debug or progress+\n  - trace or progress++\n  - progress+++\n",
3b SAST (CodeQL)	Initialize CodeQL	2026-10-07T14:19:23.2967785Z                 "type" : "string",
3b SAST (CodeQL)	Initialize CodeQL	2026-10-07T14:19:23.2968331Z                 "pattern" : "^(off|errors|warnings|(info|progress)|(debug|progress\\+)|(trace|progress\\+\\+)|progress\\+\\+\\+)$"
3b SAST (CodeQL)	Initialize CodeQL	2026-10-07T14:19:23.2968845Z               },
3b SAST (CodeQL)	Initialize CodeQL	2026-10-07T14:19:23.2969153Z               "flamegraph" : {
3b SAST (CodeQL)	Initialize CodeQL	2026-10-07T14:19:23.2969564Z                 "title" : "[Experimental] File path for write flame graph log",
3b SAST (CodeQL)	Initialize CodeQL	2026-10-07T14:19:23.2970526Z                 "description" : "Collect flame graph data using the `tracing-flame` crate. To render a flame graph or chart, run the `inferno-flamegraph` command. See also: https://crates.io/crates/tracing-flame\n",
3b SAST (CodeQL)	Initialize CodeQL	2026-10-07T14:19:23.2971446Z                 "type" : "string"
3b SAST (CodeQL)	Initialize CodeQL	2026-10-07T14:19:23.2972061Z               }
3b SAST (CodeQL)	Initialize CodeQL	2026-10-07T14:19:23.2972393Z             }
3b SAST (CodeQL)	Initialize CodeQL	2026-10-07T14:19:23.2972649Z           },
3b SAST (CodeQL)	Initialize CodeQL	2026-10-07T14:19:23.2972922Z           "extract_dependencies_as_source" : {
3b SAST (CodeQL)	Initialize CodeQL	2026-10-07T14:19:23.2973366Z             "title" : "Extract dependencies as source code",
3b SAST (CodeQL)	Initialize CodeQL	2026-10-07T14:19:23.2973924Z             "description" : "Extract the full source code of dependencies instead of only extracting signatures.\n",
3b SAST (CodeQL)	Initialize CodeQL	2026-10-07T14:19:23.2974558Z             "type" : "string",
3b SAST (CodeQL)	Initialize CodeQL	2026-10-07T14:19:23.2974877Z             "pattern" : "^(false|true)$"
3b SAST (CodeQL)	Initialize CodeQL	2026-10-07T14:19:23.2975226Z           }
3b SAST (CodeQL)	Initialize CodeQL	2026-10-07T14:19:23.2975545Z         }
3b SAST (CodeQL)	Initialize CodeQL	2026-10-07T14:19:23.2975802Z       }
3b SAST (CodeQL)	Initialize CodeQL	2026-10-07T14:19:23.2976094Z     ],
3b SAST (CodeQL)	Initialize CodeQL	2026-10-07T14:19:23.2976357Z     "swift" : [
3b SAST (CodeQL)	Initialize CodeQL	2026-10-07T14:19:23.2976618Z       {
3b SAST (CodeQL)	Initialize CodeQL	2026-10-07T14:19:23.2977010Z         "extractor_root" : "/opt/hostedtoolcache/CodeQL/2.27.1/x64/codeql/swift"
3b SAST (CodeQL)	Initialize CodeQL	2026-10-07T14:19:23.2977422Z       }
3b SAST (CodeQL)	Initialize CodeQL	2026-10-07T14:19:23.2977654Z     ],
3b SAST (CodeQL)	Initialize CodeQL	2026-10-07T14:19:23.2978062Z     "java" : [
3b SAST (CodeQL)	Initialize CodeQL	2026-10-07T14:19:23.2978401Z       {
3b SAST (CodeQL)	Initialize CodeQL	2026-10-07T14:19:23.2978920Z         "extractor_root" : "/opt/hostedtoolcache/CodeQL/2.27.1/x64/codeql/java",
3b SAST (CodeQL)	Initialize CodeQL	2026-10-07T14:19:23.2979506Z         "extractor_options" : {
3b SAST (CodeQL)	Initialize CodeQL	2026-10-07T14:19:23.2979941Z           "exclude" : {
3b SAST (CodeQL)	Initialize CodeQL	2026-10-07T14:19:23.2980331Z             "title" : "A glob excluding files from analysis.",
3b SAST (CodeQL)	Initialize CodeQL	2026-10-07T14:19:23.2981055Z             "description" : "A glob indicating what files to exclude from the analysis. This accepts glob patterns that are supported by Java's 'getPathMatcher' implementation.\n",
3b SAST (CodeQL)	Initialize CodeQL	2026-10-07T14:19:23.2982170Z             "type" : "string"
3b SAST (CodeQL)	Initialize CodeQL	2026-10-07T14:19:23.2982526Z           },
3b SAST (CodeQL)	Initialize CodeQL	2026-10-07T14:19:23.2982809Z           "add_prefer_source" : {
3b SAST (CodeQL)	Initialize CodeQL	2026-10-07T14:19:23.2983262Z             "title" : "Whether to always prefer source files over class files.",
3b SAST (CodeQL)	Initialize CodeQL	2026-10-07T14:19:23.2984330Z             "description" : "A value indicating whether source files should be preferred over class files. If set to 'true', the extraction adds '-Xprefer:source' to the javac command line. If set to 'false', the extraction uses the default javac behavior ('-Xprefer:newer'). The default is 'true'.\n",
3b SAST (CodeQL)	Initialize CodeQL	2026-10-07T14:19:23.2985552Z             "type" : "string",
3b SAST (CodeQL)	Initialize CodeQL	2026-10-07T14:19:23.2985890Z             "pattern" : "^(false|true)$"
3b SAST (CodeQL)	Initialize CodeQL	2026-10-07T14:19:23.2986236Z           },
3b SAST (CodeQL)	Initialize CodeQL	2026-10-07T14:19:23.2986552Z           "buildless" : {
3b SAST (CodeQL)	Initialize CodeQL	2026-10-07T14:19:23.2986989Z             "title" : "Whether to use buildless (standalone) extraction (experimental).",
3b SAST (CodeQL)	Initialize CodeQL	2026-10-07T14:19:23.2988528Z             "description" : "A value indicating, which type of extraction the autobuilder should perform. If 'true', then the standalone extractor will be used, otherwise tracing extraction will be performed. The default is 'false'. Note that buildless extraction will generally yield less accurate analysis results, and should only be used in cases where it is not possible to build the code (for example if it uses inaccessible dependencies).\n",
3b SAST (CodeQL)	Initialize CodeQL	2026-10-07T14:19:23.2989900Z             "type" : "string",
3b SAST (CodeQL)	Initialize CodeQL	2026-10-07T14:19:23.2990237Z             "pattern" : "^(false|true)$"
3b SAST (CodeQL)	Initialize CodeQL	2026-10-07T14:19:23.2990595Z           },
3b SAST (CodeQL)	Initialize CodeQL	2026-10-07T14:19:23.2990870Z           "buildless_dependency_dir" : {
3b SAST (CodeQL)	Initialize CodeQL	2026-10-07T14:19:23.2991386Z             "title" : "The path where buildless (standalone) extraction should keep dependencies.",
3b SAST (CodeQL)	Initialize CodeQL	2026-10-07T14:19:23.2992317Z             "description" : "If set, the buildless (standalone) extractor will store dependencies in this directory.\n",
3b SAST (CodeQL)	Initialize CodeQL	2026-10-07T14:19:23.2992875Z             "type" : "string"
3b SAST (CodeQL)	Initialize CodeQL	2026-10-07T14:19:23.2993200Z           },
3b SAST (CodeQL)	Initialize CodeQL	2026-10-07T14:19:23.2993481Z           "minimize_dependency_jars" : {
3b SAST (CodeQL)	Initialize CodeQL	2026-10-07T14:19:23.2994076Z             "title" : "Whether to rewrite and minimize downloaded JAR dependencies (experimental).",
3b SAST (CodeQL)	Initialize CodeQL	2026-10-07T14:19:23.2994925Z             "description" : "If 'true', JAR dependencies downloaded during extraction will be rewritten to remove unneeded data, such as method bodies. The default is 'false'.\n",
3b SAST (CodeQL)	Initialize CodeQL	2026-10-07T14:19:23.2995736Z             "type" : "string",
3b SAST (CodeQL)	Initialize CodeQL	2026-10-07T14:19:23.2996075Z             "pattern" : "^(false|true)$"
3b SAST (CodeQL)	Initialize CodeQL	2026-10-07T14:19:23.2996396Z           }
3b SAST (CodeQL)	Initialize CodeQL	2026-10-07T14:19:23.2996638Z         }
3b SAST (CodeQL)	Initialize CodeQL	2026-10-07T14:19:23.2996953Z       }
3b SAST (CodeQL)	Initialize CodeQL	2026-10-07T14:19:23.2997203Z     ]
3b SAST (CodeQL)	Initialize CodeQL	2026-10-07T14:19:23.2997469Z   }
3b SAST (CodeQL)	Initialize CodeQL	2026-10-07T14:19:23.2997737Z }
3b SAST (CodeQL)	Initialize CodeQL	2026-10-07T14:19:23.2998202Z python does not support TRAP caching (missing option group)
3b SAST (CodeQL)	Initialize CodeQL	2026-10-07T14:19:23.2998695Z Found 0 languages that support TRAP caching
3b SAST (CodeQL)	Initialize CodeQL	2026-10-07T14:19:23.2999417Z ##[endgroup]
3b SAST (CodeQL)	Initialize CodeQL	2026-10-07T14:19:23.3000453Z While resolving threads, found a cgroup CPUs file with 4 CPUs in /sys/fs/cgroup/cpuset.cpus.effective.
3b SAST (CodeQL)	Initialize CodeQL	2026-10-07T14:19:24.1553892Z Writing augmented user configuration file to /home/runner/work/_temp/user-config.yaml
3b SAST (CodeQL)	Initialize CodeQL	2026-10-07T14:19:24.1554808Z ##[group]Augmented user configuration file contents
3b SAST (CodeQL)	Initialize CodeQL	2026-10-07T14:19:24.1569400Z paths:
3b SAST (CodeQL)	Initialize CodeQL	2026-10-07T14:19:24.1569881Z   - labs/17-devsecops/app
3b SAST (CodeQL)	Initialize CodeQL	2026-10-07T14:19:24.1570083Z 
3b SAST (CodeQL)	Initialize CodeQL	2026-10-07T14:19:24.1570590Z ##[endgroup]
3b SAST (CodeQL)	Initialize CodeQL	2026-10-07T14:19:24.1575513Z [command]/opt/hostedtoolcache/CodeQL/2.27.1/x64/codeql/codeql database init --force-overwrite --db-cluster /home/runner/work/_temp/codeql_databases --source-root=/home/runner/work/devops-coursework/devops-coursework --calculate-language-specific-baseline --sublanguage-file-coverage --extractor-include-aliases --language=python --codescanning-config=/home/runner/work/_temp/user-config.yaml
3b SAST (CodeQL)	Initialize CodeQL	2026-10-07T14:19:25.7363379Z Package install location: /home/runner/.codeql/packages
3b SAST (CodeQL)	Initialize CodeQL	2026-10-07T14:19:25.7374871Z Nothing downloaded.
3b SAST (CodeQL)	Initialize CodeQL	2026-10-07T14:19:28.5989951Z Calculating baseline information in /home/runner/work/devops-coursework/devops-coursework
3b SAST (CodeQL)	Initialize CodeQL	2026-10-07T14:19:30.1607792Z Calculated baseline information for languages: python (1.6s).
3b SAST (CodeQL)	Initialize CodeQL	2026-10-07T14:19:30.6978147Z Resolving extractor python.
3b SAST (CodeQL)	Initialize CodeQL	2026-10-07T14:19:30.7023371Z Successfully loaded extractor Python (python) from /opt/hostedtoolcache/CodeQL/2.27.1/x64/codeql/python.
3b SAST (CodeQL)	Initialize CodeQL	2026-10-07T14:19:30.7470280Z Created skeleton CodeQL database at /home/runner/work/_temp/codeql_databases/python. This in-progress database is ready to be populated by an extractor.
3b SAST (CodeQL)	Analyze code	﻿2026-10-07T14:19:32.0986833Z ##[group]Run github/codeql-action/analyze@v3
3b SAST (CodeQL)	Analyze code	2026-10-07T14:19:32.0987234Z with:
3b SAST (CodeQL)	Analyze code	2026-10-07T14:19:32.0987500Z   category: session17-devsecops
3b SAST (CodeQL)	Analyze code	2026-10-07T14:19:32.0987807Z   output: ../results
3b SAST (CodeQL)	Analyze code	2026-10-07T14:19:32.0988147Z   upload: always
3b SAST (CodeQL)	Analyze code	2026-10-07T14:19:32.0988406Z   skip-queries: false
3b SAST (CodeQL)	Analyze code	2026-10-07T14:19:32.0988808Z   checkout_path: /home/runner/work/devops-coursework/devops-coursework
3b SAST (CodeQL)	Analyze code	2026-10-07T14:19:32.0989222Z   upload-database: true
3b SAST (CodeQL)	Analyze code	2026-10-07T14:19:32.0989489Z   wait-for-processing: true
3b SAST (CodeQL)	Analyze code	2026-10-07T14:19:32.0991800Z   token: ***
3b SAST (CodeQL)	Analyze code	2026-10-07T14:19:32.0992060Z   matrix: null
3b SAST (CodeQL)	Analyze code	2026-10-07T14:19:32.0992364Z   expect-error: false
3b SAST (CodeQL)	Analyze code	2026-10-07T14:19:32.0992640Z env:
3b SAST (CodeQL)	Analyze code	2026-10-07T14:19:32.0992876Z   APP_DIR: labs/17-devsecops
3b SAST (CodeQL)	Analyze code	2026-10-07T14:19:32.0993212Z   IMAGE_NAME: claim-check-api
3b SAST (CodeQL)	Analyze code	2026-10-07T14:19:32.0993503Z   TRIVY_VERSION: 0.75.0
3b SAST (CodeQL)	Analyze code	2026-10-07T14:19:32.0993784Z   GITLEAKS_VERSION: 8.30.1
3b SAST (CodeQL)	Analyze code	2026-10-07T14:19:32.0994091Z   PYTHON_VERSION: 3.13
3b SAST (CodeQL)	Analyze code	2026-10-07T14:19:32.0994435Z   CODEQL_ACTION_JOB_RUN_UUID: ff709cfa-59ba-4074-9b07-e95df84f9715
3b SAST (CodeQL)	Analyze code	2026-10-07T14:19:32.0994973Z   CODEQL_ACTION_FEATURE_MULTI_LANGUAGE: false
3b SAST (CodeQL)	Analyze code	2026-10-07T14:19:32.0995309Z   CODEQL_ACTION_FEATURE_SANDWICH: false
3b SAST (CodeQL)	Analyze code	2026-10-07T14:19:32.0995691Z   CODEQL_ACTION_FEATURE_SARIF_COMBINE: true
3b SAST (CodeQL)	Analyze code	2026-10-07T14:19:32.0996033Z   CODEQL_ACTION_FEATURE_WILL_UPLOAD: true
3b SAST (CodeQL)	Analyze code	2026-10-07T14:19:32.0996360Z   CODEQL_ACTION_VERSION: 3.38.2
3b SAST (CodeQL)	Analyze code	2026-10-07T14:19:32.0996688Z   CODEQL_ACTION_DID_LOG_VERSION_DEPRECATION: true
3b SAST (CodeQL)	Analyze code	2026-10-07T14:19:32.0997022Z   CODEQL_ACTION_INIT_HAS_RUN: true
3b SAST (CodeQL)	Analyze code	2026-10-07T14:19:32.0997583Z   CODEQL_ACTION_ANALYSIS_KEY: .github/workflows/session17-devsecops.yml:codeql
3b SAST (CodeQL)	Analyze code	2026-10-07T14:19:32.0998037Z   CODEQL_WORKFLOW_STARTED_AT: 2026-10-07T14:19:14.122Z
3b SAST (CodeQL)	Analyze code	2026-10-07T14:19:32.0998376Z   CODEQL_ACTION_HAS_SET_UP_CODEQL: true
3b SAST (CodeQL)	Analyze code	2026-10-07T14:19:32.0998752Z   CODEQL_RAM: 14574
3b SAST (CodeQL)	Analyze code	2026-10-07T14:19:32.0999013Z   CODEQL_THREADS: 4
3b SAST (CodeQL)	Analyze code	2026-10-07T14:19:32.0999315Z ##[endgroup]
3b SAST (CodeQL)	Analyze code	2026-10-07T14:19:32.3163337Z Existing job run UUID is ff709cfa-59ba-4074-9b07-e95df84f9715.
3b SAST (CodeQL)	Analyze code	2026-10-07T14:19:32.7292666Z While resolving threads, found a cgroup CPUs file with 4 CPUs in /sys/fs/cgroup/cpuset.cpus.effective.
3b SAST (CodeQL)	Analyze code	2026-10-07T14:19:32.7321454Z ##[group]Generating diff range extension pack
3b SAST (CodeQL)	Analyze code	2026-10-07T14:19:32.7323687Z No precomputed diff ranges found; skipping diff-informed analysis stage.
3b SAST (CodeQL)	Analyze code	2026-10-07T14:19:32.7324763Z ##[endgroup]
3b SAST (CodeQL)	Analyze code	2026-10-07T14:19:33.6238360Z ##[group]Extracting python
3b SAST (CodeQL)	Analyze code	2026-10-07T14:19:33.6239969Z [command]/opt/hostedtoolcache/CodeQL/2.27.1/x64/codeql/codeql database trace-command --index-traceless-dbs /home/runner/work/_temp/codeql_databases/python
3b SAST (CodeQL)	Analyze code	2026-10-07T14:19:34.3939800Z Running command in /home/runner/work/devops-coursework/devops-coursework: [/opt/hostedtoolcache/CodeQL/2.27.1/x64/codeql/python/tools/autobuild.sh]
3b SAST (CodeQL)	Analyze code	2026-10-07T14:19:34.5422193Z [2026-10-07 14:19:34] [build-stderr] /bin/sh: 1: python2: not found
3b SAST (CodeQL)	Analyze code	2026-10-07T14:19:34.5684641Z [2026-10-07 14:19:34] [build-stdout] No directories containing root identifiers were found. Returning working directory as root.
3b SAST (CodeQL)	Analyze code	2026-10-07T14:19:34.5685911Z [2026-10-07 14:19:34] [build-stdout] Will try to guess Python version, as it was not specified in `lgtm.yml`
3b SAST (CodeQL)	Analyze code	2026-10-07T14:19:34.5686843Z [2026-10-07 14:19:34] [build-stdout] Trying to guess Python version based on Trove classifiers in setup.py
3b SAST (CodeQL)	Analyze code	2026-10-07T14:19:34.5688155Z [2026-10-07 14:19:34] [build-stdout] Did not find setup.py (expected it to be at /home/runner/work/devops-coursework/devops-coursework/setup.py)
3b SAST (CodeQL)	Analyze code	2026-10-07T14:19:34.5689300Z [2026-10-07 14:19:34] [build-stdout] Trying to guess Python version based on travis file
3b SAST (CodeQL)	Analyze code	2026-10-07T14:19:34.5690909Z [2026-10-07 14:19:34] [build-stdout] Did not find any travis files (expected them at either ['/home/runner/work/devops-coursework/devops-coursework/.travis.yml', '/home/runner/work/devops-coursework/devops-coursework/travis.yml'])
3b SAST (CodeQL)	Analyze code	2026-10-07T14:19:34.5692778Z [2026-10-07 14:19:34] [build-stdout] Trying to guess Python version based on installed versions
3b SAST (CodeQL)	Analyze code	2026-10-07T14:19:34.5693740Z [2026-10-07 14:19:34] [build-stdout] Wanted to run Python 2, but it is not available. Using Python 3 instead
3b SAST (CodeQL)	Analyze code	2026-10-07T14:19:34.5701232Z [2026-10-07 14:19:34] [build-stdout] This script is running Python 3, but Python 2 is also available (as 'python3')
3b SAST (CodeQL)	Analyze code	2026-10-07T14:19:34.5702703Z [2026-10-07 14:19:34] [build-stdout] Could not guess Python version, will use default: Python 3
3b SAST (CodeQL)	Analyze code	2026-10-07T14:19:34.5704574Z [2026-10-07 14:19:34] [build-stdout] Calling python3 -S /opt/hostedtoolcache/CodeQL/2.27.1/x64/codeql/python/tools/python_tracer.py --verbosity 3 -z all -c /home/runner/work/_temp/codeql_databases/python/working/trap_cache -R labs/17-devsecops/app --filter include:labs/17-devsecops/app
3b SAST (CodeQL)	Analyze code	2026-10-07T14:19:35.0380009Z [2026-10-07 14:19:35] [build-stdout] INFO: The Python extractor has recently stopped extracting the standard library by default. If you encounter problems, please let us know by submitting an issue to https://github.com/github/codeql. It is possible to re-enable extraction of the standard library by setting the environment variable CODEQL_EXTRACTOR_PYTHON_EXTRACT_STDLIB.
3b SAST (CodeQL)	Analyze code	2026-10-07T14:19:35.0392087Z [2026-10-07 14:19:35] [build-stdout] [INFO] Extraction will use the Python 3 standard library.
3b SAST (CodeQL)	Analyze code	2026-10-07T14:19:35.0408287Z [2026-10-07 14:19:35] [build-stdout] [INFO] sys_path is: ['/opt/hostedtoolcache/CodeQL/2.27.1/x64/codeql/python/tools', '/usr/lib/python312.zip', '/usr/lib/python3.12', '/usr/lib/python3.12/lib-dynload']
3b SAST (CodeQL)	Analyze code	2026-10-07T14:19:35.0444191Z [2026-10-07 14:19:35] [build-stdout] [INFO] Python version 3.12.3
3b SAST (CodeQL)	Analyze code	2026-10-07T14:19:35.0445757Z [2026-10-07 14:19:35] [build-stdout] [INFO] Python extractor version 7.1.10
3b SAST (CodeQL)	Analyze code	2026-10-07T14:19:35.1147144Z [2026-10-07 14:19:35] [build-stdout] [INFO] [4] Extracted file /home/runner/work/devops-coursework/devops-coursework/labs/17-devsecops/app/__init__.py in 8ms
3b SAST (CodeQL)	Analyze code	2026-10-07T14:19:35.1187704Z [2026-10-07 14:19:35] [build-stdout] [INFO] [3] Extracted folder /home/runner/work/devops-coursework/devops-coursework/labs/17-devsecops/app in 2ms
3b SAST (CodeQL)	Analyze code	2026-10-07T14:19:35.1551862Z [2026-10-07 14:19:35] [build-stdout] [INFO] [2] Extracted file /home/runner/work/devops-coursework/devops-coursework/labs/17-devsecops/app/server.py in 49ms
3b SAST (CodeQL)	Analyze code	2026-10-07T14:19:35.1554215Z [2026-10-07 14:19:35] [build-stdout] [INFO] [4] Skipped built-in file /usr/lib/python3.12/os.py
3b SAST (CodeQL)	Analyze code	2026-10-07T14:19:35.1645907Z [2026-10-07 14:19:35] [build-stdout] [INFO] [1] Extracted file /home/runner/work/devops-coursework/devops-coursework/labs/17-devsecops/app/claims.py in 59ms
3b SAST (CodeQL)	Analyze code	2026-10-07T14:19:35.1647969Z [2026-10-07 14:19:35] [build-stdout] [INFO] [4] Skipped built-in file /usr/lib/python3.12/secrets.py
3b SAST (CodeQL)	Analyze code	2026-10-07T14:19:35.1652235Z [2026-10-07 14:19:35] [build-stdout] [INFO] [4] Skipped built-in file /usr/lib/python3.12/decimal.py
3b SAST (CodeQL)	Analyze code	2026-10-07T14:19:35.1666557Z [2026-10-07 14:19:35] [build-stdout] [INFO] [3] Skipped built-in file /usr/lib/python3.12/hashlib.py
3b SAST (CodeQL)	Analyze code	2026-10-07T14:19:35.2096696Z [2026-10-07 14:19:35] [build-stdout] [INFO] Processed 8 modules in 0.16s
3b SAST (CodeQL)	Analyze code	2026-10-07T14:19:35.2501154Z ##[endgroup]
3b SAST (CodeQL)	Analyze code	2026-10-07T14:19:35.2523239Z ##[group]Finalizing python
3b SAST (CodeQL)	Analyze code	2026-10-07T14:19:35.2524386Z [command]/opt/hostedtoolcache/CodeQL/2.27.1/x64/codeql/codeql database finalize --finalize-dataset --threads=4 --ram=14574 /home/runner/work/_temp/codeql_databases/python
3b SAST (CodeQL)	Analyze code	2026-10-07T14:19:36.0050364Z Running pre-finalize script /opt/hostedtoolcache/CodeQL/2.27.1/x64/codeql/python/tools/pre-finalize.sh in /home/runner/work/devops-coursework/devops-coursework.
3b SAST (CodeQL)	Analyze code	2026-10-07T14:19:36.0792630Z Running command in /home/runner/work/devops-coursework/devops-coursework: [/opt/hostedtoolcache/CodeQL/2.27.1/x64/codeql/python/tools/pre-finalize.sh]
3b SAST (CodeQL)	Analyze code	2026-10-07T14:19:36.8173843Z [2026-10-07 14:19:36] [build-stderr] Scanning for files in /home/runner/work/devops-coursework/devops-coursework...
3b SAST (CodeQL)	Analyze code	2026-10-07T14:19:36.9007835Z Pre-finalize script /opt/hostedtoolcache/CodeQL/2.27.1/x64/codeql/python/tools/pre-finalize.sh completed in 895 ms.
3b SAST (CodeQL)	Analyze code	2026-10-07T14:19:36.9047594Z Running TRAP import for CodeQL database at /home/runner/work/_temp/codeql_databases/python...
3b SAST (CodeQL)	Analyze code	2026-10-07T14:19:38.2151351Z Importing TRAP files
3b SAST (CodeQL)	Analyze code	2026-10-07T14:19:39.0066425Z Merging relations
3b SAST (CodeQL)	Analyze code	2026-10-07T14:19:39.5203590Z Finished writing database (relations: 66.64 KiB; string pool: 2.08 MiB).
3b SAST (CodeQL)	Analyze code	2026-10-07T14:19:39.5731818Z TRAP import complete (2.7s).
3b SAST (CodeQL)	Analyze code	2026-10-07T14:19:39.8587172Z Finished zipping source archive (2.92 KiB).
3b SAST (CodeQL)	Analyze code	2026-10-07T14:19:39.8663904Z ##[endgroup]
3b SAST (CodeQL)	Analyze code	2026-10-07T14:19:40.7471976Z ##[group]Running queries for python
3b SAST (CodeQL)	Analyze code	2026-10-07T14:19:40.7473072Z [command]/opt/hostedtoolcache/CodeQL/2.27.1/x64/codeql/codeql database run-queries --ram=14574 --threads=4 --expect-discarded-cache /home/runner/work/_temp/codeql_databases/python --min-disk-free=1024 -v
3b SAST (CodeQL)	Analyze code	2026-10-07T14:19:41.4813549Z Writing logs to /home/runner/work/_temp/codeql_databases/python/log/database-run-queries-20261007.141941.478.log.
3b SAST (CodeQL)	Analyze code	2026-10-07T14:19:42.1806602Z Writing logs to /home/runner/work/_temp/codeql_databases/python/log/execute-queries-20261007.141942.176.log.
3b SAST (CodeQL)	Analyze code	2026-10-07T14:19:42.5037333Z Recording pack reference codeql/python-queries at /opt/hostedtoolcache/CodeQL/2.27.1/x64/codeql/qlpacks/codeql/python-queries/1.8.11.
3b SAST (CodeQL)	Analyze code	2026-10-07T14:19:42.6886173Z Resolving data extensions.
3b SAST (CodeQL)	Analyze code	2026-10-07T14:19:44.0679430Z Finished resolving data extensions.
3b SAST (CodeQL)	Analyze code	2026-10-07T14:19:44.1144960Z Loading data extensions.
3b SAST (CodeQL)	Analyze code	2026-10-07T14:19:44.5186618Z Finished loading data extensions.
3b SAST (CodeQL)	Analyze code	2026-10-07T14:19:45.6060562Z [1/45] Loaded /opt/hostedtoolcache/CodeQL/2.27.1/x64/codeql/qlpacks/codeql/python-queries/1.8.11/Expressions/UseofInput.qlx.
3b SAST (CodeQL)	Analyze code	2026-10-07T14:19:45.6085960Z [2/45] Loaded /opt/hostedtoolcache/CodeQL/2.27.1/x64/codeql/qlpacks/codeql/python-queries/1.8.11/Security/CWE-326/WeakCryptoKey.qlx.
3b SAST (CodeQL)	Analyze code	2026-10-07T14:19:45.8373744Z [3/45] Loaded /opt/hostedtoolcache/CodeQL/2.27.1/x64/codeql/qlpacks/codeql/python-queries/1.8.11/Security/CWE-116/BadTagFilter.qlx.
3b SAST (CodeQL)	Analyze code	2026-10-07T14:19:45.9154203Z [4/45] Loaded /opt/hostedtoolcache/CodeQL/2.27.1/x64/codeql/qlpacks/codeql/python-queries/1.8.11/Security/CWE-079/ReflectedXss.qlx.
3b SAST (CodeQL)	Analyze code	2026-10-07T14:19:45.9418123Z [5/45] Loaded /opt/hostedtoolcache/CodeQL/2.27.1/x64/codeql/qlpacks/codeql/python-queries/1.8.11/Security/CWE-918/FullServerSideRequestForgery.qlx.
3b SAST (CodeQL)	Analyze code	2026-10-07T14:19:45.9716122Z [6/45] Loaded /opt/hostedtoolcache/CodeQL/2.27.1/x64/codeql/qlpacks/codeql/python-queries/1.8.11/Security/CWE-022/PathInjection.qlx.
3b SAST (CodeQL)	Analyze code	2026-10-07T14:19:46.2439732Z [7/45] Loaded /opt/hostedtoolcache/CodeQL/2.27.1/x64/codeql/qlpacks/codeql/python-queries/1.8.11/Security/CWE-209/StackTraceExposure.qlx.
3b SAST (CodeQL)	Analyze code	2026-10-07T14:19:46.2595640Z [8/45] Loaded /opt/hostedtoolcache/CodeQL/2.27.1/x64/codeql/qlpacks/codeql/python-queries/1.8.11/Security/CWE-643/XpathInjection.qlx.
3b SAST (CodeQL)	Analyze code	2026-10-07T14:19:46.2633750Z [9/45] Loaded /opt/hostedtoolcache/CodeQL/2.27.1/x64/codeql/qlpacks/codeql/python-queries/1.8.11/Security/CWE-094/CodeInjection.qlx.
3b SAST (CodeQL)	Analyze code	2026-10-07T14:19:46.3373787Z [10/45] Loaded /opt/hostedtoolcache/CodeQL/2.27.1/x64/codeql/qlpacks/codeql/python-queries/1.8.11/Security/CWE-377/InsecureTemporaryFile.qlx.
3b SAST (CodeQL)	Analyze code	2026-10-07T14:19:46.4453286Z [11/45] Loaded /opt/hostedtoolcache/CodeQL/2.27.1/x64/codeql/qlpacks/codeql/python-queries/1.8.11/Security/CWE-943/NoSqlInjection.qlx.
3b SAST (CodeQL)	Analyze code	2026-10-07T14:19:46.4499633Z [12/45] Loaded /opt/hostedtoolcache/CodeQL/2.27.1/x64/codeql/qlpacks/codeql/python-queries/1.8.11/Security/CWE-730/ReDoS.qlx.
3b SAST (CodeQL)	Analyze code	2026-10-07T14:19:46.5313970Z [13/45] Loaded /opt/hostedtoolcache/CodeQL/2.27.1/x64/codeql/qlpacks/codeql/python-queries/1.8.11/Security/CWE-730/PolynomialReDoS.qlx.
3b SAST (CodeQL)	Analyze code	2026-10-07T14:19:46.5431865Z [14/45] Loaded /opt/hostedtoolcache/CodeQL/2.27.1/x64/codeql/qlpacks/codeql/python-queries/1.8.11/Security/CWE-295/MissingHostKeyValidation.qlx.
3b SAST (CodeQL)	Analyze code	2026-10-07T14:19:46.5725691Z [15/45] Loaded /opt/hostedtoolcache/CodeQL/2.27.1/x64/codeql/qlpacks/codeql/python-queries/1.8.11/Security/CWE-730/RegexInjection.qlx.
3b SAST (CodeQL)	Analyze code	2026-10-07T14:19:46.6395216Z [16/45] Loaded /opt/hostedtoolcache/CodeQL/2.27.1/x64/codeql/qlpacks/codeql/python-queries/1.8.11/Security/CWE-1275/SameSiteNoneCookie.qlx.
3b SAST (CodeQL)	Analyze code	2026-10-07T14:19:46.6654147Z [17/45] Loaded /opt/hostedtoolcache/CodeQL/2.27.1/x64/codeql/qlpacks/codeql/python-queries/1.8.11/Security/CWE-352/CSRFProtectionDisabled.qlx.
3b SAST (CodeQL)	Analyze code	2026-10-07T14:19:46.6823039Z [18/45] Loaded /opt/hostedtoolcache/CodeQL/2.27.1/x64/codeql/qlpacks/codeql/python-queries/1.8.11/Security/CWE-601/UrlRedirect.qlx.
3b SAST (CodeQL)	Analyze code	2026-10-07T14:19:46.7113207Z [19/45] Loaded /opt/hostedtoolcache/CodeQL/2.27.1/x64/codeql/qlpacks/codeql/python-queries/1.8.11/Security/CWE-611/Xxe.qlx.
3b SAST (CodeQL)	Analyze code	2026-10-07T14:19:46.8313628Z [20/45] Loaded /opt/hostedtoolcache/CodeQL/2.27.1/x64/codeql/qlpacks/codeql/python-queries/1.8.11/Security/CWE-312/CleartextLogging.qlx.
3b SAST (CodeQL)	Analyze code	2026-10-07T14:19:46.8343329Z [21/45] Loaded /opt/hostedtoolcache/CodeQL/2.27.1/x64/codeql/qlpacks/codeql/python-queries/1.8.11/Security/CWE-1004/NonHttpOnlyCookie.qlx.
3b SAST (CodeQL)	Analyze code	2026-10-07T14:19:46.8395286Z [22/45] Loaded /opt/hostedtoolcache/CodeQL/2.27.1/x64/codeql/qlpacks/codeql/python-queries/1.8.11/Security/CWE-312/CleartextStorage.qlx.
3b SAST (CodeQL)	Analyze code	2026-10-07T14:19:46.8594548Z [23/45] Loaded /opt/hostedtoolcache/CodeQL/2.27.1/x64/codeql/qlpacks/codeql/python-queries/1.8.11/Security/CWE-776/XmlBomb.qlx.
3b SAST (CodeQL)	Analyze code	2026-10-07T14:19:46.9716086Z [24/45] Loaded /opt/hostedtoolcache/CodeQL/2.27.1/x64/codeql/qlpacks/codeql/python-queries/1.8.11/Security/CWE-089/SqlInjection.qlx.
3b SAST (CodeQL)	Analyze code	2026-10-07T14:19:47.0123599Z [25/45] Loaded /opt/hostedtoolcache/CodeQL/2.27.1/x64/codeql/qlpacks/codeql/python-queries/1.8.11/Security/CVE-2018-1281/BindToAllInterfaces.qlx.
3b SAST (CodeQL)	Analyze code	2026-10-07T14:19:47.1523407Z [26/45] Loaded /opt/hostedtoolcache/CodeQL/2.27.1/x64/codeql/qlpacks/codeql/python-queries/1.8.11/Security/CWE-215/FlaskDebug.qlx.
3b SAST (CodeQL)	Analyze code	2026-10-07T14:19:47.1683335Z [27/45] Loaded /opt/hostedtoolcache/CodeQL/2.27.1/x64/codeql/qlpacks/codeql/python-queries/1.8.11/Security/CWE-502/UnsafeDeserialization.qlx.
3b SAST (CodeQL)	Analyze code	2026-10-07T14:19:47.1726969Z [28/45] Loaded /opt/hostedtoolcache/CodeQL/2.27.1/x64/codeql/qlpacks/codeql/python-queries/1.8.11/Security/CWE-074/TemplateInjection.qlx.
3b SAST (CodeQL)	Analyze code	2026-10-07T14:19:47.1843236Z [29/45] Loaded /opt/hostedtoolcache/CodeQL/2.27.1/x64/codeql/qlpacks/codeql/python-queries/1.8.11/Security/CWE-078/CommandInjection.qlx.
3b SAST (CodeQL)	Analyze code	2026-10-07T14:19:47.2673213Z [30/45] Loaded /opt/hostedtoolcache/CodeQL/2.27.1/x64/codeql/qlpacks/codeql/python-queries/1.8.11/Security/CWE-327/BrokenCryptoAlgorithm.qlx.
3b SAST (CodeQL)	Analyze code	2026-10-07T14:19:47.3223312Z [31/45] Loaded /opt/hostedtoolcache/CodeQL/2.27.1/x64/codeql/qlpacks/codeql/python-queries/1.8.11/Security/CWE-327/InsecureDefaultProtocol.qlx.
3b SAST (CodeQL)	Analyze code	2026-10-07T14:19:47.3643662Z [32/45] Loaded /opt/hostedtoolcache/CodeQL/2.27.1/x64/codeql/qlpacks/codeql/python-queries/1.8.11/Security/CWE-327/InsecureProtocol.qlx.
3b SAST (CodeQL)	Analyze code	2026-10-07T14:19:47.4075886Z [33/45] Loaded /opt/hostedtoolcache/CodeQL/2.27.1/x64/codeql/qlpacks/codeql/python-queries/1.8.11/Security/CWE-090/LdapInjection.qlx.
3b SAST (CodeQL)	Analyze code	2026-10-07T14:19:47.4133464Z [34/45] Loaded /opt/hostedtoolcache/CodeQL/2.27.1/x64/codeql/qlpacks/codeql/python-queries/1.8.11/Security/CWE-614/InsecureCookie.qlx.
3b SAST (CodeQL)	Analyze code	2026-10-07T14:19:47.4193123Z [35/45] Loaded /opt/hostedtoolcache/CodeQL/2.27.1/x64/codeql/qlpacks/codeql/python-queries/1.8.11/Security/CWE-327/WeakSensitiveDataHashing.qlx.
3b SAST (CodeQL)	Analyze code	2026-10-07T14:19:47.4403213Z [36/45] Loaded /opt/hostedtoolcache/CodeQL/2.27.1/x64/codeql/qlpacks/codeql/python-queries/1.8.11/Security/CWE-020/IncompleteUrlSubstringSanitization.qlx.
3b SAST (CodeQL)	Analyze code	2026-10-07T14:19:47.4893867Z [37/45] Loaded /opt/hostedtoolcache/CodeQL/2.27.1/x64/codeql/qlpacks/codeql/python-queries/1.8.11/Security/CWE-020/IncompleteHostnameRegExp.qlx.
3b SAST (CodeQL)	Analyze code	2026-10-07T14:19:47.5133591Z [38/45] Loaded /opt/hostedtoolcache/CodeQL/2.27.1/x64/codeql/qlpacks/codeql/python-queries/1.8.11/Security/CWE-285/PamAuthorization.qlx.
3b SAST (CodeQL)	Analyze code	2026-10-07T14:19:47.5283827Z [39/45] Loaded /opt/hostedtoolcache/CodeQL/2.27.1/x64/codeql/qlpacks/codeql/python-queries/1.8.11/Security/CWE-020/OverlyLargeRange.qlx.
3b SAST (CodeQL)	Analyze code	2026-10-07T14:19:47.5313249Z [40/45] Loaded /opt/hostedtoolcache/CodeQL/2.27.1/x64/codeql/qlpacks/codeql/python-queries/1.8.11/Diagnostics/ExtractionWarnings.qlx.
3b SAST (CodeQL)	Analyze code	2026-10-07T14:19:47.5343388Z [41/45] Loaded /opt/hostedtoolcache/CodeQL/2.27.1/x64/codeql/qlpacks/codeql/python-queries/1.8.11/Diagnostics/ExtractedFiles.qlx.
3b SAST (CodeQL)	Analyze code	2026-10-07T14:19:47.5462826Z [42/45] Loaded /opt/hostedtoolcache/CodeQL/2.27.1/x64/codeql/qlpacks/codeql/python-queries/1.8.11/Summary/LinesOfCode.qlx.
3b SAST (CodeQL)	Analyze code	2026-10-07T14:19:47.5582905Z [43/45] Loaded /opt/hostedtoolcache/CodeQL/2.27.1/x64/codeql/qlpacks/codeql/python-queries/1.8.11/Summary/LinesOfUserCode.qlx.
3b SAST (CodeQL)	Analyze code	2026-10-07T14:19:47.5663490Z [44/45] Loaded /opt/hostedtoolcache/CodeQL/2.27.1/x64/codeql/qlpacks/codeql/python-queries/1.8.11/Security/CWE-020/CookieInjection.qlx.
3b SAST (CodeQL)	Analyze code	2026-10-07T14:19:47.6455590Z [45/45] Loaded /opt/hostedtoolcache/CodeQL/2.27.1/x64/codeql/qlpacks/codeql/python-queries/1.8.11/Security/CWE-113/HeaderInjection.qlx.
3b SAST (CodeQL)	Analyze code	2026-10-07T14:19:47.8932856Z Starting evaluation of codeql/python-queries/Diagnostics/ExtractionWarnings.ql.
3b SAST (CodeQL)	Analyze code	2026-10-07T14:19:47.8943267Z Starting evaluation of codeql/python-queries/Diagnostics/ExtractedFiles.ql.
3b SAST (CodeQL)	Analyze code	2026-10-07T14:19:47.8957242Z Starting evaluation of codeql/python-queries/Expressions/UseofInput.ql.
3b SAST (CodeQL)	Analyze code	2026-10-07T14:19:47.8958507Z Starting evaluation of codeql/python-queries/Security/CVE-2018-1281/BindToAllInterfaces.ql.
3b SAST (CodeQL)	Analyze code	2026-10-07T14:19:47.9004414Z Starting evaluation of codeql/python-queries/Security/CWE-020/CookieInjection.ql.
3b SAST (CodeQL)	Analyze code	2026-10-07T14:19:47.9005686Z Starting evaluation of codeql/python-queries/Security/CWE-020/IncompleteHostnameRegExp.ql.
3b SAST (CodeQL)	Analyze code	2026-10-07T14:19:47.9007090Z Starting evaluation of codeql/python-queries/Security/CWE-020/IncompleteUrlSubstringSanitization.ql.
3b SAST (CodeQL)	Analyze code	2026-10-07T14:19:48.0356176Z [1/45 eval 133ms] Evaluation done; writing results to codeql/python-queries/Diagnostics/ExtractionWarnings.bqrs.
3b SAST (CodeQL)	Analyze code	2026-10-07T14:19:48.2123635Z [2/45 eval 318ms] Evaluation done; writing results to codeql/python-queries/Diagnostics/ExtractedFiles.bqrs.
3b SAST (CodeQL)	Analyze code	2026-10-07T14:19:48.2502348Z [3/45 eval 349ms] Evaluation done; writing results to codeql/python-queries/Security/CWE-020/IncompleteUrlSubstringSanitization.bqrs.
3b SAST (CodeQL)	Analyze code	2026-10-07T14:19:48.8343112Z Starting evaluation of codeql/python-queries/Security/CWE-020/OverlyLargeRange.ql.
3b SAST (CodeQL)	Analyze code	2026-10-07T14:19:48.8373151Z Starting evaluation of codeql/python-queries/Security/CWE-022/PathInjection.ql.
3b SAST (CodeQL)	Analyze code	2026-10-07T14:19:48.8543222Z Starting evaluation of codeql/python-queries/Security/CWE-074/TemplateInjection.ql.
3b SAST (CodeQL)	Analyze code	2026-10-07T14:19:48.9575122Z Starting evaluation of codeql/python-queries/Security/CWE-078/CommandInjection.ql.
3b SAST (CodeQL)	Analyze code	2026-10-07T14:19:49.1873356Z Starting evaluation of codeql/python-queries/Security/CWE-079/ReflectedXss.ql.
3b SAST (CodeQL)	Analyze code	2026-10-07T14:19:49.1906544Z Starting evaluation of codeql/python-queries/Security/CWE-089/SqlInjection.ql.
3b SAST (CodeQL)	Analyze code	2026-10-07T14:19:49.2282838Z Starting evaluation of codeql/python-queries/Security/CWE-090/LdapInjection.ql.
3b SAST (CodeQL)	Analyze code	2026-10-07T14:19:49.3594268Z Starting evaluation of codeql/python-queries/Security/CWE-094/CodeInjection.ql.
3b SAST (CodeQL)	Analyze code	2026-10-07T14:19:49.3755088Z Starting evaluation of codeql/python-queries/Security/CWE-1004/NonHttpOnlyCookie.ql.
3b SAST (CodeQL)	Analyze code	2026-10-07T14:19:49.4150489Z Starting evaluation of codeql/python-queries/Security/CWE-113/HeaderInjection.ql.
3b SAST (CodeQL)	Analyze code	2026-10-07T14:19:49.4454651Z Starting evaluation of codeql/python-queries/Security/CWE-116/BadTagFilter.ql.
3b SAST (CodeQL)	Analyze code	2026-10-07T14:19:49.4493243Z Starting evaluation of codeql/python-queries/Security/CWE-1275/SameSiteNoneCookie.ql.
3b SAST (CodeQL)	Analyze code	2026-10-07T14:19:49.5893519Z [4/45 eval 1.7s] Evaluation done; writing results to codeql/python-queries/Expressions/UseofInput.bqrs.
3b SAST (CodeQL)	Analyze code	2026-10-07T14:19:49.6563400Z Starting evaluation of codeql/python-queries/Security/CWE-209/StackTraceExposure.ql.
3b SAST (CodeQL)	Analyze code	2026-10-07T14:19:49.6680636Z Starting evaluation of codeql/python-queries/Security/CWE-215/FlaskDebug.ql.
3b SAST (CodeQL)	Analyze code	2026-10-07T14:19:49.6732940Z Starting evaluation of codeql/python-queries/Security/CWE-285/PamAuthorization.ql.
3b SAST (CodeQL)	Analyze code	2026-10-07T14:19:49.6834780Z Starting evaluation of codeql/python-queries/Security/CWE-295/MissingHostKeyValidation.ql.
3b SAST (CodeQL)	Analyze code	2026-10-07T14:19:49.6859012Z Starting evaluation of codeql/python-queries/Security/CWE-312/CleartextLogging.ql.
3b SAST (CodeQL)	Analyze code	2026-10-07T14:19:49.6882878Z [5/45 eval 3ms] Evaluation done; writing results to codeql/python-queries/Security/CWE-295/MissingHostKeyValidation.bqrs.
3b SAST (CodeQL)	Analyze code	2026-10-07T14:19:49.6978778Z Starting evaluation of codeql/python-queries/Security/CWE-312/CleartextStorage.ql.
3b SAST (CodeQL)	Analyze code	2026-10-07T14:19:49.7389036Z Starting evaluation of codeql/python-queries/Security/CWE-326/WeakCryptoKey.ql.
3b SAST (CodeQL)	Analyze code	2026-10-07T14:19:49.7413621Z Starting evaluation of codeql/python-queries/Security/CWE-327/BrokenCryptoAlgorithm.ql.
3b SAST (CodeQL)	Analyze code	2026-10-07T14:19:49.7443054Z Starting evaluation of codeql/python-queries/Security/CWE-327/InsecureDefaultProtocol.ql.
3b SAST (CodeQL)	Analyze code	2026-10-07T14:19:49.7473841Z [6/45 eval 4ms] Evaluation done; writing results to codeql/python-queries/Security/CWE-326/WeakCryptoKey.bqrs.
3b SAST (CodeQL)	Analyze code	2026-10-07T14:19:49.7639618Z Starting evaluation of codeql/python-queries/Security/CWE-327/InsecureProtocol.ql.
3b SAST (CodeQL)	Analyze code	2026-10-07T14:19:49.7672989Z [7/45 eval 27ms] Evaluation done; writing results to codeql/python-queries/Security/CWE-327/InsecureDefaultProtocol.bqrs.
3b SAST (CodeQL)	Analyze code	2026-10-07T14:19:49.7832886Z Starting evaluation of codeql/python-queries/Security/CWE-327/WeakSensitiveDataHashing.ql.
3b SAST (CodeQL)	Analyze code	2026-10-07T14:19:49.7862784Z Starting evaluation of codeql/python-queries/Security/CWE-352/CSRFProtectionDisabled.ql.
3b SAST (CodeQL)	Analyze code	2026-10-07T14:19:49.7892499Z [8/45 eval 2ms] Evaluation done; writing results to codeql/python-queries/Security/CWE-352/CSRFProtectionDisabled.bqrs.
3b SAST (CodeQL)	Analyze code	2026-10-07T14:19:49.7993063Z Starting evaluation of codeql/python-queries/Security/CWE-377/InsecureTemporaryFile.ql.
3b SAST (CodeQL)	Analyze code	2026-10-07T14:19:49.8013037Z Starting evaluation of codeql/python-queries/Security/CWE-502/UnsafeDeserialization.ql.
3b SAST (CodeQL)	Analyze code	2026-10-07T14:19:49.8112597Z Starting evaluation of codeql/python-queries/Security/CWE-601/UrlRedirect.ql.
3b SAST (CodeQL)	Analyze code	2026-10-07T14:19:49.8262573Z Starting evaluation of codeql/python-queries/Security/CWE-611/Xxe.ql.
3b SAST (CodeQL)	Analyze code	2026-10-07T14:19:49.8372638Z Starting evaluation of codeql/python-queries/Security/CWE-614/InsecureCookie.ql.
3b SAST (CodeQL)	Analyze code	2026-10-07T14:19:49.8432669Z Starting evaluation of codeql/python-queries/Security/CWE-643/XpathInjection.ql.
3b SAST (CodeQL)	Analyze code	2026-10-07T14:19:49.8522485Z Starting evaluation of codeql/python-queries/Security/CWE-730/PolynomialReDoS.ql.
3b SAST (CodeQL)	Analyze code	2026-10-07T14:19:49.8666980Z Starting evaluation of codeql/python-queries/Security/CWE-730/ReDoS.ql.
3b SAST (CodeQL)	Analyze code	2026-10-07T14:19:49.8702915Z Starting evaluation of codeql/python-queries/Security/CWE-730/RegexInjection.ql.
3b SAST (CodeQL)	Analyze code	2026-10-07T14:19:49.8866043Z Starting evaluation of codeql/python-queries/Security/CWE-776/XmlBomb.ql.
3b SAST (CodeQL)	Analyze code	2026-10-07T14:19:49.8972762Z Starting evaluation of codeql/python-queries/Security/CWE-918/FullServerSideRequestForgery.ql.
3b SAST (CodeQL)	Analyze code	2026-10-07T14:19:49.9182643Z Starting evaluation of codeql/python-queries/Security/CWE-943/NoSqlInjection.ql.
3b SAST (CodeQL)	Analyze code	2026-10-07T14:19:49.9452993Z Starting evaluation of codeql/python-queries/Summary/LinesOfCode.ql.
3b SAST (CodeQL)	Analyze code	2026-10-07T14:19:49.9512682Z Starting evaluation of codeql/python-queries/Summary/LinesOfUserCode.ql.
3b SAST (CodeQL)	Analyze code	2026-10-07T14:19:49.9552783Z [9/45 eval 2ms] Evaluation done; writing results to codeql/python-queries/Summary/LinesOfCode.bqrs.
3b SAST (CodeQL)	Analyze code	2026-10-07T14:19:49.9593041Z [10/45 eval 15ms] Evaluation done; writing results to codeql/python-queries/Summary/LinesOfUserCode.bqrs.
3b SAST (CodeQL)	Analyze code	2026-10-07T14:19:50.1173970Z [11/45 eval 443ms] Evaluation done; writing results to codeql/python-queries/Security/CWE-285/PamAuthorization.bqrs.
3b SAST (CodeQL)	Analyze code	2026-10-07T14:19:50.1677163Z [12/45 eval 248ms] Evaluation done; writing results to codeql/python-queries/Security/CWE-943/NoSqlInjection.bqrs.
3b SAST (CodeQL)	Analyze code	2026-10-07T14:19:50.2172584Z [13/45 eval 2.3s] Evaluation done; writing results to codeql/python-queries/Security/CVE-2018-1281/BindToAllInterfaces.bqrs.
3b SAST (CodeQL)	Analyze code	2026-10-07T14:19:50.2770229Z [14/45 eval 2.4s] Evaluation done; writing results to codeql/python-queries/Security/CWE-020/IncompleteHostnameRegExp.bqrs.
3b SAST (CodeQL)	Analyze code	2026-10-07T14:19:50.2772942Z [15/45 eval 427ms] Evaluation done; writing results to codeql/python-queries/Security/CWE-730/PolynomialReDoS.bqrs.
3b SAST (CodeQL)	Analyze code	2026-10-07T14:19:50.2842249Z [16/45 eval 839ms] Evaluation done; writing results to codeql/python-queries/Security/CWE-116/BadTagFilter.bqrs.
3b SAST (CodeQL)	Analyze code	2026-10-07T14:19:50.2866421Z [17/45 eval 1.5s] Evaluation done; writing results to codeql/python-queries/Security/CWE-020/OverlyLargeRange.bqrs.
3b SAST (CodeQL)	Analyze code	2026-10-07T14:19:50.2870782Z [18/45 eval 420ms] Evaluation done; writing results to codeql/python-queries/Security/CWE-730/ReDoS.bqrs.
3b SAST (CodeQL)	Analyze code	2026-10-07T14:19:50.3034008Z [19/45 eval 1.5s] Evaluation done; writing results to codeql/python-queries/Security/CWE-074/TemplateInjection.bqrs.
3b SAST (CodeQL)	Analyze code	2026-10-07T14:19:50.3210767Z [20/45 eval 960ms] Evaluation done; writing results to codeql/python-queries/Security/CWE-094/CodeInjection.bqrs.
3b SAST (CodeQL)	Analyze code	2026-10-07T14:19:50.3356596Z [21/45 eval 497ms] Evaluation done; writing results to codeql/python-queries/Security/CWE-643/XpathInjection.bqrs.
3b SAST (CodeQL)	Analyze code	2026-10-07T14:19:50.3475758Z [22/45 eval 1.5s] Evaluation done; writing results to codeql/python-queries/Security/CWE-022/PathInjection.bqrs.
3b SAST (CodeQL)	Analyze code	2026-10-07T14:19:50.3914201Z [23/45 eval 1.2s] Evaluation done; writing results to codeql/python-queries/Security/CWE-089/SqlInjection.bqrs.
3b SAST (CodeQL)	Analyze code	2026-10-07T14:19:50.3915891Z [24/45 eval 1.4s] Evaluation done; writing results to codeql/python-queries/Security/CWE-078/CommandInjection.bqrs.
3b SAST (CodeQL)	Analyze code	2026-10-07T14:19:50.4153037Z [25/45 eval 528ms] Evaluation done; writing results to codeql/python-queries/Security/CWE-776/XmlBomb.bqrs.
3b SAST (CodeQL)	Analyze code	2026-10-07T14:19:50.4183338Z [26/45 eval 590ms] Evaluation done; writing results to codeql/python-queries/Security/CWE-611/Xxe.bqrs.
3b SAST (CodeQL)	Analyze code	2026-10-07T14:19:50.4308016Z [27/45 eval 622ms] Evaluation done; writing results to codeql/python-queries/Security/CWE-601/UrlRedirect.bqrs.
3b SAST (CodeQL)	Analyze code	2026-10-07T14:19:50.4540009Z [28/45 eval 1.3s] Evaluation done; writing results to codeql/python-queries/Security/CWE-079/ReflectedXss.bqrs.
3b SAST (CodeQL)	Analyze code	2026-10-07T14:19:50.4803560Z [29/45 eval 1.1s] Evaluation done; writing results to codeql/python-queries/Security/CWE-113/HeaderInjection.bqrs.
3b SAST (CodeQL)	Analyze code	2026-10-07T14:19:50.4851792Z [30/45 eval 1.1s] Evaluation done; writing results to codeql/python-queries/Security/CWE-1004/NonHttpOnlyCookie.bqrs.
3b SAST (CodeQL)	Analyze code	2026-10-07T14:19:50.4864071Z [31/45 eval 649ms] Evaluation done; writing results to codeql/python-queries/Security/CWE-614/InsecureCookie.bqrs.
3b SAST (CodeQL)	Analyze code	2026-10-07T14:19:50.4884518Z [32/45 eval 2.6s] Evaluation done; writing results to codeql/python-queries/Security/CWE-020/CookieInjection.bqrs.
3b SAST (CodeQL)	Analyze code	2026-10-07T14:19:50.5132870Z [33/45 eval 1.1s] Evaluation done; writing results to codeql/python-queries/Security/CWE-1275/SameSiteNoneCookie.bqrs.
3b SAST (CodeQL)	Analyze code	2026-10-07T14:19:50.5379060Z [34/45 eval 869ms] Evaluation done; writing results to codeql/python-queries/Security/CWE-215/FlaskDebug.bqrs.
3b SAST (CodeQL)	Analyze code	2026-10-07T14:19:50.6981388Z [35/45 eval 1s] Evaluation done; writing results to codeql/python-queries/Security/CWE-312/CleartextLogging.bqrs.
3b SAST (CodeQL)	Analyze code	2026-10-07T14:19:50.7178259Z [36/45 eval 1s] Evaluation done; writing results to codeql/python-queries/Security/CWE-312/CleartextStorage.bqrs.
3b SAST (CodeQL)	Analyze code	2026-10-07T14:19:50.7667423Z [37/45 eval 1.5s] Evaluation done; writing results to codeql/python-queries/Security/CWE-090/LdapInjection.bqrs.
3b SAST (CodeQL)	Analyze code	2026-10-07T14:19:50.7751837Z [38/45 eval 1.1s] Evaluation done; writing results to codeql/python-queries/Security/CWE-209/StackTraceExposure.bqrs.
3b SAST (CodeQL)	Analyze code	2026-10-07T14:19:50.7807174Z [39/45 eval 1s] Evaluation done; writing results to codeql/python-queries/Security/CWE-327/BrokenCryptoAlgorithm.bqrs.
3b SAST (CodeQL)	Analyze code	2026-10-07T14:19:50.8115722Z [40/45 eval 1s] Evaluation done; writing results to codeql/python-queries/Security/CWE-327/InsecureProtocol.bqrs.
3b SAST (CodeQL)	Analyze code	2026-10-07T14:19:50.8302296Z [41/45 eval 1s] Evaluation done; writing results to codeql/python-queries/Security/CWE-377/InsecureTemporaryFile.bqrs.
3b SAST (CodeQL)	Analyze code	2026-10-07T14:19:50.8434583Z [42/45 eval 1s] Evaluation done; writing results to codeql/python-queries/Security/CWE-502/UnsafeDeserialization.bqrs.
3b SAST (CodeQL)	Analyze code	2026-10-07T14:19:50.8553922Z [43/45 eval 989ms] Evaluation done; writing results to codeql/python-queries/Security/CWE-730/RegexInjection.bqrs.
3b SAST (CodeQL)	Analyze code	2026-10-07T14:19:50.8943181Z [44/45 eval 1.1s] Evaluation done; writing results to codeql/python-queries/Security/CWE-327/WeakSensitiveDataHashing.bqrs.
3b SAST (CodeQL)	Analyze code	2026-10-07T14:19:50.9439003Z [45/45 eval 1s] Evaluation done; writing results to codeql/python-queries/Security/CWE-918/FullServerSideRequestForgery.bqrs.
3b SAST (CodeQL)	Analyze code	2026-10-07T14:19:50.9462684Z Shutting down query evaluator.
3b SAST (CodeQL)	Analyze code	2026-10-07T14:19:51.0104801Z Interpreting code scanning results for python
3b SAST (CodeQL)	Analyze code	2026-10-07T14:19:51.7318453Z Writing logs to /home/runner/work/_temp/codeql_databases/python/log/database-interpret-results-20261007.141951.729.log.
3b SAST (CodeQL)	Analyze code	2026-10-07T14:19:51.8667865Z Recording pack reference codeql/python-queries at /opt/hostedtoolcache/CodeQL/2.27.1/x64/codeql/qlpacks/codeql/python-queries/1.8.11.
3b SAST (CodeQL)	Analyze code	2026-10-07T14:19:51.8907820Z Resolving extensions
3b SAST (CodeQL)	Analyze code	2026-10-07T14:19:52.8636546Z Interpreting /opt/hostedtoolcache/CodeQL/2.27.1/x64/codeql/qlpacks/codeql/python-queries/1.8.11/Expressions/UseofInput.ql...
3b SAST (CodeQL)	Analyze code	2026-10-07T14:19:52.8885685Z  ... found results file at /home/runner/work/_temp/codeql_databases/python/results/codeql/python-queries/Expressions/UseofInput.bqrs.
3b SAST (CodeQL)	Analyze code	2026-10-07T14:19:52.9043908Z Interpreting /opt/hostedtoolcache/CodeQL/2.27.1/x64/codeql/qlpacks/codeql/python-queries/1.8.11/Security/CWE-918/FullServerSideRequestForgery.ql...
3b SAST (CodeQL)	Analyze code	2026-10-07T14:19:52.9137693Z  ... found results file at /home/runner/work/_temp/codeql_databases/python/results/codeql/python-queries/Security/CWE-918/FullServerSideRequestForgery.bqrs.
3b SAST (CodeQL)	Analyze code	2026-10-07T14:19:52.9153445Z Interpreting /opt/hostedtoolcache/CodeQL/2.27.1/x64/codeql/qlpacks/codeql/python-queries/1.8.11/Security/CWE-079/ReflectedXss.ql...
3b SAST (CodeQL)	Analyze code	2026-10-07T14:19:52.9242955Z  ... found results file at /home/runner/work/_temp/codeql_databases/python/results/codeql/python-queries/Security/CWE-079/ReflectedXss.bqrs.
3b SAST (CodeQL)	Analyze code	2026-10-07T14:19:52.9272822Z Interpreting /opt/hostedtoolcache/CodeQL/2.27.1/x64/codeql/qlpacks/codeql/python-queries/1.8.11/Security/CWE-326/WeakCryptoKey.ql...
3b SAST (CodeQL)	Analyze code	2026-10-07T14:19:52.9333259Z  ... found results file at /home/runner/work/_temp/codeql_databases/python/results/codeql/python-queries/Security/CWE-326/WeakCryptoKey.bqrs.
3b SAST (CodeQL)	Analyze code	2026-10-07T14:19:52.9382612Z Interpreting /opt/hostedtoolcache/CodeQL/2.27.1/x64/codeql/qlpacks/codeql/python-queries/1.8.11/Security/CWE-022/PathInjection.ql...
3b SAST (CodeQL)	Analyze code	2026-10-07T14:19:52.9404703Z  ... found results file at /home/runner/work/_temp/codeql_databases/python/results/codeql/python-queries/Security/CWE-022/PathInjection.bqrs.
3b SAST (CodeQL)	Analyze code	2026-10-07T14:19:52.9406456Z Interpreting /opt/hostedtoolcache/CodeQL/2.27.1/x64/codeql/qlpacks/codeql/python-queries/1.8.11/Security/CWE-116/BadTagFilter.ql...
3b SAST (CodeQL)	Analyze code	2026-10-07T14:19:52.9475958Z  ... found results file at /home/runner/work/_temp/codeql_databases/python/results/codeql/python-queries/Security/CWE-116/BadTagFilter.bqrs.
3b SAST (CodeQL)	Analyze code	2026-10-07T14:19:52.9483024Z Interpreting /opt/hostedtoolcache/CodeQL/2.27.1/x64/codeql/qlpacks/codeql/python-queries/1.8.11/Security/CWE-943/NoSqlInjection.ql...
3b SAST (CodeQL)	Analyze code	2026-10-07T14:19:52.9555880Z  ... found results file at /home/runner/work/_temp/codeql_databases/python/results/codeql/python-queries/Security/CWE-943/NoSqlInjection.bqrs.
3b SAST (CodeQL)	Analyze code	2026-10-07T14:19:52.9584835Z Interpreting /opt/hostedtoolcache/CodeQL/2.27.1/x64/codeql/qlpacks/codeql/python-queries/1.8.11/Security/CWE-209/StackTraceExposure.ql...
3b SAST (CodeQL)	Analyze code	2026-10-07T14:19:52.9641123Z  ... found results file at /home/runner/work/_temp/codeql_databases/python/results/codeql/python-queries/Security/CWE-209/StackTraceExposure.bqrs.
3b SAST (CodeQL)	Analyze code	2026-10-07T14:19:52.9653588Z Interpreting /opt/hostedtoolcache/CodeQL/2.27.1/x64/codeql/qlpacks/codeql/python-queries/1.8.11/Security/CWE-643/XpathInjection.ql...
3b SAST (CodeQL)	Analyze code	2026-10-07T14:19:52.9722906Z  ... found results file at /home/runner/work/_temp/codeql_databases/python/results/codeql/python-queries/Security/CWE-643/XpathInjection.bqrs.
3b SAST (CodeQL)	Analyze code	2026-10-07T14:19:52.9752759Z Interpreting /opt/hostedtoolcache/CodeQL/2.27.1/x64/codeql/qlpacks/codeql/python-queries/1.8.11/Security/CWE-094/CodeInjection.ql...
3b SAST (CodeQL)	Analyze code	2026-10-07T14:19:52.9795315Z  ... found results file at /home/runner/work/_temp/codeql_databases/python/results/codeql/python-queries/Security/CWE-094/CodeInjection.bqrs.
3b SAST (CodeQL)	Analyze code	2026-10-07T14:19:52.9824426Z Interpreting /opt/hostedtoolcache/CodeQL/2.27.1/x64/codeql/qlpacks/codeql/python-queries/1.8.11/Security/CWE-377/InsecureTemporaryFile.ql...
3b SAST (CodeQL)	Analyze code	2026-10-07T14:19:52.9860254Z  ... found results file at /home/runner/work/_temp/codeql_databases/python/results/codeql/python-queries/Security/CWE-377/InsecureTemporaryFile.bqrs.
3b SAST (CodeQL)	Analyze code	2026-10-07T14:19:52.9872563Z Interpreting /opt/hostedtoolcache/CodeQL/2.27.1/x64/codeql/qlpacks/codeql/python-queries/1.8.11/Security/CWE-730/PolynomialReDoS.ql...
3b SAST (CodeQL)	Analyze code	2026-10-07T14:19:52.9932758Z  ... found results file at /home/runner/work/_temp/codeql_databases/python/results/codeql/python-queries/Security/CWE-730/PolynomialReDoS.bqrs.
3b SAST (CodeQL)	Analyze code	2026-10-07T14:19:52.9954517Z Interpreting /opt/hostedtoolcache/CodeQL/2.27.1/x64/codeql/qlpacks/codeql/python-queries/1.8.11/Security/CWE-730/ReDoS.ql...
3b SAST (CodeQL)	Analyze code	2026-10-07T14:19:52.9995850Z  ... found results file at /home/runner/work/_temp/codeql_databases/python/results/codeql/python-queries/Security/CWE-730/ReDoS.bqrs.
3b SAST (CodeQL)	Analyze code	2026-10-07T14:19:53.0002707Z Interpreting /opt/hostedtoolcache/CodeQL/2.27.1/x64/codeql/qlpacks/codeql/python-queries/1.8.11/Security/CWE-730/RegexInjection.ql...
3b SAST (CodeQL)	Analyze code	2026-10-07T14:19:53.0083424Z  ... found results file at /home/runner/work/_temp/codeql_databases/python/results/codeql/python-queries/Security/CWE-730/RegexInjection.bqrs.
3b SAST (CodeQL)	Analyze code	2026-10-07T14:19:53.0092849Z Interpreting /opt/hostedtoolcache/CodeQL/2.27.1/x64/codeql/qlpacks/codeql/python-queries/1.8.11/Security/CWE-295/MissingHostKeyValidation.ql...
3b SAST (CodeQL)	Analyze code	2026-10-07T14:19:53.0165296Z  ... found results file at /home/runner/work/_temp/codeql_databases/python/results/codeql/python-queries/Security/CWE-295/MissingHostKeyValidation.bqrs.
3b SAST (CodeQL)	Analyze code	2026-10-07T14:19:53.0187327Z Interpreting /opt/hostedtoolcache/CodeQL/2.27.1/x64/codeql/qlpacks/codeql/python-queries/1.8.11/Security/CWE-601/UrlRedirect.ql...
3b SAST (CodeQL)	Analyze code	2026-10-07T14:19:53.0244152Z  ... found results file at /home/runner/work/_temp/codeql_databases/python/results/codeql/python-queries/Security/CWE-601/UrlRedirect.bqrs.
3b SAST (CodeQL)	Analyze code	2026-10-07T14:19:53.0265114Z Interpreting /opt/hostedtoolcache/CodeQL/2.27.1/x64/codeql/qlpacks/codeql/python-queries/1.8.11/Security/CWE-611/Xxe.ql...
3b SAST (CodeQL)	Analyze code	2026-10-07T14:19:53.0300475Z  ... found results file at /home/runner/work/_temp/codeql_databases/python/results/codeql/python-queries/Security/CWE-611/Xxe.bqrs.
3b SAST (CodeQL)	Analyze code	2026-10-07T14:19:53.0302607Z Interpreting /opt/hostedtoolcache/CodeQL/2.27.1/x64/codeql/qlpacks/codeql/python-queries/1.8.11/Security/CWE-1275/SameSiteNoneCookie.ql...
3b SAST (CodeQL)	Analyze code	2026-10-07T14:19:53.0353539Z  ... found results file at /home/runner/work/_temp/codeql_databases/python/results/codeql/python-queries/Security/CWE-1275/SameSiteNoneCookie.bqrs.
3b SAST (CodeQL)	Analyze code	2026-10-07T14:19:53.0360731Z Interpreting /opt/hostedtoolcache/CodeQL/2.27.1/x64/codeql/qlpacks/codeql/python-queries/1.8.11/Security/CWE-352/CSRFProtectionDisabled.ql...
3b SAST (CodeQL)	Analyze code	2026-10-07T14:19:53.0419477Z  ... found results file at /home/runner/work/_temp/codeql_databases/python/results/codeql/python-queries/Security/CWE-352/CSRFProtectionDisabled.bqrs.
3b SAST (CodeQL)	Analyze code	2026-10-07T14:19:53.0424463Z Interpreting /opt/hostedtoolcache/CodeQL/2.27.1/x64/codeql/qlpacks/codeql/python-queries/1.8.11/Security/CWE-312/CleartextStorage.ql...
3b SAST (CodeQL)	Analyze code	2026-10-07T14:19:53.0479619Z  ... found results file at /home/runner/work/_temp/codeql_databases/python/results/codeql/python-queries/Security/CWE-312/CleartextStorage.bqrs.
3b SAST (CodeQL)	Analyze code	2026-10-07T14:19:53.0493876Z Interpreting /opt/hostedtoolcache/CodeQL/2.27.1/x64/codeql/qlpacks/codeql/python-queries/1.8.11/Security/CWE-312/CleartextLogging.ql...
3b SAST (CodeQL)	Analyze code	2026-10-07T14:19:53.0525602Z  ... found results file at /home/runner/work/_temp/codeql_databases/python/results/codeql/python-queries/Security/CWE-312/CleartextLogging.bqrs.
3b SAST (CodeQL)	Analyze code	2026-10-07T14:19:53.0530191Z Interpreting /opt/hostedtoolcache/CodeQL/2.27.1/x64/codeql/qlpacks/codeql/python-queries/1.8.11/Security/CWE-776/XmlBomb.ql...
3b SAST (CodeQL)	Analyze code	2026-10-07T14:19:53.0666374Z  ... found results file at /home/runner/work/_temp/codeql_databases/python/results/codeql/python-queries/Security/CWE-776/XmlBomb.bqrs.
3b SAST (CodeQL)	Analyze code	2026-10-07T14:19:53.0670800Z Interpreting /opt/hostedtoolcache/CodeQL/2.27.1/x64/codeql/qlpacks/codeql/python-queries/1.8.11/Security/CWE-1004/NonHttpOnlyCookie.ql...
3b SAST (CodeQL)	Analyze code	2026-10-07T14:19:53.0711055Z  ... found results file at /home/runner/work/_temp/codeql_databases/python/results/codeql/python-queries/Security/CWE-1004/NonHttpOnlyCookie.bqrs.
3b SAST (CodeQL)	Analyze code	2026-10-07T14:19:53.0716974Z Interpreting /opt/hostedtoolcache/CodeQL/2.27.1/x64/codeql/qlpacks/codeql/python-queries/1.8.11/Security/CWE-502/UnsafeDeserialization.ql...
3b SAST (CodeQL)	Analyze code	2026-10-07T14:19:53.0777305Z  ... found results file at /home/runner/work/_temp/codeql_databases/python/results/codeql/python-queries/Security/CWE-502/UnsafeDeserialization.bqrs.
3b SAST (CodeQL)	Analyze code	2026-10-07T14:19:53.0784899Z Interpreting /opt/hostedtoolcache/CodeQL/2.27.1/x64/codeql/qlpacks/codeql/python-queries/1.8.11/Security/CWE-089/SqlInjection.ql...
3b SAST (CodeQL)	Analyze code	2026-10-07T14:19:53.0829769Z  ... found results file at /home/runner/work/_temp/codeql_databases/python/results/codeql/python-queries/Security/CWE-089/SqlInjection.bqrs.
3b SAST (CodeQL)	Analyze code	2026-10-07T14:19:53.0842183Z Interpreting /opt/hostedtoolcache/CodeQL/2.27.1/x64/codeql/qlpacks/codeql/python-queries/1.8.11/Security/CVE-2018-1281/BindToAllInterfaces.ql...
3b SAST (CodeQL)	Analyze code	2026-10-07T14:19:53.0888473Z  ... found results file at /home/runner/work/_temp/codeql_databases/python/results/codeql/python-queries/Security/CVE-2018-1281/BindToAllInterfaces.bqrs.
3b SAST (CodeQL)	Analyze code	2026-10-07T14:19:53.0904109Z Interpreting /opt/hostedtoolcache/CodeQL/2.27.1/x64/codeql/qlpacks/codeql/python-queries/1.8.11/Security/CWE-078/CommandInjection.ql...
3b SAST (CodeQL)	Analyze code	2026-10-07T14:19:53.0945265Z  ... found results file at /home/runner/work/_temp/codeql_databases/python/results/codeql/python-queries/Security/CWE-078/CommandInjection.bqrs.
3b SAST (CodeQL)	Analyze code	2026-10-07T14:19:53.0950027Z Interpreting /opt/hostedtoolcache/CodeQL/2.27.1/x64/codeql/qlpacks/codeql/python-queries/1.8.11/Security/CWE-074/TemplateInjection.ql...
3b SAST (CodeQL)	Analyze code	2026-10-07T14:19:53.0994166Z  ... found results file at /home/runner/work/_temp/codeql_databases/python/results/codeql/python-queries/Security/CWE-074/TemplateInjection.bqrs.
3b SAST (CodeQL)	Analyze code	2026-10-07T14:19:53.1021814Z Interpreting /opt/hostedtoolcache/CodeQL/2.27.1/x64/codeql/qlpacks/codeql/python-queries/1.8.11/Security/CWE-215/FlaskDebug.ql...
3b SAST (CodeQL)	Analyze code	2026-10-07T14:19:53.1053710Z  ... found results file at /home/runner/work/_temp/codeql_databases/python/results/codeql/python-queries/Security/CWE-215/FlaskDebug.bqrs.
3b SAST (CodeQL)	Analyze code	2026-10-07T14:19:53.1055894Z Interpreting /opt/hostedtoolcache/CodeQL/2.27.1/x64/codeql/qlpacks/codeql/python-queries/1.8.11/Security/CWE-090/LdapInjection.ql...
3b SAST (CodeQL)	Analyze code	2026-10-07T14:19:53.1135501Z  ... found results file at /home/runner/work/_temp/codeql_databases/python/results/codeql/python-queries/Security/CWE-090/LdapInjection.bqrs.
3b SAST (CodeQL)	Analyze code	2026-10-07T14:19:53.1146468Z Interpreting /opt/hostedtoolcache/CodeQL/2.27.1/x64/codeql/qlpacks/codeql/python-queries/1.8.11/Security/CWE-327/WeakSensitiveDataHashing.ql...
3b SAST (CodeQL)	Analyze code	2026-10-07T14:19:53.1191505Z  ... found results file at /home/runner/work/_temp/codeql_databases/python/results/codeql/python-queries/Security/CWE-327/WeakSensitiveDataHashing.bqrs.
3b SAST (CodeQL)	Analyze code	2026-10-07T14:19:53.1218277Z Interpreting /opt/hostedtoolcache/CodeQL/2.27.1/x64/codeql/qlpacks/codeql/python-queries/1.8.11/Security/CWE-327/InsecureProtocol.ql...
3b SAST (CodeQL)	Analyze code	2026-10-07T14:19:53.1274770Z  ... found results file at /home/runner/work/_temp/codeql_databases/python/results/codeql/python-queries/Security/CWE-327/InsecureProtocol.bqrs.
3b SAST (CodeQL)	Analyze code	2026-10-07T14:19:53.1286527Z Interpreting /opt/hostedtoolcache/CodeQL/2.27.1/x64/codeql/qlpacks/codeql/python-queries/1.8.11/Security/CWE-327/BrokenCryptoAlgorithm.ql...
3b SAST (CodeQL)	Analyze code	2026-10-07T14:19:53.1312966Z  ... found results file at /home/runner/work/_temp/codeql_databases/python/results/codeql/python-queries/Security/CWE-327/BrokenCryptoAlgorithm.bqrs.
3b SAST (CodeQL)	Analyze code	2026-10-07T14:19:53.1318320Z Interpreting /opt/hostedtoolcache/CodeQL/2.27.1/x64/codeql/qlpacks/codeql/python-queries/1.8.11/Security/CWE-327/InsecureDefaultProtocol.ql...
3b SAST (CodeQL)	Analyze code	2026-10-07T14:19:53.1358940Z  ... found results file at /home/runner/work/_temp/codeql_databases/python/results/codeql/python-queries/Security/CWE-327/InsecureDefaultProtocol.bqrs.
3b SAST (CodeQL)	Analyze code	2026-10-07T14:19:53.1384097Z Interpreting /opt/hostedtoolcache/CodeQL/2.27.1/x64/codeql/qlpacks/codeql/python-queries/1.8.11/Security/CWE-614/InsecureCookie.ql...
3b SAST (CodeQL)	Analyze code	2026-10-07T14:19:53.1422133Z  ... found results file at /home/runner/work/_temp/codeql_databases/python/results/codeql/python-queries/Security/CWE-614/InsecureCookie.bqrs.
3b SAST (CodeQL)	Analyze code	2026-10-07T14:19:53.1424195Z Interpreting /opt/hostedtoolcache/CodeQL/2.27.1/x64/codeql/qlpacks/codeql/python-queries/1.8.11/Security/CWE-285/PamAuthorization.ql...
3b SAST (CodeQL)	Analyze code	2026-10-07T14:19:53.1462374Z  ... found results file at /home/runner/work/_temp/codeql_databases/python/results/codeql/python-queries/Security/CWE-285/PamAuthorization.bqrs.
3b SAST (CodeQL)	Analyze code	2026-10-07T14:19:53.1473038Z Interpreting /opt/hostedtoolcache/CodeQL/2.27.1/x64/codeql/qlpacks/codeql/python-queries/1.8.11/Security/CWE-020/IncompleteUrlSubstringSanitization.ql...
3b SAST (CodeQL)	Analyze code	2026-10-07T14:19:53.1533177Z  ... found results file at /home/runner/work/_temp/codeql_databases/python/results/codeql/python-queries/Security/CWE-020/IncompleteUrlSubstringSanitization.bqrs.
3b SAST (CodeQL)	Analyze code	2026-10-07T14:19:53.1536274Z Interpreting /opt/hostedtoolcache/CodeQL/2.27.1/x64/codeql/qlpacks/codeql/python-queries/1.8.11/Security/CWE-020/IncompleteHostnameRegExp.ql...
3b SAST (CodeQL)	Analyze code	2026-10-07T14:19:53.1589167Z  ... found results file at /home/runner/work/_temp/codeql_databases/python/results/codeql/python-queries/Security/CWE-020/IncompleteHostnameRegExp.bqrs.
3b SAST (CodeQL)	Analyze code	2026-10-07T14:19:53.1592938Z Interpreting /opt/hostedtoolcache/CodeQL/2.27.1/x64/codeql/qlpacks/codeql/python-queries/1.8.11/Security/CWE-020/OverlyLargeRange.ql...
3b SAST (CodeQL)	Analyze code	2026-10-07T14:19:53.1632409Z  ... found results file at /home/runner/work/_temp/codeql_databases/python/results/codeql/python-queries/Security/CWE-020/OverlyLargeRange.bqrs.
3b SAST (CodeQL)	Analyze code	2026-10-07T14:19:53.1639224Z Interpreting /opt/hostedtoolcache/CodeQL/2.27.1/x64/codeql/qlpacks/codeql/python-queries/1.8.11/Security/CWE-020/CookieInjection.ql...
3b SAST (CodeQL)	Analyze code	2026-10-07T14:19:53.1687494Z  ... found results file at /home/runner/work/_temp/codeql_databases/python/results/codeql/python-queries/Security/CWE-020/CookieInjection.bqrs.
3b SAST (CodeQL)	Analyze code	2026-10-07T14:19:53.1702288Z Interpreting /opt/hostedtoolcache/CodeQL/2.27.1/x64/codeql/qlpacks/codeql/python-queries/1.8.11/Security/CWE-113/HeaderInjection.ql...
3b SAST (CodeQL)	Analyze code	2026-10-07T14:19:53.1742230Z  ... found results file at /home/runner/work/_temp/codeql_databases/python/results/codeql/python-queries/Security/CWE-113/HeaderInjection.bqrs.
3b SAST (CodeQL)	Analyze code	2026-10-07T14:19:53.1763238Z Interpreting /opt/hostedtoolcache/CodeQL/2.27.1/x64/codeql/qlpacks/codeql/python-queries/1.8.11/Diagnostics/ExtractionWarnings.ql...
3b SAST (CodeQL)	Analyze code	2026-10-07T14:19:53.1788695Z  ... found results file at /home/runner/work/_temp/codeql_databases/python/results/codeql/python-queries/Diagnostics/ExtractionWarnings.bqrs.
3b SAST (CodeQL)	Analyze code	2026-10-07T14:19:53.1794761Z Interpreting /opt/hostedtoolcache/CodeQL/2.27.1/x64/codeql/qlpacks/codeql/python-queries/1.8.11/Diagnostics/ExtractedFiles.ql...
3b SAST (CodeQL)	Analyze code	2026-10-07T14:19:53.1846463Z  ... found results file at /home/runner/work/_temp/codeql_databases/python/results/codeql/python-queries/Diagnostics/ExtractedFiles.bqrs.
3b SAST (CodeQL)	Analyze code	2026-10-07T14:19:53.1866086Z Interpreting /opt/hostedtoolcache/CodeQL/2.27.1/x64/codeql/qlpacks/codeql/python-queries/1.8.11/Summary/LinesOfUserCode.ql...
3b SAST (CodeQL)	Analyze code	2026-10-07T14:19:53.1899959Z  ... found results file at /home/runner/work/_temp/codeql_databases/python/results/codeql/python-queries/Summary/LinesOfUserCode.bqrs.
3b SAST (CodeQL)	Analyze code	2026-10-07T14:19:53.1932963Z Interpreting /opt/hostedtoolcache/CodeQL/2.27.1/x64/codeql/qlpacks/codeql/python-queries/1.8.11/Summary/LinesOfCode.ql...
3b SAST (CodeQL)	Analyze code	2026-10-07T14:19:53.1952881Z  ... found results file at /home/runner/work/_temp/codeql_databases/python/results/codeql/python-queries/Summary/LinesOfCode.bqrs.
3b SAST (CodeQL)	Analyze code	2026-10-07T14:19:53.2536152Z Interpreted problem query "'input' function used in Python 2" (py/use-of-input) at path /home/runner/work/_temp/codeql_databases/python/results/codeql/python-queries/Expressions/UseofInput.bqrs.
3b SAST (CodeQL)	Analyze code	2026-10-07T14:19:53.2561469Z Interpreted pathproblem query "Full server-side request forgery" (py/full-ssrf) at path /home/runner/work/_temp/codeql_databases/python/results/codeql/python-queries/Security/CWE-918/FullServerSideRequestForgery.bqrs.
3b SAST (CodeQL)	Analyze code	2026-10-07T14:19:53.2593413Z Interpreted pathproblem query "Reflected server-side cross-site scripting" (py/reflective-xss) at path /home/runner/work/_temp/codeql_databases/python/results/codeql/python-queries/Security/CWE-079/ReflectedXss.bqrs.
3b SAST (CodeQL)	Analyze code	2026-10-07T14:19:53.2611159Z Interpreted problem query "Use of weak cryptographic key" (py/weak-crypto-key) at path /home/runner/work/_temp/codeql_databases/python/results/codeql/python-queries/Security/CWE-326/WeakCryptoKey.bqrs.
3b SAST (CodeQL)	Analyze code	2026-10-07T14:19:53.2625191Z Interpreted pathproblem query "Uncontrolled data used in path expression" (py/path-injection) at path /home/runner/work/_temp/codeql_databases/python/results/codeql/python-queries/Security/CWE-022/PathInjection.bqrs.
3b SAST (CodeQL)	Analyze code	2026-10-07T14:19:53.2627646Z Interpreted problem query "Bad HTML filtering regexp" (py/bad-tag-filter) at path /home/runner/work/_temp/codeql_databases/python/results/codeql/python-queries/Security/CWE-116/BadTagFilter.bqrs.
3b SAST (CodeQL)	Analyze code	2026-10-07T14:19:53.2636659Z Interpreted pathproblem query "NoSQL Injection" (py/nosql-injection) at path /home/runner/work/_temp/codeql_databases/python/results/codeql/python-queries/Security/CWE-943/NoSqlInjection.bqrs.
3b SAST (CodeQL)	Analyze code	2026-10-07T14:19:53.2639178Z Interpreted pathproblem query "Information exposure through an exception" (py/stack-trace-exposure) at path /home/runner/work/_temp/codeql_databases/python/results/codeql/python-queries/Security/CWE-209/StackTraceExposure.bqrs.
3b SAST (CodeQL)	Analyze code	2026-10-07T14:19:53.2641434Z Interpreted pathproblem query "XPath query built from user-controlled sources" (py/xpath-injection) at path /home/runner/work/_temp/codeql_databases/python/results/codeql/python-queries/Security/CWE-643/XpathInjection.bqrs.
3b SAST (CodeQL)	Analyze code	2026-10-07T14:19:53.2643995Z Interpreted pathproblem query "Code injection" (py/code-injection) at path /home/runner/work/_temp/codeql_databases/python/results/codeql/python-queries/Security/CWE-094/CodeInjection.bqrs.
3b SAST (CodeQL)	Analyze code	2026-10-07T14:19:53.2647774Z Interpreted problem query "Insecure temporary file" (py/insecure-temporary-file) at path /home/runner/work/_temp/codeql_databases/python/results/codeql/python-queries/Security/CWE-377/InsecureTemporaryFile.bqrs.
3b SAST (CodeQL)	Analyze code	2026-10-07T14:19:53.2650286Z Interpreted pathproblem query "Polynomial regular expression used on uncontrolled data" (py/polynomial-redos) at path /home/runner/work/_temp/codeql_databases/python/results/codeql/python-queries/Security/CWE-730/PolynomialReDoS.bqrs.
3b SAST (CodeQL)	Analyze code	2026-10-07T14:19:53.2657013Z Interpreted problem query "Inefficient regular expression" (py/redos) at path /home/runner/work/_temp/codeql_databases/python/results/codeql/python-queries/Security/CWE-730/ReDoS.bqrs.
3b SAST (CodeQL)	Analyze code	2026-10-07T14:19:53.2659059Z Interpreted pathproblem query "Regular expression injection" (py/regex-injection) at path /home/runner/work/_temp/codeql_databases/python/results/codeql/python-queries/Security/CWE-730/RegexInjection.bqrs.
3b SAST (CodeQL)	Analyze code	2026-10-07T14:19:53.2670701Z Interpreted problem query "Accepting unknown SSH host keys when using Paramiko" (py/paramiko-missing-host-key-validation) at path /home/runner/work/_temp/codeql_databases/python/results/codeql/python-queries/Security/CWE-295/MissingHostKeyValidation.bqrs.
3b SAST (CodeQL)	Analyze code	2026-10-07T14:19:53.2673597Z Interpreted pathproblem query "URL redirection from remote source" (py/url-redirection) at path /home/runner/work/_temp/codeql_databases/python/results/codeql/python-queries/Security/CWE-601/UrlRedirect.bqrs.
3b SAST (CodeQL)	Analyze code	2026-10-07T14:19:53.2685638Z Interpreted pathproblem query "XML external entity expansion" (py/xxe) at path /home/runner/work/_temp/codeql_databases/python/results/codeql/python-queries/Security/CWE-611/Xxe.bqrs.
3b SAST (CodeQL)	Analyze code	2026-10-07T14:19:53.2687913Z Interpreted problem query "Sensitive cookie with `SameSite` attribute set to `None`" (py/samesite-none-cookie) at path /home/runner/work/_temp/codeql_databases/python/results/codeql/python-queries/Security/CWE-1275/SameSiteNoneCookie.bqrs.
3b SAST (CodeQL)	Analyze code	2026-10-07T14:19:53.2699428Z Interpreted problem query "CSRF protection weakened or disabled" (py/csrf-protection-disabled) at path /home/runner/work/_temp/codeql_databases/python/results/codeql/python-queries/Security/CWE-352/CSRFProtectionDisabled.bqrs.
3b SAST (CodeQL)	Analyze code	2026-10-07T14:19:53.2704915Z Interpreted pathproblem query "Clear-text storage of sensitive information" (py/clear-text-storage-sensitive-data) at path /home/runner/work/_temp/codeql_databases/python/results/codeql/python-queries/Security/CWE-312/CleartextStorage.bqrs.
3b SAST (CodeQL)	Analyze code	2026-10-07T14:19:53.2717280Z Interpreted pathproblem query "Clear-text logging of sensitive information" (py/clear-text-logging-sensitive-data) at path /home/runner/work/_temp/codeql_databases/python/results/codeql/python-queries/Security/CWE-312/CleartextLogging.bqrs.
3b SAST (CodeQL)	Analyze code	2026-10-07T14:19:53.2720120Z Interpreted pathproblem query "XML internal entity expansion" (py/xml-bomb) at path /home/runner/work/_temp/codeql_databases/python/results/codeql/python-queries/Security/CWE-776/XmlBomb.bqrs.
3b SAST (CodeQL)	Analyze code	2026-10-07T14:19:53.2722659Z Interpreted problem query "Sensitive cookie missing `HttpOnly` attribute" (py/client-exposed-cookie) at path /home/runner/work/_temp/codeql_databases/python/results/codeql/python-queries/Security/CWE-1004/NonHttpOnlyCookie.bqrs.
3b SAST (CodeQL)	Analyze code	2026-10-07T14:19:53.2725338Z Interpreted pathproblem query "Deserialization of user-controlled data" (py/unsafe-deserialization) at path /home/runner/work/_temp/codeql_databases/python/results/codeql/python-queries/Security/CWE-502/UnsafeDeserialization.bqrs.
3b SAST (CodeQL)	Analyze code	2026-10-07T14:19:53.2727629Z Interpreted pathproblem query "SQL query built from user-controlled sources" (py/sql-injection) at path /home/runner/work/_temp/codeql_databases/python/results/codeql/python-queries/Security/CWE-089/SqlInjection.bqrs.
3b SAST (CodeQL)	Analyze code	2026-10-07T14:19:53.2729832Z Interpreted pathproblem query "Binding a socket to all network interfaces" (py/bind-socket-all-network-interfaces) at path /home/runner/work/_temp/codeql_databases/python/results/codeql/python-queries/Security/CVE-2018-1281/BindToAllInterfaces.bqrs.
3b SAST (CodeQL)	Analyze code	2026-10-07T14:19:53.2732517Z Interpreted pathproblem query "Uncontrolled command line" (py/command-line-injection) at path /home/runner/work/_temp/codeql_databases/python/results/codeql/python-queries/Security/CWE-078/CommandInjection.bqrs.
3b SAST (CodeQL)	Analyze code	2026-10-07T14:19:53.2740781Z Interpreted pathproblem query "Server Side Template Injection" (py/template-injection) at path /home/runner/work/_temp/codeql_databases/python/results/codeql/python-queries/Security/CWE-074/TemplateInjection.bqrs.
3b SAST (CodeQL)	Analyze code	2026-10-07T14:19:53.2743309Z Interpreted problem query "Flask app is run in debug mode" (py/flask-debug) at path /home/runner/work/_temp/codeql_databases/python/results/codeql/python-queries/Security/CWE-215/FlaskDebug.bqrs.
3b SAST (CodeQL)	Analyze code	2026-10-07T14:19:53.2745475Z Interpreted pathproblem query "LDAP query built from user-controlled sources" (py/ldap-injection) at path /home/runner/work/_temp/codeql_databases/python/results/codeql/python-queries/Security/CWE-090/LdapInjection.bqrs.
3b SAST (CodeQL)	Analyze code	2026-10-07T14:19:53.2748147Z Interpreted pathproblem query "Use of a broken or weak cryptographic hashing algorithm on sensitive data" (py/weak-sensitive-data-hashing) at path /home/runner/work/_temp/codeql_databases/python/results/codeql/python-queries/Security/CWE-327/WeakSensitiveDataHashing.bqrs.
3b SAST (CodeQL)	Analyze code	2026-10-07T14:19:53.2755019Z Interpreted problem query "Use of insecure SSL/TLS version" (py/insecure-protocol) at path /home/runner/work/_temp/codeql_databases/python/results/codeql/python-queries/Security/CWE-327/InsecureProtocol.bqrs.
3b SAST (CodeQL)	Analyze code	2026-10-07T14:19:53.2757486Z Interpreted problem query "Use of a broken or weak cryptographic algorithm" (py/weak-cryptographic-algorithm) at path /home/runner/work/_temp/codeql_databases/python/results/codeql/python-queries/Security/CWE-327/BrokenCryptoAlgorithm.bqrs.
3b SAST (CodeQL)	Analyze code	2026-10-07T14:19:53.2760259Z Interpreted problem query "Default version of SSL/TLS may be insecure" (py/insecure-default-protocol) at path /home/runner/work/_temp/codeql_databases/python/results/codeql/python-queries/Security/CWE-327/InsecureDefaultProtocol.bqrs.
3b SAST (CodeQL)	Analyze code	2026-10-07T14:19:53.2762918Z Interpreted problem query "Failure to use secure cookies" (py/insecure-cookie) at path /home/runner/work/_temp/codeql_databases/python/results/codeql/python-queries/Security/CWE-614/InsecureCookie.bqrs.
3b SAST (CodeQL)	Analyze code	2026-10-07T14:19:53.2765354Z Interpreted pathproblem query "PAM authorization bypass due to incorrect usage" (py/pam-auth-bypass) at path /home/runner/work/_temp/codeql_databases/python/results/codeql/python-queries/Security/CWE-285/PamAuthorization.bqrs.
3b SAST (CodeQL)	Analyze code	2026-10-07T14:19:53.2767937Z Interpreted problem query "Incomplete URL substring sanitization" (py/incomplete-url-substring-sanitization) at path /home/runner/work/_temp/codeql_databases/python/results/codeql/python-queries/Security/CWE-020/IncompleteUrlSubstringSanitization.bqrs.
3b SAST (CodeQL)	Analyze code	2026-10-07T14:19:53.2770697Z Interpreted problem query "Incomplete regular expression for hostnames" (py/incomplete-hostname-regexp) at path /home/runner/work/_temp/codeql_databases/python/results/codeql/python-queries/Security/CWE-020/IncompleteHostnameRegExp.bqrs.
3b SAST (CodeQL)	Analyze code	2026-10-07T14:19:53.2773334Z Interpreted problem query "Overly permissive regular expression range" (py/overly-large-range) at path /home/runner/work/_temp/codeql_databases/python/results/codeql/python-queries/Security/CWE-020/OverlyLargeRange.bqrs.
3b SAST (CodeQL)	Analyze code	2026-10-07T14:19:53.2775746Z Interpreted pathproblem query "Construction of a cookie using user-supplied input" (py/cookie-injection) at path /home/runner/work/_temp/codeql_databases/python/results/codeql/python-queries/Security/CWE-020/CookieInjection.bqrs.
3b SAST (CodeQL)	Analyze code	2026-10-07T14:19:53.2778207Z Interpreted pathproblem query "HTTP Response Splitting" (py/http-response-splitting) at path /home/runner/work/_temp/codeql_databases/python/results/codeql/python-queries/Security/CWE-113/HeaderInjection.bqrs.
3b SAST (CodeQL)	Analyze code	2026-10-07T14:19:53.2780384Z Interpreted diagnostic query "Python extraction warnings" (py/diagnostics/extraction-warnings) at path /home/runner/work/_temp/codeql_databases/python/results/codeql/python-queries/Diagnostics/ExtractionWarnings.bqrs.
3b SAST (CodeQL)	Analyze code	2026-10-07T14:19:53.2783101Z Interpreted diagnostic query "Extracted Python files" (py/diagnostics/successfully-extracted-files) at path /home/runner/work/_temp/codeql_databases/python/results/codeql/python-queries/Diagnostics/ExtractedFiles.bqrs.
3b SAST (CodeQL)	Analyze code	2026-10-07T14:19:53.2785655Z Interpreted metric query "Total lines of user written Python code in the database" (py/summary/lines-of-user-code) at path /home/runner/work/_temp/codeql_databases/python/results/codeql/python-queries/Summary/LinesOfUserCode.bqrs.
3b SAST (CodeQL)	Analyze code	2026-10-07T14:19:53.2787859Z Interpreted metric query "Total lines of Python code in the database" (py/summary/lines-of-code) at path /home/runner/work/_temp/codeql_databases/python/results/codeql/python-queries/Summary/LinesOfCode.bqrs.
3b SAST (CodeQL)	Analyze code	2026-10-07T14:19:53.2789541Z Reading source archive /home/runner/work/_temp/codeql_databases/python/src.zip
3b SAST (CodeQL)	Analyze code	2026-10-07T14:19:53.4343785Z Loaded file baseline information.
3b SAST (CodeQL)	Analyze code	2026-10-07T14:19:53.4450960Z Interpreting file coverage baseline information
3b SAST (CodeQL)	Analyze code	2026-10-07T14:19:53.4462934Z Finished interpreting file coverage baseline information.
3b SAST (CodeQL)	Analyze code	2026-10-07T14:19:53.4473506Z Interpreting diagnostic messages...
3b SAST (CodeQL)	Analyze code	2026-10-07T14:19:53.4785982Z Found 5 raw diagnostic messages.
3b SAST (CodeQL)	Analyze code	2026-10-07T14:19:53.4872645Z Processed diagnostic messages (removed 0 due to limits, created 0 summary diagnostics for status page).
3b SAST (CodeQL)	Analyze code	2026-10-07T14:19:53.4893265Z Interpreted diagnostic messages (39ms).
3b SAST (CodeQL)	Analyze code	2026-10-07T14:19:53.7219099Z Exporting results to SARIF...
3b SAST (CodeQL)	Analyze code	2026-10-07T14:19:53.8873118Z Exported results to SARIF (163ms).
3b SAST (CodeQL)	Analyze code	2026-10-07T14:19:53.9041189Z ##[endgroup]
3b SAST (CodeQL)	Analyze code	2026-10-07T14:19:53.9042572Z CodeQL scanned 3 out of 3 Python files in this invocation. Check the status page for overall coverage information: https://github.com/AmanYadav7015/devops-coursework/security/code-scanning/tools/CodeQL/status/
3b SAST (CodeQL)	Analyze code	2026-10-07T14:19:53.9043476Z 
3b SAST (CodeQL)	Analyze code	2026-10-07T14:19:53.9050048Z Post-processing sarif files: ["/home/runner/work/devops-coursework/results/python.sarif"]
3b SAST (CodeQL)	Analyze code	2026-10-07T14:19:53.9075018Z Adding fingerprints to SARIF file. See https://docs.github.com/en/code-security/reference/code-scanning/sarif-support-for-code-scanning#data-for-preventing-duplicated-alerts for more information.
3b SAST (CodeQL)	Analyze code	2026-10-07T14:19:53.9076723Z ##[group]Uploading code scanning results
3b SAST (CodeQL)	Analyze code	2026-10-07T14:19:53.9188571Z Uploading results
3b SAST (CodeQL)	Analyze code	2026-10-07T14:19:54.4443302Z Successfully uploaded results
3b SAST (CodeQL)	Analyze code	2026-10-07T14:19:54.4444469Z ##[endgroup]
3b SAST (CodeQL)	Analyze code	2026-10-07T14:19:54.4457575Z ##[group]Waiting for processing to finish
3b SAST (CodeQL)	Analyze code	2026-10-07T14:19:59.6694105Z Analysis upload status is complete.
3b SAST (CodeQL)	Analyze code	2026-10-07T14:19:59.6695445Z ##[endgroup]
3b SAST (CodeQL)	Post Analyze code	﻿2026-10-07T14:20:00.1287585Z Post job cleanup.
3b SAST (CodeQL)	Post Initialize CodeQL	﻿2026-10-07T14:20:00.3683380Z Post job cleanup.
3b SAST (CodeQL)	Post Initialize CodeQL	2026-10-07T14:20:00.6309855Z CodeQL job status was success.
3b SAST (CodeQL)	Post Initialize CodeQL	2026-10-07T14:20:00.6321215Z Sending status report for init-post step.
3b SAST (CodeQL)	Post Initialize CodeQL	2026-10-07T14:20:01.0355801Z Status report sent for init-post step.
3b SAST (CodeQL)	Post Checkout code	﻿2026-10-07T14:20:01.0765933Z Post job cleanup.
3b SAST (CodeQL)	Post Checkout code	2026-10-07T14:20:01.1629626Z [command]/usr/bin/git version
3b SAST (CodeQL)	Post Checkout code	2026-10-07T14:20:01.1673913Z git version 2.55.0
3b SAST (CodeQL)	Post Checkout code	2026-10-07T14:20:01.1713285Z Temporarily overriding HOME='/home/runner/work/_temp/cfd6fbe3-c164-49b2-8d10-ce9a157df158' before making global git config changes
3b SAST (CodeQL)	Post Checkout code	2026-10-07T14:20:01.1714299Z Adding repository directory to the temporary git global config as a safe directory
3b SAST (CodeQL)	Post Checkout code	2026-10-07T14:20:01.1721121Z [command]/usr/bin/git config --global --add safe.directory /home/runner/work/devops-coursework/devops-coursework
3b SAST (CodeQL)	Post Checkout code	2026-10-07T14:20:01.1759241Z [command]/usr/bin/git config --local --name-only --get-regexp core\.sshCommand
3b SAST (CodeQL)	Post Checkout code	2026-10-07T14:20:01.1790883Z [command]/usr/bin/git submodule foreach --recursive sh -c "git config --local --name-only --get-regexp 'core\.sshCommand' && git config --local --unset-all 'core.sshCommand' || :"
3b SAST (CodeQL)	Post Checkout code	2026-10-07T14:20:01.1991136Z [command]/usr/bin/git config --local --name-only --get-regexp http\.https\:\/\/github\.com\/\.extraheader
3b SAST (CodeQL)	Post Checkout code	2026-10-07T14:20:01.2011984Z http.https://github.com/.extraheader
3b SAST (CodeQL)	Post Checkout code	2026-10-07T14:20:01.2022019Z [command]/usr/bin/git config --local --unset-all http.https://github.com/.extraheader
3b SAST (CodeQL)	Post Checkout code	2026-10-07T14:20:01.2054736Z [command]/usr/bin/git submodule foreach --recursive sh -c "git config --local --name-only --get-regexp 'http\.https\:\/\/github\.com\/\.extraheader' && git config --local --unset-all 'http.https://github.com/.extraheader' || :"
3b SAST (CodeQL)	Post Checkout code	2026-10-07T14:20:01.2272803Z [command]/usr/bin/git config --local --name-only --get-regexp ^includeIf\.gitdir:
3b SAST (CodeQL)	Post Checkout code	2026-10-07T14:20:01.2312434Z [command]/usr/bin/git submodule foreach --recursive git config --local --show-origin --name-only --get-regexp remote.origin.url
3b SAST (CodeQL)	Complete job	﻿2026-10-07T14:20:01.2679483Z Cleaning up orphan processes
3b SAST (CodeQL)	Complete job	2026-10-07T14:20:01.2915316Z ##[warning]Node.js 20 is deprecated. The following actions target Node.js 20 but are being forced to run on Node.js 24: actions/checkout@v4, github/codeql-action/analyze@v3, github/codeql-action/init@v3. For more information see: https://github.blog/changelog/2025-09-19-deprecation-of-node-20-on-github-actions-runners/
4 SCA	Set up job	﻿2026-10-07T14:19:28.4944372Z Current runner version: '2.337.0'
4 SCA	Set up job	2026-10-07T14:19:28.4969723Z ##[group]Runner Image Provisioner
4 SCA	Set up job	2026-10-07T14:19:28.4970698Z Hosted Compute Agent
4 SCA	Set up job	2026-10-07T14:19:28.4971302Z Version: 20260901.588
4 SCA	Set up job	2026-10-07T14:19:28.4971925Z Commit: f88ec8081b781fac6c440065ac7ff9e710ce3d0b
4 SCA	Set up job	2026-10-07T14:19:28.4972737Z Build Date: 2026-09-01T19:56:44Z
4 SCA	Set up job	2026-10-07T14:19:28.4973418Z Worker ID: {b0dec63c-91d1-44b4-9f6f-6ed6fb5bbde0}
4 SCA	Set up job	2026-10-07T14:19:28.4974205Z Azure Region: eastus
4 SCA	Set up job	2026-10-07T14:19:28.4974806Z ##[endgroup]
4 SCA	Set up job	2026-10-07T14:19:28.4976308Z ##[group]Operating System
4 SCA	Set up job	2026-10-07T14:19:28.4976984Z Ubuntu
4 SCA	Set up job	2026-10-07T14:19:28.4977584Z 24.04.5
4 SCA	Set up job	2026-10-07T14:19:28.4978919Z LTS
4 SCA	Set up job	2026-10-07T14:19:28.4979573Z ##[endgroup]
4 SCA	Set up job	2026-10-07T14:19:28.4980124Z ##[group]Runner Image
4 SCA	Set up job	2026-10-07T14:19:28.4980829Z Image: ubuntu-24.04
4 SCA	Set up job	2026-10-07T14:19:28.4981436Z Version: 20260927.320.1
4 SCA	Set up job	2026-10-07T14:19:28.4982530Z Included Software: https://github.com/actions/runner-images/blob/ubuntu24/20260927.320/images/ubuntu/Ubuntu2404-Readme.md
4 SCA	Set up job	2026-10-07T14:19:28.4984299Z Image Release: https://github.com/actions/runner-images/releases/tag/ubuntu24%2F20260927.320
4 SCA	Set up job	2026-10-07T14:19:28.4985347Z ##[endgroup]
4 SCA	Set up job	2026-10-07T14:19:28.4986524Z ##[group]GITHUB_TOKEN Permissions
4 SCA	Set up job	2026-10-07T14:19:28.4988922Z Contents: read
4 SCA	Set up job	2026-10-07T14:19:28.4989552Z Metadata: read
4 SCA	Set up job	2026-10-07T14:19:28.4990230Z ##[endgroup]
4 SCA	Set up job	2026-10-07T14:19:28.4992305Z Secret source: Actions
4 SCA	Set up job	2026-10-07T14:19:28.4993318Z Cache mode: write
4 SCA	Set up job	2026-10-07T14:19:28.4994258Z Prepare workflow directory
4 SCA	Set up job	2026-10-07T14:19:28.5398960Z Prepare all required actions
4 SCA	Set up job	2026-10-07T14:19:28.5446726Z Getting action download info
4 SCA	Set up job	2026-10-07T14:19:28.8025938Z Download action repository 'actions/checkout@v4' (SHA:11d5960a326750d5838078e36cf38b85af677262)
4 SCA	Set up job	2026-10-07T14:19:28.9327467Z Download action repository 'actions/setup-python@v5' (SHA:a26af69be951a213d495a4c3e4e4022e16d87065)
4 SCA	Set up job	2026-10-07T14:19:29.0413825Z Download action repository 'actions/upload-artifact@v4' (SHA:ea165f8d65b6e75b540449e92b4886f43607fa02)
4 SCA	Set up job	2026-10-07T14:19:29.2958111Z Complete job name: 4 SCA
4 SCA	Checkout code	﻿2026-10-07T14:19:29.3884094Z ##[group]Run actions/checkout@v4
4 SCA	Checkout code	2026-10-07T14:19:29.3885078Z with:
4 SCA	Checkout code	2026-10-07T14:19:29.3885619Z   repository: AmanYadav7015/devops-coursework
4 SCA	Checkout code	2026-10-07T14:19:29.3889906Z   token: ***
4 SCA	Checkout code	2026-10-07T14:19:29.3890404Z   ssh-strict: true
4 SCA	Checkout code	2026-10-07T14:19:29.3890884Z   ssh-user: git
4 SCA	Checkout code	2026-10-07T14:19:29.3891364Z   persist-credentials: true
4 SCA	Checkout code	2026-10-07T14:19:29.3891896Z   clean: true
4 SCA	Checkout code	2026-10-07T14:19:29.3892390Z   sparse-checkout-cone-mode: true
4 SCA	Checkout code	2026-10-07T14:19:29.3892950Z   fetch-depth: 1
4 SCA	Checkout code	2026-10-07T14:19:29.3893417Z   fetch-tags: false
4 SCA	Checkout code	2026-10-07T14:19:29.3893901Z   show-progress: true
4 SCA	Checkout code	2026-10-07T14:19:29.3894388Z   lfs: false
4 SCA	Checkout code	2026-10-07T14:19:29.3894837Z   submodules: false
4 SCA	Checkout code	2026-10-07T14:19:29.3895343Z   set-safe-directory: true
4 SCA	Checkout code	2026-10-07T14:19:29.3895994Z   allow-unsafe-pr-checkout: false
4 SCA	Checkout code	2026-10-07T14:19:29.3896859Z env:
4 SCA	Checkout code	2026-10-07T14:19:29.3897341Z   APP_DIR: labs/17-devsecops
4 SCA	Checkout code	2026-10-07T14:19:29.3897904Z   IMAGE_NAME: claim-check-api
4 SCA	Checkout code	2026-10-07T14:19:29.3898661Z   TRIVY_VERSION: 0.75.0
4 SCA	Checkout code	2026-10-07T14:19:29.3899237Z   GITLEAKS_VERSION: 8.30.1
4 SCA	Checkout code	2026-10-07T14:19:29.3899764Z   PYTHON_VERSION: 3.13
4 SCA	Checkout code	2026-10-07T14:19:29.3900254Z ##[endgroup]
4 SCA	Checkout code	2026-10-07T14:19:29.4962949Z Syncing repository: AmanYadav7015/devops-coursework
4 SCA	Checkout code	2026-10-07T14:19:29.4965797Z ##[group]Getting Git version info
4 SCA	Checkout code	2026-10-07T14:19:29.4967259Z Working directory is '/home/runner/work/devops-coursework/devops-coursework'
4 SCA	Checkout code	2026-10-07T14:19:29.4969632Z [command]/usr/bin/git version
4 SCA	Checkout code	2026-10-07T14:19:29.5019759Z git version 2.55.0
4 SCA	Checkout code	2026-10-07T14:19:29.5083309Z ##[endgroup]
4 SCA	Checkout code	2026-10-07T14:19:29.5091586Z Temporarily overriding HOME='/home/runner/work/_temp/2173f0ad-4426-4522-b12d-0913360d2f01' before making global git config changes
4 SCA	Checkout code	2026-10-07T14:19:29.5094522Z Adding repository directory to the temporary git global config as a safe directory
4 SCA	Checkout code	2026-10-07T14:19:29.5110010Z [command]/usr/bin/git config --global --add safe.directory /home/runner/work/devops-coursework/devops-coursework
4 SCA	Checkout code	2026-10-07T14:19:29.5210203Z Deleting the contents of '/home/runner/work/devops-coursework/devops-coursework'
4 SCA	Checkout code	2026-10-07T14:19:29.5213176Z ##[group]Initializing the repository
4 SCA	Checkout code	2026-10-07T14:19:29.5215973Z [command]/usr/bin/git init /home/runner/work/devops-coursework/devops-coursework
4 SCA	Checkout code	2026-10-07T14:19:29.5350232Z hint: Using 'master' as the name for the initial branch. This default branch name
4 SCA	Checkout code	2026-10-07T14:19:29.5368116Z hint: will change to "main" in Git 3.0. To configure the initial branch name
4 SCA	Checkout code	2026-10-07T14:19:29.5370335Z hint: to use in all of your new repositories, which will suppress this warning,
4 SCA	Checkout code	2026-10-07T14:19:29.5371954Z hint: call:
4 SCA	Checkout code	2026-10-07T14:19:29.5373062Z hint:
4 SCA	Checkout code	2026-10-07T14:19:29.5374239Z hint: 	git config --global init.defaultBranch <name>
4 SCA	Checkout code	2026-10-07T14:19:29.5375541Z hint:
4 SCA	Checkout code	2026-10-07T14:19:29.5376835Z hint: Names commonly chosen instead of 'master' are 'main', 'trunk' and
4 SCA	Checkout code	2026-10-07T14:19:29.5378900Z hint: 'development'. The just-created branch can be renamed via this command:
4 SCA	Checkout code	2026-10-07T14:19:29.5381222Z hint:
4 SCA	Checkout code	2026-10-07T14:19:29.5382396Z hint: 	git branch -m <name>
4 SCA	Checkout code	2026-10-07T14:19:29.5383616Z hint:
4 SCA	Checkout code	2026-10-07T14:19:29.5384914Z hint: Disable this message with "git config set advice.defaultBranchName false"
4 SCA	Checkout code	2026-10-07T14:19:29.5387400Z Initialized empty Git repository in /home/runner/work/devops-coursework/devops-coursework/.git/
4 SCA	Checkout code	2026-10-07T14:19:29.5391692Z [command]/usr/bin/git remote add origin https://github.com/AmanYadav7015/devops-coursework
4 SCA	Checkout code	2026-10-07T14:19:29.5442078Z ##[endgroup]
4 SCA	Checkout code	2026-10-07T14:19:29.5444003Z ##[group]Disabling automatic garbage collection
4 SCA	Checkout code	2026-10-07T14:19:29.5447917Z [command]/usr/bin/git config --local gc.auto 0
4 SCA	Checkout code	2026-10-07T14:19:29.5539290Z ##[endgroup]
4 SCA	Checkout code	2026-10-07T14:19:29.5541074Z ##[group]Setting up auth
4 SCA	Checkout code	2026-10-07T14:19:29.5542558Z [command]/usr/bin/git config --local --name-only --get-regexp core\.sshCommand
4 SCA	Checkout code	2026-10-07T14:19:29.5551962Z [command]/usr/bin/git submodule foreach --recursive sh -c "git config --local --name-only --get-regexp 'core\.sshCommand' && git config --local --unset-all 'core.sshCommand' || :"
4 SCA	Checkout code	2026-10-07T14:19:29.6015427Z [command]/usr/bin/git config --local --name-only --get-regexp http\.https\:\/\/github\.com\/\.extraheader
4 SCA	Checkout code	2026-10-07T14:19:29.6061203Z [command]/usr/bin/git submodule foreach --recursive sh -c "git config --local --name-only --get-regexp 'http\.https\:\/\/github\.com\/\.extraheader' && git config --local --unset-all 'http.https://github.com/.extraheader' || :"
4 SCA	Checkout code	2026-10-07T14:19:29.6336632Z [command]/usr/bin/git config --local --name-only --get-regexp ^includeIf\.gitdir:
4 SCA	Checkout code	2026-10-07T14:19:29.6376455Z [command]/usr/bin/git submodule foreach --recursive git config --local --show-origin --name-only --get-regexp remote.origin.url
4 SCA	Checkout code	2026-10-07T14:19:29.6607093Z [command]/usr/bin/git config --local http.https://github.com/.extraheader AUTHORIZATION: basic ***
4 SCA	Checkout code	2026-10-07T14:19:29.6650049Z ##[endgroup]
4 SCA	Checkout code	2026-10-07T14:19:29.6651795Z ##[group]Fetching the repository
4 SCA	Checkout code	2026-10-07T14:19:29.6662851Z [command]/usr/bin/git -c protocol.version=2 fetch --no-tags --prune --no-recurse-submodules --depth=1 origin +e2a54b405aaef0453130dd8955a1c4de2acad19f:refs/remotes/origin/session-17-devsecops-ci
4 SCA	Checkout code	2026-10-07T14:19:30.2479954Z From https://github.com/AmanYadav7015/devops-coursework
4 SCA	Checkout code	2026-10-07T14:19:30.2482502Z  * [new ref]         e2a54b405aaef0453130dd8955a1c4de2acad19f -> origin/session-17-devsecops-ci
4 SCA	Checkout code	2026-10-07T14:19:30.2491989Z ##[endgroup]
4 SCA	Checkout code	2026-10-07T14:19:30.2493529Z ##[group]Determining the checkout info
4 SCA	Checkout code	2026-10-07T14:19:30.2495928Z ##[endgroup]
4 SCA	Checkout code	2026-10-07T14:19:30.2497266Z [command]/usr/bin/git sparse-checkout disable
4 SCA	Checkout code	2026-10-07T14:19:30.2549654Z [command]/usr/bin/git config --local --unset-all extensions.worktreeConfig
4 SCA	Checkout code	2026-10-07T14:19:30.2583945Z ##[group]Checking out the ref
4 SCA	Checkout code	2026-10-07T14:19:30.2587429Z [command]/usr/bin/git checkout --progress --force -B session-17-devsecops-ci refs/remotes/origin/session-17-devsecops-ci
4 SCA	Checkout code	2026-10-07T14:19:30.3890729Z Switched to a new branch 'session-17-devsecops-ci'
4 SCA	Checkout code	2026-10-07T14:19:30.3895218Z branch 'session-17-devsecops-ci' set up to track 'origin/session-17-devsecops-ci'.
4 SCA	Checkout code	2026-10-07T14:19:30.3907917Z ##[endgroup]
4 SCA	Checkout code	2026-10-07T14:19:30.3954720Z [command]/usr/bin/git log -1 --format=%H
4 SCA	Checkout code	2026-10-07T14:19:30.3982092Z e2a54b405aaef0453130dd8955a1c4de2acad19f
4 SCA	Setup Python	﻿2026-10-07T14:19:30.4435353Z ##[group]Run actions/setup-python@v5
4 SCA	Setup Python	2026-10-07T14:19:30.4436672Z with:
4 SCA	Setup Python	2026-10-07T14:19:30.4437579Z   python-version: 3.13
4 SCA	Setup Python	2026-10-07T14:19:30.4438811Z   check-latest: false
4 SCA	Setup Python	2026-10-07T14:19:30.4448760Z   token: ***
4 SCA	Setup Python	2026-10-07T14:19:30.4449757Z   update-environment: true
4 SCA	Setup Python	2026-10-07T14:19:30.4450898Z   allow-prereleases: false
4 SCA	Setup Python	2026-10-07T14:19:30.4452005Z   freethreaded: false
4 SCA	Setup Python	2026-10-07T14:19:30.4452980Z env:
4 SCA	Setup Python	2026-10-07T14:19:30.4453859Z   APP_DIR: labs/17-devsecops
4 SCA	Setup Python	2026-10-07T14:19:30.4454979Z   IMAGE_NAME: claim-check-api
4 SCA	Setup Python	2026-10-07T14:19:30.4456108Z   TRIVY_VERSION: 0.75.0
4 SCA	Setup Python	2026-10-07T14:19:30.4457153Z   GITLEAKS_VERSION: 8.30.1
4 SCA	Setup Python	2026-10-07T14:19:30.4458236Z   PYTHON_VERSION: 3.13
4 SCA	Setup Python	2026-10-07T14:19:30.4459356Z ##[endgroup]
4 SCA	Setup Python	2026-10-07T14:19:30.5786575Z ##[group]Installed versions
4 SCA	Setup Python	2026-10-07T14:19:30.5871113Z (node:2337) [DEP0040] DeprecationWarning: The `punycode` module is deprecated. Please use a userland alternative instead.
4 SCA	Setup Python	2026-10-07T14:19:30.5874935Z (Use `node --trace-deprecation ...` to show where the warning was created)
4 SCA	Setup Python	2026-10-07T14:19:30.5877919Z Successfully set up CPython (3.13.15)
4 SCA	Setup Python	2026-10-07T14:19:30.5881265Z ##[endgroup]
4 SCA	Install trivy	﻿2026-10-07T14:19:30.6114599Z ##[group]Run curl -sfL https://raw.githubusercontent.com/aquasecurity/trivy/main/contrib/install.sh \
4 SCA	Install trivy	2026-10-07T14:19:30.6119722Z [36;1mcurl -sfL https://raw.githubusercontent.com/aquasecurity/trivy/main/contrib/install.sh \[0m
4 SCA	Install trivy	2026-10-07T14:19:30.6123474Z [36;1m  | sudo sh -s -- -b /usr/local/bin "v${TRIVY_VERSION}"[0m
4 SCA	Install trivy	2026-10-07T14:19:30.6125819Z [36;1mtrivy --version[0m
4 SCA	Install trivy	2026-10-07T14:19:30.6660058Z shell: /usr/bin/bash --noprofile --norc -e -o pipefail {0}
4 SCA	Install trivy	2026-10-07T14:19:30.6661696Z env:
4 SCA	Install trivy	2026-10-07T14:19:30.6662644Z   APP_DIR: labs/17-devsecops
4 SCA	Install trivy	2026-10-07T14:19:30.6663797Z   IMAGE_NAME: claim-check-api
4 SCA	Install trivy	2026-10-07T14:19:30.6664942Z   TRIVY_VERSION: 0.75.0
4 SCA	Install trivy	2026-10-07T14:19:30.6665959Z   GITLEAKS_VERSION: 8.30.1
4 SCA	Install trivy	2026-10-07T14:19:30.6667016Z   PYTHON_VERSION: 3.13
4 SCA	Install trivy	2026-10-07T14:19:30.6668255Z   pythonLocation: /opt/hostedtoolcache/Python/3.13.15/x64
4 SCA	Install trivy	2026-10-07T14:19:30.6670277Z   PKG_CONFIG_PATH: /opt/hostedtoolcache/Python/3.13.15/x64/lib/pkgconfig
4 SCA	Install trivy	2026-10-07T14:19:30.6672157Z   Python_ROOT_DIR: /opt/hostedtoolcache/Python/3.13.15/x64
4 SCA	Install trivy	2026-10-07T14:19:30.6673894Z   Python2_ROOT_DIR: /opt/hostedtoolcache/Python/3.13.15/x64
4 SCA	Install trivy	2026-10-07T14:19:30.6675586Z   Python3_ROOT_DIR: /opt/hostedtoolcache/Python/3.13.15/x64
4 SCA	Install trivy	2026-10-07T14:19:30.6677295Z   LD_LIBRARY_PATH: /opt/hostedtoolcache/Python/3.13.15/x64/lib
4 SCA	Install trivy	2026-10-07T14:19:30.6678852Z ##[endgroup]
4 SCA	Install trivy	2026-10-07T14:19:30.7494404Z aquasecurity/trivy info checking GitHub for tag 'v0.75.0'
4 SCA	Install trivy	2026-10-07T14:19:30.7933705Z aquasecurity/trivy info found version: 0.75.0 for v0.75.0/Linux/64bit
4 SCA	Install trivy	2026-10-07T14:19:32.2470223Z aquasecurity/trivy info installed /usr/local/bin/trivy
4 SCA	Install trivy	2026-10-07T14:19:32.3622483Z Version: 0.75.0
4 SCA	Install pip-audit	﻿2026-10-07T14:19:32.3673058Z ##[group]Run pip install pip-audit==2.10.1
4 SCA	Install pip-audit	2026-10-07T14:19:32.3673463Z [36;1mpip install pip-audit==2.10.1[0m
4 SCA	Install pip-audit	2026-10-07T14:19:32.3736734Z shell: /usr/bin/bash --noprofile --norc -e -o pipefail {0}
4 SCA	Install pip-audit	2026-10-07T14:19:32.3737092Z env:
4 SCA	Install pip-audit	2026-10-07T14:19:32.3737301Z   APP_DIR: labs/17-devsecops
4 SCA	Install pip-audit	2026-10-07T14:19:32.3737565Z   IMAGE_NAME: claim-check-api
4 SCA	Install pip-audit	2026-10-07T14:19:32.3737815Z   TRIVY_VERSION: 0.75.0
4 SCA	Install pip-audit	2026-10-07T14:19:32.3738048Z   GITLEAKS_VERSION: 8.30.1
4 SCA	Install pip-audit	2026-10-07T14:19:32.3738278Z   PYTHON_VERSION: 3.13
4 SCA	Install pip-audit	2026-10-07T14:19:32.3738797Z   pythonLocation: /opt/hostedtoolcache/Python/3.13.15/x64
4 SCA	Install pip-audit	2026-10-07T14:19:32.3739246Z   PKG_CONFIG_PATH: /opt/hostedtoolcache/Python/3.13.15/x64/lib/pkgconfig
4 SCA	Install pip-audit	2026-10-07T14:19:32.3739680Z   Python_ROOT_DIR: /opt/hostedtoolcache/Python/3.13.15/x64
4 SCA	Install pip-audit	2026-10-07T14:19:32.3740067Z   Python2_ROOT_DIR: /opt/hostedtoolcache/Python/3.13.15/x64
4 SCA	Install pip-audit	2026-10-07T14:19:32.3740490Z   Python3_ROOT_DIR: /opt/hostedtoolcache/Python/3.13.15/x64
4 SCA	Install pip-audit	2026-10-07T14:19:32.3741070Z   LD_LIBRARY_PATH: /opt/hostedtoolcache/Python/3.13.15/x64/lib
4 SCA	Install pip-audit	2026-10-07T14:19:32.3741435Z ##[endgroup]
4 SCA	Install pip-audit	2026-10-07T14:19:34.8924085Z Collecting pip-audit==2.10.1
4 SCA	Install pip-audit	2026-10-07T14:19:34.9404978Z   Downloading pip_audit-2.10.1-py3-none-any.whl.metadata (28 kB)
4 SCA	Install pip-audit	2026-10-07T14:19:34.9633631Z Collecting CacheControl>=0.13.0 (from CacheControl[filecache]>=0.13.0->pip-audit==2.10.1)
4 SCA	Install pip-audit	2026-10-07T14:19:34.9670140Z   Downloading cachecontrol-0.14.4-py3-none-any.whl.metadata (3.1 kB)
4 SCA	Install pip-audit	2026-10-07T14:19:34.9992371Z Collecting cyclonedx-python-lib<12,>=5 (from pip-audit==2.10.1)
4 SCA	Install pip-audit	2026-10-07T14:19:35.0027103Z   Downloading cyclonedx_python_lib-11.12.0-py3-none-any.whl.metadata (6.9 kB)
4 SCA	Install pip-audit	2026-10-07T14:19:35.0195652Z Collecting packaging>=23.0.0 (from pip-audit==2.10.1)
4 SCA	Install pip-audit	2026-10-07T14:19:35.0228520Z   Downloading packaging-26.3-py3-none-any.whl.metadata (3.5 kB)
4 SCA	Install pip-audit	2026-10-07T14:19:35.0353962Z Collecting pip-api>=0.0.28 (from pip-audit==2.10.1)
4 SCA	Install pip-audit	2026-10-07T14:19:35.0387671Z   Downloading pip_api-0.0.35-py3-none-any.whl.metadata (17 kB)
4 SCA	Install pip-audit	2026-10-07T14:19:35.0517103Z Collecting pip-requirements-parser>=32.0.0 (from pip-audit==2.10.1)
4 SCA	Install pip-audit	2026-10-07T14:19:35.0551973Z   Downloading pip_requirements_parser-32.0.1-py3-none-any.whl.metadata (9.3 kB)
4 SCA	Install pip-audit	2026-10-07T14:19:35.0760063Z Collecting requests>=2.31.0 (from pip-audit==2.10.1)
4 SCA	Install pip-audit	2026-10-07T14:19:35.0794184Z   Downloading requests-2.34.2-py3-none-any.whl.metadata (4.8 kB)
4 SCA	Install pip-audit	2026-10-07T14:19:35.1074693Z Collecting rich>=12.4 (from pip-audit==2.10.1)
4 SCA	Install pip-audit	2026-10-07T14:19:35.1126361Z   Downloading rich-15.0.0-py3-none-any.whl.metadata (18 kB)
4 SCA	Install pip-audit	2026-10-07T14:19:35.1370896Z Collecting tomli>=2.2.1 (from pip-audit==2.10.1)
4 SCA	Install pip-audit	2026-10-07T14:19:35.1416015Z   Downloading tomli-2.5.0-cp313-cp313-manylinux2014_x86_64.manylinux_2_17_x86_64.manylinux_2_28_x86_64.whl.metadata (10 kB)
4 SCA	Install pip-audit	2026-10-07T14:19:35.1535267Z Collecting tomli-w>=1.2.0 (from pip-audit==2.10.1)
4 SCA	Install pip-audit	2026-10-07T14:19:35.1570302Z   Downloading tomli_w-1.2.0-py3-none-any.whl.metadata (5.7 kB)
4 SCA	Install pip-audit	2026-10-07T14:19:35.1754319Z Collecting platformdirs>=4.2.0 (from pip-audit==2.10.1)
4 SCA	Install pip-audit	2026-10-07T14:19:35.1793389Z   Downloading platformdirs-4.12.3-py3-none-any.whl.metadata (5.5 kB)
4 SCA	Install pip-audit	2026-10-07T14:19:35.1944338Z Collecting license-expression<31,>=30 (from cyclonedx-python-lib<12,>=5->pip-audit==2.10.1)
4 SCA	Install pip-audit	2026-10-07T14:19:35.1982707Z   Downloading license_expression-30.4.4-py3-none-any.whl.metadata (11 kB)
4 SCA	Install pip-audit	2026-10-07T14:19:35.2150017Z Collecting packageurl-python<2,>=0.11 (from cyclonedx-python-lib<12,>=5->pip-audit==2.10.1)
4 SCA	Install pip-audit	2026-10-07T14:19:35.2183993Z   Downloading packageurl_python-0.17.6-py3-none-any.whl.metadata (5.1 kB)
4 SCA	Install pip-audit	2026-10-07T14:19:35.2333945Z Collecting py-serializable<3.0.0,>=2.1.0 (from cyclonedx-python-lib<12,>=5->pip-audit==2.10.1)
4 SCA	Install pip-audit	2026-10-07T14:19:35.2367320Z   Downloading py_serializable-2.1.0-py3-none-any.whl.metadata (4.3 kB)
4 SCA	Install pip-audit	2026-10-07T14:19:35.2491660Z Collecting sortedcontainers<3.0.0,>=2.4.0 (from cyclonedx-python-lib<12,>=5->pip-audit==2.10.1)
4 SCA	Install pip-audit	2026-10-07T14:19:35.2526041Z   Downloading sortedcontainers-2.4.0-py2.py3-none-any.whl.metadata (10 kB)
4 SCA	Install pip-audit	2026-10-07T14:19:35.2651199Z Collecting boolean.py>=4.0 (from license-expression<31,>=30->cyclonedx-python-lib<12,>=5->pip-audit==2.10.1)
4 SCA	Install pip-audit	2026-10-07T14:19:35.2686810Z   Downloading boolean_py-5.0-py3-none-any.whl.metadata (2.3 kB)
4 SCA	Install pip-audit	2026-10-07T14:19:35.2816908Z Collecting defusedxml<0.8.0,>=0.7.1 (from py-serializable<3.0.0,>=2.1.0->cyclonedx-python-lib<12,>=5->pip-audit==2.10.1)
4 SCA	Install pip-audit	2026-10-07T14:19:35.2850861Z   Downloading defusedxml-0.7.1-py2.py3-none-any.whl.metadata (32 kB)
4 SCA	Install pip-audit	2026-10-07T14:19:35.3643516Z Collecting msgpack<2.0.0,>=0.5.2 (from CacheControl>=0.13.0->CacheControl[filecache]>=0.13.0->pip-audit==2.10.1)
4 SCA	Install pip-audit	2026-10-07T14:19:35.3686785Z   Downloading msgpack-1.2.3-cp313-cp313-manylinux2014_x86_64.manylinux_2_17_x86_64.manylinux_2_28_x86_64.whl.metadata (8.3 kB)
4 SCA	Install pip-audit	2026-10-07T14:19:35.4165123Z Collecting filelock>=3.8.0 (from CacheControl[filecache]>=0.13.0->pip-audit==2.10.1)
4 SCA	Install pip-audit	2026-10-07T14:19:35.4197893Z   Downloading filelock-4.0.12-py3-none-any.whl.metadata (2.0 kB)
4 SCA	Install pip-audit	2026-10-07T14:19:35.4243200Z Requirement already satisfied: pip in /opt/hostedtoolcache/Python/3.13.15/x64/lib/python3.13/site-packages (from pip-api>=0.0.28->pip-audit==2.10.1) (26.2.1)
4 SCA	Install pip-audit	2026-10-07T14:19:35.4448883Z Collecting pyparsing (from pip-requirements-parser>=32.0.0->pip-audit==2.10.1)
4 SCA	Install pip-audit	2026-10-07T14:19:35.4482124Z   Downloading pyparsing-3.3.3-py3-none-any.whl.metadata (5.9 kB)
4 SCA	Install pip-audit	2026-10-07T14:19:35.5702072Z Collecting charset_normalizer<4,>=2 (from requests>=2.31.0->pip-audit==2.10.1)
4 SCA	Install pip-audit	2026-10-07T14:19:35.5761013Z   Downloading charset_normalizer-3.5.2-cp313-cp313-manylinux2014_x86_64.manylinux_2_17_x86_64.manylinux_2_28_x86_64.whl.metadata (46 kB)
4 SCA	Install pip-audit	2026-10-07T14:19:35.5927717Z Collecting idna<4,>=2.5 (from requests>=2.31.0->pip-audit==2.10.1)
4 SCA	Install pip-audit	2026-10-07T14:19:35.5963245Z   Downloading idna-3.20-py3-none-any.whl.metadata (7.2 kB)
4 SCA	Install pip-audit	2026-10-07T14:19:35.6164514Z Collecting urllib3<3,>=1.26 (from requests>=2.31.0->pip-audit==2.10.1)
4 SCA	Install pip-audit	2026-10-07T14:19:35.6201492Z   Downloading urllib3-2.8.0-py3-none-any.whl.metadata (7.4 kB)
4 SCA	Install pip-audit	2026-10-07T14:19:35.6367797Z Collecting certifi>=2023.5.7 (from requests>=2.31.0->pip-audit==2.10.1)
4 SCA	Install pip-audit	2026-10-07T14:19:35.6400756Z   Downloading certifi-2026.7.22-py3-none-any.whl.metadata (2.5 kB)
4 SCA	Install pip-audit	2026-10-07T14:19:35.6551142Z Collecting markdown-it-py>=2.2.0 (from rich>=12.4->pip-audit==2.10.1)
4 SCA	Install pip-audit	2026-10-07T14:19:35.6585392Z   Downloading markdown_it_py-4.2.0-py3-none-any.whl.metadata (7.4 kB)
4 SCA	Install pip-audit	2026-10-07T14:19:35.6776155Z Collecting pygments<3.0.0,>=2.13.0 (from rich>=12.4->pip-audit==2.10.1)
4 SCA	Install pip-audit	2026-10-07T14:19:35.6822530Z   Downloading pygments-2.21.0-py3-none-any.whl.metadata (2.5 kB)
4 SCA	Install pip-audit	2026-10-07T14:19:35.6934192Z Collecting mdurl~=0.1 (from markdown-it-py>=2.2.0->rich>=12.4->pip-audit==2.10.1)
4 SCA	Install pip-audit	2026-10-07T14:19:35.6969164Z   Downloading mdurl-0.1.2-py3-none-any.whl.metadata (1.6 kB)
4 SCA	Install pip-audit	2026-10-07T14:19:35.7101637Z Downloading pip_audit-2.10.1-py3-none-any.whl (62 kB)
4 SCA	Install pip-audit	2026-10-07T14:19:35.7166497Z Downloading cyclonedx_python_lib-11.12.0-py3-none-any.whl (529 kB)
4 SCA	Install pip-audit	2026-10-07T14:19:35.7270321Z    ━━━━━━━━━━━━━━━━━━━━━━━━━━━━━━━━━━━━━━━━ 529.5/529.5 kB 60.3 MB/s  0:00:00
4 SCA	Install pip-audit	2026-10-07T14:19:35.7305799Z Downloading license_expression-30.4.4-py3-none-any.whl (120 kB)
4 SCA	Install pip-audit	2026-10-07T14:19:35.7364256Z Downloading packageurl_python-0.17.6-py3-none-any.whl (36 kB)
4 SCA	Install pip-audit	2026-10-07T14:19:35.7422990Z Downloading py_serializable-2.1.0-py3-none-any.whl (23 kB)
4 SCA	Install pip-audit	2026-10-07T14:19:35.7483373Z Downloading defusedxml-0.7.1-py2.py3-none-any.whl (25 kB)
4 SCA	Install pip-audit	2026-10-07T14:19:35.7538459Z Downloading sortedcontainers-2.4.0-py2.py3-none-any.whl (29 kB)
4 SCA	Install pip-audit	2026-10-07T14:19:35.7601775Z Downloading boolean_py-5.0-py3-none-any.whl (26 kB)
4 SCA	Install pip-audit	2026-10-07T14:19:35.7661276Z Downloading cachecontrol-0.14.4-py3-none-any.whl (22 kB)
4 SCA	Install pip-audit	2026-10-07T14:19:35.7716275Z Downloading msgpack-1.2.3-cp313-cp313-manylinux2014_x86_64.manylinux_2_17_x86_64.manylinux_2_28_x86_64.whl (466 kB)
4 SCA	Install pip-audit	2026-10-07T14:19:35.7805346Z Downloading filelock-4.0.12-py3-none-any.whl (111 kB)
4 SCA	Install pip-audit	2026-10-07T14:19:35.7862097Z Downloading packaging-26.3-py3-none-any.whl (129 kB)
4 SCA	Install pip-audit	2026-10-07T14:19:35.7916451Z Downloading pip_api-0.0.35-py3-none-any.whl (123 kB)
4 SCA	Install pip-audit	2026-10-07T14:19:35.7971634Z Downloading pip_requirements_parser-32.0.1-py3-none-any.whl (35 kB)
4 SCA	Install pip-audit	2026-10-07T14:19:35.8023791Z Downloading platformdirs-4.12.3-py3-none-any.whl (32 kB)
4 SCA	Install pip-audit	2026-10-07T14:19:35.8076693Z Downloading requests-2.34.2-py3-none-any.whl (73 kB)
4 SCA	Install pip-audit	2026-10-07T14:19:35.8135929Z Downloading charset_normalizer-3.5.2-cp313-cp313-manylinux2014_x86_64.manylinux_2_17_x86_64.manylinux_2_28_x86_64.whl (254 kB)
4 SCA	Install pip-audit	2026-10-07T14:19:35.8207232Z Downloading idna-3.20-py3-none-any.whl (69 kB)
4 SCA	Install pip-audit	2026-10-07T14:19:35.8265077Z Downloading urllib3-2.8.0-py3-none-any.whl (135 kB)
4 SCA	Install pip-audit	2026-10-07T14:19:35.8323170Z Downloading certifi-2026.7.22-py3-none-any.whl (136 kB)
4 SCA	Install pip-audit	2026-10-07T14:19:35.8377564Z Downloading rich-15.0.0-py3-none-any.whl (310 kB)
4 SCA	Install pip-audit	2026-10-07T14:19:35.8437368Z Downloading pygments-2.21.0-py3-none-any.whl (1.3 MB)
4 SCA	Install pip-audit	2026-10-07T14:19:35.8518284Z    ━━━━━━━━━━━━━━━━━━━━━━━━━━━━━━━━━━━━━━━━ 1.3/1.3 MB 172.9 MB/s  0:00:00
4 SCA	Install pip-audit	2026-10-07T14:19:35.8553093Z Downloading markdown_it_py-4.2.0-py3-none-any.whl (91 kB)
4 SCA	Install pip-audit	2026-10-07T14:19:35.8607563Z Downloading mdurl-0.1.2-py3-none-any.whl (10.0 kB)
4 SCA	Install pip-audit	2026-10-07T14:19:35.8687749Z Downloading tomli-2.5.0-cp313-cp313-manylinux2014_x86_64.manylinux_2_17_x86_64.manylinux_2_28_x86_64.whl (283 kB)
4 SCA	Install pip-audit	2026-10-07T14:19:35.8749737Z Downloading tomli_w-1.2.0-py3-none-any.whl (6.7 kB)
4 SCA	Install pip-audit	2026-10-07T14:19:35.8802129Z Downloading pyparsing-3.3.3-py3-none-any.whl (126 kB)
4 SCA	Install pip-audit	2026-10-07T14:19:36.0908369Z Installing collected packages: sortedcontainers, boolean.py, urllib3, tomli-w, tomli, pyparsing, pygments, platformdirs, pip-api, packaging, packageurl-python, msgpack, mdurl, license-expression, idna, filelock, defusedxml, charset_normalizer, certifi, requests, py-serializable, pip-requirements-parser, markdown-it-py, rich, cyclonedx-python-lib, CacheControl, pip-audit
4 SCA	Install pip-audit	2026-10-07T14:19:38.0231361Z 
4 SCA	Install pip-audit	2026-10-07T14:19:38.0286864Z Successfully installed CacheControl-0.14.4 boolean.py-5.0 certifi-2026.7.22 charset_normalizer-3.5.2 cyclonedx-python-lib-11.12.0 defusedxml-0.7.1 filelock-4.0.12 idna-3.20 license-expression-30.4.4 markdown-it-py-4.2.0 mdurl-0.1.2 msgpack-1.2.3 packageurl-python-0.17.6 packaging-26.3 pip-api-0.0.35 pip-audit-2.10.1 pip-requirements-parser-32.0.1 platformdirs-4.12.3 py-serializable-2.1.0 pygments-2.21.0 pyparsing-3.3.3 requests-2.34.2 rich-15.0.0 sortedcontainers-2.4.0 tomli-2.5.0 tomli-w-1.2.0 urllib3-2.8.0
4 SCA	Audit the pinned dependencies with pip-audit	﻿2026-10-07T14:19:38.1034040Z ##[group]Run set -o pipefail
4 SCA	Audit the pinned dependencies with pip-audit	2026-10-07T14:19:38.1034376Z [36;1mset -o pipefail[0m
4 SCA	Audit the pinned dependencies with pip-audit	2026-10-07T14:19:38.1034619Z [36;1mmkdir -p reports[0m
4 SCA	Audit the pinned dependencies with pip-audit	2026-10-07T14:19:38.1034992Z [36;1mpip-audit -r requirements.txt --no-deps | tee reports/pip-audit.txt[0m
4 SCA	Audit the pinned dependencies with pip-audit	2026-10-07T14:19:38.1097327Z shell: /usr/bin/bash --noprofile --norc -e -o pipefail {0}
4 SCA	Audit the pinned dependencies with pip-audit	2026-10-07T14:19:38.1097669Z env:
4 SCA	Audit the pinned dependencies with pip-audit	2026-10-07T14:19:38.1097868Z   APP_DIR: labs/17-devsecops
4 SCA	Audit the pinned dependencies with pip-audit	2026-10-07T14:19:38.1098114Z   IMAGE_NAME: claim-check-api
4 SCA	Audit the pinned dependencies with pip-audit	2026-10-07T14:19:38.1098352Z   TRIVY_VERSION: 0.75.0
4 SCA	Audit the pinned dependencies with pip-audit	2026-10-07T14:19:38.1098748Z   GITLEAKS_VERSION: 8.30.1
4 SCA	Audit the pinned dependencies with pip-audit	2026-10-07T14:19:38.1098990Z   PYTHON_VERSION: 3.13
4 SCA	Audit the pinned dependencies with pip-audit	2026-10-07T14:19:38.1099276Z   pythonLocation: /opt/hostedtoolcache/Python/3.13.15/x64
4 SCA	Audit the pinned dependencies with pip-audit	2026-10-07T14:19:38.1099706Z   PKG_CONFIG_PATH: /opt/hostedtoolcache/Python/3.13.15/x64/lib/pkgconfig
4 SCA	Audit the pinned dependencies with pip-audit	2026-10-07T14:19:38.1100133Z   Python_ROOT_DIR: /opt/hostedtoolcache/Python/3.13.15/x64
4 SCA	Audit the pinned dependencies with pip-audit	2026-10-07T14:19:38.1100513Z   Python2_ROOT_DIR: /opt/hostedtoolcache/Python/3.13.15/x64
4 SCA	Audit the pinned dependencies with pip-audit	2026-10-07T14:19:38.1100918Z   Python3_ROOT_DIR: /opt/hostedtoolcache/Python/3.13.15/x64
4 SCA	Audit the pinned dependencies with pip-audit	2026-10-07T14:19:38.1101295Z   LD_LIBRARY_PATH: /opt/hostedtoolcache/Python/3.13.15/x64/lib
4 SCA	Audit the pinned dependencies with pip-audit	2026-10-07T14:19:38.1101617Z ##[endgroup]
4 SCA	Audit the pinned dependencies with pip-audit	2026-10-07T14:19:39.0446958Z WARNING:pip_audit._cli:--no-deps is supported, but users are encouraged to fully hash their pinned dependencies
4 SCA	Audit the pinned dependencies with pip-audit	2026-10-07T14:19:39.0448955Z WARNING:pip_audit._cli:Consider using a tool like `pip-compile`: https://pip-tools.readthedocs.io/en/latest/#using-hashes
4 SCA	Audit the pinned dependencies with pip-audit	2026-10-07T14:19:44.2735662Z No known vulnerabilities found
4 SCA	Audit the pinned dependencies with trivy	﻿2026-10-07T14:19:44.3225336Z ##[group]Run set -o pipefail
4 SCA	Audit the pinned dependencies with trivy	2026-10-07T14:19:44.3225702Z [36;1mset -o pipefail[0m
4 SCA	Audit the pinned dependencies with trivy	2026-10-07T14:19:44.3226067Z [36;1mtrivy fs --scanners vuln --severity HIGH,CRITICAL --exit-code 1 \[0m
4 SCA	Audit the pinned dependencies with trivy	2026-10-07T14:19:44.3226547Z [36;1m  --format table requirements.txt | tee reports/trivy-fs.txt[0m
4 SCA	Audit the pinned dependencies with trivy	2026-10-07T14:19:44.3289235Z shell: /usr/bin/bash --noprofile --norc -e -o pipefail {0}
4 SCA	Audit the pinned dependencies with trivy	2026-10-07T14:19:44.3289592Z env:
4 SCA	Audit the pinned dependencies with trivy	2026-10-07T14:19:44.3289796Z   APP_DIR: labs/17-devsecops
4 SCA	Audit the pinned dependencies with trivy	2026-10-07T14:19:44.3290051Z   IMAGE_NAME: claim-check-api
4 SCA	Audit the pinned dependencies with trivy	2026-10-07T14:19:44.3290312Z   TRIVY_VERSION: 0.75.0
4 SCA	Audit the pinned dependencies with trivy	2026-10-07T14:19:44.3290541Z   GITLEAKS_VERSION: 8.30.1
4 SCA	Audit the pinned dependencies with trivy	2026-10-07T14:19:44.3290772Z   PYTHON_VERSION: 3.13
4 SCA	Audit the pinned dependencies with trivy	2026-10-07T14:19:44.3291062Z   pythonLocation: /opt/hostedtoolcache/Python/3.13.15/x64
4 SCA	Audit the pinned dependencies with trivy	2026-10-07T14:19:44.3291501Z   PKG_CONFIG_PATH: /opt/hostedtoolcache/Python/3.13.15/x64/lib/pkgconfig
4 SCA	Audit the pinned dependencies with trivy	2026-10-07T14:19:44.3291933Z   Python_ROOT_DIR: /opt/hostedtoolcache/Python/3.13.15/x64
4 SCA	Audit the pinned dependencies with trivy	2026-10-07T14:19:44.3292322Z   Python2_ROOT_DIR: /opt/hostedtoolcache/Python/3.13.15/x64
4 SCA	Audit the pinned dependencies with trivy	2026-10-07T14:19:44.3292910Z   Python3_ROOT_DIR: /opt/hostedtoolcache/Python/3.13.15/x64
4 SCA	Audit the pinned dependencies with trivy	2026-10-07T14:19:44.3293301Z   LD_LIBRARY_PATH: /opt/hostedtoolcache/Python/3.13.15/x64/lib
4 SCA	Audit the pinned dependencies with trivy	2026-10-07T14:19:44.3293627Z ##[endgroup]
4 SCA	Audit the pinned dependencies with trivy	2026-10-07T14:19:44.4192413Z 2026-10-07T14:19:44Z	INFO	[vulndb] Need to update DB
4 SCA	Audit the pinned dependencies with trivy	2026-10-07T14:19:44.4192940Z 2026-10-07T14:19:44Z	INFO	[vulndb] Downloading vulnerability DB...
4 SCA	Audit the pinned dependencies with trivy	2026-10-07T14:19:44.4193493Z 2026-10-07T14:19:44Z	INFO	[vulndb] Downloading artifact...	repo="mirror.gcr.io/aquasec/trivy-db:2"
4 SCA	Audit the pinned dependencies with trivy	2026-10-07T14:19:49.4992950Z 2.34 MiB / 119.53 MiB [->____________________________________________________________] 1.96% ? p/s ?25.07 MiB / 119.53 MiB [------------>_______________________________________________] 20.97% ? p/s ?51.71 MiB / 119.53 MiB [------------------------->__________________________________] 43.26% ? p/s ?80.98 MiB / 119.53 MiB [------------------------------->______________] 67.75% 131.22 MiB p/s ETA 0s119.53 MiB / 119.53 MiB [------------------------------------------->] 100.00% 131.22 MiB p/s ETA 0s119.53 MiB / 119.53 MiB [------------------------------------------->] 100.00% 131.22 MiB p/s ETA 0s119.53 MiB / 119.53 MiB [------------------------------------------->] 100.00% 126.90 MiB p/s ETA 0s119.53 MiB / 119.53 MiB [------------------------------------------->] 100.00% 126.90 MiB p/s ETA 0s119.53 MiB / 119.53 MiB [------------------------------------------->] 100.00% 126.90 MiB p/s ETA 0s119.53 MiB / 119.53 MiB [------------------------------------------->] 100.00% 118.71 MiB p/s ETA 0s119.53 MiB / 119.53 MiB [------------------------------------------->] 100.00% 118.71 MiB p/s ETA 0s119.53 MiB / 119.53 MiB [------------------------------------------->] 100.00% 118.71 MiB p/s ETA 0s119.53 MiB / 119.53 MiB [------------------------------------------->] 100.00% 111.05 MiB p/s ETA 0s119.53 MiB / 119.53 MiB [------------------------------------------->] 100.00% 111.05 MiB p/s ETA 0s119.53 MiB / 119.53 MiB [------------------------------------------->] 100.00% 111.05 MiB p/s ETA 0s119.53 MiB / 119.53 MiB [------------------------------------------->] 100.00% 103.89 MiB p/s ETA 0s119.53 MiB / 119.53 MiB [------------------------------------------->] 100.00% 103.89 MiB p/s ETA 0s119.53 MiB / 119.53 MiB [------------------------------------------->] 100.00% 103.89 MiB p/s ETA 0s119.53 MiB / 119.53 MiB [-------------------------------------------->] 100.00% 97.18 MiB p/s ETA 0s119.53 MiB / 119.53 MiB [-------------------------------------------->] 100.00% 97.18 MiB p/s ETA 0s119.53 MiB / 119.53 MiB [-----------------------------------------------] 100.00% 30.17 MiB p/s 4.2s2026-10-07T14:19:49Z	INFO	[vulndb] Artifact successfully downloaded	repo="mirror.gcr.io/aquasec/trivy-db:2"
4 SCA	Audit the pinned dependencies with trivy	2026-10-07T14:19:49.5004130Z 2026-10-07T14:19:49Z	INFO	[vuln] Vulnerability scanning is enabled
4 SCA	Audit the pinned dependencies with trivy	2026-10-07T14:19:49.5041137Z 2026-10-07T14:19:49Z	INFO	[python] Licenses acquired from one or more METADATA files may be subject to additional terms. Use `--debug` flag to see all affected packages.
4 SCA	Audit the pinned dependencies with trivy	2026-10-07T14:19:49.5043180Z 2026-10-07T14:19:49Z	INFO	Number of language-specific files	num=1
4 SCA	Audit the pinned dependencies with trivy	2026-10-07T14:19:49.5044076Z 2026-10-07T14:19:49Z	INFO	[pip] Detecting vulnerabilities...
4 SCA	Audit the pinned dependencies with trivy	2026-10-07T14:19:49.5067730Z 
4 SCA	Audit the pinned dependencies with trivy	2026-10-07T14:19:49.5068199Z Report Summary
4 SCA	Audit the pinned dependencies with trivy	2026-10-07T14:19:49.5069957Z 
4 SCA	Audit the pinned dependencies with trivy	2026-10-07T14:19:49.5073625Z ┌──────────────────┬──────┬─────────────────┐
4 SCA	Audit the pinned dependencies with trivy	2026-10-07T14:19:49.5074357Z │      Target      │ Type │ Vulnerabilities │
4 SCA	Audit the pinned dependencies with trivy	2026-10-07T14:19:49.5075160Z ├──────────────────┼──────┼─────────────────┤
4 SCA	Audit the pinned dependencies with trivy	2026-10-07T14:19:49.5075838Z │ requirements.txt │ pip  │        0        │
4 SCA	Audit the pinned dependencies with trivy	2026-10-07T14:19:49.5076541Z └──────────────────┴──────┴─────────────────┘
4 SCA	Audit the pinned dependencies with trivy	2026-10-07T14:19:49.5077031Z Legend:
4 SCA	Audit the pinned dependencies with trivy	2026-10-07T14:19:49.5078174Z - '-': Not scanned
4 SCA	Audit the pinned dependencies with trivy	2026-10-07T14:19:49.5078822Z - '0': Clean (no security findings detected)
4 SCA	Audit the pinned dependencies with trivy	2026-10-07T14:19:49.5079193Z 
4 SCA	Upload the SCA report	﻿2026-10-07T14:19:49.5198736Z ##[group]Run actions/upload-artifact@v4
4 SCA	Upload the SCA report	2026-10-07T14:19:49.5218880Z with:
4 SCA	Upload the SCA report	2026-10-07T14:19:49.5219252Z   name: sca-report
4 SCA	Upload the SCA report	2026-10-07T14:19:49.5219851Z   path: labs/17-devsecops/reports
4 SCA	Upload the SCA report	2026-10-07T14:19:49.5220128Z   retention-days: 7
4 SCA	Upload the SCA report	2026-10-07T14:19:49.5220365Z   if-no-files-found: warn
4 SCA	Upload the SCA report	2026-10-07T14:19:49.5220604Z   compression-level: 6
4 SCA	Upload the SCA report	2026-10-07T14:19:49.5220825Z   overwrite: false
4 SCA	Upload the SCA report	2026-10-07T14:19:49.5221043Z   include-hidden-files: false
4 SCA	Upload the SCA report	2026-10-07T14:19:49.5221284Z env:
4 SCA	Upload the SCA report	2026-10-07T14:19:49.5221475Z   APP_DIR: labs/17-devsecops
4 SCA	Upload the SCA report	2026-10-07T14:19:49.5221716Z   IMAGE_NAME: claim-check-api
4 SCA	Upload the SCA report	2026-10-07T14:19:49.5221953Z   TRIVY_VERSION: 0.75.0
4 SCA	Upload the SCA report	2026-10-07T14:19:49.5222185Z   GITLEAKS_VERSION: 8.30.1
4 SCA	Upload the SCA report	2026-10-07T14:19:49.5222417Z   PYTHON_VERSION: 3.13
4 SCA	Upload the SCA report	2026-10-07T14:19:49.5222702Z   pythonLocation: /opt/hostedtoolcache/Python/3.13.15/x64
4 SCA	Upload the SCA report	2026-10-07T14:19:49.5223135Z   PKG_CONFIG_PATH: /opt/hostedtoolcache/Python/3.13.15/x64/lib/pkgconfig
4 SCA	Upload the SCA report	2026-10-07T14:19:49.5223562Z   Python_ROOT_DIR: /opt/hostedtoolcache/Python/3.13.15/x64
4 SCA	Upload the SCA report	2026-10-07T14:19:49.5223990Z   Python2_ROOT_DIR: /opt/hostedtoolcache/Python/3.13.15/x64
4 SCA	Upload the SCA report	2026-10-07T14:19:49.5224382Z   Python3_ROOT_DIR: /opt/hostedtoolcache/Python/3.13.15/x64
4 SCA	Upload the SCA report	2026-10-07T14:19:49.5224761Z   LD_LIBRARY_PATH: /opt/hostedtoolcache/Python/3.13.15/x64/lib
4 SCA	Upload the SCA report	2026-10-07T14:19:49.5225079Z ##[endgroup]
4 SCA	Upload the SCA report	2026-10-07T14:19:49.6906103Z (node:2528) [DEP0040] DeprecationWarning: The `punycode` module is deprecated. Please use a userland alternative instead.
4 SCA	Upload the SCA report	2026-10-07T14:19:49.6906839Z (Use `node --trace-deprecation ...` to show where the warning was created)
4 SCA	Upload the SCA report	2026-10-07T14:19:49.6996588Z With the provided path, there will be 2 files uploaded
4 SCA	Upload the SCA report	2026-10-07T14:19:49.7001496Z Artifact name is valid!
4 SCA	Upload the SCA report	2026-10-07T14:19:49.7002010Z Root directory input is valid!
4 SCA	Upload the SCA report	2026-10-07T14:19:49.9375384Z Beginning upload of artifact content to blob storage
4 SCA	Upload the SCA report	2026-10-07T14:19:49.9590313Z (node:2528) [DEP0169] DeprecationWarning: `url.parse()` behavior is not standardized and prone to errors that have security implications. Use the WHATWG URL API instead. CVEs are not issued for `url.parse()` vulnerabilities.
4 SCA	Upload the SCA report	2026-10-07T14:19:49.9853005Z Uploaded bytes 446
4 SCA	Upload the SCA report	2026-10-07T14:19:50.0014908Z Finished uploading artifact content to blob storage!
4 SCA	Upload the SCA report	2026-10-07T14:19:50.0016223Z SHA256 digest of uploaded artifact zip is 244479cb3274d4c973e101b6a2cbbb94046f732c61f26d034699344c29fe02d8
4 SCA	Upload the SCA report	2026-10-07T14:19:50.0017658Z Finalizing artifact upload
4 SCA	Upload the SCA report	2026-10-07T14:19:50.2411121Z Artifact sca-report.zip successfully finalized. Artifact ID 11488751064
4 SCA	Upload the SCA report	2026-10-07T14:19:50.2412322Z Artifact sca-report has been successfully uploaded! Final size is 446 bytes. Artifact ID is 11488751064
4 SCA	Upload the SCA report	2026-10-07T14:19:50.2418188Z Artifact download URL: https://github.com/AmanYadav7015/devops-coursework/actions/runs/37635580923/artifacts/11488751064
4 SCA	Post Setup Python	﻿2026-10-07T14:19:50.2582798Z Post job cleanup.
4 SCA	Post Setup Python	2026-10-07T14:19:50.3779890Z (node:2540) [DEP0040] DeprecationWarning: The `punycode` module is deprecated. Please use a userland alternative instead.
4 SCA	Post Setup Python	2026-10-07T14:19:50.3780918Z (Use `node --trace-deprecation ...` to show where the warning was created)
4 SCA	Post Checkout code	﻿2026-10-07T14:19:50.3983752Z Post job cleanup.
4 SCA	Post Checkout code	2026-10-07T14:19:50.5009191Z [command]/usr/bin/git version
4 SCA	Post Checkout code	2026-10-07T14:19:50.5049094Z git version 2.55.0
4 SCA	Post Checkout code	2026-10-07T14:19:50.5084963Z Temporarily overriding HOME='/home/runner/work/_temp/51df0ea0-b40c-426f-bed0-54f757ea7e80' before making global git config changes
4 SCA	Post Checkout code	2026-10-07T14:19:50.5089358Z Adding repository directory to the temporary git global config as a safe directory
4 SCA	Post Checkout code	2026-10-07T14:19:50.5094458Z [command]/usr/bin/git config --global --add safe.directory /home/runner/work/devops-coursework/devops-coursework
4 SCA	Post Checkout code	2026-10-07T14:19:50.5139303Z [command]/usr/bin/git config --local --name-only --get-regexp core\.sshCommand
4 SCA	Post Checkout code	2026-10-07T14:19:50.5182905Z [command]/usr/bin/git submodule foreach --recursive sh -c "git config --local --name-only --get-regexp 'core\.sshCommand' && git config --local --unset-all 'core.sshCommand' || :"
4 SCA	Post Checkout code	2026-10-07T14:19:50.5494717Z [command]/usr/bin/git config --local --name-only --get-regexp http\.https\:\/\/github\.com\/\.extraheader
4 SCA	Post Checkout code	2026-10-07T14:19:50.5524146Z http.https://github.com/.extraheader
4 SCA	Post Checkout code	2026-10-07T14:19:50.5536017Z [command]/usr/bin/git config --local --unset-all http.https://github.com/.extraheader
4 SCA	Post Checkout code	2026-10-07T14:19:50.5600047Z [command]/usr/bin/git submodule foreach --recursive sh -c "git config --local --name-only --get-regexp 'http\.https\:\/\/github\.com\/\.extraheader' && git config --local --unset-all 'http.https://github.com/.extraheader' || :"
4 SCA	Post Checkout code	2026-10-07T14:19:50.5825420Z [command]/usr/bin/git config --local --name-only --get-regexp ^includeIf\.gitdir:
4 SCA	Post Checkout code	2026-10-07T14:19:50.5867458Z [command]/usr/bin/git submodule foreach --recursive git config --local --show-origin --name-only --get-regexp remote.origin.url
4 SCA	Complete job	﻿2026-10-07T14:19:50.6281419Z Cleaning up orphan processes
4 SCA	Complete job	2026-10-07T14:19:50.6581521Z ##[warning]Node.js 20 is deprecated. The following actions target Node.js 20 but are being forced to run on Node.js 24: actions/checkout@v4, actions/setup-python@v5, actions/upload-artifact@v4. For more information see: https://github.blog/changelog/2025-09-19-deprecation-of-node-20-on-github-actions-runners/
5 Secret Scan	Set up job	﻿2026-10-07T14:19:56.9611832Z Current runner version: '2.337.0'
5 Secret Scan	Set up job	2026-10-07T14:19:56.9637955Z ##[group]Runner Image Provisioner
5 Secret Scan	Set up job	2026-10-07T14:19:56.9638850Z Hosted Compute Agent
5 Secret Scan	Set up job	2026-10-07T14:19:56.9639451Z Version: 20260901.588
5 Secret Scan	Set up job	2026-10-07T14:19:56.9640155Z Commit: f88ec8081b781fac6c440065ac7ff9e710ce3d0b
5 Secret Scan	Set up job	2026-10-07T14:19:56.9640934Z Build Date: 2026-09-01T19:56:44Z
5 Secret Scan	Set up job	2026-10-07T14:19:56.9641619Z Worker ID: {2ce7ffb8-a5f1-475b-a1a9-91bd4829c0ab}
5 Secret Scan	Set up job	2026-10-07T14:19:56.9642419Z Azure Region: northcentralus
5 Secret Scan	Set up job	2026-10-07T14:19:56.9643042Z ##[endgroup]
5 Secret Scan	Set up job	2026-10-07T14:19:56.9644687Z ##[group]Operating System
5 Secret Scan	Set up job	2026-10-07T14:19:56.9645431Z Ubuntu
5 Secret Scan	Set up job	2026-10-07T14:19:56.9645944Z 24.04.5
5 Secret Scan	Set up job	2026-10-07T14:19:56.9646805Z LTS
5 Secret Scan	Set up job	2026-10-07T14:19:56.9647375Z ##[endgroup]
5 Secret Scan	Set up job	2026-10-07T14:19:56.9648333Z ##[group]Runner Image
5 Secret Scan	Set up job	2026-10-07T14:19:56.9649022Z Image: ubuntu-24.04
5 Secret Scan	Set up job	2026-10-07T14:19:56.9649584Z Version: 20260927.320.1
5 Secret Scan	Set up job	2026-10-07T14:19:56.9650723Z Included Software: https://github.com/actions/runner-images/blob/ubuntu24/20260927.320/images/ubuntu/Ubuntu2404-Readme.md
5 Secret Scan	Set up job	2026-10-07T14:19:56.9652550Z Image Release: https://github.com/actions/runner-images/releases/tag/ubuntu24%2F20260927.320
5 Secret Scan	Set up job	2026-10-07T14:19:56.9653614Z ##[endgroup]
5 Secret Scan	Set up job	2026-10-07T14:19:56.9654760Z ##[group]GITHUB_TOKEN Permissions
5 Secret Scan	Set up job	2026-10-07T14:19:56.9657207Z Contents: read
5 Secret Scan	Set up job	2026-10-07T14:19:56.9657841Z Metadata: read
5 Secret Scan	Set up job	2026-10-07T14:19:56.9658558Z ##[endgroup]
5 Secret Scan	Set up job	2026-10-07T14:19:56.9661037Z Secret source: Actions
5 Secret Scan	Set up job	2026-10-07T14:19:56.9662068Z Cache mode: write
5 Secret Scan	Set up job	2026-10-07T14:19:56.9663108Z Prepare workflow directory
5 Secret Scan	Set up job	2026-10-07T14:19:57.0097742Z Prepare all required actions
5 Secret Scan	Set up job	2026-10-07T14:19:57.0146355Z Getting action download info
5 Secret Scan	Set up job	2026-10-07T14:19:57.2826723Z Download action repository 'actions/checkout@v4' (SHA:11d5960a326750d5838078e36cf38b85af677262)
5 Secret Scan	Set up job	2026-10-07T14:19:57.4060942Z Download action repository 'actions/upload-artifact@v4' (SHA:ea165f8d65b6e75b540449e92b4886f43607fa02)
5 Secret Scan	Set up job	2026-10-07T14:19:57.6145578Z Complete job name: 5 Secret Scan
5 Secret Scan	Checkout the full history	﻿2026-10-07T14:19:57.6916837Z ##[group]Run actions/checkout@v4
5 Secret Scan	Checkout the full history	2026-10-07T14:19:57.6917804Z with:
5 Secret Scan	Checkout the full history	2026-10-07T14:19:57.6918241Z   fetch-depth: 0
5 Secret Scan	Checkout the full history	2026-10-07T14:19:57.6918744Z   repository: AmanYadav7015/devops-coursework
5 Secret Scan	Checkout the full history	2026-10-07T14:19:57.6922460Z   token: ***
5 Secret Scan	Checkout the full history	2026-10-07T14:19:57.6922903Z   ssh-strict: true
5 Secret Scan	Checkout the full history	2026-10-07T14:19:57.6923349Z   ssh-user: git
5 Secret Scan	Checkout the full history	2026-10-07T14:19:57.6923797Z   persist-credentials: true
5 Secret Scan	Checkout the full history	2026-10-07T14:19:57.6924293Z   clean: true
5 Secret Scan	Checkout the full history	2026-10-07T14:19:57.6924733Z   sparse-checkout-cone-mode: true
5 Secret Scan	Checkout the full history	2026-10-07T14:19:57.6925249Z   fetch-tags: false
5 Secret Scan	Checkout the full history	2026-10-07T14:19:57.6925688Z   show-progress: true
5 Secret Scan	Checkout the full history	2026-10-07T14:19:57.6926128Z   lfs: false
5 Secret Scan	Checkout the full history	2026-10-07T14:19:57.6926712Z   submodules: false
5 Secret Scan	Checkout the full history	2026-10-07T14:19:57.6927170Z   set-safe-directory: true
5 Secret Scan	Checkout the full history	2026-10-07T14:19:57.6927672Z   allow-unsafe-pr-checkout: false
5 Secret Scan	Checkout the full history	2026-10-07T14:19:57.6928434Z env:
5 Secret Scan	Checkout the full history	2026-10-07T14:19:57.6928857Z   APP_DIR: labs/17-devsecops
5 Secret Scan	Checkout the full history	2026-10-07T14:19:57.6929375Z   IMAGE_NAME: claim-check-api
5 Secret Scan	Checkout the full history	2026-10-07T14:19:57.6929889Z   TRIVY_VERSION: 0.75.0
5 Secret Scan	Checkout the full history	2026-10-07T14:19:57.6930400Z   GITLEAKS_VERSION: 8.30.1
5 Secret Scan	Checkout the full history	2026-10-07T14:19:57.6930886Z   PYTHON_VERSION: 3.13
5 Secret Scan	Checkout the full history	2026-10-07T14:19:57.6931332Z ##[endgroup]
5 Secret Scan	Checkout the full history	2026-10-07T14:19:57.7945609Z Syncing repository: AmanYadav7015/devops-coursework
5 Secret Scan	Checkout the full history	2026-10-07T14:19:57.7948785Z ##[group]Getting Git version info
5 Secret Scan	Checkout the full history	2026-10-07T14:19:57.7950174Z Working directory is '/home/runner/work/devops-coursework/devops-coursework'
5 Secret Scan	Checkout the full history	2026-10-07T14:19:57.7952021Z [command]/usr/bin/git version
5 Secret Scan	Checkout the full history	2026-10-07T14:19:57.8010230Z git version 2.55.0
5 Secret Scan	Checkout the full history	2026-10-07T14:19:57.8041558Z ##[endgroup]
5 Secret Scan	Checkout the full history	2026-10-07T14:19:57.8055130Z Temporarily overriding HOME='/home/runner/work/_temp/472073af-c54a-4f7d-9a08-d2e010168ebd' before making global git config changes
5 Secret Scan	Checkout the full history	2026-10-07T14:19:57.8057875Z Adding repository directory to the temporary git global config as a safe directory
5 Secret Scan	Checkout the full history	2026-10-07T14:19:57.8060376Z [command]/usr/bin/git config --global --add safe.directory /home/runner/work/devops-coursework/devops-coursework
5 Secret Scan	Checkout the full history	2026-10-07T14:19:57.8117810Z Deleting the contents of '/home/runner/work/devops-coursework/devops-coursework'
5 Secret Scan	Checkout the full history	2026-10-07T14:19:57.8121827Z ##[group]Initializing the repository
5 Secret Scan	Checkout the full history	2026-10-07T14:19:57.8126144Z [command]/usr/bin/git init /home/runner/work/devops-coursework/devops-coursework
5 Secret Scan	Checkout the full history	2026-10-07T14:19:57.8231104Z hint: Using 'master' as the name for the initial branch. This default branch name
5 Secret Scan	Checkout the full history	2026-10-07T14:19:57.8235541Z hint: will change to "main" in Git 3.0. To configure the initial branch name
5 Secret Scan	Checkout the full history	2026-10-07T14:19:57.8237311Z hint: to use in all of your new repositories, which will suppress this warning,
5 Secret Scan	Checkout the full history	2026-10-07T14:19:57.8238523Z hint: call:
5 Secret Scan	Checkout the full history	2026-10-07T14:19:57.8239185Z hint:
5 Secret Scan	Checkout the full history	2026-10-07T14:19:57.8240034Z hint: 	git config --global init.defaultBranch <name>
5 Secret Scan	Checkout the full history	2026-10-07T14:19:57.8241104Z hint:
5 Secret Scan	Checkout the full history	2026-10-07T14:19:57.8242043Z hint: Names commonly chosen instead of 'master' are 'main', 'trunk' and
5 Secret Scan	Checkout the full history	2026-10-07T14:19:57.8243545Z hint: 'development'. The just-created branch can be renamed via this command:
5 Secret Scan	Checkout the full history	2026-10-07T14:19:57.8244810Z hint:
5 Secret Scan	Checkout the full history	2026-10-07T14:19:57.8245555Z hint: 	git branch -m <name>
5 Secret Scan	Checkout the full history	2026-10-07T14:19:57.8246404Z hint:
5 Secret Scan	Checkout the full history	2026-10-07T14:19:57.8247608Z hint: Disable this message with "git config set advice.defaultBranchName false"
5 Secret Scan	Checkout the full history	2026-10-07T14:19:57.8249408Z Initialized empty Git repository in /home/runner/work/devops-coursework/devops-coursework/.git/
5 Secret Scan	Checkout the full history	2026-10-07T14:19:57.8252389Z [command]/usr/bin/git remote add origin https://github.com/AmanYadav7015/devops-coursework
5 Secret Scan	Checkout the full history	2026-10-07T14:19:57.8308548Z ##[endgroup]
5 Secret Scan	Checkout the full history	2026-10-07T14:19:57.8309373Z ##[group]Disabling automatic garbage collection
5 Secret Scan	Checkout the full history	2026-10-07T14:19:57.8313979Z [command]/usr/bin/git config --local gc.auto 0
5 Secret Scan	Checkout the full history	2026-10-07T14:19:57.8348045Z ##[endgroup]
5 Secret Scan	Checkout the full history	2026-10-07T14:19:57.8348959Z ##[group]Setting up auth
5 Secret Scan	Checkout the full history	2026-10-07T14:19:57.8356388Z [command]/usr/bin/git config --local --name-only --get-regexp core\.sshCommand
5 Secret Scan	Checkout the full history	2026-10-07T14:19:57.8390576Z [command]/usr/bin/git submodule foreach --recursive sh -c "git config --local --name-only --get-regexp 'core\.sshCommand' && git config --local --unset-all 'core.sshCommand' || :"
5 Secret Scan	Checkout the full history	2026-10-07T14:19:57.8791276Z [command]/usr/bin/git config --local --name-only --get-regexp http\.https\:\/\/github\.com\/\.extraheader
5 Secret Scan	Checkout the full history	2026-10-07T14:19:57.8832985Z [command]/usr/bin/git submodule foreach --recursive sh -c "git config --local --name-only --get-regexp 'http\.https\:\/\/github\.com\/\.extraheader' && git config --local --unset-all 'http.https://github.com/.extraheader' || :"
5 Secret Scan	Checkout the full history	2026-10-07T14:19:57.9085935Z [command]/usr/bin/git config --local --name-only --get-regexp ^includeIf\.gitdir:
5 Secret Scan	Checkout the full history	2026-10-07T14:19:57.9125985Z [command]/usr/bin/git submodule foreach --recursive git config --local --show-origin --name-only --get-regexp remote.origin.url
5 Secret Scan	Checkout the full history	2026-10-07T14:19:57.9363487Z [command]/usr/bin/git config --local http.https://github.com/.extraheader AUTHORIZATION: basic ***
5 Secret Scan	Checkout the full history	2026-10-07T14:19:57.9404299Z ##[endgroup]
5 Secret Scan	Checkout the full history	2026-10-07T14:19:57.9405169Z ##[group]Fetching the repository
5 Secret Scan	Checkout the full history	2026-10-07T14:19:57.9414610Z [command]/usr/bin/git -c protocol.version=2 fetch --prune --no-recurse-submodules origin +refs/heads/*:refs/remotes/origin/* +refs/tags/*:refs/tags/*
5 Secret Scan	Checkout the full history	2026-10-07T14:19:58.8287043Z From https://github.com/AmanYadav7015/devops-coursework
5 Secret Scan	Checkout the full history	2026-10-07T14:19:58.8289730Z  * [new branch]      main                    -> origin/main
5 Secret Scan	Checkout the full history	2026-10-07T14:19:58.8292308Z  * [new branch]      session-16-ci           -> origin/session-16-ci
5 Secret Scan	Checkout the full history	2026-10-07T14:19:58.8295296Z  * [new branch]      session-17-devsecops-ci -> origin/session-17-devsecops-ci
5 Secret Scan	Checkout the full history	2026-10-07T14:19:58.8301649Z [command]/usr/bin/git branch --list --remote origin/session-17-devsecops-ci
5 Secret Scan	Checkout the full history	2026-10-07T14:19:58.8328473Z   origin/session-17-devsecops-ci
5 Secret Scan	Checkout the full history	2026-10-07T14:19:58.8338335Z [command]/usr/bin/git rev-parse refs/remotes/origin/session-17-devsecops-ci
5 Secret Scan	Checkout the full history	2026-10-07T14:19:58.8368622Z e2a54b405aaef0453130dd8955a1c4de2acad19f
5 Secret Scan	Checkout the full history	2026-10-07T14:19:58.8372870Z ##[endgroup]
5 Secret Scan	Checkout the full history	2026-10-07T14:19:58.8374411Z ##[group]Determining the checkout info
5 Secret Scan	Checkout the full history	2026-10-07T14:19:58.8376137Z ##[endgroup]
5 Secret Scan	Checkout the full history	2026-10-07T14:19:58.8379099Z [command]/usr/bin/git sparse-checkout disable
5 Secret Scan	Checkout the full history	2026-10-07T14:19:58.8433415Z [command]/usr/bin/git config --local --unset-all extensions.worktreeConfig
5 Secret Scan	Checkout the full history	2026-10-07T14:19:58.8465805Z ##[group]Checking out the ref
5 Secret Scan	Checkout the full history	2026-10-07T14:19:58.8469406Z [command]/usr/bin/git checkout --progress --force -B session-17-devsecops-ci refs/remotes/origin/session-17-devsecops-ci
5 Secret Scan	Checkout the full history	2026-10-07T14:19:58.9821832Z Switched to a new branch 'session-17-devsecops-ci'
5 Secret Scan	Checkout the full history	2026-10-07T14:19:58.9826925Z branch 'session-17-devsecops-ci' set up to track 'origin/session-17-devsecops-ci'.
5 Secret Scan	Checkout the full history	2026-10-07T14:19:58.9839097Z ##[endgroup]
5 Secret Scan	Checkout the full history	2026-10-07T14:19:58.9887987Z [command]/usr/bin/git log -1 --format=%H
5 Secret Scan	Checkout the full history	2026-10-07T14:19:58.9916902Z e2a54b405aaef0453130dd8955a1c4de2acad19f
5 Secret Scan	Install gitleaks	﻿2026-10-07T14:19:59.0179529Z ##[group]Run curl -sSL "https://github.com/gitleaks/gitleaks/releases/download/v${GITLEAKS_VERSION}/gitleaks_${GITLEAKS_VERSION}_linux_x64.tar.gz" \
5 Secret Scan	Install gitleaks	2026-10-07T14:19:59.0184323Z [36;1mcurl -sSL "https://github.com/gitleaks/gitleaks/releases/download/v${GITLEAKS_VERSION}/gitleaks_${GITLEAKS_VERSION}_linux_x64.tar.gz" \[0m
5 Secret Scan	Install gitleaks	2026-10-07T14:19:59.0187621Z [36;1m  | sudo tar -xz -C /usr/local/bin gitleaks[0m
5 Secret Scan	Install gitleaks	2026-10-07T14:19:59.0189149Z [36;1mgitleaks version[0m
5 Secret Scan	Install gitleaks	2026-10-07T14:19:59.0470656Z shell: /usr/bin/bash --noprofile --norc -e -o pipefail {0}
5 Secret Scan	Install gitleaks	2026-10-07T14:19:59.0472390Z env:
5 Secret Scan	Install gitleaks	2026-10-07T14:19:59.0473401Z   APP_DIR: labs/17-devsecops
5 Secret Scan	Install gitleaks	2026-10-07T14:19:59.0474656Z   IMAGE_NAME: claim-check-api
5 Secret Scan	Install gitleaks	2026-10-07T14:19:59.0475888Z   TRIVY_VERSION: 0.75.0
5 Secret Scan	Install gitleaks	2026-10-07T14:19:59.0477233Z   GITLEAKS_VERSION: 8.30.1
5 Secret Scan	Install gitleaks	2026-10-07T14:19:59.0478417Z   PYTHON_VERSION: 3.13
5 Secret Scan	Install gitleaks	2026-10-07T14:19:59.0479500Z ##[endgroup]
5 Secret Scan	Install gitleaks	2026-10-07T14:19:59.6087934Z 8.30.1
5 Secret Scan	Positive control, the scanner must fire on a planted secret	﻿2026-10-07T14:19:59.6147680Z ##[group]Run CONTROL=$(mktemp -d)
5 Secret Scan	Positive control, the scanner must fire on a planted secret	2026-10-07T14:19:59.6148146Z [36;1mCONTROL=$(mktemp -d)[0m
5 Secret Scan	Positive control, the scanner must fire on a planted secret	2026-10-07T14:19:59.6148645Z [36;1mrand() { head -c 64 /dev/urandom | base32 | tr -d '=' | tr '[:lower:]' '[:upper:]' | head -c "$1"; }[0m
5 Secret Scan	Positive control, the scanner must fire on a planted secret	2026-10-07T14:19:59.6149217Z [36;1mHOOK_HOST="hooks.$(printf 'sla'; printf 'ck').com"[0m
5 Secret Scan	Positive control, the scanner must fire on a planted secret	2026-10-07T14:19:59.6149603Z [36;1m{[0m
5 Secret Scan	Positive control, the scanner must fire on a planted secret	2026-10-07T14:19:59.6149916Z [36;1m  printf 'AWS_ACCESS_KEY_ID = "AKIA%s"\n' "$(rand 16)"[0m
5 Secret Scan	Positive control, the scanner must fire on a planted secret	2026-10-07T14:19:59.6150599Z [36;1m  printf 'DEPLOY_HOOK = "https://%s/services/T%s/B%s/%s"\n' "$HOOK_HOST" "$(rand 8)" "$(rand 8)" "$(rand 24)"[0m
5 Secret Scan	Positive control, the scanner must fire on a planted secret	2026-10-07T14:19:59.6151152Z [36;1m} > "$CONTROL/planted.py"[0m
5 Secret Scan	Positive control, the scanner must fire on a planted secret	2026-10-07T14:19:59.6151591Z [36;1mecho "planted a randomly generated placeholder credential in $CONTROL"[0m
5 Secret Scan	Positive control, the scanner must fire on a planted secret	2026-10-07T14:19:59.6152100Z [36;1mif gitleaks dir "$CONTROL" --no-banner -v; then[0m
5 Secret Scan	Positive control, the scanner must fire on a planted secret	2026-10-07T14:19:59.6152628Z [36;1m  echo "::error::the secret scanner did not fire on a planted secret, the control failed"[0m
5 Secret Scan	Positive control, the scanner must fire on a planted secret	2026-10-07T14:19:59.6153150Z [36;1m  rm -rf "$CONTROL"[0m
5 Secret Scan	Positive control, the scanner must fire on a planted secret	2026-10-07T14:19:59.6153427Z [36;1m  exit 1[0m
5 Secret Scan	Positive control, the scanner must fire on a planted secret	2026-10-07T14:19:59.6153664Z [36;1mfi[0m
5 Secret Scan	Positive control, the scanner must fire on a planted secret	2026-10-07T14:19:59.6154066Z [36;1mecho "control passed, gitleaks exits non-zero when a secret is present"[0m
5 Secret Scan	Positive control, the scanner must fire on a planted secret	2026-10-07T14:19:59.6154512Z [36;1mrm -rf "$CONTROL"[0m
5 Secret Scan	Positive control, the scanner must fire on a planted secret	2026-10-07T14:19:59.6218106Z shell: /usr/bin/bash --noprofile --norc -e -o pipefail {0}
5 Secret Scan	Positive control, the scanner must fire on a planted secret	2026-10-07T14:19:59.6218515Z env:
5 Secret Scan	Positive control, the scanner must fire on a planted secret	2026-10-07T14:19:59.6218770Z   APP_DIR: labs/17-devsecops
5 Secret Scan	Positive control, the scanner must fire on a planted secret	2026-10-07T14:19:59.6219093Z   IMAGE_NAME: claim-check-api
5 Secret Scan	Positive control, the scanner must fire on a planted secret	2026-10-07T14:19:59.6219399Z   TRIVY_VERSION: 0.75.0
5 Secret Scan	Positive control, the scanner must fire on a planted secret	2026-10-07T14:19:59.6219667Z   GITLEAKS_VERSION: 8.30.1
5 Secret Scan	Positive control, the scanner must fire on a planted secret	2026-10-07T14:19:59.6219943Z   PYTHON_VERSION: 3.13
5 Secret Scan	Positive control, the scanner must fire on a planted secret	2026-10-07T14:19:59.6220195Z ##[endgroup]
5 Secret Scan	Positive control, the scanner must fire on a planted secret	2026-10-07T14:19:59.6515246Z planted a randomly generated placeholder credential in /tmp/tmp.bG1AyzD5GH
5 Secret Scan	Positive control, the scanner must fire on a planted secret	2026-10-07T14:20:00.0841464Z [90m2:20PM[0m [32mINF[0m [1mscanned ~137 bytes (137 bytes) in 5.79ms[0m
5 Secret Scan	Positive control, the scanner must fire on a planted secret	2026-10-07T14:20:00.0842796Z Finding:     DEPLOY_HOOK = "[1;3;mhttps://hooks.slack.com/services/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[0m
5 Secret Scan	Positive control, the scanner must fire on a planted secret	2026-10-07T14:20:00.0844228Z Secret:      [1;3;mhttps://hooks.slack.com/services/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[0m
5 Secret Scan	Positive control, the scanner must fire on a planted secret	2026-10-07T14:20:00.0844962Z RuleID:      slack-webhook-url
5 Secret Scan	Positive control, the scanner must fire on a planted secret	2026-10-07T14:20:00.0845349Z Entropy:     5.102517
5 Secret Scan	Positive control, the scanner must fire on a planted secret	2026-10-07T14:20:00.0845730Z File:        /tmp/tmp.bG1AyzD5GH/planted.py
5 Secret Scan	Positive control, the scanner must fire on a planted secret	2026-10-07T14:20:00.0846161Z Line:        2
5 Secret Scan	Positive control, the scanner must fire on a planted secret	2026-10-07T14:20:00.0847899Z Fingerprint: /tmp/tmp.bG1AyzD5GH/planted.py:slack-webhook-url:2
5 Secret Scan	Positive control, the scanner must fire on a planted secret	2026-10-07T14:20:00.0848563Z 
5 Secret Scan	Positive control, the scanner must fire on a planted secret	2026-10-07T14:20:00.0849089Z Finding:     ...WS_ACCESS_KEY_ID = "[1;3;mAKIAZK6IU5KC6DGRVCRS[0m
5 Secret Scan	Positive control, the scanner must fire on a planted secret	2026-10-07T14:20:00.0849978Z Secret:      [1;3;mAKIAZK6IU5KC6DGRVCRS[0m
5 Secret Scan	Positive control, the scanner must fire on a planted secret	2026-10-07T14:20:00.0850648Z RuleID:      aws-access-token
5 Secret Scan	Positive control, the scanner must fire on a planted secret	2026-10-07T14:20:00.0851201Z Entropy:     3.584184
5 Secret Scan	Positive control, the scanner must fire on a planted secret	2026-10-07T14:20:00.0851789Z File:        /tmp/tmp.bG1AyzD5GH/planted.py
5 Secret Scan	Positive control, the scanner must fire on a planted secret	2026-10-07T14:20:00.0852436Z Line:        1
5 Secret Scan	Positive control, the scanner must fire on a planted secret	2026-10-07T14:20:00.0853281Z [90m2:20PM[0m [33mWRN[0m [1mleaks found: 2[0m
5 Secret Scan	Positive control, the scanner must fire on a planted secret	2026-10-07T14:20:00.0854215Z Fingerprint: /tmp/tmp.bG1AyzD5GH/planted.py:aws-access-token:1
5 Secret Scan	Positive control, the scanner must fire on a planted secret	2026-10-07T14:20:00.0854885Z 
5 Secret Scan	Positive control, the scanner must fire on a planted secret	2026-10-07T14:20:00.0869264Z control passed, gitleaks exits non-zero when a secret is present
5 Secret Scan	Scan the working tree	﻿2026-10-07T14:20:00.0925688Z ##[group]Run mkdir -p "${APP_DIR}/reports"
5 Secret Scan	Scan the working tree	2026-10-07T14:20:00.0926150Z [36;1mmkdir -p "${APP_DIR}/reports"[0m
5 Secret Scan	Scan the working tree	2026-10-07T14:20:00.0926677Z [36;1mgitleaks dir "${APP_DIR}" \[0m
5 Secret Scan	Scan the working tree	2026-10-07T14:20:00.0927078Z [36;1m  -c "${APP_DIR}/security/gitleaks.toml" \[0m
5 Secret Scan	Scan the working tree	2026-10-07T14:20:00.0927441Z [36;1m  -i "${APP_DIR}" \[0m
5 Secret Scan	Scan the working tree	2026-10-07T14:20:00.0927735Z [36;1m  --no-banner -v \[0m
5 Secret Scan	Scan the working tree	2026-10-07T14:20:00.0928029Z [36;1m  --report-format json \[0m
5 Secret Scan	Scan the working tree	2026-10-07T14:20:00.0928407Z [36;1m  --report-path "${APP_DIR}/reports/gitleaks-tree.json"[0m
5 Secret Scan	Scan the working tree	2026-10-07T14:20:00.0995488Z shell: /usr/bin/bash --noprofile --norc -e -o pipefail {0}
5 Secret Scan	Scan the working tree	2026-10-07T14:20:00.0995908Z env:
5 Secret Scan	Scan the working tree	2026-10-07T14:20:00.0996188Z   APP_DIR: labs/17-devsecops
5 Secret Scan	Scan the working tree	2026-10-07T14:20:00.0996655Z   IMAGE_NAME: claim-check-api
5 Secret Scan	Scan the working tree	2026-10-07T14:20:00.0996963Z   TRIVY_VERSION: 0.75.0
5 Secret Scan	Scan the working tree	2026-10-07T14:20:00.0997256Z   GITLEAKS_VERSION: 8.30.1
5 Secret Scan	Scan the working tree	2026-10-07T14:20:00.0997531Z   PYTHON_VERSION: 3.13
5 Secret Scan	Scan the working tree	2026-10-07T14:20:00.0997789Z ##[endgroup]
5 Secret Scan	Scan the working tree	2026-10-07T14:20:00.5667227Z [90m2:20PM[0m [32mINF[0m [1mscanned ~17052 bytes (17.05 KB) in 10.7ms[0m
5 Secret Scan	Scan the working tree	2026-10-07T14:20:00.5668464Z [90m2:20PM[0m [32mINF[0m [1mno leaks found[0m
5 Secret Scan	Scan every commit that touched this lab	﻿2026-10-07T14:20:00.5719193Z ##[group]Run gitleaks git . \
5 Secret Scan	Scan every commit that touched this lab	2026-10-07T14:20:00.5719520Z [36;1mgitleaks git . \[0m
5 Secret Scan	Scan every commit that touched this lab	2026-10-07T14:20:00.5719809Z [36;1m  -c "${APP_DIR}/security/gitleaks.toml" \[0m
5 Secret Scan	Scan every commit that touched this lab	2026-10-07T14:20:00.5720126Z [36;1m  -i "${APP_DIR}" \[0m
5 Secret Scan	Scan every commit that touched this lab	2026-10-07T14:20:00.5720376Z [36;1m  --no-banner -v \[0m
5 Secret Scan	Scan every commit that touched this lab	2026-10-07T14:20:00.5720638Z [36;1m  --log-opts "--all -- ${APP_DIR}" \[0m
5 Secret Scan	Scan every commit that touched this lab	2026-10-07T14:20:00.5720937Z [36;1m  --report-format json \[0m
5 Secret Scan	Scan every commit that touched this lab	2026-10-07T14:20:00.5721283Z [36;1m  --report-path "${APP_DIR}/reports/gitleaks-history.json"[0m
5 Secret Scan	Scan every commit that touched this lab	2026-10-07T14:20:00.5785216Z shell: /usr/bin/bash --noprofile --norc -e -o pipefail {0}
5 Secret Scan	Scan every commit that touched this lab	2026-10-07T14:20:00.5785588Z env:
5 Secret Scan	Scan every commit that touched this lab	2026-10-07T14:20:00.5785788Z   APP_DIR: labs/17-devsecops
5 Secret Scan	Scan every commit that touched this lab	2026-10-07T14:20:00.5786043Z   IMAGE_NAME: claim-check-api
5 Secret Scan	Scan every commit that touched this lab	2026-10-07T14:20:00.5786281Z   TRIVY_VERSION: 0.75.0
5 Secret Scan	Scan every commit that touched this lab	2026-10-07T14:20:00.5786781Z   GITLEAKS_VERSION: 8.30.1
5 Secret Scan	Scan every commit that touched this lab	2026-10-07T14:20:00.5787026Z   PYTHON_VERSION: 3.13
5 Secret Scan	Scan every commit that touched this lab	2026-10-07T14:20:00.5787235Z ##[endgroup]
5 Secret Scan	Scan every commit that touched this lab	2026-10-07T14:20:01.0683645Z [90m2:20PM[0m [32mINF[0m [1m6 commits scanned.[0m
5 Secret Scan	Scan every commit that touched this lab	2026-10-07T14:20:01.0684947Z [90m2:20PM[0m [32mINF[0m [1mscanned ~5184109 bytes (5.18 MB) in 204ms[0m
5 Secret Scan	Scan every commit that touched this lab	2026-10-07T14:20:01.0686008Z [90m2:20PM[0m [32mINF[0m [1mno leaks found[0m
5 Secret Scan	Upload the secret scan report	﻿2026-10-07T14:20:01.0794680Z ##[group]Run actions/upload-artifact@v4
5 Secret Scan	Upload the secret scan report	2026-10-07T14:20:01.0794998Z with:
5 Secret Scan	Upload the secret scan report	2026-10-07T14:20:01.0795205Z   name: secret-scan-report
5 Secret Scan	Upload the secret scan report	2026-10-07T14:20:01.0795450Z   path: labs/17-devsecops/reports
5 Secret Scan	Upload the secret scan report	2026-10-07T14:20:01.0795700Z   retention-days: 7
5 Secret Scan	Upload the secret scan report	2026-10-07T14:20:01.0795912Z   if-no-files-found: warn
5 Secret Scan	Upload the secret scan report	2026-10-07T14:20:01.0796146Z   compression-level: 6
5 Secret Scan	Upload the secret scan report	2026-10-07T14:20:01.0796364Z   overwrite: false
5 Secret Scan	Upload the secret scan report	2026-10-07T14:20:01.0796891Z   include-hidden-files: false
5 Secret Scan	Upload the secret scan report	2026-10-07T14:20:01.0797136Z env:
5 Secret Scan	Upload the secret scan report	2026-10-07T14:20:01.0797320Z   APP_DIR: labs/17-devsecops
5 Secret Scan	Upload the secret scan report	2026-10-07T14:20:01.0797560Z   IMAGE_NAME: claim-check-api
5 Secret Scan	Upload the secret scan report	2026-10-07T14:20:01.0797793Z   TRIVY_VERSION: 0.75.0
5 Secret Scan	Upload the secret scan report	2026-10-07T14:20:01.0798009Z   GITLEAKS_VERSION: 8.30.1
5 Secret Scan	Upload the secret scan report	2026-10-07T14:20:01.0798227Z   PYTHON_VERSION: 3.13
5 Secret Scan	Upload the secret scan report	2026-10-07T14:20:01.0798629Z ##[endgroup]
5 Secret Scan	Upload the secret scan report	2026-10-07T14:20:01.2493833Z (node:2349) [DEP0040] DeprecationWarning: The `punycode` module is deprecated. Please use a userland alternative instead.
5 Secret Scan	Upload the secret scan report	2026-10-07T14:20:01.2495086Z (Use `node --trace-deprecation ...` to show where the warning was created)
5 Secret Scan	Upload the secret scan report	2026-10-07T14:20:01.2572887Z With the provided path, there will be 2 files uploaded
5 Secret Scan	Upload the secret scan report	2026-10-07T14:20:01.2574646Z Artifact name is valid!
5 Secret Scan	Upload the secret scan report	2026-10-07T14:20:01.2575122Z Root directory input is valid!
5 Secret Scan	Upload the secret scan report	2026-10-07T14:20:01.5115920Z Beginning upload of artifact content to blob storage
5 Secret Scan	Upload the secret scan report	2026-10-07T14:20:01.5329060Z (node:2349) [DEP0169] DeprecationWarning: `url.parse()` behavior is not standardized and prone to errors that have security implications. Use the WHATWG URL API instead. CVEs are not issued for `url.parse()` vulnerabilities.
5 Secret Scan	Upload the secret scan report	2026-10-07T14:20:01.6161092Z Uploaded bytes 294
5 Secret Scan	Upload the secret scan report	2026-10-07T14:20:01.6466852Z Finished uploading artifact content to blob storage!
5 Secret Scan	Upload the secret scan report	2026-10-07T14:20:01.6468331Z SHA256 digest of uploaded artifact zip is b4abbede940cb6bb5eabce35bf51aa76c35d8210fd374bba9c9ec29268a1dce3
5 Secret Scan	Upload the secret scan report	2026-10-07T14:20:01.6469891Z Finalizing artifact upload
5 Secret Scan	Upload the secret scan report	2026-10-07T14:20:01.8873292Z Artifact secret-scan-report.zip successfully finalized. Artifact ID 11488072637
5 Secret Scan	Upload the secret scan report	2026-10-07T14:20:01.8874845Z Artifact secret-scan-report has been successfully uploaded! Final size is 294 bytes. Artifact ID is 11488072637
5 Secret Scan	Upload the secret scan report	2026-10-07T14:20:01.8882522Z Artifact download URL: https://github.com/AmanYadav7015/devops-coursework/actions/runs/37635580923/artifacts/11488072637
5 Secret Scan	Post Checkout the full history	﻿2026-10-07T14:20:01.9094520Z Post job cleanup.
5 Secret Scan	Post Checkout the full history	2026-10-07T14:20:01.9972352Z [command]/usr/bin/git version
5 Secret Scan	Post Checkout the full history	2026-10-07T14:20:02.0020142Z git version 2.55.0
5 Secret Scan	Post Checkout the full history	2026-10-07T14:20:02.0065540Z Temporarily overriding HOME='/home/runner/work/_temp/efefcc34-35d7-4811-b8cc-23bdd7e2c0bc' before making global git config changes
5 Secret Scan	Post Checkout the full history	2026-10-07T14:20:02.0067267Z Adding repository directory to the temporary git global config as a safe directory
5 Secret Scan	Post Checkout the full history	2026-10-07T14:20:02.0072039Z [command]/usr/bin/git config --global --add safe.directory /home/runner/work/devops-coursework/devops-coursework
5 Secret Scan	Post Checkout the full history	2026-10-07T14:20:02.0113912Z [command]/usr/bin/git config --local --name-only --get-regexp core\.sshCommand
5 Secret Scan	Post Checkout the full history	2026-10-07T14:20:02.0151144Z [command]/usr/bin/git submodule foreach --recursive sh -c "git config --local --name-only --get-regexp 'core\.sshCommand' && git config --local --unset-all 'core.sshCommand' || :"
5 Secret Scan	Post Checkout the full history	2026-10-07T14:20:02.0414368Z [command]/usr/bin/git config --local --name-only --get-regexp http\.https\:\/\/github\.com\/\.extraheader
5 Secret Scan	Post Checkout the full history	2026-10-07T14:20:02.0447396Z http.https://github.com/.extraheader
5 Secret Scan	Post Checkout the full history	2026-10-07T14:20:02.0459724Z [command]/usr/bin/git config --local --unset-all http.https://github.com/.extraheader
5 Secret Scan	Post Checkout the full history	2026-10-07T14:20:02.0516203Z [command]/usr/bin/git submodule foreach --recursive sh -c "git config --local --name-only --get-regexp 'http\.https\:\/\/github\.com\/\.extraheader' && git config --local --unset-all 'http.https://github.com/.extraheader' || :"
5 Secret Scan	Post Checkout the full history	2026-10-07T14:20:02.0777696Z [command]/usr/bin/git config --local --name-only --get-regexp ^includeIf\.gitdir:
5 Secret Scan	Post Checkout the full history	2026-10-07T14:20:02.0817863Z [command]/usr/bin/git submodule foreach --recursive git config --local --show-origin --name-only --get-regexp remote.origin.url
5 Secret Scan	Complete job	﻿2026-10-07T14:20:02.1273434Z Cleaning up orphan processes
5 Secret Scan	Complete job	2026-10-07T14:20:02.1590386Z ##[warning]Node.js 20 is deprecated. The following actions target Node.js 20 but are being forced to run on Node.js 24: actions/checkout@v4, actions/upload-artifact@v4. For more information see: https://github.blog/changelog/2025-09-19-deprecation-of-node-20-on-github-actions-runners/
6 Docker Build	Set up job	﻿2026-10-07T14:20:09.0586992Z Current runner version: '2.337.0'
6 Docker Build	Set up job	2026-10-07T14:20:09.0603981Z ##[group]Runner Image Provisioner
6 Docker Build	Set up job	2026-10-07T14:20:09.0604556Z Hosted Compute Agent
6 Docker Build	Set up job	2026-10-07T14:20:09.0604905Z Version: 20260901.588
6 Docker Build	Set up job	2026-10-07T14:20:09.0605273Z Commit: f88ec8081b781fac6c440065ac7ff9e710ce3d0b
6 Docker Build	Set up job	2026-10-07T14:20:09.0605752Z Build Date: 2026-09-01T19:56:44Z
6 Docker Build	Set up job	2026-10-07T14:20:09.0606164Z Worker ID: {576c1e0e-0fc2-4db6-aa40-eece1e67ba51}
6 Docker Build	Set up job	2026-10-07T14:20:09.0606565Z Azure Region: centralus
6 Docker Build	Set up job	2026-10-07T14:20:09.0606980Z ##[endgroup]
6 Docker Build	Set up job	2026-10-07T14:20:09.0608016Z ##[group]Operating System
6 Docker Build	Set up job	2026-10-07T14:20:09.0608486Z Ubuntu
6 Docker Build	Set up job	2026-10-07T14:20:09.0608795Z 24.04.5
6 Docker Build	Set up job	2026-10-07T14:20:09.0609071Z LTS
6 Docker Build	Set up job	2026-10-07T14:20:09.0609668Z ##[endgroup]
6 Docker Build	Set up job	2026-10-07T14:20:09.0610014Z ##[group]Runner Image
6 Docker Build	Set up job	2026-10-07T14:20:09.0610384Z Image: ubuntu-24.04
6 Docker Build	Set up job	2026-10-07T14:20:09.0610723Z Version: 20260927.320.1
6 Docker Build	Set up job	2026-10-07T14:20:09.0611311Z Included Software: https://github.com/actions/runner-images/blob/ubuntu24/20260927.320/images/ubuntu/Ubuntu2404-Readme.md
6 Docker Build	Set up job	2026-10-07T14:20:09.0612349Z Image Release: https://github.com/actions/runner-images/releases/tag/ubuntu24%2F20260927.320
6 Docker Build	Set up job	2026-10-07T14:20:09.0612925Z ##[endgroup]
6 Docker Build	Set up job	2026-10-07T14:20:09.0613573Z ##[group]GITHUB_TOKEN Permissions
6 Docker Build	Set up job	2026-10-07T14:20:09.0614866Z Contents: read
6 Docker Build	Set up job	2026-10-07T14:20:09.0615270Z Metadata: read
6 Docker Build	Set up job	2026-10-07T14:20:09.0615585Z ##[endgroup]
6 Docker Build	Set up job	2026-10-07T14:20:09.0616834Z Secret source: Actions
6 Docker Build	Set up job	2026-10-07T14:20:09.0617347Z Cache mode: write
6 Docker Build	Set up job	2026-10-07T14:20:09.0617919Z Prepare workflow directory
6 Docker Build	Set up job	2026-10-07T14:20:09.0890703Z Prepare all required actions
6 Docker Build	Set up job	2026-10-07T14:20:09.0921039Z Getting action download info
6 Docker Build	Set up job	2026-10-07T14:20:09.4684604Z Download action repository 'actions/download-artifact@v4' (SHA:d3f86a106a0bac45b974a628896c90dbdf5c8093)
6 Docker Build	Set up job	2026-10-07T14:20:09.9575651Z Download action repository 'actions/upload-artifact@v4' (SHA:ea165f8d65b6e75b540449e92b4886f43607fa02)
6 Docker Build	Set up job	2026-10-07T14:20:10.1337059Z Complete job name: 6 Docker Build
6 Docker Build	Download the deployable package	﻿2026-10-07T14:20:10.1798655Z ##[group]Run actions/download-artifact@v4
6 Docker Build	Download the deployable package	2026-10-07T14:20:10.1799226Z with:
6 Docker Build	Download the deployable package	2026-10-07T14:20:10.1799499Z   name: claim-check-api-package
6 Docker Build	Download the deployable package	2026-10-07T14:20:10.1799815Z   path: package
6 Docker Build	Download the deployable package	2026-10-07T14:20:10.1800086Z   merge-multiple: false
6 Docker Build	Download the deployable package	2026-10-07T14:20:10.1800402Z   repository: AmanYadav7015/devops-coursework
6 Docker Build	Download the deployable package	2026-10-07T14:20:10.1800752Z   run-id: 37635580923
6 Docker Build	Download the deployable package	2026-10-07T14:20:10.1801080Z env:
6 Docker Build	Download the deployable package	2026-10-07T14:20:10.1801336Z   APP_DIR: labs/17-devsecops
6 Docker Build	Download the deployable package	2026-10-07T14:20:10.1801643Z   IMAGE_NAME: claim-check-api
6 Docker Build	Download the deployable package	2026-10-07T14:20:10.1801954Z   TRIVY_VERSION: 0.75.0
6 Docker Build	Download the deployable package	2026-10-07T14:20:10.1802237Z   GITLEAKS_VERSION: 8.30.1
6 Docker Build	Download the deployable package	2026-10-07T14:20:10.1802551Z   PYTHON_VERSION: 3.13
6 Docker Build	Download the deployable package	2026-10-07T14:20:10.1802831Z ##[endgroup]
6 Docker Build	Download the deployable package	2026-10-07T14:20:10.2868649Z Downloading single artifact
6 Docker Build	Download the deployable package	2026-10-07T14:20:10.2956240Z (node:1961) [DEP0040] DeprecationWarning: The `punycode` module is deprecated. Please use a userland alternative instead.
6 Docker Build	Download the deployable package	2026-10-07T14:20:10.2957108Z (Use `node --trace-deprecation ...` to show where the warning was created)
6 Docker Build	Download the deployable package	2026-10-07T14:20:10.4721502Z Preparing to download the following artifacts:
6 Docker Build	Download the deployable package	2026-10-07T14:20:10.4723164Z - claim-check-api-package (ID: 11487903229, Size: 3846, Expected Digest: sha256:2362421c5f57e779dfafc7d635aa84f6595c155cf803503bcee3a34364e07bf6)
6 Docker Build	Download the deployable package	2026-10-07T14:20:10.6672237Z Redirecting to blob download url: https://productionresultssa11.blob.core.windows.net/actions-results/6016ab27-675b-8451-81f2-9b07848a9e50/workflow-job-run-dc6b25f4-1838-5a27-8e25-fbd1e89184ee/artifacts/ca45ea842020d459097c4b1bc3389c93ce5279d763f748fec1c53cc28b577061.zip
6 Docker Build	Download the deployable package	2026-10-07T14:20:10.6676332Z Starting download of artifact to: /home/runner/work/devops-coursework/devops-coursework/package
6 Docker Build	Download the deployable package	2026-10-07T14:20:10.8234177Z (node:1961) [DEP0005] DeprecationWarning: Buffer() is deprecated due to security and usability issues. Please use the Buffer.alloc(), Buffer.allocUnsafe(), or Buffer.from() methods instead.
6 Docker Build	Download the deployable package	2026-10-07T14:20:10.8291805Z SHA256 digest of downloaded artifact is 2362421c5f57e779dfafc7d635aa84f6595c155cf803503bcee3a34364e07bf6
6 Docker Build	Download the deployable package	2026-10-07T14:20:10.8293269Z Artifact download completed successfully.
6 Docker Build	Download the deployable package	2026-10-07T14:20:10.8294277Z Total of 1 artifact(s) downloaded
6 Docker Build	Download the deployable package	2026-10-07T14:20:10.8295587Z Download artifact has finished successfully
6 Docker Build	Show what this runner received	﻿2026-10-07T14:20:10.8504737Z ##[group]Run find package -type f | sort
6 Docker Build	Show what this runner received	2026-10-07T14:20:10.8505812Z [36;1mfind package -type f | sort[0m
6 Docker Build	Show what this runner received	2026-10-07T14:20:10.8506739Z [36;1mcat package/build-info.txt[0m
6 Docker Build	Show what this runner received	2026-10-07T14:20:10.8737437Z shell: /usr/bin/bash --noprofile --norc -e -o pipefail {0}
6 Docker Build	Show what this runner received	2026-10-07T14:20:10.8738578Z env:
6 Docker Build	Show what this runner received	2026-10-07T14:20:10.8739222Z   APP_DIR: labs/17-devsecops
6 Docker Build	Show what this runner received	2026-10-07T14:20:10.8740008Z   IMAGE_NAME: claim-check-api
6 Docker Build	Show what this runner received	2026-10-07T14:20:10.8740765Z   TRIVY_VERSION: 0.75.0
6 Docker Build	Show what this runner received	2026-10-07T14:20:10.8741446Z   GITLEAKS_VERSION: 8.30.1
6 Docker Build	Show what this runner received	2026-10-07T14:20:10.8742160Z   PYTHON_VERSION: 3.13
6 Docker Build	Show what this runner received	2026-10-07T14:20:10.8742825Z ##[endgroup]
6 Docker Build	Show what this runner received	2026-10-07T14:20:10.8840939Z package/Dockerfile
6 Docker Build	Show what this runner received	2026-10-07T14:20:10.8841677Z package/app/__init__.py
6 Docker Build	Show what this runner received	2026-10-07T14:20:10.8842623Z package/app/claims.py
6 Docker Build	Show what this runner received	2026-10-07T14:20:10.8843609Z package/app/server.py
6 Docker Build	Show what this runner received	2026-10-07T14:20:10.8844536Z package/build-info.txt
6 Docker Build	Show what this runner received	2026-10-07T14:20:10.8845249Z package/requirements.txt
6 Docker Build	Show what this runner received	2026-10-07T14:20:10.8850077Z service=claim-check-api
6 Docker Build	Show what this runner received	2026-10-07T14:20:10.8850863Z version=1.0.9+e2a54b4
6 Docker Build	Show what this runner received	2026-10-07T14:20:10.8851813Z image_tag=1.0.9-e2a54b4
6 Docker Build	Show what this runner received	2026-10-07T14:20:10.8853028Z commit=e2a54b405aaef0453130dd8955a1c4de2acad19f
6 Docker Build	Show what this runner received	2026-10-07T14:20:10.8853923Z built_at=2026-10-07T14:18:35Z
6 Docker Build	Show what this runner received	2026-10-07T14:20:10.8854713Z builder=github-actions-37635580923
6 Docker Build	Build the image	﻿2026-10-07T14:20:10.8918678Z ##[group]Run docker build \
6 Docker Build	Build the image	2026-10-07T14:20:10.8919374Z [36;1mdocker build \[0m
6 Docker Build	Build the image	2026-10-07T14:20:10.8920047Z [36;1m  -t "${IMAGE_NAME}:1.0.9-e2a54b4" \[0m
6 Docker Build	Build the image	2026-10-07T14:20:10.8920800Z [36;1m  .[0m
6 Docker Build	Build the image	2026-10-07T14:20:10.8921373Z [36;1mdocker image ls "${IMAGE_NAME}"[0m
6 Docker Build	Build the image	2026-10-07T14:20:10.8968239Z shell: /usr/bin/bash --noprofile --norc -e -o pipefail {0}
6 Docker Build	Build the image	2026-10-07T14:20:10.8969105Z env:
6 Docker Build	Build the image	2026-10-07T14:20:10.8969651Z   APP_DIR: labs/17-devsecops
6 Docker Build	Build the image	2026-10-07T14:20:10.8970331Z   IMAGE_NAME: claim-check-api
6 Docker Build	Build the image	2026-10-07T14:20:10.8971011Z   TRIVY_VERSION: 0.75.0
6 Docker Build	Build the image	2026-10-07T14:20:10.8971633Z   GITLEAKS_VERSION: 8.30.1
6 Docker Build	Build the image	2026-10-07T14:20:10.8972271Z   PYTHON_VERSION: 3.13
6 Docker Build	Build the image	2026-10-07T14:20:10.8972862Z ##[endgroup]
6 Docker Build	Build the image	2026-10-07T14:20:11.3599395Z #0 building with "default" instance using docker driver
6 Docker Build	Build the image	2026-10-07T14:20:11.3600174Z 
6 Docker Build	Build the image	2026-10-07T14:20:11.3600527Z #1 [internal] load build definition from Dockerfile
6 Docker Build	Build the image	2026-10-07T14:20:11.3601476Z #1 transferring dockerfile: 1.66kB done
6 Docker Build	Build the image	2026-10-07T14:20:11.3602216Z #1 DONE 0.0s
6 Docker Build	Build the image	2026-10-07T14:20:11.3602598Z 
6 Docker Build	Build the image	2026-10-07T14:20:11.3603012Z #2 [auth] library/python:pull token for registry-1.docker.io
6 Docker Build	Build the image	2026-10-07T14:20:11.5108317Z #2 DONE 0.0s
6 Docker Build	Build the image	2026-10-07T14:20:11.5108933Z 
6 Docker Build	Build the image	2026-10-07T14:20:11.5109431Z #3 [internal] load metadata for docker.io/library/python:3.13-slim
6 Docker Build	Build the image	2026-10-07T14:20:11.8713407Z #3 DONE 0.6s
6 Docker Build	Build the image	2026-10-07T14:20:11.9841526Z 
6 Docker Build	Build the image	2026-10-07T14:20:11.9842454Z #4 [internal] load .dockerignore
6 Docker Build	Build the image	2026-10-07T14:20:11.9843404Z #4 transferring context: 2B done
6 Docker Build	Build the image	2026-10-07T14:20:11.9844086Z #4 DONE 0.0s
6 Docker Build	Build the image	2026-10-07T14:20:11.9844461Z 
6 Docker Build	Build the image	2026-10-07T14:20:11.9844732Z #5 [internal] load build context
6 Docker Build	Build the image	2026-10-07T14:20:11.9845640Z #5 transferring context: 6.73kB done
6 Docker Build	Build the image	2026-10-07T14:20:11.9846317Z #5 DONE 0.0s
6 Docker Build	Build the image	2026-10-07T14:20:11.9846618Z 
6 Docker Build	Build the image	2026-10-07T14:20:11.9847592Z #6 [builder 1/4] FROM docker.io/library/python:3.13-slim@sha256:bf44cdfcb76cd3b41e879bc058fc37ec5872002ccfde7fcb765e218cde0cd79c
6 Docker Build	Build the image	2026-10-07T14:20:11.9849975Z #6 resolve docker.io/library/python:3.13-slim@sha256:bf44cdfcb76cd3b41e879bc058fc37ec5872002ccfde7fcb765e218cde0cd79c done
6 Docker Build	Build the image	2026-10-07T14:20:11.9851809Z #6 sha256:ce3ff9524414289fc922d9d5dc1de87abc77a39ff2ff5007435839f2af1d7569 5.51kB / 5.51kB done
6 Docker Build	Build the image	2026-10-07T14:20:11.9853353Z #6 sha256:ecc510c1e359bdc007b39802570bb7e4dec7d6ebccf357c3201a74299113e05e 0B / 29.84MB 0.1s
6 Docker Build	Build the image	2026-10-07T14:20:11.9854888Z #6 sha256:65a67aec859c5fafe6ca38c2ed07825c97acf3febdcf62b79441a1bfca4f3a4a 0B / 1.29MB 0.1s
6 Docker Build	Build the image	2026-10-07T14:20:11.9856416Z #6 sha256:3a5db7051419a594a866378c5d2c422e3d282d69e6792b3213772cb1349da446 0B / 11.92MB 0.1s
6 Docker Build	Build the image	2026-10-07T14:20:11.9858443Z #6 sha256:bf44cdfcb76cd3b41e879bc058fc37ec5872002ccfde7fcb765e218cde0cd79c 10.37kB / 10.37kB done
6 Docker Build	Build the image	2026-10-07T14:20:11.9860036Z #6 sha256:8fb4cfa1a2616d7b8e0c2175cc6ad68f5729c34ea8488c0b360d2934b7be9024 1.75kB / 1.75kB done
6 Docker Build	Build the image	2026-10-07T14:20:12.0849148Z #6 sha256:ecc510c1e359bdc007b39802570bb7e4dec7d6ebccf357c3201a74299113e05e 9.44MB / 29.84MB 0.2s
6 Docker Build	Build the image	2026-10-07T14:20:12.0852041Z #6 sha256:65a67aec859c5fafe6ca38c2ed07825c97acf3febdcf62b79441a1bfca4f3a4a 1.29MB / 1.29MB 0.2s done
6 Docker Build	Build the image	2026-10-07T14:20:12.0854523Z #6 sha256:3a5db7051419a594a866378c5d2c422e3d282d69e6792b3213772cb1349da446 2.10MB / 11.92MB 0.2s
6 Docker Build	Build the image	2026-10-07T14:20:12.0856792Z #6 sha256:2f5b06adfd9138ef928aaf8b34f3fecf122b137a537133dfe421509dd57b4a47 0B / 250B 0.2s
6 Docker Build	Build the image	2026-10-07T14:20:12.2848109Z #6 sha256:ecc510c1e359bdc007b39802570bb7e4dec7d6ebccf357c3201a74299113e05e 29.84MB / 29.84MB 0.4s
6 Docker Build	Build the image	2026-10-07T14:20:12.2849973Z #6 sha256:3a5db7051419a594a866378c5d2c422e3d282d69e6792b3213772cb1349da446 11.92MB / 11.92MB 0.4s
6 Docker Build	Build the image	2026-10-07T14:20:12.2851707Z #6 sha256:2f5b06adfd9138ef928aaf8b34f3fecf122b137a537133dfe421509dd57b4a47 250B / 250B 0.2s done
6 Docker Build	Build the image	2026-10-07T14:20:12.4716223Z #6 sha256:ecc510c1e359bdc007b39802570bb7e4dec7d6ebccf357c3201a74299113e05e 29.84MB / 29.84MB 0.5s done
6 Docker Build	Build the image	2026-10-07T14:20:12.4719303Z #6 sha256:3a5db7051419a594a866378c5d2c422e3d282d69e6792b3213772cb1349da446 11.92MB / 11.92MB 0.5s done
6 Docker Build	Build the image	2026-10-07T14:20:12.4721297Z #6 extracting sha256:ecc510c1e359bdc007b39802570bb7e4dec7d6ebccf357c3201a74299113e05e 0.1s
6 Docker Build	Build the image	2026-10-07T14:20:13.0679692Z #6 extracting sha256:ecc510c1e359bdc007b39802570bb7e4dec7d6ebccf357c3201a74299113e05e 0.6s done
6 Docker Build	Build the image	2026-10-07T14:20:13.0680702Z #6 extracting sha256:65a67aec859c5fafe6ca38c2ed07825c97acf3febdcf62b79441a1bfca4f3a4a
6 Docker Build	Build the image	2026-10-07T14:20:13.2991081Z #6 extracting sha256:65a67aec859c5fafe6ca38c2ed07825c97acf3febdcf62b79441a1bfca4f3a4a 0.1s done
6 Docker Build	Build the image	2026-10-07T14:20:14.0421682Z #6 extracting sha256:3a5db7051419a594a866378c5d2c422e3d282d69e6792b3213772cb1349da446
6 Docker Build	Build the image	2026-10-07T14:20:14.6060831Z #6 extracting sha256:3a5db7051419a594a866378c5d2c422e3d282d69e6792b3213772cb1349da446 0.4s done
6 Docker Build	Build the image	2026-10-07T14:20:14.9950834Z #6 extracting sha256:2f5b06adfd9138ef928aaf8b34f3fecf122b137a537133dfe421509dd57b4a47
6 Docker Build	Build the image	2026-10-07T14:20:15.1457201Z #6 extracting sha256:2f5b06adfd9138ef928aaf8b34f3fecf122b137a537133dfe421509dd57b4a47 done
6 Docker Build	Build the image	2026-10-07T14:20:15.1898500Z #6 DONE 3.3s
6 Docker Build	Build the image	2026-10-07T14:20:15.3130706Z 
6 Docker Build	Build the image	2026-10-07T14:20:15.3131319Z #7 [runtime 2/7] WORKDIR /srv
6 Docker Build	Build the image	2026-10-07T14:20:15.3131646Z #7 DONE 0.1s
6 Docker Build	Build the image	2026-10-07T14:20:15.3131833Z 
6 Docker Build	Build the image	2026-10-07T14:20:15.3131933Z #8 [builder 2/4] WORKDIR /build
6 Docker Build	Build the image	2026-10-07T14:20:15.5246567Z #8 DONE 0.1s
6 Docker Build	Build the image	2026-10-07T14:20:15.5246915Z 
6 Docker Build	Build the image	2026-10-07T14:20:15.5247133Z #9 [builder 3/4] COPY requirements.txt .
6 Docker Build	Build the image	2026-10-07T14:20:15.5247323Z #9 DONE 0.0s
6 Docker Build	Build the image	2026-10-07T14:20:15.5247413Z 
6 Docker Build	Build the image	2026-10-07T14:20:15.5247696Z #10 [builder 4/4] RUN pip wheel --no-cache-dir --wheel-dir /build/wheels -r requirements.txt
6 Docker Build	Build the image	2026-10-07T14:20:16.6333212Z #10 1.259 Collecting Flask==3.1.3 (from -r requirements.txt (line 1))
6 Docker Build	Build the image	2026-10-07T14:20:16.7340321Z #10 1.316   Downloading flask-3.1.3-py3-none-any.whl.metadata (3.2 kB)
6 Docker Build	Build the image	2026-10-07T14:20:16.7340991Z #10 1.336 Collecting Werkzeug==3.1.9 (from -r requirements.txt (line 2))
6 Docker Build	Build the image	2026-10-07T14:20:16.7341371Z #10 1.346   Downloading werkzeug-3.1.9-py3-none-any.whl.metadata (4.1 kB)
6 Docker Build	Build the image	2026-10-07T14:20:16.7341747Z #10 1.360 Collecting Jinja2==3.1.6 (from -r requirements.txt (line 3))
6 Docker Build	Build the image	2026-10-07T14:20:16.8380746Z #10 1.369   Downloading jinja2-3.1.6-py3-none-any.whl.metadata (2.9 kB)
6 Docker Build	Build the image	2026-10-07T14:20:16.8381455Z #10 1.401 Collecting PyYAML==6.0.3 (from -r requirements.txt (line 4))
6 Docker Build	Build the image	2026-10-07T14:20:16.8382121Z #10 1.410   Downloading pyyaml-6.0.3-cp313-cp313-manylinux2014_x86_64.manylinux_2_17_x86_64.manylinux_2_28_x86_64.whl.metadata (2.4 kB)
6 Docker Build	Build the image	2026-10-07T14:20:16.8382817Z #10 1.426 Collecting requests==2.34.2 (from -r requirements.txt (line 5))
6 Docker Build	Build the image	2026-10-07T14:20:16.8383322Z #10 1.435   Downloading requests-2.34.2-py3-none-any.whl.metadata (4.8 kB)
6 Docker Build	Build the image	2026-10-07T14:20:16.8383960Z #10 1.450 Collecting urllib3==2.8.0 (from -r requirements.txt (line 6))
6 Docker Build	Build the image	2026-10-07T14:20:16.8384706Z #10 1.464   Downloading urllib3-2.8.0-py3-none-any.whl.metadata (7.4 kB)
6 Docker Build	Build the image	2026-10-07T14:20:16.9460532Z #10 1.478 Collecting certifi==2026.7.22 (from -r requirements.txt (line 7))
6 Docker Build	Build the image	2026-10-07T14:20:16.9460941Z #10 1.488   Downloading certifi-2026.7.22-py3-none-any.whl.metadata (2.5 kB)
6 Docker Build	Build the image	2026-10-07T14:20:16.9461219Z #10 1.502 Collecting gunicorn==26.2.0 (from -r requirements.txt (line 8))
6 Docker Build	Build the image	2026-10-07T14:20:16.9461746Z #10 1.512   Downloading gunicorn-26.2.0-py3-none-any.whl.metadata (5.5 kB)
6 Docker Build	Build the image	2026-10-07T14:20:16.9462234Z #10 1.526 Collecting blinker>=1.9.0 (from Flask==3.1.3->-r requirements.txt (line 1))
6 Docker Build	Build the image	2026-10-07T14:20:16.9462659Z #10 1.535   Downloading blinker-1.9.0-py3-none-any.whl.metadata (1.6 kB)
6 Docker Build	Build the image	2026-10-07T14:20:16.9463134Z #10 1.550 Collecting click>=8.1.3 (from Flask==3.1.3->-r requirements.txt (line 1))
6 Docker Build	Build the image	2026-10-07T14:20:16.9463566Z #10 1.560   Downloading click-8.5.0-py3-none-any.whl.metadata (2.6 kB)
6 Docker Build	Build the image	2026-10-07T14:20:16.9464005Z #10 1.572 Collecting itsdangerous>=2.2.0 (from Flask==3.1.3->-r requirements.txt (line 1))
6 Docker Build	Build the image	2026-10-07T14:20:17.0788513Z #10 1.581   Downloading itsdangerous-2.2.0-py3-none-any.whl.metadata (1.9 kB)
6 Docker Build	Build the image	2026-10-07T14:20:17.0789211Z #10 1.617 Collecting markupsafe>=2.1.1 (from Flask==3.1.3->-r requirements.txt (line 1))
6 Docker Build	Build the image	2026-10-07T14:20:17.0789873Z #10 1.627   Downloading markupsafe-3.0.4-cp313-cp313-manylinux2014_x86_64.manylinux_2_17_x86_64.manylinux_2_28_x86_64.whl.metadata (2.7 kB)
6 Docker Build	Build the image	2026-10-07T14:20:17.0791095Z #10 1.705 Collecting charset_normalizer<4,>=2 (from requests==2.34.2->-r requirements.txt (line 5))
6 Docker Build	Build the image	2026-10-07T14:20:17.1872233Z #10 1.716   Downloading charset_normalizer-3.5.2-cp313-cp313-manylinux2014_x86_64.manylinux_2_17_x86_64.manylinux_2_28_x86_64.whl.metadata (46 kB)
6 Docker Build	Build the image	2026-10-07T14:20:17.1873054Z #10 1.745 Collecting idna<4,>=2.5 (from requests==2.34.2->-r requirements.txt (line 5))
6 Docker Build	Build the image	2026-10-07T14:20:17.1873954Z #10 1.755   Downloading idna-3.20-py3-none-any.whl.metadata (7.2 kB)
6 Docker Build	Build the image	2026-10-07T14:20:17.1874451Z #10 1.768 Downloading flask-3.1.3-py3-none-any.whl (103 kB)
6 Docker Build	Build the image	2026-10-07T14:20:17.1874787Z #10 1.791 Downloading werkzeug-3.1.9-py3-none-any.whl (228 kB)
6 Docker Build	Build the image	2026-10-07T14:20:17.1875121Z #10 1.813 Downloading jinja2-3.1.6-py3-none-any.whl (134 kB)
6 Docker Build	Build the image	2026-10-07T14:20:17.2889499Z #10 1.823 Downloading pyyaml-6.0.3-cp313-cp313-manylinux2014_x86_64.manylinux_2_17_x86_64.manylinux_2_28_x86_64.whl (801 kB)
6 Docker Build	Build the image	2026-10-07T14:20:17.2890469Z #10 1.844    ━━━━━━━━━━━━━━━━━━━━━━━━━━━━━━━━━━━━━━━━ 801.6/801.6 kB 51.6 MB/s  0:00:00
6 Docker Build	Build the image	2026-10-07T14:20:17.2890911Z #10 1.854 Downloading requests-2.34.2-py3-none-any.whl (73 kB)
6 Docker Build	Build the image	2026-10-07T14:20:17.2891273Z #10 1.864 Downloading urllib3-2.8.0-py3-none-any.whl (135 kB)
6 Docker Build	Build the image	2026-10-07T14:20:17.2891719Z #10 1.875 Downloading certifi-2026.7.22-py3-none-any.whl (136 kB)
6 Docker Build	Build the image	2026-10-07T14:20:17.2892076Z #10 1.884 Downloading gunicorn-26.2.0-py3-none-any.whl (228 kB)
6 Docker Build	Build the image	2026-10-07T14:20:17.2892614Z #10 1.894 Downloading charset_normalizer-3.5.2-cp313-cp313-manylinux2014_x86_64.manylinux_2_17_x86_64.manylinux_2_28_x86_64.whl (254 kB)
6 Docker Build	Build the image	2026-10-07T14:20:17.2893177Z #10 1.905 Downloading idna-3.20-py3-none-any.whl (69 kB)
6 Docker Build	Build the image	2026-10-07T14:20:17.2893503Z #10 1.914 Downloading blinker-1.9.0-py3-none-any.whl (8.5 kB)
6 Docker Build	Build the image	2026-10-07T14:20:17.4711570Z #10 1.924 Downloading click-8.5.0-py3-none-any.whl (125 kB)
6 Docker Build	Build the image	2026-10-07T14:20:17.4712036Z #10 1.934 Downloading itsdangerous-2.2.0-py3-none-any.whl (16 kB)
6 Docker Build	Build the image	2026-10-07T14:20:17.4712595Z #10 1.943 Downloading markupsafe-3.0.4-cp313-cp313-manylinux2014_x86_64.manylinux_2_17_x86_64.manylinux_2_28_x86_64.whl (23 kB)
6 Docker Build	Build the image	2026-10-07T14:20:17.4713154Z #10 1.961 Saved ./wheels/flask-3.1.3-py3-none-any.whl
6 Docker Build	Build the image	2026-10-07T14:20:17.4713458Z #10 1.962 Saved ./wheels/werkzeug-3.1.9-py3-none-any.whl
6 Docker Build	Build the image	2026-10-07T14:20:17.4713750Z #10 1.962 Saved ./wheels/jinja2-3.1.6-py3-none-any.whl
6 Docker Build	Build the image	2026-10-07T14:20:17.4714209Z #10 1.963 Saved ./wheels/pyyaml-6.0.3-cp313-cp313-manylinux2014_x86_64.manylinux_2_17_x86_64.manylinux_2_28_x86_64.whl
6 Docker Build	Build the image	2026-10-07T14:20:17.4714672Z #10 1.963 Saved ./wheels/requests-2.34.2-py3-none-any.whl
6 Docker Build	Build the image	2026-10-07T14:20:17.4715264Z #10 1.963 Saved ./wheels/urllib3-2.8.0-py3-none-any.whl
6 Docker Build	Build the image	2026-10-07T14:20:17.4715570Z #10 1.964 Saved ./wheels/certifi-2026.7.22-py3-none-any.whl
6 Docker Build	Build the image	2026-10-07T14:20:17.4715874Z #10 1.964 Saved ./wheels/gunicorn-26.2.0-py3-none-any.whl
6 Docker Build	Build the image	2026-10-07T14:20:17.4716368Z #10 1.964 Saved ./wheels/charset_normalizer-3.5.2-cp313-cp313-manylinux2014_x86_64.manylinux_2_17_x86_64.manylinux_2_28_x86_64.whl
6 Docker Build	Build the image	2026-10-07T14:20:17.4716841Z #10 1.965 Saved ./wheels/idna-3.20-py3-none-any.whl
6 Docker Build	Build the image	2026-10-07T14:20:17.4717138Z #10 1.965 Saved ./wheels/blinker-1.9.0-py3-none-any.whl
6 Docker Build	Build the image	2026-10-07T14:20:17.4717422Z #10 1.965 Saved ./wheels/click-8.5.0-py3-none-any.whl
6 Docker Build	Build the image	2026-10-07T14:20:17.4717905Z #10 1.965 Saved ./wheels/itsdangerous-2.2.0-py3-none-any.whl
6 Docker Build	Build the image	2026-10-07T14:20:17.4718405Z #10 1.966 Saved ./wheels/markupsafe-3.0.4-cp313-cp313-manylinux2014_x86_64.manylinux_2_17_x86_64.manylinux_2_28_x86_64.whl
6 Docker Build	Build the image	2026-10-07T14:20:17.4718848Z #10 DONE 2.1s
6 Docker Build	Build the image	2026-10-07T14:20:17.6589721Z 
6 Docker Build	Build the image	2026-10-07T14:20:17.6590505Z #11 [runtime 3/7] COPY --from=builder /build/wheels /tmp/wheels
6 Docker Build	Build the image	2026-10-07T14:20:17.6641782Z #11 DONE 0.0s
6 Docker Build	Build the image	2026-10-07T14:20:17.6641917Z 
6 Docker Build	Build the image	2026-10-07T14:20:17.6642019Z #12 [runtime 4/7] COPY requirements.txt .
6 Docker Build	Build the image	2026-10-07T14:20:17.6642294Z #12 DONE 0.0s
6 Docker Build	Build the image	2026-10-07T14:20:17.6642369Z 
6 Docker Build	Build the image	2026-10-07T14:20:17.6643593Z #13 [runtime 5/7] RUN pip install --no-cache-dir --no-index --find-links=/tmp/wheels -r requirements.txt  && rm -rf /tmp/wheels  && rm -rf /usr/local/lib/python3.*/site-packages/pip            /usr/local/lib/python3.*/site-packages/pip-*.dist-info            /usr/local/lib/python3.*/site-packages/setuptools            /usr/local/lib/python3.*/site-packages/setuptools-*.dist-info            /usr/local/lib/python3.*/site-packages/pkg_resources            /usr/local/lib/python3.*/site-packages/wheel            /usr/local/lib/python3.*/site-packages/wheel-*.dist-info            /usr/local/bin/pip /usr/local/bin/pip3 /usr/local/bin/pip3.*            /usr/local/bin/wheel  && find /usr/local -name '__pycache__' -type d -prune -exec rm -rf {} +
6 Docker Build	Build the image	2026-10-07T14:20:18.3391066Z #13 0.830 Looking in links: /tmp/wheels
6 Docker Build	Build the image	2026-10-07T14:20:18.5751024Z #13 0.835 Processing /tmp/wheels/flask-3.1.3-py3-none-any.whl (from -r requirements.txt (line 1))
6 Docker Build	Build the image	2026-10-07T14:20:18.5751746Z #13 0.840 Processing /tmp/wheels/werkzeug-3.1.9-py3-none-any.whl (from -r requirements.txt (line 2))
6 Docker Build	Build the image	2026-10-07T14:20:18.5752361Z #13 0.842 Processing /tmp/wheels/jinja2-3.1.6-py3-none-any.whl (from -r requirements.txt (line 3))
6 Docker Build	Build the image	2026-10-07T14:20:18.5753234Z #13 0.843 Processing /tmp/wheels/pyyaml-6.0.3-cp313-cp313-manylinux2014_x86_64.manylinux_2_17_x86_64.manylinux_2_28_x86_64.whl (from -r requirements.txt (line 4))
6 Docker Build	Build the image	2026-10-07T14:20:18.5754040Z #13 0.845 Processing /tmp/wheels/requests-2.34.2-py3-none-any.whl (from -r requirements.txt (line 5))
6 Docker Build	Build the image	2026-10-07T14:20:18.5754605Z #13 0.847 Processing /tmp/wheels/urllib3-2.8.0-py3-none-any.whl (from -r requirements.txt (line 6))
6 Docker Build	Build the image	2026-10-07T14:20:18.5755156Z #13 0.852 Processing /tmp/wheels/certifi-2026.7.22-py3-none-any.whl (from -r requirements.txt (line 7))
6 Docker Build	Build the image	2026-10-07T14:20:18.5755742Z #13 0.853 Processing /tmp/wheels/gunicorn-26.2.0-py3-none-any.whl (from -r requirements.txt (line 8))
6 Docker Build	Build the image	2026-10-07T14:20:18.5756338Z #13 0.856 Processing /tmp/wheels/blinker-1.9.0-py3-none-any.whl (from Flask==3.1.3->-r requirements.txt (line 1))
6 Docker Build	Build the image	2026-10-07T14:20:18.5757014Z #13 0.857 Processing /tmp/wheels/click-8.5.0-py3-none-any.whl (from Flask==3.1.3->-r requirements.txt (line 1))
6 Docker Build	Build the image	2026-10-07T14:20:18.5757962Z #13 0.858 Processing /tmp/wheels/itsdangerous-2.2.0-py3-none-any.whl (from Flask==3.1.3->-r requirements.txt (line 1))
6 Docker Build	Build the image	2026-10-07T14:20:18.5758870Z #13 0.860 Processing /tmp/wheels/markupsafe-3.0.4-cp313-cp313-manylinux2014_x86_64.manylinux_2_17_x86_64.manylinux_2_28_x86_64.whl (from Flask==3.1.3->-r requirements.txt (line 1))
6 Docker Build	Build the image	2026-10-07T14:20:18.5759924Z #13 0.862 Processing /tmp/wheels/charset_normalizer-3.5.2-cp313-cp313-manylinux2014_x86_64.manylinux_2_17_x86_64.manylinux_2_28_x86_64.whl (from requests==2.34.2->-r requirements.txt (line 5))
6 Docker Build	Build the image	2026-10-07T14:20:18.5761139Z #13 0.865 Processing /tmp/wheels/idna-3.20-py3-none-any.whl (from requests==2.34.2->-r requirements.txt (line 5))
6 Docker Build	Build the image	2026-10-07T14:20:18.5762007Z #13 0.916 Installing collected packages: urllib3, PyYAML, markupsafe, itsdangerous, idna, gunicorn, click, charset_normalizer, certifi, blinker, Werkzeug, requests, Jinja2, Flask
6 Docker Build	Build the image	2026-10-07T14:20:18.9435247Z #13 1.435 
6 Docker Build	Build the image	2026-10-07T14:20:19.0955107Z #13 1.436 Successfully installed Flask-3.1.3 Jinja2-3.1.6 PyYAML-6.0.3 Werkzeug-3.1.9 blinker-1.9.0 certifi-2026.7.22 charset_normalizer-3.5.2 click-8.5.0 gunicorn-26.2.0 idna-3.20 itsdangerous-2.2.0 markupsafe-3.0.4 requests-2.34.2 urllib3-2.8.0
6 Docker Build	Build the image	2026-10-07T14:20:19.0956521Z #13 1.437 WARNING: Running pip as the 'root' user can result in broken permissions and conflicting behaviour with the system package manager, possibly rendering your system unusable. It is recommended to use a virtual environment instead: https://pip.pypa.io/warnings/venv. Use the --root-user-action option if you know what you are doing and want to suppress this warning.
6 Docker Build	Build the image	2026-10-07T14:20:19.1234483Z #13 DONE 1.6s
6 Docker Build	Build the image	2026-10-07T14:20:19.2666058Z 
6 Docker Build	Build the image	2026-10-07T14:20:19.2666633Z #14 [runtime 6/7] COPY app ./app
6 Docker Build	Build the image	2026-10-07T14:20:19.2666948Z #14 DONE 0.0s
6 Docker Build	Build the image	2026-10-07T14:20:19.2667036Z 
6 Docker Build	Build the image	2026-10-07T14:20:19.2667340Z #15 [runtime 7/7] RUN groupadd --gid 10001 claims  && useradd --uid 10001 --gid 10001 --no-create-home --shell /usr/sbin/nologin claims  && chown -R claims:claims /srv
6 Docker Build	Build the image	2026-10-07T14:20:19.2668237Z #15 DONE 0.1s
6 Docker Build	Build the image	2026-10-07T14:20:19.4185663Z 
6 Docker Build	Build the image	2026-10-07T14:20:19.4187286Z #16 exporting to image
6 Docker Build	Build the image	2026-10-07T14:20:19.4187721Z #16 exporting layers
6 Docker Build	Build the image	2026-10-07T14:20:20.1084659Z #16 exporting layers 0.8s done
6 Docker Build	Build the image	2026-10-07T14:20:20.1286259Z #16 writing image sha256:7fa492f965ffc4327b9a693bb34850b10920a6ef9affb5861c91a853074ddf55 done
6 Docker Build	Build the image	2026-10-07T14:20:20.1286786Z #16 naming to docker.io/library/claim-check-api:1.0.9-e2a54b4 done
6 Docker Build	Build the image	2026-10-07T14:20:20.1287089Z #16 DONE 0.8s
6 Docker Build	Build the image	2026-10-07T14:20:20.1421027Z REPOSITORY        TAG             IMAGE ID       CREATED        SIZE
6 Docker Build	Build the image	2026-10-07T14:20:20.1421452Z claim-check-api   1.0.9-e2a54b4   7fa492f965ff   1 second ago   129MB
6 Docker Build	Describe the image	﻿2026-10-07T14:20:20.1464432Z ##[group]Run docker image inspect "${IMAGE_NAME}:1.0.9-e2a54b4" \
6 Docker Build	Describe the image	2026-10-07T14:20:20.1464729Z [36;1mdocker image inspect "${IMAGE_NAME}:1.0.9-e2a54b4" \[0m
6 Docker Build	Describe the image	2026-10-07T14:20:20.1465008Z [36;1m  --format 'id={{.Id}} size={{.Size}} user={{.Config.User}} entrypoint={{.Config.Cmd}}'[0m
6 Docker Build	Describe the image	2026-10-07T14:20:20.1465354Z [36;1mdocker run --rm --entrypoint sh "${IMAGE_NAME}:1.0.9-e2a54b4" -c 'id; cat /etc/os-release | head -2'[0m
6 Docker Build	Describe the image	2026-10-07T14:20:20.1521331Z shell: /usr/bin/bash --noprofile --norc -e -o pipefail {0}
6 Docker Build	Describe the image	2026-10-07T14:20:20.1521526Z env:
6 Docker Build	Describe the image	2026-10-07T14:20:20.1521653Z   APP_DIR: labs/17-devsecops
6 Docker Build	Describe the image	2026-10-07T14:20:20.1521801Z   IMAGE_NAME: claim-check-api
6 Docker Build	Describe the image	2026-10-07T14:20:20.1521941Z   TRIVY_VERSION: 0.75.0
6 Docker Build	Describe the image	2026-10-07T14:20:20.1522073Z   GITLEAKS_VERSION: 8.30.1
6 Docker Build	Describe the image	2026-10-07T14:20:20.1522209Z   PYTHON_VERSION: 3.13
6 Docker Build	Describe the image	2026-10-07T14:20:20.1522349Z ##[endgroup]
6 Docker Build	Describe the image	2026-10-07T14:20:20.1674548Z id=sha256:7fa492f965ffc4327b9a693bb34850b10920a6ef9affb5861c91a853074ddf55 size=128620379 user=10001 entrypoint=[gunicorn --bind 0.0.0.0:5017 --workers 2 --access-logfile - app.server:app]
6 Docker Build	Describe the image	2026-10-07T14:20:20.2888771Z uid=10001(claims) gid=10001(claims) groups=10001(claims)
6 Docker Build	Describe the image	2026-10-07T14:20:20.2895346Z PRETTY_NAME="Debian GNU/Linux 13 (trixie)"
6 Docker Build	Describe the image	2026-10-07T14:20:20.2895633Z NAME="Debian GNU/Linux"
6 Docker Build	Export the image for the downstream jobs	﻿2026-10-07T14:20:20.3530951Z ##[group]Run docker save "${IMAGE_NAME}:1.0.9-e2a54b4" | gzip > image.tar.gz
6 Docker Build	Export the image for the downstream jobs	2026-10-07T14:20:20.3531268Z [36;1mdocker save "${IMAGE_NAME}:1.0.9-e2a54b4" | gzip > image.tar.gz[0m
6 Docker Build	Export the image for the downstream jobs	2026-10-07T14:20:20.3531477Z [36;1mls -lh image.tar.gz[0m
6 Docker Build	Export the image for the downstream jobs	2026-10-07T14:20:20.3592146Z shell: /usr/bin/bash --noprofile --norc -e -o pipefail {0}
6 Docker Build	Export the image for the downstream jobs	2026-10-07T14:20:20.3592340Z env:
6 Docker Build	Export the image for the downstream jobs	2026-10-07T14:20:20.3592465Z   APP_DIR: labs/17-devsecops
6 Docker Build	Export the image for the downstream jobs	2026-10-07T14:20:20.3592612Z   IMAGE_NAME: claim-check-api
6 Docker Build	Export the image for the downstream jobs	2026-10-07T14:20:20.3592752Z   TRIVY_VERSION: 0.75.0
6 Docker Build	Export the image for the downstream jobs	2026-10-07T14:20:20.3593024Z   GITLEAKS_VERSION: 8.30.1
6 Docker Build	Export the image for the downstream jobs	2026-10-07T14:20:20.3593157Z   PYTHON_VERSION: 3.13
6 Docker Build	Export the image for the downstream jobs	2026-10-07T14:20:20.3593283Z ##[endgroup]
6 Docker Build	Export the image for the downstream jobs	2026-10-07T14:20:24.6773543Z -rw-r--r-- 1 runner runner 46M Oct  7 14:20 image.tar.gz
6 Docker Build	Upload the image	﻿2026-10-07T14:20:24.6819757Z ##[group]Run actions/upload-artifact@v4
6 Docker Build	Upload the image	2026-10-07T14:20:24.6819940Z with:
6 Docker Build	Upload the image	2026-10-07T14:20:24.6820071Z   name: claim-check-api-image
6 Docker Build	Upload the image	2026-10-07T14:20:24.6820212Z   path: image.tar.gz
6 Docker Build	Upload the image	2026-10-07T14:20:24.6820338Z   retention-days: 3
6 Docker Build	Upload the image	2026-10-07T14:20:24.6820460Z   compression-level: 0
6 Docker Build	Upload the image	2026-10-07T14:20:24.6820588Z   if-no-files-found: warn
6 Docker Build	Upload the image	2026-10-07T14:20:24.6820718Z   overwrite: false
6 Docker Build	Upload the image	2026-10-07T14:20:24.6820844Z   include-hidden-files: false
6 Docker Build	Upload the image	2026-10-07T14:20:24.6820977Z env:
6 Docker Build	Upload the image	2026-10-07T14:20:24.6821092Z   APP_DIR: labs/17-devsecops
6 Docker Build	Upload the image	2026-10-07T14:20:24.6821233Z   IMAGE_NAME: claim-check-api
6 Docker Build	Upload the image	2026-10-07T14:20:24.6821369Z   TRIVY_VERSION: 0.75.0
6 Docker Build	Upload the image	2026-10-07T14:20:24.6821505Z   GITLEAKS_VERSION: 8.30.1
6 Docker Build	Upload the image	2026-10-07T14:20:24.6821638Z   PYTHON_VERSION: 3.13
6 Docker Build	Upload the image	2026-10-07T14:20:24.6821779Z ##[endgroup]
6 Docker Build	Upload the image	2026-10-07T14:20:24.7880339Z (node:2402) [DEP0040] DeprecationWarning: The `punycode` module is deprecated. Please use a userland alternative instead.
6 Docker Build	Upload the image	2026-10-07T14:20:24.7880870Z (Use `node --trace-deprecation ...` to show where the warning was created)
6 Docker Build	Upload the image	2026-10-07T14:20:24.7910983Z With the provided path, there will be 1 file uploaded
6 Docker Build	Upload the image	2026-10-07T14:20:24.7917588Z Artifact name is valid!
6 Docker Build	Upload the image	2026-10-07T14:20:24.7923566Z Root directory input is valid!
6 Docker Build	Upload the image	2026-10-07T14:20:25.0740231Z Beginning upload of artifact content to blob storage
6 Docker Build	Upload the image	2026-10-07T14:20:25.1024301Z (node:2402) [DEP0169] DeprecationWarning: `url.parse()` behavior is not standardized and prone to errors that have security implications. Use the WHATWG URL API instead. CVEs are not issued for `url.parse()` vulnerabilities.
6 Docker Build	Upload the image	2026-10-07T14:20:25.6035278Z Uploaded bytes 8388608
6 Docker Build	Upload the image	2026-10-07T14:20:25.6053324Z Uploaded bytes 16777216
6 Docker Build	Upload the image	2026-10-07T14:20:25.6424235Z Uploaded bytes 25165824
6 Docker Build	Upload the image	2026-10-07T14:20:25.6756804Z Uploaded bytes 33554432
6 Docker Build	Upload the image	2026-10-07T14:20:25.8410418Z Uploaded bytes 41943040
6 Docker Build	Upload the image	2026-10-07T14:20:26.0320097Z Uploaded bytes 47559200
6 Docker Build	Upload the image	2026-10-07T14:20:26.0791645Z Finished uploading artifact content to blob storage!
6 Docker Build	Upload the image	2026-10-07T14:20:26.0792378Z SHA256 digest of uploaded artifact zip is c89f59b3851c554f5f852b61a798e767f504169d67b18ad06ca095bc3e6ddfc6
6 Docker Build	Upload the image	2026-10-07T14:20:26.0793687Z Finalizing artifact upload
6 Docker Build	Upload the image	2026-10-07T14:20:26.3274914Z Artifact claim-check-api-image.zip successfully finalized. Artifact ID 11489776030
6 Docker Build	Upload the image	2026-10-07T14:20:26.3275506Z Artifact claim-check-api-image has been successfully uploaded! Final size is 47559200 bytes. Artifact ID is 11489776030
6 Docker Build	Upload the image	2026-10-07T14:20:26.3281157Z Artifact download URL: https://github.com/AmanYadav7015/devops-coursework/actions/runs/37635580923/artifacts/11489776030
6 Docker Build	Complete job	﻿2026-10-07T14:20:26.3442868Z Cleaning up orphan processes
6 Docker Build	Complete job	2026-10-07T14:20:26.3646834Z ##[warning]Node.js 20 is deprecated. The following actions target Node.js 20 but are being forced to run on Node.js 24: actions/download-artifact@v4, actions/upload-artifact@v4. For more information see: https://github.blog/changelog/2025-09-19-deprecation-of-node-20-on-github-actions-runners/
7 Container Image Scan	Set up job	﻿2026-10-07T14:20:32.5196861Z Current runner version: '2.337.0'
7 Container Image Scan	Set up job	2026-10-07T14:20:32.5218670Z ##[group]Runner Image Provisioner
7 Container Image Scan	Set up job	2026-10-07T14:20:32.5219337Z Hosted Compute Agent
7 Container Image Scan	Set up job	2026-10-07T14:20:32.5219852Z Version: 20260901.588
7 Container Image Scan	Set up job	2026-10-07T14:20:32.5220440Z Commit: f88ec8081b781fac6c440065ac7ff9e710ce3d0b
7 Container Image Scan	Set up job	2026-10-07T14:20:32.5220946Z Build Date: 2026-09-01T19:56:44Z
7 Container Image Scan	Set up job	2026-10-07T14:20:32.5221654Z Worker ID: {328dc091-d83f-4168-9d51-ec8c65d4d7bc}
7 Container Image Scan	Set up job	2026-10-07T14:20:32.5222105Z Azure Region: centralus
7 Container Image Scan	Set up job	2026-10-07T14:20:32.5222468Z ##[endgroup]
7 Container Image Scan	Set up job	2026-10-07T14:20:32.5223446Z ##[group]Operating System
7 Container Image Scan	Set up job	2026-10-07T14:20:32.5223858Z Ubuntu
7 Container Image Scan	Set up job	2026-10-07T14:20:32.5224171Z 24.04.5
7 Container Image Scan	Set up job	2026-10-07T14:20:32.5224541Z LTS
7 Container Image Scan	Set up job	2026-10-07T14:20:32.5224860Z ##[endgroup]
7 Container Image Scan	Set up job	2026-10-07T14:20:32.5225221Z ##[group]Runner Image
7 Container Image Scan	Set up job	2026-10-07T14:20:32.5225663Z Image: ubuntu-24.04
7 Container Image Scan	Set up job	2026-10-07T14:20:32.5226021Z Version: 20260927.320.1
7 Container Image Scan	Set up job	2026-10-07T14:20:32.5226692Z Included Software: https://github.com/actions/runner-images/blob/ubuntu24/20260927.320/images/ubuntu/Ubuntu2404-Readme.md
7 Container Image Scan	Set up job	2026-10-07T14:20:32.5227755Z Image Release: https://github.com/actions/runner-images/releases/tag/ubuntu24%2F20260927.320
7 Container Image Scan	Set up job	2026-10-07T14:20:32.5228531Z ##[endgroup]
7 Container Image Scan	Set up job	2026-10-07T14:20:32.5229307Z ##[group]GITHUB_TOKEN Permissions
7 Container Image Scan	Set up job	2026-10-07T14:20:32.5230879Z Contents: read
7 Container Image Scan	Set up job	2026-10-07T14:20:32.5231233Z Metadata: read
7 Container Image Scan	Set up job	2026-10-07T14:20:32.5231691Z SecurityEvents: write
7 Container Image Scan	Set up job	2026-10-07T14:20:32.5232075Z ##[endgroup]
7 Container Image Scan	Set up job	2026-10-07T14:20:32.5233946Z Secret source: Actions
7 Container Image Scan	Set up job	2026-10-07T14:20:32.5234571Z Cache mode: write
7 Container Image Scan	Set up job	2026-10-07T14:20:32.5235166Z Prepare workflow directory
7 Container Image Scan	Set up job	2026-10-07T14:20:32.5502268Z Prepare all required actions
7 Container Image Scan	Set up job	2026-10-07T14:20:32.5534188Z Getting action download info
7 Container Image Scan	Set up job	2026-10-07T14:20:32.7927817Z Download action repository 'actions/download-artifact@v4' (SHA:d3f86a106a0bac45b974a628896c90dbdf5c8093)
7 Container Image Scan	Set up job	2026-10-07T14:20:33.3279751Z Download action repository 'github/codeql-action@v3' (SHA:1190a975f95ce23525efb6a3fc21ea29567c1b52)
7 Container Image Scan	Set up job	2026-10-07T14:20:33.9464503Z Download action repository 'actions/upload-artifact@v4' (SHA:ea165f8d65b6e75b540449e92b4886f43607fa02)
7 Container Image Scan	Set up job	2026-10-07T14:20:34.1458114Z Complete job name: 7 Container Image Scan
7 Container Image Scan	Download the image	﻿2026-10-07T14:20:34.2000220Z ##[group]Run actions/download-artifact@v4
7 Container Image Scan	Download the image	2026-10-07T14:20:34.2001081Z with:
7 Container Image Scan	Download the image	2026-10-07T14:20:34.2001589Z   name: claim-check-api-image
7 Container Image Scan	Download the image	2026-10-07T14:20:34.2002205Z   merge-multiple: false
7 Container Image Scan	Download the image	2026-10-07T14:20:34.2002837Z   repository: AmanYadav7015/devops-coursework
7 Container Image Scan	Download the image	2026-10-07T14:20:34.2003534Z   run-id: 37635580923
7 Container Image Scan	Download the image	2026-10-07T14:20:34.2004103Z env:
7 Container Image Scan	Download the image	2026-10-07T14:20:34.2004577Z   APP_DIR: labs/17-devsecops
7 Container Image Scan	Download the image	2026-10-07T14:20:34.2005181Z   IMAGE_NAME: claim-check-api
7 Container Image Scan	Download the image	2026-10-07T14:20:34.2005776Z   TRIVY_VERSION: 0.75.0
7 Container Image Scan	Download the image	2026-10-07T14:20:34.2006322Z   GITLEAKS_VERSION: 8.30.1
7 Container Image Scan	Download the image	2026-10-07T14:20:34.2006890Z   PYTHON_VERSION: 3.13
7 Container Image Scan	Download the image	2026-10-07T14:20:34.2007420Z ##[endgroup]
7 Container Image Scan	Download the image	2026-10-07T14:20:34.3062467Z Downloading single artifact
7 Container Image Scan	Download the image	2026-10-07T14:20:34.3129472Z (node:1967) [DEP0040] DeprecationWarning: The `punycode` module is deprecated. Please use a userland alternative instead.
7 Container Image Scan	Download the image	2026-10-07T14:20:34.3131138Z (Use `node --trace-deprecation ...` to show where the warning was created)
7 Container Image Scan	Download the image	2026-10-07T14:20:34.4670368Z Preparing to download the following artifacts:
7 Container Image Scan	Download the image	2026-10-07T14:20:34.4673003Z - claim-check-api-image (ID: 11489776030, Size: 47559200, Expected Digest: sha256:c89f59b3851c554f5f852b61a798e767f504169d67b18ad06ca095bc3e6ddfc6)
7 Container Image Scan	Download the image	2026-10-07T14:20:34.6550299Z Redirecting to blob download url: https://productionresultssa11.blob.core.windows.net/actions-results/6016ab27-675b-8451-81f2-9b07848a9e50/workflow-job-run-6d9ea886-aa2f-5008-a11a-93ec1e4a94ca/artifacts/f9c5d6b802cd6fa27eddc3f3422d02486a05079d38b14328033e3dd7d8831f07.zip
7 Container Image Scan	Download the image	2026-10-07T14:20:34.6553851Z Starting download of artifact to: /home/runner/work/devops-coursework/devops-coursework
7 Container Image Scan	Download the image	2026-10-07T14:20:34.8596940Z (node:1967) [DEP0005] DeprecationWarning: Buffer() is deprecated due to security and usability issues. Please use the Buffer.alloc(), Buffer.allocUnsafe(), or Buffer.from() methods instead.
7 Container Image Scan	Download the image	2026-10-07T14:20:35.9351759Z SHA256 digest of downloaded artifact is c89f59b3851c554f5f852b61a798e767f504169d67b18ad06ca095bc3e6ddfc6
7 Container Image Scan	Download the image	2026-10-07T14:20:35.9352740Z Artifact download completed successfully.
7 Container Image Scan	Download the image	2026-10-07T14:20:35.9352996Z Total of 1 artifact(s) downloaded
7 Container Image Scan	Download the image	2026-10-07T14:20:35.9354572Z Download artifact has finished successfully
7 Container Image Scan	Load the image	﻿2026-10-07T14:20:35.9547569Z ##[group]Run gunzip -c image.tar.gz | docker load
7 Container Image Scan	Load the image	2026-10-07T14:20:35.9548319Z [36;1mgunzip -c image.tar.gz | docker load[0m
7 Container Image Scan	Load the image	2026-10-07T14:20:35.9548690Z [36;1mdocker image ls "${IMAGE_NAME}"[0m
7 Container Image Scan	Load the image	2026-10-07T14:20:35.9775421Z shell: /usr/bin/bash --noprofile --norc -e -o pipefail {0}
7 Container Image Scan	Load the image	2026-10-07T14:20:35.9775979Z env:
7 Container Image Scan	Load the image	2026-10-07T14:20:35.9776366Z   APP_DIR: labs/17-devsecops
7 Container Image Scan	Load the image	2026-10-07T14:20:35.9776663Z   IMAGE_NAME: claim-check-api
7 Container Image Scan	Load the image	2026-10-07T14:20:35.9777009Z   TRIVY_VERSION: 0.75.0
7 Container Image Scan	Load the image	2026-10-07T14:20:35.9777293Z   GITLEAKS_VERSION: 8.30.1
7 Container Image Scan	Load the image	2026-10-07T14:20:35.9777583Z   PYTHON_VERSION: 3.13
7 Container Image Scan	Load the image	2026-10-07T14:20:35.9777899Z ##[endgroup]
7 Container Image Scan	Load the image	2026-10-07T14:20:43.9086346Z Loaded image: claim-check-api:1.0.9-e2a54b4
7 Container Image Scan	Load the image	2026-10-07T14:20:43.9354400Z REPOSITORY        TAG             IMAGE ID       CREATED          SIZE
7 Container Image Scan	Load the image	2026-10-07T14:20:43.9355582Z claim-check-api   1.0.9-e2a54b4   7fa492f965ff   24 seconds ago   129MB
7 Container Image Scan	Install trivy	﻿2026-10-07T14:20:43.9400534Z ##[group]Run curl -sfL https://raw.githubusercontent.com/aquasecurity/trivy/main/contrib/install.sh \
7 Container Image Scan	Install trivy	2026-10-07T14:20:43.9401117Z [36;1mcurl -sfL https://raw.githubusercontent.com/aquasecurity/trivy/main/contrib/install.sh \[0m
7 Container Image Scan	Install trivy	2026-10-07T14:20:43.9401550Z [36;1m  | sudo sh -s -- -b /usr/local/bin "v${TRIVY_VERSION}"[0m
7 Container Image Scan	Install trivy	2026-10-07T14:20:43.9401824Z [36;1mtrivy --version[0m
7 Container Image Scan	Install trivy	2026-10-07T14:20:43.9453078Z shell: /usr/bin/bash --noprofile --norc -e -o pipefail {0}
7 Container Image Scan	Install trivy	2026-10-07T14:20:43.9453410Z env:
7 Container Image Scan	Install trivy	2026-10-07T14:20:43.9453648Z   APP_DIR: labs/17-devsecops
7 Container Image Scan	Install trivy	2026-10-07T14:20:43.9453883Z   IMAGE_NAME: claim-check-api
7 Container Image Scan	Install trivy	2026-10-07T14:20:43.9454089Z   TRIVY_VERSION: 0.75.0
7 Container Image Scan	Install trivy	2026-10-07T14:20:43.9454368Z   GITLEAKS_VERSION: 8.30.1
7 Container Image Scan	Install trivy	2026-10-07T14:20:43.9454605Z   PYTHON_VERSION: 3.13
7 Container Image Scan	Install trivy	2026-10-07T14:20:43.9454867Z ##[endgroup]
7 Container Image Scan	Install trivy	2026-10-07T14:20:44.0087855Z aquasecurity/trivy info checking GitHub for tag 'v0.75.0'
7 Container Image Scan	Install trivy	2026-10-07T14:20:44.2192892Z aquasecurity/trivy info found version: 0.75.0 for v0.75.0/Linux/64bit
7 Container Image Scan	Install trivy	2026-10-07T14:20:45.7092887Z aquasecurity/trivy info installed /usr/local/bin/trivy
7 Container Image Scan	Install trivy	2026-10-07T14:20:45.7935982Z Version: 0.75.0
7 Container Image Scan	Full vulnerability report	﻿2026-10-07T14:20:45.7996860Z ##[group]Run set -o pipefail
7 Container Image Scan	Full vulnerability report	2026-10-07T14:20:45.7997088Z [36;1mset -o pipefail[0m
7 Container Image Scan	Full vulnerability report	2026-10-07T14:20:45.7997238Z [36;1mmkdir -p reports[0m
7 Container Image Scan	Full vulnerability report	2026-10-07T14:20:45.7997408Z [36;1mtrivy image --scanners vuln --format table \[0m
7 Container Image Scan	Full vulnerability report	2026-10-07T14:20:45.7997654Z [36;1m  "${IMAGE_NAME}:1.0.9-e2a54b4" | tee reports/trivy-image-full.txt[0m
7 Container Image Scan	Full vulnerability report	2026-10-07T14:20:45.8049643Z shell: /usr/bin/bash --noprofile --norc -e -o pipefail {0}
7 Container Image Scan	Full vulnerability report	2026-10-07T14:20:45.8049964Z env:
7 Container Image Scan	Full vulnerability report	2026-10-07T14:20:45.8050193Z   APP_DIR: labs/17-devsecops
7 Container Image Scan	Full vulnerability report	2026-10-07T14:20:45.8050345Z   IMAGE_NAME: claim-check-api
7 Container Image Scan	Full vulnerability report	2026-10-07T14:20:45.8050490Z   TRIVY_VERSION: 0.75.0
7 Container Image Scan	Full vulnerability report	2026-10-07T14:20:45.8050672Z   GITLEAKS_VERSION: 8.30.1
7 Container Image Scan	Full vulnerability report	2026-10-07T14:20:45.8050849Z   PYTHON_VERSION: 3.13
7 Container Image Scan	Full vulnerability report	2026-10-07T14:20:45.8050979Z ##[endgroup]
7 Container Image Scan	Full vulnerability report	2026-10-07T14:20:45.8653348Z 2026-10-07T14:20:45Z	INFO	[vulndb] Need to update DB
7 Container Image Scan	Full vulnerability report	2026-10-07T14:20:45.8653881Z 2026-10-07T14:20:45Z	INFO	[vulndb] Downloading vulnerability DB...
7 Container Image Scan	Full vulnerability report	2026-10-07T14:20:45.8655197Z 2026-10-07T14:20:45Z	INFO	[vulndb] Downloading artifact...	repo="mirror.gcr.io/aquasec/trivy-db:2"
7 Container Image Scan	Full vulnerability report	2026-10-07T14:20:50.5499649Z 6.92 MiB / 119.53 MiB [--->__________________________________________________________] 5.79% ? p/s ?49.09 MiB / 119.53 MiB [------------------------>___________________________________] 41.07% ? p/s ?93.05 MiB / 119.53 MiB [---------------------------------------------->_____________] 77.84% ? p/s ?119.53 MiB / 119.53 MiB [------------------------------------------->] 100.00% 187.43 MiB p/s ETA 0s119.53 MiB / 119.53 MiB [------------------------------------------->] 100.00% 187.43 MiB p/s ETA 0s119.53 MiB / 119.53 MiB [------------------------------------------->] 100.00% 187.43 MiB p/s ETA 0s119.53 MiB / 119.53 MiB [------------------------------------------->] 100.00% 175.34 MiB p/s ETA 0s119.53 MiB / 119.53 MiB [------------------------------------------->] 100.00% 175.34 MiB p/s ETA 0s119.53 MiB / 119.53 MiB [------------------------------------------->] 100.00% 175.34 MiB p/s ETA 0s119.53 MiB / 119.53 MiB [------------------------------------------->] 100.00% 164.02 MiB p/s ETA 0s119.53 MiB / 119.53 MiB [------------------------------------------->] 100.00% 164.02 MiB p/s ETA 0s119.53 MiB / 119.53 MiB [------------------------------------------->] 100.00% 164.02 MiB p/s ETA 0s119.53 MiB / 119.53 MiB [------------------------------------------->] 100.00% 153.44 MiB p/s ETA 0s119.53 MiB / 119.53 MiB [------------------------------------------->] 100.00% 153.44 MiB p/s ETA 0s119.53 MiB / 119.53 MiB [-----------------------------------------------] 100.00% 43.00 MiB p/s 3.0s2026-10-07T14:20:50Z	INFO	[vulndb] Artifact successfully downloaded	repo="mirror.gcr.io/aquasec/trivy-db:2"
7 Container Image Scan	Full vulnerability report	2026-10-07T14:20:50.5990527Z 2026-10-07T14:20:50Z	INFO	[vuln] Vulnerability scanning is enabled
7 Container Image Scan	Full vulnerability report	2026-10-07T14:20:58.9010236Z 2026-10-07T14:20:58Z	INFO	[python] Licenses acquired from one or more METADATA files may be subject to additional terms. Use `--debug` flag to see all affected packages.
7 Container Image Scan	Full vulnerability report	2026-10-07T14:20:58.9035219Z 2026-10-07T14:20:58Z	WARN	Third-party SBOM may lead to inaccurate vulnerability detection
7 Container Image Scan	Full vulnerability report	2026-10-07T14:20:58.9049787Z 2026-10-07T14:20:58Z	WARN	Recommend using Trivy to generate SBOMs
7 Container Image Scan	Full vulnerability report	2026-10-07T14:20:58.9413055Z 2026-10-07T14:20:58Z	INFO	Detected OS	family="debian" version="13.7"
7 Container Image Scan	Full vulnerability report	2026-10-07T14:20:58.9413590Z 2026-10-07T14:20:58Z	INFO	[debian] Detecting vulnerabilities...	os_version="13" pkg_num=87
7 Container Image Scan	Full vulnerability report	2026-10-07T14:20:58.9466585Z 2026-10-07T14:20:58Z	INFO	Number of language-specific files	num=1
7 Container Image Scan	Full vulnerability report	2026-10-07T14:20:58.9466981Z 2026-10-07T14:20:58Z	INFO	[python-pkg] Detecting vulnerabilities...
7 Container Image Scan	Full vulnerability report	2026-10-07T14:20:58.9477702Z 2026-10-07T14:20:58Z	WARN	Using severities from other vendors for some vulnerabilities. Read https://trivy.dev/docs/v0.75/guide/scanner/vulnerability#severity-selection for details.
7 Container Image Scan	Full vulnerability report	2026-10-07T14:20:58.9721516Z 
7 Container Image Scan	Full vulnerability report	2026-10-07T14:20:58.9721949Z Report Summary
7 Container Image Scan	Full vulnerability report	2026-10-07T14:20:58.9722085Z 
7 Container Image Scan	Full vulnerability report	2026-10-07T14:20:58.9722609Z ┌──────────────────────────────────────────────────────────────────────────────────┬────────────┬─────────────────┐
7 Container Image Scan	Full vulnerability report	2026-10-07T14:20:58.9723295Z │                                      Target                                      │    Type    │ Vulnerabilities │
7 Container Image Scan	Full vulnerability report	2026-10-07T14:20:58.9723702Z ├──────────────────────────────────────────────────────────────────────────────────┼────────────┼─────────────────┤
7 Container Image Scan	Full vulnerability report	2026-10-07T14:20:58.9724367Z │ claim-check-api:1.0.9-e2a54b4 (debian 13.7)                                      │   debian   │       165       │
7 Container Image Scan	Full vulnerability report	2026-10-07T14:20:58.9724981Z ├──────────────────────────────────────────────────────────────────────────────────┼────────────┼─────────────────┤
7 Container Image Scan	Full vulnerability report	2026-10-07T14:20:58.9725587Z │ usr/local/lib/python3.13/site-packages/blinker-1.9.0.dist-info/METADATA          │ python-pkg │        0        │
7 Container Image Scan	Full vulnerability report	2026-10-07T14:20:58.9726240Z ├──────────────────────────────────────────────────────────────────────────────────┼────────────┼─────────────────┤
7 Container Image Scan	Full vulnerability report	2026-10-07T14:20:58.9726824Z │ usr/local/lib/python3.13/site-packages/certifi-2026.7.22.dist-info/METADATA      │ python-pkg │        0        │
7 Container Image Scan	Full vulnerability report	2026-10-07T14:20:58.9727469Z ├──────────────────────────────────────────────────────────────────────────────────┼────────────┼─────────────────┤
7 Container Image Scan	Full vulnerability report	2026-10-07T14:20:58.9728083Z │ usr/local/lib/python3.13/site-packages/charset_normalizer-3.5.2.dist-info/METAD- │ python-pkg │        0        │
7 Container Image Scan	Full vulnerability report	2026-10-07T14:20:58.9728952Z │ ATA                                                                              │            │                 │
7 Container Image Scan	Full vulnerability report	2026-10-07T14:20:58.9729513Z ├──────────────────────────────────────────────────────────────────────────────────┼────────────┼─────────────────┤
7 Container Image Scan	Full vulnerability report	2026-10-07T14:20:58.9730159Z │ usr/local/lib/python3.13/site-packages/click-8.5.0.dist-info/METADATA            │ python-pkg │        0        │
7 Container Image Scan	Full vulnerability report	2026-10-07T14:20:58.9731038Z ├──────────────────────────────────────────────────────────────────────────────────┼────────────┼─────────────────┤
7 Container Image Scan	Full vulnerability report	2026-10-07T14:20:58.9731666Z │ usr/local/lib/python3.13/site-packages/flask-3.1.3.dist-info/METADATA            │ python-pkg │        0        │
7 Container Image Scan	Full vulnerability report	2026-10-07T14:20:58.9732370Z ├──────────────────────────────────────────────────────────────────────────────────┼────────────┼─────────────────┤
7 Container Image Scan	Full vulnerability report	2026-10-07T14:20:58.9733014Z │ usr/local/lib/python3.13/site-packages/gunicorn-26.2.0.dist-info/METADATA        │ python-pkg │        0        │
7 Container Image Scan	Full vulnerability report	2026-10-07T14:20:58.9733756Z ├──────────────────────────────────────────────────────────────────────────────────┼────────────┼─────────────────┤
7 Container Image Scan	Full vulnerability report	2026-10-07T14:20:58.9734548Z │ usr/local/lib/python3.13/site-packages/idna-3.20.dist-info/METADATA              │ python-pkg │        0        │
7 Container Image Scan	Full vulnerability report	2026-10-07T14:20:58.9734977Z ├──────────────────────────────────────────────────────────────────────────────────┼────────────┼─────────────────┤
7 Container Image Scan	Full vulnerability report	2026-10-07T14:20:58.9735377Z │ usr/local/lib/python3.13/site-packages/itsdangerous-2.2.0.dist-info/METADATA     │ python-pkg │        0        │
7 Container Image Scan	Full vulnerability report	2026-10-07T14:20:58.9735796Z ├──────────────────────────────────────────────────────────────────────────────────┼────────────┼─────────────────┤
7 Container Image Scan	Full vulnerability report	2026-10-07T14:20:58.9736364Z │ usr/local/lib/python3.13/site-packages/jinja2-3.1.6.dist-info/METADATA           │ python-pkg │        0        │
7 Container Image Scan	Full vulnerability report	2026-10-07T14:20:58.9736789Z ├──────────────────────────────────────────────────────────────────────────────────┼────────────┼─────────────────┤
7 Container Image Scan	Full vulnerability report	2026-10-07T14:20:58.9737199Z │ usr/local/lib/python3.13/site-packages/markupsafe-3.0.4.dist-info/METADATA       │ python-pkg │        0        │
7 Container Image Scan	Full vulnerability report	2026-10-07T14:20:58.9737789Z ├──────────────────────────────────────────────────────────────────────────────────┼────────────┼─────────────────┤
7 Container Image Scan	Full vulnerability report	2026-10-07T14:20:58.9738490Z │ usr/local/lib/python3.13/site-packages/pyyaml-6.0.3.dist-info/METADATA           │ python-pkg │        0        │
7 Container Image Scan	Full vulnerability report	2026-10-07T14:20:58.9739042Z ├──────────────────────────────────────────────────────────────────────────────────┼────────────┼─────────────────┤
7 Container Image Scan	Full vulnerability report	2026-10-07T14:20:58.9739457Z │ usr/local/lib/python3.13/site-packages/requests-2.34.2.dist-info/METADATA        │ python-pkg │        0        │
7 Container Image Scan	Full vulnerability report	2026-10-07T14:20:58.9739869Z ├──────────────────────────────────────────────────────────────────────────────────┼────────────┼─────────────────┤
7 Container Image Scan	Full vulnerability report	2026-10-07T14:20:58.9740285Z │ usr/local/lib/python3.13/site-packages/urllib3-2.8.0.dist-info/METADATA          │ python-pkg │        0        │
7 Container Image Scan	Full vulnerability report	2026-10-07T14:20:58.9740696Z ├──────────────────────────────────────────────────────────────────────────────────┼────────────┼─────────────────┤
7 Container Image Scan	Full vulnerability report	2026-10-07T14:20:58.9741085Z │ usr/local/lib/python3.13/site-packages/werkzeug-3.1.9.dist-info/METADATA         │ python-pkg │        0        │
7 Container Image Scan	Full vulnerability report	2026-10-07T14:20:58.9741517Z └──────────────────────────────────────────────────────────────────────────────────┴────────────┴─────────────────┘
7 Container Image Scan	Full vulnerability report	2026-10-07T14:20:58.9741754Z Legend:
7 Container Image Scan	Full vulnerability report	2026-10-07T14:20:58.9741878Z - '-': Not scanned
7 Container Image Scan	Full vulnerability report	2026-10-07T14:20:58.9742025Z - '0': Clean (no security findings detected)
7 Container Image Scan	Full vulnerability report	2026-10-07T14:20:58.9742144Z 
7 Container Image Scan	Full vulnerability report	2026-10-07T14:20:58.9742149Z 
7 Container Image Scan	Full vulnerability report	2026-10-07T14:20:58.9742207Z For OSS Maintainers: VEX Notice
7 Container Image Scan	Full vulnerability report	2026-10-07T14:20:58.9742357Z --------------------------------
7 Container Image Scan	Full vulnerability report	2026-10-07T14:20:58.9742903Z If you're an OSS maintainer and Trivy has detected vulnerabilities in your project that you believe are not actually exploitable, consider issuing a VEX (Vulnerability Exploitability eXchange) statement.
7 Container Image Scan	Full vulnerability report	2026-10-07T14:20:58.9743539Z VEX allows you to communicate the actual status of vulnerabilities in your project, improving security transparency and reducing false positives for your users.
7 Container Image Scan	Full vulnerability report	2026-10-07T14:20:58.9744062Z Learn more and start using VEX: https://trivy.dev/docs/v0.75/guide/supply-chain/vex/repo#publishing-vex-documents
7 Container Image Scan	Full vulnerability report	2026-10-07T14:20:58.9744292Z 
7 Container Image Scan	Full vulnerability report	2026-10-07T14:20:58.9744416Z To disable this notice, set the TRIVY_DISABLE_VEX_NOTICE environment variable.
7 Container Image Scan	Full vulnerability report	2026-10-07T14:20:58.9744579Z 
7 Container Image Scan	Full vulnerability report	2026-10-07T14:20:58.9744582Z 
7 Container Image Scan	Full vulnerability report	2026-10-07T14:20:58.9744650Z claim-check-api:1.0.9-e2a54b4 (debian 13.7)
7 Container Image Scan	Full vulnerability report	2026-10-07T14:20:58.9744813Z ===========================================
7 Container Image Scan	Full vulnerability report	2026-10-07T14:20:58.9745045Z Total: 165 (UNKNOWN: 2, LOW: 61, MEDIUM: 58, HIGH: 44, CRITICAL: 0)
7 Container Image Scan	Full vulnerability report	2026-10-07T14:20:58.9745195Z 
7 Container Image Scan	Full vulnerability report	2026-10-07T14:20:58.9745545Z ┌────────────────────┬─────────────────────┬──────────┬──────────────┬───────────────────────────────────┬───────────────┬──────────────────────────────────────────────────────────────┐
7 Container Image Scan	Full vulnerability report	2026-10-07T14:20:58.9746084Z │      Library       │    Vulnerability    │ Severity │    Status    │         Installed Version         │ Fixed Version │                            Title                             │
7 Container Image Scan	Full vulnerability report	2026-10-07T14:20:58.9746709Z ├────────────────────┼─────────────────────┼──────────┼──────────────┼───────────────────────────────────┼───────────────┼──────────────────────────────────────────────────────────────┤
7 Container Image Scan	Full vulnerability report	2026-10-07T14:20:58.9747293Z │ apt                │ CVE-2011-3374       │ LOW      │ affected     │ 3.0.3                             │               │ It was found that apt-key in apt, all versions, do not       │
7 Container Image Scan	Full vulnerability report	2026-10-07T14:20:58.9747779Z │                    │                     │          │              │                                   │               │ correctly...                                                 │
7 Container Image Scan	Full vulnerability report	2026-10-07T14:20:58.9748536Z │                    │                     │          │              │                                   │               │ https://avd.aquasec.com/nvd/cve-2011-3374                    │
7 Container Image Scan	Full vulnerability report	2026-10-07T14:20:58.9749577Z ├────────────────────┼─────────────────────┤          │              ├───────────────────────────────────┼───────────────┼──────────────────────────────────────────────────────────────┤
7 Container Image Scan	Full vulnerability report	2026-10-07T14:20:58.9750491Z │ bash               │ TEMP-0841856-B18BAF │          │              │ 5.2.37-2+b10                      │               │ [Privilege escalation possible to other user than root]      │
7 Container Image Scan	Full vulnerability report	2026-10-07T14:20:58.9751320Z │                    │                     │          │              │                                   │               │ https://security-tracker.debian.org/tracker/TEMP-0841856-B1- │
7 Container Image Scan	Full vulnerability report	2026-10-07T14:20:58.9752081Z │                    │                     │          │              │                                   │               │ 8BAF                                                         │
7 Container Image Scan	Full vulnerability report	2026-10-07T14:20:58.9753044Z ├────────────────────┼─────────────────────┼──────────┤              ├───────────────────────────────────┼───────────────┼──────────────────────────────────────────────────────────────┤
7 Container Image Scan	Full vulnerability report	2026-10-07T14:20:58.9753944Z │ bsdutils           │ CVE-2026-76642      │ HIGH     │              │ 1:2.41.5-0+deb13u1                │               │ util-linux: util-linux: failed external mount helper still   │
7 Container Image Scan	Full vulnerability report	2026-10-07T14:20:58.9754768Z │                    │                     │          │              │                                   │               │ runs privileged X-mount post-hooks                           │
7 Container Image Scan	Full vulnerability report	2026-10-07T14:20:58.9755692Z │                    │                     │          │              │                                   │               │ https://avd.aquasec.com/nvd/cve-2026-76642                   │
7 Container Image Scan	Full vulnerability report	2026-10-07T14:20:58.9756530Z │                    ├─────────────────────┤          │              │                                   ├───────────────┼──────────────────────────────────────────────────────────────┤
7 Container Image Scan	Full vulnerability report	2026-10-07T14:20:58.9757297Z │                    │ CVE-2026-78408      │          │              │                                   │               │ util-linux: util-linux: nsenter --join-cgroup leaks root     │
7 Container Image Scan	Full vulnerability report	2026-10-07T14:20:58.9757963Z │                    │                     │          │              │                                   │               │ cgroup migration authority                                   │
7 Container Image Scan	Full vulnerability report	2026-10-07T14:20:58.9758741Z │                    │                     │          │              │                                   │               │ https://avd.aquasec.com/nvd/cve-2026-78408                   │
7 Container Image Scan	Full vulnerability report	2026-10-07T14:20:58.9759388Z │                    ├─────────────────────┤          │              │                                   ├───────────────┼──────────────────────────────────────────────────────────────┤
7 Container Image Scan	Full vulnerability report	2026-10-07T14:20:58.9759852Z │                    │ CVE-2026-78409      │          │              │                                   │               │ util-linux: util-linux: X-mount.subdir detached-tree         │
7 Container Image Scan	Full vulnerability report	2026-10-07T14:20:58.9760320Z │                    │                     │          │              │                                   │               │ resolution can escape via intermediate symlinks              │
7 Container Image Scan	Full vulnerability report	2026-10-07T14:20:58.9760764Z │                    │                     │          │              │                                   │               │ https://avd.aquasec.com/nvd/cve-2026-78409                   │
7 Container Image Scan	Full vulnerability report	2026-10-07T14:20:58.9761243Z │                    ├─────────────────────┤          │              │                                   ├───────────────┼──────────────────────────────────────────────────────────────┤
7 Container Image Scan	Full vulnerability report	2026-10-07T14:20:58.9761701Z │                    │ CVE-2026-78410      │          │              │                                   │               │ util-linux: util-linux: restricted bind mounts do not pin    │
7 Container Image Scan	Full vulnerability report	2026-10-07T14:20:58.9762302Z │                    │                     │          │              │                                   │               │ the source, allowing X-mount.owner/group/mode...             │
7 Container Image Scan	Full vulnerability report	2026-10-07T14:20:58.9762741Z │                    │                     │          │              │                                   │               │ https://avd.aquasec.com/nvd/cve-2026-78410                   │
7 Container Image Scan	Full vulnerability report	2026-10-07T14:20:58.9763234Z │                    ├─────────────────────┼──────────┤              │                                   ├───────────────┼──────────────────────────────────────────────────────────────┤
7 Container Image Scan	Full vulnerability report	2026-10-07T14:20:58.9763799Z │                    │ CVE-2026-3184       │ MEDIUM   │              │                                   │               │ util-linux: util-linux: Access control bypass due to         │
7 Container Image Scan	Full vulnerability report	2026-10-07T14:20:58.9764283Z │                    │                     │          │              │                                   │               │ improper hostname canonicalization                           │
7 Container Image Scan	Full vulnerability report	2026-10-07T14:20:58.9764737Z │                    │                     │          │              │                                   │               │ https://avd.aquasec.com/nvd/cve-2026-3184                    │
7 Container Image Scan	Full vulnerability report	2026-10-07T14:20:58.9765202Z │                    ├─────────────────────┼──────────┤              │                                   ├───────────────┼──────────────────────────────────────────────────────────────┤
7 Container Image Scan	Full vulnerability report	2026-10-07T14:20:58.9765699Z │                    │ CVE-2022-0563       │ LOW      │              │                                   │               │ util-linux: partial disclosure of arbitrary files in chfn    │
7 Container Image Scan	Full vulnerability report	2026-10-07T14:20:58.9766553Z │                    │                     │          │              │                                   │               │ and chsh when compiled...                                    │
7 Container Image Scan	Full vulnerability report	2026-10-07T14:20:58.9767129Z │                    │                     │          │              │                                   │               │ https://avd.aquasec.com/nvd/cve-2022-0563                    │
7 Container Image Scan	Full vulnerability report	2026-10-07T14:20:58.9767640Z ├────────────────────┼─────────────────────┤          │              ├───────────────────────────────────┼───────────────┼──────────────────────────────────────────────────────────────┤
7 Container Image Scan	Full vulnerability report	2026-10-07T14:20:58.9768248Z │ coreutils          │ CVE-2017-18018      │          │              │ 9.7-3                             │               │ coreutils: race condition vulnerability in chown and chgrp   │
7 Container Image Scan	Full vulnerability report	2026-10-07T14:20:58.9768746Z │                    │                     │          │              │                                   │               │ https://avd.aquasec.com/nvd/cve-2017-18018                   │
7 Container Image Scan	Full vulnerability report	2026-10-07T14:20:58.9769524Z │                    ├─────────────────────┤          │              │                                   ├───────────────┼──────────────────────────────────────────────────────────────┤
7 Container Image Scan	Full vulnerability report	2026-10-07T14:20:58.9770209Z │                    │ CVE-2025-5278       │          │              │                                   │               │ coreutils: Heap Buffer Under-Read in GNU Coreutils sort via  │
7 Container Image Scan	Full vulnerability report	2026-10-07T14:20:58.9770655Z │                    │                     │          │              │                                   │               │ Key Specification                                            │
7 Container Image Scan	Full vulnerability report	2026-10-07T14:20:58.9771084Z │                    │                     │          │              │                                   │               │ https://avd.aquasec.com/nvd/cve-2025-5278                    │
7 Container Image Scan	Full vulnerability report	2026-10-07T14:20:58.9771633Z │                    ├─────────────────────┤          │              │                                   ├───────────────┼──────────────────────────────────────────────────────────────┤
7 Container Image Scan	Full vulnerability report	2026-10-07T14:20:58.9772101Z │                    │ CVE-2026-56391      │          │              │                                   │               │ coreutils: GNU coreutils uniq: Denial of Service and         │
7 Container Image Scan	Full vulnerability report	2026-10-07T14:20:58.9772566Z │                    │                     │          │              │                                   │               │ information disclosure via out-of-bounds...                  │
7 Container Image Scan	Full vulnerability report	2026-10-07T14:20:58.9773005Z │                    │                     │          │              │                                   │               │ https://avd.aquasec.com/nvd/cve-2026-56391                   │
7 Container Image Scan	Full vulnerability report	2026-10-07T14:20:58.9773464Z │                    ├─────────────────────┤          │              │                                   ├───────────────┼──────────────────────────────────────────────────────────────┤
7 Container Image Scan	Full vulnerability report	2026-10-07T14:20:58.9773928Z │                    │ CVE-2026-56392      │          │              │                                   │               │ coreutils: GNU coreutils unexpand: Denial of Service via     │
7 Container Image Scan	Full vulnerability report	2026-10-07T14:20:58.9774378Z │                    │                     │          │              │                                   │               │ crafted tab stop values...                                   │
7 Container Image Scan	Full vulnerability report	2026-10-07T14:20:58.9774822Z │                    │                     │          │              │                                   │               │ https://avd.aquasec.com/nvd/cve-2026-56392                   │
7 Container Image Scan	Full vulnerability report	2026-10-07T14:20:58.9775322Z ├────────────────────┼─────────────────────┤          │              ├───────────────────────────────────┼───────────────┼──────────────────────────────────────────────────────────────┤
7 Container Image Scan	Full vulnerability report	2026-10-07T14:20:58.9775824Z │ dash               │ CVE-2026-102473     │          │              │ 0.5.12-12                         │               │ dash: dash: Super-polynomial backtracking in pmatch when     │
7 Container Image Scan	Full vulnerability report	2026-10-07T14:20:58.9776308Z │                    │                     │          │              │                                   │               │ libc fnmatch is disabled                                     │
7 Container Image Scan	Full vulnerability report	2026-10-07T14:20:58.9776739Z │                    │                     │          │              │                                   │               │ https://avd.aquasec.com/nvd/cve-2026-102473                  │
7 Container Image Scan	Full vulnerability report	2026-10-07T14:20:58.9777268Z │                    ├─────────────────────┤          │              │                                   ├───────────────┼──────────────────────────────────────────────────────────────┤
7 Container Image Scan	Full vulnerability report	2026-10-07T14:20:58.9777729Z │                    │ CVE-2026-102474     │          │              │                                   │               │ dash: dash: Heap out-of-bounds write in conv_escape via      │
7 Container Image Scan	Full vulnerability report	2026-10-07T14:20:58.9778371Z │                    │                     │          │              │                                   │               │ undersized Unicode escape reservation...                     │
7 Container Image Scan	Full vulnerability report	2026-10-07T14:20:58.9778924Z │                    │                     │          │              │                                   │               │ https://avd.aquasec.com/nvd/cve-2026-102474                  │
7 Container Image Scan	Full vulnerability report	2026-10-07T14:20:58.9779427Z ├────────────────────┼─────────────────────┤          │              ├───────────────────────────────────┼───────────────┼──────────────────────────────────────────────────────────────┤
7 Container Image Scan	Full vulnerability report	2026-10-07T14:20:58.9780095Z │ diffutils          │ CVE-2026-53910      │          │              │ 1:3.10-4                          │               │ diffutils: heap‑based buffer overflow due to multiple signed │
7 Container Image Scan	Full vulnerability report	2026-10-07T14:20:58.9780591Z │                    │                     │          │              │                                   │               │ integer overflows in line‑mapping...                         │
7 Container Image Scan	Full vulnerability report	2026-10-07T14:20:58.9781162Z │                    │                     │          │              │                                   │               │ https://avd.aquasec.com/nvd/cve-2026-53910                   │
7 Container Image Scan	Full vulnerability report	2026-10-07T14:20:58.9781664Z ├────────────────────┼─────────────────────┼──────────┤              ├───────────────────────────────────┼───────────────┼──────────────────────────────────────────────────────────────┤
7 Container Image Scan	Full vulnerability report	2026-10-07T14:20:58.9782297Z │ gcc-14-base        │ CVE-2026-102010     │ MEDIUM   │              │ 14.2.0-19                         │               │ gcc-toolset-15-gcc: gcc: gcc-toolset-16: gcc: Denial of      │
7 Container Image Scan	Full vulnerability report	2026-10-07T14:20:58.9782795Z │                    │                     │          │              │                                   │               │ Service via use-after-free in binary heap...                 │
7 Container Image Scan	Full vulnerability report	2026-10-07T14:20:58.9783238Z │                    │                     │          │              │                                   │               │ https://avd.aquasec.com/nvd/cve-2026-102010                  │
7 Container Image Scan	Full vulnerability report	2026-10-07T14:20:58.9783715Z │                    ├─────────────────────┤          │              │                                   ├───────────────┼──────────────────────────────────────────────────────────────┤
7 Container Image Scan	Full vulnerability report	2026-10-07T14:20:58.9784171Z │                    │ CVE-2026-95619      │          │              │                                   │               │ gcc: libstdc++ integer overflow in `new` operator            │
7 Container Image Scan	Full vulnerability report	2026-10-07T14:20:58.9784639Z │                    │                     │          │              │                                   │               │ https://avd.aquasec.com/nvd/cve-2026-95619                   │
7 Container Image Scan	Full vulnerability report	2026-10-07T14:20:58.9785153Z ├────────────────────┼─────────────────────┼──────────┤              ├───────────────────────────────────┼───────────────┼──────────────────────────────────────────────────────────────┤
7 Container Image Scan	Full vulnerability report	2026-10-07T14:20:58.9785667Z │ libacl1            │ CVE-2026-54369      │ HIGH     │              │ 2.3.2-2+b1                        │               │ acl: Symlink traversal privilege escalation via libacl       │
7 Container Image Scan	Full vulnerability report	2026-10-07T14:20:58.9786211Z │                    │                     │          │              │                                   │               │ functions                                                    │
7 Container Image Scan	Full vulnerability report	2026-10-07T14:20:58.9786637Z │                    │                     │          │              │                                   │               │ https://avd.aquasec.com/nvd/cve-2026-54369                   │
7 Container Image Scan	Full vulnerability report	2026-10-07T14:20:58.9787114Z │                    ├─────────────────────┼──────────┤              │                                   ├───────────────┼──────────────────────────────────────────────────────────────┤
7 Container Image Scan	Full vulnerability report	2026-10-07T14:20:58.9787576Z │                    │ CVE-2026-54370      │ MEDIUM   │              │                                   │               │ acl: TOCTOU Symlink Traversal via getfacl/setfacl            │
7 Container Image Scan	Full vulnerability report	2026-10-07T14:20:58.9788037Z │                    │                     │          │              │                                   │               │ https://avd.aquasec.com/nvd/cve-2026-54370                   │
7 Container Image Scan	Full vulnerability report	2026-10-07T14:20:58.9788734Z ├────────────────────┼─────────────────────┼──────────┤              ├───────────────────────────────────┼───────────────┼──────────────────────────────────────────────────────────────┤
7 Container Image Scan	Full vulnerability report	2026-10-07T14:20:58.9789337Z │ libapt-pkg7.0      │ CVE-2011-3374       │ LOW      │              │ 3.0.3                             │               │ It was found that apt-key in apt, all versions, do not       │
7 Container Image Scan	Full vulnerability report	2026-10-07T14:20:58.9789810Z │                    │                     │          │              │                                   │               │ correctly...                                                 │
7 Container Image Scan	Full vulnerability report	2026-10-07T14:20:58.9790239Z │                    │                     │          │              │                                   │               │ https://avd.aquasec.com/nvd/cve-2011-3374                    │
7 Container Image Scan	Full vulnerability report	2026-10-07T14:20:58.9790748Z ├────────────────────┼─────────────────────┼──────────┤              ├───────────────────────────────────┼───────────────┼──────────────────────────────────────────────────────────────┤
7 Container Image Scan	Full vulnerability report	2026-10-07T14:20:58.9791260Z │ libattr1           │ CVE-2026-54371      │ MEDIUM   │              │ 1:2.5.2-3                         │               │ attr: attr: Symlink Traversal Privilege Escalation via       │
7 Container Image Scan	Full vulnerability report	2026-10-07T14:20:58.9791741Z │                    │                     │          │              │                                   │               │ getfattr and setfattr                                        │
7 Container Image Scan	Full vulnerability report	2026-10-07T14:20:58.9792169Z │                    │                     │          │              │                                   │               │ https://avd.aquasec.com/nvd/cve-2026-54371                   │
7 Container Image Scan	Full vulnerability report	2026-10-07T14:20:58.9792669Z ├────────────────────┼─────────────────────┼──────────┤              ├───────────────────────────────────┼───────────────┼──────────────────────────────────────────────────────────────┤
7 Container Image Scan	Full vulnerability report	2026-10-07T14:20:58.9793283Z │ libblkid1          │ CVE-2026-76642      │ HIGH     │              │ 2.41.5-0+deb13u1                  │               │ util-linux: util-linux: failed external mount helper still   │
7 Container Image Scan	Full vulnerability report	2026-10-07T14:20:58.9793779Z │                    │                     │          │              │                                   │               │ runs privileged X-mount post-hooks                           │
7 Container Image Scan	Full vulnerability report	2026-10-07T14:20:58.9794228Z │                    │                     │          │              │                                   │               │ https://avd.aquasec.com/nvd/cve-2026-76642                   │
7 Container Image Scan	Full vulnerability report	2026-10-07T14:20:58.9794688Z │                    ├─────────────────────┤          │              │                                   ├───────────────┼──────────────────────────────────────────────────────────────┤
7 Container Image Scan	Full vulnerability report	2026-10-07T14:20:58.9795150Z │                    │ CVE-2026-78408      │          │              │                                   │               │ util-linux: util-linux: nsenter --join-cgroup leaks root     │
7 Container Image Scan	Full vulnerability report	2026-10-07T14:20:58.9795616Z │                    │                     │          │              │                                   │               │ cgroup migration authority                                   │
7 Container Image Scan	Full vulnerability report	2026-10-07T14:20:58.9796054Z │                    │                     │          │              │                                   │               │ https://avd.aquasec.com/nvd/cve-2026-78408                   │
7 Container Image Scan	Full vulnerability report	2026-10-07T14:20:58.9796584Z │                    ├─────────────────────┤          │              │                                   ├───────────────┼──────────────────────────────────────────────────────────────┤
7 Container Image Scan	Full vulnerability report	2026-10-07T14:20:58.9797042Z │                    │ CVE-2026-78409      │          │              │                                   │               │ util-linux: util-linux: X-mount.subdir detached-tree         │
7 Container Image Scan	Full vulnerability report	2026-10-07T14:20:58.9797504Z │                    │                     │          │              │                                   │               │ resolution can escape via intermediate symlinks              │
7 Container Image Scan	Full vulnerability report	2026-10-07T14:20:58.9797955Z │                    │                     │          │              │                                   │               │ https://avd.aquasec.com/nvd/cve-2026-78409                   │
7 Container Image Scan	Full vulnerability report	2026-10-07T14:20:58.9798611Z │                    ├─────────────────────┤          │              │                                   ├───────────────┼──────────────────────────────────────────────────────────────┤
7 Container Image Scan	Full vulnerability report	2026-10-07T14:20:58.9799071Z │                    │ CVE-2026-78410      │          │              │                                   │               │ util-linux: util-linux: restricted bind mounts do not pin    │
7 Container Image Scan	Full vulnerability report	2026-10-07T14:20:58.9799532Z │                    │                     │          │              │                                   │               │ the source, allowing X-mount.owner/group/mode...             │
7 Container Image Scan	Full vulnerability report	2026-10-07T14:20:58.9800067Z │                    │                     │          │              │                                   │               │ https://avd.aquasec.com/nvd/cve-2026-78410                   │
7 Container Image Scan	Full vulnerability report	2026-10-07T14:20:58.9800539Z │                    ├─────────────────────┼──────────┤              │                                   ├───────────────┼──────────────────────────────────────────────────────────────┤
7 Container Image Scan	Full vulnerability report	2026-10-07T14:20:58.9801020Z │                    │ CVE-2026-3184       │ MEDIUM   │              │                                   │               │ util-linux: util-linux: Access control bypass due to         │
7 Container Image Scan	Full vulnerability report	2026-10-07T14:20:58.9801492Z │                    │                     │          │              │                                   │               │ improper hostname canonicalization                           │
7 Container Image Scan	Full vulnerability report	2026-10-07T14:20:58.9801932Z │                    │                     │          │              │                                   │               │ https://avd.aquasec.com/nvd/cve-2026-3184                    │
7 Container Image Scan	Full vulnerability report	2026-10-07T14:20:58.9802407Z │                    ├─────────────────────┼──────────┤              │                                   ├───────────────┼──────────────────────────────────────────────────────────────┤
7 Container Image Scan	Full vulnerability report	2026-10-07T14:20:58.9802871Z │                    │ CVE-2022-0563       │ LOW      │              │                                   │               │ util-linux: partial disclosure of arbitrary files in chfn    │
7 Container Image Scan	Full vulnerability report	2026-10-07T14:20:58.9803414Z │                    │                     │          │              │                                   │               │ and chsh when compiled...                                    │
7 Container Image Scan	Full vulnerability report	2026-10-07T14:20:58.9803853Z │                    │                     │          │              │                                   │               │ https://avd.aquasec.com/nvd/cve-2022-0563                    │
7 Container Image Scan	Full vulnerability report	2026-10-07T14:20:58.9804354Z ├────────────────────┼─────────────────────┼──────────┤              ├───────────────────────────────────┼───────────────┼──────────────────────────────────────────────────────────────┤
7 Container Image Scan	Full vulnerability report	2026-10-07T14:20:58.9804876Z │ libbz2-1.0         │ CVE-2026-42250      │ MEDIUM   │              │ 1.0.8-6                           │               │ bzip2: bzip2: Denial of Service in bzip2recover via a        │
7 Container Image Scan	Full vulnerability report	2026-10-07T14:20:58.9805356Z │                    │                     │          │              │                                   │               │ specially crafted file...                                    │
7 Container Image Scan	Full vulnerability report	2026-10-07T14:20:58.9805800Z │                    │                     │          │              │                                   │               │ https://avd.aquasec.com/nvd/cve-2026-42250                   │
7 Container Image Scan	Full vulnerability report	2026-10-07T14:20:58.9806294Z ├────────────────────┼─────────────────────┤          │              ├───────────────────────────────────┼───────────────┼──────────────────────────────────────────────────────────────┤
7 Container Image Scan	Full vulnerability report	2026-10-07T14:20:58.9806809Z │ libc-bin           │ CVE-2026-18374      │          │              │ 2.41-12+deb13u4                   │               │ glibc: glibc: Heap buffer overflow via attacker-controlled   │
7 Container Image Scan	Full vulnerability report	2026-10-07T14:20:58.9807394Z │                    │                     │          │              │                                   │               │ fopen mode string                                            │
7 Container Image Scan	Full vulnerability report	2026-10-07T14:20:58.9807827Z │                    │                     │          │              │                                   │               │ https://avd.aquasec.com/nvd/cve-2026-18374                   │
7 Container Image Scan	Full vulnerability report	2026-10-07T14:20:58.9808592Z │                    ├─────────────────────┤          │              │                                   ├───────────────┼──────────────────────────────────────────────────────────────┤
7 Container Image Scan	Full vulnerability report	2026-10-07T14:20:58.9809060Z │                    │ CVE-2026-19499      │          │              │                                   │               │ glibc: Buffer Overflow in strfmon right-justification        │
7 Container Image Scan	Full vulnerability report	2026-10-07T14:20:58.9809511Z │                    │                     │          │              │                                   │               │ padding                                                      │
7 Container Image Scan	Full vulnerability report	2026-10-07T14:20:58.9809950Z │                    │                     │          │              │                                   │               │ https://avd.aquasec.com/nvd/cve-2026-19499                   │
7 Container Image Scan	Full vulnerability report	2026-10-07T14:20:58.9810503Z │                    ├─────────────────────┤          │              │                                   ├───────────────┼──────────────────────────────────────────────────────────────┤
7 Container Image Scan	Full vulnerability report	2026-10-07T14:20:58.9810963Z │                    │ CVE-2026-19542      │          │              │                                   │               │ glibc: Fix out-of-bounds array write in tdelete              │
7 Container Image Scan	Full vulnerability report	2026-10-07T14:20:58.9811420Z │                    │                     │          │              │                                   │               │ https://avd.aquasec.com/nvd/cve-2026-19542                   │
7 Container Image Scan	Full vulnerability report	2026-10-07T14:20:58.9811885Z │                    ├─────────────────────┤          │              │                                   ├───────────────┼──────────────────────────────────────────────────────────────┤
7 Container Image Scan	Full vulnerability report	2026-10-07T14:20:58.9812343Z │                    │ CVE-2026-5435       │          │              │                                   │               │ glibc: glibc: Out-of-bounds write via TSIG record processing │
7 Container Image Scan	Full vulnerability report	2026-10-07T14:20:58.9812805Z │                    │                     │          │              │                                   │               │ https://avd.aquasec.com/nvd/cve-2026-5435                    │
7 Container Image Scan	Full vulnerability report	2026-10-07T14:20:58.9813266Z │                    ├─────────────────────┤          │              │                                   ├───────────────┼──────────────────────────────────────────────────────────────┤
7 Container Image Scan	Full vulnerability report	2026-10-07T14:20:58.9813724Z │                    │ CVE-2026-6238       │          │              │                                   │               │ glibc: glibc: Application crash or uninitialized memory read │
7 Container Image Scan	Full vulnerability report	2026-10-07T14:20:58.9814269Z │                    │                     │          │              │                                   │               │ via crafted DNS response...                                  │
7 Container Image Scan	Full vulnerability report	2026-10-07T14:20:58.9814700Z │                    │                     │          │              │                                   │               │ https://avd.aquasec.com/nvd/cve-2026-6238                    │
7 Container Image Scan	Full vulnerability report	2026-10-07T14:20:58.9815190Z │                    ├─────────────────────┤          │              │                                   ├───────────────┼──────────────────────────────────────────────────────────────┤
7 Container Image Scan	Full vulnerability report	2026-10-07T14:20:58.9815643Z │                    │ CVE-2026-6368       │          │              │                                   │               │ glibc: glibc: Process abort due to invalid memory in wordexp │
7 Container Image Scan	Full vulnerability report	2026-10-07T14:20:58.9816092Z │                    │                     │          │              │                                   │               │ https://avd.aquasec.com/nvd/cve-2026-6368                    │
7 Container Image Scan	Full vulnerability report	2026-10-07T14:20:58.9816559Z │                    ├─────────────────────┤          │              │                                   ├───────────────┼──────────────────────────────────────────────────────────────┤
7 Container Image Scan	Full vulnerability report	2026-10-07T14:20:58.9817005Z │                    │ CVE-2026-6791       │          │              │                                   │               │ glibc: Glibc: Denial of Service via stack exhaustion during  │
7 Container Image Scan	Full vulnerability report	2026-10-07T14:20:58.9817515Z │                    │                     │          │              │                                   │               │ tilde expansion                                              │
7 Container Image Scan	Full vulnerability report	2026-10-07T14:20:58.9817946Z │                    │                     │          │              │                                   │               │ https://avd.aquasec.com/nvd/cve-2026-6791                    │
7 Container Image Scan	Full vulnerability report	2026-10-07T14:20:58.9818643Z │                    ├─────────────────────┤          │              │                                   ├───────────────┼──────────────────────────────────────────────────────────────┤
7 Container Image Scan	Full vulnerability report	2026-10-07T14:20:58.9819101Z │                    │ CVE-2026-77117      │          │              │                                   │               │ glibc: Non-progress DoS in SHIFT_JISX0213 -&gt               │
7 Container Image Scan	Full vulnerability report	2026-10-07T14:20:58.9819559Z │                    │                     │          │              │                                   │               │ https://avd.aquasec.com/nvd/cve-2026-77117                   │
7 Container Image Scan	Full vulnerability report	2026-10-07T14:20:58.9820014Z │                    ├─────────────────────┤          │              │                                   ├───────────────┼──────────────────────────────────────────────────────────────┤
7 Container Image Scan	Full vulnerability report	2026-10-07T14:20:58.9820468Z │                    │ CVE-2026-80489      │          │              │                                   │               │ glibc: Non-progress DoS in EUC_JISX0213 -> UCS-4 conversion  │
7 Container Image Scan	Full vulnerability report	2026-10-07T14:20:58.9821002Z │                    │                     │          │              │                                   │               │ state                                                        │
7 Container Image Scan	Full vulnerability report	2026-10-07T14:20:58.9821419Z │                    │                     │          │              │                                   │               │ https://avd.aquasec.com/nvd/cve-2026-80489                   │
7 Container Image Scan	Full vulnerability report	2026-10-07T14:20:58.9821887Z │                    ├─────────────────────┤          │              │                                   ├───────────────┼──────────────────────────────────────────────────────────────┤
7 Container Image Scan	Full vulnerability report	2026-10-07T14:20:58.9822341Z │                    │ CVE-2026-8674       │          │              │                                   │               │ glibc: glibc DNS stub resolver: Denial of Service via long   │
7 Container Image Scan	Full vulnerability report	2026-10-07T14:20:58.9822788Z │                    │                     │          │              │                                   │               │ search domain...                                             │
7 Container Image Scan	Full vulnerability report	2026-10-07T14:20:58.9823221Z │                    │                     │          │              │                                   │               │ https://avd.aquasec.com/nvd/cve-2026-8674                    │
7 Container Image Scan	Full vulnerability report	2026-10-07T14:20:58.9823676Z │                    ├─────────────────────┤          │              │                                   ├───────────────┼──────────────────────────────────────────────────────────────┤
7 Container Image Scan	Full vulnerability report	2026-10-07T14:20:58.9824222Z │                    │ CVE-2026-86805      │          │              │                                   │               │ glibc: glibc: Privilege escalation and arbitrary code        │
7 Container Image Scan	Full vulnerability report	2026-10-07T14:20:58.9824678Z │                    │                     │          │              │                                   │               │ execution via TOCTOU race condition...                       │
7 Container Image Scan	Full vulnerability report	2026-10-07T14:20:58.9825116Z │                    │                     │          │              │                                   │               │ https://avd.aquasec.com/nvd/cve-2026-86805                   │
7 Container Image Scan	Full vulnerability report	2026-10-07T14:20:58.9825581Z │                    ├─────────────────────┤          │              │                                   ├───────────────┼──────────────────────────────────────────────────────────────┤
7 Container Image Scan	Full vulnerability report	2026-10-07T14:20:58.9826032Z │                    │ CVE-2026-89092      │          │              │                                   │               │ glibc: nscd stack overflow leads to degraded DNS resolution  │
7 Container Image Scan	Full vulnerability report	2026-10-07T14:20:58.9826496Z │                    │                     │          │              │                                   │               │ https://avd.aquasec.com/nvd/cve-2026-89092                   │
7 Container Image Scan	Full vulnerability report	2026-10-07T14:20:58.9826950Z │                    ├─────────────────────┤          │              │                                   ├───────────────┼──────────────────────────────────────────────────────────────┤
7 Container Image Scan	Full vulnerability report	2026-10-07T14:20:58.9827401Z │                    │ CVE-2026-95818      │          │              │                                   │               │ glibc: glibc: Local attacker can cause denial of service and │
7 Container Image Scan	Full vulnerability report	2026-10-07T14:20:58.9827920Z │                    │                     │          │              │                                   │               │ information disclosure...                                    │
7 Container Image Scan	Full vulnerability report	2026-10-07T14:20:58.9828498Z │                    │                     │          │              │                                   │               │ https://avd.aquasec.com/nvd/cve-2026-95818                   │
7 Container Image Scan	Full vulnerability report	2026-10-07T14:20:58.9828966Z │                    ├─────────────────────┼──────────┤              │                                   ├───────────────┼──────────────────────────────────────────────────────────────┤
7 Container Image Scan	Full vulnerability report	2026-10-07T14:20:58.9829422Z │                    │ CVE-2010-4756       │ LOW      │              │                                   │               │ glibc: glob implementation can cause excessive CPU and       │
7 Container Image Scan	Full vulnerability report	2026-10-07T14:20:58.9829880Z │                    │                     │          │              │                                   │               │ memory consumption due to...                                 │
7 Container Image Scan	Full vulnerability report	2026-10-07T14:20:58.9830310Z │                    │                     │          │              │                                   │               │ https://avd.aquasec.com/nvd/cve-2010-4756                    │
7 Container Image Scan	Full vulnerability report	2026-10-07T14:20:58.9830860Z │                    ├─────────────────────┤          │              │                                   ├───────────────┼──────────────────────────────────────────────────────────────┤
7 Container Image Scan	Full vulnerability report	2026-10-07T14:20:58.9831314Z │                    │ CVE-2018-20796      │          │              │                                   │               │ glibc: uncontrolled recursion in function                    │
7 Container Image Scan	Full vulnerability report	2026-10-07T14:20:58.9831772Z │                    │                     │          │              │                                   │               │ check_dst_limits_calc_pos_1 in posix/regexec.c               │
7 Container Image Scan	Full vulnerability report	2026-10-07T14:20:58.9832216Z │                    │                     │          │              │                                   │               │ https://avd.aquasec.com/nvd/cve-2018-20796                   │
7 Container Image Scan	Full vulnerability report	2026-10-07T14:20:58.9832675Z │                    ├─────────────────────┤          │              │                                   ├───────────────┼──────────────────────────────────────────────────────────────┤
7 Container Image Scan	Full vulnerability report	2026-10-07T14:20:58.9833145Z │                    │ CVE-2019-1010022    │          │              │                                   │               │ glibc: stack guard protection bypass                         │
7 Container Image Scan	Full vulnerability report	2026-10-07T14:20:58.9833596Z │                    │                     │          │              │                                   │               │ https://avd.aquasec.com/nvd/cve-2019-1010022                 │
7 Container Image Scan	Full vulnerability report	2026-10-07T14:20:58.9834056Z │                    ├─────────────────────┤          │              │                                   ├───────────────┼──────────────────────────────────────────────────────────────┤
7 Container Image Scan	Full vulnerability report	2026-10-07T14:20:58.9834618Z │                    │ CVE-2019-1010023    │          │              │                                   │               │ glibc: running ldd on malicious ELF leads to code execution  │
7 Container Image Scan	Full vulnerability report	2026-10-07T14:20:58.9835069Z │                    │                     │          │              │                                   │               │ because of...                                                │
7 Container Image Scan	Full vulnerability report	2026-10-07T14:20:58.9835502Z │                    │                     │          │              │                                   │               │ https://avd.aquasec.com/nvd/cve-2019-1010023                 │
7 Container Image Scan	Full vulnerability report	2026-10-07T14:20:58.9835957Z │                    ├─────────────────────┤          │              │                                   ├───────────────┼──────────────────────────────────────────────────────────────┤
7 Container Image Scan	Full vulnerability report	2026-10-07T14:20:58.9836415Z │                    │ CVE-2019-1010024    │          │              │                                   │               │ glibc: ASLR bypass using cache of thread stack and heap      │
7 Container Image Scan	Full vulnerability report	2026-10-07T14:20:58.9836880Z │                    │                     │          │              │                                   │               │ https://avd.aquasec.com/nvd/cve-2019-1010024                 │
7 Container Image Scan	Full vulnerability report	2026-10-07T14:20:58.9837402Z │                    ├─────────────────────┤          │              │                                   ├───────────────┼──────────────────────────────────────────────────────────────┤
7 Container Image Scan	Full vulnerability report	2026-10-07T14:20:58.9837862Z │                    │ CVE-2019-1010025    │          │              │                                   │               │ glibc: information disclosure of heap addresses of           │
7 Container Image Scan	Full vulnerability report	2026-10-07T14:20:58.9838404Z │                    │                     │          │              │                                   │               │ pthread_created thread                                       │
7 Container Image Scan	Full vulnerability report	2026-10-07T14:20:58.9838844Z │                    │                     │          │              │                                   │               │ https://avd.aquasec.com/nvd/cve-2019-1010025                 │
7 Container Image Scan	Full vulnerability report	2026-10-07T14:20:58.9839302Z │                    ├─────────────────────┤          │              │                                   ├───────────────┼──────────────────────────────────────────────────────────────┤
7 Container Image Scan	Full vulnerability report	2026-10-07T14:20:58.9839763Z │                    │ CVE-2019-9192       │          │              │                                   │               │ glibc: uncontrolled recursion in function                    │
7 Container Image Scan	Full vulnerability report	2026-10-07T14:20:58.9840217Z │                    │                     │          │              │                                   │               │ check_dst_limits_calc_pos_1 in posix/regexec.c               │
7 Container Image Scan	Full vulnerability report	2026-10-07T14:20:58.9840657Z │                    │                     │          │              │                                   │               │ https://avd.aquasec.com/nvd/cve-2019-9192                    │
7 Container Image Scan	Full vulnerability report	2026-10-07T14:20:58.9841204Z │                    ├─────────────────────┤          │              │                                   ├───────────────┼──────────────────────────────────────────────────────────────┤
7 Container Image Scan	Full vulnerability report	2026-10-07T14:20:58.9841659Z │                    │ CVE-2026-97399      │          │              │                                   │               │ glibc: glibc: Denial of Service via out-of-bounds read in    │
7 Container Image Scan	Full vulnerability report	2026-10-07T14:20:58.9842109Z │                    │                     │          │              │                                   │               │ strncasecmp                                                  │
7 Container Image Scan	Full vulnerability report	2026-10-07T14:20:58.9842539Z │                    │                     │          │              │                                   │               │ https://avd.aquasec.com/nvd/cve-2026-97399                   │
7 Container Image Scan	Full vulnerability report	2026-10-07T14:20:58.9843024Z ├────────────────────┼─────────────────────┼──────────┤              │                                   ├───────────────┼──────────────────────────────────────────────────────────────┤
7 Container Image Scan	Full vulnerability report	2026-10-07T14:20:58.9843517Z │ libc6              │ CVE-2026-18374      │ MEDIUM   │              │                                   │               │ glibc: glibc: Heap buffer overflow via attacker-controlled   │
7 Container Image Scan	Full vulnerability report	2026-10-07T14:20:58.9843975Z │                    │                     │          │              │                                   │               │ fopen mode string                                            │
7 Container Image Scan	Full vulnerability report	2026-10-07T14:20:58.9844494Z │                    │                     │          │              │                                   │               │ https://avd.aquasec.com/nvd/cve-2026-18374                   │
7 Container Image Scan	Full vulnerability report	2026-10-07T14:20:58.9844957Z │                    ├─────────────────────┤          │              │                                   ├───────────────┼──────────────────────────────────────────────────────────────┤
7 Container Image Scan	Full vulnerability report	2026-10-07T14:20:58.9845406Z │                    │ CVE-2026-19499      │          │              │                                   │               │ glibc: Buffer Overflow in strfmon right-justification        │
7 Container Image Scan	Full vulnerability report	2026-10-07T14:20:58.9845858Z │                    │                     │          │              │                                   │               │ padding                                                      │
7 Container Image Scan	Full vulnerability report	2026-10-07T14:20:58.9846276Z │                    │                     │          │              │                                   │               │ https://avd.aquasec.com/nvd/cve-2026-19499                   │
7 Container Image Scan	Full vulnerability report	2026-10-07T14:20:58.9846737Z │                    ├─────────────────────┤          │              │                                   ├───────────────┼──────────────────────────────────────────────────────────────┤
7 Container Image Scan	Full vulnerability report	2026-10-07T14:20:58.9847187Z │                    │ CVE-2026-19542      │          │              │                                   │               │ glibc: Fix out-of-bounds array write in tdelete              │
7 Container Image Scan	Full vulnerability report	2026-10-07T14:20:58.9847703Z │                    │                     │          │              │                                   │               │ https://avd.aquasec.com/nvd/cve-2026-19542                   │
7 Container Image Scan	Full vulnerability report	2026-10-07T14:20:58.9848283Z │                    ├─────────────────────┤          │              │                                   ├───────────────┼──────────────────────────────────────────────────────────────┤
7 Container Image Scan	Full vulnerability report	2026-10-07T14:20:58.9848763Z │                    │ CVE-2026-5435       │          │              │                                   │               │ glibc: glibc: Out-of-bounds write via TSIG record processing │
7 Container Image Scan	Full vulnerability report	2026-10-07T14:20:58.9849211Z │                    │                     │          │              │                                   │               │ https://avd.aquasec.com/nvd/cve-2026-5435                    │
7 Container Image Scan	Full vulnerability report	2026-10-07T14:20:58.9849677Z │                    ├─────────────────────┤          │              │                                   ├───────────────┼──────────────────────────────────────────────────────────────┤
7 Container Image Scan	Full vulnerability report	2026-10-07T14:20:58.9850134Z │                    │ CVE-2026-6238       │          │              │                                   │               │ glibc: glibc: Application crash or uninitialized memory read │
7 Container Image Scan	Full vulnerability report	2026-10-07T14:20:58.9850581Z │                    │                     │          │              │                                   │               │ via crafted DNS response...                                  │
7 Container Image Scan	Full vulnerability report	2026-10-07T14:20:58.9851101Z │                    │                     │          │              │                                   │               │ https://avd.aquasec.com/nvd/cve-2026-6238                    │
7 Container Image Scan	Full vulnerability report	2026-10-07T14:20:58.9851564Z │                    ├─────────────────────┤          │              │                                   ├───────────────┼──────────────────────────────────────────────────────────────┤
7 Container Image Scan	Full vulnerability report	2026-10-07T14:20:58.9852014Z │                    │ CVE-2026-6368       │          │              │                                   │               │ glibc: glibc: Process abort due to invalid memory in wordexp │
7 Container Image Scan	Full vulnerability report	2026-10-07T14:20:58.9852482Z │                    │                     │          │              │                                   │               │ https://avd.aquasec.com/nvd/cve-2026-6368                    │
7 Container Image Scan	Full vulnerability report	2026-10-07T14:20:58.9852952Z │                    ├─────────────────────┤          │              │                                   ├───────────────┼──────────────────────────────────────────────────────────────┤
7 Container Image Scan	Full vulnerability report	2026-10-07T14:20:58.9853405Z │                    │ CVE-2026-6791       │          │              │                                   │               │ glibc: Glibc: Denial of Service via stack exhaustion during  │
7 Container Image Scan	Full vulnerability report	2026-10-07T14:20:58.9853857Z │                    │                     │          │              │                                   │               │ tilde expansion                                              │
7 Container Image Scan	Full vulnerability report	2026-10-07T14:20:58.9854283Z │                    │                     │          │              │                                   │               │ https://avd.aquasec.com/nvd/cve-2026-6791                    │
7 Container Image Scan	Full vulnerability report	2026-10-07T14:20:58.9854828Z │                    ├─────────────────────┤          │              │                                   ├───────────────┼──────────────────────────────────────────────────────────────┤
7 Container Image Scan	Full vulnerability report	2026-10-07T14:20:58.9855283Z │                    │ CVE-2026-77117      │          │              │                                   │               │ glibc: Non-progress DoS in SHIFT_JISX0213 -&gt               │
7 Container Image Scan	Full vulnerability report	2026-10-07T14:20:58.9855743Z │                    │                     │          │              │                                   │               │ https://avd.aquasec.com/nvd/cve-2026-77117                   │
7 Container Image Scan	Full vulnerability report	2026-10-07T14:20:58.9856202Z │                    ├─────────────────────┤          │              │                                   ├───────────────┼──────────────────────────────────────────────────────────────┤
7 Container Image Scan	Full vulnerability report	2026-10-07T14:20:58.9856666Z │                    │ CVE-2026-80489      │          │              │                                   │               │ glibc: Non-progress DoS in EUC_JISX0213 -> UCS-4 conversion  │
7 Container Image Scan	Full vulnerability report	2026-10-07T14:20:58.9857095Z │                    │                     │          │              │                                   │               │ state                                                        │
7 Container Image Scan	Full vulnerability report	2026-10-07T14:20:58.9857607Z │                    │                     │          │              │                                   │               │ https://avd.aquasec.com/nvd/cve-2026-80489                   │
7 Container Image Scan	Full vulnerability report	2026-10-07T14:20:58.9858066Z │                    ├─────────────────────┤          │              │                                   ├───────────────┼──────────────────────────────────────────────────────────────┤
7 Container Image Scan	Full vulnerability report	2026-10-07T14:20:58.9858589Z │                    │ CVE-2026-8674       │          │              │                                   │               │ glibc: glibc DNS stub resolver: Denial of Service via long   │
7 Container Image Scan	Full vulnerability report	2026-10-07T14:20:58.9859035Z │                    │                     │          │              │                                   │               │ search domain...                                             │
7 Container Image Scan	Full vulnerability report	2026-10-07T14:20:58.9859459Z │                    │                     │          │              │                                   │               │ https://avd.aquasec.com/nvd/cve-2026-8674                    │
7 Container Image Scan	Full vulnerability report	2026-10-07T14:20:58.9859920Z │                    ├─────────────────────┤          │              │                                   ├───────────────┼──────────────────────────────────────────────────────────────┤
7 Container Image Scan	Full vulnerability report	2026-10-07T14:20:58.9860368Z │                    │ CVE-2026-86805      │          │              │                                   │               │ glibc: glibc: Privilege escalation and arbitrary code        │
7 Container Image Scan	Full vulnerability report	2026-10-07T14:20:58.9860818Z │                    │                     │          │              │                                   │               │ execution via TOCTOU race condition...                       │
7 Container Image Scan	Full vulnerability report	2026-10-07T14:20:58.9861338Z │                    │                     │          │              │                                   │               │ https://avd.aquasec.com/nvd/cve-2026-86805                   │
7 Container Image Scan	Full vulnerability report	2026-10-07T14:20:58.9861792Z │                    ├─────────────────────┤          │              │                                   ├───────────────┼──────────────────────────────────────────────────────────────┤
7 Container Image Scan	Full vulnerability report	2026-10-07T14:20:58.9862254Z │                    │ CVE-2026-89092      │          │              │                                   │               │ glibc: nscd stack overflow leads to degraded DNS resolution  │
7 Container Image Scan	Full vulnerability report	2026-10-07T14:20:58.9862826Z │                    │                     │          │              │                                   │               │ https://avd.aquasec.com/nvd/cve-2026-89092                   │
7 Container Image Scan	Full vulnerability report	2026-10-07T14:20:58.9863278Z │                    ├─────────────────────┤          │              │                                   ├───────────────┼──────────────────────────────────────────────────────────────┤
7 Container Image Scan	Full vulnerability report	2026-10-07T14:20:58.9863732Z │                    │ CVE-2026-95818      │          │              │                                   │               │ glibc: glibc: Local attacker can cause denial of service and │
7 Container Image Scan	Full vulnerability report	2026-10-07T14:20:58.9864175Z │                    │                     │          │              │                                   │               │ information disclosure...                                    │
7 Container Image Scan	Full vulnerability report	2026-10-07T14:20:58.9864707Z │                    │                     │          │              │                                   │               │ https://avd.aquasec.com/nvd/cve-2026-95818                   │
7 Container Image Scan	Full vulnerability report	2026-10-07T14:20:58.9865177Z │                    ├─────────────────────┼──────────┤              │                                   ├───────────────┼──────────────────────────────────────────────────────────────┤
7 Container Image Scan	Full vulnerability report	2026-10-07T14:20:58.9865635Z │                    │ CVE-2010-4756       │ LOW      │              │                                   │               │ glibc: glob implementation can cause excessive CPU and       │
7 Container Image Scan	Full vulnerability report	2026-10-07T14:20:58.9866104Z │                    │                     │          │              │                                   │               │ memory consumption due to...                                 │
7 Container Image Scan	Full vulnerability report	2026-10-07T14:20:58.9866543Z │                    │                     │          │              │                                   │               │ https://avd.aquasec.com/nvd/cve-2010-4756                    │
7 Container Image Scan	Full vulnerability report	2026-10-07T14:20:58.9866998Z │                    ├─────────────────────┤          │              │                                   ├───────────────┼──────────────────────────────────────────────────────────────┤
7 Container Image Scan	Full vulnerability report	2026-10-07T14:20:58.9867445Z │                    │ CVE-2018-20796      │          │              │                                   │               │ glibc: uncontrolled recursion in function                    │
7 Container Image Scan	Full vulnerability report	2026-10-07T14:20:58.9867964Z │                    │                     │          │              │                                   │               │ check_dst_limits_calc_pos_1 in posix/regexec.c               │
7 Container Image Scan	Full vulnerability report	2026-10-07T14:20:58.9868609Z │                    │                     │          │              │                                   │               │ https://avd.aquasec.com/nvd/cve-2018-20796                   │
7 Container Image Scan	Full vulnerability report	2026-10-07T14:20:58.9869076Z │                    ├─────────────────────┤          │              │                                   ├───────────────┼──────────────────────────────────────────────────────────────┤
7 Container Image Scan	Full vulnerability report	2026-10-07T14:20:58.9869533Z │                    │ CVE-2019-1010022    │          │              │                                   │               │ glibc: stack guard protection bypass                         │
7 Container Image Scan	Full vulnerability report	2026-10-07T14:20:58.9869984Z │                    │                     │          │              │                                   │               │ https://avd.aquasec.com/nvd/cve-2019-1010022                 │
7 Container Image Scan	Full vulnerability report	2026-10-07T14:20:58.9870451Z │                    ├─────────────────────┤          │              │                                   ├───────────────┼──────────────────────────────────────────────────────────────┤
7 Container Image Scan	Full vulnerability report	2026-10-07T14:20:58.9870906Z │                    │ CVE-2019-1010023    │          │              │                                   │               │ glibc: running ldd on malicious ELF leads to code execution  │
7 Container Image Scan	Full vulnerability report	2026-10-07T14:20:58.9871445Z │                    │                     │          │              │                                   │               │ because of...                                                │
7 Container Image Scan	Full vulnerability report	2026-10-07T14:20:58.9871870Z │                    │                     │          │              │                                   │               │ https://avd.aquasec.com/nvd/cve-2019-1010023                 │
7 Container Image Scan	Full vulnerability report	2026-10-07T14:20:58.9872327Z │                    ├─────────────────────┤          │              │                                   ├───────────────┼──────────────────────────────────────────────────────────────┤
7 Container Image Scan	Full vulnerability report	2026-10-07T14:20:58.9872789Z │                    │ CVE-2019-1010024    │          │              │                                   │               │ glibc: ASLR bypass using cache of thread stack and heap      │
7 Container Image Scan	Full vulnerability report	2026-10-07T14:20:58.9873248Z │                    │                     │          │              │                                   │               │ https://avd.aquasec.com/nvd/cve-2019-1010024                 │
7 Container Image Scan	Full vulnerability report	2026-10-07T14:20:58.9873712Z │                    ├─────────────────────┤          │              │                                   ├───────────────┼──────────────────────────────────────────────────────────────┤
7 Container Image Scan	Full vulnerability report	2026-10-07T14:20:58.9874162Z │                    │ CVE-2019-1010025    │          │              │                                   │               │ glibc: information disclosure of heap addresses of           │
7 Container Image Scan	Full vulnerability report	2026-10-07T14:20:58.9874618Z │                    │                     │          │              │                                   │               │ pthread_created thread                                       │
7 Container Image Scan	Full vulnerability report	2026-10-07T14:20:58.9875148Z │                    │                     │          │              │                                   │               │ https://avd.aquasec.com/nvd/cve-2019-1010025                 │
7 Container Image Scan	Full vulnerability report	2026-10-07T14:20:58.9875610Z │                    ├─────────────────────┤          │              │                                   ├───────────────┼──────────────────────────────────────────────────────────────┤
7 Container Image Scan	Full vulnerability report	2026-10-07T14:20:58.9876061Z │                    │ CVE-2019-9192       │          │              │                                   │               │ glibc: uncontrolled recursion in function                    │
7 Container Image Scan	Full vulnerability report	2026-10-07T14:20:58.9876508Z │                    │                     │          │              │                                   │               │ check_dst_limits_calc_pos_1 in posix/regexec.c               │
7 Container Image Scan	Full vulnerability report	2026-10-07T14:20:58.9876951Z │                    │                     │          │              │                                   │               │ https://avd.aquasec.com/nvd/cve-2019-9192                    │
7 Container Image Scan	Full vulnerability report	2026-10-07T14:20:58.9877408Z │                    ├─────────────────────┤          │              │                                   ├───────────────┼──────────────────────────────────────────────────────────────┤
7 Container Image Scan	Full vulnerability report	2026-10-07T14:20:58.9877925Z │                    │ CVE-2026-97399      │          │              │                                   │               │ glibc: glibc: Denial of Service via out-of-bounds read in    │
7 Container Image Scan	Full vulnerability report	2026-10-07T14:20:58.9878496Z │                    │                     │          │              │                                   │               │ strncasecmp                                                  │
7 Container Image Scan	Full vulnerability report	2026-10-07T14:20:58.9878915Z │                    │                     │          │              │                                   │               │ https://avd.aquasec.com/nvd/cve-2026-97399                   │
7 Container Image Scan	Full vulnerability report	2026-10-07T14:20:58.9879424Z ├────────────────────┼─────────────────────┼──────────┤              ├───────────────────────────────────┼───────────────┼──────────────────────────────────────────────────────────────┤
7 Container Image Scan	Full vulnerability report	2026-10-07T14:20:58.9879941Z │ libgcc-s1          │ CVE-2026-102010     │ MEDIUM   │              │ 14.2.0-19                         │               │ gcc-toolset-15-gcc: gcc: gcc-toolset-16: gcc: Denial of      │
7 Container Image Scan	Full vulnerability report	2026-10-07T14:20:58.9880433Z │                    │                     │          │              │                                   │               │ Service via use-after-free in binary heap...                 │
7 Container Image Scan	Full vulnerability report	2026-10-07T14:20:58.9880868Z │                    │                     │          │              │                                   │               │ https://avd.aquasec.com/nvd/cve-2026-102010                  │
7 Container Image Scan	Full vulnerability report	2026-10-07T14:20:58.9881324Z │                    ├─────────────────────┤          │              │                                   ├───────────────┼──────────────────────────────────────────────────────────────┤
7 Container Image Scan	Full vulnerability report	2026-10-07T14:20:58.9881880Z │                    │ CVE-2026-95619      │          │              │                                   │               │ gcc: libstdc++ integer overflow in `new` operator            │
7 Container Image Scan	Full vulnerability report	2026-10-07T14:20:58.9882337Z │                    │                     │          │              │                                   │               │ https://avd.aquasec.com/nvd/cve-2026-95619                   │
7 Container Image Scan	Full vulnerability report	2026-10-07T14:20:58.9882845Z ├────────────────────┼─────────────────────┼──────────┤              ├───────────────────────────────────┼───────────────┼──────────────────────────────────────────────────────────────┤
7 Container Image Scan	Full vulnerability report	2026-10-07T14:20:58.9883375Z │ liblastlog2-2      │ CVE-2026-76642      │ HIGH     │              │ 2.41.5-0+deb13u1                  │               │ util-linux: util-linux: failed external mount helper still   │
7 Container Image Scan	Full vulnerability report	2026-10-07T14:20:58.9883863Z │                    │                     │          │              │                                   │               │ runs privileged X-mount post-hooks                           │
7 Container Image Scan	Full vulnerability report	2026-10-07T14:20:58.9884311Z │                    │                     │          │              │                                   │               │ https://avd.aquasec.com/nvd/cve-2026-76642                   │
7 Container Image Scan	Full vulnerability report	2026-10-07T14:20:58.9884764Z │                    ├─────────────────────┤          │              │                                   ├───────────────┼──────────────────────────────────────────────────────────────┤
7 Container Image Scan	Full vulnerability report	2026-10-07T14:20:58.9885315Z │                    │ CVE-2026-78408      │          │              │                                   │               │ util-linux: util-linux: nsenter --join-cgroup leaks root     │
7 Container Image Scan	Full vulnerability report	2026-10-07T14:20:58.9885773Z │                    │                     │          │              │                                   │               │ cgroup migration authority                                   │
7 Container Image Scan	Full vulnerability report	2026-10-07T14:20:58.9886211Z │                    │                     │          │              │                                   │               │ https://avd.aquasec.com/nvd/cve-2026-78408                   │
7 Container Image Scan	Full vulnerability report	2026-10-07T14:20:58.9886680Z │                    ├─────────────────────┤          │              │                                   ├───────────────┼──────────────────────────────────────────────────────────────┤
7 Container Image Scan	Full vulnerability report	2026-10-07T14:20:58.9887143Z │                    │ CVE-2026-78409      │          │              │                                   │               │ util-linux: util-linux: X-mount.subdir detached-tree         │
7 Container Image Scan	Full vulnerability report	2026-10-07T14:20:58.9887600Z │                    │                     │          │              │                                   │               │ resolution can escape via intermediate symlinks              │
7 Container Image Scan	Full vulnerability report	2026-10-07T14:20:58.9888040Z │                    │                     │          │              │                                   │               │ https://avd.aquasec.com/nvd/cve-2026-78409                   │
7 Container Image Scan	Full vulnerability report	2026-10-07T14:20:58.9888777Z │                    ├─────────────────────┤          │              │                                   ├───────────────┼──────────────────────────────────────────────────────────────┤
7 Container Image Scan	Full vulnerability report	2026-10-07T14:20:58.9889223Z │                    │ CVE-2026-78410      │          │              │                                   │               │ util-linux: util-linux: restricted bind mounts do not pin    │
7 Container Image Scan	Full vulnerability report	2026-10-07T14:20:58.9889687Z │                    │                     │          │              │                                   │               │ the source, allowing X-mount.owner/group/mode...             │
7 Container Image Scan	Full vulnerability report	2026-10-07T14:20:58.9890124Z │                    │                     │          │              │                                   │               │ https://avd.aquasec.com/nvd/cve-2026-78410                   │
7 Container Image Scan	Full vulnerability report	2026-10-07T14:20:58.9890594Z │                    ├─────────────────────┼──────────┤              │                                   ├───────────────┼──────────────────────────────────────────────────────────────┤
7 Container Image Scan	Full vulnerability report	2026-10-07T14:20:58.9891066Z │                    │ CVE-2026-3184       │ MEDIUM   │              │                                   │               │ util-linux: util-linux: Access control bypass due to         │
7 Container Image Scan	Full vulnerability report	2026-10-07T14:20:58.9891585Z │                    │                     │          │              │                                   │               │ improper hostname canonicalization                           │
7 Container Image Scan	Full vulnerability report	2026-10-07T14:20:58.9892116Z │                    │                     │          │              │                                   │               │ https://avd.aquasec.com/nvd/cve-2026-3184                    │
7 Container Image Scan	Full vulnerability report	2026-10-07T14:20:58.9892583Z │                    ├─────────────────────┼──────────┤              │                                   ├───────────────┼──────────────────────────────────────────────────────────────┤
7 Container Image Scan	Full vulnerability report	2026-10-07T14:20:58.9893046Z │                    │ CVE-2022-0563       │ LOW      │              │                                   │               │ util-linux: partial disclosure of arbitrary files in chfn    │
7 Container Image Scan	Full vulnerability report	2026-10-07T14:20:58.9893512Z │                    │                     │          │              │                                   │               │ and chsh when compiled...                                    │
7 Container Image Scan	Full vulnerability report	2026-10-07T14:20:58.9893943Z │                    │                     │          │              │                                   │               │ https://avd.aquasec.com/nvd/cve-2022-0563                    │
7 Container Image Scan	Full vulnerability report	2026-10-07T14:20:58.9894462Z ├────────────────────┼─────────────────────┼──────────┤              ├───────────────────────────────────┼───────────────┼──────────────────────────────────────────────────────────────┤
7 Container Image Scan	Full vulnerability report	2026-10-07T14:20:58.9894997Z │ liblzma5           │ TEMP-1147318-639065 │ UNKNOWN  │              │ 5.8.1-1+deb13u1                   │               │ [GHSA-5qpq-xqfv-j9pg: Invalid write if a decoder is          │
7 Container Image Scan	Full vulnerability report	2026-10-07T14:20:58.9895580Z │                    │                     │          │              │                                   │               │ reinitialized after allocation failure]                      │
7 Container Image Scan	Full vulnerability report	2026-10-07T14:20:58.9896033Z │                    │                     │          │              │                                   │               │ https://security-tracker.debian.org/tracker/TEMP-1147318-63- │
7 Container Image Scan	Full vulnerability report	2026-10-07T14:20:58.9896464Z │                    │                     │          │              │                                   │               │ 9065                                                         │
7 Container Image Scan	Full vulnerability report	2026-10-07T14:20:58.9896952Z ├────────────────────┼─────────────────────┼──────────┤              ├───────────────────────────────────┼───────────────┼──────────────────────────────────────────────────────────────┤
7 Container Image Scan	Full vulnerability report	2026-10-07T14:20:58.9897464Z │ libmount1          │ CVE-2026-76642      │ HIGH     │              │ 2.41.5-0+deb13u1                  │               │ util-linux: util-linux: failed external mount helper still   │
7 Container Image Scan	Full vulnerability report	2026-10-07T14:20:58.9897962Z │                    │                     │          │              │                                   │               │ runs privileged X-mount post-hooks                           │
7 Container Image Scan	Full vulnerability report	2026-10-07T14:20:58.9898485Z │                    │                     │          │              │                                   │               │ https://avd.aquasec.com/nvd/cve-2026-76642                   │
7 Container Image Scan	Full vulnerability report	2026-10-07T14:20:58.9899032Z │                    ├─────────────────────┤          │              │                                   ├───────────────┼──────────────────────────────────────────────────────────────┤
7 Container Image Scan	Full vulnerability report	2026-10-07T14:20:58.9899486Z │                    │ CVE-2026-78408      │          │              │                                   │               │ util-linux: util-linux: nsenter --join-cgroup leaks root     │
7 Container Image Scan	Full vulnerability report	2026-10-07T14:20:58.9899939Z │                    │                     │          │              │                                   │               │ cgroup migration authority                                   │
7 Container Image Scan	Full vulnerability report	2026-10-07T14:20:58.9900382Z │                    │                     │          │              │                                   │               │ https://avd.aquasec.com/nvd/cve-2026-78408                   │
7 Container Image Scan	Full vulnerability report	2026-10-07T14:20:58.9900843Z │                    ├─────────────────────┤          │              │                                   ├───────────────┼──────────────────────────────────────────────────────────────┤
7 Container Image Scan	Full vulnerability report	2026-10-07T14:20:58.9901301Z │                    │ CVE-2026-78409      │          │              │                                   │               │ util-linux: util-linux: X-mount.subdir detached-tree         │
7 Container Image Scan	Full vulnerability report	2026-10-07T14:20:58.9901753Z │                    │                     │          │              │                                   │               │ resolution can escape via intermediate symlinks              │
7 Container Image Scan	Full vulnerability report	2026-10-07T14:20:58.9902194Z │                    │                     │          │              │                                   │               │ https://avd.aquasec.com/nvd/cve-2026-78409                   │
7 Container Image Scan	Full vulnerability report	2026-10-07T14:20:58.9902743Z │                    ├─────────────────────┤          │              │                                   ├───────────────┼──────────────────────────────────────────────────────────────┤
7 Container Image Scan	Full vulnerability report	2026-10-07T14:20:58.9903204Z │                    │ CVE-2026-78410      │          │              │                                   │               │ util-linux: util-linux: restricted bind mounts do not pin    │
7 Container Image Scan	Full vulnerability report	2026-10-07T14:20:58.9903666Z │                    │                     │          │              │                                   │               │ the source, allowing X-mount.owner/group/mode...             │
7 Container Image Scan	Full vulnerability report	2026-10-07T14:20:58.9904108Z │                    │                     │          │              │                                   │               │ https://avd.aquasec.com/nvd/cve-2026-78410                   │
7 Container Image Scan	Full vulnerability report	2026-10-07T14:20:58.9904587Z │                    ├─────────────────────┼──────────┤              │                                   ├───────────────┼──────────────────────────────────────────────────────────────┤
7 Container Image Scan	Full vulnerability report	2026-10-07T14:20:58.9905051Z │                    │ CVE-2026-3184       │ MEDIUM   │              │                                   │               │ util-linux: util-linux: Access control bypass due to         │
7 Container Image Scan	Full vulnerability report	2026-10-07T14:20:58.9905581Z │                    │                     │          │              │                                   │               │ improper hostname canonicalization                           │
7 Container Image Scan	Full vulnerability report	2026-10-07T14:20:58.9906018Z │                    │                     │          │              │                                   │               │ https://avd.aquasec.com/nvd/cve-2026-3184                    │
7 Container Image Scan	Full vulnerability report	2026-10-07T14:20:58.9906489Z │                    ├─────────────────────┼──────────┤              │                                   ├───────────────┼──────────────────────────────────────────────────────────────┤
7 Container Image Scan	Full vulnerability report	2026-10-07T14:20:58.9906959Z │                    │ CVE-2022-0563       │ LOW      │              │                                   │               │ util-linux: partial disclosure of arbitrary files in chfn    │
7 Container Image Scan	Full vulnerability report	2026-10-07T14:20:58.9907410Z │                    │                     │          │              │                                   │               │ and chsh when compiled...                                    │
7 Container Image Scan	Full vulnerability report	2026-10-07T14:20:58.9907851Z │                    │                     │          │              │                                   │               │ https://avd.aquasec.com/nvd/cve-2022-0563                    │
7 Container Image Scan	Full vulnerability report	2026-10-07T14:20:58.9908494Z ├────────────────────┼─────────────────────┼──────────┤              ├───────────────────────────────────┼───────────────┼──────────────────────────────────────────────────────────────┤
7 Container Image Scan	Full vulnerability report	2026-10-07T14:20:58.9909011Z │ libncursesw6       │ CVE-2025-69720      │ HIGH     │              │ 6.5+20250216-2                    │               │ ncurses: ncurses: Buffer overflow vulnerability may lead to  │
7 Container Image Scan	Full vulnerability report	2026-10-07T14:20:58.9909609Z │                    │                     │          │              │                                   │               │ arbitrary code execution.                                    │
7 Container Image Scan	Full vulnerability report	2026-10-07T14:20:58.9910045Z │                    │                     │          │              │                                   │               │ https://avd.aquasec.com/nvd/cve-2025-69720                   │
7 Container Image Scan	Full vulnerability report	2026-10-07T14:20:58.9910565Z │                    ├─────────────────────┼──────────┤              │                                   ├───────────────┼──────────────────────────────────────────────────────────────┤
7 Container Image Scan	Full vulnerability report	2026-10-07T14:20:58.9911301Z │                    │ CVE-2025-6141       │ LOW      │              │                                   │               │ gnu-ncurses: ncurses Stack Buffer Overflow                   │
7 Container Image Scan	Full vulnerability report	2026-10-07T14:20:58.9911882Z │                    │                     │          │              │                                   │               │ https://avd.aquasec.com/nvd/cve-2025-6141                    │
7 Container Image Scan	Full vulnerability report	2026-10-07T14:20:58.9912386Z ├────────────────────┼─────────────────────┼──────────┤              ├───────────────────────────────────┼───────────────┼──────────────────────────────────────────────────────────────┤
7 Container Image Scan	Full vulnerability report	2026-10-07T14:20:58.9912912Z │ libpam-modules     │ CVE-2026-54411      │ MEDIUM   │              │ 1.7.0-5                           │               │ linux-pam: Plaintext password recovery via timing            │
7 Container Image Scan	Full vulnerability report	2026-10-07T14:20:58.9913535Z │                    │                     │          │              │                                   │               │ discrepancy in pam_userdb module                             │
7 Container Image Scan	Full vulnerability report	2026-10-07T14:20:58.9913968Z │                    │                     │          │              │                                   │               │ https://avd.aquasec.com/nvd/cve-2026-54411                   │
7 Container Image Scan	Full vulnerability report	2026-10-07T14:20:58.9914408Z ├────────────────────┤                     │          │              │                                   ├───────────────┤                                                              │
7 Container Image Scan	Full vulnerability report	2026-10-07T14:20:58.9914919Z │ libpam-modules-bin │                     │          │              │                                   │               │                                                              │
7 Container Image Scan	Full vulnerability report	2026-10-07T14:20:58.9915335Z │                    │                     │          │              │                                   │               │                                                              │
7 Container Image Scan	Full vulnerability report	2026-10-07T14:20:58.9915718Z │                    │                     │          │              │                                   │               │                                                              │
7 Container Image Scan	Full vulnerability report	2026-10-07T14:20:58.9916125Z ├────────────────────┤                     │          │              │                                   ├───────────────┤                                                              │
7 Container Image Scan	Full vulnerability report	2026-10-07T14:20:58.9916552Z │ libpam-runtime     │                     │          │              │                                   │               │                                                              │
7 Container Image Scan	Full vulnerability report	2026-10-07T14:20:58.9916956Z │                    │                     │          │              │                                   │               │                                                              │
7 Container Image Scan	Full vulnerability report	2026-10-07T14:20:58.9917346Z │                    │                     │          │              │                                   │               │                                                              │
7 Container Image Scan	Full vulnerability report	2026-10-07T14:20:58.9917752Z ├────────────────────┤                     │          │              │                                   ├───────────────┤                                                              │
7 Container Image Scan	Full vulnerability report	2026-10-07T14:20:58.9918254Z │ libpam0g           │                     │          │              │                                   │               │                                                              │
7 Container Image Scan	Full vulnerability report	2026-10-07T14:20:58.9918656Z │                    │                     │          │              │                                   │               │                                                              │
7 Container Image Scan	Full vulnerability report	2026-10-07T14:20:58.9919040Z │                    │                     │          │              │                                   │               │                                                              │
7 Container Image Scan	Full vulnerability report	2026-10-07T14:20:58.9919606Z ├────────────────────┼─────────────────────┼──────────┤              ├───────────────────────────────────┼───────────────┼──────────────────────────────────────────────────────────────┤
7 Container Image Scan	Full vulnerability report	2026-10-07T14:20:58.9920124Z │ libsmartcols1      │ CVE-2026-76642      │ HIGH     │              │ 2.41.5-0+deb13u1                  │               │ util-linux: util-linux: failed external mount helper still   │
7 Container Image Scan	Full vulnerability report	2026-10-07T14:20:58.9920624Z │                    │                     │          │              │                                   │               │ runs privileged X-mount post-hooks                           │
7 Container Image Scan	Full vulnerability report	2026-10-07T14:20:58.9921067Z │                    │                     │          │              │                                   │               │ https://avd.aquasec.com/nvd/cve-2026-76642                   │
7 Container Image Scan	Full vulnerability report	2026-10-07T14:20:58.9921526Z │                    ├─────────────────────┤          │              │                                   ├───────────────┼──────────────────────────────────────────────────────────────┤
7 Container Image Scan	Full vulnerability report	2026-10-07T14:20:58.9921987Z │                    │ CVE-2026-78408      │          │              │                                   │               │ util-linux: util-linux: nsenter --join-cgroup leaks root     │
7 Container Image Scan	Full vulnerability report	2026-10-07T14:20:58.9922437Z │                    │                     │          │              │                                   │               │ cgroup migration authority                                   │
7 Container Image Scan	Full vulnerability report	2026-10-07T14:20:58.9922867Z │                    │                     │          │              │                                   │               │ https://avd.aquasec.com/nvd/cve-2026-78408                   │
7 Container Image Scan	Full vulnerability report	2026-10-07T14:20:58.9923443Z │                    ├─────────────────────┤          │              │                                   ├───────────────┼──────────────────────────────────────────────────────────────┤
7 Container Image Scan	Full vulnerability report	2026-10-07T14:20:58.9923922Z │                    │ CVE-2026-78409      │          │              │                                   │               │ util-linux: util-linux: X-mount.subdir detached-tree         │
7 Container Image Scan	Full vulnerability report	2026-10-07T14:20:58.9924373Z │                    │                     │          │              │                                   │               │ resolution can escape via intermediate symlinks              │
7 Container Image Scan	Full vulnerability report	2026-10-07T14:20:58.9924806Z │                    │                     │          │              │                                   │               │ https://avd.aquasec.com/nvd/cve-2026-78409                   │
7 Container Image Scan	Full vulnerability report	2026-10-07T14:20:58.9925272Z │                    ├─────────────────────┤          │              │                                   ├───────────────┼──────────────────────────────────────────────────────────────┤
7 Container Image Scan	Full vulnerability report	2026-10-07T14:20:58.9925719Z │                    │ CVE-2026-78410      │          │              │                                   │               │ util-linux: util-linux: restricted bind mounts do not pin    │
7 Container Image Scan	Full vulnerability report	2026-10-07T14:20:58.9926244Z │                    │                     │          │              │                                   │               │ the source, allowing X-mount.owner/group/mode...             │
7 Container Image Scan	Full vulnerability report	2026-10-07T14:20:58.9926679Z │                    │                     │          │              │                                   │               │ https://avd.aquasec.com/nvd/cve-2026-78410                   │
7 Container Image Scan	Full vulnerability report	2026-10-07T14:20:58.9927144Z │                    ├─────────────────────┼──────────┤              │                                   ├───────────────┼──────────────────────────────────────────────────────────────┤
7 Container Image Scan	Full vulnerability report	2026-10-07T14:20:58.9927617Z │                    │ CVE-2026-3184       │ MEDIUM   │              │                                   │               │ util-linux: util-linux: Access control bypass due to         │
7 Container Image Scan	Full vulnerability report	2026-10-07T14:20:58.9928086Z │                    │                     │          │              │                                   │               │ improper hostname canonicalization                           │
7 Container Image Scan	Full vulnerability report	2026-10-07T14:20:58.9928674Z │                    │                     │          │              │                                   │               │ https://avd.aquasec.com/nvd/cve-2026-3184                    │
7 Container Image Scan	Full vulnerability report	2026-10-07T14:20:58.9929139Z │                    ├─────────────────────┼──────────┤              │                                   ├───────────────┼──────────────────────────────────────────────────────────────┤
7 Container Image Scan	Full vulnerability report	2026-10-07T14:20:58.9929599Z │                    │ CVE-2022-0563       │ LOW      │              │                                   │               │ util-linux: partial disclosure of arbitrary files in chfn    │
7 Container Image Scan	Full vulnerability report	2026-10-07T14:20:58.9930142Z │                    │                     │          │              │                                   │               │ and chsh when compiled...                                    │
7 Container Image Scan	Full vulnerability report	2026-10-07T14:20:58.9930578Z │                    │                     │          │              │                                   │               │ https://avd.aquasec.com/nvd/cve-2022-0563                    │
7 Container Image Scan	Full vulnerability report	2026-10-07T14:20:58.9931081Z ├────────────────────┼─────────────────────┼──────────┤              ├───────────────────────────────────┼───────────────┼──────────────────────────────────────────────────────────────┤
7 Container Image Scan	Full vulnerability report	2026-10-07T14:20:58.9931610Z │ libsqlite3-0       │ CVE-2026-50812      │ MEDIUM   │              │ 3.46.1-7+deb13u2                  │               │ sqlite: SQLite: Denial of Service via malformed changeset in │
7 Container Image Scan	Full vulnerability report	2026-10-07T14:20:58.9932098Z │                    │                     │          │              │                                   │               │ Session Extension                                            │
7 Container Image Scan	Full vulnerability report	2026-10-07T14:20:58.9932535Z │                    │                     │          │              │                                   │               │ https://avd.aquasec.com/nvd/cve-2026-50812                   │
7 Container Image Scan	Full vulnerability report	2026-10-07T14:20:58.9932992Z │                    ├─────────────────────┤          │              │                                   ├───────────────┼──────────────────────────────────────────────────────────────┤
7 Container Image Scan	Full vulnerability report	2026-10-07T14:20:58.9933530Z │                    │ CVE-2026-50813      │          │              │                                   │               │ sqlite: SQLite: Information disclosure via Session Extension │
7 Container Image Scan	Full vulnerability report	2026-10-07T14:20:58.9933983Z │                    │                     │          │              │                                   │               │ changeset merge path                                         │
7 Container Image Scan	Full vulnerability report	2026-10-07T14:20:58.9934430Z │                    │                     │          │              │                                   │               │ https://avd.aquasec.com/nvd/cve-2026-50813                   │
7 Container Image Scan	Full vulnerability report	2026-10-07T14:20:58.9934891Z │                    ├─────────────────────┼──────────┤              │                                   ├───────────────┼──────────────────────────────────────────────────────────────┤
7 Container Image Scan	Full vulnerability report	2026-10-07T14:20:58.9935364Z │                    │ CVE-2021-45346      │ LOW      │              │                                   │               │ sqlite: crafted SQL query allows a malicious user to obtain  │
7 Container Image Scan	Full vulnerability report	2026-10-07T14:20:58.9935835Z │                    │                     │          │              │                                   │               │ sensitive information...                                     │
7 Container Image Scan	Full vulnerability report	2026-10-07T14:20:58.9936264Z │                    │                     │          │              │                                   │               │ https://avd.aquasec.com/nvd/cve-2021-45346                   │
7 Container Image Scan	Full vulnerability report	2026-10-07T14:20:58.9936799Z │                    ├─────────────────────┤          │              │                                   ├───────────────┼──────────────────────────────────────────────────────────────┤
7 Container Image Scan	Full vulnerability report	2026-10-07T14:20:58.9937253Z │                    │ CVE-2025-70873      │          │              │                                   │               │ sqlite: SQLite: Information Disclosure via Crafted ZIP File  │
7 Container Image Scan	Full vulnerability report	2026-10-07T14:20:58.9937720Z │                    │                     │          │              │                                   │               │ https://avd.aquasec.com/nvd/cve-2025-70873                   │
7 Container Image Scan	Full vulnerability report	2026-10-07T14:20:58.9938358Z ├────────────────────┼─────────────────────┼──────────┤              ├───────────────────────────────────┼───────────────┼──────────────────────────────────────────────────────────────┤
7 Container Image Scan	Full vulnerability report	2026-10-07T14:20:58.9938872Z │ libstdc++6         │ CVE-2026-102010     │ MEDIUM   │              │ 14.2.0-19                         │               │ gcc-toolset-15-gcc: gcc: gcc-toolset-16: gcc: Denial of      │
7 Container Image Scan	Full vulnerability report	2026-10-07T14:20:58.9939366Z │                    │                     │          │              │                                   │               │ Service via use-after-free in binary heap...                 │
7 Container Image Scan	Full vulnerability report	2026-10-07T14:20:58.9939793Z │                    │                     │          │              │                                   │               │ https://avd.aquasec.com/nvd/cve-2026-102010                  │
7 Container Image Scan	Full vulnerability report	2026-10-07T14:20:58.9940349Z │                    ├─────────────────────┤          │              │                                   ├───────────────┼──────────────────────────────────────────────────────────────┤
7 Container Image Scan	Full vulnerability report	2026-10-07T14:20:58.9940800Z │                    │ CVE-2026-95619      │          │              │                                   │               │ gcc: libstdc++ integer overflow in `new` operator            │
7 Container Image Scan	Full vulnerability report	2026-10-07T14:20:58.9941249Z │                    │                     │          │              │                                   │               │ https://avd.aquasec.com/nvd/cve-2026-95619                   │
7 Container Image Scan	Full vulnerability report	2026-10-07T14:20:58.9941772Z ├────────────────────┼─────────────────────┼──────────┤              ├───────────────────────────────────┼───────────────┼──────────────────────────────────────────────────────────────┤
7 Container Image Scan	Full vulnerability report	2026-10-07T14:20:58.9942290Z │ libsystemd0        │ CVE-2026-16742      │ HIGH     │              │ 257.13-1~deb13u1                  │               │ systemd: systemd-homed: Local privilege escalation via       │
7 Container Image Scan	Full vulnerability report	2026-10-07T14:20:58.9942793Z │                    │                     │          │              │                                   │               │ missing home-record signature verification                   │
7 Container Image Scan	Full vulnerability report	2026-10-07T14:20:58.9943227Z │                    │                     │          │              │                                   │               │ https://avd.aquasec.com/nvd/cve-2026-16742                   │
7 Container Image Scan	Full vulnerability report	2026-10-07T14:20:58.9943776Z │                    ├─────────────────────┼──────────┤              │                                   ├───────────────┼──────────────────────────────────────────────────────────────┤
7 Container Image Scan	Full vulnerability report	2026-10-07T14:20:58.9944241Z │                    │ CVE-2026-15059      │ MEDIUM   │              │                                   │               │ systemd: systemd-oomd: Unprivileged users can terminate      │
7 Container Image Scan	Full vulnerability report	2026-10-07T14:20:58.9944725Z │                    │                     │          │              │                                   │               │ arbitrary processes via IPC API                              │
7 Container Image Scan	Full vulnerability report	2026-10-07T14:20:58.9945161Z │                    │                     │          │              │                                   │               │ https://avd.aquasec.com/nvd/cve-2026-15059                   │
7 Container Image Scan	Full vulnerability report	2026-10-07T14:20:58.9945626Z │                    ├─────────────────────┼──────────┤              │                                   ├───────────────┼──────────────────────────────────────────────────────────────┤
7 Container Image Scan	Full vulnerability report	2026-10-07T14:20:58.9946088Z │                    │ CVE-2013-4392       │ LOW      │              │                                   │               │ systemd: TOCTOU race condition when updating file            │
7 Container Image Scan	Full vulnerability report	2026-10-07T14:20:58.9946544Z │                    │                     │          │              │                                   │               │ permissions and SELinux security contexts...                 │
7 Container Image Scan	Full vulnerability report	2026-10-07T14:20:58.9947049Z │                    │                     │          │              │                                   │               │ https://avd.aquasec.com/nvd/cve-2013-4392                    │
7 Container Image Scan	Full vulnerability report	2026-10-07T14:20:58.9947512Z │                    ├─────────────────────┤          │              │                                   ├───────────────┼──────────────────────────────────────────────────────────────┤
7 Container Image Scan	Full vulnerability report	2026-10-07T14:20:58.9947963Z │                    │ CVE-2023-31437      │          │              │                                   │               │ An issue was discovered in systemd 253. An attacker can      │
7 Container Image Scan	Full vulnerability report	2026-10-07T14:20:58.9948534Z │                    │                     │          │              │                                   │               │ modify a...                                                  │
7 Container Image Scan	Full vulnerability report	2026-10-07T14:20:58.9948951Z │                    │                     │          │              │                                   │               │ https://avd.aquasec.com/nvd/cve-2023-31437                   │
7 Container Image Scan	Full vulnerability report	2026-10-07T14:20:58.9949412Z │                    ├─────────────────────┤          │              │                                   ├───────────────┼──────────────────────────────────────────────────────────────┤
7 Container Image Scan	Full vulnerability report	2026-10-07T14:20:58.9949857Z │                    │ CVE-2023-31438      │          │              │                                   │               │ An issue was discovered in systemd 253. An attacker can      │
7 Container Image Scan	Full vulnerability report	2026-10-07T14:20:58.9950299Z │                    │                     │          │              │                                   │               │ truncate a...                                                │
7 Container Image Scan	Full vulnerability report	2026-10-07T14:20:58.9950730Z │                    │                     │          │              │                                   │               │ https://avd.aquasec.com/nvd/cve-2023-31438                   │
7 Container Image Scan	Full vulnerability report	2026-10-07T14:20:58.9951188Z │                    ├─────────────────────┤          │              │                                   ├───────────────┼──────────────────────────────────────────────────────────────┤
7 Container Image Scan	Full vulnerability report	2026-10-07T14:20:58.9951642Z │                    │ CVE-2023-31439      │          │              │                                   │               │ An issue was discovered in systemd 253. An attacker can      │
7 Container Image Scan	Full vulnerability report	2026-10-07T14:20:58.9952069Z │                    │                     │          │              │                                   │               │ modify the...                                                │
7 Container Image Scan	Full vulnerability report	2026-10-07T14:20:58.9952493Z │                    │                     │          │              │                                   │               │ https://avd.aquasec.com/nvd/cve-2023-31439                   │
7 Container Image Scan	Full vulnerability report	2026-10-07T14:20:58.9952953Z │                    ├─────────────────────┤          │              │                                   ├───────────────┼──────────────────────────────────────────────────────────────┤
7 Container Image Scan	Full vulnerability report	2026-10-07T14:20:58.9953500Z │                    │ CVE-2026-40228      │          │              │                                   │               │ systemd: systemd-journald: Unintended output to user         │
7 Container Image Scan	Full vulnerability report	2026-10-07T14:20:58.9953949Z │                    │                     │          │              │                                   │               │ terminals via logger command                                 │
7 Container Image Scan	Full vulnerability report	2026-10-07T14:20:58.9954376Z │                    │                     │          │              │                                   │               │ https://avd.aquasec.com/nvd/cve-2026-40228                   │
7 Container Image Scan	Full vulnerability report	2026-10-07T14:20:58.9955091Z ├────────────────────┼─────────────────────┼──────────┤              ├───────────────────────────────────┼───────────────┼──────────────────────────────────────────────────────────────┤
7 Container Image Scan	Full vulnerability report	2026-10-07T14:20:58.9971763Z │ libtinfo6          │ CVE-2025-69720      │ HIGH     │              │ 6.5+20250216-2                    │               │ ncurses: ncurses: Buffer overflow vulnerability may lead to  │
7 Container Image Scan	Full vulnerability report	2026-10-07T14:20:58.9972287Z │                    │                     │          │              │                                   │               │ arbitrary code execution.                                    │
7 Container Image Scan	Full vulnerability report	2026-10-07T14:20:58.9972731Z │                    │                     │          │              │                                   │               │ https://avd.aquasec.com/nvd/cve-2025-69720                   │
7 Container Image Scan	Full vulnerability report	2026-10-07T14:20:58.9973211Z │                    ├─────────────────────┼──────────┤              │                                   ├───────────────┼──────────────────────────────────────────────────────────────┤
7 Container Image Scan	Full vulnerability report	2026-10-07T14:20:58.9973820Z │                    │ CVE-2025-6141       │ LOW      │              │                                   │               │ gnu-ncurses: ncurses Stack Buffer Overflow                   │
7 Container Image Scan	Full vulnerability report	2026-10-07T14:20:58.9974276Z │                    │                     │          │              │                                   │               │ https://avd.aquasec.com/nvd/cve-2025-6141                    │
7 Container Image Scan	Full vulnerability report	2026-10-07T14:20:58.9974781Z ├────────────────────┼─────────────────────┼──────────┤              ├───────────────────────────────────┼───────────────┼──────────────────────────────────────────────────────────────┤
7 Container Image Scan	Full vulnerability report	2026-10-07T14:20:58.9975309Z │ libudev1           │ CVE-2026-16742      │ HIGH     │              │ 257.13-1~deb13u1                  │               │ systemd: systemd-homed: Local privilege escalation via       │
7 Container Image Scan	Full vulnerability report	2026-10-07T14:20:58.9975796Z │                    │                     │          │              │                                   │               │ missing home-record signature verification                   │
7 Container Image Scan	Full vulnerability report	2026-10-07T14:20:58.9976243Z │                    │                     │          │              │                                   │               │ https://avd.aquasec.com/nvd/cve-2026-16742                   │
7 Container Image Scan	Full vulnerability report	2026-10-07T14:20:58.9976703Z │                    ├─────────────────────┼──────────┤              │                                   ├───────────────┼──────────────────────────────────────────────────────────────┤
7 Container Image Scan	Full vulnerability report	2026-10-07T14:20:58.9977297Z │                    │ CVE-2026-15059      │ MEDIUM   │              │                                   │               │ systemd: systemd-oomd: Unprivileged users can terminate      │
7 Container Image Scan	Full vulnerability report	2026-10-07T14:20:58.9977793Z │                    │                     │          │              │                                   │               │ arbitrary processes via IPC API                              │
7 Container Image Scan	Full vulnerability report	2026-10-07T14:20:58.9978315Z │                    │                     │          │              │                                   │               │ https://avd.aquasec.com/nvd/cve-2026-15059                   │
7 Container Image Scan	Full vulnerability report	2026-10-07T14:20:58.9978885Z │                    ├─────────────────────┼──────────┤              │                                   ├───────────────┼──────────────────────────────────────────────────────────────┤
7 Container Image Scan	Full vulnerability report	2026-10-07T14:20:58.9979354Z │                    │ CVE-2013-4392       │ LOW      │              │                                   │               │ systemd: TOCTOU race condition when updating file            │
7 Container Image Scan	Full vulnerability report	2026-10-07T14:20:58.9979816Z │                    │                     │          │              │                                   │               │ permissions and SELinux security contexts...                 │
7 Container Image Scan	Full vulnerability report	2026-10-07T14:20:58.9980262Z │                    │                     │          │              │                                   │               │ https://avd.aquasec.com/nvd/cve-2013-4392                    │
7 Container Image Scan	Full vulnerability report	2026-10-07T14:20:58.9980725Z │                    ├─────────────────────┤          │              │                                   ├───────────────┼──────────────────────────────────────────────────────────────┤
7 Container Image Scan	Full vulnerability report	2026-10-07T14:20:58.9981188Z │                    │ CVE-2023-31437      │          │              │                                   │               │ An issue was discovered in systemd 253. An attacker can      │
7 Container Image Scan	Full vulnerability report	2026-10-07T14:20:58.9981635Z │                    │                     │          │              │                                   │               │ modify a...                                                  │
7 Container Image Scan	Full vulnerability report	2026-10-07T14:20:58.9982060Z │                    │                     │          │              │                                   │               │ https://avd.aquasec.com/nvd/cve-2023-31437                   │
7 Container Image Scan	Full vulnerability report	2026-10-07T14:20:58.9982514Z │                    ├─────────────────────┤          │              │                                   ├───────────────┼──────────────────────────────────────────────────────────────┤
7 Container Image Scan	Full vulnerability report	2026-10-07T14:20:58.9982971Z │                    │ CVE-2023-31438      │          │              │                                   │               │ An issue was discovered in systemd 253. An attacker can      │
7 Container Image Scan	Full vulnerability report	2026-10-07T14:20:58.9983407Z │                    │                     │          │              │                                   │               │ truncate a...                                                │
7 Container Image Scan	Full vulnerability report	2026-10-07T14:20:58.9983929Z │                    │                     │          │              │                                   │               │ https://avd.aquasec.com/nvd/cve-2023-31438                   │
7 Container Image Scan	Full vulnerability report	2026-10-07T14:20:58.9984384Z │                    ├─────────────────────┤          │              │                                   ├───────────────┼──────────────────────────────────────────────────────────────┤
7 Container Image Scan	Full vulnerability report	2026-10-07T14:20:58.9984836Z │                    │ CVE-2023-31439      │          │              │                                   │               │ An issue was discovered in systemd 253. An attacker can      │
7 Container Image Scan	Full vulnerability report	2026-10-07T14:20:58.9985335Z │                    │                     │          │              │                                   │               │ modify the...                                                │
7 Container Image Scan	Full vulnerability report	2026-10-07T14:20:58.9985752Z │                    │                     │          │              │                                   │               │ https://avd.aquasec.com/nvd/cve-2023-31439                   │
7 Container Image Scan	Full vulnerability report	2026-10-07T14:20:58.9986213Z │                    ├─────────────────────┤          │              │                                   ├───────────────┼──────────────────────────────────────────────────────────────┤
7 Container Image Scan	Full vulnerability report	2026-10-07T14:20:58.9986675Z │                    │ CVE-2026-40228      │          │              │                                   │               │ systemd: systemd-journald: Unintended output to user         │
7 Container Image Scan	Full vulnerability report	2026-10-07T14:20:58.9987137Z │                    │                     │          │              │                                   │               │ terminals via logger command                                 │
7 Container Image Scan	Full vulnerability report	2026-10-07T14:20:58.9987576Z │                    │                     │          │              │                                   │               │ https://avd.aquasec.com/nvd/cve-2026-40228                   │
7 Container Image Scan	Full vulnerability report	2026-10-07T14:20:58.9988089Z ├────────────────────┼─────────────────────┼──────────┤              ├───────────────────────────────────┼───────────────┼──────────────────────────────────────────────────────────────┤
7 Container Image Scan	Full vulnerability report	2026-10-07T14:20:58.9988685Z │ libuuid1           │ CVE-2026-76642      │ HIGH     │              │ 2.41.5-0+deb13u1                  │               │ util-linux: util-linux: failed external mount helper still   │
7 Container Image Scan	Full vulnerability report	2026-10-07T14:20:58.9989186Z │                    │                     │          │              │                                   │               │ runs privileged X-mount post-hooks                           │
7 Container Image Scan	Full vulnerability report	2026-10-07T14:20:58.9989631Z │                    │                     │          │              │                                   │               │ https://avd.aquasec.com/nvd/cve-2026-76642                   │
7 Container Image Scan	Full vulnerability report	2026-10-07T14:20:58.9990105Z │                    ├─────────────────────┤          │              │                                   ├───────────────┼──────────────────────────────────────────────────────────────┤
7 Container Image Scan	Full vulnerability report	2026-10-07T14:20:58.9990652Z │                    │ CVE-2026-78408      │          │              │                                   │               │ util-linux: util-linux: nsenter --join-cgroup leaks root     │
7 Container Image Scan	Full vulnerability report	2026-10-07T14:20:58.9991117Z │                    │                     │          │              │                                   │               │ cgroup migration authority                                   │
7 Container Image Scan	Full vulnerability report	2026-10-07T14:20:58.9991548Z │                    │                     │          │              │                                   │               │ https://avd.aquasec.com/nvd/cve-2026-78408                   │
7 Container Image Scan	Full vulnerability report	2026-10-07T14:20:58.9992101Z │                    ├─────────────────────┤          │              │                                   ├───────────────┼──────────────────────────────────────────────────────────────┤
7 Container Image Scan	Full vulnerability report	2026-10-07T14:20:58.9992557Z │                    │ CVE-2026-78409      │          │              │                                   │               │ util-linux: util-linux: X-mount.subdir detached-tree         │
7 Container Image Scan	Full vulnerability report	2026-10-07T14:20:58.9993034Z │                    │                     │          │              │                                   │               │ resolution can escape via intermediate symlinks              │
7 Container Image Scan	Full vulnerability report	2026-10-07T14:20:58.9993468Z │                    │                     │          │              │                                   │               │ https://avd.aquasec.com/nvd/cve-2026-78409                   │
7 Container Image Scan	Full vulnerability report	2026-10-07T14:20:58.9993932Z │                    ├─────────────────────┤          │              │                                   ├───────────────┼──────────────────────────────────────────────────────────────┤
7 Container Image Scan	Full vulnerability report	2026-10-07T14:20:58.9994392Z │                    │ CVE-2026-78410      │          │              │                                   │               │ util-linux: util-linux: restricted bind mounts do not pin    │
7 Container Image Scan	Full vulnerability report	2026-10-07T14:20:58.9994844Z │                    │                     │          │              │                                   │               │ the source, allowing X-mount.owner/group/mode...             │
7 Container Image Scan	Full vulnerability report	2026-10-07T14:20:58.9995299Z │                    │                     │          │              │                                   │               │ https://avd.aquasec.com/nvd/cve-2026-78410                   │
7 Container Image Scan	Full vulnerability report	2026-10-07T14:20:58.9995764Z │                    ├─────────────────────┼──────────┤              │                                   ├───────────────┼──────────────────────────────────────────────────────────────┤
7 Container Image Scan	Full vulnerability report	2026-10-07T14:20:58.9996233Z │                    │ CVE-2026-3184       │ MEDIUM   │              │                                   │               │ util-linux: util-linux: Access control bypass due to         │
7 Container Image Scan	Full vulnerability report	2026-10-07T14:20:58.9996711Z │                    │                     │          │              │                                   │               │ improper hostname canonicalization                           │
7 Container Image Scan	Full vulnerability report	2026-10-07T14:20:58.9997146Z │                    │                     │          │              │                                   │               │ https://avd.aquasec.com/nvd/cve-2026-3184                    │
7 Container Image Scan	Full vulnerability report	2026-10-07T14:20:58.9997681Z │                    ├─────────────────────┼──────────┤              │                                   ├───────────────┼──────────────────────────────────────────────────────────────┤
7 Container Image Scan	Full vulnerability report	2026-10-07T14:20:58.9998220Z │                    │ CVE-2022-0563       │ LOW      │              │                                   │               │ util-linux: partial disclosure of arbitrary files in chfn    │
7 Container Image Scan	Full vulnerability report	2026-10-07T14:20:58.9998765Z │                    │                     │          │              │                                   │               │ and chsh when compiled...                                    │
7 Container Image Scan	Full vulnerability report	2026-10-07T14:20:58.9999191Z │                    │                     │          │              │                                   │               │ https://avd.aquasec.com/nvd/cve-2022-0563                    │
7 Container Image Scan	Full vulnerability report	2026-10-07T14:20:58.9999703Z ├────────────────────┼─────────────────────┼──────────┤              ├───────────────────────────────────┼───────────────┼──────────────────────────────────────────────────────────────┤
7 Container Image Scan	Full vulnerability report	2026-10-07T14:20:59.0000230Z │ login              │ CVE-2026-76642      │ HIGH     │              │ 1:4.16.0-2+really2.41.5-0+deb13u1 │               │ util-linux: util-linux: failed external mount helper still   │
7 Container Image Scan	Full vulnerability report	2026-10-07T14:20:59.0000730Z │                    │                     │          │              │                                   │               │ runs privileged X-mount post-hooks                           │
7 Container Image Scan	Full vulnerability report	2026-10-07T14:20:59.0001184Z │                    │                     │          │              │                                   │               │ https://avd.aquasec.com/nvd/cve-2026-76642                   │
7 Container Image Scan	Full vulnerability report	2026-10-07T14:20:59.0001639Z │                    ├─────────────────────┤          │              │                                   ├───────────────┼──────────────────────────────────────────────────────────────┤
7 Container Image Scan	Full vulnerability report	2026-10-07T14:20:59.0002097Z │                    │ CVE-2026-78408      │          │              │                                   │               │ util-linux: util-linux: nsenter --join-cgroup leaks root     │
7 Container Image Scan	Full vulnerability report	2026-10-07T14:20:59.0002547Z │                    │                     │          │              │                                   │               │ cgroup migration authority                                   │
7 Container Image Scan	Full vulnerability report	2026-10-07T14:20:59.0002987Z │                    │                     │          │              │                                   │               │ https://avd.aquasec.com/nvd/cve-2026-78408                   │
7 Container Image Scan	Full vulnerability report	2026-10-07T14:20:59.0003449Z │                    ├─────────────────────┤          │              │                                   ├───────────────┼──────────────────────────────────────────────────────────────┤
7 Container Image Scan	Full vulnerability report	2026-10-07T14:20:59.0003900Z │                    │ CVE-2026-78409      │          │              │                                   │               │ util-linux: util-linux: X-mount.subdir detached-tree         │
7 Container Image Scan	Full vulnerability report	2026-10-07T14:20:59.0004444Z │                    │                     │          │              │                                   │               │ resolution can escape via intermediate symlinks              │
7 Container Image Scan	Full vulnerability report	2026-10-07T14:20:59.0004881Z │                    │                     │          │              │                                   │               │ https://avd.aquasec.com/nvd/cve-2026-78409                   │
7 Container Image Scan	Full vulnerability report	2026-10-07T14:20:59.0005343Z │                    ├─────────────────────┤          │              │                                   ├───────────────┼──────────────────────────────────────────────────────────────┤
7 Container Image Scan	Full vulnerability report	2026-10-07T14:20:59.0005804Z │                    │ CVE-2026-78410      │          │              │                                   │               │ util-linux: util-linux: restricted bind mounts do not pin    │
7 Container Image Scan	Full vulnerability report	2026-10-07T14:20:59.0006260Z │                    │                     │          │              │                                   │               │ the source, allowing X-mount.owner/group/mode...             │
7 Container Image Scan	Full vulnerability report	2026-10-07T14:20:59.0006701Z │                    │                     │          │              │                                   │               │ https://avd.aquasec.com/nvd/cve-2026-78410                   │
7 Container Image Scan	Full vulnerability report	2026-10-07T14:20:59.0007163Z │                    ├─────────────────────┼──────────┤              │                                   ├───────────────┼──────────────────────────────────────────────────────────────┤
7 Container Image Scan	Full vulnerability report	2026-10-07T14:20:59.0007810Z │                    │ CVE-2026-3184       │ MEDIUM   │              │                                   │               │ util-linux: util-linux: Access control bypass due to         │
7 Container Image Scan	Full vulnerability report	2026-10-07T14:20:59.0008379Z │                    │                     │          │              │                                   │               │ improper hostname canonicalization                           │
7 Container Image Scan	Full vulnerability report	2026-10-07T14:20:59.0008827Z │                    │                     │          │              │                                   │               │ https://avd.aquasec.com/nvd/cve-2026-3184                    │
7 Container Image Scan	Full vulnerability report	2026-10-07T14:20:59.0009294Z │                    ├─────────────────────┼──────────┤              │                                   ├───────────────┼──────────────────────────────────────────────────────────────┤
7 Container Image Scan	Full vulnerability report	2026-10-07T14:20:59.0009750Z │                    │ CVE-2022-0563       │ LOW      │              │                                   │               │ util-linux: partial disclosure of arbitrary files in chfn    │
7 Container Image Scan	Full vulnerability report	2026-10-07T14:20:59.0010221Z │                    │                     │          │              │                                   │               │ and chsh when compiled...                                    │
7 Container Image Scan	Full vulnerability report	2026-10-07T14:20:59.0010652Z │                    │                     │          │              │                                   │               │ https://avd.aquasec.com/nvd/cve-2022-0563                    │
7 Container Image Scan	Full vulnerability report	2026-10-07T14:20:59.0011234Z ├────────────────────┼─────────────────────┤          │              ├───────────────────────────────────┼───────────────┼──────────────────────────────────────────────────────────────┤
7 Container Image Scan	Full vulnerability report	2026-10-07T14:20:59.0011731Z │ login.defs         │ CVE-2007-5686       │          │              │ 1:4.17.4-2                        │               │ initscripts in rPath Linux 1 sets insecure permissions for   │
7 Container Image Scan	Full vulnerability report	2026-10-07T14:20:59.0012193Z │                    │                     │          │              │                                   │               │ the /var/lo ......                                           │
7 Container Image Scan	Full vulnerability report	2026-10-07T14:20:59.0012712Z │                    │                     │          │              │                                   │               │ https://avd.aquasec.com/nvd/cve-2007-5686                    │
7 Container Image Scan	Full vulnerability report	2026-10-07T14:20:59.0013166Z │                    ├─────────────────────┤          │              │                                   ├───────────────┼──────────────────────────────────────────────────────────────┤
7 Container Image Scan	Full vulnerability report	2026-10-07T14:20:59.0013640Z │                    │ CVE-2024-56433      │          │              │                                   │               │ shadow-utils: Default subordinate ID configuration in        │
7 Container Image Scan	Full vulnerability report	2026-10-07T14:20:59.0014125Z │                    │                     │          │              │                                   │               │ /etc/login.defs could lead to compromise                     │
7 Container Image Scan	Full vulnerability report	2026-10-07T14:20:59.0014550Z │                    │                     │          │              │                                   │               │ https://avd.aquasec.com/nvd/cve-2024-56433                   │
7 Container Image Scan	Full vulnerability report	2026-10-07T14:20:59.0015017Z │                    ├─────────────────────┤          │              │                                   ├───────────────┼──────────────────────────────────────────────────────────────┤
7 Container Image Scan	Full vulnerability report	2026-10-07T14:20:59.0015467Z │                    │ TEMP-0628843-DBAD28 │          │              │                                   │               │ [more related to CVE-2005-4890]                              │
7 Container Image Scan	Full vulnerability report	2026-10-07T14:20:59.0015943Z │                    │                     │          │              │                                   │               │ https://security-tracker.debian.org/tracker/TEMP-0628843-DB- │
7 Container Image Scan	Full vulnerability report	2026-10-07T14:20:59.0016371Z │                    │                     │          │              │                                   │               │ AD28                                                         │
7 Container Image Scan	Full vulnerability report	2026-10-07T14:20:59.0016848Z ├────────────────────┼─────────────────────┼──────────┤              ├───────────────────────────────────┼───────────────┼──────────────────────────────────────────────────────────────┤
7 Container Image Scan	Full vulnerability report	2026-10-07T14:20:59.0017364Z │ mount              │ CVE-2026-76642      │ HIGH     │              │ 2.41.5-0+deb13u1                  │               │ util-linux: util-linux: failed external mount helper still   │
7 Container Image Scan	Full vulnerability report	2026-10-07T14:20:59.0017914Z │                    │                     │          │              │                                   │               │ runs privileged X-mount post-hooks                           │
7 Container Image Scan	Full vulnerability report	2026-10-07T14:20:59.0018412Z │                    │                     │          │              │                                   │               │ https://avd.aquasec.com/nvd/cve-2026-76642                   │
7 Container Image Scan	Full vulnerability report	2026-10-07T14:20:59.0018869Z │                    ├─────────────────────┤          │              │                                   ├───────────────┼──────────────────────────────────────────────────────────────┤
7 Container Image Scan	Full vulnerability report	2026-10-07T14:20:59.0019414Z │                    │ CVE-2026-78408      │          │              │                                   │               │ util-linux: util-linux: nsenter --join-cgroup leaks root     │
7 Container Image Scan	Full vulnerability report	2026-10-07T14:20:59.0019865Z │                    │                     │          │              │                                   │               │ cgroup migration authority                                   │
7 Container Image Scan	Full vulnerability report	2026-10-07T14:20:59.0020310Z │                    │                     │          │              │                                   │               │ https://avd.aquasec.com/nvd/cve-2026-78408                   │
7 Container Image Scan	Full vulnerability report	2026-10-07T14:20:59.0020765Z │                    ├─────────────────────┤          │              │                                   ├───────────────┼──────────────────────────────────────────────────────────────┤
7 Container Image Scan	Full vulnerability report	2026-10-07T14:20:59.0021233Z │                    │ CVE-2026-78409      │          │              │                                   │               │ util-linux: util-linux: X-mount.subdir detached-tree         │
7 Container Image Scan	Full vulnerability report	2026-10-07T14:20:59.0021702Z │                    │                     │          │              │                                   │               │ resolution can escape via intermediate symlinks              │
7 Container Image Scan	Full vulnerability report	2026-10-07T14:20:59.0022138Z │                    │                     │          │              │                                   │               │ https://avd.aquasec.com/nvd/cve-2026-78409                   │
7 Container Image Scan	Full vulnerability report	2026-10-07T14:20:59.0022607Z │                    ├─────────────────────┤          │              │                                   ├───────────────┼──────────────────────────────────────────────────────────────┤
7 Container Image Scan	Full vulnerability report	2026-10-07T14:20:59.0023061Z │                    │ CVE-2026-78410      │          │              │                                   │               │ util-linux: util-linux: restricted bind mounts do not pin    │
7 Container Image Scan	Full vulnerability report	2026-10-07T14:20:59.0023518Z │                    │                     │          │              │                                   │               │ the source, allowing X-mount.owner/group/mode...             │
7 Container Image Scan	Full vulnerability report	2026-10-07T14:20:59.0023964Z │                    │                     │          │              │                                   │               │ https://avd.aquasec.com/nvd/cve-2026-78410                   │
7 Container Image Scan	Full vulnerability report	2026-10-07T14:20:59.0024435Z │                    ├─────────────────────┼──────────┤              │                                   ├───────────────┼──────────────────────────────────────────────────────────────┤
7 Container Image Scan	Full vulnerability report	2026-10-07T14:20:59.0024994Z │                    │ CVE-2026-3184       │ MEDIUM   │              │                                   │               │ util-linux: util-linux: Access control bypass due to         │
7 Container Image Scan	Full vulnerability report	2026-10-07T14:20:59.0025456Z │                    │                     │          │              │                                   │               │ improper hostname canonicalization                           │
7 Container Image Scan	Full vulnerability report	2026-10-07T14:20:59.0025918Z │                    │                     │          │              │                                   │               │ https://avd.aquasec.com/nvd/cve-2026-3184                    │
7 Container Image Scan	Full vulnerability report	2026-10-07T14:20:59.0026473Z │                    ├─────────────────────┼──────────┤              │                                   ├───────────────┼──────────────────────────────────────────────────────────────┤
7 Container Image Scan	Full vulnerability report	2026-10-07T14:20:59.0026953Z │                    │ CVE-2022-0563       │ LOW      │              │                                   │               │ util-linux: partial disclosure of arbitrary files in chfn    │
7 Container Image Scan	Full vulnerability report	2026-10-07T14:20:59.0027406Z │                    │                     │          │              │                                   │               │ and chsh when compiled...                                    │
7 Container Image Scan	Full vulnerability report	2026-10-07T14:20:59.0027844Z │                    │                     │          │              │                                   │               │ https://avd.aquasec.com/nvd/cve-2022-0563                    │
7 Container Image Scan	Full vulnerability report	2026-10-07T14:20:59.0028418Z ├────────────────────┼─────────────────────┼──────────┤              ├───────────────────────────────────┼───────────────┼──────────────────────────────────────────────────────────────┤
7 Container Image Scan	Full vulnerability report	2026-10-07T14:20:59.0028945Z │ ncurses-base       │ CVE-2025-69720      │ HIGH     │              │ 6.5+20250216-2                    │               │ ncurses: ncurses: Buffer overflow vulnerability may lead to  │
7 Container Image Scan	Full vulnerability report	2026-10-07T14:20:59.0029436Z │                    │                     │          │              │                                   │               │ arbitrary code execution.                                    │
7 Container Image Scan	Full vulnerability report	2026-10-07T14:20:59.0029871Z │                    │                     │          │              │                                   │               │ https://avd.aquasec.com/nvd/cve-2025-69720                   │
7 Container Image Scan	Full vulnerability report	2026-10-07T14:20:59.0030330Z │                    ├─────────────────────┼──────────┤              │                                   ├───────────────┼──────────────────────────────────────────────────────────────┤
7 Container Image Scan	Full vulnerability report	2026-10-07T14:20:59.0030798Z │                    │ CVE-2025-6141       │ LOW      │              │                                   │               │ gnu-ncurses: ncurses Stack Buffer Overflow                   │
7 Container Image Scan	Full vulnerability report	2026-10-07T14:20:59.0031263Z │                    │                     │          │              │                                   │               │ https://avd.aquasec.com/nvd/cve-2025-6141                    │
7 Container Image Scan	Full vulnerability report	2026-10-07T14:20:59.0031821Z ├────────────────────┼─────────────────────┼──────────┤              │                                   ├───────────────┼──────────────────────────────────────────────────────────────┤
7 Container Image Scan	Full vulnerability report	2026-10-07T14:20:59.0032320Z │ ncurses-bin        │ CVE-2025-69720      │ HIGH     │              │                                   │               │ ncurses: ncurses: Buffer overflow vulnerability may lead to  │
7 Container Image Scan	Full vulnerability report	2026-10-07T14:20:59.0032795Z │                    │                     │          │              │                                   │               │ arbitrary code execution.                                    │
7 Container Image Scan	Full vulnerability report	2026-10-07T14:20:59.0033319Z │                    │                     │          │              │                                   │               │ https://avd.aquasec.com/nvd/cve-2025-69720                   │
7 Container Image Scan	Full vulnerability report	2026-10-07T14:20:59.0033779Z │                    ├─────────────────────┼──────────┤              │                                   ├───────────────┼──────────────────────────────────────────────────────────────┤
7 Container Image Scan	Full vulnerability report	2026-10-07T14:20:59.0034244Z │                    │ CVE-2025-6141       │ LOW      │              │                                   │               │ gnu-ncurses: ncurses Stack Buffer Overflow                   │
7 Container Image Scan	Full vulnerability report	2026-10-07T14:20:59.0034699Z │                    │                     │          │              │                                   │               │ https://avd.aquasec.com/nvd/cve-2025-6141                    │
7 Container Image Scan	Full vulnerability report	2026-10-07T14:20:59.0035185Z ├────────────────────┼─────────────────────┤          │              ├───────────────────────────────────┼───────────────┼──────────────────────────────────────────────────────────────┤
7 Container Image Scan	Full vulnerability report	2026-10-07T14:20:59.0035709Z │ passwd             │ CVE-2007-5686       │          │              │ 1:4.17.4-2                        │               │ initscripts in rPath Linux 1 sets insecure permissions for   │
7 Container Image Scan	Full vulnerability report	2026-10-07T14:20:59.0036160Z │                    │                     │          │              │                                   │               │ the /var/lo ......                                           │
7 Container Image Scan	Full vulnerability report	2026-10-07T14:20:59.0036592Z │                    │                     │          │              │                                   │               │ https://avd.aquasec.com/nvd/cve-2007-5686                    │
7 Container Image Scan	Full vulnerability report	2026-10-07T14:20:59.0037050Z │                    ├─────────────────────┤          │              │                                   ├───────────────┼──────────────────────────────────────────────────────────────┤
7 Container Image Scan	Full vulnerability report	2026-10-07T14:20:59.0037510Z │                    │ CVE-2024-56433      │          │              │                                   │               │ shadow-utils: Default subordinate ID configuration in        │
7 Container Image Scan	Full vulnerability report	2026-10-07T14:20:59.0037965Z │                    │                     │          │              │                                   │               │ /etc/login.defs could lead to compromise                     │
7 Container Image Scan	Full vulnerability report	2026-10-07T14:20:59.0038525Z │                    │                     │          │              │                                   │               │ https://avd.aquasec.com/nvd/cve-2024-56433                   │
7 Container Image Scan	Full vulnerability report	2026-10-07T14:20:59.0038980Z │                    ├─────────────────────┤          │              │                                   ├───────────────┼──────────────────────────────────────────────────────────────┤
7 Container Image Scan	Full vulnerability report	2026-10-07T14:20:59.0039428Z │                    │ TEMP-0628843-DBAD28 │          │              │                                   │               │ [more related to CVE-2005-4890]                              │
7 Container Image Scan	Full vulnerability report	2026-10-07T14:20:59.0039984Z │                    │                     │          │              │                                   │               │ https://security-tracker.debian.org/tracker/TEMP-0628843-DB- │
7 Container Image Scan	Full vulnerability report	2026-10-07T14:20:59.0040410Z │                    │                     │          │              │                                   │               │ AD28                                                         │
7 Container Image Scan	Full vulnerability report	2026-10-07T14:20:59.0040914Z ├────────────────────┼─────────────────────┼──────────┼──────────────┼───────────────────────────────────┼───────────────┼──────────────────────────────────────────────────────────────┤
7 Container Image Scan	Full vulnerability report	2026-10-07T14:20:59.0041456Z │ perl-base          │ CVE-2026-9538       │ HIGH     │ fix_deferred │ 5.40.1-6+deb13u1                  │               │ perl-Archive-Tar: perl-Archive-Tar: Denial of Service via    │
7 Container Image Scan	Full vulnerability report	2026-10-07T14:20:59.0041965Z │                    │                     │          │              │                                   │               │ crafted tar header with large entry...                       │
7 Container Image Scan	Full vulnerability report	2026-10-07T14:20:59.0042410Z │                    │                     │          │              │                                   │               │ https://avd.aquasec.com/nvd/cve-2026-9538                    │
7 Container Image Scan	Full vulnerability report	2026-10-07T14:20:59.0042867Z │                    ├─────────────────────┼──────────┤              │                                   ├───────────────┼──────────────────────────────────────────────────────────────┤
7 Container Image Scan	Full vulnerability report	2026-10-07T14:20:59.0043343Z │                    │ CVE-2026-15534      │ MEDIUM   │              │                                   │               │ perl: Perl: Arbitrary code execution via out-of-bounds       │
7 Container Image Scan	Full vulnerability report	2026-10-07T14:20:59.0043812Z │                    │                     │          │              │                                   │               │ memory access in regular expression...                       │
7 Container Image Scan	Full vulnerability report	2026-10-07T14:20:59.0044247Z │                    │                     │          │              │                                   │               │ https://avd.aquasec.com/nvd/cve-2026-15534                   │
7 Container Image Scan	Full vulnerability report	2026-10-07T14:20:59.0044728Z │                    ├─────────────────────┼──────────┼──────────────┤                                   ├───────────────┼──────────────────────────────────────────────────────────────┤
7 Container Image Scan	Full vulnerability report	2026-10-07T14:20:59.0049360Z │                    │ CVE-2011-4116       │ LOW      │ affected     │                                   │               │ perl: File:: Temp insecure temporary file handling           │
7 Container Image Scan	Full vulnerability report	2026-10-07T14:20:59.0050007Z │                    │                     │          │              │                                   │               │ https://avd.aquasec.com/nvd/cve-2011-4116                    │
7 Container Image Scan	Full vulnerability report	2026-10-07T14:20:59.0050475Z │                    ├─────────────────────┼──────────┤              │                                   ├───────────────┼──────────────────────────────────────────────────────────────┤
7 Container Image Scan	Full vulnerability report	2026-10-07T14:20:59.0051131Z │                    │ CVE-2026-82560      │ UNKNOWN  │              │                                   │               │ Pod::Text versions before 6.1.1 for Perl allow CPU and       │
7 Container Image Scan	Full vulnerability report	2026-10-07T14:20:59.0051583Z │                    │                     │          │              │                                   │               │ memory exhausti ......                                       │
7 Container Image Scan	Full vulnerability report	2026-10-07T14:20:59.0052022Z │                    │                     │          │              │                                   │               │ https://avd.aquasec.com/nvd/cve-2026-82560                   │
7 Container Image Scan	Full vulnerability report	2026-10-07T14:20:59.0052522Z ├────────────────────┼─────────────────────┼──────────┤              ├───────────────────────────────────┼───────────────┼──────────────────────────────────────────────────────────────┤
7 Container Image Scan	Full vulnerability report	2026-10-07T14:20:59.0053053Z │ sysvinit-utils     │ TEMP-0517018-A83CE6 │ LOW      │              │ 3.14-4                            │               │ [sysvinit: no-root option in expert installer exposes        │
7 Container Image Scan	Full vulnerability report	2026-10-07T14:20:59.0053550Z │                    │                     │          │              │                                   │               │ locally exploitable security flaw]                           │
7 Container Image Scan	Full vulnerability report	2026-10-07T14:20:59.0053994Z │                    │                     │          │              │                                   │               │ https://security-tracker.debian.org/tracker/TEMP-0517018-A8- │
7 Container Image Scan	Full vulnerability report	2026-10-07T14:20:59.0054513Z │                    │                     │          │              │                                   │               │ 3CE6                                                         │
7 Container Image Scan	Full vulnerability report	2026-10-07T14:20:59.0054991Z ├────────────────────┼─────────────────────┼──────────┤              ├───────────────────────────────────┼───────────────┼──────────────────────────────────────────────────────────────┤
7 Container Image Scan	Full vulnerability report	2026-10-07T14:20:59.0055503Z │ tar                │ CVE-2026-18477      │ MEDIUM   │              │ 1.35+dfsg-3.1                     │               │ tar: tar: TOCTOU in incremental dumpdir 'X' rename handling  │
7 Container Image Scan	Full vulnerability report	2026-10-07T14:20:59.0055982Z │                    │                     │          │              │                                   │               │ allows restore path...                                       │
7 Container Image Scan	Full vulnerability report	2026-10-07T14:20:59.0056411Z │                    │                     │          │              │                                   │               │ https://avd.aquasec.com/nvd/cve-2026-18477                   │
7 Container Image Scan	Full vulnerability report	2026-10-07T14:20:59.0056879Z │                    ├─────────────────────┤          │              │                                   ├───────────────┼──────────────────────────────────────────────────────────────┤
7 Container Image Scan	Full vulnerability report	2026-10-07T14:20:59.0057332Z │                    │ CVE-2026-18508      │          │              │                                   │               │ tar: tar: --one-top-level hardlink targets not confined to   │
7 Container Image Scan	Full vulnerability report	2026-10-07T14:20:59.0057788Z │                    │                     │          │              │                                   │               │ top-level directory enabling arbitrary...                    │
7 Container Image Scan	Full vulnerability report	2026-10-07T14:20:59.0058423Z │                    │                     │          │              │                                   │               │ https://avd.aquasec.com/nvd/cve-2026-18508                   │
7 Container Image Scan	Full vulnerability report	2026-10-07T14:20:59.0058882Z │                    ├─────────────────────┤          │              │                                   ├───────────────┼──────────────────────────────────────────────────────────────┤
7 Container Image Scan	Full vulnerability report	2026-10-07T14:20:59.0059340Z │                    │ CVE-2026-5704       │          │              │                                   │               │ tar: tar: Hidden file injection via crafted archives         │
7 Container Image Scan	Full vulnerability report	2026-10-07T14:20:59.0059787Z │                    │                     │          │              │                                   │               │ https://avd.aquasec.com/nvd/cve-2026-5704                    │
7 Container Image Scan	Full vulnerability report	2026-10-07T14:20:59.0060247Z │                    ├─────────────────────┼──────────┤              │                                   ├───────────────┼──────────────────────────────────────────────────────────────┤
7 Container Image Scan	Full vulnerability report	2026-10-07T14:20:59.0060707Z │                    │ CVE-2005-2541       │ LOW      │              │                                   │               │ tar: does not properly warn the user when extracting setuid  │
7 Container Image Scan	Full vulnerability report	2026-10-07T14:20:59.0061243Z │                    │                     │          │              │                                   │               │ or setgid...                                                 │
7 Container Image Scan	Full vulnerability report	2026-10-07T14:20:59.0061673Z │                    │                     │          │              │                                   │               │ https://avd.aquasec.com/nvd/cve-2005-2541                    │
7 Container Image Scan	Full vulnerability report	2026-10-07T14:20:59.0062136Z │                    ├─────────────────────┤          │              │                                   ├───────────────┼──────────────────────────────────────────────────────────────┤
7 Container Image Scan	Full vulnerability report	2026-10-07T14:20:59.0062607Z │                    │ TEMP-0290435-0B57B5 │          │              │                                   │               │ [tar's rmt command may have undesired side effects]          │
7 Container Image Scan	Full vulnerability report	2026-10-07T14:20:59.0063094Z │                    │                     │          │              │                                   │               │ https://security-tracker.debian.org/tracker/TEMP-0290435-0B- │
7 Container Image Scan	Full vulnerability report	2026-10-07T14:20:59.0063522Z │                    │                     │          │              │                                   │               │ 57B5                                                         │
7 Container Image Scan	Full vulnerability report	2026-10-07T14:20:59.0064014Z ├────────────────────┼─────────────────────┼──────────┤              ├───────────────────────────────────┼───────────────┼──────────────────────────────────────────────────────────────┤
7 Container Image Scan	Full vulnerability report	2026-10-07T14:20:59.0064530Z │ util-linux         │ CVE-2026-76642      │ HIGH     │              │ 2.41.5-0+deb13u1                  │               │ util-linux: util-linux: failed external mount helper still   │
7 Container Image Scan	Full vulnerability report	2026-10-07T14:20:59.0065122Z │                    │                     │          │              │                                   │               │ runs privileged X-mount post-hooks                           │
7 Container Image Scan	Full vulnerability report	2026-10-07T14:20:59.0065565Z │                    │                     │          │              │                                   │               │ https://avd.aquasec.com/nvd/cve-2026-76642                   │
7 Container Image Scan	Full vulnerability report	2026-10-07T14:20:59.0066028Z │                    ├─────────────────────┤          │              │                                   ├───────────────┼──────────────────────────────────────────────────────────────┤
7 Container Image Scan	Full vulnerability report	2026-10-07T14:20:59.0066487Z │                    │ CVE-2026-78408      │          │              │                                   │               │ util-linux: util-linux: nsenter --join-cgroup leaks root     │
7 Container Image Scan	Full vulnerability report	2026-10-07T14:20:59.0066938Z │                    │                     │          │              │                                   │               │ cgroup migration authority                                   │
7 Container Image Scan	Full vulnerability report	2026-10-07T14:20:59.0067392Z │                    │                     │          │              │                                   │               │ https://avd.aquasec.com/nvd/cve-2026-78408                   │
7 Container Image Scan	Full vulnerability report	2026-10-07T14:20:59.0067850Z │                    ├─────────────────────┤          │              │                                   ├───────────────┼──────────────────────────────────────────────────────────────┤
7 Container Image Scan	Full vulnerability report	2026-10-07T14:20:59.0068448Z │                    │ CVE-2026-78409      │          │              │                                   │               │ util-linux: util-linux: X-mount.subdir detached-tree         │
7 Container Image Scan	Full vulnerability report	2026-10-07T14:20:59.0068899Z │                    │                     │          │              │                                   │               │ resolution can escape via intermediate symlinks              │
7 Container Image Scan	Full vulnerability report	2026-10-07T14:20:59.0069342Z │                    │                     │          │              │                                   │               │ https://avd.aquasec.com/nvd/cve-2026-78409                   │
7 Container Image Scan	Full vulnerability report	2026-10-07T14:20:59.0069804Z │                    ├─────────────────────┤          │              │                                   ├───────────────┼──────────────────────────────────────────────────────────────┤
7 Container Image Scan	Full vulnerability report	2026-10-07T14:20:59.0070272Z │                    │ CVE-2026-78410      │          │              │                                   │               │ util-linux: util-linux: restricted bind mounts do not pin    │
7 Container Image Scan	Full vulnerability report	2026-10-07T14:20:59.0070734Z │                    │                     │          │              │                                   │               │ the source, allowing X-mount.owner/group/mode...             │
7 Container Image Scan	Full vulnerability report	2026-10-07T14:20:59.0071169Z │                    │                     │          │              │                                   │               │ https://avd.aquasec.com/nvd/cve-2026-78410                   │
7 Container Image Scan	Full vulnerability report	2026-10-07T14:20:59.0071742Z │                    ├─────────────────────┼──────────┤              │                                   ├───────────────┼──────────────────────────────────────────────────────────────┤
7 Container Image Scan	Full vulnerability report	2026-10-07T14:20:59.0072205Z │                    │ CVE-2026-3184       │ MEDIUM   │              │                                   │               │ util-linux: util-linux: Access control bypass due to         │
7 Container Image Scan	Full vulnerability report	2026-10-07T14:20:59.0072685Z │                    │                     │          │              │                                   │               │ improper hostname canonicalization                           │
7 Container Image Scan	Full vulnerability report	2026-10-07T14:20:59.0073122Z │                    │                     │          │              │                                   │               │ https://avd.aquasec.com/nvd/cve-2026-3184                    │
7 Container Image Scan	Full vulnerability report	2026-10-07T14:20:59.0073587Z │                    ├─────────────────────┼──────────┤              │                                   ├───────────────┼──────────────────────────────────────────────────────────────┤
7 Container Image Scan	Full vulnerability report	2026-10-07T14:20:59.0074055Z │                    │ CVE-2022-0563       │ LOW      │              │                                   │               │ util-linux: partial disclosure of arbitrary files in chfn    │
7 Container Image Scan	Full vulnerability report	2026-10-07T14:20:59.0074507Z │                    │                     │          │              │                                   │               │ and chsh when compiled...                                    │
7 Container Image Scan	Full vulnerability report	2026-10-07T14:20:59.0075048Z │                    │                     │          │              │                                   │               │ https://avd.aquasec.com/nvd/cve-2022-0563                    │
7 Container Image Scan	Full vulnerability report	2026-10-07T14:20:59.0075539Z ├────────────────────┼─────────────────────┼──────────┤              ├───────────────────────────────────┼───────────────┼──────────────────────────────────────────────────────────────┤
7 Container Image Scan	Full vulnerability report	2026-10-07T14:20:59.0076073Z │ zlib1g             │ CVE-2026-27171      │ MEDIUM   │              │ 1:1.3.dfsg+really1.3.1-1+b1       │               │ zlib: zlib: Denial of Service via infinite loop in CRC32     │
7 Container Image Scan	Full vulnerability report	2026-10-07T14:20:59.0076572Z │                    │                     │          │              │                                   │               │ combine functions...                                         │
7 Container Image Scan	Full vulnerability report	2026-10-07T14:20:59.0077003Z │                    │                     │          │              │                                   │               │ https://avd.aquasec.com/nvd/cve-2026-27171                   │
7 Container Image Scan	Full vulnerability report	2026-10-07T14:20:59.0077473Z │                    ├─────────────────────┤          │              │                                   ├───────────────┼──────────────────────────────────────────────────────────────┤
7 Container Image Scan	Full vulnerability report	2026-10-07T14:20:59.0077929Z │                    │ CVE-2026-85091      │          │              │                                   │               │ zlib versions 1.3.1.2 through 1.3.2 contain a heap buffer    │
7 Container Image Scan	Full vulnerability report	2026-10-07T14:20:59.0078444Z │                    │                     │          │              │                                   │               │ overflow vul ......                                          │
7 Container Image Scan	Full vulnerability report	2026-10-07T14:20:59.0078963Z │                    │                     │          │              │                                   │               │ https://avd.aquasec.com/nvd/cve-2026-85091                   │
7 Container Image Scan	Full vulnerability report	2026-10-07T14:20:59.0079480Z └────────────────────┴─────────────────────┴──────────┴──────────────┴───────────────────────────────────┴───────────────┴──────────────────────────────────────────────────────────────┘
7 Container Image Scan	Machine readable report and severity counts	﻿2026-10-07T14:20:59.0106586Z ##[group]Run trivy image --scanners vuln --format json \
7 Container Image Scan	Machine readable report and severity counts	2026-10-07T14:20:59.0106848Z [36;1mtrivy image --scanners vuln --format json \[0m
7 Container Image Scan	Machine readable report and severity counts	2026-10-07T14:20:59.0107040Z [36;1m  -o reports/trivy-image.json \[0m
7 Container Image Scan	Machine readable report and severity counts	2026-10-07T14:20:59.0107206Z [36;1m  "${IMAGE_NAME}:1.0.9-e2a54b4"[0m
7 Container Image Scan	Machine readable report and severity counts	2026-10-07T14:20:59.0107365Z [36;1mpython3 - <<'PY'[0m
7 Container Image Scan	Machine readable report and severity counts	2026-10-07T14:20:59.0107509Z [36;1mimport collections, json[0m
7 Container Image Scan	Machine readable report and severity counts	2026-10-07T14:20:59.0107716Z [36;1mreport = json.load(open("reports/trivy-image.json"))[0m
7 Container Image Scan	Machine readable report and severity counts	2026-10-07T14:20:59.0107917Z [36;1mtotal = collections.Counter()[0m
7 Container Image Scan	Machine readable report and severity counts	2026-10-07T14:20:59.0108077Z [36;1mfixable = collections.Counter()[0m
7 Container Image Scan	Machine readable report and severity counts	2026-10-07T14:20:59.0108399Z [36;1mfor result in report.get("Results") or []:[0m
7 Container Image Scan	Machine readable report and severity counts	2026-10-07T14:20:59.0108605Z [36;1m    for vuln in result.get("Vulnerabilities") or []:[0m
7 Container Image Scan	Machine readable report and severity counts	2026-10-07T14:20:59.0108795Z [36;1m        total[vuln["Severity"]] += 1[0m
7 Container Image Scan	Machine readable report and severity counts	2026-10-07T14:20:59.0108966Z [36;1m        if vuln.get("FixedVersion"):[0m
7 Container Image Scan	Machine readable report and severity counts	2026-10-07T14:20:59.0109137Z [36;1m            fixable[vuln["Severity"]] += 1[0m
7 Container Image Scan	Machine readable report and severity counts	2026-10-07T14:20:59.0109375Z [36;1morder = ["CRITICAL", "HIGH", "MEDIUM", "LOW", "UNKNOWN"][0m
7 Container Image Scan	Machine readable report and severity counts	2026-10-07T14:20:59.0109572Z [36;1mprint("severity   all   fixable")[0m
7 Container Image Scan	Machine readable report and severity counts	2026-10-07T14:20:59.0109731Z [36;1mfor level in order:[0m
7 Container Image Scan	Machine readable report and severity counts	2026-10-07T14:20:59.0109917Z [36;1m    print("%-10s %4d %8d" % (level, total[level], fixable[level]))[0m
7 Container Image Scan	Machine readable report and severity counts	2026-10-07T14:20:59.0110315Z [36;1mprint("%-10s %4d %8d" % ("TOTAL", sum(total.values()), sum(fixable.values())))[0m
7 Container Image Scan	Machine readable report and severity counts	2026-10-07T14:20:59.0110580Z [36;1mPY[0m
7 Container Image Scan	Machine readable report and severity counts	2026-10-07T14:20:59.0162179Z shell: /usr/bin/bash --noprofile --norc -e -o pipefail {0}
7 Container Image Scan	Machine readable report and severity counts	2026-10-07T14:20:59.0162365Z env:
7 Container Image Scan	Machine readable report and severity counts	2026-10-07T14:20:59.0162489Z   APP_DIR: labs/17-devsecops
7 Container Image Scan	Machine readable report and severity counts	2026-10-07T14:20:59.0162635Z   IMAGE_NAME: claim-check-api
7 Container Image Scan	Machine readable report and severity counts	2026-10-07T14:20:59.0162774Z   TRIVY_VERSION: 0.75.0
7 Container Image Scan	Machine readable report and severity counts	2026-10-07T14:20:59.0162906Z   GITLEAKS_VERSION: 8.30.1
7 Container Image Scan	Machine readable report and severity counts	2026-10-07T14:20:59.0163037Z   PYTHON_VERSION: 3.13
7 Container Image Scan	Machine readable report and severity counts	2026-10-07T14:20:59.0163164Z ##[endgroup]
7 Container Image Scan	Machine readable report and severity counts	2026-10-07T14:20:59.0754969Z 2026-10-07T14:20:59Z	INFO	[vuln] Vulnerability scanning is enabled
7 Container Image Scan	Machine readable report and severity counts	2026-10-07T14:20:59.0862343Z 2026-10-07T14:20:59Z	INFO	Detected OS	family="debian" version="13.7"
7 Container Image Scan	Machine readable report and severity counts	2026-10-07T14:20:59.0863670Z 2026-10-07T14:20:59Z	INFO	[debian] Detecting vulnerabilities...	os_version="13" pkg_num=87
7 Container Image Scan	Machine readable report and severity counts	2026-10-07T14:20:59.0917749Z 2026-10-07T14:20:59Z	INFO	Number of language-specific files	num=1
7 Container Image Scan	Machine readable report and severity counts	2026-10-07T14:20:59.0935707Z 2026-10-07T14:20:59Z	INFO	[python-pkg] Detecting vulnerabilities...
7 Container Image Scan	Machine readable report and severity counts	2026-10-07T14:20:59.0936972Z 2026-10-07T14:20:59Z	WARN	Using severities from other vendors for some vulnerabilities. Read https://trivy.dev/docs/v0.75/guide/scanner/vulnerability#severity-selection for details.
7 Container Image Scan	Machine readable report and severity counts	2026-10-07T14:20:59.1185516Z severity   all   fixable
7 Container Image Scan	Machine readable report and severity counts	2026-10-07T14:20:59.1185841Z CRITICAL      0        0
7 Container Image Scan	Machine readable report and severity counts	2026-10-07T14:20:59.1186005Z HIGH         44        0
7 Container Image Scan	Machine readable report and severity counts	2026-10-07T14:20:59.1186151Z MEDIUM       58        0
7 Container Image Scan	Machine readable report and severity counts	2026-10-07T14:20:59.1186291Z LOW          61        0
7 Container Image Scan	Machine readable report and severity counts	2026-10-07T14:20:59.1186431Z UNKNOWN       2        0
7 Container Image Scan	Machine readable report and severity counts	2026-10-07T14:20:59.1186555Z TOTAL       165        0
7 Container Image Scan	Build a SARIF report	﻿2026-10-07T14:20:59.1243257Z ##[group]Run trivy image --scanners vuln --format sarif \
7 Container Image Scan	Build a SARIF report	2026-10-07T14:20:59.1243524Z [36;1mtrivy image --scanners vuln --format sarif \[0m
7 Container Image Scan	Build a SARIF report	2026-10-07T14:20:59.1243715Z [36;1m  -o reports/trivy-image.sarif \[0m
7 Container Image Scan	Build a SARIF report	2026-10-07T14:20:59.1243880Z [36;1m  "${IMAGE_NAME}:1.0.9-e2a54b4"[0m
7 Container Image Scan	Build a SARIF report	2026-10-07T14:20:59.1244047Z [36;1mls -l reports/trivy-image.sarif[0m
7 Container Image Scan	Build a SARIF report	2026-10-07T14:20:59.1295189Z shell: /usr/bin/bash --noprofile --norc -e -o pipefail {0}
7 Container Image Scan	Build a SARIF report	2026-10-07T14:20:59.1295386Z env:
7 Container Image Scan	Build a SARIF report	2026-10-07T14:20:59.1295507Z   APP_DIR: labs/17-devsecops
7 Container Image Scan	Build a SARIF report	2026-10-07T14:20:59.1295652Z   IMAGE_NAME: claim-check-api
7 Container Image Scan	Build a SARIF report	2026-10-07T14:20:59.1295794Z   TRIVY_VERSION: 0.75.0
7 Container Image Scan	Build a SARIF report	2026-10-07T14:20:59.1295924Z   GITLEAKS_VERSION: 8.30.1
7 Container Image Scan	Build a SARIF report	2026-10-07T14:20:59.1296061Z   PYTHON_VERSION: 3.13
7 Container Image Scan	Build a SARIF report	2026-10-07T14:20:59.1296189Z ##[endgroup]
7 Container Image Scan	Build a SARIF report	2026-10-07T14:20:59.1881483Z 2026-10-07T14:20:59Z	INFO	[vuln] Vulnerability scanning is enabled
7 Container Image Scan	Build a SARIF report	2026-10-07T14:20:59.1954380Z 2026-10-07T14:20:59Z	INFO	Detected OS	family="debian" version="13.7"
7 Container Image Scan	Build a SARIF report	2026-10-07T14:20:59.1955259Z 2026-10-07T14:20:59Z	INFO	[debian] Detecting vulnerabilities...	os_version="13" pkg_num=87
7 Container Image Scan	Build a SARIF report	2026-10-07T14:20:59.2020421Z 2026-10-07T14:20:59Z	INFO	Number of language-specific files	num=1
7 Container Image Scan	Build a SARIF report	2026-10-07T14:20:59.2021061Z 2026-10-07T14:20:59Z	INFO	[python-pkg] Detecting vulnerabilities...
7 Container Image Scan	Build a SARIF report	2026-10-07T14:20:59.2039318Z 2026-10-07T14:20:59Z	WARN	Using severities from other vendors for some vulnerabilities. Read https://trivy.dev/docs/v0.75/guide/scanner/vulnerability#severity-selection for details.
7 Container Image Scan	Build a SARIF report	2026-10-07T14:20:59.2101988Z -rw-r--r-- 1 runner runner 333160 Oct  7 14:20 reports/trivy-image.sarif
7 Container Image Scan	Publish the findings to the repository security tab	﻿2026-10-07T14:20:59.2169301Z ##[group]Run github/codeql-action/upload-sarif@v3
7 Container Image Scan	Publish the findings to the repository security tab	2026-10-07T14:20:59.2169491Z with:
7 Container Image Scan	Publish the findings to the repository security tab	2026-10-07T14:20:59.2169619Z   sarif_file: reports/trivy-image.sarif
7 Container Image Scan	Publish the findings to the repository security tab	2026-10-07T14:20:59.2169786Z   category: session17-image-scan
7 Container Image Scan	Publish the findings to the repository security tab	2026-10-07T14:20:59.2169996Z   checkout_path: /home/runner/work/devops-coursework/devops-coursework
7 Container Image Scan	Publish the findings to the repository security tab	2026-10-07T14:20:59.2171424Z   token: ***
7 Container Image Scan	Publish the findings to the repository security tab	2026-10-07T14:20:59.2171539Z   matrix: null
7 Container Image Scan	Publish the findings to the repository security tab	2026-10-07T14:20:59.2171663Z   wait-for-processing: true
7 Container Image Scan	Publish the findings to the repository security tab	2026-10-07T14:20:59.2171802Z env:
7 Container Image Scan	Publish the findings to the repository security tab	2026-10-07T14:20:59.2171915Z   APP_DIR: labs/17-devsecops
7 Container Image Scan	Publish the findings to the repository security tab	2026-10-07T14:20:59.2172059Z   IMAGE_NAME: claim-check-api
7 Container Image Scan	Publish the findings to the repository security tab	2026-10-07T14:20:59.2172198Z   TRIVY_VERSION: 0.75.0
7 Container Image Scan	Publish the findings to the repository security tab	2026-10-07T14:20:59.2172327Z   GITLEAKS_VERSION: 8.30.1
7 Container Image Scan	Publish the findings to the repository security tab	2026-10-07T14:20:59.2172458Z   PYTHON_VERSION: 3.13
7 Container Image Scan	Publish the findings to the repository security tab	2026-10-07T14:20:59.2172601Z ##[endgroup]
7 Container Image Scan	Publish the findings to the repository security tab	2026-10-07T14:20:59.3657298Z Job run UUID is 896d0e10-984d-4848-b798-f7f099331eb0.
7 Container Image Scan	Publish the findings to the repository security tab	2026-10-07T14:20:59.3696302Z ##[warning]CodeQL Action v3 will be deprecated in December 2026. Please update all occurrences of the CodeQL Action in your workflow files to v4. For more information, see https://github.blog/changelog/2025-10-28-upcoming-deprecation-of-codeql-action-v3/
7 Container Image Scan	Publish the findings to the repository security tab	2026-10-07T14:21:00.3065424Z Post-processing sarif files: ["reports/trivy-image.sarif"]
7 Container Image Scan	Publish the findings to the repository security tab	2026-10-07T14:21:00.3093575Z Validating reports/trivy-image.sarif
7 Container Image Scan	Publish the findings to the repository security tab	2026-10-07T14:21:00.4090258Z Adding fingerprints to SARIF file. See https://docs.github.com/en/code-security/reference/code-scanning/sarif-support-for-code-scanning#data-for-preventing-duplicated-alerts for more information.
7 Container Image Scan	Publish the findings to the repository security tab	2026-10-07T14:21:00.4137350Z ##[group]Uploading code scanning results
7 Container Image Scan	Publish the findings to the repository security tab	2026-10-07T14:21:00.4362882Z git call failed. Continuing with commit SHA from user input or environment. Error: The checkout path provided to the action does not appear to be a git repository.
7 Container Image Scan	Publish the findings to the repository security tab	2026-10-07T14:21:00.4369922Z Uploading results
7 Container Image Scan	Publish the findings to the repository security tab	2026-10-07T14:21:00.8751335Z Successfully uploaded results
7 Container Image Scan	Publish the findings to the repository security tab	2026-10-07T14:21:00.8751956Z ##[endgroup]
7 Container Image Scan	Publish the findings to the repository security tab	2026-10-07T14:21:00.8755145Z ##[group]Waiting for processing to finish
7 Container Image Scan	Publish the findings to the repository security tab	2026-10-07T14:21:06.2390180Z Analysis upload status is pending.
7 Container Image Scan	Publish the findings to the repository security tab	2026-10-07T14:21:16.4448557Z Analysis upload status is complete.
7 Container Image Scan	Publish the findings to the repository security tab	2026-10-07T14:21:16.4448964Z ##[endgroup]
7 Container Image Scan	Upload the image scan report	﻿2026-10-07T14:21:16.9479957Z ##[group]Run actions/upload-artifact@v4
7 Container Image Scan	Upload the image scan report	2026-10-07T14:21:16.9480146Z with:
7 Container Image Scan	Upload the image scan report	2026-10-07T14:21:16.9480272Z   name: image-scan-report
7 Container Image Scan	Upload the image scan report	2026-10-07T14:21:16.9480405Z   path: reports
7 Container Image Scan	Upload the image scan report	2026-10-07T14:21:16.9480522Z   retention-days: 7
7 Container Image Scan	Upload the image scan report	2026-10-07T14:21:16.9480649Z   if-no-files-found: warn
7 Container Image Scan	Upload the image scan report	2026-10-07T14:21:16.9480786Z   compression-level: 6
7 Container Image Scan	Upload the image scan report	2026-10-07T14:21:16.9480911Z   overwrite: false
7 Container Image Scan	Upload the image scan report	2026-10-07T14:21:16.9481038Z   include-hidden-files: false
7 Container Image Scan	Upload the image scan report	2026-10-07T14:21:16.9481176Z env:
7 Container Image Scan	Upload the image scan report	2026-10-07T14:21:16.9481290Z   APP_DIR: labs/17-devsecops
7 Container Image Scan	Upload the image scan report	2026-10-07T14:21:16.9481446Z   IMAGE_NAME: claim-check-api
7 Container Image Scan	Upload the image scan report	2026-10-07T14:21:16.9481583Z   TRIVY_VERSION: 0.75.0
7 Container Image Scan	Upload the image scan report	2026-10-07T14:21:16.9481709Z   GITLEAKS_VERSION: 8.30.1
7 Container Image Scan	Upload the image scan report	2026-10-07T14:21:16.9481841Z   PYTHON_VERSION: 3.13
7 Container Image Scan	Upload the image scan report	2026-10-07T14:21:16.9482012Z   CODEQL_ACTION_JOB_RUN_UUID: 896d0e10-984d-4848-b798-f7f099331eb0
7 Container Image Scan	Upload the image scan report	2026-10-07T14:21:16.9482219Z   CODEQL_ACTION_FEATURE_MULTI_LANGUAGE: false
7 Container Image Scan	Upload the image scan report	2026-10-07T14:21:16.9482386Z   CODEQL_ACTION_FEATURE_SANDWICH: false
7 Container Image Scan	Upload the image scan report	2026-10-07T14:21:16.9482548Z   CODEQL_ACTION_FEATURE_SARIF_COMBINE: true
7 Container Image Scan	Upload the image scan report	2026-10-07T14:21:16.9482738Z   CODEQL_ACTION_FEATURE_WILL_UPLOAD: true
7 Container Image Scan	Upload the image scan report	2026-10-07T14:21:16.9482894Z   CODEQL_ACTION_VERSION: 3.38.2
7 Container Image Scan	Upload the image scan report	2026-10-07T14:21:16.9483053Z   CODEQL_ACTION_DID_LOG_VERSION_DEPRECATION: true
7 Container Image Scan	Upload the image scan report	2026-10-07T14:21:16.9483295Z   CODEQL_ACTION_ANALYSIS_KEY: .github/workflows/session17-devsecops.yml:image-scan
7 Container Image Scan	Upload the image scan report	2026-10-07T14:21:16.9483542Z   CODEQL_WORKFLOW_STARTED_AT: 2026-10-07T14:20:59.365Z
7 Container Image Scan	Upload the image scan report	2026-10-07T14:21:16.9483809Z   CODEQL_UPLOAD_SARIF_SESSION17_IMAGE_SCAN__TRIVY: CODEQL_UPLOAD_SARIF_SESSION17_IMAGE_SCAN__TRIVY
7 Container Image Scan	Upload the image scan report	2026-10-07T14:21:16.9484060Z ##[endgroup]
7 Container Image Scan	Upload the image scan report	2026-10-07T14:21:17.0536362Z (node:2145) [DEP0040] DeprecationWarning: The `punycode` module is deprecated. Please use a userland alternative instead.
7 Container Image Scan	Upload the image scan report	2026-10-07T14:21:17.0537047Z (Use `node --trace-deprecation ...` to show where the warning was created)
7 Container Image Scan	Upload the image scan report	2026-10-07T14:21:17.0591641Z With the provided path, there will be 3 files uploaded
7 Container Image Scan	Upload the image scan report	2026-10-07T14:21:17.0595196Z Artifact name is valid!
7 Container Image Scan	Upload the image scan report	2026-10-07T14:21:17.0595588Z Root directory input is valid!
7 Container Image Scan	Upload the image scan report	2026-10-07T14:21:17.3406006Z Beginning upload of artifact content to blob storage
7 Container Image Scan	Upload the image scan report	2026-10-07T14:21:17.3636725Z (node:2145) [DEP0169] DeprecationWarning: `url.parse()` behavior is not standardized and prone to errors that have security implications. Use the WHATWG URL API instead. CVEs are not issued for `url.parse()` vulnerabilities.
7 Container Image Scan	Upload the image scan report	2026-10-07T14:21:17.5576466Z Uploaded bytes 133530
7 Container Image Scan	Upload the image scan report	2026-10-07T14:21:17.5931776Z Finished uploading artifact content to blob storage!
7 Container Image Scan	Upload the image scan report	2026-10-07T14:21:17.5932387Z SHA256 digest of uploaded artifact zip is 595da5f11a31718b305c5336e602ecdf0d39d8f6dc61d460ee0d01986540db68
7 Container Image Scan	Upload the image scan report	2026-10-07T14:21:17.5933773Z Finalizing artifact upload
7 Container Image Scan	Upload the image scan report	2026-10-07T14:21:17.8364301Z Artifact image-scan-report.zip successfully finalized. Artifact ID 11489616355
7 Container Image Scan	Upload the image scan report	2026-10-07T14:21:17.8364937Z Artifact image-scan-report has been successfully uploaded! Final size is 133530 bytes. Artifact ID is 11489616355
7 Container Image Scan	Upload the image scan report	2026-10-07T14:21:17.8369705Z Artifact download URL: https://github.com/AmanYadav7015/devops-coursework/actions/runs/37635580923/artifacts/11489616355
7 Container Image Scan	Post Publish the findings to the repository security tab	﻿2026-10-07T14:21:17.8498692Z Post job cleanup.
7 Container Image Scan	Post Publish the findings to the repository security tab	2026-10-07T14:21:17.9912827Z ##[group]Uploading combined SARIF debug artifact
7 Container Image Scan	Post Publish the findings to the repository security tab	2026-10-07T14:21:17.9913352Z ##[endgroup]
7 Container Image Scan	Complete job	﻿2026-10-07T14:21:18.0041979Z Cleaning up orphan processes
7 Container Image Scan	Complete job	2026-10-07T14:21:18.0277760Z ##[warning]Node.js 20 is deprecated. The following actions target Node.js 20 but are being forced to run on Node.js 24: actions/download-artifact@v4, actions/upload-artifact@v4, github/codeql-action/upload-sarif@v3. For more information see: https://github.blog/changelog/2025-09-19-deprecation-of-node-20-on-github-actions-runners/
8 Security Gate	Set up job	﻿2026-10-07T14:21:24.7973391Z Current runner version: '2.337.0'
8 Security Gate	Set up job	2026-10-07T14:21:24.8001399Z ##[group]Runner Image Provisioner
8 Security Gate	Set up job	2026-10-07T14:21:24.8002763Z Hosted Compute Agent
8 Security Gate	Set up job	2026-10-07T14:21:24.8003522Z Version: 20260901.588
8 Security Gate	Set up job	2026-10-07T14:21:24.8004320Z Commit: f88ec8081b781fac6c440065ac7ff9e710ce3d0b
8 Security Gate	Set up job	2026-10-07T14:21:24.8005119Z Build Date: 2026-09-01T19:56:44Z
8 Security Gate	Set up job	2026-10-07T14:21:24.8005838Z Worker ID: {a4306bfa-5def-4687-bd42-30f0f1fb54fd}
8 Security Gate	Set up job	2026-10-07T14:21:24.8006539Z Azure Region: westus
8 Security Gate	Set up job	2026-10-07T14:21:24.8007198Z ##[endgroup]
8 Security Gate	Set up job	2026-10-07T14:21:24.8008903Z ##[group]Operating System
8 Security Gate	Set up job	2026-10-07T14:21:24.8009690Z Ubuntu
8 Security Gate	Set up job	2026-10-07T14:21:24.8010259Z 24.04.5
8 Security Gate	Set up job	2026-10-07T14:21:24.8010755Z LTS
8 Security Gate	Set up job	2026-10-07T14:21:24.8011326Z ##[endgroup]
8 Security Gate	Set up job	2026-10-07T14:21:24.8011875Z ##[group]Runner Image
8 Security Gate	Set up job	2026-10-07T14:21:24.8012770Z Image: ubuntu-24.04
8 Security Gate	Set up job	2026-10-07T14:21:24.8013402Z Version: 20260927.320.1
8 Security Gate	Set up job	2026-10-07T14:21:24.8014475Z Included Software: https://github.com/actions/runner-images/blob/ubuntu24/20260927.320/images/ubuntu/Ubuntu2404-Readme.md
8 Security Gate	Set up job	2026-10-07T14:21:24.8016695Z Image Release: https://github.com/actions/runner-images/releases/tag/ubuntu24%2F20260927.320
8 Security Gate	Set up job	2026-10-07T14:21:24.8017716Z ##[endgroup]
8 Security Gate	Set up job	2026-10-07T14:21:24.8018956Z ##[group]GITHUB_TOKEN Permissions
8 Security Gate	Set up job	2026-10-07T14:21:24.8021186Z Contents: read
8 Security Gate	Set up job	2026-10-07T14:21:24.8021819Z Metadata: read
8 Security Gate	Set up job	2026-10-07T14:21:24.8022726Z ##[endgroup]
8 Security Gate	Set up job	2026-10-07T14:21:24.8025090Z Secret source: Actions
8 Security Gate	Set up job	2026-10-07T14:21:24.8026044Z Cache mode: write
8 Security Gate	Set up job	2026-10-07T14:21:24.8026890Z Prepare workflow directory
8 Security Gate	Set up job	2026-10-07T14:21:24.8472393Z Prepare all required actions
8 Security Gate	Set up job	2026-10-07T14:21:24.8524463Z Getting action download info
8 Security Gate	Set up job	2026-10-07T14:21:25.2275730Z Download action repository 'actions/download-artifact@v4' (SHA:d3f86a106a0bac45b974a628896c90dbdf5c8093)
8 Security Gate	Set up job	2026-10-07T14:21:25.7624110Z Complete job name: 8 Security Gate
8 Security Gate	Download the image	﻿2026-10-07T14:21:25.8544258Z ##[group]Run actions/download-artifact@v4
8 Security Gate	Download the image	2026-10-07T14:21:25.8545340Z with:
8 Security Gate	Download the image	2026-10-07T14:21:25.8545865Z   name: claim-check-api-image
8 Security Gate	Download the image	2026-10-07T14:21:25.8546443Z   merge-multiple: false
8 Security Gate	Download the image	2026-10-07T14:21:25.8547076Z   repository: AmanYadav7015/devops-coursework
8 Security Gate	Download the image	2026-10-07T14:21:25.8547733Z   run-id: 37635580923
8 Security Gate	Download the image	2026-10-07T14:21:25.8548415Z env:
8 Security Gate	Download the image	2026-10-07T14:21:25.8548897Z   APP_DIR: labs/17-devsecops
8 Security Gate	Download the image	2026-10-07T14:21:25.8549459Z   IMAGE_NAME: claim-check-api
8 Security Gate	Download the image	2026-10-07T14:21:25.8550009Z   TRIVY_VERSION: 0.75.0
8 Security Gate	Download the image	2026-10-07T14:21:25.8550525Z   GITLEAKS_VERSION: 8.30.1
8 Security Gate	Download the image	2026-10-07T14:21:25.8551061Z   PYTHON_VERSION: 3.13
8 Security Gate	Download the image	2026-10-07T14:21:25.8551574Z ##[endgroup]
8 Security Gate	Download the image	2026-10-07T14:21:26.0335943Z Downloading single artifact
8 Security Gate	Download the image	2026-10-07T14:21:26.0469218Z (node:2104) [DEP0040] DeprecationWarning: The `punycode` module is deprecated. Please use a userland alternative instead.
8 Security Gate	Download the image	2026-10-07T14:21:26.3114380Z (Use `node --trace-deprecation ...` to show where the warning was created)
8 Security Gate	Download the image	2026-10-07T14:21:26.3127245Z Preparing to download the following artifacts:
8 Security Gate	Download the image	2026-10-07T14:21:26.3130691Z - claim-check-api-image (ID: 11489776030, Size: 47559200, Expected Digest: sha256:c89f59b3851c554f5f852b61a798e767f504169d67b18ad06ca095bc3e6ddfc6)
8 Security Gate	Download the image	2026-10-07T14:21:26.5875856Z Redirecting to blob download url: https://productionresultssa11.blob.core.windows.net/actions-results/6016ab27-675b-8451-81f2-9b07848a9e50/workflow-job-run-6d9ea886-aa2f-5008-a11a-93ec1e4a94ca/artifacts/f9c5d6b802cd6fa27eddc3f3422d02486a05079d38b14328033e3dd7d8831f07.zip
8 Security Gate	Download the image	2026-10-07T14:21:26.5882011Z Starting download of artifact to: /home/runner/work/devops-coursework/devops-coursework
8 Security Gate	Download the image	2026-10-07T14:21:26.9118671Z (node:2104) [DEP0005] DeprecationWarning: Buffer() is deprecated due to security and usability issues. Please use the Buffer.alloc(), Buffer.allocUnsafe(), or Buffer.from() methods instead.
8 Security Gate	Download the image	2026-10-07T14:21:31.0627183Z SHA256 digest of downloaded artifact is c89f59b3851c554f5f852b61a798e767f504169d67b18ad06ca095bc3e6ddfc6
8 Security Gate	Download the image	2026-10-07T14:21:31.0629268Z Artifact download completed successfully.
8 Security Gate	Download the image	2026-10-07T14:21:31.0630668Z Total of 1 artifact(s) downloaded
8 Security Gate	Download the image	2026-10-07T14:21:31.0635000Z Download artifact has finished successfully
8 Security Gate	Load the image	﻿2026-10-07T14:21:31.0911170Z ##[group]Run gunzip -c image.tar.gz | docker load
8 Security Gate	Load the image	2026-10-07T14:21:31.0911752Z [36;1mgunzip -c image.tar.gz | docker load[0m
8 Security Gate	Load the image	2026-10-07T14:21:31.1200263Z shell: /usr/bin/bash --noprofile --norc -e -o pipefail {0}
8 Security Gate	Load the image	2026-10-07T14:21:31.1200911Z env:
8 Security Gate	Load the image	2026-10-07T14:21:31.1201270Z   APP_DIR: labs/17-devsecops
8 Security Gate	Load the image	2026-10-07T14:21:31.1201644Z   IMAGE_NAME: claim-check-api
8 Security Gate	Load the image	2026-10-07T14:21:31.1202248Z   TRIVY_VERSION: 0.75.0
8 Security Gate	Load the image	2026-10-07T14:21:31.1202596Z   GITLEAKS_VERSION: 8.30.1
8 Security Gate	Load the image	2026-10-07T14:21:31.1202950Z   PYTHON_VERSION: 3.13
8 Security Gate	Load the image	2026-10-07T14:21:31.1203276Z ##[endgroup]
8 Security Gate	Load the image	2026-10-07T14:21:36.7845047Z Loaded image: claim-check-api:1.0.9-e2a54b4
8 Security Gate	Install trivy	﻿2026-10-07T14:21:36.8077067Z ##[group]Run curl -sfL https://raw.githubusercontent.com/aquasecurity/trivy/main/contrib/install.sh \
8 Security Gate	Install trivy	2026-10-07T14:21:36.8077990Z [36;1mcurl -sfL https://raw.githubusercontent.com/aquasecurity/trivy/main/contrib/install.sh \[0m
8 Security Gate	Install trivy	2026-10-07T14:21:36.8078583Z [36;1m  | sudo sh -s -- -b /usr/local/bin "v${TRIVY_VERSION}"[0m
8 Security Gate	Install trivy	2026-10-07T14:21:36.8146767Z shell: /usr/bin/bash --noprofile --norc -e -o pipefail {0}
8 Security Gate	Install trivy	2026-10-07T14:21:36.8147264Z env:
8 Security Gate	Install trivy	2026-10-07T14:21:36.8147538Z   APP_DIR: labs/17-devsecops
8 Security Gate	Install trivy	2026-10-07T14:21:36.8147897Z   IMAGE_NAME: claim-check-api
8 Security Gate	Install trivy	2026-10-07T14:21:36.8148266Z   TRIVY_VERSION: 0.75.0
8 Security Gate	Install trivy	2026-10-07T14:21:36.8148573Z   GITLEAKS_VERSION: 8.30.1
8 Security Gate	Install trivy	2026-10-07T14:21:36.8148891Z   PYTHON_VERSION: 3.13
8 Security Gate	Install trivy	2026-10-07T14:21:36.8149183Z ##[endgroup]
8 Security Gate	Install trivy	2026-10-07T14:21:36.8730431Z aquasecurity/trivy info checking GitHub for tag 'v0.75.0'
8 Security Gate	Install trivy	2026-10-07T14:21:37.1070104Z aquasecurity/trivy info found version: 0.75.0 for v0.75.0/Linux/64bit
8 Security Gate	Install trivy	2026-10-07T14:21:38.6419117Z aquasecurity/trivy info installed /usr/local/bin/trivy
8 Security Gate	Enforce the image policy	﻿2026-10-07T14:21:38.6909801Z ##[group]Run echo "policy: block on ${GATE_SEVERITY} findings that have a fix available"
8 Security Gate	Enforce the image policy	2026-10-07T14:21:38.6910499Z [36;1mecho "policy: block on ${GATE_SEVERITY} findings that have a fix available"[0m
8 Security Gate	Enforce the image policy	2026-10-07T14:21:38.6910920Z [36;1mtrivy image \[0m
8 Security Gate	Enforce the image policy	2026-10-07T14:21:38.6911164Z [36;1m  --scanners vuln \[0m
8 Security Gate	Enforce the image policy	2026-10-07T14:21:38.6911758Z [36;1m  --severity "${GATE_SEVERITY}" \[0m
8 Security Gate	Enforce the image policy	2026-10-07T14:21:38.6912530Z [36;1m  --ignore-unfixed \[0m
8 Security Gate	Enforce the image policy	2026-10-07T14:21:38.6912802Z [36;1m  --exit-code 1 \[0m
8 Security Gate	Enforce the image policy	2026-10-07T14:21:38.6913065Z [36;1m  "${IMAGE_NAME}:1.0.9-e2a54b4"[0m
8 Security Gate	Enforce the image policy	2026-10-07T14:21:38.6913395Z [36;1mecho "gate passed, the image may be published"[0m
8 Security Gate	Enforce the image policy	2026-10-07T14:21:38.6977175Z shell: /usr/bin/bash --noprofile --norc -e -o pipefail {0}
8 Security Gate	Enforce the image policy	2026-10-07T14:21:38.6977583Z env:
8 Security Gate	Enforce the image policy	2026-10-07T14:21:38.6977801Z   APP_DIR: labs/17-devsecops
8 Security Gate	Enforce the image policy	2026-10-07T14:21:38.6978073Z   IMAGE_NAME: claim-check-api
8 Security Gate	Enforce the image policy	2026-10-07T14:21:38.6978330Z   TRIVY_VERSION: 0.75.0
8 Security Gate	Enforce the image policy	2026-10-07T14:21:38.6978610Z   GITLEAKS_VERSION: 8.30.1
8 Security Gate	Enforce the image policy	2026-10-07T14:21:38.6978946Z   PYTHON_VERSION: 3.13
8 Security Gate	Enforce the image policy	2026-10-07T14:21:38.6979188Z   GATE_SEVERITY: HIGH,CRITICAL
8 Security Gate	Enforce the image policy	2026-10-07T14:21:38.6979446Z ##[endgroup]
8 Security Gate	Enforce the image policy	2026-10-07T14:21:38.7067523Z policy: block on HIGH,CRITICAL findings that have a fix available
8 Security Gate	Enforce the image policy	2026-10-07T14:21:38.7953398Z 2026-10-07T14:21:38Z	INFO	[vulndb] Need to update DB
8 Security Gate	Enforce the image policy	2026-10-07T14:21:38.7954047Z 2026-10-07T14:21:38Z	INFO	[vulndb] Downloading vulnerability DB...
8 Security Gate	Enforce the image policy	2026-10-07T14:21:38.7954917Z 2026-10-07T14:21:38Z	INFO	[vulndb] Downloading artifact...	repo="mirror.gcr.io/aquasec/trivy-db:2"
8 Security Gate	Enforce the image policy	2026-10-07T14:21:45.5207762Z 1.69 MiB / 119.53 MiB [>_____________________________________________________________] 1.42% ? p/s ?18.97 MiB / 119.53 MiB [--------->__________________________________________________] 15.87% ? p/s ?40.86 MiB / 119.53 MiB [-------------------->_______________________________________] 34.18% ? p/s ?65.99 MiB / 119.53 MiB [------------------------->____________________] 55.21% 107.17 MiB p/s ETA 0s92.51 MiB / 119.53 MiB [----------------------------------->__________] 77.39% 107.17 MiB p/s ETA 0s119.53 MiB / 119.53 MiB [------------------------------------------->] 100.00% 107.17 MiB p/s ETA 0s119.53 MiB / 119.53 MiB [------------------------------------------->] 100.00% 106.01 MiB p/s ETA 0s119.53 MiB / 119.53 MiB [------------------------------------------->] 100.00% 106.01 MiB p/s ETA 0s119.53 MiB / 119.53 MiB [------------------------------------------->] 100.00% 106.01 MiB p/s ETA 0s119.53 MiB / 119.53 MiB [-------------------------------------------->] 100.00% 99.17 MiB p/s ETA 0s119.53 MiB / 119.53 MiB [-------------------------------------------->] 100.00% 99.17 MiB p/s ETA 0s119.53 MiB / 119.53 MiB [-------------------------------------------->] 100.00% 99.17 MiB p/s ETA 0s119.53 MiB / 119.53 MiB [-------------------------------------------->] 100.00% 92.77 MiB p/s ETA 0s119.53 MiB / 119.53 MiB [-------------------------------------------->] 100.00% 92.77 MiB p/s ETA 0s119.53 MiB / 119.53 MiB [-------------------------------------------->] 100.00% 92.77 MiB p/s ETA 0s119.53 MiB / 119.53 MiB [-------------------------------------------->] 100.00% 86.79 MiB p/s ETA 0s119.53 MiB / 119.53 MiB [-------------------------------------------->] 100.00% 86.79 MiB p/s ETA 0s119.53 MiB / 119.53 MiB [-------------------------------------------->] 100.00% 86.79 MiB p/s ETA 0s119.53 MiB / 119.53 MiB [-------------------------------------------->] 100.00% 81.19 MiB p/s ETA 0s119.53 MiB / 119.53 MiB [-------------------------------------------->] 100.00% 81.19 MiB p/s ETA 0s119.53 MiB / 119.53 MiB [-------------------------------------------->] 100.00% 81.19 MiB p/s ETA 0s119.53 MiB / 119.53 MiB [-----------------------------------------------] 100.00% 28.67 MiB p/s 4.4s2026-10-07T14:21:45Z	INFO	[vulndb] Artifact successfully downloaded	repo="mirror.gcr.io/aquasec/trivy-db:2"
8 Security Gate	Enforce the image policy	2026-10-07T14:21:45.5217342Z 2026-10-07T14:21:45Z	INFO	[vuln] Vulnerability scanning is enabled
8 Security Gate	Enforce the image policy	2026-10-07T14:21:49.4939716Z 2026-10-07T14:21:49Z	INFO	[python] Licenses acquired from one or more METADATA files may be subject to additional terms. Use `--debug` flag to see all affected packages.
8 Security Gate	Enforce the image policy	2026-10-07T14:21:49.4989620Z 2026-10-07T14:21:49Z	WARN	Third-party SBOM may lead to inaccurate vulnerability detection
8 Security Gate	Enforce the image policy	2026-10-07T14:21:49.5013592Z 2026-10-07T14:21:49Z	WARN	Recommend using Trivy to generate SBOMs
8 Security Gate	Enforce the image policy	2026-10-07T14:21:49.5599323Z 2026-10-07T14:21:49Z	INFO	Detected OS	family="debian" version="13.7"
8 Security Gate	Enforce the image policy	2026-10-07T14:21:49.5600558Z 2026-10-07T14:21:49Z	INFO	[debian] Detecting vulnerabilities...	os_version="13" pkg_num=87
8 Security Gate	Enforce the image policy	2026-10-07T14:21:49.5694971Z 2026-10-07T14:21:49Z	INFO	Number of language-specific files	num=1
8 Security Gate	Enforce the image policy	2026-10-07T14:21:49.5695914Z 2026-10-07T14:21:49Z	INFO	[python-pkg] Detecting vulnerabilities...
8 Security Gate	Enforce the image policy	2026-10-07T14:21:49.5715806Z 2026-10-07T14:21:49Z	WARN	Using severities from other vendors for some vulnerabilities. Read https://trivy.dev/docs/v0.75/guide/scanner/vulnerability#severity-selection for details.
8 Security Gate	Enforce the image policy	2026-10-07T14:21:49.5887912Z 
8 Security Gate	Enforce the image policy	2026-10-07T14:21:49.5888678Z Report Summary
8 Security Gate	Enforce the image policy	2026-10-07T14:21:49.5889057Z 
8 Security Gate	Enforce the image policy	2026-10-07T14:21:49.5989189Z ┌──────────────────────────────────────────────────────────────────────────────────┬────────────┬─────────────────┐
8 Security Gate	Enforce the image policy	2026-10-07T14:21:49.5989974Z │                                      Target                                      │    Type    │ Vulnerabilities │
8 Security Gate	Enforce the image policy	2026-10-07T14:21:49.5990721Z ├──────────────────────────────────────────────────────────────────────────────────┼────────────┼─────────────────┤
8 Security Gate	Enforce the image policy	2026-10-07T14:21:49.5991407Z │ claim-check-api:1.0.9-e2a54b4 (debian 13.7)                                      │   debian   │        0        │
8 Security Gate	Enforce the image policy	2026-10-07T14:21:49.5992574Z ├──────────────────────────────────────────────────────────────────────────────────┼────────────┼─────────────────┤
8 Security Gate	Enforce the image policy	2026-10-07T14:21:49.5993381Z │ usr/local/lib/python3.13/site-packages/blinker-1.9.0.dist-info/METADATA          │ python-pkg │        0        │
8 Security Gate	Enforce the image policy	2026-10-07T14:21:49.5994474Z ├──────────────────────────────────────────────────────────────────────────────────┼────────────┼─────────────────┤
8 Security Gate	Enforce the image policy	2026-10-07T14:21:49.5995294Z │ usr/local/lib/python3.13/site-packages/certifi-2026.7.22.dist-info/METADATA      │ python-pkg │        0        │
8 Security Gate	Enforce the image policy	2026-10-07T14:21:49.5996113Z ├──────────────────────────────────────────────────────────────────────────────────┼────────────┼─────────────────┤
8 Security Gate	Enforce the image policy	2026-10-07T14:21:49.5997389Z │ usr/local/lib/python3.13/site-packages/charset_normalizer-3.5.2.dist-info/METAD- │ python-pkg │        0        │
8 Security Gate	Enforce the image policy	2026-10-07T14:21:49.5998078Z │ ATA                                                                              │            │                 │
8 Security Gate	Enforce the image policy	2026-10-07T14:21:49.5998737Z ├──────────────────────────────────────────────────────────────────────────────────┼────────────┼─────────────────┤
8 Security Gate	Enforce the image policy	2026-10-07T14:21:49.5999493Z │ usr/local/lib/python3.13/site-packages/click-8.5.0.dist-info/METADATA            │ python-pkg │        0        │
8 Security Gate	Enforce the image policy	2026-10-07T14:21:49.6000326Z ├──────────────────────────────────────────────────────────────────────────────────┼────────────┼─────────────────┤
8 Security Gate	Enforce the image policy	2026-10-07T14:21:49.6001322Z │ usr/local/lib/python3.13/site-packages/flask-3.1.3.dist-info/METADATA            │ python-pkg │        0        │
8 Security Gate	Enforce the image policy	2026-10-07T14:21:49.6002486Z ├──────────────────────────────────────────────────────────────────────────────────┼────────────┼─────────────────┤
8 Security Gate	Enforce the image policy	2026-10-07T14:21:49.6003339Z │ usr/local/lib/python3.13/site-packages/gunicorn-26.2.0.dist-info/METADATA        │ python-pkg │        0        │
8 Security Gate	Enforce the image policy	2026-10-07T14:21:49.6004188Z ├──────────────────────────────────────────────────────────────────────────────────┼────────────┼─────────────────┤
8 Security Gate	Enforce the image policy	2026-10-07T14:21:49.6004980Z │ usr/local/lib/python3.13/site-packages/idna-3.20.dist-info/METADATA              │ python-pkg │        0        │
8 Security Gate	Enforce the image policy	2026-10-07T14:21:49.6005810Z ├──────────────────────────────────────────────────────────────────────────────────┼────────────┼─────────────────┤
8 Security Gate	Enforce the image policy	2026-10-07T14:21:49.6006601Z │ usr/local/lib/python3.13/site-packages/itsdangerous-2.2.0.dist-info/METADATA     │ python-pkg │        0        │
8 Security Gate	Enforce the image policy	2026-10-07T14:21:49.6007465Z ├──────────────────────────────────────────────────────────────────────────────────┼────────────┼─────────────────┤
8 Security Gate	Enforce the image policy	2026-10-07T14:21:49.6008254Z │ usr/local/lib/python3.13/site-packages/jinja2-3.1.6.dist-info/METADATA           │ python-pkg │        0        │
8 Security Gate	Enforce the image policy	2026-10-07T14:21:49.6009314Z ├──────────────────────────────────────────────────────────────────────────────────┼────────────┼─────────────────┤
8 Security Gate	Enforce the image policy	2026-10-07T14:21:49.6010160Z │ usr/local/lib/python3.13/site-packages/markupsafe-3.0.4.dist-info/METADATA       │ python-pkg │        0        │
8 Security Gate	Enforce the image policy	2026-10-07T14:21:49.6011118Z ├──────────────────────────────────────────────────────────────────────────────────┼────────────┼─────────────────┤
8 Security Gate	Enforce the image policy	2026-10-07T14:21:49.6012208Z │ usr/local/lib/python3.13/site-packages/pyyaml-6.0.3.dist-info/METADATA           │ python-pkg │        0        │
8 Security Gate	Enforce the image policy	2026-10-07T14:21:49.6013218Z ├──────────────────────────────────────────────────────────────────────────────────┼────────────┼─────────────────┤
8 Security Gate	Enforce the image policy	2026-10-07T14:21:49.6014196Z │ usr/local/lib/python3.13/site-packages/requests-2.34.2.dist-info/METADATA        │ python-pkg │        0        │
8 Security Gate	Enforce the image policy	2026-10-07T14:21:49.6015007Z ├──────────────────────────────────────────────────────────────────────────────────┼────────────┼─────────────────┤
8 Security Gate	Enforce the image policy	2026-10-07T14:21:49.6015793Z │ usr/local/lib/python3.13/site-packages/urllib3-2.8.0.dist-info/METADATA          │ python-pkg │        0        │
8 Security Gate	Enforce the image policy	2026-10-07T14:21:49.6016606Z ├──────────────────────────────────────────────────────────────────────────────────┼────────────┼─────────────────┤
8 Security Gate	Enforce the image policy	2026-10-07T14:21:49.6017370Z │ usr/local/lib/python3.13/site-packages/werkzeug-3.1.9.dist-info/METADATA         │ python-pkg │        0        │
8 Security Gate	Enforce the image policy	2026-10-07T14:21:49.6018177Z └──────────────────────────────────────────────────────────────────────────────────┴────────────┴─────────────────┘
8 Security Gate	Enforce the image policy	2026-10-07T14:21:49.6018627Z Legend:
8 Security Gate	Enforce the image policy	2026-10-07T14:21:49.6018820Z - '-': Not scanned
8 Security Gate	Enforce the image policy	2026-10-07T14:21:49.6019064Z - '0': Clean (no security findings detected)
8 Security Gate	Enforce the image policy	2026-10-07T14:21:49.6019294Z 
8 Security Gate	Enforce the image policy	2026-10-07T14:21:49.6019404Z gate passed, the image may be published
8 Security Gate	Complete job	﻿2026-10-07T14:21:49.6108118Z Cleaning up orphan processes
8 Security Gate	Complete job	2026-10-07T14:21:49.6488501Z ##[warning]Node.js 20 is deprecated. The following actions target Node.js 20 but are being forced to run on Node.js 24: actions/download-artifact@v4. For more information see: https://github.blog/changelog/2025-09-19-deprecation-of-node-20-on-github-actions-runners/
9 Push Image to GHCR	Set up job	﻿2026-10-07T14:21:56.1403622Z Current runner version: '2.337.0'
9 Push Image to GHCR	Set up job	2026-10-07T14:21:56.1425607Z ##[group]Runner Image Provisioner
9 Push Image to GHCR	Set up job	2026-10-07T14:21:56.1426406Z Hosted Compute Agent
9 Push Image to GHCR	Set up job	2026-10-07T14:21:56.1426996Z Version: 20261002.596
9 Push Image to GHCR	Set up job	2026-10-07T14:21:56.1427520Z Commit: c3d12f3313a95f25162a1503be624f3b0617f8c0
9 Push Image to GHCR	Set up job	2026-10-07T14:21:56.1428411Z Build Date: 2026-10-02T22:28:27Z
9 Push Image to GHCR	Set up job	2026-10-07T14:21:56.1429023Z Worker ID: {98dec05c-09d6-4854-8b42-c07ee94fd041}
9 Push Image to GHCR	Set up job	2026-10-07T14:21:56.1429642Z Region: westus3
9 Push Image to GHCR	Set up job	2026-10-07T14:21:56.1430141Z Cloud: Azure
9 Push Image to GHCR	Set up job	2026-10-07T14:21:56.1430594Z ##[endgroup]
9 Push Image to GHCR	Set up job	2026-10-07T14:21:56.1431755Z ##[group]Operating System
9 Push Image to GHCR	Set up job	2026-10-07T14:21:56.1432315Z Ubuntu
9 Push Image to GHCR	Set up job	2026-10-07T14:21:56.1432745Z 24.04.5
9 Push Image to GHCR	Set up job	2026-10-07T14:21:56.1433219Z LTS
9 Push Image to GHCR	Set up job	2026-10-07T14:21:56.1433638Z ##[endgroup]
9 Push Image to GHCR	Set up job	2026-10-07T14:21:56.1434350Z ##[group]Runner Image
9 Push Image to GHCR	Set up job	2026-10-07T14:21:56.1434906Z Image: ubuntu-24.04
9 Push Image to GHCR	Set up job	2026-10-07T14:21:56.1435425Z Version: 20261004.327.1
9 Push Image to GHCR	Set up job	2026-10-07T14:21:56.1436491Z Included Software: https://github.com/actions/runner-images/blob/ubuntu24/20261004.327/images/ubuntu/Ubuntu2404-Readme.md
9 Push Image to GHCR	Set up job	2026-10-07T14:21:56.1438176Z Image Release: https://github.com/actions/runner-images/releases/tag/ubuntu24%2F20261004.327
9 Push Image to GHCR	Set up job	2026-10-07T14:21:56.1439008Z ##[endgroup]
9 Push Image to GHCR	Set up job	2026-10-07T14:21:56.1440013Z ##[group]GITHUB_TOKEN Permissions
9 Push Image to GHCR	Set up job	2026-10-07T14:21:56.1442058Z Contents: read
9 Push Image to GHCR	Set up job	2026-10-07T14:21:56.1442546Z Metadata: read
9 Push Image to GHCR	Set up job	2026-10-07T14:21:56.1443049Z Packages: write
9 Push Image to GHCR	Set up job	2026-10-07T14:21:56.1443504Z ##[endgroup]
9 Push Image to GHCR	Set up job	2026-10-07T14:21:56.1445206Z Secret source: Actions
9 Push Image to GHCR	Set up job	2026-10-07T14:21:56.1446018Z Cache mode: write
9 Push Image to GHCR	Set up job	2026-10-07T14:21:56.1446562Z Prepare workflow directory
9 Push Image to GHCR	Set up job	2026-10-07T14:21:56.1787111Z Prepare all required actions
9 Push Image to GHCR	Set up job	2026-10-07T14:21:56.1850744Z Getting action download info
9 Push Image to GHCR	Set up job	2026-10-07T14:21:56.4919101Z Download action repository 'actions/download-artifact@v4' (SHA:d3f86a106a0bac45b974a628896c90dbdf5c8093)
9 Push Image to GHCR	Set up job	2026-10-07T14:21:57.9803026Z Download action repository 'docker/login-action@v3' (SHA:c94ce9fb468520275223c153574b00df6fe4bcc9)
9 Push Image to GHCR	Set up job	2026-10-07T14:21:58.9798376Z Complete job name: 9 Push Image to GHCR
9 Push Image to GHCR	Download the image	﻿2026-10-07T14:21:59.0373633Z ##[group]Run actions/download-artifact@v4
9 Push Image to GHCR	Download the image	2026-10-07T14:21:59.0374399Z with:
9 Push Image to GHCR	Download the image	2026-10-07T14:21:59.0374814Z   name: claim-check-api-image
9 Push Image to GHCR	Download the image	2026-10-07T14:21:59.0375264Z   merge-multiple: false
9 Push Image to GHCR	Download the image	2026-10-07T14:21:59.0375728Z   repository: AmanYadav7015/devops-coursework
9 Push Image to GHCR	Download the image	2026-10-07T14:21:59.0376214Z   run-id: 37635580923
9 Push Image to GHCR	Download the image	2026-10-07T14:21:59.0376655Z env:
9 Push Image to GHCR	Download the image	2026-10-07T14:21:59.0377071Z   APP_DIR: labs/17-devsecops
9 Push Image to GHCR	Download the image	2026-10-07T14:21:59.0377502Z   IMAGE_NAME: claim-check-api
9 Push Image to GHCR	Download the image	2026-10-07T14:21:59.0378155Z   TRIVY_VERSION: 0.75.0
9 Push Image to GHCR	Download the image	2026-10-07T14:21:59.0378609Z   GITLEAKS_VERSION: 8.30.1
9 Push Image to GHCR	Download the image	2026-10-07T14:21:59.0379039Z   PYTHON_VERSION: 3.13
9 Push Image to GHCR	Download the image	2026-10-07T14:21:59.0379467Z ##[endgroup]
9 Push Image to GHCR	Download the image	2026-10-07T14:21:59.1788685Z Downloading single artifact
9 Push Image to GHCR	Download the image	2026-10-07T14:21:59.1895600Z (node:1978) [DEP0040] DeprecationWarning: The `punycode` module is deprecated. Please use a userland alternative instead.
9 Push Image to GHCR	Download the image	2026-10-07T14:21:59.1897516Z (Use `node --trace-deprecation ...` to show where the warning was created)
9 Push Image to GHCR	Download the image	2026-10-07T14:21:59.4289611Z Preparing to download the following artifacts:
9 Push Image to GHCR	Download the image	2026-10-07T14:21:59.4291614Z - claim-check-api-image (ID: 11489776030, Size: 47559200, Expected Digest: sha256:c89f59b3851c554f5f852b61a798e767f504169d67b18ad06ca095bc3e6ddfc6)
9 Push Image to GHCR	Download the image	2026-10-07T14:21:59.7077421Z Redirecting to blob download url: https://productionresultssa11.blob.core.windows.net/actions-results/6016ab27-675b-8451-81f2-9b07848a9e50/workflow-job-run-6d9ea886-aa2f-5008-a11a-93ec1e4a94ca/artifacts/f9c5d6b802cd6fa27eddc3f3422d02486a05079d38b14328033e3dd7d8831f07.zip
9 Push Image to GHCR	Download the image	2026-10-07T14:21:59.7079801Z Starting download of artifact to: /home/runner/work/devops-coursework/devops-coursework
9 Push Image to GHCR	Download the image	2026-10-07T14:21:59.9774172Z (node:1978) [DEP0005] DeprecationWarning: Buffer() is deprecated due to security and usability issues. Please use the Buffer.alloc(), Buffer.allocUnsafe(), or Buffer.from() methods instead.
9 Push Image to GHCR	Download the image	2026-10-07T14:22:01.8260152Z SHA256 digest of downloaded artifact is c89f59b3851c554f5f852b61a798e767f504169d67b18ad06ca095bc3e6ddfc6
9 Push Image to GHCR	Download the image	2026-10-07T14:22:01.8262480Z Artifact download completed successfully.
9 Push Image to GHCR	Download the image	2026-10-07T14:22:01.8263365Z Total of 1 artifact(s) downloaded
9 Push Image to GHCR	Download the image	2026-10-07T14:22:01.8264094Z Download artifact has finished successfully
9 Push Image to GHCR	Load the gated image	﻿2026-10-07T14:22:01.8458472Z ##[group]Run gunzip -c image.tar.gz | docker load
9 Push Image to GHCR	Load the gated image	2026-10-07T14:22:01.8459091Z [36;1mgunzip -c image.tar.gz | docker load[0m
9 Push Image to GHCR	Load the gated image	2026-10-07T14:22:01.8459478Z [36;1mdocker image ls "${IMAGE_NAME}"[0m
9 Push Image to GHCR	Load the gated image	2026-10-07T14:22:01.8644447Z shell: /usr/bin/bash --noprofile --norc -e -o pipefail {0}
9 Push Image to GHCR	Load the gated image	2026-10-07T14:22:01.8644874Z env:
9 Push Image to GHCR	Load the gated image	2026-10-07T14:22:01.8645114Z   APP_DIR: labs/17-devsecops
9 Push Image to GHCR	Load the gated image	2026-10-07T14:22:01.8645398Z   IMAGE_NAME: claim-check-api
9 Push Image to GHCR	Load the gated image	2026-10-07T14:22:01.8645682Z   TRIVY_VERSION: 0.75.0
9 Push Image to GHCR	Load the gated image	2026-10-07T14:22:01.8645991Z   GITLEAKS_VERSION: 8.30.1
9 Push Image to GHCR	Load the gated image	2026-10-07T14:22:01.8646287Z   PYTHON_VERSION: 3.13
9 Push Image to GHCR	Load the gated image	2026-10-07T14:22:01.8646561Z ##[endgroup]
9 Push Image to GHCR	Load the gated image	2026-10-07T14:22:11.5310806Z Loaded image: claim-check-api:1.0.9-e2a54b4
9 Push Image to GHCR	Load the gated image	2026-10-07T14:22:11.5594334Z REPOSITORY        TAG             IMAGE ID       CREATED              SIZE
9 Push Image to GHCR	Load the gated image	2026-10-07T14:22:11.5594996Z claim-check-api   1.0.9-e2a54b4   7fa492f965ff   About a minute ago   129MB
9 Push Image to GHCR	Login to GHCR	﻿2026-10-07T14:22:11.5676339Z ##[group]Run docker/login-action@v3
9 Push Image to GHCR	Login to GHCR	2026-10-07T14:22:11.5676606Z with:
9 Push Image to GHCR	Login to GHCR	2026-10-07T14:22:11.5676791Z   registry: ghcr.io
9 Push Image to GHCR	Login to GHCR	2026-10-07T14:22:11.5677010Z   username: AmanYadav7015
9 Push Image to GHCR	Login to GHCR	2026-10-07T14:22:11.5679621Z   password: ***
9 Push Image to GHCR	Login to GHCR	2026-10-07T14:22:11.5679836Z   logout: true
9 Push Image to GHCR	Login to GHCR	2026-10-07T14:22:11.5680027Z env:
9 Push Image to GHCR	Login to GHCR	2026-10-07T14:22:11.5680218Z   APP_DIR: labs/17-devsecops
9 Push Image to GHCR	Login to GHCR	2026-10-07T14:22:11.5680465Z   IMAGE_NAME: claim-check-api
9 Push Image to GHCR	Login to GHCR	2026-10-07T14:22:11.5680697Z   TRIVY_VERSION: 0.75.0
9 Push Image to GHCR	Login to GHCR	2026-10-07T14:22:11.5680952Z   GITLEAKS_VERSION: 8.30.1
9 Push Image to GHCR	Login to GHCR	2026-10-07T14:22:11.5681201Z   PYTHON_VERSION: 3.13
9 Push Image to GHCR	Login to GHCR	2026-10-07T14:22:11.5681459Z ##[endgroup]
9 Push Image to GHCR	Login to GHCR	2026-10-07T14:22:11.8204865Z Logging into ghcr.io...
9 Push Image to GHCR	Login to GHCR	2026-10-07T14:22:11.8225207Z (node:2027) [DEP0040] DeprecationWarning: The `punycode` module is deprecated. Please use a userland alternative instead.
9 Push Image to GHCR	Login to GHCR	2026-10-07T14:22:11.8226609Z (Use `node --trace-deprecation ...` to show where the warning was created)
9 Push Image to GHCR	Login to GHCR	2026-10-07T14:22:12.4800612Z Login Succeeded!
9 Push Image to GHCR	Tag and push	﻿2026-10-07T14:22:12.4915391Z ##[group]Run LOCAL="${IMAGE_NAME}:1.0.9-e2a54b4"
9 Push Image to GHCR	Tag and push	2026-10-07T14:22:12.4915759Z [36;1mLOCAL="${IMAGE_NAME}:1.0.9-e2a54b4"[0m
9 Push Image to GHCR	Tag and push	2026-10-07T14:22:12.4916135Z [36;1mREMOTE="ghcr.io/amanyadav7015/devops-coursework/claim-check-api"[0m
9 Push Image to GHCR	Tag and push	2026-10-07T14:22:12.4916509Z [36;1mdocker tag "$LOCAL" "${REMOTE}:1.0.9-e2a54b4"[0m
9 Push Image to GHCR	Tag and push	2026-10-07T14:22:12.4916823Z [36;1mdocker tag "$LOCAL" "${REMOTE}:session17-latest"[0m
9 Push Image to GHCR	Tag and push	2026-10-07T14:22:12.4917187Z [36;1mdocker push "${REMOTE}:1.0.9-e2a54b4"[0m
9 Push Image to GHCR	Tag and push	2026-10-07T14:22:12.4917478Z [36;1mdocker push "${REMOTE}:session17-latest"[0m
9 Push Image to GHCR	Tag and push	2026-10-07T14:22:12.4952601Z shell: /usr/bin/bash --noprofile --norc -e -o pipefail {0}
9 Push Image to GHCR	Tag and push	2026-10-07T14:22:12.4952928Z env:
9 Push Image to GHCR	Tag and push	2026-10-07T14:22:12.4953163Z   APP_DIR: labs/17-devsecops
9 Push Image to GHCR	Tag and push	2026-10-07T14:22:12.4953432Z   IMAGE_NAME: claim-check-api
9 Push Image to GHCR	Tag and push	2026-10-07T14:22:12.4953672Z   TRIVY_VERSION: 0.75.0
9 Push Image to GHCR	Tag and push	2026-10-07T14:22:12.4953891Z   GITLEAKS_VERSION: 8.30.1
9 Push Image to GHCR	Tag and push	2026-10-07T14:22:12.4954131Z   PYTHON_VERSION: 3.13
9 Push Image to GHCR	Tag and push	2026-10-07T14:22:12.4954336Z ##[endgroup]
9 Push Image to GHCR	Tag and push	2026-10-07T14:22:12.5813946Z The push refers to repository [ghcr.io/amanyadav7015/devops-coursework/claim-check-api]
9 Push Image to GHCR	Tag and push	2026-10-07T14:22:12.7513268Z a9859393c5d9: Preparing
9 Push Image to GHCR	Tag and push	2026-10-07T14:22:12.7513707Z d8809c842a34: Preparing
9 Push Image to GHCR	Tag and push	2026-10-07T14:22:12.7513988Z 04ab2b0ab620: Preparing
9 Push Image to GHCR	Tag and push	2026-10-07T14:22:12.7514275Z 4922bcdd528f: Preparing
9 Push Image to GHCR	Tag and push	2026-10-07T14:22:12.7514542Z 528ad9913a89: Preparing
9 Push Image to GHCR	Tag and push	2026-10-07T14:22:12.7514869Z 5f70bf18a086: Preparing
9 Push Image to GHCR	Tag and push	2026-10-07T14:22:12.7515148Z d175833b7147: Preparing
9 Push Image to GHCR	Tag and push	2026-10-07T14:22:12.7515440Z acbf34fa608c: Preparing
9 Push Image to GHCR	Tag and push	2026-10-07T14:22:12.7515751Z 285510654d1d: Preparing
9 Push Image to GHCR	Tag and push	2026-10-07T14:22:12.7516178Z 15f1c8eb1ab1: Preparing
9 Push Image to GHCR	Tag and push	2026-10-07T14:22:12.7516817Z 5f70bf18a086: Waiting
9 Push Image to GHCR	Tag and push	2026-10-07T14:22:12.7517100Z d175833b7147: Waiting
9 Push Image to GHCR	Tag and push	2026-10-07T14:22:12.7517629Z acbf34fa608c: Waiting
9 Push Image to GHCR	Tag and push	2026-10-07T14:22:12.7518275Z 285510654d1d: Waiting
9 Push Image to GHCR	Tag and push	2026-10-07T14:22:12.7518551Z 15f1c8eb1ab1: Waiting
9 Push Image to GHCR	Tag and push	2026-10-07T14:22:14.8861952Z a9859393c5d9: Pushed
9 Push Image to GHCR	Tag and push	2026-10-07T14:22:14.9552292Z 4922bcdd528f: Pushed
9 Push Image to GHCR	Tag and push	2026-10-07T14:22:15.0151154Z d8809c842a34: Pushed
9 Push Image to GHCR	Tag and push	2026-10-07T14:22:15.1002223Z 5f70bf18a086: Layer already exists
9 Push Image to GHCR	Tag and push	2026-10-07T14:22:15.3224520Z 528ad9913a89: Pushed
9 Push Image to GHCR	Tag and push	2026-10-07T14:22:15.3362611Z 04ab2b0ab620: Pushed
9 Push Image to GHCR	Tag and push	2026-10-07T14:22:16.3442782Z d175833b7147: Pushed
9 Push Image to GHCR	Tag and push	2026-10-07T14:22:16.6720383Z 285510654d1d: Pushed
9 Push Image to GHCR	Tag and push	2026-10-07T14:22:18.0197194Z acbf34fa608c: Pushed
9 Push Image to GHCR	Tag and push	2026-10-07T14:22:20.1573023Z 15f1c8eb1ab1: Pushed
9 Push Image to GHCR	Tag and push	2026-10-07T14:22:22.8237240Z 1.0.9-e2a54b4: digest: sha256:4ec6fd8b89d88d857e25831c546d0c56eef8333e4597cde745ae4b9da86f1ca5 size: 2410
9 Push Image to GHCR	Tag and push	2026-10-07T14:22:22.8604723Z The push refers to repository [ghcr.io/amanyadav7015/devops-coursework/claim-check-api]
9 Push Image to GHCR	Tag and push	2026-10-07T14:22:23.0288314Z a9859393c5d9: Preparing
9 Push Image to GHCR	Tag and push	2026-10-07T14:22:23.0288899Z d8809c842a34: Preparing
9 Push Image to GHCR	Tag and push	2026-10-07T14:22:23.0289502Z 04ab2b0ab620: Preparing
9 Push Image to GHCR	Tag and push	2026-10-07T14:22:23.0294820Z 4922bcdd528f: Preparing
9 Push Image to GHCR	Tag and push	2026-10-07T14:22:23.0295151Z 528ad9913a89: Preparing
9 Push Image to GHCR	Tag and push	2026-10-07T14:22:23.0295475Z 5f70bf18a086: Preparing
9 Push Image to GHCR	Tag and push	2026-10-07T14:22:23.0295855Z d175833b7147: Preparing
9 Push Image to GHCR	Tag and push	2026-10-07T14:22:23.0296115Z acbf34fa608c: Preparing
9 Push Image to GHCR	Tag and push	2026-10-07T14:22:23.0296333Z 285510654d1d: Preparing
9 Push Image to GHCR	Tag and push	2026-10-07T14:22:23.0296535Z 15f1c8eb1ab1: Preparing
9 Push Image to GHCR	Tag and push	2026-10-07T14:22:23.0296730Z 285510654d1d: Waiting
9 Push Image to GHCR	Tag and push	2026-10-07T14:22:23.0296945Z 5f70bf18a086: Waiting
9 Push Image to GHCR	Tag and push	2026-10-07T14:22:23.0297142Z 15f1c8eb1ab1: Waiting
9 Push Image to GHCR	Tag and push	2026-10-07T14:22:23.0297349Z d175833b7147: Waiting
9 Push Image to GHCR	Tag and push	2026-10-07T14:22:23.0297580Z acbf34fa608c: Waiting
9 Push Image to GHCR	Tag and push	2026-10-07T14:22:23.4828534Z 4922bcdd528f: Layer already exists
9 Push Image to GHCR	Tag and push	2026-10-07T14:22:23.4859602Z 04ab2b0ab620: Layer already exists
9 Push Image to GHCR	Tag and push	2026-10-07T14:22:23.4890549Z d8809c842a34: Layer already exists
9 Push Image to GHCR	Tag and push	2026-10-07T14:22:23.4928944Z a9859393c5d9: Layer already exists
9 Push Image to GHCR	Tag and push	2026-10-07T14:22:23.4978841Z 528ad9913a89: Layer already exists
9 Push Image to GHCR	Tag and push	2026-10-07T14:22:23.6808098Z acbf34fa608c: Layer already exists
9 Push Image to GHCR	Tag and push	2026-10-07T14:22:23.6815658Z d175833b7147: Layer already exists
9 Push Image to GHCR	Tag and push	2026-10-07T14:22:23.6884415Z 285510654d1d: Layer already exists
9 Push Image to GHCR	Tag and push	2026-10-07T14:22:23.6940212Z 15f1c8eb1ab1: Layer already exists
9 Push Image to GHCR	Tag and push	2026-10-07T14:22:23.6992341Z 5f70bf18a086: Layer already exists
9 Push Image to GHCR	Tag and push	2026-10-07T14:22:24.4130056Z session17-latest: digest: sha256:4ec6fd8b89d88d857e25831c546d0c56eef8333e4597cde745ae4b9da86f1ca5 size: 2410
9 Push Image to GHCR	Report the published package reference	﻿2026-10-07T14:22:24.4174091Z ##[group]Run REMOTE="ghcr.io/amanyadav7015/devops-coursework/claim-check-api"
9 Push Image to GHCR	Report the published package reference	2026-10-07T14:22:24.4174596Z [36;1mREMOTE="ghcr.io/amanyadav7015/devops-coursework/claim-check-api"[0m
9 Push Image to GHCR	Report the published package reference	2026-10-07T14:22:24.4174985Z [36;1mdocker image inspect "${REMOTE}:1.0.9-e2a54b4" \[0m
9 Push Image to GHCR	Report the published package reference	2026-10-07T14:22:24.4175306Z [36;1m  --format 'digest={{index .RepoDigests 0}}'[0m
9 Push Image to GHCR	Report the published package reference	2026-10-07T14:22:24.4175621Z [36;1mecho "package reference : ${REMOTE}:1.0.9-e2a54b4"[0m
9 Push Image to GHCR	Report the published package reference	2026-10-07T14:22:24.4175960Z [36;1mecho "package reference : ${REMOTE}:session17-latest"[0m
9 Push Image to GHCR	Report the published package reference	2026-10-07T14:22:24.4176439Z [36;1mecho "packages page     : https://github.com/${GITHUB_REPOSITORY}/pkgs/container/${IMAGE_NAME}"[0m
9 Push Image to GHCR	Report the published package reference	2026-10-07T14:22:24.4211517Z shell: /usr/bin/bash --noprofile --norc -e -o pipefail {0}
9 Push Image to GHCR	Report the published package reference	2026-10-07T14:22:24.4211895Z env:
9 Push Image to GHCR	Report the published package reference	2026-10-07T14:22:24.4212148Z   APP_DIR: labs/17-devsecops
9 Push Image to GHCR	Report the published package reference	2026-10-07T14:22:24.4212423Z   IMAGE_NAME: claim-check-api
9 Push Image to GHCR	Report the published package reference	2026-10-07T14:22:24.4212685Z   TRIVY_VERSION: 0.75.0
9 Push Image to GHCR	Report the published package reference	2026-10-07T14:22:24.4212919Z   GITLEAKS_VERSION: 8.30.1
9 Push Image to GHCR	Report the published package reference	2026-10-07T14:22:24.4213227Z   PYTHON_VERSION: 3.13
9 Push Image to GHCR	Report the published package reference	2026-10-07T14:22:24.4213451Z ##[endgroup]
9 Push Image to GHCR	Report the published package reference	2026-10-07T14:22:24.4374707Z digest=ghcr.io/amanyadav7015/devops-coursework/claim-check-api@sha256:4ec6fd8b89d88d857e25831c546d0c56eef8333e4597cde745ae4b9da86f1ca5
9 Push Image to GHCR	Report the published package reference	2026-10-07T14:22:24.4382318Z package reference : ghcr.io/amanyadav7015/devops-coursework/claim-check-api:1.0.9-e2a54b4
9 Push Image to GHCR	Report the published package reference	2026-10-07T14:22:24.4383454Z package reference : ghcr.io/amanyadav7015/devops-coursework/claim-check-api:session17-latest
9 Push Image to GHCR	Report the published package reference	2026-10-07T14:22:24.4384268Z packages page     : https://github.com/AmanYadav7015/devops-coursework/pkgs/container/claim-check-api
9 Push Image to GHCR	Post Login to GHCR	﻿2026-10-07T14:22:24.4446321Z Post job cleanup.
9 Push Image to GHCR	Post Login to GHCR	2026-10-07T14:22:24.7019651Z ##[group]Logout from ghcr.io
9 Push Image to GHCR	Post Login to GHCR	2026-10-07T14:22:24.7035240Z (node:2092) [DEP0040] DeprecationWarning: The `punycode` module is deprecated. Please use a userland alternative instead.
9 Push Image to GHCR	Post Login to GHCR	2026-10-07T14:22:24.7036363Z (Use `node --trace-deprecation ...` to show where the warning was created)
9 Push Image to GHCR	Post Login to GHCR	2026-10-07T14:22:24.7065764Z [command]/usr/bin/docker logout ghcr.io
9 Push Image to GHCR	Post Login to GHCR	2026-10-07T14:22:24.7197489Z Removing login credentials for ghcr.io
9 Push Image to GHCR	Post Login to GHCR	2026-10-07T14:22:24.7221561Z ##[endgroup]
9 Push Image to GHCR	Post Login to GHCR	2026-10-07T14:22:24.7222130Z ##[group]Post cache
9 Push Image to GHCR	Post Login to GHCR	2026-10-07T14:22:24.7222543Z State not set
9 Push Image to GHCR	Post Login to GHCR	2026-10-07T14:22:24.7223008Z ##[endgroup]
9 Push Image to GHCR	Complete job	﻿2026-10-07T14:22:24.7385898Z Cleaning up orphan processes
9 Push Image to GHCR	Complete job	2026-10-07T14:22:24.7660868Z ##[warning]Node.js 20 is deprecated. The following actions target Node.js 20 but are being forced to run on Node.js 24: actions/download-artifact@v4, docker/login-action@v3. For more information see: https://github.blog/changelog/2025-09-19-deprecation-of-node-20-on-github-actions-runners/
10 Deploy to Kubernetes	Set up job	﻿2026-10-07T14:22:31.4699326Z Current runner version: '2.337.0'
10 Deploy to Kubernetes	Set up job	2026-10-07T14:22:31.4737064Z ##[group]Runner Image Provisioner
10 Deploy to Kubernetes	Set up job	2026-10-07T14:22:31.4739281Z Hosted Compute Agent
10 Deploy to Kubernetes	Set up job	2026-10-07T14:22:31.4740354Z Version: 20261002.596
10 Deploy to Kubernetes	Set up job	2026-10-07T14:22:31.4741556Z Commit: c3d12f3313a95f25162a1503be624f3b0617f8c0
10 Deploy to Kubernetes	Set up job	2026-10-07T14:22:31.4743106Z Build Date: 2026-10-02T22:28:27Z
10 Deploy to Kubernetes	Set up job	2026-10-07T14:22:31.4744405Z Worker ID: {fbb5db84-e4bf-4354-82a6-7212407b0392}
10 Deploy to Kubernetes	Set up job	2026-10-07T14:22:31.4745864Z Region: eastus
10 Deploy to Kubernetes	Set up job	2026-10-07T14:22:31.4746839Z Cloud: Azure
10 Deploy to Kubernetes	Set up job	2026-10-07T14:22:31.4747925Z ##[endgroup]
10 Deploy to Kubernetes	Set up job	2026-10-07T14:22:31.4750712Z ##[group]Operating System
10 Deploy to Kubernetes	Set up job	2026-10-07T14:22:31.4751754Z Ubuntu
10 Deploy to Kubernetes	Set up job	2026-10-07T14:22:31.4752672Z 24.04.5
10 Deploy to Kubernetes	Set up job	2026-10-07T14:22:31.4753536Z LTS
10 Deploy to Kubernetes	Set up job	2026-10-07T14:22:31.4754519Z ##[endgroup]
10 Deploy to Kubernetes	Set up job	2026-10-07T14:22:31.4755580Z ##[group]Runner Image
10 Deploy to Kubernetes	Set up job	2026-10-07T14:22:31.4756842Z Image: ubuntu-24.04
10 Deploy to Kubernetes	Set up job	2026-10-07T14:22:31.4757932Z Version: 20261004.327.1
10 Deploy to Kubernetes	Set up job	2026-10-07T14:22:31.4760153Z Included Software: https://github.com/actions/runner-images/blob/ubuntu24/20261004.327/images/ubuntu/Ubuntu2404-Readme.md
10 Deploy to Kubernetes	Set up job	2026-10-07T14:22:31.4763456Z Image Release: https://github.com/actions/runner-images/releases/tag/ubuntu24%2F20261004.327
10 Deploy to Kubernetes	Set up job	2026-10-07T14:22:31.4765435Z ##[endgroup]
10 Deploy to Kubernetes	Set up job	2026-10-07T14:22:31.4767378Z ##[group]GITHUB_TOKEN Permissions
10 Deploy to Kubernetes	Set up job	2026-10-07T14:22:31.4770680Z Contents: read
10 Deploy to Kubernetes	Set up job	2026-10-07T14:22:31.4771708Z Metadata: read
10 Deploy to Kubernetes	Set up job	2026-10-07T14:22:31.4772764Z ##[endgroup]
10 Deploy to Kubernetes	Set up job	2026-10-07T14:22:31.4775897Z Secret source: Actions
10 Deploy to Kubernetes	Set up job	2026-10-07T14:22:31.4777646Z Cache mode: write
10 Deploy to Kubernetes	Set up job	2026-10-07T14:22:31.4779456Z Prepare workflow directory
10 Deploy to Kubernetes	Set up job	2026-10-07T14:22:31.5402642Z Prepare all required actions
10 Deploy to Kubernetes	Set up job	2026-10-07T14:22:31.5476895Z Getting action download info
10 Deploy to Kubernetes	Set up job	2026-10-07T14:22:31.7424113Z Download action repository 'actions/checkout@v4' (SHA:11d5960a326750d5838078e36cf38b85af677262)
10 Deploy to Kubernetes	Set up job	2026-10-07T14:22:31.8689362Z Download action repository 'azure/setup-kubectl@v4' (SHA:776406bce94f63e41d621b960d78ee25c8b76ede)
10 Deploy to Kubernetes	Set up job	2026-10-07T14:22:31.9785344Z Download action repository 'actions/upload-artifact@v4' (SHA:ea165f8d65b6e75b540449e92b4886f43607fa02)
10 Deploy to Kubernetes	Set up job	2026-10-07T14:22:32.1862637Z Complete job name: 10 Deploy to Kubernetes
10 Deploy to Kubernetes	Checkout code	﻿2026-10-07T14:22:32.2742350Z ##[group]Run actions/checkout@v4
10 Deploy to Kubernetes	Checkout code	2026-10-07T14:22:32.2743257Z with:
10 Deploy to Kubernetes	Checkout code	2026-10-07T14:22:32.2743870Z   repository: AmanYadav7015/devops-coursework
10 Deploy to Kubernetes	Checkout code	2026-10-07T14:22:32.2747547Z   token: ***
10 Deploy to Kubernetes	Checkout code	2026-10-07T14:22:32.2747990Z   ssh-strict: true
10 Deploy to Kubernetes	Checkout code	2026-10-07T14:22:32.2748429Z   ssh-user: git
10 Deploy to Kubernetes	Checkout code	2026-10-07T14:22:32.2748876Z   persist-credentials: true
10 Deploy to Kubernetes	Checkout code	2026-10-07T14:22:32.2749573Z   clean: true
10 Deploy to Kubernetes	Checkout code	2026-10-07T14:22:32.2750028Z   sparse-checkout-cone-mode: true
10 Deploy to Kubernetes	Checkout code	2026-10-07T14:22:32.2750553Z   fetch-depth: 1
10 Deploy to Kubernetes	Checkout code	2026-10-07T14:22:32.2750987Z   fetch-tags: false
10 Deploy to Kubernetes	Checkout code	2026-10-07T14:22:32.2751433Z   show-progress: true
10 Deploy to Kubernetes	Checkout code	2026-10-07T14:22:32.2751925Z   lfs: false
10 Deploy to Kubernetes	Checkout code	2026-10-07T14:22:32.2752343Z   submodules: false
10 Deploy to Kubernetes	Checkout code	2026-10-07T14:22:32.2752795Z   set-safe-directory: true
10 Deploy to Kubernetes	Checkout code	2026-10-07T14:22:32.2753306Z   allow-unsafe-pr-checkout: false
10 Deploy to Kubernetes	Checkout code	2026-10-07T14:22:32.2754094Z env:
10 Deploy to Kubernetes	Checkout code	2026-10-07T14:22:32.2754538Z   APP_DIR: labs/17-devsecops
10 Deploy to Kubernetes	Checkout code	2026-10-07T14:22:32.2755078Z   IMAGE_NAME: claim-check-api
10 Deploy to Kubernetes	Checkout code	2026-10-07T14:22:32.2755611Z   TRIVY_VERSION: 0.75.0
10 Deploy to Kubernetes	Checkout code	2026-10-07T14:22:32.2756148Z   GITLEAKS_VERSION: 8.30.1
10 Deploy to Kubernetes	Checkout code	2026-10-07T14:22:32.2756626Z   PYTHON_VERSION: 3.13
10 Deploy to Kubernetes	Checkout code	2026-10-07T14:22:32.2757068Z ##[endgroup]
10 Deploy to Kubernetes	Checkout code	2026-10-07T14:22:32.3797760Z Syncing repository: AmanYadav7015/devops-coursework
10 Deploy to Kubernetes	Checkout code	2026-10-07T14:22:32.3801354Z ##[group]Getting Git version info
10 Deploy to Kubernetes	Checkout code	2026-10-07T14:22:32.3802498Z Working directory is '/home/runner/work/devops-coursework/devops-coursework'
10 Deploy to Kubernetes	Checkout code	2026-10-07T14:22:32.3803710Z [command]/usr/bin/git version
10 Deploy to Kubernetes	Checkout code	2026-10-07T14:22:32.3936479Z git version 2.55.0
10 Deploy to Kubernetes	Checkout code	2026-10-07T14:22:32.3963491Z ##[endgroup]
10 Deploy to Kubernetes	Checkout code	2026-10-07T14:22:32.3979768Z Temporarily overriding HOME='/home/runner/work/_temp/0cc1f589-e3d4-4846-8fcf-f0fe959451e3' before making global git config changes
10 Deploy to Kubernetes	Checkout code	2026-10-07T14:22:32.3982193Z Adding repository directory to the temporary git global config as a safe directory
10 Deploy to Kubernetes	Checkout code	2026-10-07T14:22:32.3987774Z [command]/usr/bin/git config --global --add safe.directory /home/runner/work/devops-coursework/devops-coursework
10 Deploy to Kubernetes	Checkout code	2026-10-07T14:22:32.4044540Z Deleting the contents of '/home/runner/work/devops-coursework/devops-coursework'
10 Deploy to Kubernetes	Checkout code	2026-10-07T14:22:32.4048265Z ##[group]Initializing the repository
10 Deploy to Kubernetes	Checkout code	2026-10-07T14:22:32.4054163Z [command]/usr/bin/git init /home/runner/work/devops-coursework/devops-coursework
10 Deploy to Kubernetes	Checkout code	2026-10-07T14:22:32.4165598Z hint: Using 'master' as the name for the initial branch. This default branch name
10 Deploy to Kubernetes	Checkout code	2026-10-07T14:22:32.4167558Z hint: will change to "main" in Git 3.0. To configure the initial branch name
10 Deploy to Kubernetes	Checkout code	2026-10-07T14:22:32.4169477Z hint: to use in all of your new repositories, which will suppress this warning,
10 Deploy to Kubernetes	Checkout code	2026-10-07T14:22:32.4170838Z hint: call:
10 Deploy to Kubernetes	Checkout code	2026-10-07T14:22:32.4171533Z hint:
10 Deploy to Kubernetes	Checkout code	2026-10-07T14:22:32.4172468Z hint: 	git config --global init.defaultBranch <name>
10 Deploy to Kubernetes	Checkout code	2026-10-07T14:22:32.4173153Z hint:
10 Deploy to Kubernetes	Checkout code	2026-10-07T14:22:32.4174220Z hint: Names commonly chosen instead of 'master' are 'main', 'trunk' and
10 Deploy to Kubernetes	Checkout code	2026-10-07T14:22:32.4175459Z hint: 'development'. The just-created branch can be renamed via this command:
10 Deploy to Kubernetes	Checkout code	2026-10-07T14:22:32.4176280Z hint:
10 Deploy to Kubernetes	Checkout code	2026-10-07T14:22:32.4176759Z hint: 	git branch -m <name>
10 Deploy to Kubernetes	Checkout code	2026-10-07T14:22:32.4177275Z hint:
10 Deploy to Kubernetes	Checkout code	2026-10-07T14:22:32.4178062Z hint: Disable this message with "git config set advice.defaultBranchName false"
10 Deploy to Kubernetes	Checkout code	2026-10-07T14:22:32.4180231Z Initialized empty Git repository in /home/runner/work/devops-coursework/devops-coursework/.git/
10 Deploy to Kubernetes	Checkout code	2026-10-07T14:22:32.4190403Z [command]/usr/bin/git remote add origin https://github.com/AmanYadav7015/devops-coursework
10 Deploy to Kubernetes	Checkout code	2026-10-07T14:22:32.4264547Z ##[endgroup]
10 Deploy to Kubernetes	Checkout code	2026-10-07T14:22:32.4266070Z ##[group]Disabling automatic garbage collection
10 Deploy to Kubernetes	Checkout code	2026-10-07T14:22:32.4279914Z [command]/usr/bin/git config --local gc.auto 0
10 Deploy to Kubernetes	Checkout code	2026-10-07T14:22:32.4317436Z ##[endgroup]
10 Deploy to Kubernetes	Checkout code	2026-10-07T14:22:32.4318856Z ##[group]Setting up auth
10 Deploy to Kubernetes	Checkout code	2026-10-07T14:22:32.4329409Z [command]/usr/bin/git config --local --name-only --get-regexp core\.sshCommand
10 Deploy to Kubernetes	Checkout code	2026-10-07T14:22:32.4363870Z [command]/usr/bin/git submodule foreach --recursive sh -c "git config --local --name-only --get-regexp 'core\.sshCommand' && git config --local --unset-all 'core.sshCommand' || :"
10 Deploy to Kubernetes	Checkout code	2026-10-07T14:22:32.4832286Z [command]/usr/bin/git config --local --name-only --get-regexp http\.https\:\/\/github\.com\/\.extraheader
10 Deploy to Kubernetes	Checkout code	2026-10-07T14:22:32.4884173Z [command]/usr/bin/git submodule foreach --recursive sh -c "git config --local --name-only --get-regexp 'http\.https\:\/\/github\.com\/\.extraheader' && git config --local --unset-all 'http.https://github.com/.extraheader' || :"
10 Deploy to Kubernetes	Checkout code	2026-10-07T14:22:32.5165906Z [command]/usr/bin/git config --local --name-only --get-regexp ^includeIf\.gitdir:
10 Deploy to Kubernetes	Checkout code	2026-10-07T14:22:32.5201197Z [command]/usr/bin/git submodule foreach --recursive git config --local --show-origin --name-only --get-regexp remote.origin.url
10 Deploy to Kubernetes	Checkout code	2026-10-07T14:22:32.5453279Z [command]/usr/bin/git config --local http.https://github.com/.extraheader AUTHORIZATION: basic ***
10 Deploy to Kubernetes	Checkout code	2026-10-07T14:22:32.5498369Z ##[endgroup]
10 Deploy to Kubernetes	Checkout code	2026-10-07T14:22:32.5499742Z ##[group]Fetching the repository
10 Deploy to Kubernetes	Checkout code	2026-10-07T14:22:32.5509589Z [command]/usr/bin/git -c protocol.version=2 fetch --no-tags --prune --no-recurse-submodules --depth=1 origin +e2a54b405aaef0453130dd8955a1c4de2acad19f:refs/remotes/origin/session-17-devsecops-ci
10 Deploy to Kubernetes	Checkout code	2026-10-07T14:22:33.0950015Z From https://github.com/AmanYadav7015/devops-coursework
10 Deploy to Kubernetes	Checkout code	2026-10-07T14:22:33.0952401Z  * [new ref]         e2a54b405aaef0453130dd8955a1c4de2acad19f -> origin/session-17-devsecops-ci
10 Deploy to Kubernetes	Checkout code	2026-10-07T14:22:33.0967166Z ##[endgroup]
10 Deploy to Kubernetes	Checkout code	2026-10-07T14:22:33.0968721Z ##[group]Determining the checkout info
10 Deploy to Kubernetes	Checkout code	2026-10-07T14:22:33.0976110Z ##[endgroup]
10 Deploy to Kubernetes	Checkout code	2026-10-07T14:22:33.0977079Z [command]/usr/bin/git sparse-checkout disable
10 Deploy to Kubernetes	Checkout code	2026-10-07T14:22:33.1035442Z [command]/usr/bin/git config --local --unset-all extensions.worktreeConfig
10 Deploy to Kubernetes	Checkout code	2026-10-07T14:22:33.1081950Z ##[group]Checking out the ref
10 Deploy to Kubernetes	Checkout code	2026-10-07T14:22:33.1085402Z [command]/usr/bin/git checkout --progress --force -B session-17-devsecops-ci refs/remotes/origin/session-17-devsecops-ci
10 Deploy to Kubernetes	Checkout code	2026-10-07T14:22:33.2416643Z Switched to a new branch 'session-17-devsecops-ci'
10 Deploy to Kubernetes	Checkout code	2026-10-07T14:22:33.2421135Z branch 'session-17-devsecops-ci' set up to track 'origin/session-17-devsecops-ci'.
10 Deploy to Kubernetes	Checkout code	2026-10-07T14:22:33.2432861Z ##[endgroup]
10 Deploy to Kubernetes	Checkout code	2026-10-07T14:22:33.2478513Z [command]/usr/bin/git log -1 --format=%H
10 Deploy to Kubernetes	Checkout code	2026-10-07T14:22:33.2506179Z e2a54b405aaef0453130dd8955a1c4de2acad19f
10 Deploy to Kubernetes	Setup kubectl	﻿2026-10-07T14:22:33.2787500Z ##[group]Run azure/setup-kubectl@v4
10 Deploy to Kubernetes	Setup kubectl	2026-10-07T14:22:33.2788833Z with:
10 Deploy to Kubernetes	Setup kubectl	2026-10-07T14:22:33.2790103Z   version: v1.33.0
10 Deploy to Kubernetes	Setup kubectl	2026-10-07T14:22:33.2791131Z env:
10 Deploy to Kubernetes	Setup kubectl	2026-10-07T14:22:33.2792084Z   APP_DIR: labs/17-devsecops
10 Deploy to Kubernetes	Setup kubectl	2026-10-07T14:22:33.2793269Z   IMAGE_NAME: claim-check-api
10 Deploy to Kubernetes	Setup kubectl	2026-10-07T14:22:33.2794437Z   TRIVY_VERSION: 0.75.0
10 Deploy to Kubernetes	Setup kubectl	2026-10-07T14:22:33.2795541Z   GITLEAKS_VERSION: 8.30.1
10 Deploy to Kubernetes	Setup kubectl	2026-10-07T14:22:33.2796668Z   PYTHON_VERSION: 3.13
10 Deploy to Kubernetes	Setup kubectl	2026-10-07T14:22:33.2797746Z ##[endgroup]
10 Deploy to Kubernetes	Render the manifests with the published image	﻿2026-10-07T14:22:33.7460227Z ##[group]Run REMOTE="ghcr.io/amanyadav7015/devops-coursework/claim-check-api:1.0.9-e2a54b4"
10 Deploy to Kubernetes	Render the manifests with the published image	2026-10-07T14:22:33.7461064Z [36;1mREMOTE="ghcr.io/amanyadav7015/devops-coursework/claim-check-api:1.0.9-e2a54b4"[0m
10 Deploy to Kubernetes	Render the manifests with the published image	2026-10-07T14:22:33.7461641Z [36;1mmkdir -p rendered[0m
10 Deploy to Kubernetes	Render the manifests with the published image	2026-10-07T14:22:33.7462104Z [36;1mfor manifest in k8s/namespace.yaml k8s/deployment.yaml k8s/service.yaml; do[0m
10 Deploy to Kubernetes	Render the manifests with the published image	2026-10-07T14:22:33.7462607Z [36;1m  sed -e "s|__IMAGE__|${REMOTE}|g" \[0m
10 Deploy to Kubernetes	Render the manifests with the published image	2026-10-07T14:22:33.7463031Z [36;1m      -e "s|__APP_VERSION__|\"1.0.9+e2a54b4\"|g" \[0m
10 Deploy to Kubernetes	Render the manifests with the published image	2026-10-07T14:22:33.7463458Z [36;1m      -e "s|__GIT_COMMIT__|\"${GITHUB_SHA}\"|g" \[0m
10 Deploy to Kubernetes	Render the manifests with the published image	2026-10-07T14:22:33.7463941Z [36;1m      -e "s|imagePullPolicy: IfNotPresent|imagePullPolicy: Always|g" \[0m
10 Deploy to Kubernetes	Render the manifests with the published image	2026-10-07T14:22:33.7464448Z [36;1m      "$manifest" > "rendered/$(basename "$manifest")"[0m
10 Deploy to Kubernetes	Render the manifests with the published image	2026-10-07T14:22:33.7464810Z [36;1mdone[0m
10 Deploy to Kubernetes	Render the manifests with the published image	2026-10-07T14:22:33.7465077Z [36;1mcat rendered/deployment.yaml[0m
10 Deploy to Kubernetes	Render the manifests with the published image	2026-10-07T14:22:33.7742244Z shell: /usr/bin/bash --noprofile --norc -e -o pipefail {0}
10 Deploy to Kubernetes	Render the manifests with the published image	2026-10-07T14:22:33.7742860Z env:
10 Deploy to Kubernetes	Render the manifests with the published image	2026-10-07T14:22:33.7743149Z   APP_DIR: labs/17-devsecops
10 Deploy to Kubernetes	Render the manifests with the published image	2026-10-07T14:22:33.7743484Z   IMAGE_NAME: claim-check-api
10 Deploy to Kubernetes	Render the manifests with the published image	2026-10-07T14:22:33.7743808Z   TRIVY_VERSION: 0.75.0
10 Deploy to Kubernetes	Render the manifests with the published image	2026-10-07T14:22:33.7744124Z   GITLEAKS_VERSION: 8.30.1
10 Deploy to Kubernetes	Render the manifests with the published image	2026-10-07T14:22:33.7744441Z   PYTHON_VERSION: 3.13
10 Deploy to Kubernetes	Render the manifests with the published image	2026-10-07T14:22:33.7744731Z ##[endgroup]
10 Deploy to Kubernetes	Render the manifests with the published image	2026-10-07T14:22:33.7957337Z apiVersion: apps/v1
10 Deploy to Kubernetes	Render the manifests with the published image	2026-10-07T14:22:33.7957960Z kind: Deployment
10 Deploy to Kubernetes	Render the manifests with the published image	2026-10-07T14:22:33.7958249Z metadata:
10 Deploy to Kubernetes	Render the manifests with the published image	2026-10-07T14:22:33.7958499Z   name: claim-check-api
10 Deploy to Kubernetes	Render the manifests with the published image	2026-10-07T14:22:33.7958787Z   namespace: hw17
10 Deploy to Kubernetes	Render the manifests with the published image	2026-10-07T14:22:33.7959269Z   labels:
10 Deploy to Kubernetes	Render the manifests with the published image	2026-10-07T14:22:33.7959721Z     app: claim-check-api
10 Deploy to Kubernetes	Render the manifests with the published image	2026-10-07T14:22:33.7960237Z     session: "17"
10 Deploy to Kubernetes	Render the manifests with the published image	2026-10-07T14:22:33.7960705Z spec:
10 Deploy to Kubernetes	Render the manifests with the published image	2026-10-07T14:22:33.7961135Z   replicas: 2
10 Deploy to Kubernetes	Render the manifests with the published image	2026-10-07T14:22:33.7961598Z   revisionHistoryLimit: 3
10 Deploy to Kubernetes	Render the manifests with the published image	2026-10-07T14:22:33.7962071Z   selector:
10 Deploy to Kubernetes	Render the manifests with the published image	2026-10-07T14:22:33.7962412Z     matchLabels:
10 Deploy to Kubernetes	Render the manifests with the published image	2026-10-07T14:22:33.7962692Z       app: claim-check-api
10 Deploy to Kubernetes	Render the manifests with the published image	2026-10-07T14:22:33.7963370Z   strategy:
10 Deploy to Kubernetes	Render the manifests with the published image	2026-10-07T14:22:33.7963818Z     type: RollingUpdate
10 Deploy to Kubernetes	Render the manifests with the published image	2026-10-07T14:22:33.7964275Z     rollingUpdate:
10 Deploy to Kubernetes	Render the manifests with the published image	2026-10-07T14:22:33.7964702Z       maxSurge: 1
10 Deploy to Kubernetes	Render the manifests with the published image	2026-10-07T14:22:33.7965120Z       maxUnavailable: 0
10 Deploy to Kubernetes	Render the manifests with the published image	2026-10-07T14:22:33.7965412Z   template:
10 Deploy to Kubernetes	Render the manifests with the published image	2026-10-07T14:22:33.7965655Z     metadata:
10 Deploy to Kubernetes	Render the manifests with the published image	2026-10-07T14:22:33.7965895Z       labels:
10 Deploy to Kubernetes	Render the manifests with the published image	2026-10-07T14:22:33.7966149Z         app: claim-check-api
10 Deploy to Kubernetes	Render the manifests with the published image	2026-10-07T14:22:33.7966441Z         session: "17"
10 Deploy to Kubernetes	Render the manifests with the published image	2026-10-07T14:22:33.7966707Z     spec:
10 Deploy to Kubernetes	Render the manifests with the published image	2026-10-07T14:22:33.7966952Z       securityContext:
10 Deploy to Kubernetes	Render the manifests with the published image	2026-10-07T14:22:33.7967233Z         runAsNonRoot: true
10 Deploy to Kubernetes	Render the manifests with the published image	2026-10-07T14:22:33.7967520Z         runAsUser: 10001
10 Deploy to Kubernetes	Render the manifests with the published image	2026-10-07T14:22:33.7967803Z         runAsGroup: 10001
10 Deploy to Kubernetes	Render the manifests with the published image	2026-10-07T14:22:33.7968088Z         seccompProfile:
10 Deploy to Kubernetes	Render the manifests with the published image	2026-10-07T14:22:33.7968370Z           type: RuntimeDefault
10 Deploy to Kubernetes	Render the manifests with the published image	2026-10-07T14:22:33.7968652Z       containers:
10 Deploy to Kubernetes	Render the manifests with the published image	2026-10-07T14:22:33.7969366Z         - name: claim-check-api
10 Deploy to Kubernetes	Render the manifests with the published image	2026-10-07T14:22:33.7969905Z           image: ghcr.io/amanyadav7015/devops-coursework/claim-check-api:1.0.9-e2a54b4
10 Deploy to Kubernetes	Render the manifests with the published image	2026-10-07T14:22:33.7970427Z           imagePullPolicy: Always
10 Deploy to Kubernetes	Render the manifests with the published image	2026-10-07T14:22:33.7970740Z           ports:
10 Deploy to Kubernetes	Render the manifests with the published image	2026-10-07T14:22:33.7971004Z             - name: http
10 Deploy to Kubernetes	Render the manifests with the published image	2026-10-07T14:22:33.7971534Z               containerPort: 5017
10 Deploy to Kubernetes	Render the manifests with the published image	2026-10-07T14:22:33.7971834Z           env:
10 Deploy to Kubernetes	Render the manifests with the published image	2026-10-07T14:22:33.7972093Z             - name: APP_VERSION
10 Deploy to Kubernetes	Render the manifests with the published image	2026-10-07T14:22:33.7972399Z               value: "1.0.9+e2a54b4"
10 Deploy to Kubernetes	Render the manifests with the published image	2026-10-07T14:22:33.7972712Z             - name: GIT_COMMIT
10 Deploy to Kubernetes	Render the manifests with the published image	2026-10-07T14:22:33.7973058Z               value: "e2a54b405aaef0453130dd8955a1c4de2acad19f"
10 Deploy to Kubernetes	Render the manifests with the published image	2026-10-07T14:22:33.7973437Z             - name: CLAIM_TOKEN_SALT
10 Deploy to Kubernetes	Render the manifests with the published image	2026-10-07T14:22:33.7973753Z               valueFrom:
10 Deploy to Kubernetes	Render the manifests with the published image	2026-10-07T14:22:33.7974028Z                 secretKeyRef:
10 Deploy to Kubernetes	Render the manifests with the published image	2026-10-07T14:22:33.7974345Z                   name: claim-check-salt
10 Deploy to Kubernetes	Render the manifests with the published image	2026-10-07T14:22:33.7974661Z                   key: salt
10 Deploy to Kubernetes	Render the manifests with the published image	2026-10-07T14:22:33.7974939Z           resources:
10 Deploy to Kubernetes	Render the manifests with the published image	2026-10-07T14:22:33.7975202Z             requests:
10 Deploy to Kubernetes	Render the manifests with the published image	2026-10-07T14:22:33.7975656Z               cpu: 50m
10 Deploy to Kubernetes	Render the manifests with the published image	2026-10-07T14:22:33.7975924Z               memory: 64Mi
10 Deploy to Kubernetes	Render the manifests with the published image	2026-10-07T14:22:33.7976199Z             limits:
10 Deploy to Kubernetes	Render the manifests with the published image	2026-10-07T14:22:33.7976451Z               cpu: 300m
10 Deploy to Kubernetes	Render the manifests with the published image	2026-10-07T14:22:33.7976716Z               memory: 192Mi
10 Deploy to Kubernetes	Render the manifests with the published image	2026-10-07T14:22:33.7976997Z           securityContext:
10 Deploy to Kubernetes	Render the manifests with the published image	2026-10-07T14:22:33.7977308Z             allowPrivilegeEscalation: false
10 Deploy to Kubernetes	Render the manifests with the published image	2026-10-07T14:22:33.7977671Z             readOnlyRootFilesystem: true
10 Deploy to Kubernetes	Render the manifests with the published image	2026-10-07T14:22:33.7977997Z             capabilities:
10 Deploy to Kubernetes	Render the manifests with the published image	2026-10-07T14:22:33.7978264Z               drop:
10 Deploy to Kubernetes	Render the manifests with the published image	2026-10-07T14:22:33.7978512Z                 - ALL
10 Deploy to Kubernetes	Render the manifests with the published image	2026-10-07T14:22:33.7978777Z           readinessProbe:
10 Deploy to Kubernetes	Render the manifests with the published image	2026-10-07T14:22:33.7979392Z             httpGet:
10 Deploy to Kubernetes	Render the manifests with the published image	2026-10-07T14:22:33.7979669Z               path: /health
10 Deploy to Kubernetes	Render the manifests with the published image	2026-10-07T14:22:33.7979946Z               port: http
10 Deploy to Kubernetes	Render the manifests with the published image	2026-10-07T14:22:33.7980232Z             initialDelaySeconds: 3
10 Deploy to Kubernetes	Render the manifests with the published image	2026-10-07T14:22:33.7980541Z             periodSeconds: 5
10 Deploy to Kubernetes	Render the manifests with the published image	2026-10-07T14:22:33.7980829Z             failureThreshold: 3
10 Deploy to Kubernetes	Render the manifests with the published image	2026-10-07T14:22:33.7981126Z           livenessProbe:
10 Deploy to Kubernetes	Render the manifests with the published image	2026-10-07T14:22:33.7981394Z             httpGet:
10 Deploy to Kubernetes	Render the manifests with the published image	2026-10-07T14:22:33.7981648Z               path: /health
10 Deploy to Kubernetes	Render the manifests with the published image	2026-10-07T14:22:33.7981920Z               port: http
10 Deploy to Kubernetes	Render the manifests with the published image	2026-10-07T14:22:33.7982203Z             initialDelaySeconds: 10
10 Deploy to Kubernetes	Render the manifests with the published image	2026-10-07T14:22:33.7982517Z             periodSeconds: 15
10 Deploy to Kubernetes	Render the manifests with the published image	2026-10-07T14:22:33.7982812Z             failureThreshold: 3
10 Deploy to Kubernetes	Render the manifests with the published image	2026-10-07T14:22:33.7983107Z           volumeMounts:
10 Deploy to Kubernetes	Render the manifests with the published image	2026-10-07T14:22:33.7983377Z             - name: tmp
10 Deploy to Kubernetes	Render the manifests with the published image	2026-10-07T14:22:33.7983657Z               mountPath: /tmp
10 Deploy to Kubernetes	Render the manifests with the published image	2026-10-07T14:22:33.7983938Z       volumes:
10 Deploy to Kubernetes	Render the manifests with the published image	2026-10-07T14:22:33.7984179Z         - name: tmp
10 Deploy to Kubernetes	Render the manifests with the published image	2026-10-07T14:22:33.7984440Z           emptyDir: {}
10 Deploy to Kubernetes	Install kubeconform	﻿2026-10-07T14:22:33.8023423Z ##[group]Run curl -sSL https://github.com/yannh/kubeconform/releases/download/v0.8.0/kubeconform-linux-amd64.tar.gz \
10 Deploy to Kubernetes	Install kubeconform	2026-10-07T14:22:33.8024414Z [36;1mcurl -sSL https://github.com/yannh/kubeconform/releases/download/v0.8.0/kubeconform-linux-amd64.tar.gz \[0m
10 Deploy to Kubernetes	Install kubeconform	2026-10-07T14:22:33.8025097Z [36;1m  | sudo tar -xz -C /usr/local/bin kubeconform[0m
10 Deploy to Kubernetes	Install kubeconform	2026-10-07T14:22:33.8025479Z [36;1mkubeconform -v[0m
10 Deploy to Kubernetes	Install kubeconform	2026-10-07T14:22:33.8089652Z shell: /usr/bin/bash --noprofile --norc -e -o pipefail {0}
10 Deploy to Kubernetes	Install kubeconform	2026-10-07T14:22:33.8090099Z env:
10 Deploy to Kubernetes	Install kubeconform	2026-10-07T14:22:33.8090360Z   APP_DIR: labs/17-devsecops
10 Deploy to Kubernetes	Install kubeconform	2026-10-07T14:22:33.8090665Z   IMAGE_NAME: claim-check-api
10 Deploy to Kubernetes	Install kubeconform	2026-10-07T14:22:33.8090975Z   TRIVY_VERSION: 0.75.0
10 Deploy to Kubernetes	Install kubeconform	2026-10-07T14:22:33.8091248Z   GITLEAKS_VERSION: 8.30.1
10 Deploy to Kubernetes	Install kubeconform	2026-10-07T14:22:33.8091530Z   PYTHON_VERSION: 3.13
10 Deploy to Kubernetes	Install kubeconform	2026-10-07T14:22:33.8091796Z ##[endgroup]
10 Deploy to Kubernetes	Install kubeconform	2026-10-07T14:22:34.0212370Z v0.8.0
10 Deploy to Kubernetes	Validate the manifests without a cluster	﻿2026-10-07T14:22:34.0256079Z ##[group]Run kubeconform -strict -summary -verbose -kubernetes-version 1.33.0 rendered/
10 Deploy to Kubernetes	Validate the manifests without a cluster	2026-10-07T14:22:34.0256807Z [36;1mkubeconform -strict -summary -verbose -kubernetes-version 1.33.0 rendered/[0m
10 Deploy to Kubernetes	Validate the manifests without a cluster	2026-10-07T14:22:34.0257296Z [36;1mkubectl version --client[0m
10 Deploy to Kubernetes	Validate the manifests without a cluster	2026-10-07T14:22:34.0320861Z shell: /usr/bin/bash --noprofile --norc -e -o pipefail {0}
10 Deploy to Kubernetes	Validate the manifests without a cluster	2026-10-07T14:22:34.0321272Z env:
10 Deploy to Kubernetes	Validate the manifests without a cluster	2026-10-07T14:22:34.0321517Z   APP_DIR: labs/17-devsecops
10 Deploy to Kubernetes	Validate the manifests without a cluster	2026-10-07T14:22:34.0321819Z   IMAGE_NAME: claim-check-api
10 Deploy to Kubernetes	Validate the manifests without a cluster	2026-10-07T14:22:34.0322123Z   TRIVY_VERSION: 0.75.0
10 Deploy to Kubernetes	Validate the manifests without a cluster	2026-10-07T14:22:34.0322398Z   GITLEAKS_VERSION: 8.30.1
10 Deploy to Kubernetes	Validate the manifests without a cluster	2026-10-07T14:22:34.0322852Z   PYTHON_VERSION: 3.13
10 Deploy to Kubernetes	Validate the manifests without a cluster	2026-10-07T14:22:34.0323124Z ##[endgroup]
10 Deploy to Kubernetes	Validate the manifests without a cluster	2026-10-07T14:22:34.0820436Z rendered/namespace.yaml - Namespace hw17 is valid
10 Deploy to Kubernetes	Validate the manifests without a cluster	2026-10-07T14:22:34.0840158Z rendered/service.yaml - Service claim-check-api is valid
10 Deploy to Kubernetes	Validate the manifests without a cluster	2026-10-07T14:22:34.1450703Z rendered/deployment.yaml - Deployment claim-check-api is valid
10 Deploy to Kubernetes	Validate the manifests without a cluster	2026-10-07T14:22:34.1451474Z Summary: 3 resources found in 3 files - Valid: 3, Invalid: 0, Errors: 0, Skipped: 0
10 Deploy to Kubernetes	Validate the manifests without a cluster	2026-10-07T14:22:34.1848788Z Client Version: v1.33.0
10 Deploy to Kubernetes	Validate the manifests without a cluster	2026-10-07T14:22:34.1854323Z Kustomize Version: v5.6.0
10 Deploy to Kubernetes	Show that this runner has no route to the laptop cluster	﻿2026-10-07T14:22:34.1896564Z ##[group]Run echo "target cluster: minikube node 192.168.49.2:8443 on the student laptop"
10 Deploy to Kubernetes	Show that this runner has no route to the laptop cluster	2026-10-07T14:22:34.1897263Z [36;1mecho "target cluster: minikube node 192.168.49.2:8443 on the student laptop"[0m
10 Deploy to Kubernetes	Show that this runner has no route to the laptop cluster	2026-10-07T14:22:34.1897722Z [36;1mset +e[0m
10 Deploy to Kubernetes	Show that this runner has no route to the laptop cluster	2026-10-07T14:22:34.1898092Z [36;1mcurl -ksS --max-time 15 https://192.168.49.2:8443/version[0m
10 Deploy to Kubernetes	Show that this runner has no route to the laptop cluster	2026-10-07T14:22:34.1898504Z [36;1mstatus=$?[0m
10 Deploy to Kubernetes	Show that this runner has no route to the laptop cluster	2026-10-07T14:22:34.1898752Z [36;1mset -e[0m
10 Deploy to Kubernetes	Show that this runner has no route to the laptop cluster	2026-10-07T14:22:34.1899385Z [36;1mif [ "$status" -eq 0 ]; then[0m
10 Deploy to Kubernetes	Show that this runner has no route to the laptop cluster	2026-10-07T14:22:34.1899841Z [36;1m  echo "::error::the runner unexpectedly reached the laptop cluster"[0m
10 Deploy to Kubernetes	Show that this runner has no route to the laptop cluster	2026-10-07T14:22:34.1900258Z [36;1m  exit 1[0m
10 Deploy to Kubernetes	Show that this runner has no route to the laptop cluster	2026-10-07T14:22:34.1900496Z [36;1mfi[0m
10 Deploy to Kubernetes	Show that this runner has no route to the laptop cluster	2026-10-07T14:22:34.1900939Z [36;1mecho "curl exited ${status}, the GitHub-hosted runner has no route to a private RFC1918 address"[0m
10 Deploy to Kubernetes	Show that this runner has no route to the laptop cluster	2026-10-07T14:22:34.1901684Z [36;1mecho "the rollout is therefore performed from the laptop, see the README"[0m
10 Deploy to Kubernetes	Show that this runner has no route to the laptop cluster	2026-10-07T14:22:34.1966629Z shell: /usr/bin/bash --noprofile --norc -e -o pipefail {0}
10 Deploy to Kubernetes	Show that this runner has no route to the laptop cluster	2026-10-07T14:22:34.1967084Z env:
10 Deploy to Kubernetes	Show that this runner has no route to the laptop cluster	2026-10-07T14:22:34.1967326Z   APP_DIR: labs/17-devsecops
10 Deploy to Kubernetes	Show that this runner has no route to the laptop cluster	2026-10-07T14:22:34.1967631Z   IMAGE_NAME: claim-check-api
10 Deploy to Kubernetes	Show that this runner has no route to the laptop cluster	2026-10-07T14:22:34.1967915Z   TRIVY_VERSION: 0.75.0
10 Deploy to Kubernetes	Show that this runner has no route to the laptop cluster	2026-10-07T14:22:34.1968182Z   GITLEAKS_VERSION: 8.30.1
10 Deploy to Kubernetes	Show that this runner has no route to the laptop cluster	2026-10-07T14:22:34.1968453Z   PYTHON_VERSION: 3.13
10 Deploy to Kubernetes	Show that this runner has no route to the laptop cluster	2026-10-07T14:22:34.1968722Z ##[endgroup]
10 Deploy to Kubernetes	Show that this runner has no route to the laptop cluster	2026-10-07T14:22:34.2057753Z target cluster: minikube node 192.168.49.2:8443 on the student laptop
10 Deploy to Kubernetes	Show that this runner has no route to the laptop cluster	2026-10-07T14:22:49.2133019Z curl: (28) Connection timed out after 15002 milliseconds
10 Deploy to Kubernetes	Show that this runner has no route to the laptop cluster	2026-10-07T14:22:49.2145185Z curl exited 28, the GitHub-hosted runner has no route to a private RFC1918 address
10 Deploy to Kubernetes	Show that this runner has no route to the laptop cluster	2026-10-07T14:22:49.2146434Z the rollout is therefore performed from the laptop, see the README
10 Deploy to Kubernetes	Print the commands the cluster side runs	﻿2026-10-07T14:22:49.2185319Z ##[group]Run REMOTE="ghcr.io/amanyadav7015/devops-coursework/claim-check-api:1.0.9-e2a54b4"
10 Deploy to Kubernetes	Print the commands the cluster side runs	2026-10-07T14:22:49.2186021Z [36;1mREMOTE="ghcr.io/amanyadav7015/devops-coursework/claim-check-api:1.0.9-e2a54b4"[0m
10 Deploy to Kubernetes	Print the commands the cluster side runs	2026-10-07T14:22:49.2186456Z [36;1mcat <<CMDS[0m
10 Deploy to Kubernetes	Print the commands the cluster side runs	2026-10-07T14:22:49.2186712Z [36;1mkubectl apply -f k8s/namespace.yaml[0m
10 Deploy to Kubernetes	Print the commands the cluster side runs	2026-10-07T14:22:49.2187046Z [36;1mkubectl apply -f rendered/service.yaml[0m
10 Deploy to Kubernetes	Print the commands the cluster side runs	2026-10-07T14:22:49.2187393Z [36;1mkubectl apply -f rendered/deployment.yaml[0m
10 Deploy to Kubernetes	Print the commands the cluster side runs	2026-10-07T14:22:49.2187850Z [36;1mkubectl -n hw17 set image deployment/claim-check-api claim-check-api=${REMOTE}[0m
10 Deploy to Kubernetes	Print the commands the cluster side runs	2026-10-07T14:22:49.2188433Z [36;1mkubectl -n hw17 rollout status deployment/claim-check-api --timeout=120s[0m
10 Deploy to Kubernetes	Print the commands the cluster side runs	2026-10-07T14:22:49.2189258Z [36;1mkubectl -n hw17 get deployment,pod,svc -o wide[0m
10 Deploy to Kubernetes	Print the commands the cluster side runs	2026-10-07T14:22:49.2189591Z [36;1mCMDS[0m
10 Deploy to Kubernetes	Print the commands the cluster side runs	2026-10-07T14:22:49.2254307Z shell: /usr/bin/bash --noprofile --norc -e -o pipefail {0}
10 Deploy to Kubernetes	Print the commands the cluster side runs	2026-10-07T14:22:49.2254653Z env:
10 Deploy to Kubernetes	Print the commands the cluster side runs	2026-10-07T14:22:49.2254856Z   APP_DIR: labs/17-devsecops
10 Deploy to Kubernetes	Print the commands the cluster side runs	2026-10-07T14:22:49.2255144Z   IMAGE_NAME: claim-check-api
10 Deploy to Kubernetes	Print the commands the cluster side runs	2026-10-07T14:22:49.2255384Z   TRIVY_VERSION: 0.75.0
10 Deploy to Kubernetes	Print the commands the cluster side runs	2026-10-07T14:22:49.2255604Z   GITLEAKS_VERSION: 8.30.1
10 Deploy to Kubernetes	Print the commands the cluster side runs	2026-10-07T14:22:49.2255829Z   PYTHON_VERSION: 3.13
10 Deploy to Kubernetes	Print the commands the cluster side runs	2026-10-07T14:22:49.2256041Z ##[endgroup]
10 Deploy to Kubernetes	Print the commands the cluster side runs	2026-10-07T14:22:49.2349399Z kubectl apply -f k8s/namespace.yaml
10 Deploy to Kubernetes	Print the commands the cluster side runs	2026-10-07T14:22:49.2349985Z kubectl apply -f rendered/service.yaml
10 Deploy to Kubernetes	Print the commands the cluster side runs	2026-10-07T14:22:49.2350621Z kubectl apply -f rendered/deployment.yaml
10 Deploy to Kubernetes	Print the commands the cluster side runs	2026-10-07T14:22:49.2351750Z kubectl -n hw17 set image deployment/claim-check-api claim-check-api=ghcr.io/amanyadav7015/devops-coursework/claim-check-api:1.0.9-e2a54b4
10 Deploy to Kubernetes	Print the commands the cluster side runs	2026-10-07T14:22:49.2353491Z kubectl -n hw17 rollout status deployment/claim-check-api --timeout=120s
10 Deploy to Kubernetes	Print the commands the cluster side runs	2026-10-07T14:22:49.2353977Z kubectl -n hw17 get deployment,pod,svc -o wide
10 Deploy to Kubernetes	Upload the rendered manifests	﻿2026-10-07T14:22:49.2416042Z ##[group]Run actions/upload-artifact@v4
10 Deploy to Kubernetes	Upload the rendered manifests	2026-10-07T14:22:49.2416362Z with:
10 Deploy to Kubernetes	Upload the rendered manifests	2026-10-07T14:22:49.2416609Z   name: rendered-k8s-manifests
10 Deploy to Kubernetes	Upload the rendered manifests	2026-10-07T14:22:49.2416895Z   path: labs/17-devsecops/rendered
10 Deploy to Kubernetes	Upload the rendered manifests	2026-10-07T14:22:49.2417147Z   retention-days: 7
10 Deploy to Kubernetes	Upload the rendered manifests	2026-10-07T14:22:49.2417357Z   if-no-files-found: warn
10 Deploy to Kubernetes	Upload the rendered manifests	2026-10-07T14:22:49.2417587Z   compression-level: 6
10 Deploy to Kubernetes	Upload the rendered manifests	2026-10-07T14:22:49.2417807Z   overwrite: false
10 Deploy to Kubernetes	Upload the rendered manifests	2026-10-07T14:22:49.2418022Z   include-hidden-files: false
10 Deploy to Kubernetes	Upload the rendered manifests	2026-10-07T14:22:49.2418254Z env:
10 Deploy to Kubernetes	Upload the rendered manifests	2026-10-07T14:22:49.2418442Z   APP_DIR: labs/17-devsecops
10 Deploy to Kubernetes	Upload the rendered manifests	2026-10-07T14:22:49.2418683Z   IMAGE_NAME: claim-check-api
10 Deploy to Kubernetes	Upload the rendered manifests	2026-10-07T14:22:49.2419220Z   TRIVY_VERSION: 0.75.0
10 Deploy to Kubernetes	Upload the rendered manifests	2026-10-07T14:22:49.2419467Z   GITLEAKS_VERSION: 8.30.1
10 Deploy to Kubernetes	Upload the rendered manifests	2026-10-07T14:22:49.2419698Z   PYTHON_VERSION: 3.13
10 Deploy to Kubernetes	Upload the rendered manifests	2026-10-07T14:22:49.2419914Z ##[endgroup]
10 Deploy to Kubernetes	Upload the rendered manifests	2026-10-07T14:22:49.4090138Z (node:2350) [DEP0040] DeprecationWarning: The `punycode` module is deprecated. Please use a userland alternative instead.
10 Deploy to Kubernetes	Upload the rendered manifests	2026-10-07T14:22:49.4091037Z (Use `node --trace-deprecation ...` to show where the warning was created)
10 Deploy to Kubernetes	Upload the rendered manifests	2026-10-07T14:22:49.4151232Z With the provided path, there will be 3 files uploaded
10 Deploy to Kubernetes	Upload the rendered manifests	2026-10-07T14:22:49.4159650Z Artifact name is valid!
10 Deploy to Kubernetes	Upload the rendered manifests	2026-10-07T14:22:49.4202905Z Root directory input is valid!
10 Deploy to Kubernetes	Upload the rendered manifests	2026-10-07T14:22:49.6207732Z Beginning upload of artifact content to blob storage
10 Deploy to Kubernetes	Upload the rendered manifests	2026-10-07T14:22:49.6441140Z (node:2350) [DEP0169] DeprecationWarning: `url.parse()` behavior is not standardized and prone to errors that have security implications. Use the WHATWG URL API instead. CVEs are not issued for `url.parse()` vulnerabilities.
10 Deploy to Kubernetes	Upload the rendered manifests	2026-10-07T14:22:49.6709697Z Uploaded bytes 1382
10 Deploy to Kubernetes	Upload the rendered manifests	2026-10-07T14:22:49.6852220Z Finished uploading artifact content to blob storage!
10 Deploy to Kubernetes	Upload the rendered manifests	2026-10-07T14:22:49.6853393Z SHA256 digest of uploaded artifact zip is ac5f2d0e3d9976cef77b30e415ab36f3737982583bbc90c90efafb9229e9c7bf
10 Deploy to Kubernetes	Upload the rendered manifests	2026-10-07T14:22:49.6855174Z Finalizing artifact upload
10 Deploy to Kubernetes	Upload the rendered manifests	2026-10-07T14:22:49.9272616Z Artifact rendered-k8s-manifests.zip successfully finalized. Artifact ID 11487859107
10 Deploy to Kubernetes	Upload the rendered manifests	2026-10-07T14:22:49.9274482Z Artifact rendered-k8s-manifests has been successfully uploaded! Final size is 1382 bytes. Artifact ID is 11487859107
10 Deploy to Kubernetes	Upload the rendered manifests	2026-10-07T14:22:49.9279995Z Artifact download URL: https://github.com/AmanYadav7015/devops-coursework/actions/runs/37635580923/artifacts/11487859107
10 Deploy to Kubernetes	Post Checkout code	﻿2026-10-07T14:22:49.9473660Z Post job cleanup.
10 Deploy to Kubernetes	Post Checkout code	2026-10-07T14:22:50.0328521Z [command]/usr/bin/git version
10 Deploy to Kubernetes	Post Checkout code	2026-10-07T14:22:50.0373360Z git version 2.55.0
10 Deploy to Kubernetes	Post Checkout code	2026-10-07T14:22:50.0417359Z Temporarily overriding HOME='/home/runner/work/_temp/046a2f0a-ceed-4edd-9a04-3fcd6c63d546' before making global git config changes
10 Deploy to Kubernetes	Post Checkout code	2026-10-07T14:22:50.0419598Z Adding repository directory to the temporary git global config as a safe directory
10 Deploy to Kubernetes	Post Checkout code	2026-10-07T14:22:50.0424239Z [command]/usr/bin/git config --global --add safe.directory /home/runner/work/devops-coursework/devops-coursework
10 Deploy to Kubernetes	Post Checkout code	2026-10-07T14:22:50.0469236Z [command]/usr/bin/git config --local --name-only --get-regexp core\.sshCommand
10 Deploy to Kubernetes	Post Checkout code	2026-10-07T14:22:50.0506715Z [command]/usr/bin/git submodule foreach --recursive sh -c "git config --local --name-only --get-regexp 'core\.sshCommand' && git config --local --unset-all 'core.sshCommand' || :"
10 Deploy to Kubernetes	Post Checkout code	2026-10-07T14:22:50.0765542Z [command]/usr/bin/git config --local --name-only --get-regexp http\.https\:\/\/github\.com\/\.extraheader
10 Deploy to Kubernetes	Post Checkout code	2026-10-07T14:22:50.0796388Z http.https://github.com/.extraheader
10 Deploy to Kubernetes	Post Checkout code	2026-10-07T14:22:50.0815322Z [command]/usr/bin/git config --local --unset-all http.https://github.com/.extraheader
10 Deploy to Kubernetes	Post Checkout code	2026-10-07T14:22:50.0862900Z [command]/usr/bin/git submodule foreach --recursive sh -c "git config --local --name-only --get-regexp 'http\.https\:\/\/github\.com\/\.extraheader' && git config --local --unset-all 'http.https://github.com/.extraheader' || :"
10 Deploy to Kubernetes	Post Checkout code	2026-10-07T14:22:50.1120305Z [command]/usr/bin/git config --local --name-only --get-regexp ^includeIf\.gitdir:
10 Deploy to Kubernetes	Post Checkout code	2026-10-07T14:22:50.1160623Z [command]/usr/bin/git submodule foreach --recursive git config --local --show-origin --name-only --get-regexp remote.origin.url
10 Deploy to Kubernetes	Complete job	﻿2026-10-07T14:22:50.1567066Z Cleaning up orphan processes
10 Deploy to Kubernetes	Complete job	2026-10-07T14:22:50.1890507Z ##[warning]Node.js 20 is deprecated. The following actions target Node.js 20 but are being forced to run on Node.js 24: actions/checkout@v4, actions/upload-artifact@v4, azure/setup-kubectl@v4. For more information see: https://github.blog/changelog/2025-09-19-deprecation-of-node-20-on-github-actions-runners/
Pipeline summary	Set up job	﻿2026-10-07T14:22:55.2137948Z Current runner version: '2.337.0'
Pipeline summary	Set up job	2026-10-07T14:22:55.2165073Z ##[group]Runner Image Provisioner
Pipeline summary	Set up job	2026-10-07T14:22:55.2166056Z Hosted Compute Agent
Pipeline summary	Set up job	2026-10-07T14:22:55.2166661Z Version: 20261002.596
Pipeline summary	Set up job	2026-10-07T14:22:55.2167271Z Commit: c3d12f3313a95f25162a1503be624f3b0617f8c0
Pipeline summary	Set up job	2026-10-07T14:22:55.2168071Z Build Date: 2026-10-02T22:28:27Z
Pipeline summary	Set up job	2026-10-07T14:22:55.2168817Z Worker ID: {3e87006b-8240-4490-a9cd-973a38cfaebd}
Pipeline summary	Set up job	2026-10-07T14:22:55.2169917Z Region: eastus2
Pipeline summary	Set up job	2026-10-07T14:22:55.2170535Z Cloud: Azure
Pipeline summary	Set up job	2026-10-07T14:22:55.2171065Z ##[endgroup]
Pipeline summary	Set up job	2026-10-07T14:22:55.2172785Z ##[group]Operating System
Pipeline summary	Set up job	2026-10-07T14:22:55.2173457Z Ubuntu
Pipeline summary	Set up job	2026-10-07T14:22:55.2174141Z 24.04.5
Pipeline summary	Set up job	2026-10-07T14:22:55.2174684Z LTS
Pipeline summary	Set up job	2026-10-07T14:22:55.2175189Z ##[endgroup]
Pipeline summary	Set up job	2026-10-07T14:22:55.2175784Z ##[group]Runner Image
Pipeline summary	Set up job	2026-10-07T14:22:55.2176452Z Image: ubuntu-24.04
Pipeline summary	Set up job	2026-10-07T14:22:55.2177518Z Version: 20261004.327.1
Pipeline summary	Set up job	2026-10-07T14:22:55.2178643Z Included Software: https://github.com/actions/runner-images/blob/ubuntu24/20261004.327/images/ubuntu/Ubuntu2404-Readme.md
Pipeline summary	Set up job	2026-10-07T14:22:55.2180771Z Image Release: https://github.com/actions/runner-images/releases/tag/ubuntu24%2F20261004.327
Pipeline summary	Set up job	2026-10-07T14:22:55.2181781Z ##[endgroup]
Pipeline summary	Set up job	2026-10-07T14:22:55.2182943Z ##[group]GITHUB_TOKEN Permissions
Pipeline summary	Set up job	2026-10-07T14:22:55.2185224Z Contents: read
Pipeline summary	Set up job	2026-10-07T14:22:55.2186046Z Metadata: read
Pipeline summary	Set up job	2026-10-07T14:22:55.2186616Z ##[endgroup]
Pipeline summary	Set up job	2026-10-07T14:22:55.2188985Z Secret source: Actions
Pipeline summary	Set up job	2026-10-07T14:22:55.2190274Z Cache mode: write
Pipeline summary	Set up job	2026-10-07T14:22:55.2191365Z Prepare workflow directory
Pipeline summary	Set up job	2026-10-07T14:22:55.2625298Z Prepare all required actions
Pipeline summary	Set up job	2026-10-07T14:22:55.2699479Z Complete job name: Pipeline summary
Pipeline summary	Print every stage result	﻿2026-10-07T14:22:55.3552871Z ##[group]Run printf '%-26s %s\n' "1 build"               "success"
Pipeline summary	Print every stage result	2026-10-07T14:22:55.3554039Z [36;1mprintf '%-26s %s\n' "1 build"               "success"[0m
Pipeline summary	Print every stage result	2026-10-07T14:22:55.3555039Z [36;1mprintf '%-26s %s\n' "2 test"                "success"[0m
Pipeline summary	Print every stage result	2026-10-07T14:22:55.3556143Z [36;1mprintf '%-26s %s\n' "3 sast"                "success"[0m
Pipeline summary	Print every stage result	2026-10-07T14:22:55.3557064Z [36;1mprintf '%-26s %s\n' "3b codeql"             "success"[0m
Pipeline summary	Print every stage result	2026-10-07T14:22:55.3558023Z [36;1mprintf '%-26s %s\n' "4 sca"                 "success"[0m
Pipeline summary	Print every stage result	2026-10-07T14:22:55.3558886Z [36;1mprintf '%-26s %s\n' "5 secret-scan"         "success"[0m
Pipeline summary	Print every stage result	2026-10-07T14:22:55.3560430Z [36;1mprintf '%-26s %s\n' "6 docker-build"        "success"[0m
Pipeline summary	Print every stage result	2026-10-07T14:22:55.3561353Z [36;1mprintf '%-26s %s\n' "7 image-scan"          "success"[0m
Pipeline summary	Print every stage result	2026-10-07T14:22:55.3562274Z [36;1mprintf '%-26s %s\n' "8 security-gate"       "success"[0m
Pipeline summary	Print every stage result	2026-10-07T14:22:55.3563165Z [36;1mprintf '%-26s %s\n' "9 push-image"          "success"[0m
Pipeline summary	Print every stage result	2026-10-07T14:22:55.3564173Z [36;1mprintf '%-26s %s\n' "10 deploy"             "success"[0m
Pipeline summary	Print every stage result	2026-10-07T14:22:55.4643146Z shell: /usr/bin/bash --noprofile --norc -e -o pipefail {0}
Pipeline summary	Print every stage result	2026-10-07T14:22:55.4644554Z env:
Pipeline summary	Print every stage result	2026-10-07T14:22:55.4645365Z   APP_DIR: labs/17-devsecops
Pipeline summary	Print every stage result	2026-10-07T14:22:55.4646180Z   IMAGE_NAME: claim-check-api
Pipeline summary	Print every stage result	2026-10-07T14:22:55.4646977Z   TRIVY_VERSION: 0.75.0
Pipeline summary	Print every stage result	2026-10-07T14:22:55.4647631Z   GITLEAKS_VERSION: 8.30.1
Pipeline summary	Print every stage result	2026-10-07T14:22:55.4648254Z   PYTHON_VERSION: 3.13
Pipeline summary	Print every stage result	2026-10-07T14:22:55.4648816Z ##[endgroup]
Pipeline summary	Print every stage result	2026-10-07T14:22:55.4879940Z 1 build                    success
Pipeline summary	Print every stage result	2026-10-07T14:22:55.4881417Z 2 test                     success
Pipeline summary	Print every stage result	2026-10-07T14:22:55.4882606Z 3 sast                     success
Pipeline summary	Print every stage result	2026-10-07T14:22:55.4883837Z 3b codeql                  success
Pipeline summary	Print every stage result	2026-10-07T14:22:55.4885260Z 4 sca                      success
Pipeline summary	Print every stage result	2026-10-07T14:22:55.4886461Z 5 secret-scan              success
Pipeline summary	Print every stage result	2026-10-07T14:22:55.4966448Z 6 docker-build             success
Pipeline summary	Print every stage result	2026-10-07T14:22:55.4967749Z 7 image-scan               success
Pipeline summary	Print every stage result	2026-10-07T14:22:55.4968798Z 8 security-gate            success
Pipeline summary	Print every stage result	2026-10-07T14:22:55.4970038Z 9 push-image               success
Pipeline summary	Print every stage result	2026-10-07T14:22:55.4971110Z 10 deploy                  success
Pipeline summary	Report an all-green pipeline	﻿2026-10-07T14:22:55.5165911Z ##[group]Run echo "every stage passed, the gated image is published"
Pipeline summary	Report an all-green pipeline	2026-10-07T14:22:55.5166869Z [36;1mecho "every stage passed, the gated image is published"[0m
Pipeline summary	Report an all-green pipeline	2026-10-07T14:22:55.5232573Z shell: /usr/bin/bash --noprofile --norc -e -o pipefail {0}
Pipeline summary	Report an all-green pipeline	2026-10-07T14:22:55.5233279Z env:
Pipeline summary	Report an all-green pipeline	2026-10-07T14:22:55.5233715Z   APP_DIR: labs/17-devsecops
Pipeline summary	Report an all-green pipeline	2026-10-07T14:22:55.5234256Z   IMAGE_NAME: claim-check-api
Pipeline summary	Report an all-green pipeline	2026-10-07T14:22:55.5234780Z   TRIVY_VERSION: 0.75.0
Pipeline summary	Report an all-green pipeline	2026-10-07T14:22:55.5235261Z   GITLEAKS_VERSION: 8.30.1
Pipeline summary	Report an all-green pipeline	2026-10-07T14:22:55.5235760Z   PYTHON_VERSION: 3.13
Pipeline summary	Report an all-green pipeline	2026-10-07T14:22:55.5236226Z ##[endgroup]
Pipeline summary	Report an all-green pipeline	2026-10-07T14:22:55.5328755Z every stage passed, the gated image is published
Pipeline summary	Complete job	﻿2026-10-07T14:22:55.5423084Z Cleaning up orphan processes
